{"type":"FeatureCollection", "features": [
{"type":"Feature","geometry":{"type":"Polygon","coordinates":[[[105.66953,18.58433],[105.66787,18.57548],[105.6666,18.57183],[105.66652,18.56858],[105.66574,18.56631],[105.66594,18.56266],[105.66484,18.56007],[105.66301,18.55846],[105.66068,18.55728],[105.66144,18.5564],[105.66282,18.55638],[105.66467,18.55718],[105.66616,18.55722],[105.66957,18.55589],[105.6706,18.55421],[105.67319,18.55428],[105.67337,18.55101],[105.67387,18.54752],[105.6722,18.54541],[105.67053,18.54434],[105.6688,18.54262],[105.66746,18.5419],[105.66553,18.54198],[105.66474,18.54154],[105.66494,18.54008],[105.66442,18.53819],[105.66464,18.53763],[105.66777,18.53587],[105.67065,18.53604],[105.6724,18.53481],[105.67481,18.53404],[105.67487,18.53249],[105.67588,18.52931],[105.67707,18.53012],[105.67709,18.53257],[105.67765,18.53349],[105.67926,18.53367],[105.68086,18.53193],[105.68193,18.53137],[105.6849,18.53132],[105.68495,18.52845],[105.68546,18.52778],[105.68761,18.52713],[105.68821,18.5294],[105.69096,18.52829],[105.69194,18.52749],[105.6981,18.52807],[105.69917,18.52845],[105.69897,18.52964],[105.70584,18.52983],[105.70955,18.53078],[105.71237,18.5335],[105.71489,18.53211],[105.71781,18.53167],[105.71994,18.53183],[105.71999,18.53308],[105.72091,18.53451],[105.72016,18.53746],[105.72018,18.53919],[105.72124,18.54311],[105.72166,18.54583],[105.72117,18.54745],[105.72119,18.54947],[105.71838,18.54953],[105.71783,18.55151],[105.7167,18.55333],[105.71789,18.55548],[105.71917,18.55664],[105.71991,18.55808],[105.71884,18.56072],[105.72069,18.5613],[105.71938,18.5637],[105.72058,18.56477],[105.72052,18.5689],[105.7202,18.57058],[105.72095,18.57268],[105.72124,18.57496],[105.72203,18.57599],[105.72193,18.57694],[105.72235,18.58103],[105.72189,18.5861],[105.71414,18.58644],[105.71293,18.58851],[105.71166,18.58964],[105.71107,18.59101],[105.71001,18.59152],[105.70757,18.59464],[105.70477,18.59341],[105.70173,18.59354],[105.69104,18.5924],[105.69133,18.5931],[105.68873,18.59389],[105.68759,18.5914],[105.68725,18.58986],[105.68463,18.58494],[105.6825,18.58179],[105.6809,18.57992],[105.67943,18.57967],[105.67729,18.5801],[105.67258,18.58283],[105.66953,18.58433]]]},"properties":{"a01_tinh":"diaphanhanhchinhcaptinh_sn.53","a02_xa":"diaphanhanhchinhcapxa_2025.2010","a03_ten":"Phường Bắc Hồng Lĩnh","a04_tentinh":"Tỉnh Hà Tĩnh","a05_truocsn":"Phường Bắc Hồng, Phường Đức Thuận, Phường Trung Lương, Xã Xuân Lam","a06_trungtamhc":"Thị ủy Hồng Lĩnh","a07_dt":"35.31","a08_ds":"28729","a09_dthoai":null,"a10_web":null,"ten":"Phường Bắc Hồng Lĩnh","ma":"18115","tentinh":"Tỉnh Hà Tĩnh","truocsapnhap":"Phường Bắc Hồng, Phường Đức Thuận, Phường Trung Lương, Xã Xuân Lam","dientichkm2":null,"dansonguoi":null},"id":"diaphanhanhchinhcapxa_2025.2010"},
{"type":"Feature","geometry":{"type":"Polygon","coordinates":[[[105.86035,18.34223],[105.85894,18.34408],[105.85763,18.34378],[105.857,18.34016],[105.85775,18.33938],[105.85699,18.33846],[105.85608,18.33887],[105.85541,18.33722],[105.85641,18.33589],[105.85548,18.33343],[105.85436,18.3319],[105.85103,18.33234],[105.85085,18.32817],[105.85142,18.32647],[105.85049,18.32306],[105.84862,18.32183],[105.84529,18.32035],[105.84342,18.31871],[105.83941,18.31177],[105.83855,18.31109],[105.83489,18.30706],[105.83671,18.30549],[105.83842,18.30543],[105.84005,18.30603],[105.84205,18.30517],[105.84553,18.30521],[105.84645,18.3055],[105.84965,18.30559],[105.85157,18.30701],[105.85419,18.30699],[105.85491,18.3089],[105.85696,18.30891],[105.85689,18.31023],[105.85916,18.31072],[105.85909,18.31196],[105.8609,18.31211],[105.86097,18.31336],[105.86272,18.31337],[105.86466,18.31177],[105.86486,18.31031],[105.86439,18.30955],[105.86551,18.30808],[105.86691,18.30801],[105.86656,18.30632],[105.87123,18.30398],[105.87195,18.30192],[105.8717,18.30132],[105.87517,18.29891],[105.87603,18.29941],[105.87838,18.29944],[105.87884,18.29722],[105.87946,18.29602],[105.87914,18.2945],[105.87687,18.29364],[105.87718,18.29202],[105.87594,18.29193],[105.87384,18.28993],[105.87181,18.28625],[105.87065,18.28623],[105.86907,18.28341],[105.8678,18.28202],[105.8659,18.28295],[105.86407,18.28067],[105.8787,18.27373],[105.87859,18.27495],[105.88056,18.27508],[105.88156,18.27578],[105.88234,18.27735],[105.88475,18.27829],[105.88974,18.27848],[105.89007,18.27917],[105.89159,18.27948],[105.89371,18.27927],[105.8941,18.28024],[105.89706,18.27903],[105.89801,18.28099],[105.90085,18.27983],[105.90124,18.28258],[105.90456,18.28164],[105.90528,18.28115],[105.90516,18.27973],[105.90571,18.27862],[105.9057,18.27643],[105.90791,18.27692],[105.90767,18.2752],[105.90986,18.27455],[105.91096,18.2759],[105.91311,18.27543],[105.91417,18.27588],[105.91533,18.27774],[105.91634,18.28082],[105.91447,18.28208],[105.91448,18.2837],[105.91607,18.28438],[105.91808,18.28591],[105.9198,18.28628],[105.91974,18.28941],[105.91922,18.29142],[105.91731,18.29292],[105.91758,18.29648],[105.91923,18.29868],[105.92134,18.29986],[105.92194,18.30093],[105.92157,18.30194],[105.91607,18.30229],[105.91515,18.30284],[105.91239,18.30583],[105.90997,18.30584],[105.90837,18.30485],[105.90663,18.30248],[105.9056,18.30267],[105.90421,18.30484],[105.90479,18.30808],[105.90577,18.31143],[105.9049,18.31274],[105.90554,18.31567],[105.90728,18.31568],[105.90611,18.32068],[105.90483,18.32149],[105.90487,18.32223],[105.90265,18.32266],[105.90157,18.32334],[105.89807,18.32351],[105.89704,18.32411],[105.89746,18.32516],[105.89244,18.32703],[105.89206,18.32761],[105.88979,18.32828],[105.88832,18.32824],[105.88713,18.32876],[105.88706,18.3297],[105.88548,18.32943],[105.88293,18.32675],[105.88183,18.3279],[105.87684,18.32883],[105.87583,18.32793],[105.87302,18.32687],[105.87153,18.32766],[105.86999,18.3297],[105.86758,18.33011],[105.86831,18.33135],[105.86621,18.33415],[105.86407,18.33543],[105.86409,18.33672],[105.86513,18.33767],[105.86286,18.33848],[105.86148,18.33844],[105.86113,18.34207],[105.86035,18.34223]]]},"properties":{"a01_tinh":"diaphanhanhchinhcaptinh_sn.53","a02_xa":"diaphanhanhchinhcapxa_2025.2012","a03_ten":"Phường Hà Huy Tập","a04_tentinh":"Tỉnh Hà Tĩnh","a05_truocsn":"Xã Tân Lâm Hương, Xã Thạch Đài, Phường Đại Nài","a06_trungtamhc":"UBND xã Tân Lâm Hương","a07_dt":"32.62","a08_ds":"28742","a09_dthoai":null,"a10_web":null,"ten":"Phường Hà Huy Tập","ma":"18652","tentinh":"Tỉnh Hà Tĩnh","truocsapnhap":"Xã Tân Lâm Hương, Xã Thạch Đài, Phường Đại Nài","dientichkm2":null,"dansonguoi":null},"id":"diaphanhanhchinhcapxa_2025.2012"},
{"type":"Feature","geometry":{"type":"Polygon","coordinates":[[[106.37294,18.10574],[106.37057,18.10747],[106.36915,18.10804],[106.36545,18.10816],[106.3639,18.10849],[106.36142,18.10637],[106.36087,18.10529],[106.35613,18.1085],[106.35685,18.11137],[106.35638,18.1126],[106.35216,18.11664],[106.34534,18.12233],[106.33777,18.12844],[106.32996,18.13492],[106.31983,18.14362],[106.31167,18.1511],[106.31026,18.15348],[106.30718,18.15497],[106.30621,18.15584],[106.30315,18.15338],[106.30179,18.15185],[106.30004,18.15073],[106.29855,18.15153],[106.29635,18.15203],[106.29337,18.15204],[106.29128,18.14709],[106.28963,18.14408],[106.28915,18.14262],[106.28799,18.14084],[106.28567,18.13876],[106.28282,18.13875],[106.28172,18.13447],[106.28384,18.13402],[106.28291,18.13063],[106.28556,18.12905],[106.28651,18.12984],[106.28658,18.13187],[106.28793,18.13284],[106.28976,18.13265],[106.29152,18.13189],[106.29341,18.13164],[106.29674,18.132],[106.29985,18.1344],[106.30104,18.13589],[106.3018,18.13585],[106.30569,18.13446],[106.30898,18.13147],[106.31069,18.13115],[106.31213,18.12427],[106.31123,18.12246],[106.30925,18.12132],[106.30713,18.11874],[106.30672,18.11721],[106.30684,18.11426],[106.30561,18.11464],[106.3041,18.11419],[106.30196,18.11218],[106.30106,18.11025],[106.2987,18.10974],[106.29617,18.10999],[106.29581,18.10865],[106.29372,18.10628],[106.2912,18.10535],[106.29637,18.09755],[106.29578,18.0936],[106.29691,18.09422],[106.29957,18.09367],[106.3005,18.09246],[106.30173,18.09196],[106.3021,18.08973],[106.30152,18.08867],[106.30557,18.0862],[106.30781,18.08723],[106.31116,18.08748],[106.31213,18.08828],[106.31312,18.09029],[106.31516,18.09158],[106.31706,18.08936],[106.31708,18.08737],[106.3177,18.08569],[106.31936,18.08561],[106.32467,18.08381],[106.32643,18.08385],[106.32916,18.08575],[106.3307,18.08595],[106.33473,18.08429],[106.33774,18.08284],[106.33669,18.08115],[106.33736,18.07836],[106.34093,18.08012],[106.34261,18.08035],[106.34519,18.08184],[106.34851,18.0829],[106.34877,18.08289],[106.34973,18.08328],[106.35043,18.0862],[106.35182,18.08742],[106.35306,18.08909],[106.35579,18.09068],[106.36008,18.09192],[106.36443,18.09405],[106.3671,18.09384],[106.36851,18.0953],[106.36984,18.09573],[106.37061,18.0956],[106.3719,18.09785],[106.36978,18.10058],[106.36956,18.10412],[106.37294,18.10574]]]},"properties":{"a01_tinh":"diaphanhanhchinhcaptinh_sn.53","a02_xa":"diaphanhanhchinhcapxa_2025.2027","a03_ten":"Phường Hải Ninh","a04_tentinh":"Tỉnh Hà Tĩnh","a05_truocsn":"Phường Kỳ Ninh, Xã Kỳ Hà, Xã Kỳ Hải","a06_trungtamhc":"UBND phường Kỳ Ninh","a07_dt":"39.37","a08_ds":"20399","a09_dthoai":null,"a10_web":null,"ten":"Phường Hải Ninh","ma":"18781","tentinh":"Tỉnh Hà Tĩnh","truocsapnhap":"Phường Kỳ Ninh, Xã Kỳ Hà, Xã Kỳ Hải","dientichkm2":null,"dansonguoi":null},"id":"diaphanhanhchinhcapxa_2025.2027"},
{"type":"Feature","geometry":{"type":"Polygon","coordinates":[[[106.40039,17.9817],[106.40076,17.98041],[106.40261,17.97831],[106.40612,17.97598],[106.40767,17.97399],[106.40995,17.97262],[106.41174,17.97337],[106.41301,17.97344],[106.41727,17.97466],[106.41847,17.97294],[106.4228,17.9695],[106.42492,17.96992],[106.42665,17.97079],[106.43024,17.97106],[106.43225,17.97205],[106.43394,17.97206],[106.43547,17.97284],[106.43883,17.96985],[106.44282,17.96893],[106.44411,17.96893],[106.44399,17.96009],[106.44426,17.95798],[106.44408,17.95574],[106.44471,17.95174],[106.44737,17.95124],[106.45021,17.94955],[106.4549,17.95176],[106.45908,17.9544],[106.46422,17.95543],[106.46494,17.95593],[106.46837,17.95625],[106.47113,17.95616],[106.47568,17.95526],[106.4786,17.95337],[106.48074,17.95363],[106.48129,17.95438],[106.48666,17.95683],[106.48934,17.95779],[106.4915,17.95937],[106.4955,17.96062],[106.49968,17.96069],[106.50347,17.96151],[106.50581,17.96139],[106.50844,17.95997],[106.50912,17.96065],[106.50732,17.96155],[106.50483,17.96376],[106.50184,17.96457],[106.49955,17.96433],[106.49729,17.96484],[106.49461,17.96461],[106.4947,17.96547],[106.4921,17.96944],[106.49171,17.96964],[106.4891,17.97372],[106.48761,17.9752],[106.48593,17.97788],[106.48536,17.97929],[106.48418,17.98079],[106.48221,17.9841],[106.48152,17.98719],[106.48237,17.98879],[106.48192,17.98937],[106.47991,17.98818],[106.47806,17.98947],[106.47522,17.9928],[106.47252,17.99776],[106.47004,17.99764],[106.46779,18.00016],[106.46542,18.00457],[106.46436,18.00464],[106.46408,18.00704],[106.46319,18.00677],[106.46046,18.01024],[106.45866,18.01332],[106.4548,18.02044],[106.45365,18.02313],[106.45282,18.02619],[106.45284,18.02769],[106.45348,18.02821],[106.45262,18.02981],[106.45167,18.02935],[106.44947,18.03003],[106.44503,18.03825],[106.45265,18.04196],[106.45219,18.04437],[106.45099,18.04578],[106.45022,18.04735],[106.4507,18.04897],[106.45005,18.05029],[106.44843,18.05019],[106.44709,18.05154],[106.4456,18.05053],[106.44515,18.05143],[106.44696,18.05229],[106.44917,18.05192],[106.44929,18.0534],[106.45233,18.05484],[106.45153,18.05579],[106.44004,18.05025],[106.43674,18.05657],[106.43953,18.05791],[106.43835,18.06014],[106.43555,18.05879],[106.43338,18.06296],[106.43329,18.06128],[106.43213,18.06071],[106.43085,18.06313],[106.43716,18.06618],[106.43654,18.06741],[106.43451,18.06738],[106.43278,18.06645],[106.43322,18.06567],[106.41388,18.05622],[106.41417,18.05526],[106.41424,18.055],[106.41609,18.05308],[106.41593,18.05194],[106.41656,18.05071],[106.41778,18.05017],[106.41853,18.04906],[106.42103,18.05015],[106.42392,18.04871],[106.42361,18.04715],[106.42609,18.04068],[106.4261,18.0401],[106.42409,18.03905],[106.41983,18.03723],[106.41225,18.03293],[106.41003,18.03273],[106.40922,18.03185],[106.40811,18.03222],[106.40672,18.03113],[106.40776,18.02974],[106.40689,18.02831],[106.40467,18.02859],[106.40372,18.02786],[106.40122,18.02436],[106.39692,18.01929],[106.39613,18.01787],[106.39459,18.01696],[106.39409,18.01547],[106.39452,18.01434],[106.39477,18.01123],[106.39533,18.01106],[106.39529,18.00895],[106.39631,18.00661],[106.39616,18.0059],[106.39647,18.00081],[106.39825,17.99668],[106.39924,17.98478],[106.40039,17.9817]]]},"properties":{"a01_tinh":"diaphanhanhchinhcaptinh_sn.53","a02_xa":"diaphanhanhchinhcapxa_2025.2018","a03_ten":"Phường Hoành Sơn","a04_tentinh":"Tỉnh Hà Tĩnh","a05_truocsn":"Phường Kỳ Nam, Phường Kỳ Phương, Phường Kỳ Liên, Xã Kỳ Lợi","a06_trungtamhc":"UBND phường Kỳ Phương","a07_dt":"70.48","a08_ds":"21004","a09_dthoai":null,"a10_web":null,"ten":"Phường Hoành Sơn","ma":"18832","tentinh":"Tỉnh Hà Tĩnh","truocsapnhap":"Phường Kỳ Nam, Phường Kỳ Phương, Phường Kỳ Liên, Xã Kỳ Lợi","dientichkm2":null,"dansonguoi":null},"id":"diaphanhanhchinhcapxa_2025.2018"},
{"type":"Feature","geometry":{"type":"Polygon","coordinates":[[[105.76347,18.55217],[105.76243,18.55229],[105.75921,18.55384],[105.75613,18.55348],[105.75412,18.55248],[105.75281,18.55352],[105.75249,18.55605],[105.7514,18.55621],[105.74877,18.55538],[105.74881,18.55288],[105.74565,18.55402],[105.74389,18.55342],[105.74387,18.55199],[105.74253,18.55109],[105.73993,18.55129],[105.73657,18.54776],[105.73499,18.5474],[105.73368,18.54809],[105.73114,18.5482],[105.73034,18.54693],[105.73023,18.54501],[105.7289,18.54526],[105.72611,18.54485],[105.72374,18.54627],[105.72266,18.54646],[105.72166,18.54583],[105.72124,18.54311],[105.72018,18.53919],[105.72016,18.53746],[105.72091,18.53451],[105.71999,18.53308],[105.71994,18.53183],[105.71781,18.53167],[105.71489,18.53211],[105.71237,18.5335],[105.70955,18.53078],[105.70584,18.52983],[105.69897,18.52964],[105.69917,18.52845],[105.6981,18.52807],[105.69194,18.52749],[105.69096,18.52829],[105.68821,18.5294],[105.68761,18.52713],[105.68735,18.52387],[105.67984,18.52301],[105.67925,18.52175],[105.6787,18.51749],[105.67786,18.51616],[105.67688,18.51613],[105.67679,18.51381],[105.67672,18.51214],[105.67999,18.51163],[105.67954,18.50886],[105.67869,18.50745],[105.67933,18.50627],[105.68225,18.50559],[105.6821,18.50395],[105.68139,18.50333],[105.68233,18.50196],[105.68059,18.49612],[105.68101,18.49543],[105.68316,18.4963],[105.68467,18.49626],[105.68633,18.49694],[105.68655,18.49818],[105.68807,18.49796],[105.69026,18.49702],[105.69364,18.48912],[105.69794,18.4875],[105.70023,18.48788],[105.70611,18.49646],[105.70736,18.49657],[105.70949,18.49389],[105.71022,18.49247],[105.71189,18.49111],[105.7143,18.4909],[105.71602,18.4924],[105.71717,18.49276],[105.71935,18.49205],[105.72087,18.49097],[105.72361,18.49191],[105.72507,18.49153],[105.72688,18.48982],[105.73049,18.49151],[105.73169,18.49149],[105.73259,18.49263],[105.73203,18.49565],[105.73311,18.49618],[105.73604,18.49421],[105.73708,18.49409],[105.73839,18.49483],[105.74245,18.49869],[105.74336,18.50165],[105.74502,18.50464],[105.74688,18.50706],[105.74852,18.51236],[105.74816,18.51381],[105.74853,18.51738],[105.74831,18.52017],[105.74927,18.52431],[105.74687,18.52954],[105.74823,18.53267],[105.75096,18.53806],[105.75265,18.54001],[105.7543,18.54065],[105.75471,18.54216],[105.75903,18.54509],[105.7653,18.5469],[105.76597,18.55015],[105.76535,18.55102],[105.76347,18.55217]]]},"properties":{"a01_tinh":"diaphanhanhchinhcaptinh_sn.53","a02_xa":"diaphanhanhchinhcapxa_2025.2007","a03_ten":"Phường Nam Hồng Lĩnh","a04_tentinh":"Tỉnh Hà Tĩnh","a05_truocsn":"Phường Nam Hồng, Phường Đậu Liêu, Xã Thuận Lộc","a06_trungtamhc":"UBND phường Nam Hồng","a07_dt":"36.47","a08_ds":"22309","a09_dthoai":null,"a10_web":null,"ten":"Phường Nam Hồng Lĩnh","ma":"18118","tentinh":"Tỉnh Hà Tĩnh","truocsapnhap":"Phường Nam Hồng, Phường Đậu Liêu, Xã Thuận Lộc","dientichkm2":null,"dansonguoi":null},"id":"diaphanhanhchinhcapxa_2025.2007"},
{"type":"Feature","geometry":{"type":"Polygon","coordinates":[[[106.36984,18.09573],[106.36851,18.0953],[106.3671,18.09384],[106.36443,18.09405],[106.36008,18.09192],[106.35579,18.09068],[106.35306,18.08909],[106.35182,18.08742],[106.35043,18.0862],[106.34973,18.08328],[106.34877,18.08289],[106.34851,18.0829],[106.34519,18.08184],[106.34261,18.08035],[106.34093,18.08012],[106.33736,18.07836],[106.33669,18.08115],[106.33774,18.08284],[106.33473,18.08429],[106.3307,18.08595],[106.32916,18.08575],[106.32643,18.08385],[106.32467,18.08381],[106.31936,18.08561],[106.3177,18.08569],[106.31708,18.08737],[106.31706,18.08936],[106.31516,18.09158],[106.31312,18.09029],[106.31213,18.08828],[106.31116,18.08748],[106.30781,18.08723],[106.30557,18.0862],[106.30152,18.08867],[106.3021,18.08973],[106.30173,18.09196],[106.3005,18.09246],[106.29957,18.09367],[106.29691,18.09422],[106.29578,18.0936],[106.2941,18.09337],[106.2922,18.09205],[106.29129,18.09013],[106.28865,18.08861],[106.28727,18.08742],[106.28604,18.08761],[106.28551,18.08472],[106.28714,18.08268],[106.28595,18.08095],[106.28695,18.08058],[106.28677,18.07928],[106.28413,18.07857],[106.28436,18.07567],[106.2828,18.07566],[106.2825,18.07453],[106.28563,18.07416],[106.28665,18.07333],[106.28759,18.07424],[106.2884,18.0733],[106.28743,18.0727],[106.29028,18.07088],[106.28968,18.06963],[106.29145,18.06671],[106.29204,18.06416],[106.29197,18.06209],[106.29078,18.0609],[106.28781,18.05868],[106.28907,18.05758],[106.28959,18.05635],[106.28951,18.05072],[106.28731,18.04834],[106.28693,18.04639],[106.28715,18.04372],[106.28561,18.04163],[106.28536,18.03989],[106.28739,18.03511],[106.28794,18.03289],[106.28751,18.03121],[106.28861,18.03061],[106.29002,18.03083],[106.29036,18.03206],[106.29227,18.03157],[106.2927,18.02926],[106.29652,18.02673],[106.29544,18.02423],[106.29665,18.02324],[106.29563,18.02266],[106.29557,18.01794],[106.29696,18.01792],[106.29727,18.01698],[106.29931,18.01583],[106.29823,18.01042],[106.29763,18.0066],[106.2953,17.999],[106.29505,17.99703],[106.2953,17.99578],[106.29917,17.99794],[106.30022,17.99832],[106.30331,17.99845],[106.30882,17.9968],[106.31063,17.9968],[106.31391,17.99793],[106.31987,17.99888],[106.32148,17.99862],[106.32699,17.99583],[106.32967,17.99499],[106.33326,17.99277],[106.33606,17.99156],[106.33789,17.99111],[106.34179,17.99165],[106.34244,17.99531],[106.34399,17.999],[106.34429,18.00031],[106.34751,18.00637],[106.34878,18.00943],[106.34909,18.01116],[106.35072,18.01313],[106.34997,18.01387],[106.35115,18.01554],[106.35092,18.0171],[106.35264,18.01807],[106.35335,18.02063],[106.35404,18.02438],[106.35406,18.0265],[106.35465,18.02783],[106.35514,18.03364],[106.3557,18.03534],[106.35505,18.03654],[106.35646,18.03794],[106.35729,18.0401],[106.35623,18.04074],[106.35487,18.04333],[106.35675,18.04964],[106.36098,18.06021],[106.36206,18.06228],[106.36398,18.06464],[106.36623,18.06644],[106.36684,18.06793],[106.36657,18.06884],[106.36431,18.07142],[106.36474,18.07302],[106.36728,18.07486],[106.36647,18.07924],[106.37041,18.08282],[106.37376,18.08686],[106.37537,18.08992],[106.37061,18.0956],[106.36984,18.09573]]]},"properties":{"a01_tinh":"diaphanhanhchinhcaptinh_sn.53","a02_xa":"diaphanhanhchinhcapxa_2025.2016","a03_ten":"Phường Sông Trí","a04_tentinh":"Tỉnh Hà Tĩnh","a05_truocsn":"Phường Hưng Trí, Phường Kỳ Trinh, Xã Kỳ Châu, Xã Kỳ Lợi","a06_trungtamhc":"UBND phường Sông Trí","a07_dt":"69.9","a08_ds":"37314","a09_dthoai":null,"a10_web":null,"ten":"Phường Sông Trí","ma":"18754","tentinh":"Tỉnh Hà Tĩnh","truocsapnhap":"Phường Hưng Trí, Phường Kỳ Trinh, Xã Kỳ Châu, Xã Kỳ Lợi","dientichkm2":null,"dansonguoi":null},"id":"diaphanhanhchinhcapxa_2025.2016"},
{"type":"Feature","geometry":{"type":"Polygon","coordinates":[[[105.93618,18.32784],[105.93516,18.32895],[105.93232,18.32953],[105.931,18.33036],[105.93096,18.33123],[105.93301,18.33228],[105.93392,18.33315],[105.93431,18.33441],[105.93366,18.33521],[105.92855,18.33745],[105.92725,18.33723],[105.92594,18.3352],[105.92521,18.33475],[105.92357,18.3349],[105.92219,18.33618],[105.92145,18.33772],[105.91957,18.34049],[105.9191,18.34169],[105.91929,18.34307],[105.92075,18.34441],[105.92571,18.3457],[105.92595,18.34655],[105.9246,18.34831],[105.92401,18.35011],[105.92436,18.35338],[105.925,18.35431],[105.92674,18.35448],[105.92888,18.35309],[105.93037,18.35154],[105.93243,18.35078],[105.93611,18.35101],[105.93763,18.35155],[105.93881,18.35313],[105.93855,18.35434],[105.93681,18.35675],[105.93523,18.35821],[105.93386,18.35885],[105.9319,18.3589],[105.93095,18.36016],[105.93225,18.36108],[105.9333,18.36243],[105.93397,18.36475],[105.93509,18.36724],[105.93409,18.36909],[105.93179,18.3707],[105.93054,18.36958],[105.93007,18.36742],[105.92475,18.36679],[105.92488,18.36385],[105.92354,18.36382],[105.92132,18.36471],[105.92021,18.36459],[105.91169,18.36524],[105.91038,18.36386],[105.90571,18.36793],[105.9047,18.3701],[105.90165,18.36984],[105.90163,18.37047],[105.89714,18.36475],[105.89834,18.36039],[105.88987,18.36266],[105.88854,18.35962],[105.88836,18.35641],[105.88798,18.35524],[105.88678,18.35551],[105.88671,18.35412],[105.88566,18.35241],[105.88478,18.35348],[105.88302,18.3513],[105.88183,18.35248],[105.88096,18.35217],[105.87904,18.35253],[105.87742,18.35356],[105.87616,18.35357],[105.87416,18.35654],[105.87516,18.3582],[105.87401,18.35928],[105.87303,18.35812],[105.87005,18.35807],[105.87193,18.35618],[105.87016,18.35511],[105.87028,18.35413],[105.8717,18.35284],[105.87037,18.35182],[105.86868,18.35207],[105.86786,18.35137],[105.86726,18.34964],[105.86752,18.34846],[105.86683,18.34778],[105.86537,18.34785],[105.86412,18.34698],[105.86455,18.34549],[105.86296,18.34336],[105.86149,18.34415],[105.86279,18.34487],[105.86285,18.34573],[105.86107,18.34558],[105.86035,18.34223],[105.86113,18.34207],[105.86148,18.33844],[105.86286,18.33848],[105.86513,18.33767],[105.86409,18.33672],[105.86407,18.33543],[105.86621,18.33415],[105.86831,18.33135],[105.86758,18.33011],[105.86999,18.3297],[105.87153,18.32766],[105.87302,18.32687],[105.87583,18.32793],[105.87684,18.32883],[105.88183,18.3279],[105.88293,18.32675],[105.88548,18.32943],[105.88706,18.3297],[105.88713,18.32876],[105.88832,18.32824],[105.88979,18.32828],[105.89206,18.32761],[105.89244,18.32703],[105.89746,18.32516],[105.89704,18.32411],[105.89807,18.32351],[105.90157,18.32334],[105.90265,18.32266],[105.90487,18.32223],[105.90483,18.32149],[105.90611,18.32068],[105.90728,18.31568],[105.90554,18.31567],[105.9049,18.31274],[105.90577,18.31143],[105.90479,18.30808],[105.90615,18.30947],[105.90761,18.30969],[105.91588,18.30933],[105.91767,18.30976],[105.9188,18.31162],[105.91849,18.31309],[105.9157,18.31559],[105.913,18.31768],[105.91233,18.31873],[105.91283,18.3198],[105.91424,18.3201],[105.92019,18.32005],[105.92232,18.31967],[105.92457,18.31869],[105.92624,18.31707],[105.92774,18.31628],[105.92886,18.31673],[105.92983,18.31972],[105.9312,18.32152],[105.93419,18.32332],[105.93518,18.32437],[105.93614,18.3264],[105.93618,18.32784]]]},"properties":{"a01_tinh":"diaphanhanhchinhcaptinh_sn.53","a02_xa":"diaphanhanhchinhcapxa_2025.2060","a03_ten":"Phường Thành Sen","a04_tentinh":"Tỉnh Hà Tĩnh","a05_truocsn":"Phường Bắc Hà, Phường Thạch Quý, Phường Tân Giang, Phường Thạch Hưng, Phường Nam Hà, Phường Trần Phú, Phường Hà Huy Tập, Phường Văn Yên, Phường Đại Nài","a06_trungtamhc":"UBND thành phố Hà Tĩnh","a07_dt":"28.23","a08_ds":"90983","a09_dthoai":null,"a10_web":null,"ten":"Phường Thành Sen","ma":"18073","tentinh":"Tỉnh Hà Tĩnh","truocsapnhap":"Phường Bắc Hà, Phường Thạch Quý, Phường Tân Giang, Phường Thạch Hưng, Phường Nam Hà, Phường Trần Phú, Phường Hà Huy Tập, Phường Văn Yên, Phường Đại Nài","dientichkm2":null,"dansonguoi":null},"id":"diaphanhanhchinhcapxa_2025.2060"},
{"type":"Feature","geometry":{"type":"Polygon","coordinates":[[[105.91299,18.4109],[105.90943,18.41549],[105.90666,18.41703],[105.90549,18.4164],[105.90491,18.41497],[105.89907,18.41633],[105.89921,18.4168],[105.8963,18.41746],[105.89578,18.4186],[105.89354,18.41693],[105.89187,18.41685],[105.88277,18.4113],[105.88206,18.41011],[105.88007,18.41095],[105.87846,18.40959],[105.87643,18.40911],[105.87387,18.4079],[105.87264,18.40678],[105.87585,18.40496],[105.87786,18.40298],[105.88058,18.39903],[105.88079,18.39838],[105.87925,18.3965],[105.87616,18.39179],[105.87567,18.39008],[105.87487,18.38933],[105.87206,18.38783],[105.87118,18.38644],[105.8706,18.38445],[105.87078,18.38161],[105.87132,18.37995],[105.87292,18.37902],[105.87545,18.37917],[105.87624,18.3776],[105.87296,18.374],[105.86979,18.37308],[105.86857,18.37204],[105.86721,18.37],[105.86537,18.36864],[105.86515,18.36761],[105.86641,18.36602],[105.8686,18.36602],[105.86899,18.36515],[105.86805,18.36427],[105.86772,18.36247],[105.87005,18.35807],[105.87303,18.35812],[105.87401,18.35928],[105.87516,18.3582],[105.87416,18.35654],[105.87616,18.35357],[105.87742,18.35356],[105.87904,18.35253],[105.88096,18.35217],[105.88183,18.35248],[105.88302,18.3513],[105.88478,18.35348],[105.88566,18.35241],[105.88671,18.35412],[105.88678,18.35551],[105.88798,18.35524],[105.88836,18.35641],[105.88854,18.35962],[105.88987,18.36266],[105.89834,18.36039],[105.89714,18.36475],[105.90163,18.37047],[105.90165,18.36984],[105.9047,18.3701],[105.90571,18.36793],[105.91038,18.36386],[105.91169,18.36524],[105.92021,18.36459],[105.92132,18.36471],[105.92354,18.36382],[105.92488,18.36385],[105.92475,18.36679],[105.93007,18.36742],[105.93054,18.36958],[105.93179,18.3707],[105.92979,18.37398],[105.92929,18.37646],[105.92946,18.3781],[105.93043,18.38089],[105.93151,18.38492],[105.93164,18.38831],[105.93078,18.39031],[105.92985,18.39096],[105.92629,18.39228],[105.92375,18.39465],[105.92038,18.39647],[105.91626,18.39698],[105.91391,18.39604],[105.91122,18.39401],[105.90918,18.39351],[105.90777,18.39392],[105.90624,18.39508],[105.90521,18.39636],[105.9027,18.4011],[105.90376,18.40204],[105.90571,18.4048],[105.90743,18.40655],[105.91122,18.40967],[105.91299,18.4109]]]},"properties":{"a01_tinh":"diaphanhanhchinhcaptinh_sn.53","a02_xa":"diaphanhanhchinhcapxa_2025.2059","a03_ten":"Phường Trần Phú","a04_tentinh":"Tỉnh Hà Tĩnh","a05_truocsn":"Phường Thạch Trung, Phường Đồng Môn, Phường Thạch Hạ, Xã Hộ Độ","a06_trungtamhc":"UBND xã Thạch Hạ","a07_dt":"29.5","a08_ds":"38404","a09_dthoai":null,"a10_web":null,"ten":"Phường Trần Phú","ma":"18100","tentinh":"Tỉnh Hà Tĩnh","truocsapnhap":"Phường Thạch Trung, Phường Đồng Môn, Phường Thạch Hạ, Xã Hộ Độ","dientichkm2":null,"dansonguoi":null},"id":"diaphanhanhchinhcapxa_2025.2059"},
{"type":"Feature","geometry":{"type":"MultiPolygon","coordinates":[[[[106.45833,18.10044],[106.46232,18.10113],[106.46428,18.1023],[106.46362,18.10386],[106.46378,18.10558],[106.46328,18.10666],[106.46061,18.10611],[106.46024,18.10529],[106.45856,18.10487],[106.4546,18.10319],[106.45234,18.10107],[106.45235,18.09965],[106.45491,18.09994],[106.45615,18.10041],[106.45833,18.10044]]],[[[106.37061,18.0956],[106.37537,18.08992],[106.37376,18.08686],[106.37041,18.08282],[106.36647,18.07924],[106.36728,18.07486],[106.36474,18.07302],[106.36431,18.07142],[106.36657,18.06884],[106.36684,18.06793],[106.36623,18.06644],[106.36398,18.06464],[106.36206,18.06228],[106.36098,18.06021],[106.35675,18.04964],[106.35487,18.04333],[106.35623,18.04074],[106.35729,18.0401],[106.35646,18.03794],[106.35505,18.03654],[106.3557,18.03534],[106.35514,18.03364],[106.35465,18.02783],[106.35406,18.0265],[106.35404,18.02438],[106.35335,18.02063],[106.35264,18.01807],[106.35092,18.0171],[106.35115,18.01554],[106.34997,18.01387],[106.35072,18.01313],[106.34909,18.01116],[106.34878,18.00943],[106.34751,18.00637],[106.34429,18.00031],[106.34399,17.999],[106.34244,17.99531],[106.34179,17.99165],[106.34648,17.98967],[106.34964,17.98888],[106.3517,17.98907],[106.35535,17.99009],[106.35671,17.99069],[106.36045,17.991],[106.36315,17.99012],[106.36417,17.98876],[106.36553,17.98834],[106.36858,17.98823],[106.3732,17.98652],[106.37535,17.98533],[106.37891,17.98576],[106.38011,17.98628],[106.38148,17.98591],[106.38402,17.98393],[106.38703,17.98244],[106.38898,17.98239],[106.39216,17.98183],[106.39351,17.98195],[106.39616,17.98124],[106.40039,17.9817],[106.39924,17.98478],[106.39825,17.99668],[106.39647,18.00081],[106.39616,18.0059],[106.39631,18.00661],[106.39529,18.00895],[106.39533,18.01106],[106.39477,18.01123],[106.39452,18.01434],[106.39409,18.01547],[106.39459,18.01696],[106.39613,18.01787],[106.39692,18.01929],[106.40122,18.02436],[106.40372,18.02786],[106.40467,18.02859],[106.40689,18.02831],[106.40776,18.02974],[106.40672,18.03113],[106.40811,18.03222],[106.40922,18.03185],[106.41003,18.03273],[106.41225,18.03293],[106.41983,18.03723],[106.42409,18.03905],[106.4261,18.0401],[106.42609,18.04068],[106.42361,18.04715],[106.42392,18.04871],[106.42103,18.05015],[106.41853,18.04906],[106.41778,18.05017],[106.41656,18.05071],[106.41593,18.05194],[106.41609,18.05308],[106.41424,18.055],[106.41417,18.05526],[106.41388,18.05622],[106.43322,18.06567],[106.43278,18.06645],[106.43451,18.06738],[106.43293,18.06991],[106.42902,18.07787],[106.42556,18.08387],[106.42346,18.08671],[106.42112,18.09039],[106.4207,18.09204],[106.42319,18.09512],[106.42352,18.09623],[106.42252,18.09789],[106.42252,18.10004],[106.4209,18.10204],[106.42076,18.10277],[106.42231,18.10424],[106.42243,18.10556],[106.42499,18.1081],[106.42675,18.10916],[106.4283,18.11156],[106.43035,18.11358],[106.4308,18.11539],[106.43334,18.1169],[106.43443,18.11919],[106.43407,18.12014],[106.43514,18.12224],[106.43447,18.12242],[106.43079,18.12147],[106.42999,18.12186],[106.42725,18.12166],[106.42557,18.12118],[106.42253,18.12104],[106.4214,18.122],[106.42179,18.12423],[106.42136,18.12558],[106.42012,18.12574],[106.4175,18.12543],[106.41496,18.12391],[106.41137,18.12106],[106.41022,18.11949],[106.40906,18.11665],[106.40915,18.11436],[106.40869,18.1136],[106.40708,18.11276],[106.40637,18.11298],[106.40553,18.11163],[106.40768,18.11041],[106.40696,18.10809],[106.40868,18.10732],[106.40821,18.10485],[106.40745,18.1037],[106.40702,18.10102],[106.40454,18.09984],[106.39968,18.09872],[106.39463,18.09876],[106.38927,18.09972],[106.38613,18.10068],[106.38063,18.10319],[106.37942,18.1042],[106.38003,18.10639],[106.37868,18.10614],[106.37661,18.10493],[106.37368,18.10526],[106.37294,18.10574],[106.36956,18.10412],[106.36978,18.10058],[106.3719,18.09785],[106.37061,18.0956]]]]},"properties":{"a01_tinh":"diaphanhanhchinhcaptinh_sn.53","a02_xa":"diaphanhanhchinhcapxa_2025.2017","a03_ten":"Phường Vũng Áng","a04_tentinh":"Tỉnh Hà Tĩnh","a05_truocsn":"Phường Kỳ Long, Phường Kỳ Thịnh, Xã Kỳ Lợi","a06_trungtamhc":"UBND phường Kỳ Thịnh","a07_dt":"82.98","a08_ds":"21339","a09_dthoai":null,"a10_web":null,"ten":"Phường Vũng Áng","ma":"18823","tentinh":"Tỉnh Hà Tĩnh","truocsapnhap":"Phường Kỳ Long, Phường Kỳ Thịnh, Xã Kỳ Lợi","dientichkm2":null,"dansonguoi":null},"id":"diaphanhanhchinhcapxa_2025.2017"},
{"type":"Feature","geometry":{"type":"Polygon","coordinates":[[[105.96959,18.31667],[105.96867,18.31604],[105.96439,18.31677],[105.96408,18.31639],[105.96096,18.31642],[105.95829,18.317],[105.9583,18.31802],[105.95713,18.31886],[105.95724,18.32008],[105.95407,18.31955],[105.95224,18.31889],[105.95202,18.31732],[105.94892,18.31579],[105.94766,18.31627],[105.94406,18.31614],[105.94284,18.31679],[105.9434,18.31806],[105.94179,18.31933],[105.94121,18.3205],[105.94202,18.32243],[105.94306,18.32281],[105.94255,18.32457],[105.94321,18.32629],[105.93986,18.32616],[105.93808,18.32726],[105.93618,18.32784],[105.93614,18.3264],[105.93518,18.32437],[105.93419,18.32332],[105.9312,18.32152],[105.92983,18.31972],[105.92886,18.31673],[105.92774,18.31628],[105.92624,18.31707],[105.92457,18.31869],[105.92232,18.31967],[105.92019,18.32005],[105.91424,18.3201],[105.91283,18.3198],[105.91233,18.31873],[105.913,18.31768],[105.9157,18.31559],[105.91849,18.31309],[105.9188,18.31162],[105.91767,18.30976],[105.91588,18.30933],[105.90761,18.30969],[105.90615,18.30947],[105.90479,18.30808],[105.90421,18.30484],[105.9056,18.30267],[105.90663,18.30248],[105.90837,18.30485],[105.90997,18.30584],[105.91239,18.30583],[105.91515,18.30284],[105.91607,18.30229],[105.92157,18.30194],[105.92194,18.30093],[105.92134,18.29986],[105.91923,18.29868],[105.91758,18.29648],[105.91731,18.29292],[105.91922,18.29142],[105.91974,18.28941],[105.9198,18.28628],[105.92012,18.28359],[105.92168,18.27904],[105.92226,18.27843],[105.92465,18.27795],[105.92627,18.2763],[105.92779,18.27413],[105.92836,18.2728],[105.92935,18.26871],[105.93009,18.26709],[105.93142,18.26738],[105.93233,18.27024],[105.93449,18.27046],[105.93577,18.26849],[105.93874,18.26966],[105.9402,18.27212],[105.94344,18.2702],[105.94469,18.26974],[105.94467,18.26873],[105.94385,18.26731],[105.94424,18.26447],[105.94516,18.26474],[105.94512,18.26274],[105.9474,18.26229],[105.94843,18.26085],[105.94936,18.25799],[105.9527,18.25697],[105.95426,18.25731],[105.95436,18.25762],[105.96189,18.2575],[105.96351,18.25766],[105.96243,18.25899],[105.96232,18.26069],[105.96444,18.26136],[105.96508,18.262],[105.96533,18.26359],[105.96473,18.26477],[105.96331,18.26439],[105.96084,18.26566],[105.96001,18.26803],[105.96027,18.27038],[105.95832,18.27197],[105.96303,18.27737],[105.9614,18.27857],[105.96373,18.28012],[105.96155,18.28232],[105.96381,18.28484],[105.96523,18.28418],[105.96675,18.28448],[105.96826,18.28592],[105.96905,18.28772],[105.97015,18.28829],[105.96849,18.28974],[105.96905,18.29037],[105.97098,18.28887],[105.97246,18.29024],[105.97246,18.29128],[105.97446,18.29385],[105.97669,18.29344],[105.97724,18.29236],[105.98309,18.2938],[105.98321,18.29524],[105.98645,18.29979],[105.98435,18.30132],[105.98492,18.30209],[105.9835,18.30327],[105.97913,18.30656],[105.97543,18.31056],[105.97485,18.31009],[105.97249,18.31189],[105.97213,18.31285],[105.97047,18.31442],[105.96959,18.31667]]]},"properties":{"a01_tinh":"diaphanhanhchinhcaptinh_sn.53","a02_xa":"diaphanhanhchinhcapxa_2025.2034","a03_ten":"Xã Cẩm Bình","a04_tentinh":"Tỉnh Hà Tĩnh","a05_truocsn":"Xã Cẩm Vịnh, Xã Thạch Bình, Xã Cẩm Thành, Xã Cẩm Bình","a06_trungtamhc":"UBND xã Cẩm Bình","a07_dt":"33.14","a08_ds":"25305","a09_dthoai":null,"a10_web":null,"ten":"Xã Cẩm Bình","ma":"18685","tentinh":"Tỉnh Hà Tĩnh","truocsapnhap":"Xã Cẩm Vịnh, Xã Thạch Bình, Xã Cẩm Thành, Xã Cẩm Bình","dientichkm2":null,"dansonguoi":null},"id":"diaphanhanhchinhcapxa_2025.2034"},
{"type":"Feature","geometry":{"type":"Polygon","coordinates":[[[105.9198,18.28628],[105.91808,18.28591],[105.91607,18.28438],[105.91448,18.2837],[105.91447,18.28208],[105.91634,18.28082],[105.91533,18.27774],[105.91417,18.27588],[105.91311,18.27543],[105.91397,18.27213],[105.91962,18.26753],[105.9122,18.25972],[105.90873,18.2625],[105.90795,18.26086],[105.90437,18.26059],[105.90185,18.25807],[105.90008,18.25858],[105.89875,18.25615],[105.9005,18.25463],[105.89956,18.25405],[105.89754,18.251],[105.89585,18.25084],[105.89595,18.24929],[105.89494,18.24875],[105.88838,18.2427],[105.88847,18.24119],[105.88982,18.24074],[105.89231,18.23473],[105.89315,18.23385],[105.89306,18.23258],[105.89093,18.2313],[105.89122,18.22651],[105.89012,18.22333],[105.88835,18.2235],[105.88727,18.22283],[105.88618,18.22313],[105.8853,18.22239],[105.88514,18.22118],[105.88237,18.22202],[105.88238,18.2212],[105.88098,18.22045],[105.88053,18.21874],[105.87793,18.21771],[105.87721,18.21373],[105.87757,18.21229],[105.87657,18.21109],[105.87675,18.20845],[105.87584,18.20659],[105.87617,18.20472],[105.87674,18.20439],[105.87674,18.20271],[105.87808,18.20113],[105.87816,18.20038],[105.88057,18.19797],[105.8797,18.19595],[105.88081,18.19453],[105.88034,18.19259],[105.88075,18.19024],[105.88183,18.18932],[105.88215,18.18594],[105.87804,18.18345],[105.87613,18.18322],[105.87416,18.1818],[105.87212,18.18148],[105.87028,18.17912],[105.86824,18.17758],[105.86521,18.17698],[105.86261,18.17561],[105.86011,18.17261],[105.8593,18.1712],[105.86475,18.15515],[105.86384,18.15397],[105.85958,18.15122],[105.85878,18.15042],[105.85584,18.14868],[105.8547,18.14768],[105.85633,18.14315],[105.8558,18.14121],[105.85618,18.14026],[105.85816,18.13947],[105.8584,18.13871],[105.86042,18.13736],[105.86229,18.1383],[105.86362,18.13794],[105.86512,18.1382],[105.86676,18.13621],[105.86778,18.13694],[105.87154,18.13843],[105.87266,18.13974],[105.87497,18.13971],[105.87829,18.1412],[105.87987,18.14147],[105.88096,18.13975],[105.88237,18.13899],[105.88358,18.13667],[105.88699,18.13628],[105.8878,18.13569],[105.89004,18.1331],[105.89035,18.13237],[105.89009,18.13013],[105.89047,18.12893],[105.89184,18.12862],[105.89239,18.12685],[105.89493,18.12461],[105.89918,18.12337],[105.9018,18.12298],[105.90403,18.12177],[105.90425,18.11927],[105.90499,18.11841],[105.90783,18.11816],[105.90949,18.11618],[105.9136,18.11456],[105.91412,18.11202],[105.91725,18.10835],[105.91787,18.1035],[105.9229,18.10132],[105.92431,18.09845],[105.92473,18.09606],[105.9253,18.09472],[105.92927,18.09246],[105.93019,18.09026],[105.93114,18.08944],[105.93232,18.0892],[105.9344,18.08806],[105.93517,18.08632],[105.93522,18.08471],[105.93575,18.08318],[105.93767,18.08218],[105.93897,18.07917],[105.94169,18.0768],[105.94278,18.0753],[105.94508,18.07419],[105.94611,18.07299],[105.94606,18.07156],[105.9469,18.07115],[105.94722,18.06909],[105.95038,18.06598],[105.95045,18.06466],[105.94939,18.06344],[105.94991,18.06266],[105.95001,18.05884],[105.95045,18.05826],[105.95289,18.05758],[105.95529,18.05813],[105.95714,18.05891],[105.95984,18.05895],[105.96236,18.05952],[105.96372,18.05893],[105.96365,18.05703],[105.96797,18.05494],[105.96993,18.05686],[105.97068,18.05815],[105.97223,18.05906],[105.97475,18.06193],[105.97709,18.06309],[105.97931,18.06371],[105.98124,18.06382],[105.98303,18.06437],[105.98626,18.06371],[105.98821,18.0665],[105.98849,18.0676],[105.98853,18.07084],[105.98658,18.07077],[105.98613,18.07255],[105.98375,18.07362],[105.98324,18.07477],[105.98389,18.07651],[105.98505,18.07833],[105.9851,18.07973],[105.98665,18.08017],[105.98853,18.08167],[105.99066,18.08517],[105.99201,18.08665],[105.99456,18.08791],[105.99697,18.0881],[105.99866,18.09052],[106.00062,18.09041],[106.00132,18.09354],[106.00237,18.09677],[106.00446,18.09959],[106.00443,18.10135],[106.00501,18.10276],[106.00464,18.1064],[106.00471,18.10861],[106.00327,18.10942],[106.00255,18.11165],[106.00129,18.11315],[106.00072,18.11537],[105.99953,18.11598],[105.99676,18.11876],[105.99602,18.12023],[105.99461,18.12072],[105.99382,18.12231],[105.9942,18.124],[105.99534,18.12625],[105.9952,18.12823],[105.99406,18.12894],[105.99432,18.13012],[105.99365,18.13206],[105.99381,18.13333],[105.99265,18.13554],[105.99144,18.13697],[105.98998,18.13775],[105.99016,18.14094],[105.98914,18.14152],[105.98582,18.14232],[105.98261,18.14448],[105.982,18.14599],[105.98044,18.14679],[105.97877,18.14864],[105.97851,18.14971],[105.97734,18.15018],[105.97597,18.15277],[105.97407,18.15392],[105.97231,18.15626],[105.97006,18.15757],[105.96894,18.15756],[105.96694,18.15861],[105.96595,18.16003],[105.96409,18.1608],[105.96383,18.16308],[105.96266,18.16351],[105.96386,18.1648],[105.9632,18.16694],[105.96462,18.16665],[105.96545,18.16787],[105.96753,18.16751],[105.96805,18.16933],[105.96921,18.17024],[105.96944,18.17377],[105.96709,18.17538],[105.96582,18.17561],[105.96418,18.17785],[105.96425,18.17858],[105.96286,18.17951],[105.96097,18.18231],[105.96077,18.18323],[105.96158,18.18434],[105.96314,18.18533],[105.96475,18.18572],[105.96634,18.18685],[105.97042,18.18816],[105.97217,18.18914],[105.97123,18.19081],[105.97123,18.19338],[105.9702,18.19579],[105.96643,18.19888],[105.96492,18.20072],[105.96104,18.20304],[105.95939,18.20433],[105.95666,18.20763],[105.95389,18.20788],[105.95279,18.20951],[105.95395,18.2105],[105.95396,18.21468],[105.95308,18.216],[105.95223,18.21627],[105.95188,18.21821],[105.9501,18.22028],[105.95024,18.2216],[105.95149,18.22359],[105.95046,18.22421],[105.95088,18.22617],[105.94988,18.22687],[105.95125,18.22799],[105.9531,18.22874],[105.95391,18.23234],[105.95419,18.23528],[105.95388,18.24016],[105.95515,18.24661],[105.95365,18.24676],[105.95288,18.25319],[105.95426,18.25731],[105.9527,18.25697],[105.94936,18.25799],[105.94843,18.26085],[105.9474,18.26229],[105.94512,18.26274],[105.94516,18.26474],[105.94424,18.26447],[105.94385,18.26731],[105.94467,18.26873],[105.94469,18.26974],[105.94344,18.2702],[105.9402,18.27212],[105.93874,18.26966],[105.93577,18.26849],[105.93449,18.27046],[105.93233,18.27024],[105.93142,18.26738],[105.93009,18.26709],[105.92935,18.26871],[105.92836,18.2728],[105.92779,18.27413],[105.92627,18.2763],[105.92465,18.27795],[105.92226,18.27843],[105.92168,18.27904],[105.92012,18.28359],[105.9198,18.28628]]]},"properties":{"a01_tinh":"diaphanhanhchinhcaptinh_sn.53","a02_xa":"diaphanhanhchinhcapxa_2025.2019","a03_ten":"Xã Cẩm Duệ","a04_tentinh":"Tỉnh Hà Tĩnh","a05_truocsn":"Xã Cẩm Mỹ, Xã Cẩm Thạch, Xã Cẩm Duệ","a06_trungtamhc":"UBND xã Cẩm Mỹ","a07_dt":"193.57","a08_ds":"2387","a09_dthoai":null,"a10_web":null,"ten":"Xã Cẩm Duệ","ma":"18739","tentinh":"Tỉnh Hà Tĩnh","truocsapnhap":"Xã Cẩm Mỹ, Xã Cẩm Thạch, Xã Cẩm Duệ","dientichkm2":null,"dansonguoi":null},"id":"diaphanhanhchinhcapxa_2025.2019"},
{"type":"Feature","geometry":{"type":"Polygon","coordinates":[[[106.08767,18.24799],[106.08471,18.24911],[106.08111,18.24886],[106.07724,18.24715],[106.07514,18.24682],[106.06973,18.24758],[106.0684,18.24657],[106.06781,18.24334],[106.06607,18.24093],[106.06338,18.24062],[106.06104,18.2414],[106.05945,18.24319],[106.05783,18.2436],[106.05625,18.24272],[106.05473,18.24245],[106.05357,18.24328],[106.05146,18.24669],[106.05203,18.2492],[106.05116,18.25057],[106.04883,18.24954],[106.0471,18.25007],[106.04623,18.25169],[106.04437,18.25159],[106.04417,18.24721],[106.04204,18.24688],[106.04029,18.24835],[106.03922,18.2483],[106.0377,18.24705],[106.03673,18.24712],[106.03511,18.24979],[106.03308,18.25166],[106.03307,18.25408],[106.03184,18.25554],[106.03023,18.25565],[106.02783,18.25497],[106.02673,18.25395],[106.02577,18.24989],[106.02617,18.2491],[106.02788,18.24784],[106.0282,18.24672],[106.02662,18.24622],[106.02543,18.24721],[106.02431,18.2495],[106.02239,18.25019],[106.0218,18.24947],[106.02164,18.24762],[106.02095,18.24652],[106.01782,18.24401],[106.0167,18.24454],[106.01479,18.24683],[106.01374,18.24697],[106.01271,18.2456],[106.01435,18.24275],[106.01442,18.24161],[106.01354,18.24082],[106.01177,18.24104],[106.00779,18.24236],[106.00614,18.24136],[106.00674,18.2396],[106.00765,18.23927],[106.00777,18.23732],[106.00689,18.23617],[106.00734,18.23223],[106.00802,18.23103],[106.00676,18.22983],[106.00715,18.22846],[106.00566,18.22715],[106.00443,18.22699],[106.00404,18.22344],[106.00184,18.22053],[106.00053,18.2196],[105.99899,18.21602],[105.994,18.2155],[105.99453,18.21319],[105.99532,18.21126],[105.99695,18.20925],[105.99953,18.20763],[106.00205,18.20516],[106.00209,18.20332],[106.00146,18.20181],[106.00184,18.19947],[106.0034,18.19829],[106.00529,18.19533],[106.00839,18.19267],[106.00905,18.19149],[106.00929,18.18853],[106.01033,18.1866],[106.01221,18.18429],[106.01357,18.18408],[106.01366,18.17942],[106.015,18.17718],[106.01449,18.17621],[106.01386,18.17305],[106.01529,18.1717],[106.01538,18.17015],[106.014,18.16934],[106.01221,18.1667],[106.01073,18.16652],[106.00863,18.16378],[106.00667,18.16049],[106.00691,18.15968],[106.00582,18.15801],[106.0048,18.15516],[106.00468,18.15277],[106.00577,18.14764],[106.00739,18.14482],[106.00722,18.14398],[106.00601,18.14293],[106.00526,18.13952],[106.00397,18.13851],[106.0024,18.13813],[106.00129,18.13917],[105.99981,18.13832],[106.00034,18.13673],[105.99826,18.13704],[105.99597,18.13422],[105.99507,18.13621],[105.99135,18.13901],[105.99016,18.14094],[105.98998,18.13775],[105.99144,18.13697],[105.99265,18.13554],[105.99381,18.13333],[105.99365,18.13206],[105.99432,18.13012],[105.99406,18.12894],[105.9952,18.12823],[105.99534,18.12625],[105.9942,18.124],[105.99382,18.12231],[105.99461,18.12072],[105.99602,18.12023],[105.99676,18.11876],[105.99953,18.11598],[106.00072,18.11537],[106.00129,18.11315],[106.00255,18.11165],[106.00327,18.10942],[106.00471,18.10861],[106.00464,18.1064],[106.00501,18.10276],[106.00443,18.10135],[106.00446,18.09959],[106.00237,18.09677],[106.00132,18.09354],[106.00062,18.09041],[105.99866,18.09052],[105.99697,18.0881],[105.99456,18.08791],[105.99201,18.08665],[105.99066,18.08517],[105.98853,18.08167],[105.98665,18.08017],[105.9851,18.07973],[105.98505,18.07833],[105.98389,18.07651],[105.98324,18.07477],[105.98375,18.07362],[105.98613,18.07255],[105.98658,18.07077],[105.98853,18.07084],[105.98849,18.0676],[105.98821,18.0665],[105.98626,18.06371],[105.98681,18.06162],[105.98968,18.06059],[105.99018,18.05953],[105.99204,18.05844],[105.99319,18.05693],[105.99396,18.05463],[105.99475,18.05378],[105.99464,18.05219],[105.99525,18.05076],[105.99753,18.05026],[105.9996,18.04878],[106.00214,18.04576],[106.00436,18.04469],[106.00737,18.04255],[106.00796,18.04126],[106.01045,18.03873],[106.01178,18.03702],[106.01453,18.03481],[106.0158,18.03436],[106.01687,18.03612],[106.0177,18.04004],[106.01527,18.04168],[106.01461,18.04326],[106.01475,18.0447],[106.01661,18.04549],[106.01737,18.04631],[106.01923,18.04479],[106.02164,18.04525],[106.02209,18.04652],[106.02342,18.04728],[106.02265,18.04822],[106.02404,18.04967],[106.0246,18.05126],[106.02473,18.05314],[106.02571,18.05692],[106.02527,18.05808],[106.02405,18.05884],[106.02228,18.05872],[106.02129,18.06009],[106.02266,18.06351],[106.02478,18.06553],[106.0268,18.06595],[106.02689,18.06735],[106.02878,18.06979],[106.02731,18.07155],[106.0286,18.07234],[106.02857,18.07337],[106.02965,18.07438],[106.03179,18.07384],[106.03294,18.07409],[106.03466,18.0763],[106.03356,18.07759],[106.03401,18.07829],[106.03588,18.07804],[106.03798,18.07888],[106.0377,18.08168],[106.03853,18.08294],[106.03769,18.08384],[106.03813,18.08753],[106.03966,18.0889],[106.04102,18.08924],[106.04331,18.09092],[106.04128,18.09413],[106.04162,18.09861],[106.0414,18.1042],[106.04091,18.10523],[106.03806,18.10707],[106.03787,18.11338],[106.03713,18.11424],[106.03678,18.11616],[106.03812,18.11896],[106.03775,18.11988],[106.03629,18.12097],[106.03663,18.12197],[106.03785,18.12294],[106.03932,18.12298],[106.04044,18.12457],[106.04198,18.12566],[106.04255,18.12671],[106.0413,18.12928],[106.04019,18.13067],[106.03875,18.13168],[106.03789,18.13129],[106.03718,18.13252],[106.03884,18.13362],[106.04103,18.13564],[106.04605,18.13838],[106.04692,18.13986],[106.04687,18.14116],[106.04565,18.14089],[106.04341,18.14365],[106.04101,18.14755],[106.04154,18.14971],[106.04292,18.15094],[106.04264,18.15284],[106.04332,18.15447],[106.04299,18.15576],[106.04178,18.15703],[106.03947,18.16026],[106.03961,18.16129],[106.03826,18.16226],[106.03795,18.16307],[106.03873,18.16467],[106.04035,18.16504],[106.04026,18.16789],[106.04046,18.17037],[106.0425,18.1725],[106.04308,18.17435],[106.04045,18.17837],[106.04009,18.17943],[106.04003,18.18363],[106.04054,18.18451],[106.04394,18.18578],[106.04488,18.18699],[106.04782,18.20079],[106.05135,18.208],[106.05214,18.21437],[106.05965,18.22924],[106.06784,18.22662],[106.06786,18.22488],[106.06875,18.22421],[106.07059,18.2238],[106.07476,18.22386],[106.07465,18.2254],[106.07702,18.22573],[106.07879,18.22458],[106.07986,18.22276],[106.08337,18.22241],[106.0823,18.22422],[106.08383,18.22552],[106.08312,18.22776],[106.08162,18.22738],[106.08074,18.23401],[106.08187,18.23404],[106.08424,18.23557],[106.08198,18.23799],[106.08202,18.24036],[106.08475,18.24151],[106.0874,18.24294],[106.08838,18.24415],[106.08767,18.24799]]]},"properties":{"a01_tinh":"diaphanhanhchinhcaptinh_sn.53","a02_xa":"diaphanhanhchinhcapxa_2025.2020","a03_ten":"Xã Cẩm Hưng","a04_tentinh":"Tỉnh Hà Tĩnh","a05_truocsn":"Xã Cẩm Thịnh, Xã Cẩm Hà, Xã Cẩm Hưng","a06_trungtamhc":"UBND xã Cẩm Thịnh","a07_dt":"103.8","a08_ds":"21964","a09_dthoai":null,"a10_web":null,"ten":"Xã Cẩm Hưng","ma":"18736","tentinh":"Tỉnh Hà Tĩnh","truocsapnhap":"Xã Cẩm Thịnh, Xã Cẩm Hà, Xã Cẩm Hưng","dientichkm2":null,"dansonguoi":null},"id":"diaphanhanhchinhcapxa_2025.2020"},
{"type":"Feature","geometry":{"type":"Polygon","coordinates":[[[106.13534,18.13251],[106.14164,18.14625],[106.14287,18.14728],[106.14323,18.14877],[106.14174,18.15182],[106.14038,18.156],[106.14025,18.15823],[106.13944,18.16004],[106.14054,18.16473],[106.13688,18.17412],[106.13757,18.18281],[106.138,18.19018],[106.13456,18.19149],[106.13559,18.19274],[106.1352,18.19372],[106.13334,18.19464],[106.1313,18.19655],[106.12757,18.20488],[106.12368,18.20681],[106.1194,18.20871],[106.11762,18.21004],[106.11644,18.20936],[106.11424,18.20917],[106.11367,18.20872],[106.11053,18.20851],[106.10844,18.20953],[106.10688,18.2092],[106.10557,18.21007],[106.10322,18.21025],[106.10267,18.21114],[106.10104,18.21184],[106.09949,18.21086],[106.09745,18.21187],[106.09526,18.21232],[106.09296,18.21158],[106.09121,18.21061],[106.0904,18.21088],[106.08515,18.20909],[106.08378,18.20966],[106.08252,18.20925],[106.08109,18.21255],[106.08103,18.21375],[106.08207,18.21438],[106.08155,18.21535],[106.08163,18.21685],[106.08424,18.21708],[106.08388,18.2207],[106.08439,18.22191],[106.08337,18.22241],[106.07986,18.22276],[106.07879,18.22458],[106.07702,18.22573],[106.07465,18.2254],[106.07476,18.22386],[106.07059,18.2238],[106.06875,18.22421],[106.06786,18.22488],[106.06784,18.22662],[106.05965,18.22924],[106.05214,18.21437],[106.05135,18.208],[106.04782,18.20079],[106.04488,18.18699],[106.04394,18.18578],[106.04054,18.18451],[106.04003,18.18363],[106.04009,18.17943],[106.04045,18.17837],[106.04308,18.17435],[106.0425,18.1725],[106.04046,18.17037],[106.04026,18.16789],[106.04035,18.16504],[106.03873,18.16467],[106.03795,18.16307],[106.03826,18.16226],[106.03961,18.16129],[106.03947,18.16026],[106.04178,18.15703],[106.04299,18.15576],[106.04332,18.15447],[106.04264,18.15284],[106.04292,18.15094],[106.04154,18.14971],[106.04101,18.14755],[106.04341,18.14365],[106.04565,18.14089],[106.04687,18.14116],[106.04692,18.13986],[106.04605,18.13838],[106.04103,18.13564],[106.03884,18.13362],[106.03718,18.13252],[106.03789,18.13129],[106.03875,18.13168],[106.04019,18.13067],[106.0413,18.12928],[106.04255,18.12671],[106.04198,18.12566],[106.04044,18.12457],[106.03932,18.12298],[106.03785,18.12294],[106.03663,18.12197],[106.03629,18.12097],[106.03775,18.11988],[106.03812,18.11896],[106.03678,18.11616],[106.03713,18.11424],[106.03787,18.11338],[106.03806,18.10707],[106.04091,18.10523],[106.0414,18.1042],[106.04162,18.09861],[106.04128,18.09413],[106.04331,18.09092],[106.04452,18.09129],[106.04631,18.09254],[106.04893,18.09226],[106.05162,18.09022],[106.05437,18.09113],[106.05479,18.09028],[106.05689,18.09241],[106.06322,18.09955],[106.06607,18.09994],[106.07209,18.09859],[106.07404,18.10504],[106.07975,18.11014],[106.08193,18.11395],[106.08215,18.1161],[106.08278,18.11661],[106.08253,18.1181],[106.08425,18.12041],[106.08729,18.12135],[106.0896,18.12179],[106.09176,18.12034],[106.09257,18.12025],[106.09574,18.11886],[106.09837,18.1168],[106.1008,18.11887],[106.10323,18.11866],[106.10601,18.12015],[106.10706,18.12321],[106.10925,18.12433],[106.10994,18.12324],[106.11195,18.12223],[106.1128,18.12026],[106.11474,18.11792],[106.11588,18.11885],[106.11986,18.11907],[106.12226,18.11988],[106.12345,18.11929],[106.1237,18.11832],[106.12497,18.11733],[106.12795,18.11782],[106.13061,18.1186],[106.13345,18.12197],[106.13303,18.12326],[106.13338,18.128],[106.13383,18.1297],[106.13494,18.13051],[106.13534,18.13251]]]},"properties":{"a01_tinh":"diaphanhanhchinhcaptinh_sn.53","a02_xa":"diaphanhanhchinhcapxa_2025.2021","a03_ten":"Xã Cẩm Lạc","a04_tentinh":"Tỉnh Hà Tĩnh","a05_truocsn":"Xã Cẩm Minh, Xã Cẩm Sơn, Xã Cẩm Lạc","a06_trungtamhc":"UBND xã Cẩm Lạc","a07_dt":"115.86","a08_ds":"19399","a09_dthoai":null,"a10_web":null,"ten":"Xã Cẩm Lạc","ma":"18748","tentinh":"Tỉnh Hà Tĩnh","truocsapnhap":"Xã Cẩm Minh, Xã Cẩm Sơn, Xã Cẩm Lạc","dientichkm2":null,"dansonguoi":null},"id":"diaphanhanhchinhcapxa_2025.2021"},
{"type":"Feature","geometry":{"type":"Polygon","coordinates":[[[106.15251,18.26806],[106.15146,18.2682],[106.15068,18.26665],[106.14653,18.26693],[106.14545,18.2675],[106.14331,18.26691],[106.14202,18.26615],[106.13914,18.26592],[106.1367,18.26688],[106.13476,18.2668],[106.13382,18.26761],[106.13172,18.26635],[106.13055,18.26688],[106.12846,18.26714],[106.12691,18.26619],[106.12623,18.26649],[106.12435,18.26574],[106.12302,18.26601],[106.12343,18.26114],[106.12293,18.26056],[106.11828,18.26229],[106.11751,18.26077],[106.1153,18.2598],[106.113,18.25959],[106.11,18.26034],[106.10651,18.25935],[106.10329,18.2595],[106.10104,18.2588],[106.09754,18.2585],[106.09457,18.25955],[106.09375,18.25947],[106.0929,18.25768],[106.09361,18.25462],[106.0939,18.24901],[106.09203,18.24736],[106.091,18.24691],[106.08941,18.24706],[106.08767,18.24799],[106.08838,18.24415],[106.0874,18.24294],[106.08475,18.24151],[106.08202,18.24036],[106.08198,18.23799],[106.08424,18.23557],[106.08187,18.23404],[106.08074,18.23401],[106.08162,18.22738],[106.08312,18.22776],[106.08383,18.22552],[106.0823,18.22422],[106.08337,18.22241],[106.08439,18.22191],[106.08388,18.2207],[106.08424,18.21708],[106.08163,18.21685],[106.08155,18.21535],[106.08207,18.21438],[106.08103,18.21375],[106.08109,18.21255],[106.08252,18.20925],[106.08378,18.20966],[106.08515,18.20909],[106.0904,18.21088],[106.09121,18.21061],[106.09296,18.21158],[106.09526,18.21232],[106.09745,18.21187],[106.09949,18.21086],[106.10104,18.21184],[106.10267,18.21114],[106.10322,18.21025],[106.10557,18.21007],[106.10688,18.2092],[106.10844,18.20953],[106.11053,18.20851],[106.11367,18.20872],[106.11424,18.20917],[106.11644,18.20936],[106.11762,18.21004],[106.1194,18.20871],[106.12368,18.20681],[106.12757,18.20488],[106.12581,18.20675],[106.12542,18.20853],[106.12562,18.20971],[106.12689,18.21131],[106.1278,18.21167],[106.12763,18.2145],[106.12982,18.21645],[106.13305,18.21814],[106.13123,18.21947],[106.13093,18.22128],[106.12929,18.22296],[106.12684,18.22409],[106.12597,18.22705],[106.12624,18.2297],[106.12998,18.23273],[106.13165,18.23541],[106.13307,18.23644],[106.13837,18.23769],[106.14047,18.23909],[106.14146,18.24163],[106.14453,18.24273],[106.14563,18.24359],[106.14641,18.24516],[106.14575,18.24791],[106.14641,18.25383],[106.14694,18.25487],[106.15219,18.25742],[106.15169,18.25823],[106.15166,18.26246],[106.15251,18.26806]]]},"properties":{"a01_tinh":"diaphanhanhchinhcaptinh_sn.53","a02_xa":"diaphanhanhchinhcapxa_2025.2030","a03_ten":"Xã Cẩm Trung","a04_tentinh":"Tỉnh Hà Tĩnh","a05_truocsn":"Xã Cẩm Lĩnh, Xã Cẩm Lộc, Xã Cẩm Trung","a06_trungtamhc":"UBND xã Cẩm Trung","a07_dt":"32.72","a08_ds":"19466","a09_dthoai":null,"a10_web":null,"ten":"Xã Cẩm Trung","ma":"18742","tentinh":"Tỉnh Hà Tĩnh","truocsapnhap":"Xã Cẩm Lĩnh, Xã Cẩm Lộc, Xã Cẩm Trung","dientichkm2":null,"dansonguoi":null},"id":"diaphanhanhchinhcapxa_2025.2030"},
{"type":"Feature","geometry":{"type":"Polygon","coordinates":[[[106.01455,18.28851],[106.01223,18.28661],[106.01059,18.28806],[106.00764,18.28831],[106.00755,18.28955],[106.00665,18.29088],[106.00416,18.29286],[106.00337,18.29208],[106.00184,18.29309],[106.00095,18.29274],[105.99822,18.29502],[105.99621,18.29324],[105.99214,18.29608],[105.98645,18.29979],[105.98321,18.29524],[105.98309,18.2938],[105.97724,18.29236],[105.97669,18.29344],[105.97446,18.29385],[105.97246,18.29128],[105.97246,18.29024],[105.97098,18.28887],[105.96905,18.29037],[105.96849,18.28974],[105.97015,18.28829],[105.96905,18.28772],[105.96826,18.28592],[105.96675,18.28448],[105.96523,18.28418],[105.96381,18.28484],[105.96155,18.28232],[105.96373,18.28012],[105.9614,18.27857],[105.96303,18.27737],[105.95832,18.27197],[105.96027,18.27038],[105.96001,18.26803],[105.96084,18.26566],[105.96331,18.26439],[105.96473,18.26477],[105.96533,18.26359],[105.96508,18.262],[105.96444,18.26136],[105.96232,18.26069],[105.96243,18.25899],[105.96351,18.25766],[105.96189,18.2575],[105.95436,18.25762],[105.95426,18.25731],[105.95288,18.25319],[105.95365,18.24676],[105.95515,18.24661],[105.95388,18.24016],[105.95419,18.23528],[105.95391,18.23234],[105.9531,18.22874],[105.95125,18.22799],[105.94988,18.22687],[105.95088,18.22617],[105.95046,18.22421],[105.95149,18.22359],[105.95024,18.2216],[105.9501,18.22028],[105.95188,18.21821],[105.95223,18.21627],[105.95308,18.216],[105.95396,18.21468],[105.95395,18.2105],[105.95279,18.20951],[105.95389,18.20788],[105.95666,18.20763],[105.95939,18.20433],[105.96104,18.20304],[105.96492,18.20072],[105.96643,18.19888],[105.9702,18.19579],[105.97123,18.19338],[105.97123,18.19081],[105.97217,18.18914],[105.97042,18.18816],[105.96634,18.18685],[105.96475,18.18572],[105.96314,18.18533],[105.96158,18.18434],[105.96077,18.18323],[105.96097,18.18231],[105.96286,18.17951],[105.96425,18.17858],[105.96418,18.17785],[105.96582,18.17561],[105.96709,18.17538],[105.96944,18.17377],[105.96921,18.17024],[105.96805,18.16933],[105.96753,18.16751],[105.96545,18.16787],[105.96462,18.16665],[105.9632,18.16694],[105.96386,18.1648],[105.96266,18.16351],[105.96383,18.16308],[105.96409,18.1608],[105.96595,18.16003],[105.96694,18.15861],[105.96894,18.15756],[105.97006,18.15757],[105.97231,18.15626],[105.97407,18.15392],[105.97597,18.15277],[105.97734,18.15018],[105.97851,18.14971],[105.97877,18.14864],[105.98044,18.14679],[105.982,18.14599],[105.98261,18.14448],[105.98582,18.14232],[105.98914,18.14152],[105.99016,18.14094],[105.99135,18.13901],[105.99507,18.13621],[105.99597,18.13422],[105.99826,18.13704],[106.00034,18.13673],[105.99981,18.13832],[106.00129,18.13917],[106.0024,18.13813],[106.00397,18.13851],[106.00526,18.13952],[106.00601,18.14293],[106.00722,18.14398],[106.00739,18.14482],[106.00577,18.14764],[106.00468,18.15277],[106.0048,18.15516],[106.00582,18.15801],[106.00691,18.15968],[106.00667,18.16049],[106.00863,18.16378],[106.01073,18.16652],[106.01221,18.1667],[106.014,18.16934],[106.01538,18.17015],[106.01529,18.1717],[106.01386,18.17305],[106.01449,18.17621],[106.015,18.17718],[106.01366,18.17942],[106.01357,18.18408],[106.01221,18.18429],[106.01033,18.1866],[106.00929,18.18853],[106.00905,18.19149],[106.00839,18.19267],[106.00529,18.19533],[106.0034,18.19829],[106.00184,18.19947],[106.00146,18.20181],[106.00209,18.20332],[106.00205,18.20516],[105.99953,18.20763],[105.99695,18.20925],[105.99532,18.21126],[105.99453,18.21319],[105.994,18.2155],[105.99899,18.21602],[106.00053,18.2196],[106.00184,18.22053],[106.00404,18.22344],[106.00443,18.22699],[106.00566,18.22715],[106.00715,18.22846],[106.00676,18.22983],[106.00802,18.23103],[106.00734,18.23223],[106.00689,18.23617],[106.00777,18.23732],[106.00765,18.23927],[106.00674,18.2396],[106.00614,18.24136],[106.00779,18.24236],[106.01177,18.24104],[106.01354,18.24082],[106.01442,18.24161],[106.01435,18.24275],[106.01271,18.2456],[106.01374,18.24697],[106.01479,18.24683],[106.01529,18.24756],[106.016,18.2504],[106.01509,18.25175],[106.01433,18.25722],[106.01368,18.25906],[106.0147,18.25994],[106.0144,18.26234],[106.01584,18.26275],[106.01509,18.26715],[106.01348,18.26841],[106.01327,18.26929],[106.01182,18.2702],[106.01086,18.26967],[106.00945,18.27013],[106.00975,18.27114],[106.00849,18.2724],[106.00958,18.27497],[106.01096,18.27489],[106.01277,18.27563],[106.01664,18.27871],[106.01588,18.2799],[106.01827,18.28186],[106.01675,18.28336],[106.01775,18.28444],[106.01455,18.28851]]]},"properties":{"a01_tinh":"diaphanhanhchinhcaptinh_sn.53","a02_xa":"diaphanhanhchinhcapxa_2025.2029","a03_ten":"Xã Cẩm Xuyên","a04_tentinh":"Tỉnh Hà Tĩnh","a05_truocsn":"Thị trấn Cẩm Xuyên, Xã Cẩm Quang, Xã Cẩm Quan","a06_trungtamhc":"UBND huyện Cẩm Xuyên","a07_dt":"82.98","a08_ds":"33977","a09_dthoai":null,"a10_web":null,"ten":"Xã Cẩm Xuyên","ma":"18673","tentinh":"Tỉnh Hà Tĩnh","truocsapnhap":"Thị trấn Cẩm Xuyên, Xã Cẩm Quang, Xã Cẩm Quan","dientichkm2":null,"dansonguoi":null},"id":"diaphanhanhchinhcapxa_2025.2029"},
{"type":"Feature","geometry":{"type":"Polygon","coordinates":[[[105.79034,18.54648],[105.7859,18.54626],[105.77764,18.55006],[105.77414,18.55106],[105.76965,18.55151],[105.76597,18.55015],[105.7653,18.5469],[105.75903,18.54509],[105.75471,18.54216],[105.7543,18.54065],[105.75265,18.54001],[105.75096,18.53806],[105.74823,18.53267],[105.74687,18.52954],[105.74927,18.52431],[105.74831,18.52017],[105.74853,18.51738],[105.74816,18.51381],[105.74852,18.51236],[105.74688,18.50706],[105.74502,18.50464],[105.74336,18.50165],[105.74245,18.49869],[105.73839,18.49483],[105.73708,18.49409],[105.73604,18.49421],[105.73311,18.49618],[105.73203,18.49565],[105.73259,18.49263],[105.73169,18.49149],[105.73072,18.48927],[105.72961,18.4887],[105.72823,18.48707],[105.72384,18.48499],[105.72387,18.48323],[105.72443,18.48177],[105.72546,18.48097],[105.72593,18.47913],[105.72744,18.47837],[105.72789,18.47699],[105.72973,18.47418],[105.72869,18.47125],[105.72902,18.47],[105.72739,18.46932],[105.72735,18.46657],[105.72595,18.46679],[105.72605,18.4653],[105.72704,18.46515],[105.72484,18.46214],[105.72664,18.46207],[105.72684,18.46306],[105.72826,18.4627],[105.73098,18.46146],[105.73198,18.46033],[105.73237,18.45865],[105.73323,18.45799],[105.73432,18.45819],[105.73732,18.45989],[105.73799,18.45664],[105.74084,18.45767],[105.74391,18.45953],[105.74855,18.45841],[105.7478,18.45709],[105.74926,18.45672],[105.74992,18.45487],[105.752,18.45489],[105.75146,18.45192],[105.75079,18.45012],[105.75038,18.44761],[105.75275,18.44129],[105.753,18.44014],[105.75624,18.43375],[105.75913,18.4352],[105.76087,18.4316],[105.76197,18.43306],[105.7616,18.43452],[105.76996,18.43359],[105.7684,18.43482],[105.76658,18.43937],[105.76828,18.44023],[105.77215,18.44161],[105.77345,18.44061],[105.77302,18.43805],[105.77414,18.4356],[105.77499,18.43711],[105.77687,18.43665],[105.77675,18.43494],[105.7787,18.43339],[105.78126,18.43094],[105.78425,18.42993],[105.78552,18.43094],[105.78745,18.43028],[105.78819,18.42889],[105.78802,18.42595],[105.78922,18.42445],[105.79143,18.42523],[105.79299,18.42458],[105.79771,18.42095],[105.80252,18.41768],[105.80343,18.4173],[105.80461,18.41781],[105.80394,18.4211],[105.80495,18.42233],[105.80822,18.42304],[105.80912,18.42446],[105.8086,18.42635],[105.80775,18.42699],[105.80417,18.42726],[105.8036,18.42821],[105.80573,18.42963],[105.80601,18.43095],[105.8051,18.43268],[105.80505,18.43453],[105.8057,18.43629],[105.80696,18.43756],[105.80658,18.43932],[105.80777,18.44081],[105.80954,18.44102],[105.81196,18.4408],[105.8131,18.44228],[105.81186,18.44429],[105.81009,18.44499],[105.80626,18.4446],[105.8051,18.4452],[105.80349,18.44724],[105.80247,18.4478],[105.80119,18.44698],[105.8005,18.44288],[105.79951,18.44215],[105.79805,18.44218],[105.79695,18.44299],[105.79409,18.44582],[105.79339,18.44717],[105.7935,18.44832],[105.7957,18.45091],[105.7953,18.45192],[105.79425,18.45231],[105.7908,18.45177],[105.79103,18.45321],[105.79276,18.45429],[105.79393,18.45548],[105.79482,18.45851],[105.79351,18.45949],[105.79068,18.458],[105.78883,18.45767],[105.78732,18.45838],[105.78643,18.4596],[105.78577,18.46215],[105.78441,18.46344],[105.78598,18.46435],[105.78748,18.46586],[105.78793,18.46774],[105.7876,18.4698],[105.78776,18.47132],[105.7869,18.4717],[105.7866,18.47313],[105.78375,18.47382],[105.78337,18.47739],[105.78193,18.47798],[105.78332,18.47936],[105.78352,18.48109],[105.78514,18.48171],[105.78524,18.48865],[105.7866,18.48876],[105.78673,18.49608],[105.7883,18.49757],[105.78866,18.49872],[105.7901,18.49939],[105.78957,18.50039],[105.78991,18.50438],[105.7865,18.50662],[105.78778,18.50718],[105.78758,18.5103],[105.78837,18.51294],[105.78825,18.51409],[105.78729,18.51553],[105.78497,18.52052],[105.78326,18.52249],[105.78473,18.52758],[105.78557,18.52761],[105.78853,18.53001],[105.79032,18.53333],[105.79091,18.5355],[105.79174,18.53643],[105.78932,18.53823],[105.78929,18.53981],[105.78994,18.54239],[105.78997,18.54478],[105.79034,18.54648]]]},"properties":{"a01_tinh":"diaphanhanhchinhcaptinh_sn.53","a02_xa":"diaphanhanhchinhcapxa_2025.2001","a03_ten":"Xã Can Lộc","a04_tentinh":"Tỉnh Hà Tĩnh","a05_truocsn":"Thị trấn Nghèn, Xã Thiên Lộc, Xã Vượng Lộc","a06_trungtamhc":"UBND huyện Can Lộc","a07_dt":"65.7","a08_ds":"41153","a09_dthoai":null,"a10_web":null,"ten":"Xã Can Lộc","ma":"18406","tentinh":"Tỉnh Hà Tĩnh","truocsapnhap":"Thị trấn Nghèn, Xã Thiên Lộc, Xã Vượng Lộc","dientichkm2":null,"dansonguoi":null},"id":"diaphanhanhchinhcapxa_2025.2001"},
{"type":"Feature","geometry":{"type":"Polygon","coordinates":[[[105.86593,18.52825],[105.86552,18.53114],[105.86448,18.53345],[105.85996,18.54041],[105.85214,18.55266],[105.84679,18.56166],[105.84208,18.56992],[105.83721,18.57865],[105.83079,18.59089],[105.83005,18.59261],[105.82438,18.60359],[105.82133,18.61006],[105.81629,18.62129],[105.81318,18.62875],[105.80659,18.6256],[105.80383,18.62401],[105.8001,18.62254],[105.79959,18.62156],[105.79816,18.62107],[105.7983,18.61881],[105.79436,18.61759],[105.79343,18.61843],[105.79091,18.61749],[105.79274,18.61229],[105.78952,18.61029],[105.79041,18.60731],[105.7887,18.60563],[105.78778,18.60562],[105.78383,18.61022],[105.78205,18.61182],[105.77986,18.60506],[105.77903,18.60518],[105.77746,18.60394],[105.77504,18.60351],[105.76834,18.60188],[105.76967,18.60046],[105.76901,18.59829],[105.76567,18.59361],[105.76407,18.59075],[105.7626,18.5907],[105.76166,18.58736],[105.76218,18.58559],[105.76148,18.58434],[105.76079,18.58069],[105.76175,18.577],[105.76196,18.5751],[105.76082,18.57155],[105.76211,18.57041],[105.76223,18.56862],[105.76311,18.56489],[105.76289,18.56278],[105.76361,18.55861],[105.76335,18.55447],[105.76347,18.55217],[105.76535,18.55102],[105.76597,18.55015],[105.76965,18.55151],[105.77414,18.55106],[105.77764,18.55006],[105.7859,18.54626],[105.79034,18.54648],[105.80801,18.54733],[105.81269,18.54331],[105.81489,18.54174],[105.82582,18.54563],[105.82901,18.54466],[105.83168,18.54455],[105.83381,18.54411],[105.83549,18.54515],[105.83805,18.54565],[105.84032,18.545],[105.84117,18.54057],[105.84195,18.5385],[105.8425,18.5335],[105.84415,18.53146],[105.84822,18.52757],[105.85277,18.52485],[105.85541,18.52436],[105.85695,18.52344],[105.85836,18.52381],[105.8599,18.52339],[105.86134,18.52512],[105.86402,18.52728],[105.86593,18.52825]]]},"properties":{"a01_tinh":"diaphanhanhchinhcaptinh_sn.53","a02_xa":"diaphanhanhchinhcapxa_2025.2008","a03_ten":"Xã Cổ Đạm","a04_tentinh":"Tỉnh Hà Tĩnh","a05_truocsn":"Xã Cương Gián, Xã Xuân Liên, Xã Cổ Đạm","a06_trungtamhc":"UBND xã Xuân Liên","a07_dt":"62.67","a08_ds":"34635","a09_dthoai":null,"a10_web":null,"ten":"Xã Cổ Đạm","ma":"18394","tentinh":"Tỉnh Hà Tĩnh","truocsapnhap":"Xã Cương Gián, Xã Xuân Liên, Xã Cổ Đạm","dientichkm2":null,"dansonguoi":null},"id":"diaphanhanhchinhcapxa_2025.2008"},
{"type":"Feature","geometry":{"type":"Polygon","coordinates":[[[105.79886,18.67004],[105.7967,18.67807],[105.79468,18.68681],[105.79287,18.69527],[105.79195,18.70095],[105.78912,18.71471],[105.78556,18.73026],[105.78415,18.73615],[105.78195,18.74327],[105.7813,18.74598],[105.77775,18.75649],[105.77623,18.75995],[105.77376,18.76365],[105.77272,18.76399],[105.77101,18.76582],[105.76966,18.76626],[105.76764,18.76428],[105.77094,18.76469],[105.77312,18.76234],[105.7741,18.76184],[105.77378,18.75868],[105.77514,18.75752],[105.77275,18.75704],[105.77049,18.75787],[105.77284,18.75983],[105.76695,18.75895],[105.76391,18.75913],[105.76177,18.75851],[105.75883,18.76043],[105.75185,18.75619],[105.74935,18.75505],[105.74646,18.75269],[105.7433,18.74901],[105.74237,18.74655],[105.74165,18.74378],[105.742,18.74049],[105.74301,18.73717],[105.74441,18.73439],[105.74849,18.72725],[105.75185,18.71947],[105.75378,18.71533],[105.75549,18.71048],[105.75667,18.7051],[105.75745,18.70298],[105.7598,18.69888],[105.76433,18.69251],[105.76619,18.68939],[105.76794,18.68497],[105.76856,18.68063],[105.76817,18.67747],[105.7674,18.67609],[105.7648,18.67326],[105.77043,18.67014],[105.77415,18.67036],[105.77507,18.6687],[105.78063,18.66895],[105.78292,18.66968],[105.79152,18.66915],[105.79408,18.66911],[105.79629,18.6698],[105.79886,18.67004]]]},"properties":{"a01_tinh":"diaphanhanhchinhcaptinh_sn.53","a02_xa":"diaphanhanhchinhcapxa_2025.1992","a03_ten":"Xã Đan Hải","a04_tentinh":"Tỉnh Hà Tĩnh","a05_truocsn":"Xã Đan Trường, Xã Xuân Hải, Xã Xuân Hội, Xã Xuân Phổ","a06_trungtamhc":"UBND xã Xuân Phổ","a07_dt":"37.77","a08_ds":"28212","a09_dthoai":null,"a10_web":null,"ten":"Xã Đan Hải","ma":"18364","tentinh":"Tỉnh Hà Tĩnh","truocsapnhap":"Xã Đan Trường, Xã Xuân Hải, Xã Xuân Hội, Xã Xuân Phổ","dientichkm2":null,"dansonguoi":null},"id":"diaphanhanhchinhcapxa_2025.1992"},
{"type":"Feature","geometry":{"type":"Polygon","coordinates":[[[105.848,18.46207],[105.84644,18.46422],[105.84491,18.46491],[105.84312,18.4652],[105.84232,18.46433],[105.84056,18.46415],[105.84028,18.46334],[105.83886,18.46284],[105.83936,18.46102],[105.83809,18.45946],[105.83855,18.45849],[105.83548,18.45853],[105.83154,18.45943],[105.83118,18.46071],[105.82953,18.46138],[105.82903,18.46219],[105.82612,18.46231],[105.82443,18.46129],[105.82254,18.46164],[105.82084,18.45721],[105.82002,18.45696],[105.82054,18.45369],[105.82187,18.4532],[105.82347,18.45202],[105.82583,18.45268],[105.82617,18.45344],[105.82525,18.45441],[105.82615,18.45566],[105.82715,18.45532],[105.82768,18.45371],[105.83035,18.45368],[105.83069,18.45229],[105.82899,18.45066],[105.82944,18.44834],[105.83186,18.44708],[105.83066,18.44539],[105.8291,18.44512],[105.82899,18.44369],[105.83061,18.44195],[105.82982,18.44137],[105.8282,18.44132],[105.82439,18.43795],[105.82361,18.4369],[105.82124,18.43763],[105.8159,18.43815],[105.81002,18.43718],[105.80696,18.43756],[105.8057,18.43629],[105.80505,18.43453],[105.8051,18.43268],[105.80601,18.43095],[105.80573,18.42963],[105.8036,18.42821],[105.80417,18.42726],[105.80775,18.42699],[105.8086,18.42635],[105.80912,18.42446],[105.80822,18.42304],[105.80495,18.42233],[105.80394,18.4211],[105.80461,18.41781],[105.80343,18.4173],[105.80252,18.41768],[105.79771,18.42095],[105.79299,18.42458],[105.79143,18.42523],[105.78922,18.42445],[105.78802,18.42595],[105.78819,18.42889],[105.78745,18.43028],[105.78552,18.43094],[105.78425,18.42993],[105.78375,18.42723],[105.78399,18.42575],[105.78535,18.42433],[105.78517,18.42261],[105.7844,18.42128],[105.7834,18.42094],[105.78138,18.42125],[105.77997,18.41997],[105.78114,18.41907],[105.78264,18.41878],[105.78266,18.41663],[105.78212,18.41616],[105.78035,18.41652],[105.77866,18.41563],[105.77721,18.41319],[105.77761,18.41145],[105.77915,18.41084],[105.78022,18.40797],[105.78166,18.40815],[105.78307,18.41076],[105.78477,18.41061],[105.78428,18.40856],[105.78525,18.408],[105.78747,18.40912],[105.78907,18.40875],[105.78941,18.40755],[105.78858,18.40682],[105.78693,18.40652],[105.78633,18.40577],[105.78683,18.40236],[105.78672,18.40062],[105.79014,18.39839],[105.79097,18.39849],[105.79191,18.40033],[105.79453,18.40186],[105.79513,18.40173],[105.79491,18.39833],[105.79596,18.39799],[105.79906,18.39945],[105.80069,18.39953],[105.80069,18.3976],[105.80134,18.39726],[105.80342,18.39815],[105.80423,18.39678],[105.80515,18.3964],[105.80832,18.39766],[105.80884,18.39894],[105.81081,18.39854],[105.81162,18.3968],[105.81397,18.39739],[105.81483,18.39593],[105.81679,18.3966],[105.81737,18.39723],[105.81794,18.39972],[105.81971,18.40524],[105.819,18.40586],[105.82259,18.40771],[105.82405,18.40628],[105.82486,18.40642],[105.82667,18.40566],[105.82864,18.40426],[105.82987,18.40162],[105.83237,18.40162],[105.83303,18.40262],[105.83454,18.40338],[105.83689,18.40338],[105.83686,18.4041],[105.83979,18.40505],[105.84016,18.40735],[105.83892,18.4093],[105.83767,18.40887],[105.83775,18.40714],[105.83475,18.40646],[105.83469,18.40745],[105.83583,18.40914],[105.8349,18.41028],[105.83513,18.41116],[105.83347,18.41224],[105.83431,18.41338],[105.83632,18.41375],[105.837,18.41508],[105.83817,18.41585],[105.83847,18.41755],[105.84193,18.41787],[105.84332,18.41554],[105.84529,18.41513],[105.84687,18.41569],[105.84836,18.41755],[105.84858,18.42121],[105.84784,18.42339],[105.84586,18.4258],[105.844,18.42582],[105.84226,18.42698],[105.84158,18.42821],[105.84191,18.42911],[105.84332,18.43059],[105.84509,18.43176],[105.84734,18.43244],[105.84628,18.43433],[105.84632,18.43659],[105.84728,18.43898],[105.84583,18.44022],[105.84546,18.4412],[105.84573,18.44518],[105.84506,18.44604],[105.84567,18.44742],[105.84884,18.45132],[105.84845,18.45378],[105.84897,18.45521],[105.84842,18.45657],[105.84979,18.45797],[105.84929,18.46124],[105.848,18.46207]]]},"properties":{"a01_tinh":"diaphanhanhchinhcaptinh_sn.53","a02_xa":"diaphanhanhchinhcapxa_2025.1999","a03_ten":"Xã Đông Kinh","a04_tentinh":"Tỉnh Hà Tĩnh","a05_truocsn":"Xã Thạch Kênh, Xã Thạch Liên, Xã Ích Hậu","a06_trungtamhc":"UBND xã Thạch Kênh","a07_dt":"27.57","a08_ds":"20986","a09_dthoai":null,"a10_web":null,"ten":"Xã Đông Kinh","ma":"18586","tentinh":"Tỉnh Hà Tĩnh","truocsapnhap":"Xã Thạch Kênh, Xã Thạch Liên, Xã Ích Hậu","dientichkm2":null,"dansonguoi":null},"id":"diaphanhanhchinhcapxa_2025.1999"},
{"type":"Feature","geometry":{"type":"Polygon","coordinates":[[[105.74824,18.43127],[105.74614,18.43122],[105.74602,18.43063],[105.74338,18.43103],[105.73989,18.43047],[105.73926,18.43195],[105.73762,18.43166],[105.73723,18.43406],[105.72994,18.43148],[105.72996,18.43252],[105.72883,18.43395],[105.72969,18.43493],[105.72902,18.43751],[105.72549,18.43659],[105.72578,18.43559],[105.72361,18.43204],[105.72248,18.43178],[105.72134,18.43078],[105.7192,18.43113],[105.71831,18.42965],[105.71619,18.4296],[105.71486,18.43094],[105.71298,18.43074],[105.71309,18.42765],[105.7111,18.42733],[105.70826,18.42805],[105.70635,18.42792],[105.7036,18.43025],[105.69993,18.42622],[105.70016,18.42518],[105.6987,18.42444],[105.69807,18.42336],[105.69661,18.42218],[105.69385,18.42115],[105.69403,18.41946],[105.69086,18.41692],[105.69083,18.41603],[105.68754,18.41494],[105.6865,18.41539],[105.68434,18.41418],[105.68417,18.40974],[105.68327,18.40913],[105.68083,18.40938],[105.67819,18.40843],[105.67784,18.40696],[105.67581,18.40369],[105.67719,18.40091],[105.67613,18.39895],[105.67371,18.39783],[105.67264,18.39549],[105.67129,18.39525],[105.67231,18.39341],[105.67377,18.39242],[105.67504,18.38995],[105.6746,18.38816],[105.67315,18.3878],[105.67369,18.38454],[105.67247,18.384],[105.67064,18.3809],[105.67003,18.37917],[105.66906,18.3749],[105.66296,18.37114],[105.66764,18.36811],[105.67247,18.36779],[105.67381,18.3675],[105.67549,18.36654],[105.67845,18.36573],[105.68006,18.36377],[105.68311,18.36229],[105.68494,18.36194],[105.68601,18.36128],[105.68788,18.35859],[105.68935,18.35749],[105.69178,18.35656],[105.72173,18.34968],[105.7236,18.34764],[105.72872,18.34421],[105.73049,18.34458],[105.73225,18.34298],[105.73365,18.34121],[105.73349,18.3393],[105.73557,18.33771],[105.7366,18.33755],[105.7373,18.33863],[105.73952,18.33929],[105.74147,18.34111],[105.74246,18.34454],[105.74542,18.34603],[105.74696,18.34623],[105.75001,18.34734],[105.74998,18.34855],[105.75178,18.35048],[105.75208,18.35225],[105.75176,18.35481],[105.75354,18.35665],[105.75827,18.35668],[105.75989,18.35957],[105.7608,18.36057],[105.76152,18.36224],[105.76079,18.36325],[105.7616,18.36505],[105.76178,18.36776],[105.76144,18.36897],[105.76192,18.37039],[105.7611,18.37097],[105.76182,18.3724],[105.76329,18.37264],[105.7615,18.37636],[105.76547,18.37767],[105.76404,18.3785],[105.76355,18.38034],[105.76345,18.38238],[105.76573,18.38147],[105.76613,18.38027],[105.76752,18.38151],[105.7667,18.3824],[105.76497,18.3826],[105.76418,18.38316],[105.76426,18.38484],[105.76497,18.38522],[105.76576,18.38902],[105.7656,18.39311],[105.76407,18.39339],[105.76323,18.39293],[105.76184,18.39463],[105.75945,18.39674],[105.75755,18.39554],[105.75662,18.39585],[105.75501,18.39803],[105.75185,18.39717],[105.75055,18.39734],[105.74806,18.39623],[105.74392,18.39501],[105.74177,18.39295],[105.73956,18.39235],[105.73783,18.39226],[105.73863,18.39575],[105.7409,18.39923],[105.7428,18.40382],[105.74522,18.4062],[105.74621,18.4096],[105.74531,18.41053],[105.74554,18.41163],[105.74736,18.41263],[105.74714,18.41502],[105.74598,18.41579],[105.74661,18.41781],[105.74704,18.42266],[105.74764,18.42268],[105.74814,18.42686],[105.74784,18.42698],[105.74824,18.43127]]]},"properties":{"a01_tinh":"diaphanhanhchinhcaptinh_sn.53","a02_xa":"diaphanhanhchinhcapxa_2025.1997","a03_ten":"Xã Đồng Lộc","a04_tentinh":"Tỉnh Hà Tĩnh","a05_truocsn":"Thị trấn Đồng Lộc, Xã Thượng Lộc, Xã Mỹ Lộc","a06_trungtamhc":"UBND thị trấn Đồng Lộc","a07_dt":"70.55","a08_ds":"27783","a09_dthoai":null,"a10_web":null,"ten":"Xã Đồng Lộc","ma":"18484","tentinh":"Tỉnh Hà Tĩnh","truocsapnhap":"Thị trấn Đồng Lộc, Xã Thượng Lộc, Xã Mỹ Lộc","dientichkm2":null,"dansonguoi":null},"id":"diaphanhanhchinhcapxa_2025.1997"},
{"type":"Feature","geometry":{"type":"Polygon","coordinates":[[[106.02622,18.34517],[106.01739,18.35528],[106.01341,18.35958],[106.00926,18.36467],[106.00477,18.36976],[106.00103,18.37427],[105.9973,18.379],[105.99584,18.37995],[105.99501,18.38155],[105.99326,18.38368],[105.9857,18.37967],[105.98489,18.38037],[105.97461,18.37862],[105.96966,18.37434],[105.96895,18.37236],[105.96946,18.37081],[105.96479,18.36733],[105.96557,18.36645],[105.96246,18.36358],[105.96358,18.36188],[105.9638,18.36028],[105.96461,18.35917],[105.96375,18.35845],[105.96571,18.35626],[105.9651,18.35546],[105.96525,18.35222],[105.96495,18.34984],[105.96557,18.348],[105.96522,18.34655],[105.96706,18.34724],[105.96766,18.34675],[105.96741,18.34504],[105.96817,18.34494],[105.96797,18.34318],[105.96647,18.34338],[105.96578,18.34122],[105.9677,18.34161],[105.96816,18.34101],[105.97019,18.34016],[105.96944,18.33867],[105.96999,18.33724],[105.96963,18.3364],[105.97094,18.33584],[105.97179,18.33178],[105.97262,18.32966],[105.97183,18.32767],[105.97109,18.32442],[105.96804,18.32061],[105.96929,18.31945],[105.96863,18.31869],[105.96959,18.31667],[105.97047,18.31442],[105.97213,18.31285],[105.97249,18.31189],[105.97485,18.31009],[105.97543,18.31056],[105.97913,18.30656],[105.9835,18.30327],[105.98601,18.3064],[105.98771,18.30953],[105.98954,18.31173],[105.9894,18.31298],[105.99124,18.31388],[105.99351,18.31688],[105.99666,18.32042],[105.99618,18.32153],[105.99687,18.32323],[105.99815,18.32213],[106.00159,18.32604],[106.00342,18.32757],[106.00384,18.32681],[106.00681,18.32779],[106.00775,18.32996],[106.00736,18.3306],[106.01005,18.33237],[106.0111,18.33229],[106.01151,18.33366],[106.01457,18.33599],[106.01409,18.33669],[106.01605,18.3395],[106.02172,18.34247],[106.02391,18.34232],[106.02405,18.34385],[106.02622,18.34517]]]},"properties":{"a01_tinh":"diaphanhanhchinhcaptinh_sn.53","a02_xa":"diaphanhanhchinhcapxa_2025.2022","a03_ten":"Xã Đồng Tiến","a04_tentinh":"Tỉnh Hà Tĩnh","a05_truocsn":"Xã Thạch Trị, Xã Thạch Hội, Xã Thạch Văn","a06_trungtamhc":"UBND xã Thạch Trị","a07_dt":"33.57","a08_ds":"18614","a09_dthoai":null,"a10_web":null,"ten":"Xã Đồng Tiến","ma":"18619","tentinh":"Tỉnh Hà Tĩnh","truocsapnhap":"Xã Thạch Trị, Xã Thạch Hội, Xã Thạch Văn","dientichkm2":null,"dansonguoi":null},"id":"diaphanhanhchinhcapxa_2025.2022"},
{"type":"Feature","geometry":{"type":"Polygon","coordinates":[[[105.60027,18.45951],[105.59989,18.46149],[105.59902,18.46234],[105.59855,18.46389],[105.59359,18.46308],[105.59217,18.46608],[105.58816,18.46679],[105.58674,18.4678],[105.58646,18.46675],[105.58496,18.46723],[105.58514,18.46914],[105.58363,18.46946],[105.58266,18.4673],[105.58111,18.46777],[105.58073,18.46943],[105.57956,18.47015],[105.57412,18.47127],[105.57133,18.47345],[105.5704,18.47301],[105.57074,18.47007],[105.57049,18.46855],[105.56677,18.46886],[105.56489,18.46966],[105.56527,18.46648],[105.56312,18.4667],[105.55671,18.4661],[105.55465,18.46313],[105.55182,18.46634],[105.55024,18.46631],[105.54278,18.46929],[105.54287,18.47062],[105.54183,18.47307],[105.5409,18.47134],[105.54048,18.46952],[105.54177,18.46594],[105.54318,18.46541],[105.54355,18.46359],[105.54292,18.46212],[105.54109,18.46049],[105.54113,18.45947],[105.54213,18.458],[105.5411,18.45508],[105.54115,18.45406],[105.54243,18.45244],[105.54265,18.45006],[105.54154,18.44627],[105.54048,18.44413],[105.53938,18.44288],[105.54008,18.44129],[105.54154,18.44056],[105.54235,18.43922],[105.54188,18.4357],[105.54199,18.43369],[105.54262,18.43091],[105.54406,18.42896],[105.54433,18.42515],[105.54597,18.42477],[105.54745,18.4261],[105.54986,18.42589],[105.55144,18.42507],[105.55266,18.42549],[105.55367,18.42786],[105.55467,18.42882],[105.55657,18.42954],[105.55797,18.42958],[105.56076,18.42803],[105.56182,18.42795],[105.56346,18.42864],[105.56587,18.42718],[105.56999,18.42554],[105.57121,18.42324],[105.57311,18.42109],[105.57429,18.42037],[105.57501,18.41915],[105.57771,18.41757],[105.57963,18.41594],[105.58111,18.41357],[105.5822,18.4131],[105.58318,18.41146],[105.58534,18.41003],[105.58616,18.40874],[105.58878,18.40729],[105.59017,18.40715],[105.59165,18.40573],[105.59658,18.40694],[105.59801,18.41032],[105.59682,18.41332],[105.59877,18.41608],[105.60007,18.4144],[105.6026,18.41274],[105.60513,18.40972],[105.60986,18.40778],[105.61115,18.40688],[105.61516,18.4058],[105.61832,18.40354],[105.61974,18.40339],[105.62195,18.40211],[105.62215,18.40132],[105.62433,18.3996],[105.62603,18.39891],[105.62855,18.39713],[105.63105,18.39703],[105.6312,18.39642],[105.63288,18.39528],[105.6367,18.3933],[105.63818,18.39679],[105.63939,18.40062],[105.64021,18.40419],[105.64133,18.41254],[105.63988,18.41318],[105.63899,18.41418],[105.63671,18.41405],[105.63604,18.41479],[105.6354,18.41681],[105.63256,18.41774],[105.62965,18.41912],[105.62859,18.42078],[105.62654,18.42242],[105.62592,18.42356],[105.62371,18.42631],[105.62213,18.4278],[105.622,18.42914],[105.62056,18.4309],[105.61969,18.43321],[105.61713,18.43612],[105.61584,18.4383],[105.61533,18.44096],[105.61429,18.44213],[105.61273,18.44287],[105.61214,18.44411],[105.61097,18.44471],[105.60461,18.44938],[105.60311,18.45192],[105.60146,18.45786],[105.60027,18.45951]]]},"properties":{"a01_tinh":"diaphanhanhchinhcaptinh_sn.53","a02_xa":"diaphanhanhchinhcapxa_2025.2047","a03_ten":"Xã Đức Đồng","a04_tentinh":"Tỉnh Hà Tĩnh","a05_truocsn":"Xã Đức Lạng, Xã Tân Hương, Xã Đức Đồng","a06_trungtamhc":"UBND xã Đức Đồng","a07_dt":"47.29","a08_ds":"11531","a09_dthoai":null,"a10_web":null,"ten":"Xã Đức Đồng","ma":"18304","tentinh":"Tỉnh Hà Tĩnh","truocsapnhap":"Xã Đức Lạng, Xã Tân Hương, Xã Đức Đồng","dientichkm2":null,"dansonguoi":null},"id":"diaphanhanhchinhcapxa_2025.2047"},
{"type":"Feature","geometry":{"type":"Polygon","coordinates":[[[105.62927,18.5691],[105.62269,18.56842],[105.61916,18.56744],[105.61806,18.56948],[105.61725,18.57277],[105.61754,18.57417],[105.61734,18.57879],[105.61408,18.57818],[105.60952,18.57671],[105.60846,18.57734],[105.60312,18.57493],[105.60121,18.57504],[105.5996,18.57652],[105.59829,18.57645],[105.59607,18.57479],[105.59572,18.57319],[105.59356,18.5722],[105.58934,18.57285],[105.58658,18.56676],[105.58583,18.56609],[105.58603,18.5642],[105.5854,18.56221],[105.58562,18.56152],[105.5837,18.55878],[105.58025,18.55971],[105.57768,18.56014],[105.57672,18.55849],[105.57275,18.55861],[105.57259,18.56056],[105.56833,18.56027],[105.56812,18.56187],[105.56646,18.56144],[105.56554,18.55986],[105.56116,18.55945],[105.55895,18.55951],[105.55834,18.55859],[105.55697,18.55816],[105.55414,18.55786],[105.55256,18.55725],[105.55074,18.55411],[105.54953,18.55328],[105.54783,18.55367],[105.54675,18.55327],[105.54616,18.55212],[105.54837,18.55004],[105.54828,18.5483],[105.54903,18.54727],[105.55036,18.54657],[105.55108,18.54499],[105.55147,18.54288],[105.54973,18.54101],[105.54953,18.53927],[105.54759,18.53975],[105.54745,18.53839],[105.54869,18.5369],[105.54785,18.53587],[105.54829,18.535],[105.54986,18.52828],[105.55124,18.52623],[105.5524,18.52591],[105.554,18.52624],[105.55602,18.53295],[105.55945,18.5375],[105.56048,18.53944],[105.56381,18.54222],[105.56919,18.54464],[105.57198,18.54557],[105.57604,18.54628],[105.57917,18.54633],[105.58264,18.54579],[105.58525,18.5449],[105.58741,18.54385],[105.59142,18.54077],[105.59427,18.53879],[105.5957,18.53728],[105.59892,18.53324],[105.60347,18.52874],[105.60547,18.52763],[105.60749,18.5276],[105.61029,18.52958],[105.61425,18.5337],[105.61514,18.53489],[105.61574,18.53659],[105.61551,18.53963],[105.61437,18.54228],[105.61395,18.54779],[105.61465,18.55142],[105.61617,18.55538],[105.61759,18.55775],[105.61966,18.55997],[105.62603,18.56242],[105.62489,18.56586],[105.62933,18.56835],[105.62927,18.5691]]]},"properties":{"a01_tinh":"diaphanhanhchinhcaptinh_sn.53","a02_xa":"diaphanhanhchinhcapxa_2025.2056","a03_ten":"Xã Đức Minh","a04_tentinh":"Tỉnh Hà Tĩnh","a05_truocsn":"Xã Trường Sơn, Xã Tùng Châu, Xã Liên Minh","a06_trungtamhc":"UBND xã Trường Sơn","a07_dt":"23.58","a08_ds":"18718","a09_dthoai":null,"a10_web":null,"ten":"Xã Đức Minh","ma":"18244","tentinh":"Tỉnh Hà Tĩnh","truocsapnhap":"Xã Trường Sơn, Xã Tùng Châu, Xã Liên Minh","dientichkm2":null,"dansonguoi":null},"id":"diaphanhanhchinhcapxa_2025.2056"},
{"type":"Feature","geometry":{"type":"Polygon","coordinates":[[[105.66953,18.58433],[105.6666,18.58496],[105.66431,18.58465],[105.66261,18.58405],[105.65624,18.58121],[105.64997,18.57823],[105.64817,18.57781],[105.6371,18.57444],[105.63289,18.57043],[105.63177,18.56959],[105.62927,18.5691],[105.62933,18.56835],[105.62489,18.56586],[105.62603,18.56242],[105.61966,18.55997],[105.61759,18.55775],[105.61617,18.55538],[105.61465,18.55142],[105.61395,18.54779],[105.61437,18.54228],[105.61551,18.53963],[105.61574,18.53659],[105.61514,18.53489],[105.61425,18.5337],[105.61029,18.52958],[105.60749,18.5276],[105.60547,18.52763],[105.60347,18.52874],[105.60166,18.52697],[105.59931,18.52316],[105.59914,18.52201],[105.59759,18.52035],[105.59695,18.51596],[105.59728,18.51342],[105.60326,18.5099],[105.60687,18.51069],[105.60925,18.51071],[105.6098,18.51246],[105.6126,18.5117],[105.61406,18.51577],[105.61552,18.51523],[105.61665,18.51662],[105.61784,18.51627],[105.61904,18.51833],[105.61966,18.51798],[105.62551,18.52197],[105.62533,18.52294],[105.62899,18.52376],[105.63033,18.52184],[105.63138,18.52311],[105.63357,18.52343],[105.63527,18.52302],[105.63569,18.52211],[105.6397,18.52422],[105.63914,18.52497],[105.64174,18.5263],[105.64366,18.53128],[105.64577,18.53093],[105.64651,18.53247],[105.64819,18.5326],[105.64964,18.53351],[105.65026,18.53615],[105.65167,18.53704],[105.65398,18.53693],[105.65485,18.53816],[105.65656,18.53841],[105.65852,18.53818],[105.66442,18.53819],[105.66494,18.54008],[105.66474,18.54154],[105.66553,18.54198],[105.66746,18.5419],[105.6688,18.54262],[105.67053,18.54434],[105.6722,18.54541],[105.67387,18.54752],[105.67337,18.55101],[105.67319,18.55428],[105.6706,18.55421],[105.66957,18.55589],[105.66616,18.55722],[105.66467,18.55718],[105.66282,18.55638],[105.66144,18.5564],[105.66068,18.55728],[105.66301,18.55846],[105.66484,18.56007],[105.66594,18.56266],[105.66574,18.56631],[105.66652,18.56858],[105.6666,18.57183],[105.66787,18.57548],[105.66953,18.58433]]]},"properties":{"a01_tinh":"diaphanhanhchinhcaptinh_sn.53","a02_xa":"diaphanhanhchinhcapxa_2025.2055","a03_ten":"Xã Đức Quang","a04_tentinh":"Tỉnh Hà Tĩnh","a05_truocsn":"Xã Quang Vĩnh, Xã Bùi La Nhân, Xã Yên Hồ","a06_trungtamhc":"UBND xã Bùi La Nhân","a07_dt":"30.31","a08_ds":"17515","a09_dthoai":null,"a10_web":null,"ten":"Xã Đức Quang","ma":"18262","tentinh":"Tỉnh Hà Tĩnh","truocsapnhap":"Xã Quang Vĩnh, Xã Bùi La Nhân, Xã Yên Hồ","dientichkm2":null,"dansonguoi":null},"id":"diaphanhanhchinhcapxa_2025.2055"},
{"type":"Feature","geometry":{"type":"Polygon","coordinates":[[[105.66442,18.53819],[105.65852,18.53818],[105.65656,18.53841],[105.65485,18.53816],[105.65398,18.53693],[105.65167,18.53704],[105.65026,18.53615],[105.64964,18.53351],[105.64819,18.5326],[105.64651,18.53247],[105.64577,18.53093],[105.64366,18.53128],[105.64174,18.5263],[105.63914,18.52497],[105.6397,18.52422],[105.63569,18.52211],[105.63527,18.52302],[105.63357,18.52343],[105.63138,18.52311],[105.63033,18.52184],[105.62899,18.52376],[105.62533,18.52294],[105.62551,18.52197],[105.61966,18.51798],[105.61904,18.51833],[105.61784,18.51627],[105.61665,18.51662],[105.61552,18.51523],[105.61406,18.51577],[105.6126,18.5117],[105.60929,18.50235],[105.60848,18.50249],[105.60571,18.49479],[105.60607,18.49322],[105.61132,18.49132],[105.61513,18.49357],[105.61629,18.49145],[105.61716,18.49076],[105.61691,18.48922],[105.617,18.48614],[105.61637,18.48375],[105.61372,18.48162],[105.61298,18.48014],[105.61218,18.47689],[105.61063,18.47793],[105.60857,18.47236],[105.60752,18.47144],[105.60802,18.46778],[105.60689,18.46739],[105.60389,18.4644],[105.6021,18.46119],[105.60027,18.45951],[105.60146,18.45786],[105.60311,18.45192],[105.60461,18.44938],[105.61097,18.44471],[105.61214,18.44411],[105.61273,18.44287],[105.61429,18.44213],[105.61533,18.44096],[105.61584,18.4383],[105.61713,18.43612],[105.61969,18.43321],[105.62056,18.4309],[105.622,18.42914],[105.62213,18.4278],[105.62371,18.42631],[105.62592,18.42356],[105.62654,18.42242],[105.62859,18.42078],[105.62965,18.41912],[105.63256,18.41774],[105.636,18.42374],[105.63656,18.42547],[105.6369,18.42822],[105.63613,18.43034],[105.63681,18.43277],[105.63717,18.43553],[105.63679,18.43671],[105.63554,18.43831],[105.63458,18.44113],[105.63451,18.44458],[105.63532,18.44682],[105.63487,18.44852],[105.63542,18.45058],[105.63472,18.45145],[105.6375,18.45326],[105.63811,18.45452],[105.63716,18.4561],[105.63766,18.45937],[105.63887,18.45913],[105.64089,18.45939],[105.64193,18.45997],[105.64464,18.45967],[105.64557,18.45999],[105.64578,18.4618],[105.64489,18.46245],[105.64635,18.46389],[105.64633,18.46578],[105.64468,18.46657],[105.64623,18.47086],[105.64635,18.47187],[105.64542,18.47378],[105.64434,18.47466],[105.64464,18.4762],[105.64553,18.47784],[105.64405,18.4789],[105.64528,18.48004],[105.64539,18.48158],[105.64652,18.4825],[105.64728,18.48093],[105.64847,18.48175],[105.6484,18.48322],[105.65072,18.48293],[105.65199,18.4823],[105.65437,18.48239],[105.65497,18.48275],[105.65652,18.48068],[105.65962,18.48011],[105.65982,18.48094],[105.66154,18.48117],[105.66219,18.4847],[105.66064,18.485],[105.66054,18.48632],[105.66202,18.48862],[105.66066,18.4903],[105.66116,18.49243],[105.66313,18.49304],[105.66345,18.49464],[105.6672,18.49527],[105.66832,18.49658],[105.6678,18.4975],[105.66652,18.49735],[105.66711,18.50074],[105.66663,18.50158],[105.66798,18.50232],[105.6676,18.50451],[105.66879,18.50477],[105.67151,18.50736],[105.67194,18.50718],[105.67324,18.51023],[105.67446,18.51236],[105.67562,18.51352],[105.67679,18.51381],[105.67688,18.51613],[105.67786,18.51616],[105.6787,18.51749],[105.67925,18.52175],[105.67984,18.52301],[105.68735,18.52387],[105.68761,18.52713],[105.68546,18.52778],[105.68495,18.52845],[105.6849,18.53132],[105.68193,18.53137],[105.68086,18.53193],[105.67926,18.53367],[105.67765,18.53349],[105.67709,18.53257],[105.67707,18.53012],[105.67588,18.52931],[105.67487,18.53249],[105.67481,18.53404],[105.6724,18.53481],[105.67065,18.53604],[105.66777,18.53587],[105.66464,18.53763],[105.66442,18.53819]]]},"properties":{"a01_tinh":"diaphanhanhchinhcaptinh_sn.53","a02_xa":"diaphanhanhchinhcapxa_2025.2046","a03_ten":"Xã Đức Thịnh","a04_tentinh":"Tỉnh Hà Tĩnh","a05_truocsn":"Xã Thanh Bình Thịnh, Xã Lâm Trung Thủy, Xã An Dũng","a06_trungtamhc":"UBND xã Lâm Trung Thủy","a07_dt":"53.39","a08_ds":"41401","a09_dthoai":null,"a10_web":null,"ten":"Xã Đức Thịnh","ma":"18277","tentinh":"Tỉnh Hà Tĩnh","truocsapnhap":"Xã Thanh Bình Thịnh, Xã Lâm Trung Thủy, Xã An Dũng","dientichkm2":null,"dansonguoi":null},"id":"diaphanhanhchinhcapxa_2025.2046"},
{"type":"Feature","geometry":{"type":"Polygon","coordinates":[[[105.6126,18.5117],[105.6098,18.51246],[105.60925,18.51071],[105.60687,18.51069],[105.60326,18.5099],[105.59728,18.51342],[105.59695,18.51596],[105.59759,18.52035],[105.59914,18.52201],[105.59931,18.52316],[105.60166,18.52697],[105.60347,18.52874],[105.59892,18.53324],[105.5957,18.53728],[105.59427,18.53879],[105.59142,18.54077],[105.58741,18.54385],[105.58525,18.5449],[105.58264,18.54579],[105.57917,18.54633],[105.57604,18.54628],[105.57198,18.54557],[105.56919,18.54464],[105.56381,18.54222],[105.56048,18.53944],[105.55945,18.5375],[105.55602,18.53295],[105.554,18.52624],[105.55341,18.52328],[105.55356,18.52242],[105.55329,18.51829],[105.55331,18.51172],[105.5526,18.51055],[105.5495,18.50682],[105.54828,18.50362],[105.54692,18.50217],[105.54458,18.5008],[105.54064,18.49901],[105.53839,18.49639],[105.53934,18.49492],[105.54252,18.4937],[105.54573,18.49162],[105.5484,18.48952],[105.55035,18.48732],[105.55306,18.48475],[105.55297,18.4833],[105.55081,18.4763],[105.54945,18.47371],[105.54874,18.47313],[105.54653,18.47322],[105.54461,18.47278],[105.5429,18.4734],[105.54183,18.47307],[105.54287,18.47062],[105.54278,18.46929],[105.55024,18.46631],[105.55182,18.46634],[105.55465,18.46313],[105.55671,18.4661],[105.56312,18.4667],[105.56527,18.46648],[105.56489,18.46966],[105.56677,18.46886],[105.57049,18.46855],[105.57074,18.47007],[105.5704,18.47301],[105.57133,18.47345],[105.57412,18.47127],[105.57956,18.47015],[105.58073,18.46943],[105.58111,18.46777],[105.58266,18.4673],[105.58363,18.46946],[105.58514,18.46914],[105.58496,18.46723],[105.58646,18.46675],[105.58674,18.4678],[105.58816,18.46679],[105.59217,18.46608],[105.59359,18.46308],[105.59855,18.46389],[105.59902,18.46234],[105.59989,18.46149],[105.60027,18.45951],[105.6021,18.46119],[105.60389,18.4644],[105.60689,18.46739],[105.60802,18.46778],[105.60752,18.47144],[105.60857,18.47236],[105.61063,18.47793],[105.61218,18.47689],[105.61298,18.48014],[105.61372,18.48162],[105.61637,18.48375],[105.617,18.48614],[105.61691,18.48922],[105.61716,18.49076],[105.61629,18.49145],[105.61513,18.49357],[105.61132,18.49132],[105.60607,18.49322],[105.60571,18.49479],[105.60848,18.50249],[105.60929,18.50235],[105.6126,18.5117]]]},"properties":{"a01_tinh":"diaphanhanhchinhcaptinh_sn.53","a02_xa":"diaphanhanhchinhcapxa_2025.2049","a03_ten":"Xã Đức Thọ","a04_tentinh":"Tỉnh Hà Tĩnh","a05_truocsn":"Thị trấn Đức Thọ, Xã Tùng Ảnh, Xã Hòa Lạc, Xã Tân Dân","a06_trungtamhc":"UBND huyện Đức Thọ","a07_dt":"48.93","a08_ds":"40064","a09_dthoai":null,"a10_web":null,"ten":"Xã Đức Thọ","ma":"18229","tentinh":"Tỉnh Hà Tĩnh","truocsapnhap":"Thị trấn Đức Thọ, Xã Tùng Ảnh, Xã Hòa Lạc, Xã Tân Dân","dientichkm2":null,"dansonguoi":null},"id":"diaphanhanhchinhcapxa_2025.2049"},
{"type":"Feature","geometry":{"type":"Polygon","coordinates":[[[105.73169,18.49149],[105.73049,18.49151],[105.72688,18.48982],[105.72507,18.49153],[105.72361,18.49191],[105.72087,18.49097],[105.71935,18.49205],[105.71717,18.49276],[105.71602,18.4924],[105.7143,18.4909],[105.71189,18.49111],[105.71022,18.49247],[105.70949,18.49389],[105.70736,18.49657],[105.70611,18.49646],[105.70023,18.48788],[105.69815,18.48477],[105.69886,18.48308],[105.69843,18.48136],[105.69969,18.48123],[105.70067,18.47939],[105.70144,18.47893],[105.70001,18.47676],[105.69967,18.47502],[105.6987,18.47381],[105.69618,18.47324],[105.69533,18.47216],[105.69648,18.47033],[105.69257,18.4673],[105.69233,18.46552],[105.69331,18.46427],[105.69334,18.46242],[105.69284,18.46038],[105.69405,18.45963],[105.69487,18.45775],[105.69459,18.45576],[105.69552,18.45462],[105.69559,18.45319],[105.69399,18.45256],[105.69029,18.45207],[105.68986,18.45144],[105.68549,18.45078],[105.68649,18.44733],[105.68533,18.44676],[105.68435,18.44516],[105.68549,18.44322],[105.68435,18.44229],[105.68504,18.44151],[105.68405,18.44041],[105.68195,18.43642],[105.68189,18.43529],[105.68004,18.43379],[105.68022,18.43276],[105.67922,18.43209],[105.68088,18.42874],[105.67954,18.42364],[105.67777,18.42077],[105.67578,18.41699],[105.67488,18.416],[105.67323,18.41232],[105.67135,18.41118],[105.6688,18.41245],[105.66666,18.41257],[105.66559,18.41351],[105.66338,18.41369],[105.66115,18.41264],[105.6593,18.41003],[105.65561,18.40307],[105.65468,18.40177],[105.64872,18.39109],[105.64687,18.38795],[105.64861,18.38765],[105.6506,18.386],[105.6523,18.3819],[105.65435,18.3801],[105.65496,18.37907],[105.65733,18.37729],[105.6575,18.37674],[105.66296,18.37114],[105.66906,18.3749],[105.67003,18.37917],[105.67064,18.3809],[105.67247,18.384],[105.67369,18.38454],[105.67315,18.3878],[105.6746,18.38816],[105.67504,18.38995],[105.67377,18.39242],[105.67231,18.39341],[105.67129,18.39525],[105.67264,18.39549],[105.67371,18.39783],[105.67613,18.39895],[105.67719,18.40091],[105.67581,18.40369],[105.67784,18.40696],[105.67819,18.40843],[105.68083,18.40938],[105.68327,18.40913],[105.68417,18.40974],[105.68434,18.41418],[105.6865,18.41539],[105.68754,18.41494],[105.69083,18.41603],[105.69086,18.41692],[105.69403,18.41946],[105.69385,18.42115],[105.69661,18.42218],[105.69807,18.42336],[105.6987,18.42444],[105.70016,18.42518],[105.69993,18.42622],[105.7036,18.43025],[105.70635,18.42792],[105.70826,18.42805],[105.7111,18.42733],[105.71309,18.42765],[105.71298,18.43074],[105.71486,18.43094],[105.71619,18.4296],[105.71831,18.42965],[105.7192,18.43113],[105.72134,18.43078],[105.72248,18.43178],[105.72361,18.43204],[105.72578,18.43559],[105.72549,18.43659],[105.72902,18.43751],[105.72969,18.43493],[105.72883,18.43395],[105.72996,18.43252],[105.72994,18.43148],[105.73723,18.43406],[105.73762,18.43166],[105.73926,18.43195],[105.73989,18.43047],[105.74338,18.43103],[105.74602,18.43063],[105.74614,18.43122],[105.74824,18.43127],[105.74914,18.43775],[105.753,18.44014],[105.75275,18.44129],[105.75038,18.44761],[105.75079,18.45012],[105.75146,18.45192],[105.752,18.45489],[105.74992,18.45487],[105.74926,18.45672],[105.7478,18.45709],[105.74855,18.45841],[105.74391,18.45953],[105.74084,18.45767],[105.73799,18.45664],[105.73732,18.45989],[105.73432,18.45819],[105.73323,18.45799],[105.73237,18.45865],[105.73198,18.46033],[105.73098,18.46146],[105.72826,18.4627],[105.72684,18.46306],[105.72664,18.46207],[105.72484,18.46214],[105.72704,18.46515],[105.72605,18.4653],[105.72595,18.46679],[105.72735,18.46657],[105.72739,18.46932],[105.72902,18.47],[105.72869,18.47125],[105.72973,18.47418],[105.72789,18.47699],[105.72744,18.47837],[105.72593,18.47913],[105.72546,18.48097],[105.72443,18.48177],[105.72387,18.48323],[105.72384,18.48499],[105.72823,18.48707],[105.72961,18.4887],[105.73072,18.48927],[105.73169,18.49149]]]},"properties":{"a01_tinh":"diaphanhanhchinhcaptinh_sn.53","a02_xa":"diaphanhanhchinhcapxa_2025.2005","a03_ten":"Xã Gia Hanh","a04_tentinh":"Tỉnh Hà Tĩnh","a05_truocsn":"Xã Khánh Vĩnh Yên, Xã Thanh Lộc, Xã Gia Hanh","a06_trungtamhc":"UBND xã Khánh Vĩnh Yên","a07_dt":"45.39","a08_ds":"28473","a09_dthoai":null,"a10_web":null,"ten":"Xã Gia Hanh","ma":"18466","tentinh":"Tỉnh Hà Tĩnh","truocsapnhap":"Xã Khánh Vĩnh Yên, Xã Thanh Lộc, Xã Gia Hanh","dientichkm2":null,"dansonguoi":null},"id":"diaphanhanhchinhcapxa_2025.2005"},
{"type":"Feature","geometry":{"type":"Polygon","coordinates":[[[105.61561,18.36236],[105.61503,18.35937],[105.61457,18.35863],[105.61429,18.35649],[105.61332,18.35572],[105.61174,18.35212],[105.61193,18.35084],[105.61143,18.34916],[105.61024,18.34756],[105.61036,18.34474],[105.61193,18.34348],[105.61568,18.34319],[105.61653,18.34276],[105.6169,18.34144],[105.61862,18.34007],[105.61939,18.33884],[105.61809,18.33663],[105.61832,18.33569],[105.61594,18.33417],[105.61589,18.33152],[105.61472,18.32961],[105.61227,18.32954],[105.61154,18.32895],[105.61176,18.3273],[105.60477,18.32613],[105.60389,18.32787],[105.60332,18.33196],[105.60236,18.33183],[105.59907,18.3299],[105.59777,18.33048],[105.59687,18.33184],[105.59566,18.33244],[105.59443,18.33159],[105.59207,18.332],[105.59145,18.32944],[105.5921,18.32886],[105.59159,18.32385],[105.592,18.31935],[105.59115,18.31759],[105.59261,18.31537],[105.59185,18.31388],[105.59003,18.31375],[105.59071,18.31199],[105.59056,18.30982],[105.58876,18.30755],[105.58819,18.30548],[105.58854,18.30417],[105.59178,18.30338],[105.59405,18.30188],[105.59524,18.30195],[105.597,18.30305],[105.59849,18.30224],[105.59937,18.30041],[105.60101,18.29988],[105.60185,18.29799],[105.60331,18.29614],[105.60391,18.2948],[105.60542,18.29448],[105.60622,18.2926],[105.60642,18.28967],[105.60686,18.28904],[105.60938,18.28833],[105.61319,18.28676],[105.61426,18.28516],[105.61556,18.28573],[105.61826,18.28583],[105.6188,18.2869],[105.6202,18.28675],[105.62128,18.28508],[105.62332,18.28364],[105.62443,18.28118],[105.626,18.27905],[105.63105,18.28216],[105.63236,18.28158],[105.6334,18.28048],[105.63544,18.27944],[105.63618,18.28115],[105.63794,18.2825],[105.63937,18.28417],[105.63935,18.28496],[105.63635,18.28797],[105.6372,18.28897],[105.63897,18.28743],[105.6417,18.28577],[105.6431,18.28579],[105.64475,18.28411],[105.64629,18.28421],[105.64806,18.28332],[105.65128,18.28332],[105.65334,18.28287],[105.65436,18.28174],[105.65676,18.28094],[105.65782,18.28094],[105.65977,18.27917],[105.66179,18.27899],[105.66252,18.2784],[105.66425,18.27841],[105.66471,18.27762],[105.66609,18.27747],[105.66813,18.27532],[105.66849,18.2725],[105.66962,18.27192],[105.67102,18.27272],[105.67231,18.26999],[105.67519,18.26803],[105.67537,18.26754],[105.67803,18.26647],[105.6836,18.26669],[105.69574,18.26766],[105.69756,18.2656],[105.69944,18.26419],[105.70042,18.26302],[105.70373,18.26475],[105.70516,18.26709],[105.70479,18.26864],[105.70509,18.26965],[105.70781,18.27063],[105.70944,18.27178],[105.71102,18.27204],[105.71209,18.27321],[105.7133,18.27532],[105.71425,18.27632],[105.71532,18.27579],[105.71922,18.27588],[105.71912,18.27808],[105.72015,18.27955],[105.71956,18.28141],[105.72056,18.28218],[105.72303,18.28263],[105.72389,18.28224],[105.72638,18.28344],[105.72659,18.28444],[105.72584,18.28577],[105.72649,18.2882],[105.73062,18.29103],[105.73223,18.29301],[105.73441,18.2933],[105.73548,18.29405],[105.73629,18.29698],[105.73994,18.29892],[105.7419,18.29901],[105.74295,18.29784],[105.74454,18.29811],[105.74622,18.29745],[105.7475,18.29818],[105.75106,18.29747],[105.75248,18.30021],[105.75441,18.3017],[105.75601,18.30621],[105.75899,18.30796],[105.75918,18.31027],[105.76096,18.31398],[105.76066,18.31566],[105.75932,18.31636],[105.75706,18.31695],[105.75523,18.31805],[105.75413,18.31941],[105.75183,18.32057],[105.7503,18.32085],[105.74815,18.32134],[105.74491,18.32247],[105.73901,18.32603],[105.73638,18.32731],[105.73391,18.32816],[105.7366,18.33755],[105.73557,18.33771],[105.73349,18.3393],[105.73365,18.34121],[105.73225,18.34298],[105.73049,18.34458],[105.72872,18.34421],[105.7236,18.34764],[105.72173,18.34968],[105.69178,18.35656],[105.68935,18.35749],[105.68788,18.35859],[105.68601,18.36128],[105.68494,18.36194],[105.68311,18.36229],[105.68006,18.36377],[105.67845,18.36573],[105.67549,18.36654],[105.67381,18.3675],[105.67247,18.36779],[105.66764,18.36811],[105.66296,18.37114],[105.6575,18.37674],[105.65733,18.37729],[105.65496,18.37907],[105.65435,18.3801],[105.6523,18.3819],[105.6506,18.386],[105.64861,18.38765],[105.64687,18.38795],[105.64393,18.38926],[105.6435,18.39015],[105.64161,18.3912],[105.63906,18.39209],[105.6367,18.3933],[105.63589,18.39207],[105.63484,18.38928],[105.63372,18.38777],[105.63351,18.3865],[105.63212,18.38548],[105.63058,18.38506],[105.62915,18.38353],[105.62509,18.38194],[105.62547,18.37937],[105.62503,18.37629],[105.62398,18.37555],[105.62297,18.37262],[105.62175,18.37093],[105.62153,18.36855],[105.6197,18.36786],[105.61848,18.36584],[105.61727,18.3652],[105.61571,18.36316],[105.61561,18.36236]]]},"properties":{"a01_tinh":"diaphanhanhchinhcaptinh_sn.53","a02_xa":"diaphanhanhchinhcapxa_2025.2044","a03_ten":"Xã Hà Linh","a04_tentinh":"Tỉnh Hà Tĩnh","a05_truocsn":"Xã Điền Mỹ, Xã Hà Linh","a06_trungtamhc":"UBND xã Hà Linh","a07_dt":"140.43","a08_ds":"12622","a09_dthoai":null,"a10_web":null,"ten":"Xã Hà Linh","ma":"18502","tentinh":"Tỉnh Hà Tĩnh","truocsapnhap":"Xã Điền Mỹ, Xã Hà Linh","dientichkm2":null,"dansonguoi":null},"id":"diaphanhanhchinhcapxa_2025.2044"},
{"type":"Feature","geometry":{"type":"Polygon","coordinates":[[[105.84822,18.52757],[105.84415,18.53146],[105.8425,18.5335],[105.84195,18.5385],[105.84117,18.54057],[105.84032,18.545],[105.83805,18.54565],[105.83549,18.54515],[105.83381,18.54411],[105.83168,18.54455],[105.82901,18.54466],[105.82582,18.54563],[105.81489,18.54174],[105.81537,18.53901],[105.81522,18.53631],[105.81474,18.53451],[105.81581,18.53081],[105.81679,18.52833],[105.81601,18.51966],[105.8153,18.51377],[105.81435,18.50022],[105.81275,18.4971],[105.81077,18.49542],[105.81158,18.49387],[105.81194,18.48717],[105.81146,18.48254],[105.81475,18.48294],[105.81462,18.48177],[105.8162,18.48112],[105.81866,18.48235],[105.81984,18.48078],[105.81938,18.47962],[105.82454,18.47802],[105.82439,18.47676],[105.82571,18.47555],[105.82504,18.47449],[105.82684,18.47355],[105.82753,18.47223],[105.82739,18.47074],[105.82368,18.46966],[105.82258,18.46859],[105.82222,18.46702],[105.8235,18.46601],[105.82344,18.4644],[105.82464,18.46436],[105.82612,18.46231],[105.82903,18.46219],[105.82953,18.46138],[105.83118,18.46071],[105.83154,18.45943],[105.83548,18.45853],[105.83855,18.45849],[105.83809,18.45946],[105.83936,18.46102],[105.83886,18.46284],[105.84028,18.46334],[105.84056,18.46415],[105.84232,18.46433],[105.84312,18.4652],[105.84491,18.46491],[105.84644,18.46422],[105.848,18.46207],[105.84941,18.46404],[105.85135,18.46871],[105.85531,18.46947],[105.85516,18.47014],[105.85404,18.47021],[105.85325,18.47213],[105.85655,18.47822],[105.85666,18.48031],[105.85482,18.48472],[105.85849,18.48601],[105.86067,18.48709],[105.86317,18.48925],[105.86459,18.49082],[105.86268,18.49376],[105.86211,18.49641],[105.86128,18.49655],[105.8605,18.4989],[105.85853,18.50103],[105.85832,18.50188],[105.85542,18.50263],[105.85429,18.50497],[105.85286,18.50509],[105.85117,18.50665],[105.84727,18.51083],[105.8478,18.51204],[105.84608,18.51341],[105.84734,18.51489],[105.84876,18.51533],[105.8481,18.51672],[105.84887,18.51789],[105.84639,18.51955],[105.84528,18.52167],[105.84511,18.52282],[105.8441,18.52419],[105.84651,18.52593],[105.84822,18.52757]]]},"properties":{"a01_tinh":"diaphanhanhchinhcaptinh_sn.53","a02_xa":"diaphanhanhchinhcapxa_2025.2004","a03_ten":"Xã Hồng Lộc","a04_tentinh":"Tỉnh Hà Tĩnh","a05_truocsn":"Xã Tân Lộc, Xã Hồng Lộc","a06_trungtamhc":"UBND xã Tân Lộc","a07_dt":"33.78","a08_ds":"17042","a09_dthoai":null,"a10_web":null,"ten":"Xã Hồng Lộc","ma":"18409","tentinh":"Tỉnh Hà Tĩnh","truocsapnhap":"Xã Tân Lộc, Xã Hồng Lộc","dientichkm2":null,"dansonguoi":null},"id":"diaphanhanhchinhcapxa_2025.2004"},
{"type":"Feature","geometry":{"type":"Polygon","coordinates":[[[105.59003,18.31375],[105.58806,18.3123],[105.58492,18.31308],[105.58305,18.3138],[105.58209,18.31157],[105.58077,18.31043],[105.5775,18.30846],[105.57504,18.30842],[105.57449,18.30699],[105.57346,18.3061],[105.57245,18.30659],[105.57031,18.30624],[105.56616,18.3081],[105.56448,18.30816],[105.56293,18.30582],[105.56223,18.30424],[105.56023,18.30351],[105.55919,18.30246],[105.55848,18.30054],[105.55977,18.29796],[105.55751,18.29602],[105.55603,18.29537],[105.55383,18.29556],[105.55048,18.29499],[105.54922,18.29439],[105.54594,18.29846],[105.54464,18.29815],[105.54444,18.29963],[105.54314,18.30115],[105.54144,18.30203],[105.54006,18.3039],[105.53879,18.30464],[105.53733,18.30475],[105.53395,18.30407],[105.5311,18.30481],[105.53004,18.30605],[105.52838,18.30577],[105.527,18.3066],[105.52435,18.3058],[105.52144,18.30747],[105.52049,18.30762],[105.51702,18.30728],[105.51617,18.30746],[105.51386,18.30633],[105.50974,18.30528],[105.50899,18.30542],[105.50749,18.30374],[105.50626,18.3035],[105.50499,18.30518],[105.5036,18.30432],[105.50294,18.30303],[105.50165,18.30309],[105.50119,18.30413],[105.49704,18.30567],[105.4951,18.30686],[105.49364,18.3067],[105.49292,18.30464],[105.49035,18.30252],[105.49052,18.30102],[105.48961,18.29952],[105.48915,18.29788],[105.48938,18.2937],[105.48884,18.29122],[105.4863,18.28957],[105.48636,18.28813],[105.48565,18.28696],[105.48716,18.28552],[105.48692,18.28438],[105.48499,18.28241],[105.4859,18.27994],[105.48499,18.27836],[105.48207,18.27729],[105.48172,18.27471],[105.48208,18.27345],[105.47958,18.27132],[105.47909,18.27035],[105.47917,18.2675],[105.47575,18.26629],[105.47391,18.26515],[105.46845,18.26266],[105.4674,18.2618],[105.46696,18.25998],[105.46611,18.25879],[105.46619,18.25564],[105.46749,18.25376],[105.46551,18.24732],[105.46427,18.246],[105.46423,18.2435],[105.46234,18.24146],[105.46179,18.23859],[105.46251,18.23728],[105.46147,18.23405],[105.46053,18.23371],[105.45794,18.22925],[105.45605,18.22356],[105.45627,18.22102],[105.45544,18.21993],[105.45517,18.21788],[105.45607,18.21662],[105.4562,18.21435],[105.45567,18.21088],[105.45455,18.20871],[105.45234,18.2081],[105.45156,18.2069],[105.45229,18.20486],[105.45296,18.20231],[105.45474,18.2021],[105.45486,18.20291],[105.45716,18.20379],[105.45972,18.20515],[105.4615,18.20437],[105.46121,18.20326],[105.46385,18.20222],[105.46646,18.20235],[105.46833,18.20123],[105.46904,18.19986],[105.47006,18.199],[105.47497,18.19908],[105.48063,18.19594],[105.48461,18.19819],[105.48572,18.20071],[105.48891,18.20107],[105.49162,18.20272],[105.49366,18.2006],[105.49316,18.19731],[105.49092,18.19529],[105.48961,18.19365],[105.48892,18.19199],[105.48927,18.19106],[105.48715,18.18645],[105.48734,18.18474],[105.48634,18.18347],[105.48779,18.18213],[105.48708,18.18117],[105.48828,18.17918],[105.48844,18.17707],[105.48948,18.17595],[105.49347,18.17659],[105.49365,18.1785],[105.49422,18.18026],[105.49711,18.18336],[105.49789,18.18477],[105.49768,18.18594],[105.49861,18.18861],[105.50004,18.18934],[105.50236,18.192],[105.50395,18.19254],[105.50588,18.19256],[105.50826,18.19408],[105.50905,18.19592],[105.51078,18.19786],[105.51375,18.19953],[105.51419,18.20063],[105.51759,18.20408],[105.52045,18.20435],[105.52221,18.20279],[105.5238,18.20249],[105.52589,18.20358],[105.52781,18.20365],[105.52963,18.20467],[105.53326,18.20534],[105.53523,18.20521],[105.53674,18.20652],[105.53856,18.20752],[105.54039,18.20703],[105.54385,18.20762],[105.5461,18.20698],[105.54897,18.20542],[105.55096,18.20507],[105.55315,18.20546],[105.55585,18.20519],[105.55764,18.2037],[105.56184,18.20359],[105.56323,18.20484],[105.56513,18.20506],[105.56757,18.20445],[105.56874,18.20507],[105.57088,18.20543],[105.57202,18.20514],[105.57337,18.20565],[105.57609,18.2059],[105.57739,18.2069],[105.58093,18.20765],[105.58296,18.20898],[105.58478,18.20896],[105.58702,18.21104],[105.58894,18.21081],[105.59251,18.20973],[105.59584,18.20995],[105.59853,18.20922],[105.60377,18.20592],[105.60494,18.20419],[105.60955,18.2042],[105.6109,18.2065],[105.6126,18.20696],[105.61354,18.20802],[105.6147,18.20716],[105.61582,18.20788],[105.61875,18.20797],[105.62177,18.20903],[105.62302,18.20828],[105.62395,18.20678],[105.62555,18.20636],[105.62664,18.20527],[105.62971,18.20492],[105.63117,18.20424],[105.63203,18.20507],[105.63625,18.20667],[105.63691,18.20506],[105.63868,18.205],[105.6395,18.20433],[105.64198,18.20451],[105.64263,18.20552],[105.64285,18.20708],[105.64479,18.20697],[105.64656,18.20802],[105.64644,18.20933],[105.64701,18.21025],[105.64823,18.21016],[105.64897,18.21148],[105.65026,18.21174],[105.65278,18.21045],[105.65374,18.21043],[105.65733,18.2129],[105.6571,18.21388],[105.65838,18.21489],[105.65775,18.21668],[105.65836,18.21825],[105.66128,18.21995],[105.66172,18.21945],[105.66388,18.22142],[105.65974,18.22633],[105.65993,18.22688],[105.65905,18.22896],[105.65774,18.22965],[105.65753,18.23223],[105.65702,18.23314],[105.66012,18.23539],[105.66213,18.23739],[105.66385,18.2374],[105.66501,18.23804],[105.66389,18.23949],[105.66458,18.24031],[105.66475,18.24202],[105.66432,18.24525],[105.66915,18.24968],[105.67175,18.25272],[105.67468,18.25481],[105.67696,18.25804],[105.67806,18.25843],[105.67841,18.25956],[105.67964,18.26034],[105.67934,18.26183],[105.68004,18.26266],[105.67751,18.26505],[105.67803,18.26647],[105.67537,18.26754],[105.67519,18.26803],[105.67231,18.26999],[105.67102,18.27272],[105.66962,18.27192],[105.66849,18.2725],[105.66813,18.27532],[105.66609,18.27747],[105.66471,18.27762],[105.66425,18.27841],[105.66252,18.2784],[105.66179,18.27899],[105.65977,18.27917],[105.65782,18.28094],[105.65676,18.28094],[105.65436,18.28174],[105.65334,18.28287],[105.65128,18.28332],[105.64806,18.28332],[105.64629,18.28421],[105.64475,18.28411],[105.6431,18.28579],[105.6417,18.28577],[105.63897,18.28743],[105.6372,18.28897],[105.63635,18.28797],[105.63935,18.28496],[105.63937,18.28417],[105.63794,18.2825],[105.63618,18.28115],[105.63544,18.27944],[105.6334,18.28048],[105.63236,18.28158],[105.63105,18.28216],[105.626,18.27905],[105.62443,18.28118],[105.62332,18.28364],[105.62128,18.28508],[105.6202,18.28675],[105.6188,18.2869],[105.61826,18.28583],[105.61556,18.28573],[105.61426,18.28516],[105.61319,18.28676],[105.60938,18.28833],[105.60686,18.28904],[105.60642,18.28967],[105.60622,18.2926],[105.60542,18.29448],[105.60391,18.2948],[105.60331,18.29614],[105.60185,18.29799],[105.60101,18.29988],[105.59937,18.30041],[105.59849,18.30224],[105.597,18.30305],[105.59524,18.30195],[105.59405,18.30188],[105.59178,18.30338],[105.58854,18.30417],[105.58819,18.30548],[105.58876,18.30755],[105.59056,18.30982],[105.59071,18.31199],[105.59003,18.31375]]]},"properties":{"a01_tinh":"diaphanhanhchinhcaptinh_sn.53","a02_xa":"diaphanhanhchinhcapxa_2025.2052","a03_ten":"Xã Hương Bình","a04_tentinh":"Tỉnh Hà Tĩnh","a05_truocsn":"Xã Hòa Hải, Xã Phúc Đồng, Xã Hương Bình","a06_trungtamhc":"UBND xã Hương Bình","a07_dt":"215.56","a08_ds":"1753","a09_dthoai":null,"a10_web":null,"ten":"Xã Hương Bình","ma":"18523","tentinh":"Tỉnh Hà Tĩnh","truocsapnhap":"Xã Hòa Hải, Xã Phúc Đồng, Xã Hương Bình","dientichkm2":null,"dansonguoi":null},"id":"diaphanhanhchinhcapxa_2025.2052"},
{"type":"Feature","geometry":{"type":"Polygon","coordinates":[[[105.8593,18.1712],[105.86221,18.17829],[105.86256,18.17958],[105.86447,18.18287],[105.8667,18.18715],[105.86838,18.19176],[105.86953,18.19397],[105.86863,18.19545],[105.86824,18.19699],[105.86757,18.1975],[105.86661,18.19981],[105.86457,18.20226],[105.8643,18.20339],[105.86308,18.20506],[105.86195,18.20593],[105.862,18.20689],[105.86108,18.20865],[105.86022,18.20918],[105.85875,18.21128],[105.85727,18.21201],[105.8556,18.21413],[105.85409,18.21409],[105.85094,18.21659],[105.84952,18.2171],[105.84603,18.21999],[105.84179,18.22073],[105.84061,18.22162],[105.83848,18.22401],[105.83962,18.22573],[105.83911,18.22664],[105.83985,18.2308],[105.8387,18.23217],[105.83618,18.23374],[105.8334,18.23444],[105.83245,18.23638],[105.83361,18.23924],[105.83505,18.24009],[105.83527,18.24148],[105.83707,18.24265],[105.83662,18.24386],[105.83662,18.24596],[105.83772,18.24901],[105.83854,18.24955],[105.83998,18.25194],[105.84006,18.25277],[105.83899,18.25502],[105.83733,18.25665],[105.83581,18.25761],[105.83356,18.25744],[105.83132,18.25648],[105.82945,18.25646],[105.82021,18.24753],[105.81875,18.24516],[105.8151,18.24536],[105.81296,18.24514],[105.81148,18.244],[105.80992,18.24409],[105.80934,18.24345],[105.80892,18.24122],[105.80224,18.23388],[105.80054,18.23389],[105.79975,18.23525],[105.79746,18.23626],[105.79246,18.23518],[105.79079,18.23519],[105.78796,18.23423],[105.78577,18.23471],[105.78368,18.2361],[105.78203,18.23603],[105.78031,18.23351],[105.77893,18.23208],[105.77915,18.22826],[105.77789,18.22413],[105.77953,18.22271],[105.77986,18.22086],[105.78172,18.22034],[105.7835,18.21882],[105.78297,18.21591],[105.78178,18.21519],[105.78029,18.21257],[105.78012,18.21119],[105.77914,18.2098],[105.77743,18.20848],[105.77675,18.20559],[105.77476,18.20515],[105.77419,18.20438],[105.77264,18.20562],[105.7714,18.2043],[105.77199,18.20279],[105.77294,18.20187],[105.77228,18.20043],[105.76968,18.19983],[105.76834,18.20056],[105.76794,18.19946],[105.7655,18.1977],[105.76249,18.19753],[105.7579,18.19964],[105.75572,18.20141],[105.75363,18.20273],[105.75219,18.20295],[105.74855,18.20526],[105.74727,18.20521],[105.74352,18.20621],[105.74018,18.20555],[105.73671,18.20425],[105.73462,18.20442],[105.73166,18.2031],[105.72952,18.20137],[105.73008,18.19953],[105.72946,18.19791],[105.72939,18.19509],[105.72821,18.19399],[105.72707,18.1936],[105.7238,18.19353],[105.72264,18.19376],[105.72034,18.19275],[105.71534,18.19164],[105.71156,18.19035],[105.71257,18.18796],[105.71102,18.18687],[105.71221,18.18469],[105.71323,18.18431],[105.71524,18.18495],[105.71642,18.1823],[105.71569,18.18091],[105.71391,18.17932],[105.71405,18.17843],[105.71603,18.17694],[105.71831,18.17781],[105.71878,18.17876],[105.71999,18.17782],[105.71804,18.17661],[105.71692,18.17509],[105.71437,18.17346],[105.71318,18.17183],[105.71337,18.16941],[105.71421,18.1685],[105.71569,18.16812],[105.71685,18.16616],[105.717,18.16443],[105.71635,18.16411],[105.71626,18.16237],[105.718,18.15986],[105.71731,18.1593],[105.71595,18.15954],[105.71569,18.15848],[105.71728,18.15764],[105.7172,18.15469],[105.71641,18.15399],[105.71658,18.15134],[105.71594,18.15057],[105.71626,18.149],[105.7187,18.1489],[105.71851,18.14745],[105.71735,18.14367],[105.71457,18.14289],[105.71465,18.14007],[105.71376,18.13933],[105.7109,18.13529],[105.70974,18.13234],[105.7093,18.12745],[105.70771,18.12425],[105.70792,18.12088],[105.7074,18.11934],[105.7064,18.11828],[105.70412,18.11748],[105.70049,18.11824],[105.69941,18.11696],[105.69574,18.11502],[105.69119,18.11405],[105.69015,18.11305],[105.69412,18.11262],[105.69527,18.11165],[105.69775,18.11137],[105.69892,18.11175],[105.70017,18.11097],[105.7001,18.10973],[105.70183,18.10699],[105.70149,18.1058],[105.69983,18.10373],[105.69983,18.10238],[105.70391,18.09739],[105.705,18.09648],[105.70628,18.09657],[105.70695,18.09528],[105.70793,18.09467],[105.70899,18.09239],[105.71201,18.0914],[105.71292,18.0927],[105.71365,18.09475],[105.71318,18.09644],[105.71421,18.09754],[105.71417,18.09835],[105.71619,18.09921],[105.71837,18.10082],[105.72017,18.10028],[105.72112,18.09846],[105.72543,18.09636],[105.72995,18.09476],[105.73131,18.09457],[105.7325,18.09687],[105.73432,18.09894],[105.73461,18.10154],[105.7376,18.10311],[105.7376,18.10388],[105.73606,18.10677],[105.73557,18.10998],[105.73479,18.11155],[105.73557,18.11295],[105.73522,18.11491],[105.73536,18.11672],[105.73417,18.11844],[105.73411,18.12007],[105.73353,18.12159],[105.73499,18.12256],[105.73712,18.1248],[105.73568,18.12639],[105.73686,18.12831],[105.74078,18.12893],[105.74234,18.13037],[105.74477,18.13165],[105.74777,18.12941],[105.74969,18.13115],[105.7435,18.13566],[105.74502,18.13731],[105.74566,18.13657],[105.753,18.13775],[105.75257,18.13953],[105.75526,18.1398],[105.75696,18.14115],[105.76986,18.14625],[105.77212,18.14804],[105.77452,18.14876],[105.77838,18.15179],[105.77842,18.15517],[105.7765,18.158],[105.77796,18.15944],[105.77894,18.16119],[105.78177,18.16304],[105.78192,18.16424],[105.78464,18.16641],[105.78597,18.16861],[105.78821,18.16938],[105.78942,18.16708],[105.79038,18.16633],[105.79333,18.16587],[105.79635,18.16429],[105.79615,18.16282],[105.79546,18.16187],[105.79631,18.16077],[105.79519,18.15875],[105.79516,18.1567],[105.79698,18.15631],[105.8007,18.15341],[105.80263,18.14914],[105.80291,18.14762],[105.80396,18.1475],[105.80718,18.14983],[105.80973,18.15057],[105.81367,18.14975],[105.81456,18.15032],[105.81598,18.15013],[105.81761,18.15175],[105.82075,18.15103],[105.8227,18.15229],[105.82466,18.15214],[105.82915,18.15277],[105.83294,18.15351],[105.83473,18.15237],[105.83608,18.15279],[105.83791,18.15259],[105.84016,18.15303],[105.84207,18.15122],[105.84196,18.1499],[105.84442,18.14681],[105.84485,18.14554],[105.846,18.14479],[105.84887,18.14429],[105.85305,18.14535],[105.8547,18.14768],[105.85584,18.14868],[105.85878,18.15042],[105.85958,18.15122],[105.86384,18.15397],[105.86475,18.15515],[105.8593,18.1712]]]},"properties":{"a01_tinh":"diaphanhanhchinhcaptinh_sn.53","a02_xa":"diaphanhanhchinhcapxa_2025.2036","a03_ten":"Xã Hương Đô","a04_tentinh":"Tỉnh Hà Tĩnh","a05_truocsn":"Xã Lộc Yên, Xã Hương Trà, Xã Hương Đô","a06_trungtamhc":"UBND xã Hương Trà","a07_dt":"140.83","a08_ds":"14287","a09_dthoai":null,"a10_web":null,"ten":"Xã Hương Đô","ma":"18550","tentinh":"Tỉnh Hà Tĩnh","truocsapnhap":"Xã Lộc Yên, Xã Hương Trà, Xã Hương Đô","dientichkm2":null,"dansonguoi":null},"id":"diaphanhanhchinhcapxa_2025.2036"},
{"type":"Feature","geometry":{"type":"Polygon","coordinates":[[[105.56865,18.08603],[105.57,18.0885],[105.571,18.09437],[105.57242,18.09802],[105.57412,18.0999],[105.57718,18.10142],[105.57996,18.10402],[105.5844,18.10708],[105.58658,18.11002],[105.58784,18.11008],[105.59063,18.1112],[105.592,18.11212],[105.59341,18.11434],[105.59348,18.11678],[105.59468,18.12029],[105.59792,18.12614],[105.59958,18.12755],[105.60163,18.12792],[105.60444,18.12941],[105.60544,18.13225],[105.60705,18.13373],[105.60741,18.13507],[105.6102,18.1377],[105.61234,18.13934],[105.61286,18.14088],[105.61207,18.14225],[105.61055,18.14261],[105.60896,18.14401],[105.60954,18.14526],[105.61053,18.14461],[105.61143,18.14562],[105.61337,18.14565],[105.61506,18.1444],[105.61641,18.14467],[105.6177,18.14578],[105.61694,18.14684],[105.61898,18.1472],[105.62035,18.1482],[105.62224,18.15018],[105.62375,18.15102],[105.6254,18.15098],[105.62673,18.15258],[105.62517,18.15296],[105.62496,18.15402],[105.62701,18.15452],[105.62901,18.15641],[105.62887,18.15802],[105.62947,18.15961],[105.62845,18.16059],[105.63001,18.16169],[105.63029,18.16268],[105.62972,18.16388],[105.62808,18.16278],[105.62669,18.16325],[105.62596,18.16549],[105.62821,18.1668],[105.62971,18.1702],[105.63066,18.17064],[105.63189,18.16983],[105.6323,18.16834],[105.63345,18.167],[105.63825,18.16601],[105.64075,18.16578],[105.64332,18.16706],[105.64429,18.16803],[105.6445,18.16964],[105.64677,18.17044],[105.646,18.17191],[105.64485,18.17301],[105.64469,18.1744],[105.64895,18.17714],[105.65043,18.17722],[105.65338,18.17618],[105.65489,18.17647],[105.65701,18.17746],[105.65783,18.17745],[105.66055,18.17608],[105.66318,18.17531],[105.66447,18.17536],[105.66767,18.17696],[105.66822,18.17781],[105.67003,18.17741],[105.6723,18.17614],[105.67525,18.17599],[105.67709,18.17533],[105.67825,18.17386],[105.67891,18.17146],[105.68074,18.16918],[105.68275,18.16975],[105.68445,18.17165],[105.68558,18.17133],[105.68777,18.16652],[105.6898,18.16497],[105.69253,18.16046],[105.69391,18.15936],[105.69684,18.1593],[105.69832,18.1604],[105.70285,18.16045],[105.70489,18.16144],[105.70592,18.16142],[105.70713,18.16043],[105.70487,18.15778],[105.70585,18.15498],[105.70794,18.15365],[105.70856,18.15393],[105.71007,18.15632],[105.71224,18.15824],[105.71458,18.15959],[105.71488,18.16079],[105.71626,18.16237],[105.71635,18.16411],[105.717,18.16443],[105.71685,18.16616],[105.71569,18.16812],[105.71421,18.1685],[105.71337,18.16941],[105.71318,18.17183],[105.71437,18.17346],[105.71241,18.17348],[105.71287,18.17582],[105.71146,18.17612],[105.70959,18.17918],[105.7071,18.18138],[105.70455,18.18447],[105.70359,18.18671],[105.70238,18.18682],[105.69965,18.18382],[105.69723,18.18262],[105.6948,18.18066],[105.69367,18.18121],[105.68809,18.18103],[105.68808,18.1818],[105.68543,18.18292],[105.68557,18.18434],[105.68379,18.18564],[105.68378,18.18889],[105.68503,18.1914],[105.68338,18.1936],[105.6832,18.19475],[105.68454,18.1953],[105.68453,18.19719],[105.68403,18.19911],[105.67719,18.20327],[105.67605,18.20522],[105.67522,18.20548],[105.67433,18.20688],[105.67482,18.20881],[105.67326,18.20984],[105.67237,18.21219],[105.67129,18.21246],[105.67076,18.21667],[105.669,18.21768],[105.66805,18.21933],[105.66686,18.22011],[105.66388,18.22142],[105.66172,18.21945],[105.66128,18.21995],[105.65836,18.21825],[105.65775,18.21668],[105.65838,18.21489],[105.6571,18.21388],[105.65733,18.2129],[105.65374,18.21043],[105.65278,18.21045],[105.65026,18.21174],[105.64897,18.21148],[105.64823,18.21016],[105.64701,18.21025],[105.64644,18.20933],[105.64656,18.20802],[105.64479,18.20697],[105.64285,18.20708],[105.64263,18.20552],[105.64198,18.20451],[105.6395,18.20433],[105.63868,18.205],[105.63691,18.20506],[105.63625,18.20667],[105.63203,18.20507],[105.63117,18.20424],[105.62971,18.20492],[105.62664,18.20527],[105.62555,18.20636],[105.62395,18.20678],[105.62302,18.20828],[105.62177,18.20903],[105.61875,18.20797],[105.61582,18.20788],[105.6147,18.20716],[105.61354,18.20802],[105.6126,18.20696],[105.6109,18.2065],[105.60955,18.2042],[105.60494,18.20419],[105.60377,18.20592],[105.59853,18.20922],[105.59584,18.20995],[105.59251,18.20973],[105.58894,18.21081],[105.58702,18.21104],[105.58478,18.20896],[105.58296,18.20898],[105.58093,18.20765],[105.57739,18.2069],[105.57609,18.2059],[105.57337,18.20565],[105.57202,18.20514],[105.57088,18.20543],[105.56874,18.20507],[105.56757,18.20445],[105.56513,18.20506],[105.56323,18.20484],[105.56184,18.20359],[105.55764,18.2037],[105.55585,18.20519],[105.55315,18.20546],[105.55096,18.20507],[105.54897,18.20542],[105.5461,18.20698],[105.54385,18.20762],[105.54039,18.20703],[105.53856,18.20752],[105.53674,18.20652],[105.53523,18.20521],[105.53326,18.20534],[105.52963,18.20467],[105.52781,18.20365],[105.52589,18.20358],[105.5238,18.20249],[105.52221,18.20279],[105.52045,18.20435],[105.51759,18.20408],[105.51419,18.20063],[105.51375,18.19953],[105.51078,18.19786],[105.50905,18.19592],[105.50826,18.19408],[105.50588,18.19256],[105.50395,18.19254],[105.50236,18.192],[105.50004,18.18934],[105.50189,18.18823],[105.50216,18.18655],[105.50409,18.1819],[105.50438,18.18024],[105.50562,18.17908],[105.50527,18.17661],[105.50589,18.17518],[105.5043,18.17264],[105.50475,18.17116],[105.50661,18.17069],[105.50702,18.16929],[105.50804,18.16806],[105.50833,18.1648],[105.50887,18.16311],[105.51023,18.16175],[105.51092,18.15866],[105.51163,18.15674],[105.51095,18.1529],[105.51287,18.14953],[105.51187,18.14775],[105.50949,18.14575],[105.50753,18.14595],[105.50621,18.14492],[105.50579,18.14339],[105.50496,18.14276],[105.5043,18.14124],[105.5044,18.13989],[105.50376,18.13892],[105.50474,18.13668],[105.50621,18.13611],[105.50677,18.13511],[105.50373,18.13385],[105.50331,18.13318],[105.50446,18.1311],[105.50365,18.12862],[105.50633,18.12624],[105.50576,18.12499],[105.50609,18.124],[105.50996,18.12167],[105.51111,18.11956],[105.51173,18.11989],[105.51228,18.12258],[105.5131,18.124],[105.51594,18.12527],[105.51731,18.12533],[105.51809,18.12607],[105.52169,18.12635],[105.52308,18.12546],[105.52612,18.12274],[105.52702,18.12069],[105.52807,18.11927],[105.52941,18.11897],[105.53049,18.11779],[105.53441,18.1153],[105.53566,18.11392],[105.53547,18.11165],[105.53652,18.11035],[105.53617,18.10884],[105.5372,18.10713],[105.5386,18.10684],[105.53973,18.10488],[105.53853,18.10215],[105.53908,18.09978],[105.53984,18.09835],[105.53987,18.09522],[105.53924,18.09278],[105.53967,18.09035],[105.53975,18.08679],[105.53929,18.08447],[105.54027,18.08249],[105.54202,18.08236],[105.5436,18.08166],[105.54409,18.0807],[105.54705,18.08118],[105.54774,18.08073],[105.54973,18.08102],[105.55205,18.08212],[105.55297,18.08184],[105.55463,18.08033],[105.55596,18.08041],[105.5564,18.0812],[105.55777,18.08055],[105.55905,18.08056],[105.56166,18.08179],[105.56307,18.08192],[105.56471,18.08284],[105.56865,18.08603]]]},"properties":{"a01_tinh":"diaphanhanhchinhcaptinh_sn.53","a02_xa":"diaphanhanhchinhcapxa_2025.2050","a03_ten":"Xã Hương Khê","a04_tentinh":"Tỉnh Hà Tĩnh","a05_truocsn":"Thị trấn Hương Khê, Xã Hương Long, Xã Phú Gia","a06_trungtamhc":"UBND huyện Hương Khê","a07_dt":"165.89","a08_ds":"29994","a09_dthoai":null,"a10_web":null,"ten":"Xã Hương Khê","ma":"18496","tentinh":"Tỉnh Hà Tĩnh","truocsapnhap":"Thị trấn Hương Khê, Xã Hương Long, Xã Phú Gia","dientichkm2":null,"dansonguoi":null},"id":"diaphanhanhchinhcapxa_2025.2050"},
{"type":"Feature","geometry":{"type":"Polygon","coordinates":[[[105.80247,18.27918],[105.80011,18.27977],[105.79838,18.28226],[105.79567,18.28454],[105.795,18.28575],[105.7961,18.2881],[105.7949,18.29197],[105.79245,18.29235],[105.7905,18.29747],[105.78828,18.29778],[105.78513,18.29898],[105.78247,18.29949],[105.78103,18.29783],[105.7784,18.29691],[105.77651,18.29765],[105.77506,18.29719],[105.77287,18.29748],[105.77134,18.29688],[105.76685,18.29921],[105.76577,18.29906],[105.76405,18.29746],[105.76239,18.29741],[105.76084,18.2961],[105.76021,18.29415],[105.75628,18.29404],[105.75364,18.29615],[105.75106,18.29747],[105.7475,18.29818],[105.74622,18.29745],[105.74454,18.29811],[105.74295,18.29784],[105.7419,18.29901],[105.73994,18.29892],[105.73629,18.29698],[105.73548,18.29405],[105.73441,18.2933],[105.73223,18.29301],[105.73062,18.29103],[105.72649,18.2882],[105.72584,18.28577],[105.72659,18.28444],[105.72638,18.28344],[105.72389,18.28224],[105.72303,18.28263],[105.72056,18.28218],[105.71956,18.28141],[105.72015,18.27955],[105.71912,18.27808],[105.71922,18.27588],[105.71532,18.27579],[105.71425,18.27632],[105.7133,18.27532],[105.71209,18.27321],[105.71102,18.27204],[105.70944,18.27178],[105.70781,18.27063],[105.70509,18.26965],[105.70479,18.26864],[105.70516,18.26709],[105.70373,18.26475],[105.70042,18.26302],[105.69944,18.26419],[105.69756,18.2656],[105.69574,18.26766],[105.6836,18.26669],[105.67803,18.26647],[105.67751,18.26505],[105.68004,18.26266],[105.67934,18.26183],[105.67964,18.26034],[105.67841,18.25956],[105.67806,18.25843],[105.67696,18.25804],[105.67468,18.25481],[105.67175,18.25272],[105.66915,18.24968],[105.66432,18.24525],[105.66475,18.24202],[105.66458,18.24031],[105.66389,18.23949],[105.66501,18.23804],[105.66385,18.2374],[105.66213,18.23739],[105.66012,18.23539],[105.65702,18.23314],[105.65753,18.23223],[105.65774,18.22965],[105.65905,18.22896],[105.65993,18.22688],[105.65974,18.22633],[105.66388,18.22142],[105.66686,18.22011],[105.66805,18.21933],[105.669,18.21768],[105.67076,18.21667],[105.67129,18.21246],[105.67237,18.21219],[105.67326,18.20984],[105.67482,18.20881],[105.67433,18.20688],[105.67522,18.20548],[105.67605,18.20522],[105.67719,18.20327],[105.68403,18.19911],[105.68453,18.19719],[105.68454,18.1953],[105.6832,18.19475],[105.68338,18.1936],[105.68503,18.1914],[105.68378,18.18889],[105.68379,18.18564],[105.68557,18.18434],[105.68543,18.18292],[105.68808,18.1818],[105.68809,18.18103],[105.69367,18.18121],[105.6948,18.18066],[105.69723,18.18262],[105.69965,18.18382],[105.70238,18.18682],[105.70359,18.18671],[105.70455,18.18447],[105.7071,18.18138],[105.70959,18.17918],[105.71146,18.17612],[105.71287,18.17582],[105.71241,18.17348],[105.71437,18.17346],[105.71692,18.17509],[105.71804,18.17661],[105.71999,18.17782],[105.71878,18.17876],[105.71831,18.17781],[105.71603,18.17694],[105.71405,18.17843],[105.71391,18.17932],[105.71569,18.18091],[105.71642,18.1823],[105.71524,18.18495],[105.71323,18.18431],[105.71221,18.18469],[105.71102,18.18687],[105.71257,18.18796],[105.71156,18.19035],[105.71534,18.19164],[105.72034,18.19275],[105.72264,18.19376],[105.7238,18.19353],[105.72707,18.1936],[105.72821,18.19399],[105.72939,18.19509],[105.72946,18.19791],[105.73008,18.19953],[105.72952,18.20137],[105.73166,18.2031],[105.73462,18.20442],[105.73671,18.20425],[105.74018,18.20555],[105.74352,18.20621],[105.74727,18.20521],[105.74855,18.20526],[105.75219,18.20295],[105.75363,18.20273],[105.75572,18.20141],[105.7579,18.19964],[105.76249,18.19753],[105.7655,18.1977],[105.76794,18.19946],[105.76834,18.20056],[105.76968,18.19983],[105.77228,18.20043],[105.77294,18.20187],[105.77199,18.20279],[105.7714,18.2043],[105.77264,18.20562],[105.77419,18.20438],[105.77476,18.20515],[105.77675,18.20559],[105.77743,18.20848],[105.77914,18.2098],[105.78012,18.21119],[105.78029,18.21257],[105.78178,18.21519],[105.78297,18.21591],[105.7835,18.21882],[105.78172,18.22034],[105.77986,18.22086],[105.77953,18.22271],[105.77789,18.22413],[105.77915,18.22826],[105.77893,18.23208],[105.78031,18.23351],[105.78203,18.23603],[105.78368,18.2361],[105.78577,18.23471],[105.78796,18.23423],[105.79079,18.23519],[105.79246,18.23518],[105.79746,18.23626],[105.79975,18.23525],[105.80054,18.23389],[105.80224,18.23388],[105.80892,18.24122],[105.80934,18.24345],[105.80992,18.24409],[105.81148,18.244],[105.81296,18.24514],[105.8151,18.24536],[105.81875,18.24516],[105.82021,18.24753],[105.82945,18.25646],[105.82904,18.2589],[105.8278,18.26051],[105.82616,18.26105],[105.82489,18.26249],[105.82304,18.26276],[105.82197,18.26374],[105.82188,18.265],[105.81988,18.26611],[105.81685,18.26696],[105.81552,18.267],[105.81328,18.27034],[105.81101,18.27181],[105.809,18.27261],[105.80879,18.27371],[105.80734,18.27532],[105.80624,18.2755],[105.80392,18.27675],[105.80306,18.27882],[105.80247,18.27918]]]},"properties":{"a01_tinh":"diaphanhanhchinhcaptinh_sn.53","a02_xa":"diaphanhanhchinhcapxa_2025.2051","a03_ten":"Xã Hương Phố","a04_tentinh":"Tỉnh Hà Tĩnh","a05_truocsn":"Xã Hương Giang, Xã Hương Thủy, Xã Gia Phố","a06_trungtamhc":"UBND xã Gia Phố","a07_dt":"135.68","a08_ds":"18633","a09_dthoai":null,"a10_web":null,"ten":"Xã Hương Phố","ma":"18532","tentinh":"Tỉnh Hà Tĩnh","truocsapnhap":"Xã Hương Giang, Xã Hương Thủy, Xã Gia Phố","dientichkm2":null,"dansonguoi":null},"id":"diaphanhanhchinhcapxa_2025.2051"},
{"type":"Feature","geometry":{"type":"Polygon","coordinates":[[[105.50842,18.53948],[105.50573,18.54148],[105.50243,18.54432],[105.49929,18.54455],[105.49961,18.54211],[105.49945,18.54061],[105.49706,18.53883],[105.49348,18.53787],[105.49192,18.53829],[105.49091,18.53799],[105.49003,18.5368],[105.48714,18.53707],[105.48496,18.53771],[105.48028,18.5382],[105.47901,18.5393],[105.47528,18.54071],[105.4731,18.54261],[105.47236,18.54275],[105.47074,18.54188],[105.46838,18.54261],[105.46728,18.54178],[105.46507,18.5388],[105.46463,18.53757],[105.46257,18.53678],[105.46178,18.53465],[105.45974,18.53535],[105.45816,18.5346],[105.45607,18.535],[105.45391,18.53496],[105.45301,18.53341],[105.45165,18.53259],[105.44976,18.53337],[105.44709,18.53365],[105.44545,18.53535],[105.44231,18.53777],[105.4392,18.53968],[105.43687,18.53897],[105.43588,18.53833],[105.43493,18.53863],[105.43336,18.54023],[105.4312,18.54075],[105.42862,18.53966],[105.42607,18.53883],[105.42494,18.53787],[105.4218,18.53706],[105.42185,18.5337],[105.42372,18.53129],[105.42511,18.53139],[105.42533,18.529],[105.4267,18.52949],[105.43075,18.52764],[105.43242,18.52783],[105.43328,18.52708],[105.43046,18.52601],[105.42969,18.52484],[105.42862,18.52216],[105.42623,18.5183],[105.42497,18.51671],[105.42216,18.51399],[105.4211,18.5122],[105.41937,18.51199],[105.41632,18.51219],[105.41526,18.51194],[105.41484,18.50944],[105.41401,18.50687],[105.41482,18.50552],[105.41436,18.5038],[105.41263,18.50064],[105.41356,18.49893],[105.41264,18.4983],[105.41217,18.49633],[105.41346,18.49581],[105.41332,18.49437],[105.41537,18.49495],[105.41583,18.49434],[105.41763,18.49467],[105.4193,18.49395],[105.42121,18.4945],[105.42239,18.49243],[105.42333,18.4936],[105.42479,18.49341],[105.42621,18.4917],[105.428,18.4909],[105.42911,18.48814],[105.43141,18.48723],[105.43202,18.48859],[105.43325,18.4899],[105.43602,18.48725],[105.43624,18.48594],[105.43715,18.4852],[105.43812,18.48222],[105.43991,18.48112],[105.44078,18.47959],[105.4427,18.4807],[105.44341,18.48247],[105.44441,18.48335],[105.44445,18.48479],[105.44637,18.48452],[105.44777,18.48567],[105.44829,18.48696],[105.4489,18.49009],[105.44958,18.49171],[105.45163,18.49277],[105.45225,18.49386],[105.45217,18.49824],[105.45339,18.50057],[105.45253,18.50382],[105.45326,18.50499],[105.45343,18.50747],[105.4554,18.506],[105.45732,18.50639],[105.46056,18.50585],[105.46241,18.50637],[105.46327,18.50721],[105.46657,18.50778],[105.4673,18.50663],[105.46846,18.5075],[105.46897,18.50597],[105.46994,18.50611],[105.4716,18.50469],[105.47122,18.5032],[105.47161,18.50178],[105.47353,18.50195],[105.47484,18.50288],[105.47523,18.50504],[105.47683,18.50455],[105.47727,18.50609],[105.47618,18.50705],[105.47759,18.50804],[105.47651,18.50961],[105.47738,18.51056],[105.4785,18.51033],[105.4799,18.51141],[105.48053,18.51335],[105.48217,18.51436],[105.48297,18.51626],[105.48406,18.51734],[105.48514,18.51763],[105.48613,18.51672],[105.48763,18.51621],[105.48956,18.51699],[105.49,18.523],[105.49122,18.52668],[105.49361,18.53043],[105.49642,18.53256],[105.49843,18.53589],[105.49971,18.53689],[105.50261,18.53774],[105.50676,18.53838],[105.50842,18.53948]]]},"properties":{"a01_tinh":"diaphanhanhchinhcaptinh_sn.53","a02_xa":"diaphanhanhchinhcapxa_2025.2043","a03_ten":"Xã Hương Sơn","a04_tentinh":"Tỉnh Hà Tĩnh","a05_truocsn":"Thị trấn Phố Châu, Xã Sơn Phú, Xã Sơn Bằng, Xã Sơn Ninh, Xã Sơn Trung","a06_trungtamhc":"UBND huyện Hương Sơn","a07_dt":"32.62","a08_ds":"31486","a09_dthoai":null,"a10_web":null,"ten":"Xã Hương Sơn","ma":"18133","tentinh":"Tỉnh Hà Tĩnh","truocsapnhap":"Thị trấn Phố Châu, Xã Sơn Phú, Xã Sơn Bằng, Xã Sơn Ninh, Xã Sơn Trung","dientichkm2":null,"dansonguoi":null},"id":"diaphanhanhchinhcapxa_2025.2043"},
{"type":"Feature","geometry":{"type":"Polygon","coordinates":[[[105.71626,18.16237],[105.71488,18.16079],[105.71458,18.15959],[105.71224,18.15824],[105.71007,18.15632],[105.70856,18.15393],[105.70794,18.15365],[105.70585,18.15498],[105.70487,18.15778],[105.70713,18.16043],[105.70592,18.16142],[105.70489,18.16144],[105.70285,18.16045],[105.69832,18.1604],[105.69684,18.1593],[105.69391,18.15936],[105.69253,18.16046],[105.6898,18.16497],[105.68777,18.16652],[105.68558,18.17133],[105.68445,18.17165],[105.68275,18.16975],[105.68074,18.16918],[105.67891,18.17146],[105.67825,18.17386],[105.67709,18.17533],[105.67525,18.17599],[105.6723,18.17614],[105.67003,18.17741],[105.66822,18.17781],[105.66767,18.17696],[105.66447,18.17536],[105.66318,18.17531],[105.66055,18.17608],[105.65783,18.17745],[105.65701,18.17746],[105.65489,18.17647],[105.65338,18.17618],[105.65043,18.17722],[105.64895,18.17714],[105.64469,18.1744],[105.64485,18.17301],[105.646,18.17191],[105.64677,18.17044],[105.6445,18.16964],[105.64429,18.16803],[105.64332,18.16706],[105.64075,18.16578],[105.63825,18.16601],[105.63345,18.167],[105.6323,18.16834],[105.63189,18.16983],[105.63066,18.17064],[105.62971,18.1702],[105.62821,18.1668],[105.62596,18.16549],[105.62669,18.16325],[105.62808,18.16278],[105.62972,18.16388],[105.63029,18.16268],[105.63001,18.16169],[105.62845,18.16059],[105.62947,18.15961],[105.62887,18.15802],[105.62901,18.15641],[105.62701,18.15452],[105.62496,18.15402],[105.62517,18.15296],[105.62673,18.15258],[105.6254,18.15098],[105.62375,18.15102],[105.62224,18.15018],[105.62035,18.1482],[105.61898,18.1472],[105.61694,18.14684],[105.6177,18.14578],[105.61641,18.14467],[105.61506,18.1444],[105.61337,18.14565],[105.61143,18.14562],[105.61053,18.14461],[105.60954,18.14526],[105.60896,18.14401],[105.61055,18.14261],[105.61207,18.14225],[105.61286,18.14088],[105.61234,18.13934],[105.6102,18.1377],[105.60741,18.13507],[105.60705,18.13373],[105.60544,18.13225],[105.60444,18.12941],[105.60163,18.12792],[105.59958,18.12755],[105.59792,18.12614],[105.59468,18.12029],[105.59348,18.11678],[105.59341,18.11434],[105.592,18.11212],[105.59063,18.1112],[105.58784,18.11008],[105.58658,18.11002],[105.5844,18.10708],[105.57996,18.10402],[105.57718,18.10142],[105.57412,18.0999],[105.57242,18.09802],[105.571,18.09437],[105.57,18.0885],[105.56865,18.08603],[105.57118,18.08396],[105.5713,18.08123],[105.57225,18.07736],[105.5737,18.07458],[105.57361,18.07238],[105.57515,18.0708],[105.57677,18.0697],[105.57608,18.06792],[105.57273,18.06683],[105.5726,18.06613],[105.57344,18.06296],[105.5753,18.06138],[105.57849,18.06108],[105.58003,18.06212],[105.581,18.05888],[105.58181,18.05783],[105.58192,18.0563],[105.58264,18.05543],[105.5823,18.0515],[105.58256,18.04979],[105.58228,18.04855],[105.5833,18.04757],[105.58387,18.04542],[105.58568,18.04361],[105.58569,18.04136],[105.58473,18.03977],[105.58557,18.03785],[105.5846,18.0365],[105.58255,18.03494],[105.58246,18.03304],[105.58173,18.02894],[105.5796,18.02697],[105.57974,18.02588],[105.58114,18.02377],[105.58116,18.02265],[105.58379,18.02051],[105.58394,18.01895],[105.58317,18.01817],[105.5814,18.01395],[105.58288,18.01317],[105.58453,18.01064],[105.5873,18.01152],[105.58844,18.01128],[105.59024,18.00965],[105.59206,18.00957],[105.59391,18.00897],[105.59453,18.00804],[105.59466,18.00476],[105.59571,18.00327],[105.5989,18.00243],[105.59907,18.00444],[105.60015,18.00596],[105.60348,18.00744],[105.60447,18.00939],[105.60706,18.00988],[105.60838,18.01065],[105.61316,18.01185],[105.61566,18.01063],[105.61622,18.00966],[105.6168,18.00714],[105.61902,18.00375],[105.62125,18.00139],[105.62179,17.99998],[105.62443,17.9987],[105.62632,17.99663],[105.62931,17.99404],[105.63058,17.9942],[105.63313,17.99186],[105.63699,17.99217],[105.63993,17.9936],[105.64218,17.99375],[105.64354,17.99246],[105.70475,17.99234],[105.70608,17.9925],[105.70776,17.99504],[105.71075,17.99622],[105.71314,17.99875],[105.71263,18.00184],[105.71428,18.00311],[105.71492,18.00427],[105.71716,18.00433],[105.72028,18.00565],[105.72144,18.00812],[105.72048,18.00985],[105.72119,18.01109],[105.72124,18.01281],[105.71998,18.015],[105.71977,18.01839],[105.72004,18.02028],[105.72065,18.02135],[105.72234,18.02283],[105.72393,18.02343],[105.7248,18.02596],[105.72674,18.02754],[105.72713,18.0287],[105.72853,18.02907],[105.72926,18.03211],[105.72987,18.03316],[105.72756,18.03598],[105.72756,18.03953],[105.72687,18.04077],[105.72735,18.04306],[105.7264,18.04472],[105.72634,18.04585],[105.72703,18.04813],[105.72483,18.04864],[105.72327,18.05153],[105.72266,18.05189],[105.72356,18.0541],[105.72324,18.05554],[105.72343,18.05739],[105.72221,18.05939],[105.72185,18.06183],[105.72207,18.06338],[105.7232,18.06297],[105.72474,18.06315],[105.72686,18.06511],[105.72649,18.06869],[105.72725,18.06967],[105.72715,18.07279],[105.73003,18.07613],[105.73483,18.08142],[105.73778,18.08308],[105.73938,18.08571],[105.73612,18.08816],[105.73574,18.08922],[105.73296,18.0916],[105.73283,18.09242],[105.73131,18.09457],[105.72995,18.09476],[105.72543,18.09636],[105.72112,18.09846],[105.72017,18.10028],[105.71837,18.10082],[105.71619,18.09921],[105.71417,18.09835],[105.71421,18.09754],[105.71318,18.09644],[105.71365,18.09475],[105.71292,18.0927],[105.71201,18.0914],[105.70899,18.09239],[105.70793,18.09467],[105.70695,18.09528],[105.70628,18.09657],[105.705,18.09648],[105.70391,18.09739],[105.69983,18.10238],[105.69983,18.10373],[105.70149,18.1058],[105.70183,18.10699],[105.7001,18.10973],[105.70017,18.11097],[105.69892,18.11175],[105.69775,18.11137],[105.69527,18.11165],[105.69412,18.11262],[105.69015,18.11305],[105.69119,18.11405],[105.69574,18.11502],[105.69941,18.11696],[105.70049,18.11824],[105.70412,18.11748],[105.7064,18.11828],[105.7074,18.11934],[105.70792,18.12088],[105.70771,18.12425],[105.7093,18.12745],[105.70974,18.13234],[105.7109,18.13529],[105.71376,18.13933],[105.71465,18.14007],[105.71457,18.14289],[105.71735,18.14367],[105.71851,18.14745],[105.7187,18.1489],[105.71626,18.149],[105.71594,18.15057],[105.71658,18.15134],[105.71641,18.15399],[105.7172,18.15469],[105.71728,18.15764],[105.71569,18.15848],[105.71595,18.15954],[105.71731,18.1593],[105.718,18.15986],[105.71626,18.16237]]]},"properties":{"a01_tinh":"diaphanhanhchinhcaptinh_sn.53","a02_xa":"diaphanhanhchinhcapxa_2025.2037","a03_ten":"Xã Hương Xuân","a04_tentinh":"Tỉnh Hà Tĩnh","a05_truocsn":"Xã Hương Lâm, Xã Hương Vĩnh, Xã Hương Xuân","a06_trungtamhc":"UBND xã Hương Xuân","a07_dt":"263.14","a08_ds":"17422","a09_dthoai":null,"a10_web":null,"ten":"Xã Hương Xuân","ma":"18544","tentinh":"Tỉnh Hà Tĩnh","truocsapnhap":"Xã Hương Lâm, Xã Hương Vĩnh, Xã Hương Xuân","dientichkm2":null,"dansonguoi":null},"id":"diaphanhanhchinhcapxa_2025.2037"},
{"type":"Feature","geometry":{"type":"Polygon","coordinates":[[[105.50439,18.4693],[105.50417,18.4708],[105.50457,18.47256],[105.50578,18.47469],[105.50706,18.4754],[105.50944,18.47738],[105.51111,18.47828],[105.5112,18.47954],[105.51035,18.48033],[105.51017,18.48085],[105.50847,18.48463],[105.50734,18.48616],[105.50985,18.48772],[105.51008,18.48937],[105.51102,18.49137],[105.50756,18.49246],[105.50522,18.49496],[105.50374,18.4983],[105.50262,18.49901],[105.50038,18.49968],[105.49988,18.50251],[105.49841,18.50383],[105.49626,18.50504],[105.49605,18.506],[105.49345,18.50533],[105.49168,18.50617],[105.48939,18.50478],[105.48752,18.50533],[105.4868,18.50634],[105.48483,18.50672],[105.48276,18.50954],[105.48366,18.51195],[105.48346,18.51563],[105.48297,18.51626],[105.48217,18.51436],[105.48053,18.51335],[105.4799,18.51141],[105.4785,18.51033],[105.47738,18.51056],[105.47651,18.50961],[105.47759,18.50804],[105.47618,18.50705],[105.47727,18.50609],[105.47683,18.50455],[105.47523,18.50504],[105.47484,18.50288],[105.47353,18.50195],[105.47161,18.50178],[105.47122,18.5032],[105.4716,18.50469],[105.46994,18.50611],[105.46897,18.50597],[105.46846,18.5075],[105.4673,18.50663],[105.46657,18.50778],[105.46327,18.50721],[105.46241,18.50637],[105.46056,18.50585],[105.45732,18.50639],[105.4554,18.506],[105.45343,18.50747],[105.45326,18.50499],[105.45253,18.50382],[105.45339,18.50057],[105.45217,18.49824],[105.45225,18.49386],[105.45163,18.49277],[105.44958,18.49171],[105.4489,18.49009],[105.44829,18.48696],[105.44777,18.48567],[105.44637,18.48452],[105.44445,18.48479],[105.44441,18.48335],[105.44341,18.48247],[105.4427,18.4807],[105.44078,18.47959],[105.43991,18.48112],[105.43812,18.48222],[105.43715,18.4852],[105.43624,18.48594],[105.43602,18.48725],[105.43325,18.4899],[105.43202,18.48859],[105.43141,18.48723],[105.42911,18.48814],[105.428,18.4909],[105.42621,18.4917],[105.42479,18.49341],[105.42333,18.4936],[105.42239,18.49243],[105.42121,18.4945],[105.4193,18.49395],[105.41763,18.49467],[105.41583,18.49434],[105.41537,18.49495],[105.41332,18.49437],[105.4116,18.49389],[105.41057,18.49416],[105.40873,18.49128],[105.40562,18.49284],[105.40108,18.49124],[105.39839,18.48978],[105.39889,18.48844],[105.39674,18.48744],[105.39653,18.48612],[105.39819,18.4858],[105.3973,18.4843],[105.39211,18.4839],[105.38822,18.48294],[105.38697,18.48239],[105.38569,18.47772],[105.38346,18.47691],[105.38218,18.47556],[105.3795,18.47637],[105.37604,18.47428],[105.37483,18.47446],[105.37233,18.47299],[105.3708,18.47335],[105.3713,18.4712],[105.37052,18.47045],[105.37098,18.46815],[105.3732,18.46559],[105.37638,18.46252],[105.37761,18.46221],[105.37945,18.4607],[105.38259,18.46011],[105.38343,18.4592],[105.38591,18.4588],[105.38888,18.45652],[105.39109,18.45524],[105.39105,18.45391],[105.39203,18.45216],[105.39246,18.45033],[105.39345,18.44864],[105.39463,18.44621],[105.39515,18.44444],[105.39646,18.44395],[105.39794,18.44244],[105.39811,18.44162],[105.4004,18.43803],[105.40313,18.43872],[105.40549,18.4389],[105.40715,18.43804],[105.4088,18.43824],[105.41237,18.44047],[105.41324,18.44236],[105.41445,18.44356],[105.41752,18.44527],[105.41921,18.44366],[105.42198,18.4422],[105.42336,18.43974],[105.42449,18.43939],[105.42665,18.43793],[105.42921,18.43524],[105.42947,18.43407],[105.43153,18.43387],[105.43232,18.43341],[105.43334,18.4316],[105.43428,18.43144],[105.43505,18.42956],[105.43593,18.43007],[105.43648,18.42863],[105.43767,18.42864],[105.43809,18.43021],[105.43973,18.43023],[105.44083,18.4294],[105.44377,18.43044],[105.44526,18.43041],[105.44861,18.43146],[105.45404,18.43264],[105.45483,18.43181],[105.45447,18.43061],[105.45541,18.43016],[105.45539,18.42849],[105.45662,18.42671],[105.46129,18.42343],[105.4635,18.42254],[105.46494,18.42245],[105.46625,18.4216],[105.46726,18.41993],[105.46882,18.41827],[105.46916,18.4172],[105.47207,18.416],[105.47419,18.4161],[105.47544,18.41456],[105.47575,18.41305],[105.47821,18.4111],[105.4791,18.40933],[105.48079,18.40869],[105.48224,18.40759],[105.48296,18.40947],[105.48395,18.41021],[105.48407,18.41298],[105.48481,18.41453],[105.48238,18.41865],[105.48438,18.41976],[105.48574,18.4187],[105.48745,18.42038],[105.48745,18.42302],[105.486,18.42314],[105.48265,18.42729],[105.48077,18.42831],[105.48175,18.42914],[105.48069,18.43006],[105.47894,18.43017],[105.47965,18.43158],[105.48093,18.43228],[105.48281,18.43493],[105.48432,18.43557],[105.48379,18.43806],[105.4842,18.43852],[105.48757,18.44021],[105.48816,18.43928],[105.4899,18.44067],[105.4907,18.44276],[105.49043,18.44452],[105.49182,18.44437],[105.49298,18.44586],[105.49427,18.4457],[105.49568,18.44811],[105.49786,18.44918],[105.50128,18.45224],[105.50346,18.45378],[105.50387,18.4545],[105.50545,18.45526],[105.50473,18.4629],[105.50414,18.46397],[105.50512,18.46488],[105.5057,18.4663],[105.50554,18.4676],[105.5045,18.46913],[105.50439,18.4693]]]},"properties":{"a01_tinh":"diaphanhanhchinhcaptinh_sn.53","a02_xa":"diaphanhanhchinhcapxa_2025.2041","a03_ten":"Xã Kim Hoa","a04_tentinh":"Tỉnh Hà Tĩnh","a05_truocsn":"Xã Hàm Trường, Xã Kim Hoa","a06_trungtamhc":"UBND xã Hàm Trường","a07_dt":"88.28","a08_ds":"19114","a09_dthoai":null,"a10_web":null,"ten":"Xã Kim Hoa","ma":"18223","tentinh":"Tỉnh Hà Tĩnh","truocsapnhap":"Xã Hàm Trường, Xã Kim Hoa","dientichkm2":null,"dansonguoi":null},"id":"diaphanhanhchinhcapxa_2025.2041"},
{"type":"Feature","geometry":{"type":"Polygon","coordinates":[[[106.28027,18.18242],[106.27903,18.18393],[106.27514,18.18795],[106.27274,18.19019],[106.26951,18.19428],[106.26386,18.20053],[106.2579,18.20746],[106.25253,18.2134],[106.25252,18.21479],[106.25095,18.21557],[106.24915,18.21529],[106.24402,18.21621],[106.24255,18.2176],[106.24112,18.21686],[106.24027,18.21741],[106.23791,18.21739],[106.23678,18.21622],[106.23465,18.21678],[106.23118,18.21973],[106.22923,18.22268],[106.22801,18.22187],[106.22731,18.2222],[106.22545,18.22145],[106.22453,18.21786],[106.22125,18.21653],[106.21882,18.21719],[106.21728,18.21692],[106.21537,18.2156],[106.21349,18.21497],[106.21199,18.21341],[106.20974,18.2126],[106.20822,18.21242],[106.21006,18.21059],[106.20813,18.21013],[106.20846,18.20888],[106.20678,18.20787],[106.20317,18.20708],[106.20143,18.20819],[106.2004,18.20827],[106.19838,18.20604],[106.19464,18.20867],[106.1891,18.2113],[106.18789,18.21293],[106.18907,18.21394],[106.18822,18.21454],[106.18759,18.21742],[106.18668,18.21803],[106.18644,18.21936],[106.1852,18.22016],[106.18402,18.2202],[106.18299,18.21943],[106.18211,18.21683],[106.18208,18.21443],[106.18163,18.21192],[106.18072,18.21019],[106.18115,18.20848],[106.18182,18.20783],[106.18256,18.20549],[106.18459,18.20523],[106.18532,18.20374],[106.18437,18.20139],[106.18179,18.2012],[106.18095,18.20058],[106.17942,18.20193],[106.17843,18.19989],[106.17797,18.19815],[106.17628,18.19658],[106.17803,18.1945],[106.1781,18.19237],[106.17953,18.19032],[106.18051,18.18961],[106.17892,18.18772],[106.18016,18.18677],[106.17846,18.18486],[106.17648,18.18457],[106.17537,18.18011],[106.17281,18.17903],[106.17232,18.17829],[106.17341,18.17477],[106.17365,18.17167],[106.17432,18.16999],[106.17314,18.16565],[106.17316,18.16466],[106.17431,18.16183],[106.17635,18.15969],[106.17689,18.15852],[106.17993,18.15536],[106.18174,18.15475],[106.18367,18.1536],[106.18496,18.1546],[106.18636,18.15375],[106.18796,18.15387],[106.19058,18.15355],[106.19258,18.1526],[106.19378,18.15249],[106.19631,18.15121],[106.19918,18.15237],[106.20014,18.15194],[106.20323,18.15168],[106.20568,18.14953],[106.20742,18.14838],[106.21065,18.14801],[106.21285,18.14742],[106.21565,18.14891],[106.21956,18.14735],[106.22124,18.14849],[106.22194,18.14974],[106.22321,18.15057],[106.22342,18.1514],[106.22495,18.15213],[106.22714,18.15116],[106.23142,18.1515],[106.23464,18.15018],[106.23654,18.1479],[106.23778,18.14749],[106.23965,18.14768],[106.23986,18.14931],[106.24104,18.15226],[106.24318,18.15121],[106.24594,18.15265],[106.2487,18.15263],[106.24994,18.15398],[106.24814,18.15496],[106.24791,18.15606],[106.24851,18.15695],[106.25798,18.16128],[106.2599,18.16129],[106.26241,18.16525],[106.26033,18.16662],[106.2594,18.16946],[106.26085,18.17021],[106.26054,18.17253],[106.26321,18.17248],[106.26293,18.17365],[106.26787,18.17612],[106.26783,18.1776],[106.27047,18.17917],[106.27083,18.17868],[106.27671,18.18034],[106.28027,18.18242]]]},"properties":{"a01_tinh":"diaphanhanhchinhcaptinh_sn.53","a02_xa":"diaphanhanhchinhcapxa_2025.2026","a03_ten":"Xã Kỳ Anh","a04_tentinh":"Tỉnh Hà Tĩnh","a05_truocsn":"Thị trấn Kỳ Đồng, Xã Kỳ Giang, Xã Kỳ Tiến, Xã Kỳ Phú","a06_trungtamhc":"UBND huyện Kỳ Anh","a07_dt":"64.74","a08_ds":"32689","a09_dthoai":null,"a10_web":null,"ten":"Xã Kỳ Anh","ma":"18775","tentinh":"Tỉnh Hà Tĩnh","truocsapnhap":"Thị trấn Kỳ Đồng, Xã Kỳ Giang, Xã Kỳ Tiến, Xã Kỳ Phú","dientichkm2":null,"dansonguoi":null},"id":"diaphanhanhchinhcapxa_2025.2026"},
{"type":"Feature","geometry":{"type":"Polygon","coordinates":[[[106.28604,18.08761],[106.28484,18.08759],[106.28387,18.08591],[106.28242,18.08774],[106.28106,18.08761],[106.27888,18.08798],[106.27868,18.08525],[106.27472,18.08408],[106.27366,18.08419],[106.27261,18.083],[106.27283,18.07966],[106.2697,18.07945],[106.26861,18.08047],[106.26793,18.07972],[106.26637,18.07988],[106.26591,18.08056],[106.26441,18.07991],[106.26365,18.08056],[106.26079,18.08105],[106.2549,18.08037],[106.25448,18.07959],[106.2471,18.07622],[106.24029,18.07389],[106.24003,18.07423],[106.23601,18.07608],[106.23462,18.07727],[106.23197,18.07785],[106.22947,18.07909],[106.22681,18.07909],[106.22478,18.07881],[106.2243,18.07423],[106.22368,18.07135],[106.22462,18.07044],[106.22306,18.0651],[106.22353,18.06138],[106.2233,18.06064],[106.22426,18.0589],[106.22397,18.05776],[106.2248,18.05715],[106.22279,18.05605],[106.22112,18.05379],[106.22053,18.05201],[106.2193,18.05067],[106.22039,18.04867],[106.22009,18.04713],[106.22179,18.04609],[106.22155,18.0443],[106.22,18.04235],[106.21996,18.04084],[106.21828,18.03941],[106.21814,18.0378],[106.21958,18.03658],[106.21913,18.03531],[106.21678,18.03615],[106.21658,18.03487],[106.21567,18.03288],[106.21638,18.03201],[106.21564,18.02867],[106.2158,18.02573],[106.2155,18.02452],[106.21428,18.0228],[106.21114,18.02011],[106.20904,18.01652],[106.21231,18.01733],[106.21365,18.01599],[106.21471,18.01345],[106.21647,18.01332],[106.21858,18.01171],[106.22068,18.01149],[106.22267,18.01201],[106.22642,18.01116],[106.22745,18.01001],[106.22906,18.00732],[106.23272,18.00591],[106.23446,18.00561],[106.23643,18.00646],[106.23725,18.00977],[106.23809,18.0102],[106.24013,18.01017],[106.24577,18.008],[106.24842,18.00668],[106.25248,18.00504],[106.25569,18.00551],[106.25562,17.999],[106.255,17.99558],[106.25528,17.99353],[106.25518,17.99098],[106.25577,17.98744],[106.2556,17.98639],[106.25693,17.98607],[106.25872,17.98487],[106.26254,17.98393],[106.26461,17.98256],[106.26612,17.98235],[106.2715,17.98299],[106.27061,17.97937],[106.27132,17.97888],[106.27316,17.97965],[106.27481,17.97713],[106.27277,17.97694],[106.27197,17.97577],[106.27348,17.97493],[106.27459,17.97348],[106.27611,17.9734],[106.27659,17.97409],[106.27831,17.9726],[106.27614,17.97198],[106.27658,17.97069],[106.28167,17.97041],[106.28233,17.97075],[106.28326,17.97263],[106.28351,17.9748],[106.28427,17.97622],[106.28584,17.97767],[106.28723,17.9815],[106.28725,17.98337],[106.291,17.98755],[106.29072,17.99148],[106.29226,17.99413],[106.29352,17.99508],[106.2953,17.99578],[106.29505,17.99703],[106.2953,17.999],[106.29763,18.0066],[106.29823,18.01042],[106.29931,18.01583],[106.29727,18.01698],[106.29696,18.01792],[106.29557,18.01794],[106.29563,18.02266],[106.29665,18.02324],[106.29544,18.02423],[106.29652,18.02673],[106.2927,18.02926],[106.29227,18.03157],[106.29036,18.03206],[106.29002,18.03083],[106.28861,18.03061],[106.28751,18.03121],[106.28794,18.03289],[106.28739,18.03511],[106.28536,18.03989],[106.28561,18.04163],[106.28715,18.04372],[106.28693,18.04639],[106.28731,18.04834],[106.28951,18.05072],[106.28959,18.05635],[106.28907,18.05758],[106.28781,18.05868],[106.29078,18.0609],[106.29197,18.06209],[106.29204,18.06416],[106.29145,18.06671],[106.28968,18.06963],[106.29028,18.07088],[106.28743,18.0727],[106.2884,18.0733],[106.28759,18.07424],[106.28665,18.07333],[106.28563,18.07416],[106.2825,18.07453],[106.2828,18.07566],[106.28436,18.07567],[106.28413,18.07857],[106.28677,18.07928],[106.28695,18.08058],[106.28595,18.08095],[106.28714,18.08268],[106.28551,18.08472],[106.28604,18.08761]]]},"properties":{"a01_tinh":"diaphanhanhchinhcaptinh_sn.53","a02_xa":"diaphanhanhchinhcapxa_2025.2015","a03_ten":"Xã Kỳ Hoa","a04_tentinh":"Tỉnh Hà Tĩnh","a05_truocsn":"Xã Kỳ Tân, Xã Kỳ Hoa","a06_trungtamhc":"UBND xã Kỳ Tân","a07_dt":"73.28","a08_ds":"16045","a09_dthoai":null,"a10_web":null,"ten":"Xã Kỳ Hoa","ma":"18814","tentinh":"Tỉnh Hà Tĩnh","truocsapnhap":"Xã Kỳ Tân, Xã Kỳ Hoa","dientichkm2":null,"dansonguoi":null},"id":"diaphanhanhchinhcapxa_2025.2015"},
{"type":"Feature","geometry":{"type":"Polygon","coordinates":[[[106.30621,18.15584],[106.30435,18.15706],[106.3027,18.15955],[106.29979,18.16205],[106.29376,18.16827],[106.28767,18.17475],[106.28027,18.18242],[106.27671,18.18034],[106.27083,18.17868],[106.27047,18.17917],[106.26783,18.1776],[106.26787,18.17612],[106.26293,18.17365],[106.26321,18.17248],[106.26054,18.17253],[106.26085,18.17021],[106.2594,18.16946],[106.26033,18.16662],[106.26241,18.16525],[106.2599,18.16129],[106.25798,18.16128],[106.24851,18.15695],[106.24791,18.15606],[106.24814,18.15496],[106.24994,18.15398],[106.2487,18.15263],[106.24594,18.15265],[106.24318,18.15121],[106.24104,18.15226],[106.23986,18.14931],[106.23965,18.14768],[106.23778,18.14749],[106.23654,18.1479],[106.23464,18.15018],[106.23142,18.1515],[106.22714,18.15116],[106.22495,18.15213],[106.22342,18.1514],[106.22321,18.15057],[106.22194,18.14974],[106.22124,18.14849],[106.21956,18.14735],[106.21998,18.14642],[106.2195,18.14263],[106.21953,18.14109],[106.22079,18.13971],[106.22359,18.13729],[106.22535,18.13737],[106.22847,18.13635],[106.22994,18.13706],[106.23255,18.13592],[106.23476,18.13556],[106.23652,18.13424],[106.24013,18.13512],[106.2397,18.13363],[106.23868,18.13214],[106.23929,18.1298],[106.23879,18.12713],[106.23497,18.12526],[106.23225,18.12322],[106.23366,18.12131],[106.2358,18.11956],[106.23982,18.11946],[106.24201,18.11725],[106.24509,18.11623],[106.24757,18.11648],[106.25153,18.116],[106.25428,18.11419],[106.25466,18.11259],[106.25716,18.11239],[106.25991,18.1148],[106.2597,18.11564],[106.26393,18.11686],[106.26652,18.11116],[106.27182,18.11278],[106.27213,18.11154],[106.27489,18.11244],[106.27549,18.1103],[106.27248,18.10977],[106.2731,18.10664],[106.27306,18.10546],[106.2716,18.10505],[106.27052,18.1036],[106.26882,18.1004],[106.26926,18.09787],[106.27349,18.09716],[106.27671,18.09328],[106.27905,18.08974],[106.27888,18.08798],[106.28106,18.08761],[106.28242,18.08774],[106.28387,18.08591],[106.28484,18.08759],[106.28604,18.08761],[106.28727,18.08742],[106.28865,18.08861],[106.29129,18.09013],[106.2922,18.09205],[106.2941,18.09337],[106.29578,18.0936],[106.29637,18.09755],[106.2912,18.10535],[106.29372,18.10628],[106.29581,18.10865],[106.29617,18.10999],[106.2987,18.10974],[106.30106,18.11025],[106.30196,18.11218],[106.3041,18.11419],[106.30561,18.11464],[106.30684,18.11426],[106.30672,18.11721],[106.30713,18.11874],[106.30925,18.12132],[106.31123,18.12246],[106.31213,18.12427],[106.31069,18.13115],[106.30898,18.13147],[106.30569,18.13446],[106.3018,18.13585],[106.30104,18.13589],[106.29985,18.1344],[106.29674,18.132],[106.29341,18.13164],[106.29152,18.13189],[106.28976,18.13265],[106.28793,18.13284],[106.28658,18.13187],[106.28651,18.12984],[106.28556,18.12905],[106.28291,18.13063],[106.28384,18.13402],[106.28172,18.13447],[106.28282,18.13875],[106.28567,18.13876],[106.28799,18.14084],[106.28915,18.14262],[106.28963,18.14408],[106.29128,18.14709],[106.29337,18.15204],[106.29635,18.15203],[106.29855,18.15153],[106.30004,18.15073],[106.30179,18.15185],[106.30315,18.15338],[106.30621,18.15584]]]},"properties":{"a01_tinh":"diaphanhanhchinhcaptinh_sn.53","a02_xa":"diaphanhanhchinhcapxa_2025.2025","a03_ten":"Xã Kỳ Khang","a04_tentinh":"Tỉnh Hà Tĩnh","a05_truocsn":"Xã Kỳ Thọ, Xã Kỳ Thư, Xã Kỳ Khang","a06_trungtamhc":"UBND xã Kỳ Thọ","a07_dt":"48.85","a08_ds":"23771","a09_dthoai":null,"a10_web":null,"ten":"Xã Kỳ Khang","ma":"18790","tentinh":"Tỉnh Hà Tĩnh","truocsapnhap":"Xã Kỳ Thọ, Xã Kỳ Thư, Xã Kỳ Khang","dientichkm2":null,"dansonguoi":null},"id":"diaphanhanhchinhcapxa_2025.2025"},
{"type":"Feature","geometry":{"type":"Polygon","coordinates":[[[106.16384,17.9171],[106.16754,17.91496],[106.17189,17.91436],[106.17521,17.91599],[106.17682,17.91715],[106.17777,17.9189],[106.17883,17.91871],[106.18099,17.91988],[106.18163,17.92066],[106.18325,17.92101],[106.18619,17.92028],[106.18773,17.92076],[106.18949,17.92349],[106.19058,17.92347],[106.1937,17.92214],[106.19361,17.92031],[106.19521,17.91814],[106.19679,17.91704],[106.19846,17.91639],[106.2,17.91635],[106.20091,17.91769],[106.20283,17.91892],[106.20401,17.92019],[106.2044,17.9214],[106.20711,17.92541],[106.2085,17.92539],[106.20911,17.92609],[106.21251,17.92606],[106.21371,17.92664],[106.21819,17.928],[106.22069,17.9275],[106.22258,17.92972],[106.22543,17.9297],[106.22755,17.92909],[106.22912,17.92926],[106.23084,17.92812],[106.23157,17.92879],[106.23486,17.92786],[106.23602,17.92707],[106.23742,17.92849],[106.23972,17.92944],[106.24074,17.93045],[106.24148,17.92929],[106.24259,17.92931],[106.24211,17.92763],[106.24523,17.92743],[106.24531,17.92642],[106.24817,17.9257],[106.2494,17.92338],[106.25031,17.92313],[106.25253,17.92041],[106.2566,17.91977],[106.25886,17.91842],[106.25862,17.91737],[106.25984,17.91595],[106.26245,17.91557],[106.26312,17.91384],[106.26418,17.91383],[106.26565,17.91513],[106.26608,17.91622],[106.26841,17.91806],[106.27212,17.91978],[106.27519,17.91958],[106.27674,17.91862],[106.27774,17.9167],[106.28045,17.9157],[106.28337,17.91849],[106.28477,17.91933],[106.28521,17.92183],[106.28504,17.92521],[106.28211,17.92976],[106.2809,17.93362],[106.28462,17.93906],[106.2888,17.94238],[106.29073,17.94326],[106.29376,17.94358],[106.29621,17.94528],[106.29679,17.94861],[106.29755,17.95015],[106.29771,17.95366],[106.2984,17.95428],[106.29987,17.9544],[106.30258,17.95714],[106.30431,17.95935],[106.30445,17.96142],[106.3054,17.96285],[106.30721,17.96249],[106.31075,17.96226],[106.31231,17.96331],[106.31778,17.96362],[106.3212,17.9627],[106.32302,17.96251],[106.32411,17.96304],[106.32433,17.96453],[106.32508,17.96545],[106.32496,17.96683],[106.32565,17.96923],[106.32777,17.97364],[106.3281,17.97508],[106.32862,17.97992],[106.33032,17.98077],[106.33345,17.98348],[106.33413,17.98432],[106.33606,17.98551],[106.33774,17.98791],[106.33789,17.99111],[106.33606,17.99156],[106.33326,17.99277],[106.32967,17.99499],[106.32699,17.99583],[106.32148,17.99862],[106.31987,17.99888],[106.31391,17.99793],[106.31063,17.9968],[106.30882,17.9968],[106.30331,17.99845],[106.30022,17.99832],[106.29917,17.99794],[106.2953,17.99578],[106.29352,17.99508],[106.29226,17.99413],[106.29072,17.99148],[106.291,17.98755],[106.28725,17.98337],[106.28723,17.9815],[106.28584,17.97767],[106.28427,17.97622],[106.28351,17.9748],[106.28326,17.97263],[106.28233,17.97075],[106.28167,17.97041],[106.27658,17.97069],[106.27614,17.97198],[106.27831,17.9726],[106.27659,17.97409],[106.27611,17.9734],[106.27459,17.97348],[106.27348,17.97493],[106.27197,17.97577],[106.27277,17.97694],[106.27481,17.97713],[106.27316,17.97965],[106.27132,17.97888],[106.27061,17.97937],[106.2715,17.98299],[106.26612,17.98235],[106.26461,17.98256],[106.26254,17.98393],[106.25872,17.98487],[106.25693,17.98607],[106.2556,17.98639],[106.25577,17.98744],[106.25518,17.99098],[106.25528,17.99353],[106.255,17.99558],[106.25562,17.999],[106.25569,18.00551],[106.25248,18.00504],[106.24842,18.00668],[106.24577,18.008],[106.24013,18.01017],[106.23809,18.0102],[106.23725,18.00977],[106.23643,18.00646],[106.23446,18.00561],[106.23272,18.00591],[106.22906,18.00732],[106.22745,18.01001],[106.22642,18.01116],[106.22267,18.01201],[106.22068,18.01149],[106.21858,18.01171],[106.21647,18.01332],[106.21471,18.01345],[106.21365,18.01599],[106.21231,18.01733],[106.20904,18.01652],[106.21114,18.02011],[106.21428,18.0228],[106.2155,18.02452],[106.2158,18.02573],[106.21564,18.02867],[106.21638,18.03201],[106.21567,18.03288],[106.21658,18.03487],[106.21678,18.03615],[106.21913,18.03531],[106.21958,18.03658],[106.21814,18.0378],[106.21828,18.03941],[106.21996,18.04084],[106.22,18.04235],[106.22155,18.0443],[106.22179,18.04609],[106.22009,18.04713],[106.22039,18.04867],[106.2193,18.05067],[106.22053,18.05201],[106.22112,18.05379],[106.22279,18.05605],[106.2248,18.05715],[106.22397,18.05776],[106.22426,18.0589],[106.2233,18.06064],[106.22353,18.06138],[106.22306,18.0651],[106.22462,18.07044],[106.22368,18.07135],[106.2243,18.07423],[106.22478,18.07881],[106.22349,18.07891],[106.22099,18.07785],[106.21866,18.07822],[106.21091,18.07834],[106.20803,18.08025],[106.20428,18.08154],[106.20222,18.08132],[106.20042,18.07939],[106.19833,18.07823],[106.19462,18.07666],[106.19302,18.07535],[106.19051,18.07517],[106.1871,18.07546],[106.18364,18.07659],[106.18227,18.076],[106.17937,18.07604],[106.1804,18.0729],[106.18044,18.07123],[106.18147,18.06662],[106.18207,18.0615],[106.17992,18.05892],[106.1794,18.05283],[106.17925,18.0467],[106.17849,18.04568],[106.17605,18.04507],[106.17369,18.04715],[106.17079,18.04851],[106.15444,18.03653],[106.1531,18.03523],[106.15072,18.03716],[106.14835,18.03975],[106.14646,18.04048],[106.14019,18.03489],[106.13841,18.03286],[106.13571,18.02908],[106.13599,18.02785],[106.14056,18.02642],[106.14261,18.0247],[106.1435,18.0235],[106.143,18.02219],[106.14358,18.02114],[106.14375,18.01857],[106.14433,18.01769],[106.14705,18.0175],[106.14855,18.01674],[106.1514,18.01429],[106.15209,18.01404],[106.15463,18.01457],[106.15562,18.01377],[106.15678,18.01196],[106.15878,18.01069],[106.16107,18.00967],[106.16318,18.00953],[106.16447,18.0082],[106.16633,18.00763],[106.16744,18.00776],[106.1705,18.00967],[106.17107,18.01045],[106.17239,18.01048],[106.17448,18.00695],[106.17531,18.00669],[106.17685,18.0073],[106.17823,18.00615],[106.17929,18.00397],[106.182,18.00195],[106.18567,18.00127],[106.18744,18.00223],[106.18918,18.00216],[106.19047,18.00085],[106.19095,17.99879],[106.19188,17.99736],[106.19441,17.99657],[106.195,17.99522],[106.19446,17.99419],[106.19307,17.99357],[106.19205,17.99247],[106.19071,17.9895],[106.19184,17.98856],[106.19312,17.98844],[106.19518,17.98968],[106.19679,17.98969],[106.19784,17.98887],[106.19746,17.98659],[106.19623,17.98487],[106.1938,17.9862],[106.19309,17.98599],[106.19307,17.98421],[106.19142,17.98143],[106.18934,17.97691],[106.18737,17.97174],[106.18652,17.97054],[106.1842,17.96981],[106.18206,17.96957],[106.18069,17.96984],[106.17614,17.96928],[106.17112,17.9664],[106.16787,17.96313],[106.16486,17.95759],[106.16268,17.95471],[106.16253,17.95189],[106.16198,17.95112],[106.16319,17.9494],[106.16134,17.94563],[106.16149,17.94229],[106.16057,17.93651],[106.16101,17.93489],[106.16098,17.93295],[106.16187,17.93101],[106.16191,17.92966],[106.16053,17.92825],[106.16262,17.92613],[106.16254,17.92367],[106.16404,17.92216],[106.16348,17.91886],[106.16384,17.9171]]]},"properties":{"a01_tinh":"diaphanhanhchinhcaptinh_sn.53","a02_xa":"diaphanhanhchinhcapxa_2025.2013","a03_ten":"Xã Kỳ Lạc","a04_tentinh":"Tỉnh Hà Tĩnh","a05_truocsn":"Xã Lâm Hợp, Xã Kỳ Lạc","a06_trungtamhc":"UBND xã Lâm Hợp","a07_dt":"169.13","a08_ds":"12865","a09_dthoai":null,"a10_web":null,"ten":"Xã Kỳ Lạc","ma":"18838","tentinh":"Tỉnh Hà Tĩnh","truocsapnhap":"Xã Lâm Hợp, Xã Kỳ Lạc","dientichkm2":null,"dansonguoi":null},"id":"diaphanhanhchinhcapxa_2025.2013"},
{"type":"Feature","geometry":{"type":"Polygon","coordinates":[[[106.10925,18.12433],[106.10706,18.12321],[106.10601,18.12015],[106.10323,18.11866],[106.1008,18.11887],[106.09837,18.1168],[106.09574,18.11886],[106.09257,18.12025],[106.09176,18.12034],[106.0896,18.12179],[106.08729,18.12135],[106.08425,18.12041],[106.08253,18.1181],[106.08278,18.11661],[106.08215,18.1161],[106.08193,18.11395],[106.07975,18.11014],[106.07404,18.10504],[106.07209,18.09859],[106.06607,18.09994],[106.06322,18.09955],[106.05689,18.09241],[106.05479,18.09028],[106.05437,18.09113],[106.05162,18.09022],[106.04893,18.09226],[106.04631,18.09254],[106.04452,18.09129],[106.04331,18.09092],[106.04102,18.08924],[106.03966,18.0889],[106.03813,18.08753],[106.03769,18.08384],[106.03853,18.08294],[106.0377,18.08168],[106.03798,18.07888],[106.03588,18.07804],[106.03401,18.07829],[106.03356,18.07759],[106.03466,18.0763],[106.03294,18.07409],[106.03179,18.07384],[106.02965,18.07438],[106.02857,18.07337],[106.0286,18.07234],[106.02731,18.07155],[106.02878,18.06979],[106.02689,18.06735],[106.0268,18.06595],[106.02478,18.06553],[106.02266,18.06351],[106.02129,18.06009],[106.02228,18.05872],[106.02405,18.05884],[106.02527,18.05808],[106.02571,18.05692],[106.02473,18.05314],[106.0246,18.05126],[106.02404,18.04967],[106.02265,18.04822],[106.02342,18.04728],[106.02209,18.04652],[106.02164,18.04525],[106.01923,18.04479],[106.01737,18.04631],[106.01661,18.04549],[106.01475,18.0447],[106.01461,18.04326],[106.01527,18.04168],[106.0177,18.04004],[106.01687,18.03612],[106.0158,18.03436],[106.01617,18.03348],[106.01561,18.03148],[106.01658,18.02951],[106.01646,18.0288],[106.02061,18.02496],[106.02299,18.02385],[106.02623,18.02323],[106.02761,18.02264],[106.02955,18.02277],[106.03054,18.0244],[106.03386,18.02415],[106.03804,18.02594],[106.03968,18.02721],[106.04157,18.02644],[106.04424,18.02621],[106.04521,18.0273],[106.04915,18.02594],[106.0488,18.02395],[106.04959,18.02043],[106.05312,18.01965],[106.05426,18.01729],[106.0557,18.01536],[106.05683,18.01276],[106.05958,18.00799],[106.06076,18.00705],[106.06211,18.00467],[106.06339,18.00361],[106.06436,18.00159],[106.06644,17.99958],[106.06663,17.99882],[106.06874,17.99894],[106.06974,17.99815],[106.07129,17.99517],[106.07063,17.99361],[106.06768,17.99159],[106.06653,17.98825],[106.06679,17.9872],[106.06479,17.98722],[106.0634,17.98655],[106.06168,17.9839],[106.0618,17.98174],[106.0612,17.98011],[106.05973,17.97814],[106.05917,17.97527],[106.05682,17.97246],[106.05481,17.97221],[106.05408,17.97161],[106.05399,17.97035],[106.05297,17.96842],[106.05077,17.96857],[106.05053,17.96734],[106.04773,17.9645],[106.04756,17.96336],[106.0493,17.96217],[106.04857,17.96007],[106.04945,17.95821],[106.04888,17.95644],[106.04765,17.95432],[106.04699,17.94911],[106.04587,17.94773],[106.04564,17.94613],[106.04783,17.9465],[106.04877,17.94479],[106.05216,17.94461],[106.05453,17.94391],[106.05583,17.94304],[106.05611,17.94202],[106.05796,17.9414],[106.05909,17.94051],[106.05941,17.93934],[106.06143,17.93895],[106.06322,17.93784],[106.06577,17.93708],[106.067,17.93746],[106.06906,17.93698],[106.06999,17.93599],[106.07166,17.93626],[106.07409,17.93576],[106.07432,17.93429],[106.07534,17.9331],[106.07641,17.93275],[106.07854,17.93296],[106.08439,17.9325],[106.08594,17.93189],[106.08993,17.93241],[106.09098,17.93295],[106.09613,17.93128],[106.09736,17.93038],[106.0996,17.93019],[106.10145,17.92964],[106.10266,17.92887],[106.10527,17.92904],[106.10621,17.92746],[106.10923,17.92791],[106.11204,17.92726],[106.11472,17.92697],[106.1173,17.9279],[106.1202,17.92688],[106.12064,17.92571],[106.12697,17.92336],[106.12923,17.92184],[106.12963,17.92106],[106.13112,17.92041],[106.13251,17.92076],[106.13407,17.92054],[106.1352,17.92142],[106.13814,17.92149],[106.13877,17.91935],[106.13997,17.91866],[106.14219,17.91891],[106.14421,17.91825],[106.14675,17.91832],[106.1481,17.919],[106.151,17.91884],[106.15253,17.9176],[106.15783,17.91657],[106.15939,17.91713],[106.16384,17.9171],[106.16348,17.91886],[106.16404,17.92216],[106.16254,17.92367],[106.16262,17.92613],[106.16053,17.92825],[106.16191,17.92966],[106.16187,17.93101],[106.16098,17.93295],[106.16101,17.93489],[106.16057,17.93651],[106.16149,17.94229],[106.16134,17.94563],[106.16319,17.9494],[106.16198,17.95112],[106.16253,17.95189],[106.16268,17.95471],[106.16486,17.95759],[106.16787,17.96313],[106.17112,17.9664],[106.17614,17.96928],[106.18069,17.96984],[106.18206,17.96957],[106.1842,17.96981],[106.18652,17.97054],[106.18737,17.97174],[106.18934,17.97691],[106.19142,17.98143],[106.19307,17.98421],[106.19309,17.98599],[106.1938,17.9862],[106.19623,17.98487],[106.19746,17.98659],[106.19784,17.98887],[106.19679,17.98969],[106.19518,17.98968],[106.19312,17.98844],[106.19184,17.98856],[106.19071,17.9895],[106.19205,17.99247],[106.19307,17.99357],[106.19446,17.99419],[106.195,17.99522],[106.19441,17.99657],[106.19188,17.99736],[106.19095,17.99879],[106.19047,18.00085],[106.18918,18.00216],[106.18744,18.00223],[106.18567,18.00127],[106.182,18.00195],[106.17929,18.00397],[106.17823,18.00615],[106.17685,18.0073],[106.17531,18.00669],[106.17448,18.00695],[106.17239,18.01048],[106.17107,18.01045],[106.1705,18.00967],[106.16744,18.00776],[106.16633,18.00763],[106.16447,18.0082],[106.16318,18.00953],[106.16107,18.00967],[106.15878,18.01069],[106.15678,18.01196],[106.15562,18.01377],[106.15463,18.01457],[106.15209,18.01404],[106.1514,18.01429],[106.14855,18.01674],[106.14705,18.0175],[106.14433,18.01769],[106.14375,18.01857],[106.14358,18.02114],[106.143,18.02219],[106.1435,18.0235],[106.14261,18.0247],[106.14056,18.02642],[106.13599,18.02785],[106.13571,18.02908],[106.13841,18.03286],[106.14019,18.03489],[106.14646,18.04048],[106.14415,18.04143],[106.14172,18.04162],[106.14,18.04241],[106.1368,18.04522],[106.13318,18.04687],[106.12989,18.04907],[106.12772,18.0493],[106.12545,18.05059],[106.12337,18.05238],[106.12228,18.05276],[106.11721,18.05682],[106.11519,18.05787],[106.11481,18.05884],[106.11164,18.06018],[106.10897,18.0635],[106.10818,18.06375],[106.10623,18.0695],[106.10691,18.07019],[106.10709,18.07498],[106.1069,18.07595],[106.10822,18.07614],[106.10825,18.0773],[106.10728,18.0786],[106.10862,18.07955],[106.10889,18.08057],[106.10933,18.09449],[106.10901,18.09616],[106.10996,18.09907],[106.10984,18.10282],[106.10871,18.10527],[106.10894,18.107],[106.10766,18.10907],[106.10827,18.11055],[106.10975,18.11231],[106.10951,18.11411],[106.11035,18.11529],[106.11018,18.119],[106.111,18.11981],[106.10926,18.12177],[106.10925,18.12433]]]},"properties":{"a01_tinh":"diaphanhanhchinhcaptinh_sn.53","a02_xa":"diaphanhanhchinhcapxa_2025.2014","a03_ten":"Xã Kỳ Thượng","a04_tentinh":"Tỉnh Hà Tĩnh","a05_truocsn":"Xã Kỳ Sơn, Xã Kỳ Thượng","a06_trungtamhc":"UBND xã Kỳ Sơn","a07_dt":"218.82","a08_ds":"15822","a09_dthoai":null,"a10_web":null,"ten":"Xã Kỳ Thượng","ma":"18844","tentinh":"Tỉnh Hà Tĩnh","truocsapnhap":"Xã Kỳ Sơn, Xã Kỳ Thượng","dientichkm2":null,"dansonguoi":null},"id":"diaphanhanhchinhcapxa_2025.2014"},
{"type":"Feature","geometry":{"type":"Polygon","coordinates":[[[106.21956,18.14735],[106.21565,18.14891],[106.21285,18.14742],[106.21065,18.14801],[106.20742,18.14838],[106.20568,18.14953],[106.20323,18.15168],[106.20014,18.15194],[106.19918,18.15237],[106.19631,18.15121],[106.19378,18.15249],[106.19258,18.1526],[106.19058,18.15355],[106.18796,18.15387],[106.18636,18.15375],[106.18496,18.1546],[106.18367,18.1536],[106.18174,18.15475],[106.17993,18.15536],[106.17689,18.15852],[106.17635,18.15969],[106.17404,18.15941],[106.17228,18.1596],[106.16884,18.15867],[106.16712,18.15736],[106.16599,18.15765],[106.16514,18.15704],[106.16333,18.15231],[106.16253,18.15174],[106.16136,18.14834],[106.1582,18.13282],[106.14486,18.13338],[106.13534,18.13251],[106.13494,18.13051],[106.13383,18.1297],[106.13338,18.128],[106.13303,18.12326],[106.13345,18.12197],[106.13061,18.1186],[106.12795,18.11782],[106.12497,18.11733],[106.1237,18.11832],[106.12345,18.11929],[106.12226,18.11988],[106.11986,18.11907],[106.11588,18.11885],[106.11474,18.11792],[106.1128,18.12026],[106.11195,18.12223],[106.10994,18.12324],[106.10925,18.12433],[106.10926,18.12177],[106.111,18.11981],[106.11018,18.119],[106.11035,18.11529],[106.10951,18.11411],[106.10975,18.11231],[106.10827,18.11055],[106.10766,18.10907],[106.10894,18.107],[106.10871,18.10527],[106.10984,18.10282],[106.10996,18.09907],[106.10901,18.09616],[106.10933,18.09449],[106.10889,18.08057],[106.10862,18.07955],[106.10728,18.0786],[106.10825,18.0773],[106.10822,18.07614],[106.1069,18.07595],[106.10709,18.07498],[106.10691,18.07019],[106.10623,18.0695],[106.10818,18.06375],[106.10897,18.0635],[106.11164,18.06018],[106.11481,18.05884],[106.11519,18.05787],[106.11721,18.05682],[106.12228,18.05276],[106.12337,18.05238],[106.12545,18.05059],[106.12772,18.0493],[106.12989,18.04907],[106.13318,18.04687],[106.1368,18.04522],[106.14,18.04241],[106.14172,18.04162],[106.14415,18.04143],[106.14646,18.04048],[106.14835,18.03975],[106.15072,18.03716],[106.1531,18.03523],[106.15444,18.03653],[106.17079,18.04851],[106.17369,18.04715],[106.17605,18.04507],[106.17849,18.04568],[106.17925,18.0467],[106.1794,18.05283],[106.17992,18.05892],[106.18207,18.0615],[106.18147,18.06662],[106.18044,18.07123],[106.1804,18.0729],[106.17937,18.07604],[106.18227,18.076],[106.18364,18.07659],[106.1871,18.07546],[106.19051,18.07517],[106.19302,18.07535],[106.19462,18.07666],[106.19833,18.07823],[106.20042,18.07939],[106.20222,18.08132],[106.20428,18.08154],[106.20803,18.08025],[106.21091,18.07834],[106.21866,18.07822],[106.22099,18.07785],[106.22349,18.07891],[106.22478,18.07881],[106.22681,18.07909],[106.22947,18.07909],[106.23197,18.07785],[106.23462,18.07727],[106.23601,18.07608],[106.24003,18.07423],[106.24029,18.07389],[106.2471,18.07622],[106.25448,18.07959],[106.2549,18.08037],[106.26079,18.08105],[106.26365,18.08056],[106.26441,18.07991],[106.26591,18.08056],[106.26637,18.07988],[106.26793,18.07972],[106.26861,18.08047],[106.2697,18.07945],[106.27283,18.07966],[106.27261,18.083],[106.27366,18.08419],[106.27472,18.08408],[106.27868,18.08525],[106.27888,18.08798],[106.27905,18.08974],[106.27671,18.09328],[106.27349,18.09716],[106.26926,18.09787],[106.26882,18.1004],[106.27052,18.1036],[106.2716,18.10505],[106.27306,18.10546],[106.2731,18.10664],[106.27248,18.10977],[106.27549,18.1103],[106.27489,18.11244],[106.27213,18.11154],[106.27182,18.11278],[106.26652,18.11116],[106.26393,18.11686],[106.2597,18.11564],[106.25991,18.1148],[106.25716,18.11239],[106.25466,18.11259],[106.25428,18.11419],[106.25153,18.116],[106.24757,18.11648],[106.24509,18.11623],[106.24201,18.11725],[106.23982,18.11946],[106.2358,18.11956],[106.23366,18.12131],[106.23225,18.12322],[106.23497,18.12526],[106.23879,18.12713],[106.23929,18.1298],[106.23868,18.13214],[106.2397,18.13363],[106.24013,18.13512],[106.23652,18.13424],[106.23476,18.13556],[106.23255,18.13592],[106.22994,18.13706],[106.22847,18.13635],[106.22535,18.13737],[106.22359,18.13729],[106.22079,18.13971],[106.21953,18.14109],[106.2195,18.14263],[106.21998,18.14642],[106.21956,18.14735]]]},"properties":{"a01_tinh":"diaphanhanhchinhcaptinh_sn.53","a02_xa":"diaphanhanhchinhcapxa_2025.2028","a03_ten":"Xã Kỳ Văn","a04_tentinh":"Tỉnh Hà Tĩnh","a05_truocsn":"Xã Kỳ Tây, Xã Kỳ Trung, Xã Kỳ Văn","a06_trungtamhc":"UBND xã Kỳ Trung","a07_dt":"135.75","a08_ds":"177","a09_dthoai":null,"a10_web":null,"ten":"Xã Kỳ Văn","ma":"18787","tentinh":"Tỉnh Hà Tĩnh","truocsapnhap":"Xã Kỳ Tây, Xã Kỳ Trung, Xã Kỳ Văn","dientichkm2":null,"dansonguoi":null},"id":"diaphanhanhchinhcapxa_2025.2028"},
{"type":"Feature","geometry":{"type":"MultiPolygon","coordinates":[[[[106.12757,18.20488],[106.1313,18.19655],[106.13334,18.19464],[106.1352,18.19372],[106.13559,18.19274],[106.13456,18.19149],[106.138,18.19018],[106.13757,18.18281],[106.13688,18.17412],[106.14054,18.16473],[106.13944,18.16004],[106.14025,18.15823],[106.14038,18.156],[106.14174,18.15182],[106.14323,18.14877],[106.14287,18.14728],[106.14164,18.14625],[106.13534,18.13251],[106.14486,18.13338],[106.1582,18.13282],[106.16136,18.14834],[106.16253,18.15174],[106.16333,18.15231],[106.16514,18.15704],[106.16599,18.15765],[106.16712,18.15736],[106.16884,18.15867],[106.17228,18.1596],[106.17404,18.15941],[106.17635,18.15969],[106.17431,18.16183],[106.17316,18.16466],[106.17314,18.16565],[106.17432,18.16999],[106.17365,18.17167],[106.17341,18.17477],[106.17232,18.17829],[106.17281,18.17903],[106.17537,18.18011],[106.17648,18.18457],[106.17846,18.18486],[106.18016,18.18677],[106.17892,18.18772],[106.18051,18.18961],[106.17953,18.19032],[106.1781,18.19237],[106.17803,18.1945],[106.17628,18.19658],[106.17797,18.19815],[106.17843,18.19989],[106.17942,18.20193],[106.18095,18.20058],[106.18179,18.2012],[106.18437,18.20139],[106.18532,18.20374],[106.18459,18.20523],[106.18256,18.20549],[106.18182,18.20783],[106.18115,18.20848],[106.18072,18.21019],[106.18163,18.21192],[106.18208,18.21443],[106.18211,18.21683],[106.18299,18.21943],[106.18402,18.2202],[106.1852,18.22016],[106.18644,18.21936],[106.18668,18.21803],[106.18759,18.21742],[106.18822,18.21454],[106.18907,18.21394],[106.18789,18.21293],[106.1891,18.2113],[106.19464,18.20867],[106.19838,18.20604],[106.2004,18.20827],[106.20143,18.20819],[106.20317,18.20708],[106.20678,18.20787],[106.20846,18.20888],[106.20813,18.21013],[106.21006,18.21059],[106.20822,18.21242],[106.20974,18.2126],[106.21199,18.21341],[106.21349,18.21497],[106.21537,18.2156],[106.21728,18.21692],[106.21882,18.21719],[106.22125,18.21653],[106.22453,18.21786],[106.22545,18.22145],[106.22731,18.2222],[106.22801,18.22187],[106.22923,18.22268],[106.22782,18.22291],[106.22186,18.22525],[106.21972,18.22712],[106.21857,18.22861],[106.21481,18.23209],[106.21404,18.23426],[106.21318,18.23486],[106.21234,18.23379],[106.20999,18.23329],[106.20926,18.23354],[106.20502,18.23641],[106.20459,18.23745],[106.20269,18.23821],[106.20095,18.23997],[106.19997,18.24169],[106.1981,18.24346],[106.19545,18.24403],[106.19283,18.24607],[106.18989,18.2488],[106.18597,18.25314],[106.18449,18.2537],[106.18034,18.25683],[106.17653,18.25801],[106.17499,18.26009],[106.17368,18.26078],[106.172,18.26097],[106.17043,18.26268],[106.16891,18.26257],[106.16691,18.26435],[106.16421,18.26475],[106.1619,18.26574],[106.16074,18.26741],[106.15928,18.26734],[106.1586,18.2681],[106.1568,18.26805],[106.15508,18.26736],[106.15418,18.26803],[106.15251,18.26806],[106.15166,18.26246],[106.15169,18.25823],[106.15219,18.25742],[106.14694,18.25487],[106.14641,18.25383],[106.14575,18.24791],[106.14641,18.24516],[106.14563,18.24359],[106.14453,18.24273],[106.14146,18.24163],[106.14047,18.23909],[106.13837,18.23769],[106.13307,18.23644],[106.13165,18.23541],[106.12998,18.23273],[106.12624,18.2297],[106.12597,18.22705],[106.12684,18.22409],[106.12929,18.22296],[106.13093,18.22128],[106.13123,18.21947],[106.13305,18.21814],[106.12982,18.21645],[106.12763,18.2145],[106.1278,18.21167],[106.12689,18.21131],[106.12562,18.20971],[106.12542,18.20853],[106.12581,18.20675],[106.12757,18.20488]]],[[[106.16494,18.30906],[106.16587,18.30992],[106.16499,18.31142],[106.16403,18.31068],[106.16419,18.30919],[106.16494,18.30906]]]]},"properties":{"a01_tinh":"diaphanhanhchinhcaptinh_sn.53","a02_xa":"diaphanhanhchinhcapxa_2025.2031","a03_ten":"Xã Kỳ Xuân","a04_tentinh":"Tỉnh Hà Tĩnh","a05_truocsn":"Xã Kỳ Phong, Xã Kỳ Bắc, Xã Kỳ Xuân","a06_trungtamhc":"UBND xã Kỳ Phong","a07_dt":"72.94","a08_ds":"23574","a09_dthoai":null,"a10_web":null,"ten":"Xã Kỳ Xuân","ma":"18766","tentinh":"Tỉnh Hà Tĩnh","truocsapnhap":"Xã Kỳ Phong, Xã Kỳ Bắc, Xã Kỳ Xuân","dientichkm2":null,"dansonguoi":null},"id":"diaphanhanhchinhcapxa_2025.2031"},
{"type":"Feature","geometry":{"type":"Polygon","coordinates":[[[105.92409,18.44917],[105.92273,18.44905],[105.92082,18.45143],[105.92196,18.45138],[105.92245,18.4526],[105.92094,18.4568],[105.91909,18.45998],[105.91859,18.46034],[105.90814,18.47294],[105.90582,18.47606],[105.9011,18.48205],[105.89544,18.48958],[105.88911,18.49843],[105.88413,18.50517],[105.88301,18.50651],[105.87264,18.52164],[105.86913,18.52629],[105.86705,18.52811],[105.86593,18.52825],[105.86402,18.52728],[105.86134,18.52512],[105.8599,18.52339],[105.85836,18.52381],[105.85695,18.52344],[105.85541,18.52436],[105.85277,18.52485],[105.84822,18.52757],[105.84651,18.52593],[105.8441,18.52419],[105.84511,18.52282],[105.84528,18.52167],[105.84639,18.51955],[105.84887,18.51789],[105.8481,18.51672],[105.84876,18.51533],[105.84734,18.51489],[105.84608,18.51341],[105.8478,18.51204],[105.84727,18.51083],[105.85117,18.50665],[105.85286,18.50509],[105.85429,18.50497],[105.85542,18.50263],[105.85832,18.50188],[105.85853,18.50103],[105.8605,18.4989],[105.86128,18.49655],[105.86211,18.49641],[105.86268,18.49376],[105.86459,18.49082],[105.86317,18.48925],[105.86067,18.48709],[105.85849,18.48601],[105.85482,18.48472],[105.85666,18.48031],[105.85655,18.47822],[105.85325,18.47213],[105.85404,18.47021],[105.85516,18.47014],[105.85593,18.47113],[105.85703,18.47015],[105.85827,18.47023],[105.8584,18.46789],[105.86049,18.46747],[105.86139,18.46667],[105.86228,18.46425],[105.8657,18.46547],[105.8668,18.46641],[105.8704,18.46696],[105.87214,18.46697],[105.8729,18.46591],[105.8753,18.46641],[105.87563,18.46583],[105.87793,18.4661],[105.87925,18.46697],[105.8828,18.46727],[105.88458,18.46707],[105.89162,18.47248],[105.89122,18.47017],[105.88974,18.4686],[105.88975,18.46541],[105.88865,18.46534],[105.88842,18.4643],[105.88508,18.46316],[105.88401,18.46246],[105.88181,18.46341],[105.88092,18.46287],[105.87849,18.45944],[105.87871,18.4588],[105.87794,18.4552],[105.87801,18.4531],[105.8796,18.44904],[105.88237,18.44997],[105.88322,18.44901],[105.88493,18.44598],[105.88783,18.44712],[105.88772,18.44791],[105.8888,18.44903],[105.8911,18.44687],[105.89169,18.44691],[105.89411,18.44876],[105.89625,18.44885],[105.89844,18.44749],[105.89955,18.45011],[105.90156,18.44814],[105.90551,18.44676],[105.90618,18.44558],[105.91074,18.44519],[105.91264,18.44476],[105.91528,18.44682],[105.91777,18.44737],[105.91986,18.44664],[105.92095,18.44677],[105.92409,18.44917]]]},"properties":{"a01_tinh":"diaphanhanhchinhcaptinh_sn.53","a02_xa":"diaphanhanhchinhcapxa_2025.2002","a03_ten":"Xã Lộc Hà","a04_tentinh":"Tỉnh Hà Tĩnh","a05_truocsn":"Thị trấn Lộc Hà, Xã Bình An, Xã Thịnh Lộc, Xã Thạch Kim","a06_trungtamhc":"UBND huyện Lộc Hà (cũ)","a07_dt":"35.63","a08_ds":"40979","a09_dthoai":null,"a10_web":null,"ten":"Xã Lộc Hà","ma":"18568","tentinh":"Tỉnh Hà Tĩnh","truocsapnhap":"Thị trấn Lộc Hà, Xã Bình An, Xã Thịnh Lộc, Xã Thạch Kim","dientichkm2":null,"dansonguoi":null},"id":"diaphanhanhchinhcapxa_2025.2002"},
{"type":"Feature","geometry":{"type":"Polygon","coordinates":[[[105.51035,18.48033],[105.5112,18.47954],[105.51111,18.47828],[105.50944,18.47738],[105.50706,18.4754],[105.50578,18.47469],[105.50457,18.47256],[105.50417,18.4708],[105.50439,18.4693],[105.5045,18.46913],[105.50554,18.4676],[105.5057,18.4663],[105.50512,18.46488],[105.50414,18.46397],[105.50473,18.4629],[105.50545,18.45526],[105.50387,18.4545],[105.50346,18.45378],[105.50128,18.45224],[105.49786,18.44918],[105.49568,18.44811],[105.49427,18.4457],[105.49298,18.44586],[105.49182,18.44437],[105.49043,18.44452],[105.4907,18.44276],[105.4899,18.44067],[105.48816,18.43928],[105.48757,18.44021],[105.4842,18.43852],[105.48379,18.43806],[105.48432,18.43557],[105.48281,18.43493],[105.48093,18.43228],[105.47965,18.43158],[105.47894,18.43017],[105.48069,18.43006],[105.48175,18.42914],[105.48077,18.42831],[105.48265,18.42729],[105.486,18.42314],[105.48745,18.42302],[105.48745,18.42038],[105.48574,18.4187],[105.48438,18.41976],[105.48238,18.41865],[105.48481,18.41453],[105.48407,18.41298],[105.48395,18.41021],[105.48296,18.40947],[105.48224,18.40759],[105.48571,18.40663],[105.48591,18.405],[105.48692,18.40311],[105.48851,18.40382],[105.49092,18.40337],[105.49163,18.40162],[105.49503,18.40046],[105.49634,18.39938],[105.49962,18.39884],[105.50087,18.39793],[105.50185,18.39799],[105.50282,18.39688],[105.50311,18.39568],[105.50508,18.39591],[105.50521,18.39408],[105.50678,18.39365],[105.50893,18.39439],[105.50961,18.39544],[105.50998,18.39742],[105.51052,18.39795],[105.5111,18.40066],[105.5121,18.40197],[105.51229,18.40341],[105.51297,18.4047],[105.51478,18.40507],[105.51542,18.40616],[105.51779,18.40599],[105.51852,18.40636],[105.52072,18.40988],[105.5208,18.41074],[105.52204,18.4119],[105.5225,18.4132],[105.52452,18.4125],[105.52622,18.41376],[105.52703,18.4153],[105.52959,18.41681],[105.53164,18.41687],[105.53635,18.41859],[105.53703,18.42064],[105.5397,18.42036],[105.5404,18.42074],[105.54045,18.42284],[105.54391,18.42346],[105.54352,18.42442],[105.54433,18.42515],[105.54406,18.42896],[105.54262,18.43091],[105.54199,18.43369],[105.54188,18.4357],[105.54235,18.43922],[105.54154,18.44056],[105.54008,18.44129],[105.53938,18.44288],[105.54048,18.44413],[105.54154,18.44627],[105.54265,18.45006],[105.54243,18.45244],[105.54115,18.45406],[105.5411,18.45508],[105.54213,18.458],[105.54113,18.45947],[105.54109,18.46049],[105.54292,18.46212],[105.54355,18.46359],[105.54318,18.46541],[105.54177,18.46594],[105.54048,18.46952],[105.5409,18.47134],[105.54183,18.47307],[105.5429,18.4734],[105.54461,18.47278],[105.54653,18.47322],[105.54874,18.47313],[105.54945,18.47371],[105.55081,18.4763],[105.55297,18.4833],[105.55306,18.48475],[105.55035,18.48732],[105.5484,18.48952],[105.54573,18.49162],[105.54252,18.4937],[105.53756,18.48985],[105.5357,18.48954],[105.53334,18.48857],[105.53165,18.48665],[105.52959,18.48369],[105.52799,18.48334],[105.5275,18.48436],[105.52601,18.48316],[105.52274,18.48103],[105.52275,18.48249],[105.52162,18.48354],[105.51941,18.48701],[105.5173,18.48706],[105.51453,18.48619],[105.51235,18.48668],[105.51111,18.48859],[105.51102,18.49137],[105.51008,18.48937],[105.50985,18.48772],[105.50734,18.48616],[105.50847,18.48463],[105.51017,18.48085],[105.51035,18.48033]]]},"properties":{"a01_tinh":"diaphanhanhchinhcaptinh_sn.53","a02_xa":"diaphanhanhchinhcapxa_2025.2039","a03_ten":"Xã Mai Hoa","a04_tentinh":"Tỉnh Hà Tĩnh","a05_truocsn":"Xã Ân Phú, Xã Đức Giang, Xã Đức Lĩnh","a06_trungtamhc":"UBND xã Đức Lĩnh","a07_dt":"45.85","a08_ds":"11065","a09_dthoai":null,"a10_web":null,"ten":"Xã Mai Hoa","ma":"18322","tentinh":"Tỉnh Hà Tĩnh","truocsapnhap":"Xã Ân Phú, Xã Đức Giang, Xã Đức Lĩnh","dientichkm2":null,"dansonguoi":null},"id":"diaphanhanhchinhcapxa_2025.2039"},
{"type":"Feature","geometry":{"type":"Polygon","coordinates":[[[105.91264,18.44476],[105.91074,18.44519],[105.90618,18.44558],[105.90551,18.44676],[105.90156,18.44814],[105.89955,18.45011],[105.89844,18.44749],[105.89625,18.44885],[105.89411,18.44876],[105.89169,18.44691],[105.8911,18.44687],[105.8888,18.44903],[105.88772,18.44791],[105.88783,18.44712],[105.88493,18.44598],[105.88322,18.44901],[105.88237,18.44997],[105.8796,18.44904],[105.87801,18.4531],[105.87794,18.4552],[105.87871,18.4588],[105.87849,18.45944],[105.88092,18.46287],[105.88181,18.46341],[105.88401,18.46246],[105.88508,18.46316],[105.88842,18.4643],[105.88865,18.46534],[105.88975,18.46541],[105.88974,18.4686],[105.89122,18.47017],[105.89162,18.47248],[105.88458,18.46707],[105.8828,18.46727],[105.87925,18.46697],[105.87793,18.4661],[105.87563,18.46583],[105.8753,18.46641],[105.8729,18.46591],[105.87214,18.46697],[105.8704,18.46696],[105.8668,18.46641],[105.8657,18.46547],[105.86228,18.46425],[105.86139,18.46667],[105.86049,18.46747],[105.8584,18.46789],[105.85827,18.47023],[105.85703,18.47015],[105.85593,18.47113],[105.85516,18.47014],[105.85531,18.46947],[105.85135,18.46871],[105.84941,18.46404],[105.848,18.46207],[105.84929,18.46124],[105.84979,18.45797],[105.84842,18.45657],[105.84897,18.45521],[105.84845,18.45378],[105.84884,18.45132],[105.84567,18.44742],[105.84506,18.44604],[105.84573,18.44518],[105.84546,18.4412],[105.84583,18.44022],[105.84728,18.43898],[105.84632,18.43659],[105.84628,18.43433],[105.84734,18.43244],[105.85132,18.43312],[105.85419,18.43306],[105.85603,18.43222],[105.8566,18.43064],[105.8562,18.42829],[105.85713,18.42448],[105.85829,18.42345],[105.86023,18.4231],[105.86413,18.42353],[105.866,18.4233],[105.86753,18.42249],[105.86842,18.42067],[105.86857,18.41878],[105.86791,18.41667],[105.86441,18.4132],[105.86363,18.41209],[105.86344,18.4107],[105.86496,18.40867],[105.8662,18.40822],[105.87068,18.40742],[105.87264,18.40678],[105.87387,18.4079],[105.87643,18.40911],[105.87846,18.40959],[105.88007,18.41095],[105.88206,18.41011],[105.88277,18.4113],[105.89187,18.41685],[105.89354,18.41693],[105.89578,18.4186],[105.8963,18.41746],[105.89921,18.4168],[105.89907,18.41633],[105.90491,18.41497],[105.90549,18.4164],[105.90666,18.41703],[105.90943,18.41549],[105.91299,18.4109],[105.91705,18.41394],[105.91882,18.41644],[105.91974,18.41891],[105.92009,18.4212],[105.91927,18.42336],[105.91707,18.4261],[105.91506,18.42905],[105.91297,18.43345],[105.91055,18.43917],[105.9104,18.44027],[105.91109,18.44283],[105.91264,18.44476]]]},"properties":{"a01_tinh":"diaphanhanhchinhcaptinh_sn.53","a02_xa":"diaphanhanhchinhcapxa_2025.2000","a03_ten":"Xã Mai Phụ","a04_tentinh":"Tỉnh Hà Tĩnh","a05_truocsn":"Xã Thạch Mỹ, Xã Thạch Châu, Xã Phù Lưu, Xã Mai Phụ","a06_trungtamhc":"UBND xã Thạch Châu","a07_dt":"31.93","a08_ds":"29828","a09_dthoai":null,"a10_web":null,"ten":"Xã Mai Phụ","ma":"18583","tentinh":"Tỉnh Hà Tĩnh","truocsapnhap":"Xã Thạch Mỹ, Xã Thạch Châu, Xã Phù Lưu, Xã Mai Phụ","dientichkm2":null,"dansonguoi":null},"id":"diaphanhanhchinhcapxa_2025.2000"},
{"type":"Feature","geometry":{"type":"Polygon","coordinates":[[[105.76834,18.60188],[105.76208,18.6069],[105.76094,18.60978],[105.76006,18.61119],[105.76209,18.61363],[105.76223,18.61482],[105.76388,18.61826],[105.7637,18.62564],[105.76285,18.62571],[105.76134,18.6285],[105.75886,18.6352],[105.75884,18.63605],[105.75775,18.63887],[105.75931,18.63994],[105.75997,18.64101],[105.76095,18.64123],[105.76177,18.6424],[105.76254,18.639],[105.7663,18.64038],[105.76534,18.64272],[105.76629,18.64299],[105.76747,18.64089],[105.7697,18.64159],[105.7692,18.64344],[105.76792,18.64526],[105.76776,18.64632],[105.76636,18.64591],[105.76507,18.64969],[105.76223,18.6574],[105.75891,18.65645],[105.75891,18.66015],[105.75665,18.66001],[105.75371,18.65893],[105.75288,18.65965],[105.75237,18.66113],[105.75232,18.66307],[105.75073,18.66821],[105.74733,18.66844],[105.74281,18.66904],[105.73878,18.67009],[105.73214,18.67258],[105.72876,18.67317],[105.72666,18.67302],[105.72163,18.67135],[105.71848,18.66951],[105.71597,18.66712],[105.7142,18.66474],[105.71268,18.6614],[105.71131,18.65434],[105.70883,18.6475],[105.70638,18.6396],[105.70465,18.63556],[105.70208,18.63313],[105.69839,18.63264],[105.69455,18.63187],[105.69251,18.63087],[105.69112,18.62919],[105.69017,18.62744],[105.68947,18.62402],[105.68911,18.6187],[105.68983,18.61431],[105.68981,18.61008],[105.68937,18.60732],[105.68909,18.60192],[105.68953,18.59979],[105.68959,18.59727],[105.68873,18.59389],[105.69133,18.5931],[105.69104,18.5924],[105.70173,18.59354],[105.70477,18.59341],[105.70757,18.59464],[105.71001,18.59152],[105.71107,18.59101],[105.71166,18.58964],[105.71293,18.58851],[105.71414,18.58644],[105.72189,18.5861],[105.72235,18.58103],[105.72193,18.57694],[105.72203,18.57599],[105.72124,18.57496],[105.72095,18.57268],[105.7202,18.57058],[105.72052,18.5689],[105.72058,18.56477],[105.71938,18.5637],[105.72069,18.5613],[105.71884,18.56072],[105.71991,18.55808],[105.71917,18.55664],[105.71789,18.55548],[105.7167,18.55333],[105.71783,18.55151],[105.71838,18.54953],[105.72119,18.54947],[105.72117,18.54745],[105.72166,18.54583],[105.72266,18.54646],[105.72374,18.54627],[105.72611,18.54485],[105.7289,18.54526],[105.73023,18.54501],[105.73034,18.54693],[105.73114,18.5482],[105.73368,18.54809],[105.73499,18.5474],[105.73657,18.54776],[105.73993,18.55129],[105.74253,18.55109],[105.74387,18.55199],[105.74389,18.55342],[105.74565,18.55402],[105.74881,18.55288],[105.74877,18.55538],[105.7514,18.55621],[105.75249,18.55605],[105.75281,18.55352],[105.75412,18.55248],[105.75613,18.55348],[105.75921,18.55384],[105.76243,18.55229],[105.76347,18.55217],[105.76335,18.55447],[105.76361,18.55861],[105.76289,18.56278],[105.76311,18.56489],[105.76223,18.56862],[105.76211,18.57041],[105.76082,18.57155],[105.76196,18.5751],[105.76175,18.577],[105.76079,18.58069],[105.76148,18.58434],[105.76218,18.58559],[105.76166,18.58736],[105.7626,18.5907],[105.76407,18.59075],[105.76567,18.59361],[105.76901,18.59829],[105.76967,18.60046],[105.76834,18.60188]]]},"properties":{"a01_tinh":"diaphanhanhchinhcaptinh_sn.53","a02_xa":"diaphanhanhchinhcapxa_2025.1993","a03_ten":"Xã Nghi Xuân","a04_tentinh":"Tỉnh Hà Tĩnh","a05_truocsn":"Thị trấn Xuân An, Xã Xuân Giang, Xã Xuân Hồng, Xã Xuân Viên, Xã Xuân Lĩnh","a06_trungtamhc":"UBND thị trấn Xuân An","a07_dt":"77.65","a08_ds":"37524","a09_dthoai":null,"a10_web":null,"ten":"Xã Nghi Xuân","ma":"18352","tentinh":"Tỉnh Hà Tĩnh","truocsapnhap":"Thị trấn Xuân An, Xã Xuân Giang, Xã Xuân Hồng, Xã Xuân Viên, Xã Xuân Lĩnh","dientichkm2":null,"dansonguoi":null},"id":"diaphanhanhchinhcapxa_2025.1993"},
{"type":"Feature","geometry":{"type":"Polygon","coordinates":[[[105.8547,18.14768],[105.85305,18.14535],[105.84887,18.14429],[105.846,18.14479],[105.84485,18.14554],[105.84442,18.14681],[105.84196,18.1499],[105.84207,18.15122],[105.84016,18.15303],[105.83791,18.15259],[105.83608,18.15279],[105.83473,18.15237],[105.83294,18.15351],[105.82915,18.15277],[105.82466,18.15214],[105.8227,18.15229],[105.82075,18.15103],[105.81761,18.15175],[105.81598,18.15013],[105.81456,18.15032],[105.81367,18.14975],[105.80973,18.15057],[105.80718,18.14983],[105.80396,18.1475],[105.80291,18.14762],[105.80263,18.14914],[105.8007,18.15341],[105.79698,18.15631],[105.79516,18.1567],[105.79519,18.15875],[105.79631,18.16077],[105.79546,18.16187],[105.79615,18.16282],[105.79635,18.16429],[105.79333,18.16587],[105.79038,18.16633],[105.78942,18.16708],[105.78821,18.16938],[105.78597,18.16861],[105.78464,18.16641],[105.78192,18.16424],[105.78177,18.16304],[105.77894,18.16119],[105.77796,18.15944],[105.7765,18.158],[105.77842,18.15517],[105.77838,18.15179],[105.77452,18.14876],[105.77212,18.14804],[105.76986,18.14625],[105.75696,18.14115],[105.75526,18.1398],[105.75257,18.13953],[105.753,18.13775],[105.74566,18.13657],[105.74502,18.13731],[105.7435,18.13566],[105.74969,18.13115],[105.74777,18.12941],[105.74477,18.13165],[105.74234,18.13037],[105.74078,18.12893],[105.73686,18.12831],[105.73568,18.12639],[105.73712,18.1248],[105.73499,18.12256],[105.73353,18.12159],[105.73411,18.12007],[105.73417,18.11844],[105.73536,18.11672],[105.73522,18.11491],[105.73557,18.11295],[105.73479,18.11155],[105.73557,18.10998],[105.73606,18.10677],[105.7376,18.10388],[105.7376,18.10311],[105.73461,18.10154],[105.73432,18.09894],[105.7325,18.09687],[105.73131,18.09457],[105.73283,18.09242],[105.73296,18.0916],[105.73574,18.08922],[105.73612,18.08816],[105.73938,18.08571],[105.73778,18.08308],[105.73483,18.08142],[105.73003,18.07613],[105.72715,18.07279],[105.72725,18.06967],[105.72649,18.06869],[105.72686,18.06511],[105.72474,18.06315],[105.7232,18.06297],[105.72207,18.06338],[105.72185,18.06183],[105.72221,18.05939],[105.72343,18.05739],[105.72324,18.05554],[105.72356,18.0541],[105.72266,18.05189],[105.72327,18.05153],[105.72483,18.04864],[105.72703,18.04813],[105.72634,18.04585],[105.7264,18.04472],[105.72735,18.04306],[105.72687,18.04077],[105.72756,18.03953],[105.72756,18.03598],[105.72987,18.03316],[105.73099,18.0344],[105.73389,18.03512],[105.73487,18.03594],[105.73593,18.03549],[105.7399,18.03723],[105.74229,18.03545],[105.74537,18.03551],[105.74623,18.03471],[105.74838,18.03408],[105.7505,18.03384],[105.75116,18.03223],[105.7526,18.03134],[105.75346,18.03009],[105.75398,18.02827],[105.75837,18.02563],[105.76052,18.02469],[105.76467,18.02473],[105.76636,18.02415],[105.76997,18.02346],[105.77295,18.02014],[105.7749,18.01853],[105.7757,18.01722],[105.77756,18.01697],[105.77879,18.01724],[105.78025,18.01845],[105.78176,18.01903],[105.78331,18.02167],[105.78533,18.02306],[105.78719,18.02477],[105.79011,18.02554],[105.79181,18.02471],[105.79318,18.02504],[105.79706,18.02376],[105.79889,18.02399],[105.802,18.0258],[105.80595,18.02614],[105.80972,18.02588],[105.81069,18.02728],[105.81004,18.02847],[105.80763,18.03111],[105.80779,18.03182],[105.81082,18.03364],[105.81583,18.03625],[105.81638,18.03778],[105.81878,18.03705],[105.82025,18.03434],[105.822,18.03346],[105.82451,18.03306],[105.82639,18.03204],[105.82897,18.03168],[105.83004,18.03284],[105.83189,18.03573],[105.83338,18.03668],[105.83522,18.04048],[105.83516,18.04127],[105.8279,18.04727],[105.82522,18.0475],[105.82407,18.04798],[105.82148,18.05017],[105.81941,18.05124],[105.81301,18.05265],[105.82145,18.05937],[105.82313,18.06006],[105.82601,18.06289],[105.83026,18.06441],[105.83185,18.06529],[105.83389,18.06507],[105.83448,18.06402],[105.83871,18.0632],[105.84078,18.06481],[105.8425,18.0655],[105.84444,18.06419],[105.84861,18.06405],[105.84974,18.0665],[105.85059,18.06717],[105.85269,18.06767],[105.85483,18.06765],[105.86952,18.06653],[105.87419,18.06839],[105.87515,18.0693],[105.87559,18.07328],[105.878,18.07411],[105.87901,18.07574],[105.88115,18.07679],[105.88152,18.0794],[105.88229,18.07998],[105.88221,18.08224],[105.8831,18.08332],[105.88498,18.08425],[105.88623,18.08428],[105.88725,18.08536],[105.89125,18.08641],[105.892,18.08785],[105.89325,18.08903],[105.89505,18.09005],[105.89788,18.09003],[105.89892,18.08961],[105.90254,18.08955],[105.90399,18.08978],[105.90589,18.08922],[105.9083,18.08922],[105.91019,18.08869],[105.91109,18.08745],[105.91344,18.08704],[105.91796,18.08106],[105.91962,18.08123],[105.92009,18.08232],[105.92276,18.0838],[105.92508,18.08558],[105.92856,18.08701],[105.9302,18.08911],[105.93114,18.08944],[105.93019,18.09026],[105.92927,18.09246],[105.9253,18.09472],[105.92473,18.09606],[105.92431,18.09845],[105.9229,18.10132],[105.91787,18.1035],[105.91725,18.10835],[105.91412,18.11202],[105.9136,18.11456],[105.90949,18.11618],[105.90783,18.11816],[105.90499,18.11841],[105.90425,18.11927],[105.90403,18.12177],[105.9018,18.12298],[105.89918,18.12337],[105.89493,18.12461],[105.89239,18.12685],[105.89184,18.12862],[105.89047,18.12893],[105.89009,18.13013],[105.89035,18.13237],[105.89004,18.1331],[105.8878,18.13569],[105.88699,18.13628],[105.88358,18.13667],[105.88237,18.13899],[105.88096,18.13975],[105.87987,18.14147],[105.87829,18.1412],[105.87497,18.13971],[105.87266,18.13974],[105.87154,18.13843],[105.86778,18.13694],[105.86676,18.13621],[105.86512,18.1382],[105.86362,18.13794],[105.86229,18.1383],[105.86042,18.13736],[105.8584,18.13871],[105.85816,18.13947],[105.85618,18.14026],[105.8558,18.14121],[105.85633,18.14315],[105.8547,18.14768]]]},"properties":{"a01_tinh":"diaphanhanhchinhcaptinh_sn.53","a02_xa":"diaphanhanhchinhcapxa_2025.2035","a03_ten":"Xã Phúc Trạch","a04_tentinh":"Tỉnh Hà Tĩnh","a05_truocsn":"Xã Hương Trạch, Xã Hương Liên, Xã Phúc Trạch","a06_trungtamhc":"UBND xã Phúc Trạch","a07_dt":"201.42","a08_ds":"18135","a09_dthoai":null,"a10_web":null,"ten":"Xã Phúc Trạch","ma":"18547","tentinh":"Tỉnh Hà Tĩnh","truocsapnhap":"Xã Hương Trạch, Xã Hương Liên, Xã Phúc Trạch","dientichkm2":null,"dansonguoi":null},"id":"diaphanhanhchinhcapxa_2025.2035"},
{"type":"Feature","geometry":{"type":"Polygon","coordinates":[[[105.39761,18.57992],[105.39408,18.57964],[105.39247,18.58031],[105.38938,18.58107],[105.38587,18.58091],[105.38472,18.58045],[105.38296,18.58064],[105.38185,18.57974],[105.3773,18.57848],[105.37595,18.57889],[105.37408,18.58046],[105.37237,18.58087],[105.36834,18.58015],[105.36618,18.58031],[105.3627,18.58151],[105.36086,18.58105],[105.35942,18.58159],[105.35836,18.58335],[105.355,18.586],[105.3532,18.5861],[105.34915,18.58748],[105.34808,18.5887],[105.34702,18.58884],[105.34309,18.59057],[105.34033,18.5908],[105.33863,18.59026],[105.3384,18.58841],[105.33735,18.58589],[105.33763,18.58413],[105.33629,18.58111],[105.33528,18.57978],[105.3335,18.5783],[105.32896,18.57918],[105.32606,18.57782],[105.32611,18.57563],[105.32538,18.57421],[105.32569,18.5719],[105.32633,18.57083],[105.32531,18.56927],[105.3278,18.56898],[105.32903,18.56753],[105.32953,18.56568],[105.33305,18.56494],[105.3345,18.56366],[105.33536,18.5622],[105.33456,18.56068],[105.33546,18.55971],[105.33535,18.55884],[105.33384,18.55485],[105.33315,18.55435],[105.33384,18.55145],[105.33251,18.55007],[105.33581,18.54853],[105.33745,18.54701],[105.33864,18.54381],[105.33958,18.54007],[105.34254,18.53916],[105.34419,18.54059],[105.3427,18.54167],[105.34158,18.54171],[105.3423,18.54369],[105.34345,18.54357],[105.34553,18.54169],[105.34782,18.53837],[105.3482,18.53624],[105.34938,18.53726],[105.35231,18.53743],[105.35294,18.53927],[105.35401,18.5407],[105.35437,18.54268],[105.35548,18.54438],[105.35715,18.54522],[105.35681,18.54258],[105.35553,18.54042],[105.35438,18.53918],[105.3539,18.53667],[105.35308,18.53552],[105.35261,18.53134],[105.35116,18.52943],[105.34753,18.52943],[105.34591,18.52786],[105.34553,18.5264],[105.34651,18.52562],[105.3486,18.52597],[105.34924,18.52441],[105.34983,18.52099],[105.35151,18.52009],[105.3516,18.51616],[105.35337,18.51368],[105.35482,18.51303],[105.35569,18.51148],[105.35467,18.50969],[105.35549,18.50857],[105.35817,18.50729],[105.35946,18.50783],[105.36045,18.50656],[105.36125,18.50428],[105.36146,18.50252],[105.35976,18.50148],[105.35912,18.49984],[105.35925,18.49829],[105.35766,18.49607],[105.35447,18.49455],[105.35494,18.49259],[105.35376,18.49018],[105.35442,18.48835],[105.3526,18.48607],[105.3522,18.48398],[105.34951,18.48236],[105.35121,18.48092],[105.35103,18.4791],[105.35158,18.47792],[105.35213,18.47476],[105.35382,18.4734],[105.35384,18.47263],[105.35608,18.47136],[105.35731,18.46993],[105.35924,18.46994],[105.363,18.47128],[105.36404,18.47258],[105.36739,18.47349],[105.3708,18.47335],[105.37233,18.47299],[105.37483,18.47446],[105.37604,18.47428],[105.3795,18.47637],[105.38218,18.47556],[105.38346,18.47691],[105.38569,18.47772],[105.38697,18.48239],[105.38822,18.48294],[105.39211,18.4839],[105.3973,18.4843],[105.39819,18.4858],[105.39653,18.48612],[105.39674,18.48744],[105.39889,18.48844],[105.39839,18.48978],[105.40108,18.49124],[105.40562,18.49284],[105.40873,18.49128],[105.41057,18.49416],[105.4116,18.49389],[105.41332,18.49437],[105.41346,18.49581],[105.41217,18.49633],[105.41264,18.4983],[105.41356,18.49893],[105.41263,18.50064],[105.41436,18.5038],[105.41482,18.50552],[105.41401,18.50687],[105.41484,18.50944],[105.41526,18.51194],[105.41632,18.51219],[105.41937,18.51199],[105.4211,18.5122],[105.42216,18.51399],[105.42497,18.51671],[105.42623,18.5183],[105.42862,18.52216],[105.42969,18.52484],[105.43046,18.52601],[105.43328,18.52708],[105.43242,18.52783],[105.43075,18.52764],[105.4267,18.52949],[105.42533,18.529],[105.42511,18.53139],[105.42372,18.53129],[105.42185,18.5337],[105.4218,18.53706],[105.42494,18.53787],[105.42607,18.53883],[105.42862,18.53966],[105.42778,18.54024],[105.42564,18.54315],[105.42405,18.54356],[105.42305,18.54462],[105.41991,18.54671],[105.41962,18.5483],[105.41885,18.54922],[105.41899,18.5509],[105.4203,18.55241],[105.42063,18.55642],[105.42159,18.55836],[105.41985,18.56028],[105.41823,18.56044],[105.41788,18.56127],[105.41499,18.56337],[105.41417,18.5651],[105.41258,18.56613],[105.41088,18.56785],[105.40963,18.56831],[105.40855,18.56947],[105.40701,18.57015],[105.40571,18.56999],[105.4038,18.5714],[105.40127,18.57532],[105.3997,18.57686],[105.39761,18.57992]]]},"properties":{"a01_tinh":"diaphanhanhchinhcaptinh_sn.53","a02_xa":"diaphanhanhchinhcapxa_2025.2042","a03_ten":"Xã Sơn Giang","a04_tentinh":"Tỉnh Hà Tĩnh","a05_truocsn":"Xã Sơn Lâm, Xã Quang Diệm, Xã Sơn Giang","a06_trungtamhc":"UBND xã Quang Diệm","a07_dt":"86.32","a08_ds":"18962","a09_dthoai":null,"a10_web":null,"ten":"Xã Sơn Giang","ma":"18184","tentinh":"Tỉnh Hà Tĩnh","truocsapnhap":"Xã Sơn Lâm, Xã Quang Diệm, Xã Sơn Giang","dientichkm2":null,"dansonguoi":null},"id":"diaphanhanhchinhcapxa_2025.2042"},
{"type":"Feature","geometry":{"type":"Polygon","coordinates":[[[105.33863,18.59026],[105.33718,18.59384],[105.33451,18.59512],[105.33303,18.59789],[105.33207,18.5987],[105.33041,18.60173],[105.32814,18.60205],[105.32578,18.60168],[105.32445,18.6018],[105.32165,18.60376],[105.32034,18.60357],[105.31906,18.60413],[105.31794,18.60354],[105.31667,18.60392],[105.31483,18.60528],[105.31222,18.60549],[105.30925,18.60655],[105.30565,18.60687],[105.30474,18.60729],[105.30271,18.61073],[105.30219,18.61351],[105.29876,18.61656],[105.29566,18.62194],[105.29374,18.62235],[105.29102,18.62119],[105.28947,18.61986],[105.28758,18.61979],[105.28391,18.62306],[105.2821,18.6238],[105.27805,18.62194],[105.27504,18.62184],[105.27346,18.62219],[105.27156,18.61956],[105.27024,18.61854],[105.26823,18.61897],[105.26676,18.61981],[105.26539,18.61853],[105.26179,18.61777],[105.25672,18.61462],[105.25445,18.61263],[105.25303,18.61085],[105.25056,18.6097],[105.24953,18.60889],[105.24706,18.60848],[105.24529,18.60622],[105.24294,18.60558],[105.24062,18.6041],[105.23914,18.60269],[105.23866,18.60082],[105.2373,18.5996],[105.23691,18.5986],[105.23447,18.59763],[105.23372,18.5969],[105.23251,18.59392],[105.23262,18.5924],[105.23186,18.5896],[105.22933,18.58804],[105.22744,18.58786],[105.22628,18.58953],[105.2247,18.59047],[105.22129,18.59533],[105.21909,18.59677],[105.21839,18.59768],[105.21599,18.59825],[105.21493,18.59812],[105.21232,18.59939],[105.21132,18.59949],[105.20903,18.59845],[105.20622,18.59903],[105.20296,18.59876],[105.19982,18.60051],[105.19678,18.60171],[105.19363,18.60107],[105.1917,18.5997],[105.19098,18.59962],[105.18924,18.60065],[105.18784,18.60206],[105.18383,18.60278],[105.18195,18.60233],[105.18063,18.60275],[105.17821,18.60539],[105.17716,18.6059],[105.17565,18.60555],[105.17395,18.60571],[105.17239,18.60664],[105.17011,18.60975],[105.16902,18.61022],[105.16734,18.61167],[105.16399,18.61175],[105.16234,18.61253],[105.15948,18.61327],[105.15895,18.61302],[105.15713,18.61038],[105.15636,18.60744],[105.15551,18.60648],[105.15403,18.60576],[105.15094,18.60577],[105.14981,18.60523],[105.14903,18.60365],[105.14597,18.60116],[105.14372,18.59974],[105.14364,18.5975],[105.14272,18.59726],[105.14004,18.59799],[105.13922,18.59687],[105.13931,18.59492],[105.13708,18.5937],[105.13452,18.5911],[105.1355,18.58851],[105.13556,18.5867],[105.13614,18.58558],[105.13738,18.5858],[105.1386,18.58397],[105.13706,18.58239],[105.13559,18.58208],[105.13554,18.58004],[105.13602,18.57831],[105.13542,18.57751],[105.13492,18.57361],[105.13525,18.57276],[105.13402,18.57079],[105.13426,18.56952],[105.13637,18.56796],[105.13775,18.56601],[105.13961,18.56441],[105.14005,18.56187],[105.13753,18.56071],[105.13564,18.55945],[105.13296,18.55939],[105.13153,18.55796],[105.12942,18.55682],[105.12942,18.556],[105.12803,18.55492],[105.12798,18.5519],[105.12851,18.54969],[105.1296,18.54903],[105.12685,18.54637],[105.12619,18.54478],[105.12459,18.54383],[105.12322,18.54216],[105.12027,18.5404],[105.11866,18.54038],[105.11605,18.53892],[105.11672,18.53652],[105.11582,18.53384],[105.11512,18.53307],[105.11493,18.53137],[105.11549,18.5279],[105.11596,18.52683],[105.11758,18.52509],[105.11971,18.52351],[105.11975,18.52248],[105.11789,18.52062],[105.11535,18.5193],[105.11489,18.51756],[105.11922,18.51731],[105.12002,18.51754],[105.12098,18.51888],[105.12369,18.51878],[105.12637,18.51926],[105.12801,18.52002],[105.12947,18.52121],[105.13327,18.52005],[105.13455,18.52007],[105.13922,18.52085],[105.14114,18.52013],[105.14494,18.52177],[105.14692,18.52166],[105.14896,18.52253],[105.14936,18.52433],[105.1515,18.52602],[105.15323,18.52596],[105.15591,18.52535],[105.15817,18.52522],[105.16053,18.52592],[105.16425,18.52488],[105.16714,18.52334],[105.16936,18.5236],[105.16992,18.52509],[105.17154,18.52633],[105.1746,18.52761],[105.17718,18.527],[105.17901,18.52762],[105.18225,18.52757],[105.18298,18.52804],[105.18748,18.52896],[105.18842,18.52966],[105.18971,18.52905],[105.1928,18.52948],[105.1961,18.52905],[105.19853,18.52701],[105.20052,18.52723],[105.20286,18.52692],[105.20671,18.52724],[105.20761,18.52765],[105.21018,18.5273],[105.21295,18.52748],[105.21434,18.52827],[105.21723,18.52909],[105.21922,18.53114],[105.22058,18.53186],[105.22166,18.53371],[105.22503,18.535],[105.22958,18.53578],[105.23051,18.53528],[105.23228,18.533],[105.23364,18.52949],[105.23542,18.52867],[105.23788,18.52814],[105.24024,18.52796],[105.24085,18.52906],[105.2422,18.52988],[105.24532,18.52979],[105.25185,18.52902],[105.25252,18.52795],[105.25334,18.52394],[105.25491,18.5228],[105.25802,18.52393],[105.2598,18.52296],[105.26034,18.52081],[105.26326,18.51988],[105.26629,18.52043],[105.26793,18.52015],[105.27046,18.52044],[105.27347,18.51712],[105.27404,18.51444],[105.27527,18.51372],[105.27788,18.51319],[105.279,18.51343],[105.28185,18.51288],[105.28503,18.51],[105.28797,18.50872],[105.29091,18.50785],[105.29581,18.50943],[105.29726,18.50896],[105.29875,18.50912],[105.30252,18.51042],[105.30388,18.51038],[105.30563,18.51141],[105.30892,18.51211],[105.31023,18.51323],[105.31256,18.51397],[105.31415,18.51496],[105.31837,18.51591],[105.32055,18.51282],[105.32175,18.51299],[105.32294,18.51231],[105.32503,18.50993],[105.32509,18.50891],[105.32611,18.5079],[105.3263,18.50682],[105.32748,18.50458],[105.32911,18.5036],[105.33458,18.50319],[105.33528,18.50536],[105.33962,18.51061],[105.34105,18.51206],[105.34297,18.51484],[105.3443,18.51554],[105.34593,18.51502],[105.34714,18.51287],[105.34832,18.51161],[105.34927,18.51133],[105.35082,18.51241],[105.35228,18.51214],[105.35346,18.51134],[105.35467,18.50969],[105.35569,18.51148],[105.35482,18.51303],[105.35337,18.51368],[105.3516,18.51616],[105.35151,18.52009],[105.34983,18.52099],[105.34924,18.52441],[105.3486,18.52597],[105.34651,18.52562],[105.34553,18.5264],[105.34591,18.52786],[105.34753,18.52943],[105.35116,18.52943],[105.35261,18.53134],[105.35308,18.53552],[105.3539,18.53667],[105.35438,18.53918],[105.35553,18.54042],[105.35681,18.54258],[105.35715,18.54522],[105.35548,18.54438],[105.35437,18.54268],[105.35401,18.5407],[105.35294,18.53927],[105.35231,18.53743],[105.34938,18.53726],[105.3482,18.53624],[105.34782,18.53837],[105.34553,18.54169],[105.34345,18.54357],[105.3423,18.54369],[105.34158,18.54171],[105.3427,18.54167],[105.34419,18.54059],[105.34254,18.53916],[105.33958,18.54007],[105.33864,18.54381],[105.33745,18.54701],[105.33581,18.54853],[105.33251,18.55007],[105.33384,18.55145],[105.33315,18.55435],[105.33384,18.55485],[105.33535,18.55884],[105.33546,18.55971],[105.33456,18.56068],[105.33536,18.5622],[105.3345,18.56366],[105.33305,18.56494],[105.32953,18.56568],[105.32903,18.56753],[105.3278,18.56898],[105.32531,18.56927],[105.32633,18.57083],[105.32569,18.5719],[105.32538,18.57421],[105.32611,18.57563],[105.32606,18.57782],[105.32896,18.57918],[105.3335,18.5783],[105.33528,18.57978],[105.33629,18.58111],[105.33763,18.58413],[105.33735,18.58589],[105.3384,18.58841],[105.33863,18.59026]]]},"properties":{"a01_tinh":"diaphanhanhchinhcaptinh_sn.53","a02_xa":"diaphanhanhchinhcapxa_2025.2058","a03_ten":"Xã Sơn Hồng","a04_tentinh":"Tỉnh Hà Tĩnh","a05_truocsn":"Xã Sơn Lĩnh, Xã Sơn Hồng","a06_trungtamhc":"UBND xã Sơn Lĩnh","a07_dt":"209.04","a08_ds":"8409","a09_dthoai":null,"a10_web":null,"ten":"Xã Sơn Hồng","ma":"18160","tentinh":"Tỉnh Hà Tĩnh","truocsapnhap":"Xã Sơn Lĩnh, Xã Sơn Hồng","dientichkm2":null,"dansonguoi":null},"id":"diaphanhanhchinhcapxa_2025.2058"},
{"type":"Feature","geometry":{"type":"Polygon","coordinates":[[[105.19853,18.52701],[105.1961,18.52905],[105.1928,18.52948],[105.18971,18.52905],[105.18842,18.52966],[105.18748,18.52896],[105.18298,18.52804],[105.18225,18.52757],[105.17901,18.52762],[105.17718,18.527],[105.1746,18.52761],[105.17154,18.52633],[105.16992,18.52509],[105.16936,18.5236],[105.16714,18.52334],[105.16425,18.52488],[105.16053,18.52592],[105.15817,18.52522],[105.15591,18.52535],[105.15323,18.52596],[105.1515,18.52602],[105.14936,18.52433],[105.14896,18.52253],[105.14692,18.52166],[105.14494,18.52177],[105.14114,18.52013],[105.13922,18.52085],[105.13455,18.52007],[105.13327,18.52005],[105.12947,18.52121],[105.12801,18.52002],[105.12637,18.51926],[105.12369,18.51878],[105.12098,18.51888],[105.12002,18.51754],[105.11922,18.51731],[105.11489,18.51756],[105.11427,18.51485],[105.11229,18.51358],[105.11115,18.5124],[105.11205,18.51032],[105.11186,18.50909],[105.11063,18.50728],[105.11007,18.5056],[105.11057,18.5045],[105.10988,18.50301],[105.11025,18.5008],[105.1125,18.49862],[105.11308,18.49654],[105.11256,18.49532],[105.11079,18.49359],[105.11384,18.49151],[105.11008,18.48608],[105.10908,18.48242],[105.10982,18.47906],[105.10935,18.47777],[105.10809,18.47712],[105.10741,18.47549],[105.10863,18.47359],[105.10773,18.47156],[105.10818,18.47088],[105.10785,18.46815],[105.10807,18.46686],[105.10898,18.46591],[105.10751,18.46338],[105.10576,18.4622],[105.10491,18.4603],[105.10547,18.45825],[105.10703,18.45763],[105.10852,18.45603],[105.10857,18.45529],[105.10717,18.4546],[105.10576,18.45249],[105.10512,18.45037],[105.10388,18.44793],[105.10416,18.44621],[105.10653,18.44361],[105.10631,18.44193],[105.10659,18.44],[105.10873,18.4376],[105.11056,18.43442],[105.11261,18.43392],[105.1138,18.43404],[105.11835,18.43299],[105.1187,18.43178],[105.1183,18.42892],[105.11857,18.42662],[105.12087,18.42383],[105.12086,18.4211],[105.12038,18.42015],[105.12191,18.41885],[105.1237,18.41852],[105.12497,18.41711],[105.12864,18.41627],[105.13055,18.4155],[105.13148,18.41654],[105.13359,18.41646],[105.13495,18.41561],[105.13761,18.41718],[105.13855,18.41926],[105.14026,18.41993],[105.13996,18.41581],[105.14033,18.41408],[105.13857,18.41273],[105.13793,18.41172],[105.13805,18.40835],[105.14011,18.40742],[105.14277,18.40736],[105.14425,18.40667],[105.14724,18.4039],[105.14557,18.40121],[105.14689,18.39804],[105.14712,18.39662],[105.1483,18.39547],[105.14882,18.39395],[105.15089,18.39208],[105.15092,18.39095],[105.14991,18.39069],[105.15035,18.38902],[105.15163,18.38845],[105.15451,18.3884],[105.15724,18.38771],[105.15837,18.38677],[105.1664,18.38753],[105.1668,18.3905],[105.16745,18.39223],[105.16942,18.39147],[105.17115,18.39253],[105.17384,18.39206],[105.17426,18.39104],[105.17606,18.39019],[105.17713,18.39018],[105.17871,18.38913],[105.17976,18.39027],[105.181,18.3888],[105.18195,18.38846],[105.18462,18.38644],[105.18476,18.38502],[105.18411,18.38331],[105.18277,18.38273],[105.18225,18.38015],[105.1816,18.37886],[105.18194,18.37559],[105.18177,18.37481],[105.17982,18.37343],[105.17843,18.37086],[105.17874,18.36951],[105.18031,18.36871],[105.18069,18.36765],[105.18241,18.3662],[105.18338,18.36407],[105.18344,18.36163],[105.18458,18.3608],[105.18574,18.36071],[105.18622,18.35898],[105.18579,18.35654],[105.1884,18.35365],[105.18889,18.35248],[105.1887,18.35008],[105.19018,18.34649],[105.1891,18.34534],[105.18784,18.34199],[105.18782,18.34059],[105.18678,18.33812],[105.18699,18.33723],[105.18604,18.33399],[105.18481,18.33255],[105.18445,18.33062],[105.18497,18.32821],[105.18438,18.32519],[105.18613,18.3246],[105.18746,18.32363],[105.19,18.32237],[105.191,18.3214],[105.19214,18.31923],[105.19387,18.31821],[105.19541,18.31801],[105.19622,18.31734],[105.19842,18.31692],[105.20166,18.31593],[105.20249,18.31542],[105.20426,18.31566],[105.20584,18.31466],[105.20771,18.31463],[105.20747,18.317],[105.2083,18.32258],[105.20794,18.32572],[105.20886,18.32776],[105.20879,18.33005],[105.21023,18.33142],[105.21097,18.33302],[105.21078,18.33595],[105.21206,18.3397],[105.21111,18.34191],[105.21133,18.34285],[105.21324,18.3441],[105.22135,18.34725],[105.2236,18.34894],[105.22214,18.35107],[105.22248,18.35317],[105.22059,18.35787],[105.22115,18.35881],[105.2211,18.36123],[105.22,18.36382],[105.21982,18.36527],[105.22102,18.36667],[105.22119,18.37136],[105.21967,18.37441],[105.22017,18.37724],[105.22119,18.3789],[105.22106,18.3804],[105.2192,18.38306],[105.21933,18.38492],[105.22054,18.38761],[105.2193,18.3884],[105.2182,18.38986],[105.2179,18.39127],[105.21815,18.39388],[105.21766,18.39882],[105.21931,18.40094],[105.22001,18.40405],[105.21866,18.40663],[105.21843,18.40782],[105.21979,18.40976],[105.22202,18.41006],[105.22397,18.41265],[105.2234,18.41384],[105.22321,18.41815],[105.22117,18.42294],[105.22098,18.42663],[105.22163,18.42866],[105.22244,18.42935],[105.22326,18.42797],[105.22501,18.427],[105.22653,18.42777],[105.22822,18.42927],[105.23242,18.4289],[105.23402,18.42971],[105.23635,18.43193],[105.23942,18.43554],[105.23936,18.43728],[105.24156,18.43867],[105.2438,18.43886],[105.24656,18.44118],[105.24757,18.44096],[105.24794,18.43977],[105.24767,18.43447],[105.248,18.43253],[105.24715,18.43099],[105.24795,18.42921],[105.24923,18.42774],[105.25259,18.42702],[105.2548,18.42771],[105.25614,18.42959],[105.25741,18.43229],[105.25735,18.43296],[105.25367,18.43729],[105.25261,18.43899],[105.25229,18.44131],[105.2528,18.44381],[105.25392,18.44468],[105.2558,18.44435],[105.25842,18.44533],[105.26029,18.44539],[105.2623,18.44474],[105.26359,18.44593],[105.26669,18.4462],[105.26746,18.4468],[105.26748,18.44903],[105.26829,18.451],[105.2688,18.45332],[105.2702,18.45519],[105.27168,18.45516],[105.27329,18.45397],[105.27412,18.45061],[105.2726,18.44927],[105.27286,18.44769],[105.27404,18.44575],[105.27631,18.44291],[105.27716,18.44135],[105.28066,18.43764],[105.2823,18.43649],[105.28402,18.4363],[105.28684,18.43709],[105.28705,18.44036],[105.28777,18.44185],[105.2895,18.44254],[105.28957,18.44544],[105.29027,18.44989],[105.29002,18.45198],[105.28992,18.45319],[105.29075,18.45447],[105.29183,18.45474],[105.29225,18.45589],[105.29345,18.45709],[105.29265,18.45762],[105.2911,18.45729],[105.2894,18.45642],[105.28824,18.45799],[105.28944,18.45897],[105.28874,18.46023],[105.28939,18.46107],[105.28789,18.46215],[105.28717,18.46379],[105.28939,18.46308],[105.28962,18.46431],[105.29253,18.4653],[105.29388,18.46969],[105.29428,18.47172],[105.29515,18.4729],[105.294,18.47323],[105.29262,18.47432],[105.29196,18.47544],[105.2882,18.47865],[105.2859,18.47839],[105.2833,18.47931],[105.28122,18.48087],[105.27754,18.48187],[105.27642,18.48303],[105.27481,18.48353],[105.27252,18.48504],[105.26875,18.48334],[105.26626,18.48327],[105.26584,18.48416],[105.26368,18.4846],[105.26239,18.48565],[105.2605,18.48535],[105.2573,18.48579],[105.25593,18.48702],[105.25402,18.48688],[105.25286,18.48615],[105.25018,18.48534],[105.24678,18.48325],[105.24426,18.48295],[105.24251,18.48437],[105.23989,18.48528],[105.23751,18.48758],[105.23526,18.48873],[105.23226,18.48879],[105.22702,18.48966],[105.22502,18.49209],[105.22299,18.4934],[105.22229,18.49454],[105.21992,18.49672],[105.21779,18.50055],[105.21544,18.50209],[105.21417,18.50206],[105.2118,18.5046],[105.21068,18.50641],[105.20944,18.50752],[105.2097,18.51105],[105.20726,18.51266],[105.2063,18.51446],[105.20471,18.51597],[105.20229,18.51753],[105.20127,18.51991],[105.19968,18.52088],[105.1993,18.52331],[105.1996,18.52483],[105.19853,18.52701]]]},"properties":{"a01_tinh":"diaphanhanhchinhcaptinh_sn.53","a02_xa":"diaphanhanhchinhcapxa_2025.2054","a03_ten":"Xã Sơn Kim 1","a04_tentinh":"Tỉnh Hà Tĩnh","a05_truocsn":"giữ nguyên","a06_trungtamhc":"Giữ nguyên","a07_dt":"223.21","a08_ds":"5782","a09_dthoai":null,"a10_web":null,"ten":"Xã Sơn Kim 1","ma":"18196","tentinh":"Tỉnh Hà Tĩnh","truocsapnhap":"giữ nguyên","dientichkm2":null,"dansonguoi":null},"id":"diaphanhanhchinhcapxa_2025.2054"},
{"type":"Feature","geometry":{"type":"Polygon","coordinates":[[[105.35018,18.3795],[105.34849,18.38006],[105.34515,18.38227],[105.34351,18.3841],[105.34148,18.38508],[105.34038,18.38676],[105.33821,18.38854],[105.33765,18.3912],[105.33555,18.39329],[105.33421,18.39722],[105.33197,18.39929],[105.33116,18.40261],[105.33154,18.40393],[105.33095,18.40657],[105.33224,18.4094],[105.33441,18.41127],[105.33612,18.41413],[105.33752,18.41742],[105.33862,18.41818],[105.34089,18.4186],[105.34162,18.42018],[105.34403,18.42166],[105.34518,18.42357],[105.34586,18.4255],[105.34524,18.42874],[105.34559,18.43096],[105.34508,18.43334],[105.34435,18.43487],[105.34506,18.436],[105.34531,18.44156],[105.34623,18.44427],[105.34692,18.44498],[105.34582,18.44841],[105.34457,18.44997],[105.34282,18.45084],[105.34141,18.45353],[105.33976,18.45515],[105.33911,18.45694],[105.33796,18.45676],[105.33625,18.45804],[105.33454,18.4604],[105.33428,18.46157],[105.33321,18.46274],[105.33163,18.46171],[105.32941,18.46162],[105.32785,18.4601],[105.3277,18.45861],[105.32695,18.458],[105.32619,18.45603],[105.32419,18.45357],[105.32345,18.45024],[105.32279,18.44942],[105.32154,18.4492],[105.32204,18.44774],[105.32036,18.44669],[105.31882,18.4468],[105.31583,18.44531],[105.31463,18.44577],[105.31479,18.44678],[105.31116,18.44665],[105.31111,18.44559],[105.30882,18.44543],[105.30766,18.44746],[105.30605,18.44795],[105.30464,18.44579],[105.30311,18.44702],[105.30175,18.44624],[105.2999,18.44671],[105.29816,18.44857],[105.29774,18.45004],[105.29616,18.45103],[105.29394,18.45116],[105.29277,18.45225],[105.29002,18.45198],[105.29027,18.44989],[105.28957,18.44544],[105.2895,18.44254],[105.28777,18.44185],[105.28705,18.44036],[105.28684,18.43709],[105.28402,18.4363],[105.2823,18.43649],[105.28066,18.43764],[105.27716,18.44135],[105.27631,18.44291],[105.27404,18.44575],[105.27286,18.44769],[105.2726,18.44927],[105.27412,18.45061],[105.27329,18.45397],[105.27168,18.45516],[105.2702,18.45519],[105.2688,18.45332],[105.26829,18.451],[105.26748,18.44903],[105.26746,18.4468],[105.26669,18.4462],[105.26359,18.44593],[105.2623,18.44474],[105.26029,18.44539],[105.25842,18.44533],[105.2558,18.44435],[105.25392,18.44468],[105.2528,18.44381],[105.25229,18.44131],[105.25261,18.43899],[105.25367,18.43729],[105.25735,18.43296],[105.25741,18.43229],[105.25614,18.42959],[105.2548,18.42771],[105.25259,18.42702],[105.24923,18.42774],[105.24795,18.42921],[105.24715,18.43099],[105.248,18.43253],[105.24767,18.43447],[105.24794,18.43977],[105.24757,18.44096],[105.24656,18.44118],[105.2438,18.43886],[105.24156,18.43867],[105.23936,18.43728],[105.23942,18.43554],[105.23635,18.43193],[105.23402,18.42971],[105.23242,18.4289],[105.22822,18.42927],[105.22653,18.42777],[105.22501,18.427],[105.22326,18.42797],[105.22244,18.42935],[105.22163,18.42866],[105.22098,18.42663],[105.22117,18.42294],[105.22321,18.41815],[105.2234,18.41384],[105.22397,18.41265],[105.22202,18.41006],[105.21979,18.40976],[105.21843,18.40782],[105.21866,18.40663],[105.22001,18.40405],[105.21931,18.40094],[105.21766,18.39882],[105.21815,18.39388],[105.2179,18.39127],[105.2182,18.38986],[105.2193,18.3884],[105.22054,18.38761],[105.21933,18.38492],[105.2192,18.38306],[105.22106,18.3804],[105.22119,18.3789],[105.22017,18.37724],[105.21967,18.37441],[105.22119,18.37136],[105.22102,18.36667],[105.21982,18.36527],[105.22,18.36382],[105.2211,18.36123],[105.22115,18.35881],[105.22059,18.35787],[105.22248,18.35317],[105.22214,18.35107],[105.2236,18.34894],[105.22135,18.34725],[105.21324,18.3441],[105.21133,18.34285],[105.21111,18.34191],[105.21206,18.3397],[105.21078,18.33595],[105.21097,18.33302],[105.21023,18.33142],[105.20879,18.33005],[105.20886,18.32776],[105.20794,18.32572],[105.2083,18.32258],[105.20747,18.317],[105.20771,18.31463],[105.20841,18.31446],[105.21038,18.31277],[105.21156,18.31122],[105.21543,18.30781],[105.21712,18.30492],[105.21768,18.30324],[105.21834,18.30315],[105.22005,18.3043],[105.22224,18.30448],[105.22414,18.3042],[105.22595,18.30301],[105.23118,18.30304],[105.2322,18.30099],[105.23418,18.30005],[105.23529,18.29853],[105.23765,18.29754],[105.24031,18.29734],[105.24125,18.296],[105.24326,18.29604],[105.2452,18.29243],[105.24597,18.2882],[105.24876,18.28574],[105.24888,18.28365],[105.25061,18.28208],[105.25174,18.28021],[105.25251,18.27793],[105.25348,18.27644],[105.25412,18.27461],[105.25571,18.27427],[105.25693,18.27082],[105.25808,18.26973],[105.25833,18.26801],[105.28644,18.27203],[105.29481,18.27627],[105.29736,18.27725],[105.29977,18.28006],[105.30002,18.28319],[105.30087,18.28534],[105.30125,18.28729],[105.30139,18.29361],[105.30487,18.29345],[105.30808,18.29546],[105.30781,18.29715],[105.30828,18.30196],[105.30805,18.30277],[105.30869,18.3045],[105.30834,18.30592],[105.30905,18.30931],[105.30719,18.31101],[105.30713,18.31269],[105.30875,18.31504],[105.30917,18.31636],[105.31065,18.31681],[105.3118,18.31895],[105.31299,18.32036],[105.31348,18.3221],[105.3148,18.32281],[105.31581,18.32401],[105.31868,18.32427],[105.32005,18.32848],[105.31977,18.32997],[105.32253,18.33152],[105.32288,18.33393],[105.32451,18.33785],[105.32635,18.34052],[105.32701,18.34308],[105.32813,18.34576],[105.32986,18.34785],[105.33104,18.34869],[105.33211,18.35139],[105.33171,18.35218],[105.32975,18.35356],[105.32979,18.35444],[105.33215,18.35689],[105.33205,18.35969],[105.33286,18.36257],[105.33453,18.36398],[105.33593,18.36573],[105.3361,18.36805],[105.33724,18.36935],[105.33792,18.37096],[105.33923,18.3717],[105.34087,18.37193],[105.34178,18.37341],[105.34209,18.3754],[105.34304,18.37538],[105.34402,18.37662],[105.34897,18.37952],[105.35018,18.3795]]]},"properties":{"a01_tinh":"diaphanhanhchinhcaptinh_sn.53","a02_xa":"diaphanhanhchinhcapxa_2025.2053","a03_ten":"Xã Sơn Kim 2","a04_tentinh":"Tỉnh Hà Tĩnh","a05_truocsn":"giữ nguyên","a06_trungtamhc":"Giữ nguyên","a07_dt":"208.46","a08_ds":"5123","a09_dthoai":null,"a10_web":null,"ten":"Xã Sơn Kim 2","ma":"18199","tentinh":"Tỉnh Hà Tĩnh","truocsapnhap":"giữ nguyên","dientichkm2":null,"dansonguoi":null},"id":"diaphanhanhchinhcapxa_2025.2053"},
{"type":"Feature","geometry":{"type":"Polygon","coordinates":[[[105.35467,18.50969],[105.35346,18.51134],[105.35228,18.51214],[105.35082,18.51241],[105.34927,18.51133],[105.34832,18.51161],[105.34714,18.51287],[105.34593,18.51502],[105.3443,18.51554],[105.34297,18.51484],[105.34105,18.51206],[105.33962,18.51061],[105.33528,18.50536],[105.33458,18.50319],[105.32911,18.5036],[105.32748,18.50458],[105.3263,18.50682],[105.32611,18.5079],[105.32509,18.50891],[105.32503,18.50993],[105.32294,18.51231],[105.32175,18.51299],[105.32055,18.51282],[105.31837,18.51591],[105.31415,18.51496],[105.31256,18.51397],[105.31023,18.51323],[105.30892,18.51211],[105.30563,18.51141],[105.30388,18.51038],[105.30252,18.51042],[105.29875,18.50912],[105.29726,18.50896],[105.29581,18.50943],[105.29091,18.50785],[105.28797,18.50872],[105.28503,18.51],[105.28185,18.51288],[105.279,18.51343],[105.27788,18.51319],[105.27527,18.51372],[105.27404,18.51444],[105.27347,18.51712],[105.27046,18.52044],[105.26793,18.52015],[105.26629,18.52043],[105.26326,18.51988],[105.26034,18.52081],[105.2598,18.52296],[105.25802,18.52393],[105.25491,18.5228],[105.25334,18.52394],[105.25252,18.52795],[105.25185,18.52902],[105.24532,18.52979],[105.2422,18.52988],[105.24085,18.52906],[105.24024,18.52796],[105.23788,18.52814],[105.23542,18.52867],[105.23364,18.52949],[105.23228,18.533],[105.23051,18.53528],[105.22958,18.53578],[105.22503,18.535],[105.22166,18.53371],[105.22058,18.53186],[105.21922,18.53114],[105.21723,18.52909],[105.21434,18.52827],[105.21295,18.52748],[105.21018,18.5273],[105.20761,18.52765],[105.20671,18.52724],[105.20286,18.52692],[105.20052,18.52723],[105.19853,18.52701],[105.1996,18.52483],[105.1993,18.52331],[105.19968,18.52088],[105.20127,18.51991],[105.20229,18.51753],[105.20471,18.51597],[105.2063,18.51446],[105.20726,18.51266],[105.2097,18.51105],[105.20944,18.50752],[105.21068,18.50641],[105.2118,18.5046],[105.21417,18.50206],[105.21544,18.50209],[105.21779,18.50055],[105.21992,18.49672],[105.22229,18.49454],[105.22299,18.4934],[105.22502,18.49209],[105.22702,18.48966],[105.23226,18.48879],[105.23526,18.48873],[105.23751,18.48758],[105.23989,18.48528],[105.24251,18.48437],[105.24426,18.48295],[105.24678,18.48325],[105.25018,18.48534],[105.25286,18.48615],[105.25402,18.48688],[105.25593,18.48702],[105.2573,18.48579],[105.2605,18.48535],[105.26239,18.48565],[105.26368,18.4846],[105.26584,18.48416],[105.26626,18.48327],[105.26875,18.48334],[105.27252,18.48504],[105.27481,18.48353],[105.27642,18.48303],[105.27754,18.48187],[105.28122,18.48087],[105.2833,18.47931],[105.2859,18.47839],[105.2882,18.47865],[105.29196,18.47544],[105.29262,18.47432],[105.294,18.47323],[105.29515,18.4729],[105.29428,18.47172],[105.29388,18.46969],[105.29253,18.4653],[105.28962,18.46431],[105.28939,18.46308],[105.28717,18.46379],[105.28789,18.46215],[105.28939,18.46107],[105.28874,18.46023],[105.28944,18.45897],[105.28824,18.45799],[105.2894,18.45642],[105.2911,18.45729],[105.29265,18.45762],[105.29345,18.45709],[105.29225,18.45589],[105.29183,18.45474],[105.29075,18.45447],[105.28992,18.45319],[105.29002,18.45198],[105.29277,18.45225],[105.29394,18.45116],[105.29616,18.45103],[105.29774,18.45004],[105.29816,18.44857],[105.2999,18.44671],[105.30175,18.44624],[105.30311,18.44702],[105.30464,18.44579],[105.30605,18.44795],[105.30766,18.44746],[105.30882,18.44543],[105.31111,18.44559],[105.31116,18.44665],[105.31479,18.44678],[105.31463,18.44577],[105.31583,18.44531],[105.31882,18.4468],[105.32036,18.44669],[105.32204,18.44774],[105.32154,18.4492],[105.32279,18.44942],[105.32345,18.45024],[105.32419,18.45357],[105.32619,18.45603],[105.32695,18.458],[105.3277,18.45861],[105.32785,18.4601],[105.32941,18.46162],[105.33163,18.46171],[105.33321,18.46274],[105.33428,18.46157],[105.33454,18.4604],[105.33625,18.45804],[105.33796,18.45676],[105.33911,18.45694],[105.33976,18.45515],[105.34141,18.45353],[105.34282,18.45084],[105.34457,18.44997],[105.34582,18.44841],[105.34692,18.44498],[105.34623,18.44427],[105.34531,18.44156],[105.34506,18.436],[105.34435,18.43487],[105.34508,18.43334],[105.34559,18.43096],[105.34524,18.42874],[105.34586,18.4255],[105.34518,18.42357],[105.34403,18.42166],[105.34162,18.42018],[105.34089,18.4186],[105.33862,18.41818],[105.33752,18.41742],[105.33612,18.41413],[105.33441,18.41127],[105.33224,18.4094],[105.33095,18.40657],[105.33154,18.40393],[105.33116,18.40261],[105.33197,18.39929],[105.33421,18.39722],[105.33555,18.39329],[105.33765,18.3912],[105.33821,18.38854],[105.34038,18.38676],[105.34148,18.38508],[105.34351,18.3841],[105.34515,18.38227],[105.34849,18.38006],[105.35018,18.3795],[105.35175,18.37846],[105.35273,18.37898],[105.35411,18.37887],[105.35552,18.37797],[105.35614,18.37698],[105.35817,18.37616],[105.35923,18.37481],[105.36011,18.37177],[105.36136,18.37197],[105.36449,18.37092],[105.36752,18.37085],[105.36909,18.36998],[105.37139,18.36951],[105.37483,18.37115],[105.37685,18.37118],[105.37809,18.37216],[105.37983,18.37222],[105.38148,18.37292],[105.38256,18.3726],[105.38529,18.37316],[105.38549,18.37401],[105.38694,18.37619],[105.38654,18.37825],[105.3867,18.3799],[105.38811,18.38174],[105.38876,18.38445],[105.38944,18.38537],[105.38953,18.38785],[105.3888,18.38892],[105.38999,18.39037],[105.39128,18.3927],[105.39143,18.39376],[105.39264,18.39561],[105.39353,18.39601],[105.3942,18.3986],[105.39512,18.40061],[105.39544,18.40244],[105.39341,18.40337],[105.39118,18.40614],[105.38865,18.408],[105.3847,18.40963],[105.38369,18.40982],[105.38221,18.41106],[105.3803,18.41129],[105.37977,18.41218],[105.37831,18.41289],[105.37735,18.41529],[105.37972,18.41801],[105.37869,18.42003],[105.37849,18.4212],[105.3789,18.42289],[105.37855,18.42484],[105.38009,18.42581],[105.38061,18.42755],[105.38224,18.43037],[105.38543,18.43164],[105.38827,18.43457],[105.38828,18.43516],[105.38987,18.43665],[105.39029,18.4385],[105.39169,18.43882],[105.39209,18.44061],[105.39211,18.44278],[105.39267,18.44435],[105.39236,18.44618],[105.39337,18.44757],[105.39345,18.44864],[105.39246,18.45033],[105.39203,18.45216],[105.39105,18.45391],[105.39109,18.45524],[105.38888,18.45652],[105.38591,18.4588],[105.38343,18.4592],[105.38259,18.46011],[105.37945,18.4607],[105.37761,18.46221],[105.37638,18.46252],[105.3732,18.46559],[105.37098,18.46815],[105.37052,18.47045],[105.3713,18.4712],[105.3708,18.47335],[105.36739,18.47349],[105.36404,18.47258],[105.363,18.47128],[105.35924,18.46994],[105.35731,18.46993],[105.35608,18.47136],[105.35384,18.47263],[105.35382,18.4734],[105.35213,18.47476],[105.35158,18.47792],[105.35103,18.4791],[105.35121,18.48092],[105.34951,18.48236],[105.3522,18.48398],[105.3526,18.48607],[105.35442,18.48835],[105.35376,18.49018],[105.35494,18.49259],[105.35447,18.49455],[105.35766,18.49607],[105.35925,18.49829],[105.35912,18.49984],[105.35976,18.50148],[105.36146,18.50252],[105.36125,18.50428],[105.36045,18.50656],[105.35946,18.50783],[105.35817,18.50729],[105.35549,18.50857],[105.35467,18.50969]]]},"properties":{"a01_tinh":"diaphanhanhchinhcaptinh_sn.53","a02_xa":"diaphanhanhchinhcapxa_2025.2040","a03_ten":"Xã Sơn Tây","a04_tentinh":"Tỉnh Hà Tĩnh","a05_truocsn":"Thị trấn Tây Sơn, Xã Sơn Tây","a06_trungtamhc":"UBND thị trấn Sơn Tây","a07_dt":"129.21","a08_ds":"14755","a09_dthoai":null,"a10_web":null,"ten":"Xã Sơn Tây","ma":"18172","tentinh":"Tỉnh Hà Tĩnh","truocsapnhap":"Thị trấn Tây Sơn, Xã Sơn Tây","dientichkm2":null,"dansonguoi":null},"id":"diaphanhanhchinhcapxa_2025.2040"},
{"type":"Feature","geometry":{"type":"Polygon","coordinates":[[[105.53089,18.56097],[105.53046,18.56208],[105.53142,18.56332],[105.53043,18.56414],[105.53052,18.56708],[105.52914,18.56825],[105.52809,18.57105],[105.52725,18.5721],[105.52656,18.57599],[105.52569,18.57594],[105.52521,18.57805],[105.52345,18.57801],[105.52173,18.57958],[105.51932,18.58293],[105.51839,18.58373],[105.51759,18.5869],[105.51871,18.58937],[105.51814,18.59118],[105.51867,18.59545],[105.51771,18.59734],[105.51571,18.59833],[105.51504,18.59926],[105.51312,18.59993],[105.51181,18.60107],[105.51056,18.60303],[105.50886,18.60307],[105.50757,18.60628],[105.50592,18.60688],[105.50635,18.60854],[105.50433,18.61034],[105.50228,18.61056],[105.5016,18.61119],[105.49857,18.61059],[105.49707,18.6111],[105.49616,18.61072],[105.49312,18.61041],[105.48984,18.61109],[105.48745,18.61194],[105.48699,18.61249],[105.4829,18.61352],[105.48141,18.61321],[105.47986,18.61393],[105.47772,18.61248],[105.47735,18.60975],[105.47647,18.60845],[105.47448,18.60736],[105.47088,18.60804],[105.46784,18.60772],[105.46093,18.60581],[105.45746,18.60414],[105.45249,18.60314],[105.45113,18.6016],[105.44947,18.60187],[105.4473,18.6017],[105.44501,18.60073],[105.44058,18.59813],[105.4367,18.59663],[105.43631,18.595],[105.43494,18.5949],[105.43418,18.59361],[105.43421,18.592],[105.43318,18.59049],[105.43298,18.58835],[105.43062,18.58722],[105.42987,18.58784],[105.42813,18.58728],[105.42506,18.58821],[105.42439,18.58927],[105.42312,18.5887],[105.42279,18.5874],[105.42047,18.58741],[105.41966,18.58918],[105.41968,18.59042],[105.41888,18.59091],[105.41497,18.58931],[105.41052,18.58701],[105.40998,18.58508],[105.40855,18.58454],[105.40667,18.58665],[105.4042,18.58546],[105.40226,18.58421],[105.39855,18.58326],[105.39761,18.57992],[105.3997,18.57686],[105.40127,18.57532],[105.4038,18.5714],[105.40571,18.56999],[105.40701,18.57015],[105.40855,18.56947],[105.40963,18.56831],[105.41088,18.56785],[105.41258,18.56613],[105.41417,18.5651],[105.41499,18.56337],[105.41788,18.56127],[105.41823,18.56044],[105.41985,18.56028],[105.42159,18.55836],[105.42063,18.55642],[105.4203,18.55241],[105.41899,18.5509],[105.41885,18.54922],[105.41962,18.5483],[105.41991,18.54671],[105.42305,18.54462],[105.42405,18.54356],[105.42564,18.54315],[105.42778,18.54024],[105.42862,18.53966],[105.4312,18.54075],[105.43336,18.54023],[105.43493,18.53863],[105.43588,18.53833],[105.43687,18.53897],[105.4392,18.53968],[105.44231,18.53777],[105.44545,18.53535],[105.44709,18.53365],[105.44976,18.53337],[105.45165,18.53259],[105.45301,18.53341],[105.45391,18.53496],[105.45607,18.535],[105.45816,18.5346],[105.45974,18.53535],[105.46178,18.53465],[105.46257,18.53678],[105.46463,18.53757],[105.46507,18.5388],[105.46728,18.54178],[105.46838,18.54261],[105.47074,18.54188],[105.47236,18.54275],[105.4731,18.54261],[105.47528,18.54071],[105.47901,18.5393],[105.48028,18.5382],[105.48496,18.53771],[105.48714,18.53707],[105.49003,18.5368],[105.49091,18.53799],[105.49192,18.53829],[105.49348,18.53787],[105.49706,18.53883],[105.49945,18.54061],[105.49961,18.54211],[105.49929,18.54455],[105.50243,18.54432],[105.50573,18.54148],[105.50842,18.53948],[105.50984,18.54205],[105.51089,18.54332],[105.51235,18.5443],[105.51591,18.545],[105.51798,18.54512],[105.52155,18.54452],[105.52302,18.54545],[105.52108,18.5503],[105.5216,18.55212],[105.52295,18.554],[105.52453,18.55527],[105.52576,18.55539],[105.52477,18.55766],[105.52645,18.55776],[105.52781,18.55894],[105.53089,18.56097]]]},"properties":{"a01_tinh":"diaphanhanhchinhcaptinh_sn.53","a02_xa":"diaphanhanhchinhcapxa_2025.2057","a03_ten":"Xã Sơn Tiến","a04_tentinh":"Tỉnh Hà Tĩnh","a05_truocsn":"Xã Sơn Lễ, Xã An Hòa Thịnh, Xã Sơn Tiến","a06_trungtamhc":"UBND xã An Hòa Thịnh","a07_dt":"80.97","a08_ds":"20935","a09_dthoai":null,"a10_web":null,"ten":"Xã Sơn Tiến","ma":"18163","tentinh":"Tỉnh Hà Tĩnh","truocsapnhap":"Xã Sơn Lễ, Xã An Hòa Thịnh, Xã Sơn Tiến","dientichkm2":null,"dansonguoi":null},"id":"diaphanhanhchinhcapxa_2025.2057"},
{"type":"Feature","geometry":{"type":"Polygon","coordinates":[[[105.87264,18.40678],[105.87068,18.40742],[105.8662,18.40822],[105.86496,18.40867],[105.86344,18.4107],[105.86363,18.41209],[105.86441,18.4132],[105.86791,18.41667],[105.86857,18.41878],[105.86842,18.42067],[105.86753,18.42249],[105.866,18.4233],[105.86413,18.42353],[105.86023,18.4231],[105.85829,18.42345],[105.85713,18.42448],[105.8562,18.42829],[105.8566,18.43064],[105.85603,18.43222],[105.85419,18.43306],[105.85132,18.43312],[105.84734,18.43244],[105.84509,18.43176],[105.84332,18.43059],[105.84191,18.42911],[105.84158,18.42821],[105.84226,18.42698],[105.844,18.42582],[105.84586,18.4258],[105.84784,18.42339],[105.84858,18.42121],[105.84836,18.41755],[105.84687,18.41569],[105.84529,18.41513],[105.84332,18.41554],[105.84193,18.41787],[105.83847,18.41755],[105.83817,18.41585],[105.837,18.41508],[105.83632,18.41375],[105.83431,18.41338],[105.83347,18.41224],[105.83513,18.41116],[105.8349,18.41028],[105.83583,18.40914],[105.83469,18.40745],[105.83475,18.40646],[105.83775,18.40714],[105.83767,18.40887],[105.83892,18.4093],[105.84016,18.40735],[105.83979,18.40505],[105.83686,18.4041],[105.83689,18.40338],[105.83774,18.40316],[105.83901,18.40398],[105.83995,18.40365],[105.84025,18.40189],[105.84204,18.40503],[105.84311,18.40439],[105.84218,18.4035],[105.84274,18.40135],[105.84175,18.4001],[105.8425,18.3974],[105.84154,18.39594],[105.8422,18.39335],[105.84147,18.39228],[105.84278,18.38974],[105.83949,18.38903],[105.83754,18.39047],[105.83511,18.38788],[105.83641,18.38644],[105.83667,18.38408],[105.83568,18.3824],[105.83722,18.38129],[105.83722,18.379],[105.83771,18.37744],[105.83234,18.37702],[105.82738,18.37648],[105.8238,18.37626],[105.82304,18.37468],[105.82314,18.3734],[105.82394,18.37302],[105.82644,18.37315],[105.82671,18.37268],[105.82633,18.36956],[105.82652,18.36827],[105.8249,18.36602],[105.82489,18.36482],[105.82676,18.3633],[105.82951,18.36342],[105.83027,18.36291],[105.83089,18.36135],[105.83076,18.35938],[105.82941,18.35874],[105.83022,18.35624],[105.83159,18.35631],[105.83241,18.35421],[105.83397,18.35382],[105.83455,18.35449],[105.83834,18.35503],[105.8384,18.35624],[105.84118,18.35702],[105.84112,18.35924],[105.84173,18.35981],[105.84434,18.36027],[105.84534,18.35885],[105.85198,18.35898],[105.85287,18.35801],[105.85325,18.35652],[105.8531,18.35081],[105.85194,18.34741],[105.8509,18.34658],[105.85192,18.34415],[105.85432,18.34244],[105.85466,18.34366],[105.85649,18.34462],[105.85763,18.34378],[105.85894,18.34408],[105.86035,18.34223],[105.86107,18.34558],[105.86285,18.34573],[105.86279,18.34487],[105.86149,18.34415],[105.86296,18.34336],[105.86455,18.34549],[105.86412,18.34698],[105.86537,18.34785],[105.86683,18.34778],[105.86752,18.34846],[105.86726,18.34964],[105.86786,18.35137],[105.86868,18.35207],[105.87037,18.35182],[105.8717,18.35284],[105.87028,18.35413],[105.87016,18.35511],[105.87193,18.35618],[105.87005,18.35807],[105.86772,18.36247],[105.86805,18.36427],[105.86899,18.36515],[105.8686,18.36602],[105.86641,18.36602],[105.86515,18.36761],[105.86537,18.36864],[105.86721,18.37],[105.86857,18.37204],[105.86979,18.37308],[105.87296,18.374],[105.87624,18.3776],[105.87545,18.37917],[105.87292,18.37902],[105.87132,18.37995],[105.87078,18.38161],[105.8706,18.38445],[105.87118,18.38644],[105.87206,18.38783],[105.87487,18.38933],[105.87567,18.39008],[105.87616,18.39179],[105.87925,18.3965],[105.88079,18.39838],[105.88058,18.39903],[105.87786,18.40298],[105.87585,18.40496],[105.87264,18.40678]]]},"properties":{"a01_tinh":"diaphanhanhchinhcaptinh_sn.53","a02_xa":"diaphanhanhchinhcapxa_2025.1995","a03_ten":"Xã Thạch Hà","a04_tentinh":"Tỉnh Hà Tĩnh","a05_truocsn":"Thị trấn Thạch Hà, Xã Thạch Long, Xã Thạch Sơn","a06_trungtamhc":"UBND huyện Thạch Hà","a07_dt":"31.18","a08_ds":"3122","a09_dthoai":null,"a10_web":null,"ten":"Xã Thạch Hà","ma":"18562","tentinh":"Tỉnh Hà Tĩnh","truocsapnhap":"Thị trấn Thạch Hà, Xã Thạch Long, Xã Thạch Sơn","dientichkm2":null,"dansonguoi":null},"id":"diaphanhanhchinhcapxa_2025.1995"},
{"type":"Feature","geometry":{"type":"Polygon","coordinates":[[[105.98258,18.39687],[105.98096,18.39948],[105.97648,18.40508],[105.97269,18.41005],[105.96445,18.42144],[105.96217,18.42478],[105.95331,18.43826],[105.95004,18.44345],[105.94875,18.44588],[105.94444,18.45301],[105.94293,18.45594],[105.94034,18.46027],[105.93912,18.4633],[105.93905,18.46538],[105.93996,18.46654],[105.9413,18.4666],[105.94307,18.46765],[105.94358,18.46956],[105.94311,18.4708],[105.94203,18.472],[105.94095,18.47179],[105.93947,18.47063],[105.93873,18.46949],[105.93936,18.46697],[105.9369,18.46692],[105.93442,18.46413],[105.93305,18.46163],[105.93155,18.46149],[105.93108,18.46039],[105.93204,18.45887],[105.93098,18.45691],[105.93096,18.45576],[105.92885,18.45158],[105.92716,18.45014],[105.92546,18.44719],[105.92534,18.44579],[105.92359,18.44798],[105.92409,18.44917],[105.92095,18.44677],[105.91986,18.44664],[105.91777,18.44737],[105.91528,18.44682],[105.91264,18.44476],[105.91109,18.44283],[105.9104,18.44027],[105.91055,18.43917],[105.91297,18.43345],[105.91506,18.42905],[105.91707,18.4261],[105.91927,18.42336],[105.92009,18.4212],[105.91974,18.41891],[105.91882,18.41644],[105.91705,18.41394],[105.91299,18.4109],[105.91122,18.40967],[105.90743,18.40655],[105.90571,18.4048],[105.90376,18.40204],[105.9027,18.4011],[105.90521,18.39636],[105.90624,18.39508],[105.90777,18.39392],[105.90918,18.39351],[105.91122,18.39401],[105.91391,18.39604],[105.91626,18.39698],[105.92038,18.39647],[105.92375,18.39465],[105.92629,18.39228],[105.92985,18.39096],[105.93078,18.39031],[105.93164,18.38831],[105.93151,18.38492],[105.93043,18.38089],[105.92946,18.3781],[105.92929,18.37646],[105.92979,18.37398],[105.93179,18.3707],[105.93409,18.36909],[105.93509,18.36724],[105.93804,18.36825],[105.93891,18.36933],[105.93891,18.37262],[105.9409,18.37377],[105.94284,18.3734],[105.94241,18.37126],[105.94321,18.37119],[105.94497,18.37204],[105.94684,18.37118],[105.94834,18.37152],[105.95022,18.37265],[105.95212,18.37233],[105.95315,18.37333],[105.95674,18.37412],[105.95784,18.37403],[105.96198,18.37532],[105.96255,18.37685],[105.96404,18.37818],[105.96362,18.37989],[105.965,18.38026],[105.96685,18.38181],[105.97167,18.38921],[105.97488,18.39206],[105.97793,18.39439],[105.98003,18.39551],[105.98057,18.39654],[105.98258,18.39687]]]},"properties":{"a01_tinh":"diaphanhanhchinhcaptinh_sn.53","a02_xa":"diaphanhanhchinhcapxa_2025.2024","a03_ten":"Xã Thạch Khê","a04_tentinh":"Tỉnh Hà Tĩnh","a05_truocsn":"Xã Đỉnh Bàn, Xã Thạch Hải, Xã Thạch Khê","a06_trungtamhc":"UBND xã Thạch Khê","a07_dt":"46.32","a08_ds":"17528","a09_dthoai":null,"a10_web":null,"ten":"Xã Thạch Khê","ma":"18604","tentinh":"Tỉnh Hà Tĩnh","truocsapnhap":"Xã Đỉnh Bàn, Xã Thạch Hải, Xã Thạch Khê","dientichkm2":null,"dansonguoi":null},"id":"diaphanhanhchinhcapxa_2025.2024"},
{"type":"Feature","geometry":{"type":"Polygon","coordinates":[[[105.99326,18.38368],[105.98955,18.38847],[105.98389,18.39555],[105.98258,18.39687],[105.98057,18.39654],[105.98003,18.39551],[105.97793,18.39439],[105.97488,18.39206],[105.97167,18.38921],[105.96685,18.38181],[105.965,18.38026],[105.96362,18.37989],[105.96404,18.37818],[105.96255,18.37685],[105.96198,18.37532],[105.95784,18.37403],[105.95674,18.37412],[105.95315,18.37333],[105.95212,18.37233],[105.95022,18.37265],[105.94834,18.37152],[105.94684,18.37118],[105.94497,18.37204],[105.94321,18.37119],[105.94241,18.37126],[105.94284,18.3734],[105.9409,18.37377],[105.93891,18.37262],[105.93891,18.36933],[105.93804,18.36825],[105.93509,18.36724],[105.93397,18.36475],[105.9333,18.36243],[105.93225,18.36108],[105.93095,18.36016],[105.9319,18.3589],[105.93386,18.35885],[105.93523,18.35821],[105.93681,18.35675],[105.93855,18.35434],[105.93881,18.35313],[105.93763,18.35155],[105.93611,18.35101],[105.93243,18.35078],[105.93037,18.35154],[105.92888,18.35309],[105.92674,18.35448],[105.925,18.35431],[105.92436,18.35338],[105.92401,18.35011],[105.9246,18.34831],[105.92595,18.34655],[105.92571,18.3457],[105.92075,18.34441],[105.91929,18.34307],[105.9191,18.34169],[105.91957,18.34049],[105.92145,18.33772],[105.92219,18.33618],[105.92357,18.3349],[105.92521,18.33475],[105.92594,18.3352],[105.92725,18.33723],[105.92855,18.33745],[105.93366,18.33521],[105.93431,18.33441],[105.93392,18.33315],[105.93301,18.33228],[105.93096,18.33123],[105.931,18.33036],[105.93232,18.32953],[105.93516,18.32895],[105.93618,18.32784],[105.93808,18.32726],[105.93986,18.32616],[105.94321,18.32629],[105.94255,18.32457],[105.94306,18.32281],[105.94202,18.32243],[105.94121,18.3205],[105.94179,18.31933],[105.9434,18.31806],[105.94284,18.31679],[105.94406,18.31614],[105.94766,18.31627],[105.94892,18.31579],[105.95202,18.31732],[105.95224,18.31889],[105.95407,18.31955],[105.95724,18.32008],[105.95713,18.31886],[105.9583,18.31802],[105.95829,18.317],[105.96096,18.31642],[105.96408,18.31639],[105.96439,18.31677],[105.96867,18.31604],[105.96959,18.31667],[105.96863,18.31869],[105.96929,18.31945],[105.96804,18.32061],[105.97109,18.32442],[105.97183,18.32767],[105.97262,18.32966],[105.97179,18.33178],[105.97094,18.33584],[105.96963,18.3364],[105.96999,18.33724],[105.96944,18.33867],[105.97019,18.34016],[105.96816,18.34101],[105.9677,18.34161],[105.96578,18.34122],[105.96647,18.34338],[105.96797,18.34318],[105.96817,18.34494],[105.96741,18.34504],[105.96766,18.34675],[105.96706,18.34724],[105.96522,18.34655],[105.96557,18.348],[105.96495,18.34984],[105.96525,18.35222],[105.9651,18.35546],[105.96571,18.35626],[105.96375,18.35845],[105.96461,18.35917],[105.9638,18.36028],[105.96358,18.36188],[105.96246,18.36358],[105.96557,18.36645],[105.96479,18.36733],[105.96946,18.37081],[105.96895,18.37236],[105.96966,18.37434],[105.97461,18.37862],[105.98489,18.38037],[105.9857,18.37967],[105.99326,18.38368]]]},"properties":{"a01_tinh":"diaphanhanhchinhcaptinh_sn.53","a02_xa":"diaphanhanhchinhcapxa_2025.2023","a03_ten":"Xã Thạch Lạc","a04_tentinh":"Tỉnh Hà Tĩnh","a05_truocsn":"Xã Tượng Sơn, Xã Thạch Thắng, Xã Thạch Lạc","a06_trungtamhc":"UBND xã Tượng Sơn","a07_dt":"27.6","a08_ds":"17682","a09_dthoai":null,"a10_web":null,"ten":"Xã Thạch Lạc","ma":"18628","tentinh":"Tỉnh Hà Tĩnh","truocsapnhap":"Xã Tượng Sơn, Xã Thạch Thắng, Xã Thạch Lạc","dientichkm2":null,"dansonguoi":null},"id":"diaphanhanhchinhcapxa_2025.2023"},
{"type":"Feature","geometry":{"type":"Polygon","coordinates":[[[105.91311,18.27543],[105.91096,18.2759],[105.90986,18.27455],[105.90767,18.2752],[105.90791,18.27692],[105.9057,18.27643],[105.90571,18.27862],[105.90516,18.27973],[105.90528,18.28115],[105.90456,18.28164],[105.90124,18.28258],[105.90085,18.27983],[105.89801,18.28099],[105.89706,18.27903],[105.8941,18.28024],[105.89371,18.27927],[105.89159,18.27948],[105.89007,18.27917],[105.88974,18.27848],[105.88475,18.27829],[105.88234,18.27735],[105.88156,18.27578],[105.88056,18.27508],[105.87859,18.27495],[105.8787,18.27373],[105.86407,18.28067],[105.8659,18.28295],[105.8678,18.28202],[105.86907,18.28341],[105.87065,18.28623],[105.87181,18.28625],[105.87384,18.28993],[105.87594,18.29193],[105.87718,18.29202],[105.87687,18.29364],[105.87914,18.2945],[105.87946,18.29602],[105.87884,18.29722],[105.87838,18.29944],[105.87603,18.29941],[105.87517,18.29891],[105.8717,18.30132],[105.87195,18.30192],[105.87123,18.30398],[105.86656,18.30632],[105.86691,18.30801],[105.86551,18.30808],[105.86439,18.30955],[105.86486,18.31031],[105.86466,18.31177],[105.86272,18.31337],[105.86097,18.31336],[105.8609,18.31211],[105.85909,18.31196],[105.85916,18.31072],[105.85689,18.31023],[105.85696,18.30891],[105.85491,18.3089],[105.85419,18.30699],[105.85157,18.30701],[105.84965,18.30559],[105.84645,18.3055],[105.84553,18.30521],[105.84205,18.30517],[105.84005,18.30603],[105.83842,18.30543],[105.83671,18.30549],[105.83489,18.30706],[105.83231,18.30426],[105.83002,18.30285],[105.82704,18.30211],[105.82627,18.30073],[105.82527,18.30103],[105.82326,18.29966],[105.82134,18.29717],[105.82036,18.2954],[105.81996,18.29244],[105.81938,18.29015],[105.81854,18.28898],[105.81614,18.28833],[105.81406,18.28553],[105.81154,18.28732],[105.80894,18.28578],[105.80736,18.28377],[105.80633,18.2819],[105.806,18.27986],[105.80522,18.27917],[105.80247,18.27918],[105.80306,18.27882],[105.80392,18.27675],[105.80624,18.2755],[105.80734,18.27532],[105.80879,18.27371],[105.809,18.27261],[105.81101,18.27181],[105.81328,18.27034],[105.81552,18.267],[105.81685,18.26696],[105.81988,18.26611],[105.82188,18.265],[105.82197,18.26374],[105.82304,18.26276],[105.82489,18.26249],[105.82616,18.26105],[105.8278,18.26051],[105.82904,18.2589],[105.82945,18.25646],[105.83132,18.25648],[105.83356,18.25744],[105.83581,18.25761],[105.83733,18.25665],[105.83899,18.25502],[105.84006,18.25277],[105.83998,18.25194],[105.83854,18.24955],[105.83772,18.24901],[105.83662,18.24596],[105.83662,18.24386],[105.83707,18.24265],[105.83527,18.24148],[105.83505,18.24009],[105.83361,18.23924],[105.83245,18.23638],[105.8334,18.23444],[105.83618,18.23374],[105.8387,18.23217],[105.83985,18.2308],[105.83911,18.22664],[105.83962,18.22573],[105.83848,18.22401],[105.84061,18.22162],[105.84179,18.22073],[105.84603,18.21999],[105.84952,18.2171],[105.85094,18.21659],[105.85409,18.21409],[105.8556,18.21413],[105.85727,18.21201],[105.85875,18.21128],[105.86022,18.20918],[105.86108,18.20865],[105.862,18.20689],[105.86195,18.20593],[105.86308,18.20506],[105.8643,18.20339],[105.86457,18.20226],[105.86661,18.19981],[105.86757,18.1975],[105.86824,18.19699],[105.86863,18.19545],[105.86953,18.19397],[105.86838,18.19176],[105.8667,18.18715],[105.86447,18.18287],[105.86256,18.17958],[105.86221,18.17829],[105.8593,18.1712],[105.86011,18.17261],[105.86261,18.17561],[105.86521,18.17698],[105.86824,18.17758],[105.87028,18.17912],[105.87212,18.18148],[105.87416,18.1818],[105.87613,18.18322],[105.87804,18.18345],[105.88215,18.18594],[105.88183,18.18932],[105.88075,18.19024],[105.88034,18.19259],[105.88081,18.19453],[105.8797,18.19595],[105.88057,18.19797],[105.87816,18.20038],[105.87808,18.20113],[105.87674,18.20271],[105.87674,18.20439],[105.87617,18.20472],[105.87584,18.20659],[105.87675,18.20845],[105.87657,18.21109],[105.87757,18.21229],[105.87721,18.21373],[105.87793,18.21771],[105.88053,18.21874],[105.88098,18.22045],[105.88238,18.2212],[105.88237,18.22202],[105.88514,18.22118],[105.8853,18.22239],[105.88618,18.22313],[105.88727,18.22283],[105.88835,18.2235],[105.89012,18.22333],[105.89122,18.22651],[105.89093,18.2313],[105.89306,18.23258],[105.89315,18.23385],[105.89231,18.23473],[105.88982,18.24074],[105.88847,18.24119],[105.88838,18.2427],[105.89494,18.24875],[105.89595,18.24929],[105.89585,18.25084],[105.89754,18.251],[105.89956,18.25405],[105.9005,18.25463],[105.89875,18.25615],[105.90008,18.25858],[105.90185,18.25807],[105.90437,18.26059],[105.90795,18.26086],[105.90873,18.2625],[105.9122,18.25972],[105.91962,18.26753],[105.91397,18.27213],[105.91311,18.27543]]]},"properties":{"a01_tinh":"diaphanhanhchinhcaptinh_sn.53","a02_xa":"diaphanhanhchinhcapxa_2025.2009","a03_ten":"Xã Thạch Xuân","a04_tentinh":"Tỉnh Hà Tĩnh","a05_truocsn":"Xã Nam Điền, Xã Thạch Xuân","a06_trungtamhc":"UBND xã Nam Điền","a07_dt":"72.53","a08_ds":"16015","a09_dthoai":null,"a10_web":null,"ten":"Xã Thạch Xuân","ma":"18667","tentinh":"Tỉnh Hà Tĩnh","truocsapnhap":"Xã Nam Điền, Xã Thạch Xuân","dientichkm2":null,"dansonguoi":null},"id":"diaphanhanhchinhcapxa_2025.2009"},
{"type":"Feature","geometry":{"type":"MultiPolygon","coordinates":[[[[106.11871,18.28001],[106.11718,18.28161],[106.11599,18.28071],[106.11791,18.27967],[106.11871,18.28001]]],[[[106.07839,18.29328],[106.07246,18.28802],[106.07171,18.28816],[106.06674,18.28296],[106.06404,18.27977],[106.06069,18.27241],[106.05968,18.27174],[106.04985,18.28054],[106.0471,18.2815],[106.04568,18.28103],[106.0409,18.28518],[106.04025,18.28452],[106.03658,18.2894],[106.03791,18.29042],[106.03636,18.29126],[106.03491,18.29044],[106.03353,18.29207],[106.03162,18.2909],[106.02556,18.29786],[106.01455,18.28851],[106.01775,18.28444],[106.01675,18.28336],[106.01827,18.28186],[106.01588,18.2799],[106.01664,18.27871],[106.01277,18.27563],[106.01096,18.27489],[106.00958,18.27497],[106.00849,18.2724],[106.00975,18.27114],[106.00945,18.27013],[106.01086,18.26967],[106.01182,18.2702],[106.01327,18.26929],[106.01348,18.26841],[106.01509,18.26715],[106.01584,18.26275],[106.0144,18.26234],[106.0147,18.25994],[106.01368,18.25906],[106.01433,18.25722],[106.01509,18.25175],[106.016,18.2504],[106.01529,18.24756],[106.01479,18.24683],[106.0167,18.24454],[106.01782,18.24401],[106.02095,18.24652],[106.02164,18.24762],[106.0218,18.24947],[106.02239,18.25019],[106.02431,18.2495],[106.02543,18.24721],[106.02662,18.24622],[106.0282,18.24672],[106.02788,18.24784],[106.02617,18.2491],[106.02577,18.24989],[106.02673,18.25395],[106.02783,18.25497],[106.03023,18.25565],[106.03184,18.25554],[106.03307,18.25408],[106.03308,18.25166],[106.03511,18.24979],[106.03673,18.24712],[106.0377,18.24705],[106.03922,18.2483],[106.04029,18.24835],[106.04204,18.24688],[106.04417,18.24721],[106.04437,18.25159],[106.04623,18.25169],[106.0471,18.25007],[106.04883,18.24954],[106.05116,18.25057],[106.05203,18.2492],[106.05146,18.24669],[106.05357,18.24328],[106.05473,18.24245],[106.05625,18.24272],[106.05783,18.2436],[106.05945,18.24319],[106.06104,18.2414],[106.06338,18.24062],[106.06607,18.24093],[106.06781,18.24334],[106.0684,18.24657],[106.06973,18.24758],[106.07514,18.24682],[106.07724,18.24715],[106.08111,18.24886],[106.08471,18.24911],[106.08767,18.24799],[106.08941,18.24706],[106.091,18.24691],[106.09203,18.24736],[106.0939,18.24901],[106.09361,18.25462],[106.0929,18.25768],[106.09375,18.25947],[106.09457,18.25955],[106.09754,18.2585],[106.10104,18.2588],[106.10329,18.2595],[106.10651,18.25935],[106.11,18.26034],[106.113,18.25959],[106.1153,18.2598],[106.11751,18.26077],[106.11828,18.26229],[106.1144,18.26382],[106.11541,18.26563],[106.11541,18.26725],[106.11386,18.26943],[106.1123,18.27098],[106.11014,18.27196],[106.10784,18.27234],[106.10366,18.27373],[106.10002,18.27583],[106.09553,18.27915],[106.09276,18.282],[106.09216,18.28199],[106.0898,18.2834],[106.08602,18.28656],[106.08496,18.28771],[106.08066,18.29119],[106.07839,18.29328]]]]},"properties":{"a01_tinh":"diaphanhanhchinhcaptinh_sn.53","a02_xa":"diaphanhanhchinhcapxa_2025.2032","a03_ten":"Xã Thiên Cầm","a04_tentinh":"Tỉnh Hà Tĩnh","a05_truocsn":"Thị trấn Thiên Cầm, Xã Nam Phúc Thăng, Xã Cẩm Nhượng","a06_trungtamhc":"UBND thị trấn Thiên Cầm","a07_dt":"40.55","a08_ds":"32998","a09_dthoai":null,"a10_web":null,"ten":"Xã Thiên Cầm","ma":"18676","tentinh":"Tỉnh Hà Tĩnh","truocsapnhap":"Thị trấn Thiên Cầm, Xã Nam Phúc Thăng, Xã Cẩm Nhượng","dientichkm2":null,"dansonguoi":null},"id":"diaphanhanhchinhcapxa_2025.2032"},
{"type":"Feature","geometry":{"type":"Polygon","coordinates":[[[105.6367,18.3933],[105.63288,18.39528],[105.6312,18.39642],[105.63105,18.39703],[105.62855,18.39713],[105.62603,18.39891],[105.62433,18.3996],[105.62215,18.40132],[105.62195,18.40211],[105.61974,18.40339],[105.61832,18.40354],[105.61516,18.4058],[105.61115,18.40688],[105.60986,18.40778],[105.60513,18.40972],[105.6026,18.41274],[105.60007,18.4144],[105.59877,18.41608],[105.59682,18.41332],[105.59801,18.41032],[105.59658,18.40694],[105.59165,18.40573],[105.59017,18.40715],[105.58878,18.40729],[105.58616,18.40874],[105.58534,18.41003],[105.58318,18.41146],[105.5822,18.4131],[105.58111,18.41357],[105.57963,18.41594],[105.57771,18.41757],[105.57501,18.41915],[105.57429,18.42037],[105.57311,18.42109],[105.57121,18.42324],[105.56999,18.42554],[105.56587,18.42718],[105.56346,18.42864],[105.56182,18.42795],[105.56076,18.42803],[105.55797,18.42958],[105.55657,18.42954],[105.55467,18.42882],[105.55367,18.42786],[105.55266,18.42549],[105.55144,18.42507],[105.54986,18.42589],[105.54745,18.4261],[105.54597,18.42477],[105.54433,18.42515],[105.54352,18.42442],[105.54391,18.42346],[105.54045,18.42284],[105.5404,18.42074],[105.5397,18.42036],[105.53703,18.42064],[105.53635,18.41859],[105.53164,18.41687],[105.52959,18.41681],[105.52703,18.4153],[105.52622,18.41376],[105.52452,18.4125],[105.5225,18.4132],[105.52204,18.4119],[105.5208,18.41074],[105.52072,18.40988],[105.51852,18.40636],[105.51779,18.40599],[105.51542,18.40616],[105.51478,18.40507],[105.51297,18.4047],[105.51229,18.40341],[105.51579,18.40357],[105.51651,18.40398],[105.51793,18.40169],[105.51739,18.3997],[105.51797,18.39788],[105.51903,18.39618],[105.52444,18.39454],[105.52259,18.39063],[105.5199,18.38948],[105.52022,18.38854],[105.5197,18.38701],[105.52108,18.3854],[105.5225,18.38556],[105.52326,18.38468],[105.52454,18.38457],[105.52685,18.38199],[105.52934,18.38097],[105.53046,18.37997],[105.53163,18.38039],[105.53255,18.37986],[105.53466,18.38001],[105.53611,18.3792],[105.53786,18.37643],[105.53977,18.37642],[105.54118,18.37463],[105.54596,18.37298],[105.54716,18.37304],[105.54895,18.3743],[105.55184,18.3734],[105.55344,18.37397],[105.55511,18.37342],[105.55685,18.37197],[105.56102,18.36964],[105.5621,18.36776],[105.56378,18.36648],[105.56475,18.36623],[105.56739,18.36451],[105.57065,18.36364],[105.57285,18.3618],[105.57449,18.36245],[105.57764,18.36246],[105.57839,18.36208],[105.58066,18.36202],[105.58272,18.36252],[105.58493,18.3639],[105.58528,18.3625],[105.58737,18.36174],[105.58985,18.36414],[105.59187,18.36469],[105.59187,18.3659],[105.59277,18.36638],[105.59498,18.36599],[105.59702,18.36613],[105.59757,18.36767],[105.59929,18.36985],[105.60034,18.3704],[105.602,18.36993],[105.60388,18.37015],[105.60663,18.36967],[105.60891,18.36786],[105.60989,18.36432],[105.61071,18.36296],[105.61211,18.36239],[105.61561,18.36236],[105.61571,18.36316],[105.61727,18.3652],[105.61848,18.36584],[105.6197,18.36786],[105.62153,18.36855],[105.62175,18.37093],[105.62297,18.37262],[105.62398,18.37555],[105.62503,18.37629],[105.62547,18.37937],[105.62509,18.38194],[105.62915,18.38353],[105.63058,18.38506],[105.63212,18.38548],[105.63351,18.3865],[105.63372,18.38777],[105.63484,18.38928],[105.63589,18.39207],[105.6367,18.3933]]]},"properties":{"a01_tinh":"diaphanhanhchinhcaptinh_sn.53","a02_xa":"diaphanhanhchinhcapxa_2025.2045","a03_ten":"Xã Thượng Đức","a04_tentinh":"Tỉnh Hà Tĩnh","a05_truocsn":"Xã Đức Bồng, Xã Đức Hương, Xã Đức Liên","a06_trungtamhc":"UBND xã Đức Hương","a07_dt":"58.32","a08_ds":"10015","a09_dthoai":null,"a10_web":null,"ten":"Xã Thượng Đức","ma":"18328","tentinh":"Tỉnh Hà Tĩnh","truocsapnhap":"Xã Đức Bồng, Xã Đức Hương, Xã Đức Liên","dientichkm2":null,"dansonguoi":null},"id":"diaphanhanhchinhcapxa_2025.2045"},
{"type":"Feature","geometry":{"type":"Polygon","coordinates":[[[105.79886,18.67004],[105.79629,18.6698],[105.79408,18.66911],[105.79152,18.66915],[105.78292,18.66968],[105.78063,18.66895],[105.77507,18.6687],[105.77415,18.67036],[105.77043,18.67014],[105.7648,18.67326],[105.76238,18.67142],[105.75858,18.66986],[105.75402,18.66857],[105.75073,18.66821],[105.75232,18.66307],[105.75237,18.66113],[105.75288,18.65965],[105.75371,18.65893],[105.75665,18.66001],[105.75891,18.66015],[105.75891,18.65645],[105.76223,18.6574],[105.76507,18.64969],[105.76636,18.64591],[105.76776,18.64632],[105.76792,18.64526],[105.7692,18.64344],[105.7697,18.64159],[105.76747,18.64089],[105.76629,18.64299],[105.76534,18.64272],[105.7663,18.64038],[105.76254,18.639],[105.76177,18.6424],[105.76095,18.64123],[105.75997,18.64101],[105.75931,18.63994],[105.75775,18.63887],[105.75884,18.63605],[105.75886,18.6352],[105.76134,18.6285],[105.76285,18.62571],[105.7637,18.62564],[105.76388,18.61826],[105.76223,18.61482],[105.76209,18.61363],[105.76006,18.61119],[105.76094,18.60978],[105.76208,18.6069],[105.76834,18.60188],[105.77504,18.60351],[105.77746,18.60394],[105.77903,18.60518],[105.77986,18.60506],[105.78205,18.61182],[105.78383,18.61022],[105.78778,18.60562],[105.7887,18.60563],[105.79041,18.60731],[105.78952,18.61029],[105.79274,18.61229],[105.79091,18.61749],[105.79343,18.61843],[105.79436,18.61759],[105.7983,18.61881],[105.79816,18.62107],[105.79959,18.62156],[105.8001,18.62254],[105.80383,18.62401],[105.80659,18.6256],[105.81318,18.62875],[105.81203,18.6314],[105.8113,18.63146],[105.81116,18.63334],[105.8037,18.65455],[105.8001,18.66573],[105.79886,18.67004]]]},"properties":{"a01_tinh":"diaphanhanhchinhcaptinh_sn.53","a02_xa":"diaphanhanhchinhcapxa_2025.1994","a03_ten":"Xã Tiên Điền","a04_tentinh":"Tỉnh Hà Tĩnh","a05_truocsn":"Thị trấn Tiên Điền, Xã Xuân Yên, Xã Xuân Mỹ, Xã Xuân Thành","a06_trungtamhc":"UBND huyện Nghi Xuân","a07_dt":"31.6","a08_ds":"24833","a09_dthoai":null,"a10_web":null,"ten":"Xã Tiên Điền","ma":"18373","tentinh":"Tỉnh Hà Tĩnh","truocsapnhap":"Thị trấn Tiên Điền, Xã Xuân Yên, Xã Xuân Mỹ, Xã Xuân Thành","dientichkm2":null,"dansonguoi":null},"id":"diaphanhanhchinhcapxa_2025.1994"},
{"type":"Feature","geometry":{"type":"Polygon","coordinates":[[[105.76838,18.35382],[105.76792,18.35427],[105.763,18.35695],[105.76226,18.3557],[105.75579,18.35572],[105.75524,18.35276],[105.75371,18.34704],[105.75248,18.34458],[105.75518,18.3401],[105.75525,18.33837],[105.75341,18.33405],[105.75369,18.3315],[105.75357,18.3268],[105.75249,18.32535],[105.75185,18.32159],[105.7503,18.32085],[105.75183,18.32057],[105.75413,18.31941],[105.75523,18.31805],[105.75706,18.31695],[105.75932,18.31636],[105.76066,18.31566],[105.76096,18.31398],[105.75918,18.31027],[105.75899,18.30796],[105.75601,18.30621],[105.75441,18.3017],[105.75248,18.30021],[105.75106,18.29747],[105.75364,18.29615],[105.75628,18.29404],[105.76021,18.29415],[105.76084,18.2961],[105.76239,18.29741],[105.76405,18.29746],[105.76577,18.29906],[105.76685,18.29921],[105.77134,18.29688],[105.77287,18.29748],[105.77506,18.29719],[105.77651,18.29765],[105.7784,18.29691],[105.78103,18.29783],[105.78247,18.29949],[105.78513,18.29898],[105.78828,18.29778],[105.7905,18.29747],[105.79245,18.29235],[105.7949,18.29197],[105.7961,18.2881],[105.795,18.28575],[105.79567,18.28454],[105.79838,18.28226],[105.80011,18.27977],[105.80247,18.27918],[105.80522,18.27917],[105.806,18.27986],[105.80633,18.2819],[105.80736,18.28377],[105.80894,18.28578],[105.81154,18.28732],[105.81406,18.28553],[105.81614,18.28833],[105.81854,18.28898],[105.81938,18.29015],[105.81996,18.29244],[105.82036,18.2954],[105.82134,18.29717],[105.82326,18.29966],[105.82527,18.30103],[105.82627,18.30073],[105.82704,18.30211],[105.83002,18.30285],[105.83231,18.30426],[105.83489,18.30706],[105.83855,18.31109],[105.83941,18.31177],[105.84342,18.31871],[105.84529,18.32035],[105.84862,18.32183],[105.85049,18.32306],[105.85142,18.32647],[105.85085,18.32817],[105.85103,18.33234],[105.85436,18.3319],[105.85548,18.33343],[105.85641,18.33589],[105.85541,18.33722],[105.85608,18.33887],[105.85699,18.33846],[105.85775,18.33938],[105.857,18.34016],[105.85763,18.34378],[105.85649,18.34462],[105.85466,18.34366],[105.85432,18.34244],[105.85192,18.34415],[105.8509,18.34658],[105.85194,18.34741],[105.8531,18.35081],[105.85325,18.35652],[105.85287,18.35801],[105.85198,18.35898],[105.84534,18.35885],[105.84434,18.36027],[105.84173,18.35981],[105.84112,18.35924],[105.84118,18.35702],[105.8384,18.35624],[105.83834,18.35503],[105.83455,18.35449],[105.83397,18.35382],[105.83241,18.35421],[105.83159,18.35631],[105.83022,18.35624],[105.82594,18.35465],[105.82338,18.35344],[105.8215,18.35295],[105.82004,18.35321],[105.81812,18.35232],[105.81588,18.35084],[105.814,18.34873],[105.80769,18.3455],[105.80485,18.34388],[105.80416,18.34244],[105.80275,18.34431],[105.80257,18.34517],[105.80124,18.34601],[105.7983,18.34418],[105.7977,18.34328],[105.79523,18.34247],[105.79331,18.34327],[105.79199,18.34681],[105.78734,18.34525],[105.78736,18.34434],[105.78906,18.3426],[105.78955,18.34035],[105.78904,18.33908],[105.78893,18.33703],[105.78772,18.3355],[105.78767,18.3329],[105.78584,18.33228],[105.78576,18.33574],[105.78681,18.33743],[105.78533,18.33948],[105.78146,18.33941],[105.78045,18.34018],[105.77961,18.34223],[105.77755,18.34324],[105.77463,18.34505],[105.77366,18.34494],[105.77206,18.34773],[105.7718,18.34988],[105.77108,18.35121],[105.76985,18.35187],[105.76907,18.35348],[105.76838,18.35382]]]},"properties":{"a01_tinh":"diaphanhanhchinhcaptinh_sn.53","a02_xa":"diaphanhanhchinhcapxa_2025.2011","a03_ten":"Xã Toàn Lưu","a04_tentinh":"Tỉnh Hà Tĩnh","a05_truocsn":"Xã Ngọc Sơn, Xã Lưu Vĩnh Sơn","a06_trungtamhc":"UBND xã Lưu Vĩnh Sơn","a07_dt":"60.65","a08_ds":"18784","a09_dthoai":null,"a10_web":null,"ten":"Xã Toàn Lưu","ma":"18634","tentinh":"Tỉnh Hà Tĩnh","truocsapnhap":"Xã Ngọc Sơn, Xã Lưu Vĩnh Sơn","dientichkm2":null,"dansonguoi":null},"id":"diaphanhanhchinhcapxa_2025.2011"},
{"type":"Feature","geometry":{"type":"Polygon","coordinates":[[[105.70023,18.48788],[105.69794,18.4875],[105.69364,18.48912],[105.69026,18.49702],[105.68807,18.49796],[105.68655,18.49818],[105.68633,18.49694],[105.68467,18.49626],[105.68316,18.4963],[105.68101,18.49543],[105.68059,18.49612],[105.68233,18.50196],[105.68139,18.50333],[105.6821,18.50395],[105.68225,18.50559],[105.67933,18.50627],[105.67869,18.50745],[105.67954,18.50886],[105.67999,18.51163],[105.67672,18.51214],[105.67679,18.51381],[105.67562,18.51352],[105.67446,18.51236],[105.67324,18.51023],[105.67194,18.50718],[105.67151,18.50736],[105.66879,18.50477],[105.6676,18.50451],[105.66798,18.50232],[105.66663,18.50158],[105.66711,18.50074],[105.66652,18.49735],[105.6678,18.4975],[105.66832,18.49658],[105.6672,18.49527],[105.66345,18.49464],[105.66313,18.49304],[105.66116,18.49243],[105.66066,18.4903],[105.66202,18.48862],[105.66054,18.48632],[105.66064,18.485],[105.66219,18.4847],[105.66154,18.48117],[105.65982,18.48094],[105.65962,18.48011],[105.65652,18.48068],[105.65497,18.48275],[105.65437,18.48239],[105.65199,18.4823],[105.65072,18.48293],[105.6484,18.48322],[105.64847,18.48175],[105.64728,18.48093],[105.64652,18.4825],[105.64539,18.48158],[105.64528,18.48004],[105.64405,18.4789],[105.64553,18.47784],[105.64464,18.4762],[105.64434,18.47466],[105.64542,18.47378],[105.64635,18.47187],[105.64623,18.47086],[105.64468,18.46657],[105.64633,18.46578],[105.64635,18.46389],[105.64489,18.46245],[105.64578,18.4618],[105.64557,18.45999],[105.64464,18.45967],[105.64193,18.45997],[105.64089,18.45939],[105.63887,18.45913],[105.63766,18.45937],[105.63716,18.4561],[105.63811,18.45452],[105.6375,18.45326],[105.63472,18.45145],[105.63542,18.45058],[105.63487,18.44852],[105.63532,18.44682],[105.63451,18.44458],[105.63458,18.44113],[105.63554,18.43831],[105.63679,18.43671],[105.63717,18.43553],[105.63681,18.43277],[105.63613,18.43034],[105.6369,18.42822],[105.63656,18.42547],[105.636,18.42374],[105.63256,18.41774],[105.6354,18.41681],[105.63604,18.41479],[105.63671,18.41405],[105.63899,18.41418],[105.63988,18.41318],[105.64133,18.41254],[105.64021,18.40419],[105.63939,18.40062],[105.63818,18.39679],[105.6367,18.3933],[105.63906,18.39209],[105.64161,18.3912],[105.6435,18.39015],[105.64393,18.38926],[105.64687,18.38795],[105.64872,18.39109],[105.65468,18.40177],[105.65561,18.40307],[105.6593,18.41003],[105.66115,18.41264],[105.66338,18.41369],[105.66559,18.41351],[105.66666,18.41257],[105.6688,18.41245],[105.67135,18.41118],[105.67323,18.41232],[105.67488,18.416],[105.67578,18.41699],[105.67777,18.42077],[105.67954,18.42364],[105.68088,18.42874],[105.67922,18.43209],[105.68022,18.43276],[105.68004,18.43379],[105.68189,18.43529],[105.68195,18.43642],[105.68405,18.44041],[105.68504,18.44151],[105.68435,18.44229],[105.68549,18.44322],[105.68435,18.44516],[105.68533,18.44676],[105.68649,18.44733],[105.68549,18.45078],[105.68986,18.45144],[105.69029,18.45207],[105.69399,18.45256],[105.69559,18.45319],[105.69552,18.45462],[105.69459,18.45576],[105.69487,18.45775],[105.69405,18.45963],[105.69284,18.46038],[105.69334,18.46242],[105.69331,18.46427],[105.69233,18.46552],[105.69257,18.4673],[105.69648,18.47033],[105.69533,18.47216],[105.69618,18.47324],[105.6987,18.47381],[105.69967,18.47502],[105.70001,18.47676],[105.70144,18.47893],[105.70067,18.47939],[105.69969,18.48123],[105.69843,18.48136],[105.69886,18.48308],[105.69815,18.48477],[105.70023,18.48788]]]},"properties":{"a01_tinh":"diaphanhanhchinhcaptinh_sn.53","a02_xa":"diaphanhanhchinhcapxa_2025.2006","a03_ten":"Xã Trường Lưu","a04_tentinh":"Tỉnh Hà Tĩnh","a05_truocsn":"Xã Kim Song Trường, Xã Thường Nga, Xã Phú Lộc","a06_trungtamhc":"UBND xã Kim Song Trường","a07_dt":"49.92","a08_ds":"23569","a09_dthoai":null,"a10_web":null,"ten":"Xã Trường Lưu","ma":"18436","tentinh":"Tỉnh Hà Tĩnh","truocsapnhap":"Xã Kim Song Trường, Xã Thường Nga, Xã Phú Lộc","dientichkm2":null,"dansonguoi":null},"id":"diaphanhanhchinhcapxa_2025.2006"},
{"type":"Feature","geometry":{"type":"Polygon","coordinates":[[[105.54616,18.55212],[105.5439,18.55309],[105.54155,18.55474],[105.53904,18.55741],[105.5383,18.55867],[105.53588,18.55904],[105.53599,18.56115],[105.53353,18.55999],[105.53089,18.56097],[105.52781,18.55894],[105.52645,18.55776],[105.52477,18.55766],[105.52576,18.55539],[105.52453,18.55527],[105.52295,18.554],[105.5216,18.55212],[105.52108,18.5503],[105.52302,18.54545],[105.52155,18.54452],[105.51798,18.54512],[105.51591,18.545],[105.51235,18.5443],[105.51089,18.54332],[105.50984,18.54205],[105.50842,18.53948],[105.50676,18.53838],[105.50261,18.53774],[105.49971,18.53689],[105.49843,18.53589],[105.49642,18.53256],[105.49361,18.53043],[105.49122,18.52668],[105.49,18.523],[105.48956,18.51699],[105.48763,18.51621],[105.48613,18.51672],[105.48514,18.51763],[105.48406,18.51734],[105.48297,18.51626],[105.48346,18.51563],[105.48366,18.51195],[105.48276,18.50954],[105.48483,18.50672],[105.4868,18.50634],[105.48752,18.50533],[105.48939,18.50478],[105.49168,18.50617],[105.49345,18.50533],[105.49605,18.506],[105.49626,18.50504],[105.49841,18.50383],[105.49988,18.50251],[105.50038,18.49968],[105.50262,18.49901],[105.50374,18.4983],[105.50522,18.49496],[105.50756,18.49246],[105.51102,18.49137],[105.51111,18.48859],[105.51235,18.48668],[105.51453,18.48619],[105.5173,18.48706],[105.51941,18.48701],[105.52162,18.48354],[105.52275,18.48249],[105.52274,18.48103],[105.52601,18.48316],[105.5275,18.48436],[105.52799,18.48334],[105.52959,18.48369],[105.53165,18.48665],[105.53334,18.48857],[105.5357,18.48954],[105.53756,18.48985],[105.54252,18.4937],[105.53934,18.49492],[105.53839,18.49639],[105.54064,18.49901],[105.54458,18.5008],[105.54692,18.50217],[105.54828,18.50362],[105.5495,18.50682],[105.5526,18.51055],[105.55331,18.51172],[105.55329,18.51829],[105.55356,18.52242],[105.55341,18.52328],[105.554,18.52624],[105.5524,18.52591],[105.55124,18.52623],[105.54986,18.52828],[105.54829,18.535],[105.54785,18.53587],[105.54869,18.5369],[105.54745,18.53839],[105.54759,18.53975],[105.54953,18.53927],[105.54973,18.54101],[105.55147,18.54288],[105.55108,18.54499],[105.55036,18.54657],[105.54903,18.54727],[105.54828,18.5483],[105.54837,18.55004],[105.54616,18.55212]]]},"properties":{"a01_tinh":"diaphanhanhchinhcaptinh_sn.53","a02_xa":"diaphanhanhchinhcapxa_2025.2048","a03_ten":"Xã Tứ Mỹ","a04_tentinh":"Tỉnh Hà Tĩnh","a05_truocsn":"Xã Châu Bình, Xã Tân Mỹ Hà, Xã Mỹ Long","a06_trungtamhc":"UBND xã Mỹ Long","a07_dt":"38.68","a08_ds":"20069","a09_dthoai":null,"a10_web":null,"ten":"Xã Tứ Mỹ","ma":"18202","tentinh":"Tỉnh Hà Tĩnh","truocsapnhap":"Xã Châu Bình, Xã Tân Mỹ Hà, Xã Mỹ Long","dientichkm2":null,"dansonguoi":null},"id":"diaphanhanhchinhcapxa_2025.2048"},
{"type":"Feature","geometry":{"type":"Polygon","coordinates":[[[105.82612,18.46231],[105.82464,18.46436],[105.82344,18.4644],[105.8235,18.46601],[105.82222,18.46702],[105.82258,18.46859],[105.82368,18.46966],[105.82739,18.47074],[105.82753,18.47223],[105.82684,18.47355],[105.82504,18.47449],[105.82571,18.47555],[105.82439,18.47676],[105.82454,18.47802],[105.81938,18.47962],[105.81984,18.48078],[105.81866,18.48235],[105.8162,18.48112],[105.81462,18.48177],[105.81475,18.48294],[105.81146,18.48254],[105.81194,18.48717],[105.81158,18.49387],[105.81077,18.49542],[105.81275,18.4971],[105.81435,18.50022],[105.8153,18.51377],[105.81601,18.51966],[105.81679,18.52833],[105.81581,18.53081],[105.81474,18.53451],[105.81522,18.53631],[105.81537,18.53901],[105.81489,18.54174],[105.81269,18.54331],[105.80801,18.54733],[105.79034,18.54648],[105.78997,18.54478],[105.78994,18.54239],[105.78929,18.53981],[105.78932,18.53823],[105.79174,18.53643],[105.79091,18.5355],[105.79032,18.53333],[105.78853,18.53001],[105.78557,18.52761],[105.78473,18.52758],[105.78326,18.52249],[105.78497,18.52052],[105.78729,18.51553],[105.78825,18.51409],[105.78837,18.51294],[105.78758,18.5103],[105.78778,18.50718],[105.7865,18.50662],[105.78991,18.50438],[105.78957,18.50039],[105.7901,18.49939],[105.78866,18.49872],[105.7883,18.49757],[105.78673,18.49608],[105.7866,18.48876],[105.78524,18.48865],[105.78514,18.48171],[105.78352,18.48109],[105.78332,18.47936],[105.78193,18.47798],[105.78337,18.47739],[105.78375,18.47382],[105.7866,18.47313],[105.7869,18.4717],[105.78776,18.47132],[105.7876,18.4698],[105.78793,18.46774],[105.78748,18.46586],[105.78598,18.46435],[105.78441,18.46344],[105.78577,18.46215],[105.78643,18.4596],[105.78732,18.45838],[105.78883,18.45767],[105.79068,18.458],[105.79351,18.45949],[105.79482,18.45851],[105.79393,18.45548],[105.79276,18.45429],[105.79103,18.45321],[105.7908,18.45177],[105.79425,18.45231],[105.7953,18.45192],[105.7957,18.45091],[105.7935,18.44832],[105.79339,18.44717],[105.79409,18.44582],[105.79695,18.44299],[105.79805,18.44218],[105.79951,18.44215],[105.8005,18.44288],[105.80119,18.44698],[105.80247,18.4478],[105.80349,18.44724],[105.8051,18.4452],[105.80626,18.4446],[105.81009,18.44499],[105.81186,18.44429],[105.8131,18.44228],[105.81196,18.4408],[105.80954,18.44102],[105.80777,18.44081],[105.80658,18.43932],[105.80696,18.43756],[105.81002,18.43718],[105.8159,18.43815],[105.82124,18.43763],[105.82361,18.4369],[105.82439,18.43795],[105.8282,18.44132],[105.82982,18.44137],[105.83061,18.44195],[105.82899,18.44369],[105.8291,18.44512],[105.83066,18.44539],[105.83186,18.44708],[105.82944,18.44834],[105.82899,18.45066],[105.83069,18.45229],[105.83035,18.45368],[105.82768,18.45371],[105.82715,18.45532],[105.82615,18.45566],[105.82525,18.45441],[105.82617,18.45344],[105.82583,18.45268],[105.82347,18.45202],[105.82187,18.4532],[105.82054,18.45369],[105.82002,18.45696],[105.82084,18.45721],[105.82254,18.46164],[105.82443,18.46129],[105.82612,18.46231]]]},"properties":{"a01_tinh":"diaphanhanhchinhcaptinh_sn.53","a02_xa":"diaphanhanhchinhcapxa_2025.2003","a03_ten":"Xã Tùng Lộc","a04_tentinh":"Tỉnh Hà Tĩnh","a05_truocsn":"Xã Thuần Thiện, Xã Tùng Lộc","a06_trungtamhc":"UBND xã Thuần Thiện","a07_dt":"37.49","a08_ds":"20944","a09_dthoai":null,"a10_web":null,"ten":"Xã Tùng Lộc","ma":"18418","tentinh":"Tỉnh Hà Tĩnh","truocsapnhap":"Xã Thuần Thiện, Xã Tùng Lộc","dientichkm2":null,"dansonguoi":null},"id":"diaphanhanhchinhcapxa_2025.2003"},
{"type":"Feature","geometry":{"type":"Polygon","coordinates":[[[105.83689,18.40338],[105.83454,18.40338],[105.83303,18.40262],[105.83237,18.40162],[105.82987,18.40162],[105.82864,18.40426],[105.82667,18.40566],[105.82486,18.40642],[105.82405,18.40628],[105.82259,18.40771],[105.819,18.40586],[105.81971,18.40524],[105.81794,18.39972],[105.81737,18.39723],[105.81679,18.3966],[105.81483,18.39593],[105.81397,18.39739],[105.81162,18.3968],[105.81081,18.39854],[105.80884,18.39894],[105.80832,18.39766],[105.80515,18.3964],[105.80423,18.39678],[105.80342,18.39815],[105.80134,18.39726],[105.80069,18.3976],[105.80069,18.39953],[105.79906,18.39945],[105.79596,18.39799],[105.79491,18.39833],[105.79513,18.40173],[105.79453,18.40186],[105.79191,18.40033],[105.79097,18.39849],[105.79014,18.39839],[105.791,18.3952],[105.78953,18.39526],[105.7884,18.39467],[105.78824,18.39351],[105.78919,18.39159],[105.79129,18.39139],[105.79318,18.38895],[105.79338,18.38661],[105.79399,18.38546],[105.79617,18.38482],[105.79454,18.38123],[105.79215,18.38038],[105.78977,18.38228],[105.78868,18.38274],[105.78731,18.3816],[105.78693,18.3801],[105.78712,18.37822],[105.78794,18.37663],[105.78697,18.37573],[105.78685,18.37454],[105.78542,18.37527],[105.78298,18.3757],[105.78159,18.37473],[105.78189,18.37241],[105.78303,18.37037],[105.78206,18.36888],[105.78031,18.36887],[105.77727,18.36939],[105.77629,18.36683],[105.77694,18.36459],[105.77626,18.36182],[105.77807,18.3607],[105.77753,18.35961],[105.77564,18.35889],[105.77381,18.36066],[105.77259,18.35994],[105.77172,18.35559],[105.77084,18.35558],[105.77006,18.35386],[105.76838,18.35382],[105.76907,18.35348],[105.76985,18.35187],[105.77108,18.35121],[105.7718,18.34988],[105.77206,18.34773],[105.77366,18.34494],[105.77463,18.34505],[105.77755,18.34324],[105.77961,18.34223],[105.78045,18.34018],[105.78146,18.33941],[105.78533,18.33948],[105.78681,18.33743],[105.78576,18.33574],[105.78584,18.33228],[105.78767,18.3329],[105.78772,18.3355],[105.78893,18.33703],[105.78904,18.33908],[105.78955,18.34035],[105.78906,18.3426],[105.78736,18.34434],[105.78734,18.34525],[105.79199,18.34681],[105.79331,18.34327],[105.79523,18.34247],[105.7977,18.34328],[105.7983,18.34418],[105.80124,18.34601],[105.80257,18.34517],[105.80275,18.34431],[105.80416,18.34244],[105.80485,18.34388],[105.80769,18.3455],[105.814,18.34873],[105.81588,18.35084],[105.81812,18.35232],[105.82004,18.35321],[105.8215,18.35295],[105.82338,18.35344],[105.82594,18.35465],[105.83022,18.35624],[105.82941,18.35874],[105.83076,18.35938],[105.83089,18.36135],[105.83027,18.36291],[105.82951,18.36342],[105.82676,18.3633],[105.82489,18.36482],[105.8249,18.36602],[105.82652,18.36827],[105.82633,18.36956],[105.82671,18.37268],[105.82644,18.37315],[105.82394,18.37302],[105.82314,18.3734],[105.82304,18.37468],[105.8238,18.37626],[105.82738,18.37648],[105.83234,18.37702],[105.83771,18.37744],[105.83722,18.379],[105.83722,18.38129],[105.83568,18.3824],[105.83667,18.38408],[105.83641,18.38644],[105.83511,18.38788],[105.83754,18.39047],[105.83949,18.38903],[105.84278,18.38974],[105.84147,18.39228],[105.8422,18.39335],[105.84154,18.39594],[105.8425,18.3974],[105.84175,18.4001],[105.84274,18.40135],[105.84218,18.4035],[105.84311,18.40439],[105.84204,18.40503],[105.84025,18.40189],[105.83995,18.40365],[105.83901,18.40398],[105.83774,18.40316],[105.83689,18.40338]]]},"properties":{"a01_tinh":"diaphanhanhchinhcaptinh_sn.53","a02_xa":"diaphanhanhchinhcapxa_2025.1998","a03_ten":"Xã Việt Xuyên","a04_tentinh":"Tỉnh Hà Tĩnh","a05_truocsn":"Xã Việt Tiến, Xã Thạch Ngọc","a06_trungtamhc":"UBND xã Việt Tiến","a07_dt":"32.1","a08_ds":"16986","a09_dthoai":null,"a10_web":null,"ten":"Xã Việt Xuyên","ma":"18601","tentinh":"Tỉnh Hà Tĩnh","truocsapnhap":"Xã Việt Tiến, Xã Thạch Ngọc","dientichkm2":null,"dansonguoi":null},"id":"diaphanhanhchinhcapxa_2025.1998"},
{"type":"Feature","geometry":{"type":"Polygon","coordinates":[[[105.59003,18.31375],[105.59185,18.31388],[105.59261,18.31537],[105.59115,18.31759],[105.592,18.31935],[105.59159,18.32385],[105.5921,18.32886],[105.59145,18.32944],[105.59207,18.332],[105.59443,18.33159],[105.59566,18.33244],[105.59687,18.33184],[105.59777,18.33048],[105.59907,18.3299],[105.60236,18.33183],[105.60332,18.33196],[105.60389,18.32787],[105.60477,18.32613],[105.61176,18.3273],[105.61154,18.32895],[105.61227,18.32954],[105.61472,18.32961],[105.61589,18.33152],[105.61594,18.33417],[105.61832,18.33569],[105.61809,18.33663],[105.61939,18.33884],[105.61862,18.34007],[105.6169,18.34144],[105.61653,18.34276],[105.61568,18.34319],[105.61193,18.34348],[105.61036,18.34474],[105.61024,18.34756],[105.61143,18.34916],[105.61193,18.35084],[105.61174,18.35212],[105.61332,18.35572],[105.61429,18.35649],[105.61457,18.35863],[105.61503,18.35937],[105.61561,18.36236],[105.61211,18.36239],[105.61071,18.36296],[105.60989,18.36432],[105.60891,18.36786],[105.60663,18.36967],[105.60388,18.37015],[105.602,18.36993],[105.60034,18.3704],[105.59929,18.36985],[105.59757,18.36767],[105.59702,18.36613],[105.59498,18.36599],[105.59277,18.36638],[105.59187,18.3659],[105.59187,18.36469],[105.58985,18.36414],[105.58737,18.36174],[105.58528,18.3625],[105.58493,18.3639],[105.58272,18.36252],[105.58066,18.36202],[105.57839,18.36208],[105.57764,18.36246],[105.57449,18.36245],[105.57285,18.3618],[105.57065,18.36364],[105.56739,18.36451],[105.56475,18.36623],[105.56378,18.36648],[105.5621,18.36776],[105.56102,18.36964],[105.55685,18.37197],[105.55511,18.37342],[105.55344,18.37397],[105.55184,18.3734],[105.54895,18.3743],[105.54716,18.37304],[105.54596,18.37298],[105.54118,18.37463],[105.53977,18.37642],[105.53786,18.37643],[105.53611,18.3792],[105.53466,18.38001],[105.53255,18.37986],[105.53163,18.38039],[105.53046,18.37997],[105.52934,18.38097],[105.52685,18.38199],[105.52454,18.38457],[105.52326,18.38468],[105.5225,18.38556],[105.52108,18.3854],[105.5197,18.38701],[105.52022,18.38854],[105.5199,18.38948],[105.52259,18.39063],[105.52444,18.39454],[105.51903,18.39618],[105.51797,18.39788],[105.51739,18.3997],[105.51793,18.40169],[105.51651,18.40398],[105.51579,18.40357],[105.51229,18.40341],[105.5121,18.40197],[105.5111,18.40066],[105.51052,18.39795],[105.50998,18.39742],[105.50961,18.39544],[105.50893,18.39439],[105.50678,18.39365],[105.50521,18.39408],[105.50508,18.39591],[105.50311,18.39568],[105.50282,18.39688],[105.50185,18.39799],[105.50087,18.39793],[105.49962,18.39884],[105.49634,18.39938],[105.49503,18.40046],[105.49163,18.40162],[105.49092,18.40337],[105.48851,18.40382],[105.48692,18.40311],[105.48591,18.405],[105.48571,18.40663],[105.48224,18.40759],[105.48079,18.40869],[105.4791,18.40933],[105.47821,18.4111],[105.47575,18.41305],[105.47544,18.41456],[105.47419,18.4161],[105.47207,18.416],[105.46916,18.4172],[105.46882,18.41827],[105.46726,18.41993],[105.46625,18.4216],[105.46494,18.42245],[105.4635,18.42254],[105.46129,18.42343],[105.45662,18.42671],[105.45539,18.42849],[105.45541,18.43016],[105.45447,18.43061],[105.45483,18.43181],[105.45404,18.43264],[105.44861,18.43146],[105.44526,18.43041],[105.44377,18.43044],[105.44083,18.4294],[105.43973,18.43023],[105.43809,18.43021],[105.43767,18.42864],[105.43648,18.42863],[105.43593,18.43007],[105.43505,18.42956],[105.43428,18.43144],[105.43334,18.4316],[105.43232,18.43341],[105.43153,18.43387],[105.42947,18.43407],[105.42921,18.43524],[105.42665,18.43793],[105.42449,18.43939],[105.42336,18.43974],[105.42198,18.4422],[105.41921,18.44366],[105.41752,18.44527],[105.41445,18.44356],[105.41324,18.44236],[105.41237,18.44047],[105.4088,18.43824],[105.40715,18.43804],[105.40549,18.4389],[105.40313,18.43872],[105.4004,18.43803],[105.39811,18.44162],[105.39794,18.44244],[105.39646,18.44395],[105.39515,18.44444],[105.39463,18.44621],[105.39345,18.44864],[105.39337,18.44757],[105.39236,18.44618],[105.39267,18.44435],[105.39211,18.44278],[105.39209,18.44061],[105.39169,18.43882],[105.39029,18.4385],[105.38987,18.43665],[105.38828,18.43516],[105.38827,18.43457],[105.38543,18.43164],[105.38224,18.43037],[105.38061,18.42755],[105.38009,18.42581],[105.37855,18.42484],[105.3789,18.42289],[105.37849,18.4212],[105.37869,18.42003],[105.37972,18.41801],[105.37735,18.41529],[105.37831,18.41289],[105.37977,18.41218],[105.3803,18.41129],[105.38221,18.41106],[105.38369,18.40982],[105.3847,18.40963],[105.38865,18.408],[105.39118,18.40614],[105.39341,18.40337],[105.39544,18.40244],[105.39512,18.40061],[105.3942,18.3986],[105.39353,18.39601],[105.39264,18.39561],[105.39143,18.39376],[105.39128,18.3927],[105.38999,18.39037],[105.3888,18.38892],[105.38953,18.38785],[105.38944,18.38537],[105.38876,18.38445],[105.38811,18.38174],[105.3867,18.3799],[105.38654,18.37825],[105.38694,18.37619],[105.38549,18.37401],[105.38529,18.37316],[105.38256,18.3726],[105.38148,18.37292],[105.37983,18.37222],[105.37809,18.37216],[105.37685,18.37118],[105.37483,18.37115],[105.37139,18.36951],[105.36909,18.36998],[105.36752,18.37085],[105.36449,18.37092],[105.36136,18.37197],[105.36011,18.37177],[105.35923,18.37481],[105.35817,18.37616],[105.35614,18.37698],[105.35552,18.37797],[105.35411,18.37887],[105.35273,18.37898],[105.35175,18.37846],[105.35018,18.3795],[105.34897,18.37952],[105.34402,18.37662],[105.34304,18.37538],[105.34209,18.3754],[105.34178,18.37341],[105.34087,18.37193],[105.33923,18.3717],[105.33792,18.37096],[105.33724,18.36935],[105.3361,18.36805],[105.33593,18.36573],[105.33453,18.36398],[105.33286,18.36257],[105.33205,18.35969],[105.33215,18.35689],[105.32979,18.35444],[105.32975,18.35356],[105.33171,18.35218],[105.33211,18.35139],[105.33104,18.34869],[105.32986,18.34785],[105.32813,18.34576],[105.32701,18.34308],[105.32635,18.34052],[105.32451,18.33785],[105.32288,18.33393],[105.32253,18.33152],[105.31977,18.32997],[105.32005,18.32848],[105.31868,18.32427],[105.31581,18.32401],[105.3148,18.32281],[105.31348,18.3221],[105.31299,18.32036],[105.3118,18.31895],[105.31065,18.31681],[105.30917,18.31636],[105.30875,18.31504],[105.30713,18.31269],[105.30719,18.31101],[105.30905,18.30931],[105.30834,18.30592],[105.30869,18.3045],[105.30805,18.30277],[105.30828,18.30196],[105.30781,18.29715],[105.30808,18.29546],[105.30487,18.29345],[105.30139,18.29361],[105.30125,18.28729],[105.30087,18.28534],[105.30002,18.28319],[105.29977,18.28006],[105.29736,18.27725],[105.29481,18.27627],[105.28644,18.27203],[105.25833,18.26801],[105.25822,18.26649],[105.25632,18.26454],[105.25616,18.26084],[105.25688,18.25898],[105.26389,18.25966],[105.26598,18.2588],[105.26671,18.25806],[105.26808,18.25831],[105.26979,18.2597],[105.27239,18.25953],[105.2733,18.25867],[105.27421,18.25581],[105.27505,18.25438],[105.27593,18.25399],[105.27804,18.25408],[105.28125,18.25753],[105.28099,18.25989],[105.28179,18.26082],[105.28433,18.26051],[105.28767,18.25879],[105.28811,18.25532],[105.289,18.25494],[105.29077,18.25643],[105.29233,18.25497],[105.29551,18.25505],[105.29739,18.25622],[105.29964,18.25466],[105.29857,18.25303],[105.29849,18.25181],[105.29772,18.24998],[105.2959,18.2474],[105.29549,18.24498],[105.29571,18.24232],[105.29656,18.24061],[105.29878,18.23842],[105.29979,18.23556],[105.3005,18.23557],[105.30146,18.23709],[105.3027,18.24063],[105.30248,18.24219],[105.30301,18.2448],[105.30414,18.24591],[105.3046,18.24787],[105.30537,18.24813],[105.30653,18.25019],[105.3071,18.25207],[105.30697,18.25411],[105.30545,18.25562],[105.30561,18.25712],[105.30665,18.25824],[105.30739,18.26042],[105.3088,18.26178],[105.31065,18.26606],[105.31267,18.26454],[105.31639,18.26427],[105.31844,18.26498],[105.31961,18.26626],[105.32082,18.26636],[105.32198,18.26485],[105.32419,18.26445],[105.32651,18.26438],[105.3282,18.26478],[105.33,18.2625],[105.32915,18.26052],[105.3288,18.25838],[105.32952,18.25705],[105.331,18.25573],[105.33152,18.25303],[105.33128,18.2519],[105.32971,18.24902],[105.32989,18.24801],[105.32941,18.24565],[105.32859,18.24454],[105.32827,18.24099],[105.32699,18.23912],[105.32493,18.23754],[105.32559,18.23271],[105.32537,18.23197],[105.32341,18.22901],[105.3233,18.2275],[105.32384,18.2265],[105.3238,18.22285],[105.3256,18.22066],[105.32488,18.21778],[105.32539,18.2152],[105.32609,18.21434],[105.32581,18.21309],[105.32591,18.21039],[105.3256,18.20864],[105.32327,18.20722],[105.32174,18.205],[105.32005,18.20203],[105.32036,18.20004],[105.32266,18.19836],[105.32525,18.19533],[105.32667,18.19414],[105.32949,18.19333],[105.3292,18.19157],[105.33143,18.19131],[105.33411,18.19172],[105.33764,18.19133],[105.33834,18.1893],[105.3374,18.18338],[105.33862,18.18304],[105.34107,18.18321],[105.3427,18.18233],[105.34401,18.18228],[105.34565,18.183],[105.34962,18.18328],[105.3512,18.18438],[105.35404,18.18207],[105.35406,18.18039],[105.35574,18.17984],[105.35685,18.17883],[105.35784,18.17697],[105.3587,18.17633],[105.3595,18.17389],[105.36233,18.16991],[105.36239,18.16849],[105.36343,18.1664],[105.36345,18.16372],[105.36541,18.1633],[105.36728,18.16101],[105.37178,18.16073],[105.37411,18.1611],[105.37563,18.16042],[105.37666,18.16067],[105.3769,18.16205],[105.37656,18.16585],[105.38025,18.16724],[105.38145,18.16922],[105.38398,18.17001],[105.38604,18.16627],[105.38934,18.16256],[105.39095,18.16256],[105.3921,18.16052],[105.39214,18.15945],[105.3964,18.15875],[105.39805,18.16025],[105.40026,18.16071],[105.40159,18.15945],[105.40415,18.15947],[105.40452,18.15705],[105.40688,18.15598],[105.40741,18.1551],[105.40875,18.15454],[105.40962,18.15346],[105.4106,18.15542],[105.41251,18.15686],[105.41322,18.15954],[105.41342,18.16136],[105.41403,18.16225],[105.4143,18.16395],[105.41522,18.16545],[105.41535,18.16712],[105.41393,18.1691],[105.41432,18.1703],[105.41432,18.17277],[105.41554,18.17542],[105.41702,18.17649],[105.41896,18.18],[105.41961,18.1822],[105.42077,18.18348],[105.422,18.18388],[105.42279,18.18314],[105.42439,18.18292],[105.42662,18.18342],[105.42806,18.18261],[105.4299,18.18017],[105.43175,18.17926],[105.43363,18.17998],[105.43594,18.18002],[105.43646,18.1805],[105.4387,18.18084],[105.43975,18.18236],[105.43971,18.18334],[105.44072,18.18434],[105.44182,18.187],[105.44156,18.18873],[105.44235,18.18945],[105.44389,18.19219],[105.44549,18.19207],[105.44674,18.19431],[105.44621,18.19612],[105.44697,18.19707],[105.4471,18.19943],[105.44436,18.20084],[105.44299,18.20083],[105.44214,18.20165],[105.44232,18.2034],[105.44351,18.20438],[105.44676,18.2039],[105.44866,18.20292],[105.45068,18.20364],[105.45229,18.20486],[105.45156,18.2069],[105.45234,18.2081],[105.45455,18.20871],[105.45567,18.21088],[105.4562,18.21435],[105.45607,18.21662],[105.45517,18.21788],[105.45544,18.21993],[105.45627,18.22102],[105.45605,18.22356],[105.45794,18.22925],[105.46053,18.23371],[105.46147,18.23405],[105.46251,18.23728],[105.46179,18.23859],[105.46234,18.24146],[105.46423,18.2435],[105.46427,18.246],[105.46551,18.24732],[105.46749,18.25376],[105.46619,18.25564],[105.46611,18.25879],[105.46696,18.25998],[105.4674,18.2618],[105.46845,18.26266],[105.47391,18.26515],[105.47575,18.26629],[105.47917,18.2675],[105.47909,18.27035],[105.47958,18.27132],[105.48208,18.27345],[105.48172,18.27471],[105.48207,18.27729],[105.48499,18.27836],[105.4859,18.27994],[105.48499,18.28241],[105.48692,18.28438],[105.48716,18.28552],[105.48565,18.28696],[105.48636,18.28813],[105.4863,18.28957],[105.48884,18.29122],[105.48938,18.2937],[105.48915,18.29788],[105.48961,18.29952],[105.49052,18.30102],[105.49035,18.30252],[105.49292,18.30464],[105.49364,18.3067],[105.4951,18.30686],[105.49704,18.30567],[105.50119,18.30413],[105.50165,18.30309],[105.50294,18.30303],[105.5036,18.30432],[105.50499,18.30518],[105.50626,18.3035],[105.50749,18.30374],[105.50899,18.30542],[105.50974,18.30528],[105.51386,18.30633],[105.51617,18.30746],[105.51702,18.30728],[105.52049,18.30762],[105.52144,18.30747],[105.52435,18.3058],[105.527,18.3066],[105.52838,18.30577],[105.53004,18.30605],[105.5311,18.30481],[105.53395,18.30407],[105.53733,18.30475],[105.53879,18.30464],[105.54006,18.3039],[105.54144,18.30203],[105.54314,18.30115],[105.54444,18.29963],[105.54464,18.29815],[105.54594,18.29846],[105.54922,18.29439],[105.55048,18.29499],[105.55383,18.29556],[105.55603,18.29537],[105.55751,18.29602],[105.55977,18.29796],[105.55848,18.30054],[105.55919,18.30246],[105.56023,18.30351],[105.56223,18.30424],[105.56293,18.30582],[105.56448,18.30816],[105.56616,18.3081],[105.57031,18.30624],[105.57245,18.30659],[105.57346,18.3061],[105.57449,18.30699],[105.57504,18.30842],[105.5775,18.30846],[105.58077,18.31043],[105.58209,18.31157],[105.58305,18.3138],[105.58492,18.31308],[105.58806,18.3123],[105.59003,18.31375]]]},"properties":{"a01_tinh":"diaphanhanhchinhcaptinh_sn.53","a02_xa":"diaphanhanhchinhcapxa_2025.2038","a03_ten":"Xã Vũ Quang","a04_tentinh":"Tỉnh Hà Tĩnh","a05_truocsn":"Thị trấn Vũ Quang, Xã Hương Minh, Xã Quang Thọ, Xã Thọ Điền","a06_trungtamhc":"UBND huyện Vũ Quang","a07_dt":"533.5","a08_ds":"14991","a09_dthoai":null,"a10_web":null,"ten":"Xã Vũ Quang","ma":"18313","tentinh":"Tỉnh Hà Tĩnh","truocsapnhap":"Thị trấn Vũ Quang, Xã Hương Minh, Xã Quang Thọ, Xã Thọ Điền","dientichkm2":null,"dansonguoi":null},"id":"diaphanhanhchinhcapxa_2025.2038"},
{"type":"Feature","geometry":{"type":"Polygon","coordinates":[[[105.7503,18.32085],[105.75185,18.32159],[105.75249,18.32535],[105.75357,18.3268],[105.75369,18.3315],[105.75341,18.33405],[105.75525,18.33837],[105.75518,18.3401],[105.75248,18.34458],[105.75371,18.34704],[105.75524,18.35276],[105.75579,18.35572],[105.76226,18.3557],[105.763,18.35695],[105.76792,18.35427],[105.76838,18.35382],[105.77006,18.35386],[105.77084,18.35558],[105.77172,18.35559],[105.77259,18.35994],[105.77381,18.36066],[105.77564,18.35889],[105.77753,18.35961],[105.77807,18.3607],[105.77626,18.36182],[105.77694,18.36459],[105.77629,18.36683],[105.77727,18.36939],[105.78031,18.36887],[105.78206,18.36888],[105.78303,18.37037],[105.78189,18.37241],[105.78159,18.37473],[105.78298,18.3757],[105.78542,18.37527],[105.78685,18.37454],[105.78697,18.37573],[105.78794,18.37663],[105.78712,18.37822],[105.78693,18.3801],[105.78731,18.3816],[105.78868,18.38274],[105.78977,18.38228],[105.79215,18.38038],[105.79454,18.38123],[105.79617,18.38482],[105.79399,18.38546],[105.79338,18.38661],[105.79318,18.38895],[105.79129,18.39139],[105.78919,18.39159],[105.78824,18.39351],[105.7884,18.39467],[105.78953,18.39526],[105.791,18.3952],[105.79014,18.39839],[105.78672,18.40062],[105.78683,18.40236],[105.78633,18.40577],[105.78693,18.40652],[105.78858,18.40682],[105.78941,18.40755],[105.78907,18.40875],[105.78747,18.40912],[105.78525,18.408],[105.78428,18.40856],[105.78477,18.41061],[105.78307,18.41076],[105.78166,18.40815],[105.78022,18.40797],[105.77915,18.41084],[105.77761,18.41145],[105.77721,18.41319],[105.77866,18.41563],[105.78035,18.41652],[105.78212,18.41616],[105.78266,18.41663],[105.78264,18.41878],[105.78114,18.41907],[105.77997,18.41997],[105.78138,18.42125],[105.7834,18.42094],[105.7844,18.42128],[105.78517,18.42261],[105.78535,18.42433],[105.78399,18.42575],[105.78375,18.42723],[105.78425,18.42993],[105.78126,18.43094],[105.7787,18.43339],[105.77675,18.43494],[105.77687,18.43665],[105.77499,18.43711],[105.77414,18.4356],[105.77302,18.43805],[105.77345,18.44061],[105.77215,18.44161],[105.76828,18.44023],[105.76658,18.43937],[105.7684,18.43482],[105.76996,18.43359],[105.7616,18.43452],[105.76197,18.43306],[105.76087,18.4316],[105.75913,18.4352],[105.75624,18.43375],[105.753,18.44014],[105.74914,18.43775],[105.74824,18.43127],[105.74784,18.42698],[105.74814,18.42686],[105.74764,18.42268],[105.74704,18.42266],[105.74661,18.41781],[105.74598,18.41579],[105.74714,18.41502],[105.74736,18.41263],[105.74554,18.41163],[105.74531,18.41053],[105.74621,18.4096],[105.74522,18.4062],[105.7428,18.40382],[105.7409,18.39923],[105.73863,18.39575],[105.73783,18.39226],[105.73956,18.39235],[105.74177,18.39295],[105.74392,18.39501],[105.74806,18.39623],[105.75055,18.39734],[105.75185,18.39717],[105.75501,18.39803],[105.75662,18.39585],[105.75755,18.39554],[105.75945,18.39674],[105.76184,18.39463],[105.76323,18.39293],[105.76407,18.39339],[105.7656,18.39311],[105.76576,18.38902],[105.76497,18.38522],[105.76426,18.38484],[105.76418,18.38316],[105.76497,18.3826],[105.7667,18.3824],[105.76752,18.38151],[105.76613,18.38027],[105.76573,18.38147],[105.76345,18.38238],[105.76355,18.38034],[105.76404,18.3785],[105.76547,18.37767],[105.7615,18.37636],[105.76329,18.37264],[105.76182,18.3724],[105.7611,18.37097],[105.76192,18.37039],[105.76144,18.36897],[105.76178,18.36776],[105.7616,18.36505],[105.76079,18.36325],[105.76152,18.36224],[105.7608,18.36057],[105.75989,18.35957],[105.75827,18.35668],[105.75354,18.35665],[105.75176,18.35481],[105.75208,18.35225],[105.75178,18.35048],[105.74998,18.34855],[105.75001,18.34734],[105.74696,18.34623],[105.74542,18.34603],[105.74246,18.34454],[105.74147,18.34111],[105.73952,18.33929],[105.7373,18.33863],[105.7366,18.33755],[105.73391,18.32816],[105.73638,18.32731],[105.73901,18.32603],[105.74491,18.32247],[105.74815,18.32134],[105.7503,18.32085]]]},"properties":{"a01_tinh":"diaphanhanhchinhcaptinh_sn.53","a02_xa":"diaphanhanhchinhcapxa_2025.1996","a03_ten":"Xã Xuân Lộc","a04_tentinh":"Tỉnh Hà Tĩnh","a05_truocsn":"Xã Sơn Lộc, Xã Quang Lộc, Xã Xuân Lộc","a06_trungtamhc":"UBND xã Quang Lộc","a07_dt":"33.08","a08_ds":"25448","a09_dthoai":null,"a10_web":null,"ten":"Xã Xuân Lộc","ma":"18481","tentinh":"Tỉnh Hà Tĩnh","truocsapnhap":"Xã Sơn Lộc, Xã Quang Lộc, Xã Xuân Lộc","dientichkm2":null,"dansonguoi":null},"id":"diaphanhanhchinhcapxa_2025.1996"},
{"type":"Feature","geometry":{"type":"Polygon","coordinates":[[[106.07839,18.29328],[106.0698,18.30063],[106.06724,18.3032],[106.05957,18.3103],[106.05889,18.3102],[106.05794,18.31187],[106.05447,18.31556],[106.05179,18.31779],[106.05153,18.31834],[106.04335,18.32679],[106.04196,18.32791],[106.04016,18.33024],[106.03589,18.33477],[106.03465,18.33485],[106.03447,18.33627],[106.02622,18.34517],[106.02405,18.34385],[106.02391,18.34232],[106.02172,18.34247],[106.01605,18.3395],[106.01409,18.33669],[106.01457,18.33599],[106.01151,18.33366],[106.0111,18.33229],[106.01005,18.33237],[106.00736,18.3306],[106.00775,18.32996],[106.00681,18.32779],[106.00384,18.32681],[106.00342,18.32757],[106.00159,18.32604],[105.99815,18.32213],[105.99687,18.32323],[105.99618,18.32153],[105.99666,18.32042],[105.99351,18.31688],[105.99124,18.31388],[105.9894,18.31298],[105.98954,18.31173],[105.98771,18.30953],[105.98601,18.3064],[105.9835,18.30327],[105.98492,18.30209],[105.98435,18.30132],[105.98645,18.29979],[105.99214,18.29608],[105.99621,18.29324],[105.99822,18.29502],[106.00095,18.29274],[106.00184,18.29309],[106.00337,18.29208],[106.00416,18.29286],[106.00665,18.29088],[106.00755,18.28955],[106.00764,18.28831],[106.01059,18.28806],[106.01223,18.28661],[106.01455,18.28851],[106.02556,18.29786],[106.03162,18.2909],[106.03353,18.29207],[106.03491,18.29044],[106.03636,18.29126],[106.03791,18.29042],[106.03658,18.2894],[106.04025,18.28452],[106.0409,18.28518],[106.04568,18.28103],[106.0471,18.2815],[106.04985,18.28054],[106.05968,18.27174],[106.06069,18.27241],[106.06404,18.27977],[106.06674,18.28296],[106.07171,18.28816],[106.07246,18.28802],[106.07839,18.29328]]]},"properties":{"a01_tinh":"diaphanhanhchinhcaptinh_sn.53","a02_xa":"diaphanhanhchinhcapxa_2025.2033","a03_ten":"Xã Yên Hòa","a04_tentinh":"Tỉnh Hà Tĩnh","a05_truocsn":"Xã Cẩm Dương, Xã Yên Hòa","a06_trungtamhc":"UBND xã Cẩm Dương","a07_dt":"38.27","a08_ds":"17597","a09_dthoai":null,"a10_web":null,"ten":"Xã Yên Hòa","ma":"18682","tentinh":"Tỉnh Hà Tĩnh","truocsapnhap":"Xã Cẩm Dương, Xã Yên Hòa","dientichkm2":null,"dansonguoi":null},"id":"diaphanhanhchinhcapxa_2025.2033"}
]}