{"type":"FeatureCollection", "features": [
{"type":"Feature","geometry":{"type":"MultiPolygon","coordinates":[[[[114.86567,7.1963],[114.87281,7.21772],[114.87281,7.24092],[114.86032,7.24806],[114.84247,7.23913],[114.82462,7.21058],[114.82641,7.19274],[114.84782,7.18381],[114.86567,7.1963]]],[[[113.84325,7.38772],[113.85137,7.39583],[113.84693,7.41875],[113.84315,7.42404],[113.83483,7.42707],[113.82198,7.42404],[113.81139,7.41648],[113.79702,7.40438],[113.79249,7.38926],[113.79778,7.38018],[113.80988,7.37867],[113.8167,7.38182],[113.82431,7.38095],[113.84325,7.38772]]],[[[109.94243,7.539],[109.89216,7.55748],[109.79404,7.56838],[109.69591,7.56112],[109.62323,7.52841],[109.55418,7.45573],[109.47786,7.34307],[109.47344,7.32358],[109.50013,7.31596],[109.60117,7.46656],[109.66409,7.51041],[109.72319,7.53138],[109.79182,7.5371],[109.86426,7.52566],[109.92718,7.51041],[109.95005,7.5085],[109.96149,7.52566],[109.94243,7.539]]],[[[114.99952,7.48005],[115.0138,7.48719],[115.0245,7.50325],[115.0245,7.52288],[115.00666,7.53359],[114.98346,7.5318],[114.95491,7.5211],[114.95312,7.50147],[114.96204,7.48183],[114.98346,7.47648],[114.99952,7.48005]]],[[[111.58504,7.52585],[111.61071,7.56863],[111.62212,7.59715],[111.60785,7.61997],[111.57363,7.61141],[111.5451,7.57148],[111.5394,7.5287],[111.55081,7.51159],[111.58504,7.52585]]],[[[114.71042,7.57999],[114.72826,7.60141],[114.7247,7.61747],[114.7122,7.62282],[114.689,7.62104],[114.67473,7.61033],[114.6658,7.58535],[114.66759,7.56571],[114.68365,7.56036],[114.71042,7.57999]]],[[[113.92661,7.64328],[113.91876,7.64328],[113.91233,7.64042],[113.907,7.63453],[113.90305,7.62614],[113.90591,7.61972],[113.90876,7.61615],[113.91876,7.61044],[113.9259,7.60758],[113.93804,7.61115],[113.94732,7.61615],[113.95303,7.62686],[113.95089,7.63614],[113.94446,7.64043],[113.93803,7.63971],[113.93161,7.63971],[113.92661,7.64328]]],[[[113.80901,7.60446],[113.82277,7.60976],[113.83548,7.61611],[113.84077,7.62564],[113.83865,7.64258],[113.82807,7.65211],[113.81324,7.65211],[113.79101,7.64893],[113.77618,7.64046],[113.76983,7.62882],[113.76983,7.61717],[113.77936,7.60658],[113.79237,7.60415],[113.80901,7.60446]]],[[[111.69913,7.64279],[111.7248,7.66275],[111.74477,7.69983],[111.73906,7.7255],[111.71339,7.73121],[111.68202,7.71124],[111.66775,7.67987],[111.67061,7.64279],[111.69913,7.64279]]],[[[110.50796,7.79532],[110.52641,7.81608],[110.51949,7.83223],[110.50104,7.83684],[110.4872,7.82531],[110.46644,7.80454],[110.46644,7.78378],[110.48951,7.77917],[110.50796,7.79532]]],[[[112.9288,7.89871],[112.92301,7.90202],[112.91392,7.89953],[112.90813,7.88961],[112.90316,7.88217],[112.90316,7.87472],[112.90565,7.85984],[112.91226,7.85239],[112.92054,7.84963],[112.9288,7.85074],[112.9379,7.85818],[112.94452,7.87638],[112.95527,7.8772],[112.96106,7.88547],[112.95692,7.89705],[112.94782,7.89953],[112.93542,7.89623],[112.9288,7.89871]]],[[[110.05856,7.84938],[110.07895,7.87181],[110.09114,7.91647],[110.08732,7.94507],[110.06445,7.95841],[110.04498,7.95679],[110.01414,7.93697],[109.95578,7.8955],[109.94777,7.89202],[109.93594,7.87752],[109.9329,7.85928],[109.92909,7.83259],[109.95387,7.81734],[109.98864,7.81325],[110.05856,7.84938]]],[[[111.74477,7.90519],[111.73336,7.93657],[111.69058,7.94513],[111.65064,7.94798],[111.61927,7.9109],[111.5993,7.87097],[111.57078,7.8453],[111.55081,7.81963],[111.54796,7.79396],[111.56793,7.76544],[111.59645,7.75973],[111.62782,7.82533],[111.64209,7.85956],[111.68772,7.88808],[111.72765,7.87952],[111.74477,7.90519]]],[[[110.64782,7.987],[110.64019,8.0442],[110.61922,8.0442],[110.60778,8.0156],[110.61541,7.9851],[110.64782,7.987]]],[[[113.96148,7.94539],[113.96889,7.94962],[113.97312,7.96233],[113.97418,7.97503],[113.95301,8.01103],[113.94136,8.02374],[113.92336,8.02586],[113.90748,8.02162],[113.90007,8.01421],[113.89689,8.00362],[113.90113,7.97927],[113.91383,7.96127],[113.93713,7.94857],[113.94983,7.94433],[113.96148,7.94539]]],[[[114.8957,7.94984],[114.90307,7.95931],[114.9136,7.96142],[114.91781,7.97406],[114.91571,7.99723],[114.90728,8.01092],[114.89675,8.01724],[114.88622,8.01935],[114.87253,8.01092],[114.86831,7.9888],[114.87253,7.97195],[114.88411,7.95194],[114.88727,7.94878],[114.8957,7.94984]]],[[[112.01054,8.05244],[112.02264,8.06589],[112.02399,8.0753],[112.0213,8.09278],[112.01054,8.10219],[111.98097,8.11025],[111.9487,8.11025],[111.93122,8.09681],[111.92853,8.08202],[111.92987,8.0632],[111.95811,8.05244],[111.99306,8.04841],[112.01054,8.05244]]],[[[113.30029,8.13641],[113.29458,8.13546],[113.28934,8.13356],[113.28887,8.12642],[113.28792,8.11785],[113.28411,8.11357],[113.28316,8.105],[113.28696,8.1012],[113.28791,8.09501],[113.2861,8.08805],[113.28839,8.08311],[113.2941,8.08025],[113.30219,8.07835],[113.30647,8.07978],[113.31028,8.08168],[113.31076,8.08835],[113.31076,8.09358],[113.31409,8.10024],[113.32075,8.10215],[113.32408,8.1069],[113.32456,8.11119],[113.32218,8.11642],[113.32599,8.1207],[113.32789,8.12832],[113.32503,8.13213],[113.31885,8.13308],[113.31171,8.1326],[113.30314,8.1326],[113.30029,8.13641]]],[[[110.55607,8.09311],[110.59825,8.14905],[110.60207,8.17955],[110.57969,8.18515],[110.47624,8.14714],[110.45346,8.14003],[110.4704,8.07426],[110.49552,8.06745],[110.55607,8.09311]]],[[[114.12723,8.0783],[114.14399,8.10223],[114.1392,8.12616],[114.11766,8.12856],[114.1033,8.1142],[114.09373,8.09984],[114.1033,8.0783],[114.12723,8.0783]]],[[[114.82363,8.11897],[114.82123,8.1453],[114.80927,8.16683],[114.78534,8.16205],[114.77337,8.1453],[114.78055,8.11419],[114.80927,8.10701],[114.82363,8.11897]]],[[[114.61976,8.17312],[114.61766,8.1847],[114.60818,8.18997],[114.59133,8.18154],[114.57869,8.17417],[114.57132,8.16364],[114.56289,8.16364],[114.55868,8.1668],[114.54288,8.16364],[114.54077,8.15311],[114.53972,8.14258],[114.52356,8.13964],[114.51071,8.13393],[114.51071,8.12394],[114.51927,8.11252],[114.53926,8.11109],[114.56852,8.12006],[114.58636,8.12394],[114.61348,8.13821],[114.62062,8.15533],[114.61976,8.17312]]],[[[114.74705,8.19316],[114.73508,8.2123],[114.70397,8.22427],[114.68004,8.22427],[114.66808,8.2123],[114.68722,8.18837],[114.71833,8.18598],[114.74705,8.19316]]],[[[113.38357,8.2254],[113.38928,8.24063],[113.39071,8.28822],[113.38881,8.30059],[113.38262,8.31153],[113.37453,8.31534],[113.36834,8.31534],[113.36121,8.31249],[113.35407,8.29821],[113.35216,8.28441],[113.35454,8.27918],[113.35645,8.26871],[113.35597,8.25919],[113.35311,8.25015],[113.34598,8.24682],[113.33646,8.24634],[113.33218,8.24158],[113.33217,8.23159],[113.32837,8.22493],[113.32218,8.22017],[113.32075,8.2116],[113.31504,8.20303],[113.30172,8.18828],[113.2903,8.17115],[113.27126,8.13689],[113.27221,8.13118],[113.27602,8.13022],[113.27935,8.13022],[113.2822,8.1326],[113.28696,8.14165],[113.30362,8.16401],[113.31457,8.18019],[113.32266,8.18305],[113.32599,8.17972],[113.32837,8.17163],[113.32646,8.16449],[113.32218,8.1583],[113.31932,8.14926],[113.32028,8.14498],[113.32408,8.1426],[113.33313,8.15211],[113.35549,8.17733],[113.38357,8.2254]]],[[[115.27951,8.32256],[115.29321,8.33455],[115.29492,8.35509],[115.26753,8.37393],[115.24013,8.3842],[115.23157,8.40132],[115.21274,8.40475],[115.19904,8.3979],[115.18705,8.3842],[115.18705,8.3705],[115.19339,8.34947],[115.2213,8.33455],[115.25383,8.32256],[115.27951,8.32256]]],[[[111.5044,8.53023],[111.5127,8.54683],[111.5127,8.55751],[111.50321,8.55988],[111.49016,8.55751],[111.47593,8.55277],[111.46881,8.54565],[111.46525,8.53141],[111.46644,8.5243],[111.47711,8.52192],[111.5044,8.53023]]],[[[115.29824,8.49607],[115.30254,8.51757],[115.29394,8.53262],[115.27244,8.53692],[115.25739,8.52402],[115.25739,8.49822],[115.27459,8.47887],[115.29824,8.49607]]],[[[115.56053,8.46381],[115.56913,8.48746],[115.56698,8.51326],[115.55624,8.53261],[115.52614,8.53261],[115.51324,8.51756],[115.50894,8.49391],[115.52183,8.46596],[115.53688,8.46166],[115.56053,8.46381]]],[[[111.92561,8.6366],[111.92772,8.63687],[111.92973,8.63749],[111.93213,8.63879],[111.93365,8.64008],[111.93519,8.64215],[111.9361,8.64448],[111.93627,8.64756],[111.93584,8.64938],[111.9343,8.65216],[111.93342,8.65314],[111.93128,8.65477],[111.92875,8.65589],[111.92527,8.65648],[111.92175,8.65611],[111.91914,8.65515],[111.91741,8.65408],[111.91513,8.65173],[111.9142,8.65007],[111.91354,8.64767],[111.91351,8.64581],[111.91387,8.64398],[111.91462,8.64224],[111.91572,8.64065],[111.91714,8.63926],[111.91945,8.63781],[111.9214,8.63707],[111.92419,8.6366],[111.92561,8.6366]]],[[[111.68115,8.63224],[111.70013,8.64173],[111.71673,8.65478],[111.71673,8.66901],[111.70843,8.68087],[111.68826,8.68325],[111.66573,8.67969],[111.65386,8.66783],[111.64556,8.65597],[111.64675,8.64292],[111.65505,8.63461],[111.66318,8.63082],[111.68115,8.63224]]],[[[114.24822,8.75489],[114.23489,8.78344],[114.21966,8.79772],[114.20634,8.79582],[114.19968,8.79392],[114.19301,8.78535],[114.19301,8.77107],[114.20253,8.73681],[114.2149,8.71397],[114.22632,8.71397],[114.22728,8.72158],[114.22442,8.73205],[114.22442,8.74157],[114.23204,8.74252],[114.2406,8.73395],[114.24631,8.72063],[114.25488,8.72253],[114.25488,8.7311],[114.24822,8.75489]]],[[[112.63325,8.8165],[112.64753,8.82316],[112.65324,8.82602],[112.64848,8.83649],[112.63421,8.8441],[112.61708,8.85457],[112.60661,8.86314],[112.59518,8.86409],[112.57234,8.85933],[112.55331,8.85743],[112.54284,8.85553],[112.53903,8.8422],[112.5495,8.83173],[112.5645,8.82014],[112.5771,8.81555],[112.59899,8.8146],[112.63325,8.8165]]],[[[112.25349,8.8403],[112.26587,8.84411],[112.26682,8.85363],[112.26016,8.85934],[112.23827,8.86314],[112.2278,8.87076],[112.21352,8.87361],[112.2059,8.87076],[112.20686,8.8641],[112.21066,8.85648],[112.21352,8.84221],[112.21934,8.83348],[112.2316,8.83745],[112.24207,8.83364],[112.25349,8.8403]]],[[[114.00456,8.78155],[114.00932,8.79011],[114.00932,8.79773],[114.00075,8.80534],[113.99124,8.81105],[113.98172,8.81962],[113.97601,8.83104],[113.96935,8.84341],[113.95983,8.84531],[113.95317,8.84151],[113.95126,8.83009],[113.95697,8.81486],[113.9741,8.79011],[113.99124,8.78155],[114.00456,8.78155]]],[[[112.87052,8.85576],[112.87528,8.86528],[112.86956,8.87765],[112.85148,8.88621],[112.8353,8.88716],[112.82864,8.88526],[112.82293,8.8824],[112.82293,8.87288],[112.82674,8.86622],[112.84102,8.85671],[112.8591,8.85005],[112.87052,8.85576]]],[[[112.28891,8.86693],[112.29657,8.87349],[112.29766,8.88771],[112.29329,8.90193],[112.28344,8.9063],[112.26376,8.90083],[112.24844,8.8899],[112.25282,8.87896],[112.26157,8.8724],[112.27907,8.86255],[112.28891,8.86693]]],[[[114.04834,8.77964],[114.05215,8.79963],[114.04929,8.82913],[114.04263,8.84246],[114.01313,8.86625],[113.99695,8.87482],[113.98457,8.87387],[113.97886,8.86721],[113.97886,8.86054],[113.98553,8.85007],[113.99124,8.84627],[114.00361,8.83675],[114.01004,8.8234],[114.01979,8.81105],[114.02169,8.79868],[114.02169,8.78726],[114.03121,8.77774],[114.04834,8.77964]]],[[[113.93508,8.84056],[113.93698,8.84912],[113.93794,8.85578],[113.93413,8.86245],[113.93508,8.87197],[113.93318,8.88339],[113.92271,8.891],[113.91319,8.89195],[113.90177,8.88434],[113.89701,8.87006],[113.90177,8.85674],[113.92271,8.83865],[113.93508,8.84056]]],[[[112.38294,8.91739],[112.3896,8.93167],[112.38865,8.94214],[112.37913,8.94785],[112.36676,8.94785],[112.35248,8.9469],[112.34201,8.94119],[112.3442,8.92918],[112.35343,8.91359],[112.36676,8.91073],[112.38294,8.91739]]],[[[114.6394,8.86434],[114.65558,8.86434],[114.67271,8.87195],[114.68699,8.89099],[114.69746,8.91097],[114.6946,8.93001],[114.68033,8.93477],[114.66129,8.93096],[114.64987,8.92049],[114.64416,8.90812],[114.64416,8.89289],[114.63654,8.88718],[114.62893,8.88433],[114.62607,8.87005],[114.62988,8.86243],[114.6394,8.86434]]],[[[113.67525,8.98142],[113.66954,8.98904],[113.65907,8.98999],[113.64669,8.98809],[113.64479,8.98143],[113.64765,8.97571],[113.65914,8.97435],[113.67144,8.97191],[113.67525,8.98142]]],[[[113.71903,8.97571],[113.73235,8.97666],[113.73616,8.98333],[113.73426,8.9938],[113.72569,8.9957],[113.71332,8.98904],[113.7057,8.98142],[113.69762,8.9757],[113.70285,8.97],[113.71427,8.96905],[113.71903,8.97571]]],[[[116.30808,8.86624],[116.31062,8.8764],[116.31697,8.89036],[116.32586,8.89417],[116.33475,8.9056],[116.33348,8.92083],[116.31824,8.93099],[116.30681,8.93099],[116.28523,8.90179],[116.27634,8.88529],[116.27761,8.87132],[116.29539,8.85862],[116.30808,8.86624]]],[[[113.73045,9.0233],[113.72569,9.02996],[113.71713,9.03187],[113.71046,9.04043],[113.69999,9.04043],[113.69333,9.03377],[113.69433,9.02512],[113.69809,9.01664],[113.71713,9.00998],[113.7295,9.00902],[113.73045,9.0233]]],[[[113.66766,9.00483],[113.67887,9.01939],[113.67999,9.03171],[113.67215,9.03955],[113.66094,9.04179],[113.65422,9.03843],[113.6475,9.02835],[113.63518,9.02163],[113.63518,9.01155],[113.64411,9.00082],[113.65646,9.00035],[113.66766,9.00483]]],[[[113.70687,9.18628],[113.70239,9.20084],[113.70351,9.2098],[113.70799,9.221],[113.69119,9.23668],[113.67551,9.23892],[113.66543,9.2378],[113.65983,9.22436],[113.65983,9.21204],[113.65311,9.2042],[113.65423,9.19412],[113.66879,9.18516],[113.68285,9.18491],[113.69903,9.1818],[113.70687,9.18628]]],[[[116.49853,9.1646],[116.50107,9.1811],[116.49599,9.19888],[116.47822,9.20015],[116.45917,9.19126],[116.45029,9.1811],[116.45156,9.16841],[116.4706,9.14936],[116.49091,9.14809],[116.49853,9.1646]]],[[[114.18924,9.34644],[114.19924,9.35786],[114.20209,9.37356],[114.19781,9.38927],[114.18211,9.39498],[114.16926,9.38927],[114.16497,9.37785],[114.16783,9.35929],[114.17782,9.34644],[114.18924,9.34644]]],[[[115.96716,9.28717],[115.97886,9.3091],[115.96862,9.33395],[115.954,9.35003],[115.93354,9.34711],[115.91746,9.34126],[115.91567,9.3264],[115.92184,9.30764],[115.92915,9.29302],[115.94816,9.28132],[115.96716,9.28717]]],[[[115.46879,9.32473],[115.48213,9.34569],[115.47832,9.37998],[115.46498,9.40857],[115.44593,9.41619],[115.43259,9.41619],[115.42497,9.39713],[115.42497,9.36093],[115.4345,9.34188],[115.44783,9.32473],[115.46879,9.32473]]],[[[112.56114,9.52017],[112.56811,9.52366],[112.57276,9.53005],[112.57508,9.53935],[112.5745,9.55504],[112.56346,9.56433],[112.5501,9.56608],[112.53267,9.56259],[112.5193,9.5533],[112.51407,9.54342],[112.51407,9.53761],[112.51698,9.52889],[112.52453,9.52308],[112.54022,9.52018],[112.56114,9.52017]]],[[[112.87215,9.53555],[112.87706,9.54046],[112.88491,9.54341],[112.88884,9.5493],[112.89129,9.55617],[112.88835,9.56157],[112.88197,9.56157],[112.8746,9.55912],[112.87264,9.55322],[112.86871,9.54783],[112.86479,9.54684],[112.85791,9.54341],[112.85546,9.5385],[112.85722,9.53154],[112.86528,9.53114],[112.87215,9.53555]]],[[[116.96703,9.41216],[116.98608,9.43755],[116.99369,9.45533],[116.98354,9.47183],[116.96322,9.47564],[116.94418,9.47183],[116.92894,9.46803],[116.91371,9.46295],[116.89974,9.45787],[116.89974,9.44263],[116.91684,9.43603],[116.92005,9.4147],[116.93021,9.40835],[116.96703,9.41216]]],[[[112.90749,9.57286],[112.91044,9.57678],[112.91142,9.5866],[112.90602,9.59249],[112.90013,9.59446],[112.89424,9.59053],[112.89375,9.58562],[112.89473,9.58022],[112.89767,9.57384],[112.90258,9.5709],[112.90749,9.57286]]],[[[112.96573,9.63933],[112.96644,9.64932],[112.96502,9.66003],[112.96073,9.66717],[112.95502,9.66717],[112.94788,9.66074],[112.94788,9.6586],[112.94431,9.65503],[112.93646,9.65503],[112.93147,9.65432],[112.9279,9.65004],[112.9279,9.64004],[112.92647,9.63576],[112.92004,9.63505],[112.91005,9.63433],[112.90719,9.63076],[112.9022,9.6222],[112.90148,9.61506],[112.90484,9.60862],[112.9179,9.61006],[112.93147,9.61434],[112.93718,9.62577],[112.9386,9.6329],[112.94646,9.63719],[112.95502,9.63505],[112.96573,9.63933]]],[[[116.19523,9.57224],[116.19815,9.58978],[116.18938,9.59855],[116.17184,9.60294],[116.15868,9.59563],[116.15137,9.58247],[116.16014,9.56493],[116.18207,9.562],[116.19523,9.57224]]],[[[113.01855,9.69072],[113.01213,9.69215],[113.00142,9.6893],[112.99857,9.68501],[112.99,9.6843],[112.98643,9.68359],[112.97787,9.68002],[112.97986,9.67177],[112.98143,9.66717],[112.98572,9.66003],[113.00071,9.65789],[113.00927,9.6586],[113.0207,9.65503],[113.03283,9.64861],[113.04925,9.65075],[113.05353,9.65931],[113.05567,9.67145],[113.04568,9.67716],[113.03569,9.68858],[113.0314,9.68501],[113.02712,9.6843],[113.01855,9.69072]]],[[[114.3028,9.70205],[114.31113,9.71394],[114.31113,9.72703],[114.30161,9.73298],[114.28734,9.73536],[114.27782,9.74131],[114.26592,9.74012],[114.26354,9.72822],[114.26354,9.71989],[114.27425,9.70562],[114.28733,9.69967],[114.3028,9.70205]]],[[[114.71444,9.71023],[114.72058,9.72065],[114.72058,9.73414],[114.71506,9.74089],[114.70341,9.74334],[114.69115,9.7415],[114.68318,9.73353],[114.68072,9.72433],[114.68501,9.71391],[114.69299,9.70839],[114.70463,9.70533],[114.71444,9.71023]]],[[[114.36213,9.75514],[114.36392,9.76228],[114.3657,9.77061],[114.36154,9.77596],[114.35619,9.77775],[114.35083,9.77418],[114.34905,9.76823],[114.34905,9.75871],[114.35381,9.75396],[114.36213,9.75514]]],[[[114.4039,9.78262],[114.40604,9.78512],[114.40532,9.78976],[114.40318,9.79297],[114.3989,9.79762],[114.39497,9.79869],[114.39176,9.7969],[114.38962,9.79405],[114.39033,9.79048],[114.39355,9.78548],[114.3964,9.78334],[114.39997,9.78262],[114.4039,9.78262]]],[[[114.29131,9.75237],[114.30097,9.76042],[114.30192,9.7728],[114.29811,9.78898],[114.2905,9.79659],[114.2905,9.80706],[114.28479,9.81658],[114.27432,9.82134],[114.2629,9.81848],[114.25718,9.81182],[114.25718,9.8023],[114.26099,9.79183],[114.2648,9.78517],[114.26384,9.77756],[114.26384,9.76614],[114.27241,9.76138],[114.27527,9.75567],[114.28288,9.74996],[114.29131,9.75237]]],[[[114.46778,9.81336],[114.47219,9.81777],[114.47384,9.82548],[114.46998,9.82989],[114.46337,9.83264],[114.45566,9.83044],[114.454,9.82548],[114.45566,9.81612],[114.46227,9.81226],[114.46778,9.81336]]],[[[116.59288,9.73057],[116.59557,9.74133],[116.5884,9.75657],[116.58033,9.76643],[116.56509,9.76284],[116.55792,9.75657],[116.55646,9.74501],[116.57047,9.73685],[116.57764,9.72878],[116.5866,9.7252],[116.59288,9.73057]]],[[[114.4918,9.83356],[114.4918,9.84022],[114.48942,9.84355],[114.48419,9.8445],[114.48038,9.8407],[114.47943,9.83594],[114.48133,9.83213],[114.48704,9.83023],[114.4918,9.83356]]],[[[114.27112,9.83189],[114.27707,9.83367],[114.27886,9.83843],[114.27945,9.85033],[114.27588,9.85568],[114.26696,9.85449],[114.26398,9.84973],[114.26041,9.842],[114.26279,9.83546],[114.26696,9.83189],[114.27112,9.83189]]],[[[115.89407,9.65265],[115.90138,9.66727],[115.90284,9.68042],[115.92331,9.7199],[115.92624,9.76522],[115.91454,9.79299],[115.90431,9.80761],[115.87507,9.80323],[115.85753,9.79738],[115.85606,9.78422],[115.85606,9.76522],[115.83852,9.74183],[115.83413,9.71259],[115.84291,9.69505],[115.85314,9.6775],[115.86143,9.64974],[115.87945,9.64534],[115.89407,9.65265]]],[[[114.51373,9.84284],[114.51662,9.84544],[114.51923,9.85036],[114.51836,9.85586],[114.51605,9.86078],[114.50476,9.86426],[114.49955,9.86397],[114.49607,9.86049],[114.49463,9.85615],[114.49578,9.85152],[114.50302,9.84284],[114.50881,9.84226],[114.51373,9.84284]]],[[[114.28362,9.86115],[114.28469,9.86401],[114.28433,9.86793],[114.28326,9.87043],[114.27826,9.8715],[114.27398,9.87043],[114.27219,9.86686],[114.27327,9.86401],[114.27505,9.86008],[114.27933,9.85972],[114.28362,9.86115]]],[[[114.41378,9.86668],[114.41199,9.86906],[114.40753,9.86995],[114.40337,9.86727],[114.3995,9.86549],[114.39772,9.86698],[114.39534,9.86935],[114.38968,9.86995],[114.38493,9.86727],[114.38345,9.8625],[114.38968,9.85924],[114.39652,9.85865],[114.40366,9.85894],[114.41021,9.85954],[114.41437,9.86162],[114.41378,9.86668]]],[[[116.43692,9.7745],[116.44947,9.78256],[116.45126,9.80318],[116.43961,9.81304],[116.42527,9.81663],[116.41182,9.81214],[116.40465,9.80408],[116.40196,9.79243],[116.41899,9.7736],[116.43692,9.7745]]],[[[114.30253,9.86758],[114.30575,9.86972],[114.30539,9.874],[114.30325,9.88149],[114.29968,9.88292],[114.29575,9.88221],[114.29432,9.88078],[114.2929,9.87721],[114.29147,9.874],[114.29218,9.87008],[114.29504,9.86758],[114.29896,9.86615],[114.30253,9.86758]]],[[[116.49428,9.78525],[116.50504,9.78973],[116.51311,9.7987],[116.51221,9.80766],[116.49428,9.8229],[116.48443,9.82559],[116.47546,9.8229],[116.47098,9.81483],[116.47815,9.80676],[116.48174,9.79601],[116.48174,9.78884],[116.48622,9.78525],[116.49428,9.78525]]],[[[114.54528,9.87323],[114.54528,9.87728],[114.53949,9.88509],[114.53631,9.88741],[114.53312,9.88741],[114.53197,9.88538],[114.53168,9.87728],[114.53312,9.87352],[114.53718,9.87091],[114.54181,9.87062],[114.54528,9.87323]]],[[[114.39266,9.87649],[114.39385,9.87917],[114.39534,9.88571],[114.39326,9.89345],[114.38969,9.8985],[114.38314,9.8985],[114.37809,9.89345],[114.37779,9.8878],[114.37898,9.88125],[114.38344,9.87768],[114.38879,9.8756],[114.39266,9.87649]]],[[[114.34209,9.88007],[114.34328,9.88304],[114.34328,9.88661],[114.34477,9.88899],[114.34923,9.89077],[114.35132,9.89345],[114.35072,9.8988],[114.34804,9.90267],[114.3418,9.90535],[114.33823,9.90564],[114.33615,9.90267],[114.33734,9.89732],[114.33853,9.89137],[114.33734,9.88869],[114.33436,9.8872],[114.33317,9.88453],[114.33406,9.88245],[114.33852,9.87977],[114.34209,9.88007]]],[[[114.60086,9.88567],[114.60433,9.8903],[114.6052,9.89493],[114.60259,9.89898],[114.5968,9.90072],[114.59275,9.90072],[114.58928,9.89725],[114.58783,9.89233],[114.58899,9.88799],[114.59101,9.88538],[114.59564,9.88364],[114.60086,9.88567]]],[[[114.47109,9.88663],[114.47439,9.89214],[114.47054,9.8993],[114.45952,9.90371],[114.4485,9.90647],[114.44299,9.90316],[114.44189,9.8971],[114.44464,9.88884],[114.45346,9.88498],[114.46282,9.88388],[114.47109,9.88663]]],[[[114.57104,9.88451],[114.57278,9.88857],[114.57191,9.89551],[114.56786,9.90159],[114.56004,9.90767],[114.5557,9.90825],[114.55049,9.90651],[114.5476,9.90159],[114.5476,9.89609],[114.55281,9.8877],[114.55946,9.88365],[114.56554,9.88336],[114.57104,9.88451]]],[[[114.49637,9.89841],[114.49955,9.90362],[114.50042,9.91259],[114.49897,9.91925],[114.49666,9.92243],[114.49232,9.92185],[114.48711,9.92012],[114.48392,9.91578],[114.48247,9.90854],[114.48305,9.90044],[114.48624,9.89754],[114.48884,9.89552],[114.49289,9.89436],[114.49637,9.89841]]],[[[114.52502,9.91635],[114.52676,9.92127],[114.52734,9.92938],[114.52473,9.93459],[114.52068,9.93575],[114.51663,9.93517],[114.51373,9.93227],[114.51142,9.92533],[114.51287,9.91809],[114.51518,9.9152],[114.51836,9.91462],[114.52242,9.91433],[114.52502,9.91635]]],[[[114.57684,9.94848],[114.58089,9.95282],[114.58089,9.95687],[114.57886,9.96092],[114.57047,9.96382],[114.56439,9.96295],[114.55744,9.95861],[114.55484,9.95311],[114.556,9.95022],[114.55744,9.94761],[114.56092,9.94558],[114.56844,9.94529],[114.57684,9.94848]]],[[[115.5371,9.86328],[115.5489,9.86328],[115.56173,9.86664],[115.57248,9.88276],[115.57427,9.90246],[115.56173,9.91142],[115.55143,9.9248],[115.55143,9.93744],[115.53626,9.94334],[115.51266,9.92986],[115.5017,9.91806],[115.50086,9.90121],[115.5017,9.88604],[115.50892,9.8675],[115.52362,9.85991],[115.5371,9.86328]]],[[[114.59536,9.96411],[114.59565,9.96729],[114.59362,9.97134],[114.58986,9.97366],[114.58581,9.9725],[114.58436,9.96903],[114.58668,9.9644],[114.5916,9.96237],[114.59536,9.96411]]],[[[114.6434,9.92808],[114.65649,9.9376],[114.66839,9.94593],[114.67196,9.97329],[114.66363,9.99233],[114.65293,9.99828],[114.63865,9.99947],[114.61723,9.9959],[114.61485,9.97924],[114.62318,9.96735],[114.61961,9.95426],[114.61929,9.93645],[114.63031,9.92808],[114.6434,9.92808]]],[[[113.86892,9.98678],[113.87396,10.00024],[113.88069,10.04734],[113.88322,10.08015],[113.8891,10.09445],[113.88574,10.10959],[113.88406,10.12389],[113.87312,10.12809],[113.86134,10.12641],[113.85377,10.118],[113.8462,10.10791],[113.84244,10.07705],[113.84284,10.05323],[113.83947,10.03304],[113.83443,10.00949],[113.83191,9.99098],[113.83695,9.98089],[113.84957,9.97837],[113.86892,9.98678]]],[[[114.27119,10.13823],[114.27893,10.15229],[114.28033,10.16354],[114.27682,10.17409],[114.26416,10.17902],[114.25221,10.17972],[114.24377,10.17269],[114.23673,10.16214],[114.23673,10.15159],[114.24166,10.13823],[114.26205,10.13542],[114.27119,10.13823]]],[[[116.08706,10.06929],[116.09729,10.08683],[116.09729,10.11022],[116.08706,10.12923],[116.07829,10.138],[116.06367,10.13069],[116.04612,10.10584],[116.04758,10.09122],[116.06074,10.08245],[116.06659,10.0649],[116.08706,10.06929]]],[[[114.33308,10.15862],[114.34081,10.17058],[114.34292,10.18745],[114.33449,10.19519],[114.31479,10.20011],[114.30847,10.198],[114.30143,10.19027],[114.29792,10.18113],[114.30425,10.16425],[114.32183,10.15722],[114.33308,10.15862]]],[[[117.38729,10.06628],[117.38967,10.0758],[117.39205,10.09483],[117.38491,10.10673],[117.37182,10.11149],[117.35636,10.10792],[117.34922,10.09959],[117.35041,10.08651],[117.35992,10.0639],[117.37658,10.06152],[117.38729,10.06628]]],[[[114.43857,10.21417],[114.43997,10.22261],[114.43646,10.22754],[114.42731,10.23035],[114.41044,10.22613],[114.39426,10.21769],[114.38582,10.21347],[114.37316,10.21488],[114.36262,10.21066],[114.36121,10.20363],[114.36051,10.19378],[114.36402,10.18675],[114.37035,10.18112],[114.37908,10.18179],[114.39004,10.18253],[114.40411,10.18675],[114.41676,10.19519],[114.42942,10.20433],[114.43857,10.21417]]],[[[113.62905,10.22348],[113.63512,10.23106],[113.64195,10.23865],[113.6427,10.24623],[113.63739,10.25306],[113.62829,10.2614],[113.61616,10.26443],[113.60782,10.25912],[113.59947,10.24851],[113.59871,10.24244],[113.6154,10.22651],[113.62147,10.22272],[113.62905,10.22348]]],[[[115.30644,10.16308],[115.31992,10.16561],[115.3292,10.17151],[115.33678,10.18078],[115.34015,10.19258],[115.33678,10.20438],[115.32583,10.21365],[115.31066,10.2246],[115.29886,10.22376],[115.28284,10.21449],[115.27694,10.20185],[115.27442,10.19342],[115.28031,10.18499],[115.28453,10.16898],[115.29464,10.16224],[115.30644,10.16308]]],[[[115.38145,10.22713],[115.38903,10.23471],[115.39072,10.24482],[115.38819,10.25831],[115.37471,10.26505],[115.3587,10.26168],[115.34858,10.25662],[115.34858,10.24567],[115.35701,10.23219],[115.37049,10.22713],[115.38145,10.22713]]],[[[114.56656,10.23949],[114.57992,10.24441],[114.59117,10.25074],[114.59891,10.25707],[114.60524,10.2641],[114.61649,10.26762],[114.62633,10.27184],[114.62633,10.28028],[114.6193,10.28942],[114.61157,10.29082],[114.60172,10.28801],[114.59187,10.28028],[114.5764,10.27395],[114.55249,10.26691],[114.54265,10.25848],[114.54124,10.25144],[114.54476,10.2423],[114.5539,10.23738],[114.56656,10.23949]]],[[[114.26102,10.22415],[114.27111,10.23424],[114.277,10.24433],[114.28205,10.25443],[114.29214,10.26284],[114.31569,10.27293],[114.32326,10.28723],[114.3241,10.29312],[114.31653,10.29901],[114.30644,10.30069],[114.2913,10.29733],[114.26438,10.27798],[114.24167,10.25527],[114.2341,10.24097],[114.23558,10.22394],[114.24756,10.21994],[114.26102,10.22415]]],[[[114.718,10.30733],[114.7233,10.31694],[114.72827,10.3292],[114.73026,10.33716],[114.73556,10.34213],[114.73622,10.34843],[114.73622,10.35505],[114.73489,10.35969],[114.72992,10.36267],[114.7117,10.36632],[114.70341,10.36632],[114.6948,10.363],[114.69181,10.35903],[114.68983,10.35273],[114.68651,10.3471],[114.68121,10.34246],[114.6779,10.33517],[114.6779,10.32555],[114.67956,10.31296],[114.68221,10.306],[114.68619,10.30435],[114.6895,10.30203],[114.6895,10.29739],[114.69348,10.2954],[114.69613,10.29639],[114.69845,10.30004],[114.70242,10.30468],[114.70541,10.30468],[114.70938,10.30369],[114.71502,10.30369],[114.718,10.30733]]],[[[114.36997,10.37463],[114.37262,10.37761],[114.37561,10.38192],[114.37693,10.38722],[114.37395,10.38954],[114.36964,10.39054],[114.36467,10.38921],[114.35771,10.38391],[114.35639,10.38026],[114.35738,10.37695],[114.36169,10.37563],[114.36533,10.37364],[114.36997,10.37463]]],[[[114.4843,10.37595],[114.48695,10.37728],[114.48927,10.38159],[114.4896,10.38556],[114.48828,10.38888],[114.4843,10.39153],[114.48165,10.39153],[114.478,10.38954],[114.47568,10.3849],[114.47601,10.3796],[114.47767,10.37662],[114.48065,10.37562],[114.4843,10.37595]]],[[[114.42067,10.38855],[114.42266,10.39252],[114.42134,10.39484],[114.41637,10.39683],[114.41173,10.39484],[114.4104,10.3902],[114.41272,10.38789],[114.41736,10.38689],[114.42067,10.38855]]],[[[114.58338,10.40843],[114.58835,10.41042],[114.59167,10.41273],[114.59233,10.41638],[114.59167,10.42003],[114.58835,10.42102],[114.5814,10.42168],[114.57543,10.41969],[114.57112,10.41505],[114.57178,10.41042],[114.57709,10.40843],[114.58338,10.40843]]],[[[117.28736,10.30779],[117.30044,10.3185],[117.30401,10.33635],[117.29807,10.35538],[117.28736,10.36371],[117.27189,10.36609],[117.26237,10.35657],[117.25761,10.33992],[117.25999,10.31969],[117.26951,10.30779],[117.28736,10.30779]]],[[[116.52296,10.36811],[116.53204,10.39308],[116.54566,10.41579],[116.54339,10.42941],[116.52977,10.43168],[116.51161,10.42487],[116.49345,10.3999],[116.46847,10.37492],[116.45712,10.35222],[116.46166,10.32725],[116.47755,10.30909],[116.51161,10.30455],[116.58198,10.31136],[116.64101,10.33406],[116.65009,10.34768],[116.64328,10.36357],[116.62058,10.36357],[116.56155,10.35676],[116.52977,10.35449],[116.52296,10.36811]]],[[[115.72255,10.45854],[115.72136,10.47104],[115.71898,10.47758],[115.71184,10.48056],[115.7047,10.47877],[115.70113,10.47044],[115.70113,10.46033],[115.7047,10.45378],[115.71065,10.44962],[115.72076,10.44843],[115.72255,10.45854]]],[[[115.76598,10.44962],[115.77609,10.45498],[115.78085,10.4639],[115.77907,10.47342],[115.7755,10.47699],[115.76122,10.47996],[115.74694,10.48115],[115.74099,10.47996],[115.73861,10.47044],[115.74397,10.45497],[115.74932,10.44903],[115.75765,10.44665],[115.76598,10.44962]]],[[[116.86367,10.47396],[116.87295,10.47968],[116.87509,10.49038],[116.87509,10.49681],[116.86938,10.49895],[116.85653,10.49895],[116.84939,10.49752],[116.84511,10.4911],[116.83797,10.48467],[116.83797,10.47825],[116.84511,10.47254],[116.85582,10.47182],[116.86367,10.47396]]],[[[115.72017,10.49543],[115.72731,10.50138],[115.72731,10.51149],[115.73385,10.51744],[115.73801,10.5222],[115.73801,10.53231],[115.73444,10.54005],[115.72909,10.54243],[115.72136,10.54302],[115.71303,10.53945],[115.70946,10.53231],[115.70529,10.52874],[115.69875,10.52577],[115.69696,10.51922],[115.69696,10.51327],[115.69161,10.50911],[115.68923,10.50554],[115.69042,10.4984],[115.69837,10.49487],[115.70589,10.49424],[115.72017,10.49543]]],[[[115.7868,10.51387],[115.78858,10.52161],[115.7868,10.53112],[115.78204,10.53886],[115.77014,10.54838],[115.7624,10.55016],[115.75586,10.546],[115.75289,10.54064],[115.75586,10.52993],[115.77192,10.51387],[115.77906,10.5109],[115.7868,10.51387]]],[[[116.70591,10.51751],[116.69806,10.52037],[116.68521,10.51894],[116.67093,10.51823],[116.65951,10.52108],[116.65023,10.5218],[116.64595,10.51751],[116.64167,10.50895],[116.64309,10.49967],[116.64881,10.49681],[116.65808,10.49467],[116.66808,10.49538],[116.68021,10.49324],[116.70163,10.49396],[116.70948,10.49681],[116.71162,10.50466],[116.7102,10.51109],[116.70591,10.51751]]],[[[117.21479,10.59095],[117.2136,10.60165],[117.19338,10.62069],[117.18505,10.62545],[117.17791,10.62188],[117.17315,10.61117],[117.17315,10.59333],[117.19575,10.58738],[117.21479,10.59095]]],[[[115.84463,10.64154],[115.85034,10.64368],[115.85034,10.6551],[115.85391,10.65938],[115.85891,10.66866],[115.85391,10.67651],[115.84629,10.67877],[115.83678,10.67866],[115.83249,10.67509],[115.83249,10.67009],[115.82964,10.66367],[115.82536,10.65796],[115.8225,10.65153],[115.82607,10.64368],[115.83606,10.64011],[115.84463,10.64154]]],[[[114.49195,10.7034],[114.49479,10.70837],[114.49692,10.71901],[114.48841,10.72326],[114.48344,10.72752],[114.48273,10.73106],[114.47422,10.73319],[114.46926,10.72964],[114.46855,10.72255],[114.46359,10.72255],[114.45578,10.72113],[114.45437,10.71333],[114.45649,10.70908],[114.45862,10.70553],[114.46359,10.69702],[114.47148,10.69945],[114.4799,10.69773],[114.49195,10.7034]]],[[[117.65662,10.62959],[117.6614,10.64035],[117.66857,10.6523],[117.66857,10.65828],[117.65303,10.66067],[117.6363,10.6511],[117.63032,10.63437],[117.63391,10.626],[117.64466,10.62241],[117.65662,10.62959]]],[[[115.81751,10.71506],[115.8225,10.7172],[115.82821,10.7222],[115.82893,10.73148],[115.82464,10.74005],[115.81394,10.7479],[115.80466,10.74933],[115.79895,10.74647],[115.79609,10.73719],[115.79895,10.72506],[115.81108,10.71506],[115.81751,10.71506]]],[[[114.3651,10.69354],[114.37347,10.69832],[114.37466,10.7043],[114.37466,10.71386],[114.37586,10.72581],[114.38841,10.73477],[114.4147,10.74971],[114.45653,10.77362],[114.46131,10.77899],[114.46191,10.78557],[114.45713,10.79453],[114.44996,10.79692],[114.43263,10.79035],[114.32685,10.74195],[114.32088,10.73358],[114.32088,10.71625],[114.32327,10.69533],[114.32984,10.69175],[114.34299,10.69115],[114.3651,10.69354]]],[[[114.58344,10.76085],[114.58415,10.76936],[114.58344,10.77361],[114.5877,10.77716],[114.59692,10.77716],[114.60259,10.78496],[114.60046,10.79134],[114.59692,10.79418],[114.58699,10.7956],[114.57635,10.79914],[114.56926,10.79843],[114.56571,10.79418],[114.56217,10.7878],[114.55649,10.78638],[114.55507,10.77858],[114.55722,10.77313],[114.56287,10.76652],[114.57138,10.76226],[114.57919,10.75943],[114.58344,10.76085]]],[[[117.22074,10.72063],[117.22193,10.73133],[117.21479,10.74085],[117.19814,10.74799],[117.18743,10.74799],[117.18148,10.73966],[117.18386,10.72895],[117.19576,10.71706],[117.21003,10.7123],[117.22074,10.72063]]],[[[117.3873,10.67422],[117.41705,10.67779],[117.4218,10.68969],[117.41943,10.71229],[117.40396,10.73133],[117.36827,10.7468],[117.32425,10.75037],[117.29807,10.74323],[117.27904,10.72419],[117.26714,10.69445],[117.27904,10.68612],[117.34328,10.67422],[117.3873,10.67422]]],[[[114.87247,10.81663],[114.87605,10.8238],[114.87426,10.83456],[114.86649,10.84114],[114.85872,10.84114],[114.85334,10.83755],[114.85334,10.83098],[114.85394,10.8238],[114.85753,10.81783],[114.8647,10.81544],[114.87247,10.81663]]],[[[115.83036,10.80144],[115.83749,10.80286],[115.84106,10.81143],[115.84035,10.82142],[115.84321,10.82713],[115.84035,10.83213],[115.83178,10.83641],[115.82322,10.8357],[115.81894,10.83213],[115.81894,10.82642],[115.81537,10.82142],[115.80966,10.81643],[115.80894,10.81],[115.8118,10.80358],[115.81888,10.80121],[115.83036,10.80144]]],[[[115.87176,10.83427],[115.8739,10.83998],[115.87247,10.84641],[115.86462,10.85569],[115.85463,10.85997],[115.84678,10.85854],[115.84392,10.85212],[115.84535,10.84498],[115.85606,10.83356],[115.86319,10.8307],[115.87176,10.83427]]],[[[114.59817,10.85907],[114.60235,10.89373],[114.60116,10.90389],[114.59518,10.91285],[114.58442,10.91345],[114.56769,10.91106],[114.55634,10.90389],[114.54379,10.89254],[114.53124,10.88656],[114.51809,10.88058],[114.50434,10.86684],[114.47207,10.84174],[114.47207,10.83577],[114.47805,10.81784],[114.48223,10.81365],[114.4912,10.81545],[114.49956,10.82202],[114.50733,10.83098],[114.51211,10.84114],[114.51869,10.84891],[114.52944,10.85429],[114.54319,10.85489],[114.55514,10.84951],[114.56888,10.83756],[114.57845,10.83756],[114.58681,10.84353],[114.59279,10.8507],[114.59817,10.85907]]],[[[114.94418,10.84651],[114.95255,10.85727],[114.95434,10.86563],[114.95912,10.87998],[114.9645,10.89671],[114.9633,10.90567],[114.95494,10.91225],[114.94777,10.91284],[114.9394,10.91045],[114.91609,10.87639],[114.9137,10.86743],[114.91609,10.86145],[114.91729,10.85189],[114.92147,10.84352],[114.93462,10.84233],[114.94418,10.84651]]],[[[114.0826,10.88743],[114.09272,10.88996],[114.10284,10.89097],[114.10841,10.894],[114.11043,10.89957],[114.11144,10.90665],[114.12106,10.90868],[114.12561,10.91475],[114.1246,10.9274],[114.12055,10.93701],[114.1165,10.94055],[114.09019,10.94663],[114.07957,10.94511],[114.07096,10.94157],[114.05983,10.93043],[114.05072,10.91728],[114.05426,10.90969],[114.06287,10.90716],[114.06843,10.90007],[114.06894,10.8935],[114.07349,10.88742],[114.0826,10.88743]]],[[[117.79334,10.73814],[117.80649,10.7489],[117.81963,10.76205],[117.828,10.79433],[117.8268,10.81704],[117.82082,10.82899],[117.80289,10.83019],[117.79213,10.82182],[117.76464,10.79073],[117.75986,10.7716],[117.76345,10.73813],[117.78019,10.73574],[117.79334,10.73814]]],[[[114.2694,11.02782],[114.27636,11.032],[114.27775,11.03757],[114.27404,11.04035],[114.26754,11.04081],[114.26197,11.03803],[114.26011,11.03571],[114.25826,11.03107],[114.2629,11.02643],[114.2694,11.02782]]],[[[114.18855,11.03426],[114.19462,11.03679],[114.20221,11.04135],[114.20119,11.04843],[114.20018,11.05349],[114.19462,11.0545],[114.18854,11.05349],[114.18652,11.04894],[114.18349,11.0459],[114.17893,11.04489],[114.1759,11.04286],[114.17438,11.0378],[114.17715,11.03256],[114.18855,11.03426]]],[[[114.24167,11.07424],[114.2356,11.07728],[114.22902,11.07525],[114.22548,11.07171],[114.22143,11.07475],[114.21587,11.07323],[114.21283,11.06817],[114.21182,11.06209],[114.21498,11.05653],[114.22599,11.05653],[114.24268,11.06159],[114.24471,11.06716],[114.24167,11.07424]]],[[[114.33072,11.04237],[114.34995,11.05351],[114.35855,11.05857],[114.36007,11.06413],[114.35855,11.07425],[114.34691,11.08943],[114.33983,11.09398],[114.33224,11.09348],[114.31402,11.07931],[114.29834,11.06261],[114.29531,11.05249],[114.29935,11.04338],[114.30492,11.04085],[114.31302,11.03832],[114.33072,11.04237]]],[[[115.04399,11.06061],[115.04827,11.07203],[115.04756,11.08131],[115.04113,11.08845],[115.02757,11.08988],[115.01972,11.0856],[115.01829,11.07775],[115.01686,11.06918],[115.02329,11.06061],[115.034,11.05776],[115.04399,11.06061]]],[[[114.74275,11.02493],[114.75988,11.04206],[114.77059,11.04706],[114.78558,11.06704],[114.79557,11.07704],[114.79986,11.08417],[114.80485,11.09345],[114.807,11.10131],[114.807,11.10702],[114.79986,11.10987],[114.79201,11.1113],[114.77773,11.11772],[114.76916,11.11558],[114.71277,11.04492],[114.70206,11.01565],[114.70349,11.00351],[114.70777,11.00137],[114.71634,11.00066],[114.74275,11.02493]]],[[[114.82913,11.13771],[114.83055,11.14485],[114.82699,11.1527],[114.82342,11.15556],[114.79343,11.15556],[114.7863,11.15413],[114.78487,11.14913],[114.78772,11.14556],[114.79058,11.14128],[114.80914,11.13771],[114.8227,11.13628],[114.82913,11.13771]]],[[[117.69249,11.01929],[117.69847,11.02766],[117.70206,11.04081],[117.6901,11.05396],[117.66978,11.05754],[117.66022,11.04918],[117.65782,11.03603],[117.66261,11.02407],[117.67576,11.01929],[117.69249,11.01929]]],[[[117.30039,11.03125],[117.30757,11.03604],[117.30996,11.05516],[117.30398,11.07548],[117.29322,11.08027],[117.27888,11.07788],[117.26931,11.06473],[117.26931,11.05277],[117.27409,11.03604],[117.28963,11.03006],[117.30039,11.03125]]],[[[117.07207,11.05158],[117.07207,11.06951],[117.06609,11.08147],[117.05294,11.09223],[117.0386,11.09223],[117.03023,11.08147],[117.02066,11.06712],[117.02545,11.05517],[117.03501,11.03843],[117.04218,11.04321],[117.05772,11.04321],[117.06729,11.03963],[117.07207,11.05158]]],[[[117.47612,11.0707],[117.48688,11.08026],[117.48927,11.09222],[117.47851,11.097],[117.46058,11.09102],[117.44982,11.07787],[117.45102,11.06592],[117.46417,11.06472],[117.47612,11.0707]]],[[[114.59622,11.31364],[114.60134,11.31762],[114.60191,11.32388],[114.59907,11.33185],[114.59508,11.3381],[114.58712,11.34322],[114.58314,11.34209],[114.57915,11.33697],[114.57517,11.33298],[114.57062,11.32729],[114.57176,11.3199],[114.57631,11.31648],[114.582,11.30852],[114.59622,11.31364]]],[[[114.4066,11.49264],[114.40111,11.49089],[114.39278,11.49089],[114.38445,11.48935],[114.37918,11.48585],[114.3726,11.48453],[114.36712,11.4819],[114.35594,11.48036],[114.34848,11.4762],[114.33993,11.46962],[114.33401,11.46501],[114.32896,11.45778],[114.32085,11.45208],[114.31756,11.44769],[114.3123,11.4398],[114.31274,11.43519],[114.31208,11.42993],[114.31186,11.42708],[114.30835,11.42357],[114.30309,11.41984],[114.29892,11.41611],[114.2976,11.4137],[114.29388,11.41063],[114.28971,11.40756],[114.28708,11.40361],[114.28467,11.39901],[114.28247,11.39396],[114.28181,11.3887],[114.28247,11.38168],[114.28466,11.37467],[114.2919,11.36677],[114.29936,11.36436],[114.30944,11.36195],[114.31712,11.36348],[114.31931,11.36348],[114.32896,11.36282],[114.33554,11.36304],[114.33927,11.3637],[114.34519,11.36633],[114.35067,11.36721],[114.35703,11.36787],[114.36778,11.37072],[114.37545,11.37357],[114.38247,11.37532],[114.3862,11.37247],[114.39058,11.37708],[114.39607,11.38256],[114.40133,11.38936],[114.40352,11.39615],[114.40791,11.40208],[114.41032,11.40997],[114.41076,11.41414],[114.4123,11.41984],[114.41734,11.42971],[114.41909,11.43914],[114.42216,11.45032],[114.42216,11.45756],[114.4226,11.46501],[114.41953,11.47488],[114.41537,11.48672],[114.41254,11.49219],[114.4093,11.49251],[114.4066,11.49264]]],[[[114.74017,11.43596],[114.74131,11.44734],[114.74301,11.46725],[114.73846,11.48204],[114.72879,11.49513],[114.71627,11.49911],[114.70148,11.49627],[114.69238,11.4883],[114.69238,11.47408],[114.69807,11.45303],[114.70887,11.43824],[114.72196,11.43255],[114.73562,11.43084],[114.74017,11.43596]]],[[[114.648,11.42515],[114.65539,11.43255],[114.66052,11.4701],[114.66222,11.49798],[114.66677,11.51846],[114.66734,11.52699],[114.66109,11.53211],[114.64971,11.53439],[114.6406,11.53154],[114.62752,11.52756],[114.62012,11.52415],[114.62012,11.51504],[114.62297,11.49627],[114.6241,11.47522],[114.62353,11.46384],[114.62126,11.44905],[114.62069,11.43937],[114.62239,11.4297],[114.62752,11.42629],[114.63377,11.42344],[114.648,11.42515]]]]},"properties":{"a01_tinh":"diaphanhanhchinhcaptinh_sn.133","a02_xa":"diaphanhanhchinhcapxa_2025.3317","a03_ten":"Đặc khu Trường Sa","a04_tentinh":"Tỉnh Khánh Hòa","a05_truocsn":"Thị trấn Trường Sa, Xã Song Tử Tây, Xã Sinh Tồn","a06_trungtamhc":"HĐND và UBND huyện Trường Sa ","a07_dt":"496.3","a08_ds":"153","a09_dthoai":null,"a10_web":null,"ten":"Đặc khu Trường Sa","ma":"22736","tentinh":"Tỉnh Khánh Hòa","truocsapnhap":"Thị trấn Trường Sa, Xã Song Tử Tây, Xã Sinh Tồn","dientichkm2":null,"dansonguoi":null},"id":"diaphanhanhchinhcapxa_2025.3317"},
{"type":"Feature","geometry":{"type":"Polygon","coordinates":[[[109.13439,11.91074],[109.13351,11.91266],[109.13707,11.91407],[109.1401,11.91588],[109.13807,11.91936],[109.13851,11.921],[109.13597,11.92383],[109.13485,11.92429],[109.13345,11.92596],[109.1304,11.93262],[109.13326,11.93462],[109.13507,11.93441],[109.13655,11.93581],[109.13777,11.9355],[109.13869,11.93592],[109.1396,11.93754],[109.14063,11.93844],[109.14095,11.93981],[109.14185,11.94097],[109.14272,11.94348],[109.14385,11.94453],[109.14485,11.94592],[109.14479,11.94751],[109.14658,11.94952],[109.14555,11.95044],[109.14427,11.9505],[109.14335,11.9512],[109.14243,11.95241],[109.14146,11.9529],[109.14047,11.9529],[109.1386,11.95377],[109.13716,11.95415],[109.13544,11.95526],[109.13079,11.95627],[109.12987,11.95693],[109.12833,11.95683],[109.12678,11.95771],[109.12503,11.96033],[109.12488,11.96142],[109.12416,11.96353],[109.12313,11.96464],[109.12065,11.96617],[109.11885,11.96815],[109.11796,11.96815],[109.1159,11.96947],[109.11474,11.96989],[109.11361,11.97106],[109.11251,11.97182],[109.11028,11.97193],[109.10973,11.9713],[109.10616,11.96825],[109.10529,11.96716],[109.10448,11.96527],[109.10429,11.96411],[109.10435,11.96195],[109.1038,11.96199],[109.10237,11.96101],[109.10266,11.96031],[109.1018,11.95927],[109.10031,11.95864],[109.09785,11.9581],[109.09361,11.95781],[109.09328,11.95847],[109.09187,11.95873],[109.09135,11.95841],[109.08162,11.95612],[109.08008,11.95346],[109.07587,11.95182],[109.07319,11.95021],[109.07134,11.9494],[109.06856,11.94688],[109.06716,11.94348],[109.06319,11.94078],[109.06278,11.93988],[109.06226,11.93731],[109.06178,11.93655],[109.05732,11.94491],[109.05658,11.946],[109.05523,11.94722],[109.05403,11.94776],[109.05261,11.94894],[109.05082,11.94973],[109.04934,11.9499],[109.04724,11.95162],[109.04459,11.95203],[109.04161,11.95142],[109.03888,11.95049],[109.03915,11.95173],[109.03872,11.95262],[109.03645,11.95415],[109.03487,11.95434],[109.0328,11.95427],[109.03139,11.95489],[109.03074,11.95645],[109.02973,11.95682],[109.02704,11.95686],[109.02508,11.958],[109.02345,11.95784],[109.02207,11.95821],[109.02077,11.95895],[109.02029,11.95981],[109.01925,11.96009],[109.01638,11.96025],[109.01474,11.95951],[109.01231,11.95991],[109.01148,11.95942],[109.0106,11.95973],[109.00968,11.95944],[109.00772,11.96051],[109.00592,11.96049],[109.00546,11.95993],[109.0052,11.95781],[109.00397,11.95574],[109.00349,11.95427],[109.0009,11.95119],[109.00058,11.9493],[109.00138,11.94617],[109.00204,11.94492],[109.00191,11.94199],[109.00281,11.94021],[109.0026,11.93823],[109.00221,11.9377],[109.00267,11.93605],[109.00253,11.93433],[109.00117,11.9333],[109.00025,11.93158],[109.00056,11.92886],[109.00178,11.92663],[109.00445,11.92426],[109.00473,11.92312],[109.01849,11.91091],[109.03466,11.91],[109.04645,11.89903],[109.04709,11.89829],[109.05051,11.89961],[109.05131,11.90053],[109.05212,11.90212],[109.05557,11.90223],[109.05673,11.90269],[109.05701,11.90376],[109.05804,11.90423],[109.06253,11.90532],[109.06461,11.90622],[109.0652,11.90733],[109.06717,11.90822],[109.06799,11.90882],[109.06879,11.91113],[109.06971,11.91199],[109.07084,11.91419],[109.07203,11.91496],[109.07458,11.91562],[109.07495,11.91624],[109.07571,11.91924],[109.07861,11.91786],[109.09856,11.90816],[109.09964,11.90795],[109.1006,11.90825],[109.10248,11.90713],[109.10892,11.90429],[109.11065,11.90345],[109.11257,11.9037],[109.11411,11.90329],[109.11519,11.90125],[109.11685,11.90043],[109.11839,11.89917],[109.11783,11.89765],[109.12425,11.89837],[109.12763,11.89705],[109.12856,11.89804],[109.12899,11.89981],[109.12755,11.90003],[109.12479,11.90238],[109.12564,11.90317],[109.12833,11.90088],[109.1297,11.90285],[109.12976,11.90407],[109.12915,11.90626],[109.12911,11.9072],[109.12768,11.91074],[109.12795,11.91203],[109.12867,11.91186],[109.12871,11.91065],[109.12996,11.90886],[109.13142,11.9086],[109.13255,11.90905],[109.13337,11.91014],[109.13439,11.91074]]]},"properties":{"a01_tinh":"diaphanhanhchinhcaptinh_sn.133","a02_xa":"diaphanhanhchinhcapxa_2025.1123","a03_ten":"Phường Ba Ngòi","a04_tentinh":"Tỉnh Khánh Hòa","a05_truocsn":"Phường Ba Ngòi, Xã Cam Phước Đông","a06_trungtamhc":"UBND phường Ba Ngòi","a07_dt":"78.2","a08_ds":"31708","a09_dthoai":null,"a10_web":null,"ten":"Phường Ba Ngòi","ma":"22423","tentinh":"Tỉnh Khánh Hòa","truocsapnhap":"Phường Ba Ngòi, Xã Cam Phước Đông","dientichkm2":null,"dansonguoi":null},"id":"diaphanhanhchinhcapxa_2025.1123"},
{"type":"Feature","geometry":{"type":"MultiPolygon","coordinates":[[[[109.27143,11.85963],[109.2721,11.86081],[109.27113,11.86158],[109.27046,11.86061],[109.27143,11.85963]]],[[[109.27252,11.93086],[109.27232,11.93182],[109.27136,11.93257],[109.2711,11.93157],[109.27163,11.93083],[109.27252,11.93086]]],[[[109.28042,11.935],[109.28108,11.93594],[109.28106,11.93678],[109.27983,11.93639],[109.28042,11.935]]],[[[109.27249,11.9595],[109.27099,11.9597],[109.27096,11.95864],[109.27187,11.95815],[109.27249,11.9595]]],[[[109.19915,12.02497],[109.19802,12.0237],[109.19759,12.02393],[109.19634,12.02291],[109.19627,12.02166],[109.19523,12.02024],[109.19427,12.01985],[109.19301,12.01842],[109.19139,12.01751],[109.18717,12.01861],[109.1852,12.01628],[109.18486,12.01507],[109.18418,12.01475],[109.17575,12.01369],[109.17573,12.01256],[109.17518,12.01153],[109.17291,12.01166],[109.1727,12.01256],[109.17149,12.01272],[109.17076,12.01332],[109.16971,12.01345],[109.16721,12.01487],[109.16678,12.01486],[109.16691,12.01275],[109.1661,12.0124],[109.16473,12.01272],[109.16494,12.01066],[109.16386,12.01063],[109.16097,12.01014],[109.15112,12.00877],[109.14976,12.0087],[109.14938,12.00824],[109.14756,12.00808],[109.14599,12.00711],[109.14553,12.00625],[109.14413,12.00598],[109.1432,12.00534],[109.14164,12.00324],[109.14348,12.00317],[109.14334,12.00122],[109.14353,11.99921],[109.14302,11.99563],[109.14375,11.99539],[109.14488,11.9919],[109.14544,11.98917],[109.14483,11.98921],[109.14457,11.98785],[109.14403,11.98713],[109.1447,11.98556],[109.14466,11.98472],[109.14383,11.98194],[109.14225,11.97961],[109.14179,11.97773],[109.14215,11.97698],[109.14172,11.97592],[109.14135,11.97364],[109.13926,11.97224],[109.13899,11.97147],[109.13702,11.96962],[109.13602,11.96792],[109.1338,11.96578],[109.13318,11.9647],[109.13259,11.96185],[109.13272,11.96048],[109.13231,11.959],[109.13137,11.95848],[109.12987,11.95693],[109.13079,11.95627],[109.13544,11.95526],[109.13716,11.95415],[109.1386,11.95377],[109.14047,11.9529],[109.14146,11.9529],[109.14243,11.95241],[109.14335,11.9512],[109.14427,11.9505],[109.14555,11.95044],[109.14658,11.94952],[109.14879,11.94957],[109.15072,11.94853],[109.15081,11.94765],[109.15195,11.94691],[109.15392,11.94865],[109.15607,11.9499],[109.15735,11.94966],[109.16034,11.95111],[109.16091,11.95157],[109.16793,11.95563],[109.17002,11.95656],[109.17085,11.95662],[109.17283,11.9552],[109.17546,11.95547],[109.17652,11.95453],[109.17765,11.953],[109.17873,11.95265],[109.18053,11.95283],[109.18134,11.95265],[109.1832,11.9515],[109.18404,11.95154],[109.18785,11.94918],[109.18927,11.95213],[109.19131,11.9584],[109.19297,11.96132],[109.19461,11.963],[109.19518,11.96422],[109.19655,11.96474],[109.19682,11.96542],[109.19578,11.96714],[109.19588,11.96785],[109.19684,11.96876],[109.19629,11.97073],[109.19646,11.97179],[109.19722,11.97365],[109.19932,11.97598],[109.20191,11.97833],[109.20309,11.98002],[109.20354,11.98107],[109.20186,11.98209],[109.20216,11.98257],[109.20402,11.98171],[109.20763,11.98076],[109.20777,11.98135],[109.2065,11.98164],[109.2069,11.98358],[109.2062,11.98628],[109.20548,11.98632],[109.20523,11.98845],[109.20436,11.98941],[109.20098,11.98996],[109.19872,11.99092],[109.1982,11.99201],[109.1988,11.99291],[109.19801,11.99327],[109.19835,11.99415],[109.19771,11.99602],[109.19822,11.99812],[109.1988,11.99788],[109.20021,12.0004],[109.20148,12.00363],[109.20193,12.0053],[109.20158,12.00663],[109.20221,12.00741],[109.20259,12.00995],[109.20216,12.01155],[109.20285,12.01383],[109.20381,12.01438],[109.20317,12.01604],[109.20363,12.0167],[109.20291,12.01864],[109.20243,12.01858],[109.20216,12.02036],[109.20094,12.02207],[109.19998,12.02466],[109.19915,12.02497]]]]},"properties":{"a01_tinh":"diaphanhanhchinhcaptinh_sn.133","a02_xa":"diaphanhanhchinhcapxa_2025.3323","a03_ten":"Phường Bắc Cam Ranh","a04_tentinh":"Tỉnh Khánh Hòa","a05_truocsn":"Phường Cam Nghĩa, Phường Cam Phúc Bắc, Xã Cam Thành Nam","a06_trungtamhc":"UBND phường Cam Phúc Bắc","a07_dt":"134","a08_ds":"43644","a09_dthoai":null,"a10_web":null,"ten":"Phường Bắc Cam Ranh","ma":"22411","tentinh":"Tỉnh Khánh Hòa","truocsapnhap":"Phường Cam Nghĩa, Phường Cam Phúc Bắc, Xã Cam Thành Nam","dientichkm2":null,"dansonguoi":null},"id":"diaphanhanhchinhcapxa_2025.3323"},
{"type":"Feature","geometry":{"type":"MultiPolygon","coordinates":[[[[109.20875,12.26592],[109.20865,12.26722],[109.20772,12.26715],[109.20806,12.26617],[109.20875,12.26592]]],[[[109.24386,12.28998],[109.24307,12.29008],[109.24221,12.28887],[109.2428,12.28787],[109.24563,12.28789],[109.24587,12.28887],[109.24489,12.28972],[109.24386,12.28998]]],[[[109.21779,12.35944],[109.2175,12.3613],[109.21545,12.36224],[109.21467,12.36206],[109.2138,12.36062],[109.21171,12.36039],[109.21141,12.3599],[109.21202,12.35876],[109.21345,12.3586],[109.21553,12.35764],[109.21719,12.35849],[109.21779,12.35944]]],[[[109.19685,12.37805],[109.1941,12.37825],[109.19239,12.37902],[109.19075,12.37946],[109.1893,12.37939],[109.18743,12.37835],[109.18583,12.37845],[109.18446,12.3778],[109.18191,12.37508],[109.18052,12.37452],[109.1785,12.37446],[109.17685,12.37624],[109.17571,12.37711],[109.17467,12.37829],[109.17351,12.37748],[109.17124,12.37796],[109.16987,12.37608],[109.16865,12.37594],[109.16725,12.37637],[109.16658,12.3742],[109.16794,12.37295],[109.16902,12.37106],[109.1699,12.37065],[109.17068,12.36876],[109.16959,12.36795],[109.16985,12.36704],[109.17174,12.36506],[109.17257,12.3638],[109.17348,12.3618],[109.17347,12.36089],[109.17154,12.36011],[109.17067,12.35866],[109.1689,12.35904],[109.1688,12.35985],[109.1659,12.3614],[109.16401,12.36159],[109.16158,12.36121],[109.16116,12.36034],[109.15922,12.36123],[109.15769,12.36029],[109.15758,12.36143],[109.15646,12.36243],[109.15659,12.36333],[109.15779,12.36506],[109.15808,12.3666],[109.15667,12.36804],[109.15549,12.36882],[109.15392,12.36921],[109.15316,12.36829],[109.14944,12.36829],[109.14847,12.36685],[109.14471,12.36708],[109.14483,12.3679],[109.14212,12.36847],[109.14148,12.36949],[109.1401,12.37059],[109.13961,12.37041],[109.1379,12.36868],[109.13637,12.36867],[109.13492,12.36806],[109.13372,12.36653],[109.13253,12.36538],[109.1317,12.36505],[109.12935,12.36507],[109.12854,12.36476],[109.12663,12.36325],[109.12555,12.36111],[109.12329,12.35955],[109.12172,12.35789],[109.11964,12.35979],[109.11881,12.35791],[109.11735,12.35665],[109.11716,12.35548],[109.11756,12.35413],[109.11891,12.35173],[109.12052,12.35057],[109.11857,12.35042],[109.11775,12.34924],[109.1168,12.34891],[109.11564,12.34786],[109.11431,12.34447],[109.11301,12.34355],[109.11146,12.34303],[109.11274,12.3421],[109.11428,12.34051],[109.11577,12.33666],[109.11727,12.33429],[109.11926,12.33336],[109.12023,12.33202],[109.12035,12.33101],[109.12197,12.3299],[109.12364,12.32964],[109.12373,12.32859],[109.12435,12.32728],[109.12841,12.32228],[109.12895,12.3205],[109.12967,12.3196],[109.13011,12.31787],[109.12972,12.31727],[109.12943,12.31559],[109.12977,12.31392],[109.12992,12.31088],[109.1311,12.30943],[109.13004,12.30708],[109.12964,12.30509],[109.12871,12.30279],[109.12796,12.30164],[109.12762,12.29934],[109.12799,12.29803],[109.12783,12.2969],[109.1291,12.29607],[109.12971,12.29505],[109.12977,12.2939],[109.1307,12.29262],[109.13227,12.28263],[109.13329,12.28186],[109.13619,12.28311],[109.13607,12.28162],[109.13632,12.27996],[109.13527,12.27895],[109.13408,12.27868],[109.13342,12.27773],[109.13357,12.27643],[109.13473,12.27546],[109.13629,12.27571],[109.13704,12.27555],[109.13849,12.27417],[109.13873,12.27329],[109.14002,12.27354],[109.1403,12.27257],[109.14228,12.26978],[109.14296,12.26946],[109.14378,12.27042],[109.14461,12.27083],[109.14633,12.27101],[109.1486,12.27014],[109.15067,12.26906],[109.1532,12.26883],[109.1551,12.26909],[109.15657,12.27027],[109.15703,12.27182],[109.15658,12.27395],[109.15359,12.27668],[109.15304,12.27816],[109.15342,12.27998],[109.15509,12.28185],[109.15508,12.28307],[109.1533,12.28222],[109.15201,12.28348],[109.15311,12.28484],[109.15324,12.28657],[109.15386,12.28842],[109.15464,12.28909],[109.15582,12.28848],[109.15714,12.29003],[109.15903,12.28953],[109.16206,12.29174],[109.16344,12.29323],[109.16457,12.29284],[109.1708,12.29339],[109.17226,12.29321],[109.17422,12.29232],[109.17533,12.29231],[109.17618,12.2918],[109.17744,12.29025],[109.18004,12.29175],[109.18124,12.29283],[109.18298,12.2919],[109.18397,12.29162],[109.18462,12.29088],[109.18495,12.28916],[109.1859,12.28888],[109.18558,12.28774],[109.18458,12.28569],[109.1801,12.27774],[109.17838,12.27552],[109.1765,12.27338],[109.17574,12.27156],[109.17676,12.27173],[109.1778,12.27266],[109.17843,12.27272],[109.17959,12.27198],[109.18017,12.27249],[109.18185,12.27292],[109.18295,12.27363],[109.18389,12.2735],[109.18608,12.27247],[109.18808,12.27179],[109.18849,12.27095],[109.18857,12.26966],[109.18837,12.26733],[109.18914,12.26659],[109.19101,12.26651],[109.19287,12.26539],[109.19397,12.26418],[109.19485,12.26272],[109.19235,12.26288],[109.18975,12.26243],[109.18699,12.26021],[109.18937,12.25989],[109.19228,12.25885],[109.19535,12.25881],[109.19659,12.25929],[109.1975,12.26015],[109.19826,12.26193],[109.19913,12.26161],[109.19978,12.26354],[109.20042,12.26382],[109.20167,12.26526],[109.2035,12.26598],[109.20417,12.26582],[109.20583,12.26648],[109.20673,12.26774],[109.20697,12.27025],[109.20674,12.2717],[109.20616,12.27276],[109.20514,12.27222],[109.20432,12.27236],[109.20332,12.27371],[109.20265,12.27582],[109.20324,12.27887],[109.20297,12.28161],[109.20481,12.2861],[109.20675,12.29007],[109.20773,12.29106],[109.21066,12.29118],[109.2122,12.29188],[109.21501,12.29352],[109.21779,12.29479],[109.22022,12.29539],[109.22294,12.29452],[109.22465,12.29434],[109.22515,12.29495],[109.2261,12.29509],[109.22638,12.29443],[109.22751,12.29397],[109.22989,12.29355],[109.23222,12.29399],[109.23441,12.2946],[109.23555,12.29538],[109.23601,12.29446],[109.23676,12.29534],[109.23604,12.29602],[109.23509,12.29625],[109.23498,12.29693],[109.23561,12.29786],[109.23643,12.29766],[109.2365,12.29867],[109.23701,12.29935],[109.23826,12.29922],[109.2393,12.29983],[109.23888,12.30067],[109.23995,12.30151],[109.24118,12.30165],[109.24157,12.30282],[109.24148,12.30376],[109.24227,12.30462],[109.24109,12.30546],[109.23962,12.30705],[109.23826,12.3066],[109.23706,12.30724],[109.23667,12.30824],[109.23598,12.30828],[109.23547,12.30749],[109.23456,12.30781],[109.23423,12.30894],[109.23267,12.3104],[109.23205,12.31146],[109.22933,12.31236],[109.22799,12.31438],[109.22656,12.31551],[109.22575,12.3166],[109.22333,12.31738],[109.22249,12.31808],[109.22166,12.31978],[109.22144,12.32146],[109.22004,12.32218],[109.21921,12.322],[109.21744,12.32229],[109.21648,12.32375],[109.21501,12.32367],[109.21392,12.32435],[109.21327,12.32377],[109.21253,12.32389],[109.21082,12.32568],[109.21018,12.32788],[109.21016,12.32962],[109.20919,12.33088],[109.20926,12.33161],[109.20765,12.33244],[109.2061,12.33432],[109.20516,12.33381],[109.2041,12.33463],[109.20454,12.33558],[109.20385,12.33584],[109.2034,12.33482],[109.20197,12.33584],[109.20156,12.33694],[109.20138,12.33895],[109.20201,12.34142],[109.20377,12.34232],[109.20385,12.34325],[109.20257,12.34483],[109.20068,12.3457],[109.19881,12.34812],[109.19912,12.34953],[109.1998,12.35096],[109.19975,12.35162],[109.1986,12.35275],[109.19906,12.3554],[109.19815,12.35759],[109.1962,12.35898],[109.19569,12.36011],[109.19634,12.36273],[109.19705,12.36351],[109.19854,12.36602],[109.19865,12.36666],[109.19804,12.37024],[109.1973,12.37075],[109.19738,12.37277],[109.19692,12.37368],[109.19659,12.37754],[109.19685,12.37805]]]]},"properties":{"a01_tinh":"diaphanhanhchinhcaptinh_sn.133","a02_xa":"diaphanhanhchinhcapxa_2025.1118","a03_ten":"Phường Bắc Nha Trang","a04_tentinh":"Tỉnh Khánh Hòa","a05_truocsn":"Phường Vĩnh Hòa, Phường Vĩnh Hải, Phường Vĩnh Phước, Phường Vĩnh Thọ, Xã Vĩnh Lương, Xã Vĩnh Phương","a06_trungtamhc":"UBND phường Vĩnh Phước - số 422 đường 2 Tháng 4","a07_dt":"97","a08_ds":"128239","a09_dthoai":null,"a10_web":null,"ten":"Phường Bắc Nha Trang","ma":"22333","tentinh":"Tỉnh Khánh Hòa","truocsapnhap":"Phường Vĩnh Hòa, Phường Vĩnh Hải, Phường Vĩnh Phước, Phường Vĩnh Thọ, Xã Vĩnh Lương, Xã Vĩnh Phương","dientichkm2":null,"dansonguoi":null},"id":"diaphanhanhchinhcapxa_2025.1118"},
{"type":"Feature","geometry":{"type":"Polygon","coordinates":[[[108.99833,11.60964],[108.99407,11.61457],[108.99337,11.61505],[108.99287,11.61331],[108.99221,11.61394],[108.99145,11.61388],[108.99034,11.61501],[108.98874,11.61494],[108.98702,11.61624],[108.98503,11.61611],[108.9829,11.61645],[108.97848,11.62033],[108.97788,11.61923],[108.97619,11.61729],[108.97591,11.61661],[108.97498,11.61667],[108.97415,11.61739],[108.97328,11.61681],[108.972,11.61779],[108.96826,11.62224],[108.96697,11.62359],[108.96649,11.62289],[108.96421,11.62213],[108.9619,11.61998],[108.96205,11.61828],[108.96394,11.61609],[108.96182,11.61317],[108.96591,11.60924],[108.96599,11.60845],[108.96669,11.60781],[108.96679,11.60613],[108.96629,11.60535],[108.96625,11.60384],[108.9667,11.60092],[108.96709,11.6007],[108.96693,11.59914],[108.96608,11.59787],[108.96479,11.59787],[108.96362,11.59724],[108.9611,11.59749],[108.95786,11.59724],[108.95658,11.59627],[108.95548,11.59649],[108.95401,11.59586],[108.95323,11.59383],[108.95253,11.5932],[108.95025,11.59427],[108.94922,11.59456],[108.9481,11.592],[108.94638,11.59209],[108.94373,11.59332],[108.94226,11.59521],[108.94023,11.59631],[108.94155,11.59316],[108.94024,11.59269],[108.93848,11.59356],[108.9375,11.59372],[108.93679,11.59283],[108.93534,11.59172],[108.93391,11.59205],[108.93296,11.59378],[108.93069,11.59276],[108.92977,11.59162],[108.93134,11.59098],[108.93087,11.59],[108.93283,11.58976],[108.93376,11.5894],[108.93522,11.58757],[108.93531,11.58632],[108.93658,11.58549],[108.93605,11.5831],[108.93712,11.58246],[108.93861,11.58231],[108.94049,11.58149],[108.9418,11.58028],[108.94276,11.5798],[108.94482,11.58186],[108.94592,11.58327],[108.94697,11.58559],[108.94779,11.58646],[108.94941,11.5857],[108.94993,11.58904],[108.95315,11.58925],[108.95566,11.59013],[108.9563,11.59019],[108.96031,11.58906],[108.96246,11.58787],[108.96386,11.58661],[108.96477,11.58543],[108.96623,11.582],[108.96781,11.57738],[108.97042,11.57307],[108.9731,11.57115],[108.97688,11.56999],[108.9811,11.56906],[108.98347,11.57681],[108.98765,11.58771],[108.99475,11.5866],[108.99617,11.58624],[108.99602,11.58756],[108.99614,11.59074],[108.99495,11.59137],[108.99495,11.59193],[108.99602,11.59361],[108.9956,11.59416],[108.99626,11.59565],[108.99577,11.59676],[108.99466,11.59723],[108.99521,11.59967],[108.9959,11.60109],[108.99547,11.60216],[108.99748,11.60362],[108.99847,11.60396],[108.99883,11.60465],[109.0011,11.60401],[109.00324,11.60318],[109.00356,11.6037],[109.00197,11.60538],[108.99833,11.60964]]]},"properties":{"a01_tinh":"diaphanhanhchinhcaptinh_sn.133","a02_xa":"diaphanhanhchinhcapxa_2025.1142","a03_ten":"Phường Bảo An","a04_tentinh":"Tỉnh Khánh Hòa","a05_truocsn":"Phường Phước Mỹ, Phường Bảo An, Xã Thành Hải","a06_trungtamhc":"BQL đầu tư xây dựng và phát triển quỹ đất tỉnh Ninh Thuận","a07_dt":"18.5","a08_ds":"45995","a09_dthoai":null,"a10_web":null,"ten":"Phường Bảo An","ma":"22741","tentinh":"Tỉnh Khánh Hòa","truocsapnhap":"Phường Phước Mỹ, Phường Bảo An, Xã Thành Hải","dientichkm2":null,"dansonguoi":null},"id":"diaphanhanhchinhcapxa_2025.1142"},
{"type":"Feature","geometry":{"type":"Polygon","coordinates":[[[109.16077,11.91453],[109.15874,11.91705],[109.15688,11.91902],[109.15355,11.92279],[109.14985,11.91957],[109.15146,11.91824],[109.14943,11.91813],[109.14564,11.91737],[109.14213,11.91689],[109.1401,11.91588],[109.13707,11.91407],[109.13351,11.91266],[109.13439,11.91074],[109.13765,11.91101],[109.1404,11.90981],[109.14086,11.90898],[109.14148,11.90547],[109.14423,11.90248],[109.14391,11.90194],[109.14169,11.89982],[109.14152,11.89791],[109.14358,11.89769],[109.14359,11.89938],[109.1449,11.89923],[109.14498,11.89828],[109.14599,11.89803],[109.14619,11.89677],[109.14745,11.89563],[109.15011,11.89584],[109.15321,11.89722],[109.15444,11.89875],[109.1547,11.90041],[109.15548,11.90188],[109.15072,11.90456],[109.15229,11.90643],[109.15256,11.90714],[109.15491,11.90867],[109.15788,11.91021],[109.15867,11.91103],[109.15991,11.90952],[109.16061,11.90813],[109.16255,11.9059],[109.16419,11.90547],[109.16641,11.90666],[109.16713,11.909],[109.16623,11.91075],[109.16281,11.91205],[109.15996,11.91278],[109.15995,11.91353],[109.16077,11.91453]]]},"properties":{"a01_tinh":"diaphanhanhchinhcaptinh_sn.133","a02_xa":"diaphanhanhchinhcapxa_2025.3322","a03_ten":"Phường Cam Linh","a04_tentinh":"Tỉnh Khánh Hòa","a05_truocsn":"Phường Cam Thuận, Phường Cam Lợi, Phường Cam Linh","a06_trungtamhc":"UBND phường Cam Linh","a07_dt":"4.8","a08_ds":"33052","a09_dthoai":null,"a10_web":null,"ten":"Phường Cam Linh","ma":"22432","tentinh":"Tỉnh Khánh Hòa","truocsapnhap":"Phường Cam Thuận, Phường Cam Lợi, Phường Cam Linh","dientichkm2":null,"dansonguoi":null},"id":"diaphanhanhchinhcapxa_2025.3322"},
{"type":"Feature","geometry":{"type":"Polygon","coordinates":[[[109.18785,11.94918],[109.18404,11.95154],[109.1832,11.9515],[109.18134,11.95265],[109.18053,11.95283],[109.17873,11.95265],[109.17765,11.953],[109.17652,11.95453],[109.17546,11.95547],[109.17283,11.9552],[109.17085,11.95662],[109.17002,11.95656],[109.16793,11.95563],[109.16091,11.95157],[109.16034,11.95111],[109.15735,11.94966],[109.15607,11.9499],[109.15392,11.94865],[109.15195,11.94691],[109.15081,11.94765],[109.15072,11.94853],[109.14879,11.94957],[109.14658,11.94952],[109.14479,11.94751],[109.14485,11.94592],[109.14385,11.94453],[109.14272,11.94348],[109.14185,11.94097],[109.14095,11.93981],[109.14063,11.93844],[109.1396,11.93754],[109.13869,11.93592],[109.13777,11.9355],[109.13655,11.93581],[109.13507,11.93441],[109.13326,11.93462],[109.1304,11.93262],[109.13345,11.92596],[109.13485,11.92429],[109.13597,11.92383],[109.13851,11.921],[109.13807,11.91936],[109.1401,11.91588],[109.14213,11.91689],[109.14564,11.91737],[109.14943,11.91813],[109.15146,11.91824],[109.14985,11.91957],[109.15355,11.92279],[109.15688,11.91902],[109.15874,11.91705],[109.16077,11.91453],[109.16236,11.91771],[109.16351,11.91892],[109.16648,11.91563],[109.16768,11.91682],[109.16859,11.91828],[109.17179,11.9224],[109.17581,11.92674],[109.17681,11.92597],[109.18246,11.93223],[109.17932,11.9355],[109.1802,11.93672],[109.18153,11.93784],[109.1828,11.93856],[109.18554,11.93858],[109.18728,11.93908],[109.18776,11.93995],[109.18751,11.94117],[109.18651,11.94189],[109.18449,11.94287],[109.18376,11.94393],[109.18415,11.94475],[109.18645,11.9472],[109.18785,11.94918]]]},"properties":{"a01_tinh":"diaphanhanhchinhcaptinh_sn.133","a02_xa":"diaphanhanhchinhcapxa_2025.1122","a03_ten":"Phường Cam Ranh","a04_tentinh":"Tỉnh Khánh Hòa","a05_truocsn":"Phường Cam Phú, Phường Cam Lộc, Phường Cam Phúc Nam","a06_trungtamhc":"UBND TP Cam Ranh","a07_dt":"17.5","a08_ds":"31237","a09_dthoai":null,"a10_web":null,"ten":"Phường Cam Ranh","ma":"22420","tentinh":"Tỉnh Khánh Hòa","truocsapnhap":"Phường Cam Phú, Phường Cam Lộc, Phường Cam Phúc Nam","dientichkm2":null,"dansonguoi":null},"id":"diaphanhanhchinhcapxa_2025.1122"},
{"type":"Feature","geometry":{"type":"Polygon","coordinates":[[[108.96234,11.65798],[108.96118,11.6594],[108.95744,11.66326],[108.95505,11.66541],[108.95471,11.66605],[108.95177,11.66925],[108.95118,11.67033],[108.94891,11.67255],[108.94772,11.67422],[108.94639,11.67468],[108.92114,11.68233],[108.91959,11.68032],[108.91617,11.67628],[108.91486,11.67411],[108.91323,11.672],[108.90633,11.66871],[108.90588,11.66843],[108.90349,11.66585],[108.90169,11.66306],[108.90011,11.66215],[108.89847,11.66078],[108.89711,11.65874],[108.89506,11.65627],[108.89452,11.65508],[108.89311,11.65446],[108.89183,11.65437],[108.89165,11.6551],[108.88931,11.65338],[108.88844,11.65324],[108.88753,11.65148],[108.88524,11.64909],[108.883,11.64563],[108.88247,11.64517],[108.88078,11.64207],[108.87949,11.64101],[108.87783,11.63906],[108.87562,11.63725],[108.87351,11.63416],[108.87285,11.63279],[108.872,11.63167],[108.87063,11.63065],[108.86989,11.62918],[108.86968,11.62784],[108.87011,11.62644],[108.87095,11.6252],[108.87251,11.62479],[108.87412,11.62519],[108.87622,11.62711],[108.87717,11.62758],[108.87994,11.62825],[108.88173,11.62801],[108.88388,11.62655],[108.88727,11.62493],[108.88892,11.62355],[108.89531,11.61786],[108.89627,11.61737],[108.89851,11.61694],[108.89996,11.61705],[108.90375,11.61773],[108.90691,11.61678],[108.91095,11.61387],[108.91261,11.61175],[108.91378,11.61068],[108.91759,11.6107],[108.92041,11.61131],[108.92206,11.61118],[108.92358,11.61061],[108.92511,11.60887],[108.92668,11.60644],[108.92698,11.60549],[108.92871,11.60238],[108.93071,11.60119],[108.93261,11.60093],[108.93443,11.60103],[108.93598,11.60166],[108.93709,11.60269],[108.93808,11.60282],[108.93951,11.60221],[108.94079,11.60065],[108.94085,11.59985],[108.94038,11.59827],[108.94023,11.59631],[108.94226,11.59521],[108.94373,11.59332],[108.94638,11.59209],[108.9481,11.592],[108.94922,11.59456],[108.95025,11.59427],[108.95253,11.5932],[108.95323,11.59383],[108.95401,11.59586],[108.95548,11.59649],[108.95658,11.59627],[108.95786,11.59724],[108.9611,11.59749],[108.96362,11.59724],[108.96479,11.59787],[108.96608,11.59787],[108.96693,11.59914],[108.96709,11.6007],[108.9667,11.60092],[108.96625,11.60384],[108.96629,11.60535],[108.96679,11.60613],[108.96669,11.60781],[108.96599,11.60845],[108.96591,11.60924],[108.96182,11.61317],[108.96394,11.61609],[108.96205,11.61828],[108.9619,11.61998],[108.96122,11.61959],[108.95982,11.62135],[108.95735,11.62222],[108.95526,11.6236],[108.96051,11.6306],[108.96181,11.63199],[108.96302,11.63412],[108.96763,11.6401],[108.97261,11.64726],[108.97019,11.64983],[108.96731,11.65261],[108.96509,11.65512],[108.96234,11.65798]]]},"properties":{"a01_tinh":"diaphanhanhchinhcaptinh_sn.133","a02_xa":"diaphanhanhchinhcapxa_2025.1141","a03_ten":"Phường Đô Vinh","a04_tentinh":"Tỉnh Khánh Hòa","a05_truocsn":"Phường Đô Vinh, Xã Nhơn Sơn","a06_trungtamhc":"UBND phường Đô Vinh ","a07_dt":"62","a08_ds":"33207","a09_dthoai":null,"a10_web":null,"ten":"Phường Đô Vinh","ma":"22738","tentinh":"Tỉnh Khánh Hòa","truocsapnhap":"Phường Đô Vinh, Xã Nhơn Sơn","dientichkm2":null,"dansonguoi":null},"id":"diaphanhanhchinhcapxa_2025.1141"},
{"type":"Feature","geometry":{"type":"Polygon","coordinates":[[[109.02623,11.57519],[109.02371,11.57606],[109.01458,11.57828],[109.0085,11.57855],[109.00814,11.57953],[109.00733,11.58033],[109.0037,11.57878],[109.00092,11.57779],[109.00126,11.57472],[108.9981,11.57436],[108.99872,11.56926],[108.99825,11.56542],[109.00101,11.56512],[109.00083,11.56161],[109.00147,11.55996],[109.00121,11.55804],[109.00235,11.55763],[109.00373,11.55753],[109.00515,11.55663],[109.00663,11.55523],[109.0075,11.55525],[109.00715,11.55383],[109.00783,11.55276],[109.00647,11.55032],[109.0048,11.55045],[109.00441,11.54899],[109.00454,11.54809],[109.00391,11.54609],[109.0036,11.5436],[109.0032,11.54187],[109.00574,11.54146],[109.01008,11.54276],[109.01234,11.54327],[109.01766,11.54422],[109.01964,11.54442],[109.0219,11.54425],[109.02331,11.54363],[109.02505,11.54182],[109.02632,11.53894],[109.02647,11.53818],[109.02796,11.53634],[109.02896,11.53723],[109.02919,11.53897],[109.03035,11.54046],[109.03245,11.54646],[109.03358,11.54852],[109.03546,11.54964],[109.03619,11.55055],[109.03545,11.55105],[109.03438,11.55032],[109.03352,11.55022],[109.03242,11.55061],[109.03084,11.55172],[109.02956,11.55314],[109.02728,11.55653],[109.02636,11.55881],[109.02498,11.56285],[109.0246,11.56513],[109.02456,11.56706],[109.02507,11.57136],[109.02571,11.57392],[109.02623,11.57519]]]},"properties":{"a01_tinh":"diaphanhanhchinhcaptinh_sn.133","a02_xa":"diaphanhanhchinhcapxa_2025.1144","a03_ten":"Phường Đông Hải","a04_tentinh":"Tỉnh Khánh Hòa","a05_truocsn":"Phường Mỹ Bình, Phường Mỹ Đông, Phường Mỹ Hải, Phường Đông Hải","a06_trungtamhc":"Sở Nông nghiệp và Môi trường ","a07_dt":"11","a08_ds":"54615","a09_dthoai":null,"a10_web":null,"ten":"Phường Đông Hải","ma":"22780","tentinh":"Tỉnh Khánh Hòa","truocsapnhap":"Phường Mỹ Bình, Phường Mỹ Đông, Phường Mỹ Hải, Phường Đông Hải","dientichkm2":null,"dansonguoi":null},"id":"diaphanhanhchinhcapxa_2025.1144"},
{"type":"Feature","geometry":{"type":"MultiPolygon","coordinates":[[[[109.31675,12.33618],[109.31801,12.33658],[109.31776,12.33792],[109.31653,12.33825],[109.3157,12.33811],[109.31552,12.33686],[109.31675,12.33618]]],[[[109.37943,12.35646],[109.38001,12.35761],[109.37944,12.36004],[109.37745,12.363],[109.37616,12.36428],[109.37467,12.36479],[109.37401,12.36578],[109.3723,12.3695],[109.37139,12.36962],[109.36992,12.36849],[109.36842,12.36779],[109.36848,12.36647],[109.37093,12.3634],[109.37178,12.36254],[109.37336,12.36147],[109.37387,12.36071],[109.37456,12.3584],[109.37698,12.35749],[109.37883,12.35652],[109.37943,12.35646]]],[[[109.219,12.38337],[109.21883,12.38596],[109.21773,12.38758],[109.21716,12.38675],[109.21746,12.38509],[109.21859,12.38324],[109.219,12.38337]]],[[[109.23556,12.38141],[109.23824,12.38346],[109.23889,12.38466],[109.24009,12.38788],[109.23958,12.38979],[109.23744,12.39362],[109.23683,12.39425],[109.23326,12.39616],[109.23078,12.39867],[109.22972,12.39908],[109.22702,12.39769],[109.22666,12.39456],[109.22643,12.39382],[109.22402,12.39009],[109.22235,12.38835],[109.22229,12.38732],[109.22401,12.38547],[109.22529,12.38482],[109.23097,12.38345],[109.23307,12.38267],[109.23453,12.3814],[109.23556,12.38141]]],[[[109.22475,12.39857],[109.22495,12.39906],[109.22449,12.40086],[109.22381,12.40171],[109.221,12.40003],[109.22144,12.39924],[109.22475,12.39857]]],[[[109.20471,12.40082],[109.20399,12.40191],[109.20279,12.40227],[109.20205,12.40101],[109.20311,12.40031],[109.20372,12.40082],[109.20471,12.40082]]],[[[109.21888,12.40021],[109.21986,12.40134],[109.21915,12.40274],[109.21811,12.4037],[109.21615,12.40261],[109.21646,12.40191],[109.21888,12.40021]]],[[[109.37503,12.47518],[109.37597,12.47523],[109.37718,12.47638],[109.37662,12.47777],[109.37469,12.47801],[109.37373,12.47751],[109.37344,12.47641],[109.37441,12.47522],[109.37503,12.47518]]],[[[109.35149,12.48548],[109.3505,12.48606],[109.35007,12.48731],[109.34916,12.48874],[109.34795,12.48943],[109.34671,12.48925],[109.3463,12.4885],[109.34642,12.48599],[109.34677,12.48428],[109.34731,12.48377],[109.349,12.48383],[109.35156,12.48205],[109.35185,12.48143],[109.35194,12.47926],[109.35234,12.4784],[109.35324,12.47808],[109.3544,12.47851],[109.35723,12.48021],[109.35847,12.48016],[109.35967,12.47912],[109.36045,12.48017],[109.36055,12.48162],[109.36032,12.48266],[109.35858,12.48211],[109.35604,12.48343],[109.35497,12.48697],[109.35453,12.48693],[109.35268,12.48572],[109.35149,12.48548]]],[[[109.30268,12.48651],[109.30303,12.48895],[109.30551,12.4918],[109.31002,12.49513],[109.31364,12.49673],[109.31386,12.49791],[109.31295,12.49804],[109.31025,12.49744],[109.30609,12.49707],[109.30433,12.49644],[109.30096,12.49495],[109.29877,12.49431],[109.29518,12.49395],[109.29399,12.49333],[109.29263,12.49053],[109.29223,12.48896],[109.29244,12.4871],[109.29325,12.48604],[109.29435,12.48578],[109.29766,12.48616],[109.30065,12.48596],[109.30268,12.48651]]],[[[109.24405,12.40247],[109.24419,12.40176],[109.24519,12.40084],[109.24545,12.39925],[109.24512,12.39873],[109.24575,12.39748],[109.24556,12.3959],[109.24744,12.39359],[109.24858,12.39269],[109.24917,12.39128],[109.25054,12.39036],[109.25127,12.38941],[109.25232,12.38889],[109.25289,12.38814],[109.25416,12.38726],[109.25458,12.38597],[109.2574,12.38318],[109.25824,12.38201],[109.25859,12.38057],[109.25995,12.37915],[109.26268,12.37771],[109.26404,12.3763],[109.26454,12.37495],[109.26445,12.37346],[109.26409,12.3727],[109.26298,12.37173],[109.26032,12.37166],[109.25998,12.36978],[109.26084,12.36901],[109.26081,12.36618],[109.26124,12.36433],[109.26086,12.36245],[109.26235,12.36153],[109.26302,12.36202],[109.26452,12.36138],[109.26505,12.35982],[109.26496,12.35922],[109.26776,12.35796],[109.26872,12.35786],[109.27016,12.35846],[109.27209,12.3576],[109.27281,12.35675],[109.27352,12.35762],[109.27473,12.35743],[109.27513,12.35877],[109.27692,12.35868],[109.27805,12.35804],[109.27911,12.35637],[109.27901,12.35509],[109.27827,12.35374],[109.27899,12.3522],[109.27976,12.35226],[109.28136,12.35063],[109.28166,12.34961],[109.28277,12.34909],[109.28371,12.34934],[109.28406,12.34805],[109.2848,12.34764],[109.28578,12.34789],[109.28813,12.34679],[109.2917,12.34645],[109.2927,12.34587],[109.29418,12.34669],[109.29677,12.35227],[109.29906,12.3527],[109.29989,12.3533],[109.30066,12.35485],[109.30024,12.35647],[109.29952,12.35661],[109.29943,12.35859],[109.29966,12.35963],[109.29932,12.36046],[109.29915,12.36309],[109.29978,12.3657],[109.30064,12.36625],[109.30126,12.36741],[109.30158,12.37337],[109.30184,12.37492],[109.30142,12.37532],[109.30215,12.37696],[109.30188,12.37963],[109.30229,12.38091],[109.30428,12.38349],[109.3065,12.38537],[109.30724,12.38487],[109.3079,12.3858],[109.30784,12.38814],[109.3088,12.3889],[109.31005,12.38946],[109.31168,12.38935],[109.3123,12.38886],[109.31425,12.38809],[109.31522,12.38701],[109.3149,12.3857],[109.31533,12.38486],[109.31632,12.38492],[109.31818,12.38454],[109.31918,12.38339],[109.31976,12.38195],[109.31929,12.3806],[109.31939,12.37942],[109.31993,12.37786],[109.32119,12.37645],[109.3226,12.37587],[109.32292,12.37533],[109.3246,12.37538],[109.32575,12.37348],[109.32773,12.37297],[109.32863,12.37364],[109.32895,12.37565],[109.3296,12.37699],[109.33047,12.37806],[109.32763,12.38015],[109.3269,12.38182],[109.32677,12.38352],[109.32543,12.38435],[109.32608,12.38538],[109.32801,12.3873],[109.33116,12.38878],[109.33409,12.38832],[109.33483,12.38844],[109.33694,12.3879],[109.33758,12.38855],[109.33782,12.39073],[109.33899,12.39119],[109.33957,12.39385],[109.34019,12.39493],[109.34118,12.39571],[109.34187,12.39676],[109.34171,12.39748],[109.34203,12.39918],[109.34139,12.40151],[109.34048,12.40279],[109.34052,12.40382],[109.33975,12.4039],[109.33838,12.40655],[109.33676,12.40863],[109.33607,12.40844],[109.33534,12.40733],[109.33433,12.40706],[109.33323,12.40632],[109.33201,12.40656],[109.33155,12.40719],[109.33062,12.40664],[109.3288,12.40773],[109.32796,12.40883],[109.3268,12.4098],[109.32581,12.41133],[109.32557,12.41333],[109.32423,12.41374],[109.3221,12.41531],[109.32237,12.41675],[109.32141,12.41694],[109.31958,12.41825],[109.31804,12.41775],[109.31678,12.41791],[109.31573,12.41743],[109.31476,12.41776],[109.3115,12.41641],[109.31084,12.41578],[109.30879,12.4163],[109.30747,12.41615],[109.30451,12.41762],[109.30378,12.41813],[109.30253,12.41831],[109.30181,12.41983],[109.30089,12.42025],[109.30013,12.42192],[109.29993,12.42369],[109.29865,12.42489],[109.29769,12.42481],[109.29573,12.42266],[109.29419,12.42269],[109.29315,12.42324],[109.29099,12.42617],[109.2903,12.42656],[109.28855,12.43037],[109.28732,12.4344],[109.28671,12.43757],[109.28543,12.44163],[109.28534,12.44372],[109.2856,12.44483],[109.28763,12.44728],[109.28827,12.44837],[109.28932,12.44811],[109.28988,12.44931],[109.29001,12.45355],[109.28928,12.45348],[109.28868,12.45414],[109.28775,12.4559],[109.28933,12.45726],[109.2892,12.4577],[109.29012,12.45955],[109.29163,12.4603],[109.29281,12.46161],[109.29341,12.46392],[109.29436,12.4666],[109.29429,12.46734],[109.29326,12.46822],[109.29276,12.46994],[109.29396,12.47132],[109.29514,12.47215],[109.29613,12.47195],[109.2971,12.47299],[109.29584,12.47427],[109.29557,12.47534],[109.29597,12.47604],[109.29551,12.47792],[109.29431,12.47867],[109.29485,12.47973],[109.29367,12.47963],[109.29288,12.48053],[109.29243,12.47999],[109.29151,12.48043],[109.28998,12.4822],[109.2902,12.48401],[109.2885,12.48413],[109.28722,12.48509],[109.28765,12.48649],[109.28558,12.48834],[109.28459,12.48899],[109.28124,12.48978],[109.27735,12.48595],[109.27708,12.48592],[109.2742,12.48785],[109.27127,12.49044],[109.26895,12.49331],[109.2681,12.49402],[109.26523,12.49559],[109.26437,12.49661],[109.26301,12.4971],[109.26345,12.49817],[109.26214,12.49917],[109.26204,12.50001],[109.261,12.50014],[109.25776,12.50326],[109.25666,12.50221],[109.25465,12.50467],[109.25393,12.50472],[109.25351,12.5056],[109.24915,12.50765],[109.24782,12.50816],[109.24506,12.50853],[109.24439,12.50709],[109.24326,12.50711],[109.23989,12.50821],[109.23903,12.50927],[109.23856,12.5109],[109.23827,12.51296],[109.23741,12.51595],[109.2372,12.51785],[109.23771,12.51983],[109.23755,12.52076],[109.23684,12.52145],[109.23509,12.52221],[109.23406,12.52342],[109.23298,12.526],[109.23233,12.52975],[109.23162,12.53137],[109.23038,12.5355],[109.23028,12.538],[109.23039,12.5455],[109.23063,12.54924],[109.23103,12.55294],[109.2323,12.56167],[109.23364,12.56589],[109.23582,12.57154],[109.23646,12.57293],[109.23737,12.57419],[109.2392,12.57525],[109.24111,12.57558],[109.24135,12.57508],[109.24473,12.57413],[109.24376,12.57509],[109.2434,12.57592],[109.24373,12.578],[109.24532,12.57988],[109.2455,12.5808],[109.24436,12.58223],[109.24405,12.585],[109.24356,12.58605],[109.24244,12.5862],[109.24163,12.587],[109.23994,12.5878],[109.23781,12.58803],[109.23664,12.58861],[109.23496,12.58855],[109.23494,12.58712],[109.2339,12.58763],[109.23401,12.58888],[109.23374,12.58992],[109.23314,12.59027],[109.23367,12.59167],[109.23378,12.59342],[109.23234,12.59353],[109.2301,12.59254],[109.22869,12.59038],[109.22582,12.58897],[109.22321,12.58643],[109.22161,12.58372],[109.22032,12.581],[109.21996,12.57941],[109.22049,12.57703],[109.21961,12.57639],[109.21831,12.57622],[109.21625,12.57628],[109.21528,12.57509],[109.21402,12.57225],[109.21355,12.57226],[109.21165,12.56995],[109.21137,12.56886],[109.21057,12.56944],[109.20982,12.56877],[109.20962,12.56667],[109.20985,12.56275],[109.21114,12.56069],[109.21171,12.55747],[109.21246,12.55494],[109.20923,12.55571],[109.20325,12.55566],[109.20189,12.55475],[109.20166,12.55278],[109.20192,12.55187],[109.20171,12.55016],[109.20006,12.54995],[109.19869,12.55076],[109.19478,12.54949],[109.19352,12.54897],[109.19265,12.5474],[109.19258,12.54569],[109.19281,12.54459],[109.19284,12.54206],[109.19321,12.54152],[109.19471,12.54083],[109.19513,12.53609],[109.19404,12.53574],[109.19425,12.53448],[109.19418,12.53156],[109.19276,12.53145],[109.19307,12.52989],[109.19381,12.52767],[109.20023,12.52428],[109.2009,12.52195],[109.19983,12.52044],[109.1975,12.51956],[109.19731,12.51618],[109.19789,12.51506],[109.19771,12.51389],[109.19823,12.51254],[109.19851,12.50769],[109.19915,12.5049],[109.20121,12.5005],[109.20214,12.49761],[109.20095,12.49586],[109.19955,12.49289],[109.19814,12.49153],[109.19784,12.48976],[109.20102,12.48886],[109.20299,12.48892],[109.20394,12.48852],[109.20433,12.48748],[109.20538,12.48666],[109.20725,12.48614],[109.20808,12.48619],[109.20908,12.4871],[109.23472,12.47481],[109.23618,12.4738],[109.23905,12.47274],[109.2401,12.47391],[109.24138,12.47441],[109.24386,12.47396],[109.2447,12.474],[109.24554,12.47309],[109.24625,12.47306],[109.24691,12.47378],[109.24889,12.47326],[109.24961,12.47352],[109.25285,12.47371],[109.25509,12.47326],[109.25649,12.47258],[109.25842,12.47104],[109.25935,12.46816],[109.25933,12.46656],[109.25901,12.46562],[109.25822,12.46472],[109.25799,12.46152],[109.25868,12.45918],[109.25795,12.45884],[109.25641,12.45665],[109.25438,12.45475],[109.25267,12.45231],[109.25327,12.45094],[109.25344,12.44978],[109.25281,12.44887],[109.25304,12.44571],[109.25389,12.44474],[109.25466,12.44326],[109.25635,12.44225],[109.25716,12.44216],[109.25808,12.4413],[109.25892,12.44101],[109.26073,12.44238],[109.26161,12.44234],[109.26253,12.44066],[109.26283,12.43629],[109.26393,12.43434],[109.26326,12.43162],[109.25898,12.42781],[109.25717,12.42775],[109.25567,12.42859],[109.25425,12.42852],[109.25269,12.42913],[109.252,12.42499],[109.25482,12.42208],[109.25515,12.42094],[109.25474,12.41851],[109.25491,12.41641],[109.25463,12.41518],[109.25477,12.41374],[109.25289,12.41302],[109.25026,12.41141],[109.24981,12.40947],[109.24785,12.40751],[109.24725,12.40612],[109.24555,12.40394],[109.24546,12.40298],[109.24405,12.40247]]]]},"properties":{"a01_tinh":"diaphanhanhchinhcaptinh_sn.133","a02_xa":"diaphanhanhchinhcapxa_2025.1113","a03_ten":"Phường Đông Ninh Hòa","a04_tentinh":"Tỉnh Khánh Hòa","a05_truocsn":"Phường Ninh Diêm, Phường Ninh Hải, Phường Ninh Thủy, Xã Ninh Phước","a06_trungtamhc":"UBND phường Ninh Diêm","a07_dt":"134.2","a08_ds":"43484","a09_dthoai":null,"a10_web":null,"ten":"Phường Đông Ninh Hòa","ma":"22561","tentinh":"Tỉnh Khánh Hòa","truocsapnhap":"Phường Ninh Diêm, Phường Ninh Hải, Phường Ninh Thủy, Xã Ninh Phước","dientichkm2":null,"dansonguoi":null},"id":"diaphanhanhchinhcapxa_2025.1113"},
{"type":"Feature","geometry":{"type":"Polygon","coordinates":[[[109.19784,12.48976],[109.19031,12.48819],[109.18967,12.48765],[109.18802,12.48721],[109.187,12.48772],[109.1859,12.48764],[109.18475,12.48697],[109.18411,12.48767],[109.18204,12.48895],[109.18067,12.48943],[109.17631,12.48942],[109.17469,12.48859],[109.17219,12.48887],[109.16969,12.48843],[109.16773,12.48767],[109.16683,12.48791],[109.16208,12.49056],[109.159,12.49096],[109.15788,12.49174],[109.15753,12.4924],[109.15583,12.49278],[109.15556,12.49158],[109.15321,12.49113],[109.1527,12.4895],[109.15192,12.49003],[109.14348,12.49263],[109.14323,12.49074],[109.14209,12.4881],[109.13973,12.48739],[109.13861,12.48753],[109.1374,12.48851],[109.13427,12.48587],[109.13357,12.48482],[109.12847,12.47604],[109.12613,12.47221],[109.12754,12.47127],[109.12871,12.47165],[109.12926,12.47101],[109.12925,12.46904],[109.12679,12.46922],[109.12588,12.46996],[109.1244,12.46812],[109.12341,12.46772],[109.12301,12.46622],[109.12363,12.46457],[109.12305,12.4627],[109.12356,12.46074],[109.12316,12.4573],[109.1236,12.45691],[109.12488,12.45416],[109.12546,12.4538],[109.12902,12.45284],[109.12833,12.45067],[109.1288,12.45012],[109.12962,12.44672],[109.13107,12.44884],[109.13266,12.45039],[109.13407,12.45076],[109.13574,12.45157],[109.13686,12.44985],[109.13815,12.45003],[109.14236,12.44694],[109.14563,12.44426],[109.14707,12.44372],[109.15052,12.44379],[109.15117,12.44418],[109.15341,12.44369],[109.15515,12.44263],[109.1557,12.44091],[109.15649,12.43976],[109.1575,12.43893],[109.15892,12.43659],[109.16033,12.43594],[109.16196,12.4365],[109.16312,12.43769],[109.16543,12.43729],[109.16615,12.43881],[109.16648,12.4413],[109.1696,12.44267],[109.17076,12.44346],[109.17104,12.4443],[109.17072,12.44548],[109.16967,12.44657],[109.17069,12.44745],[109.17198,12.44702],[109.17261,12.4479],[109.17368,12.44851],[109.17474,12.45223],[109.17564,12.45143],[109.17684,12.45292],[109.17622,12.4545],[109.17633,12.45614],[109.17667,12.45671],[109.188,12.44735],[109.18887,12.44834],[109.18955,12.44856],[109.19158,12.44714],[109.19338,12.44388],[109.19457,12.44323],[109.19503,12.44248],[109.19457,12.4419],[109.19817,12.43948],[109.19936,12.43894],[109.19982,12.43982],[109.20515,12.43813],[109.20602,12.43834],[109.20717,12.43807],[109.20869,12.43566],[109.20957,12.43545],[109.21048,12.43433],[109.21083,12.43325],[109.21189,12.43251],[109.21402,12.43207],[109.21477,12.43063],[109.2148,12.42966],[109.21799,12.42674],[109.21858,12.42551],[109.22032,12.42492],[109.22109,12.425],[109.22213,12.4238],[109.22306,12.42316],[109.22348,12.4213],[109.22471,12.42135],[109.22592,12.41999],[109.22544,12.41712],[109.22554,12.41634],[109.22655,12.41572],[109.22791,12.4159],[109.22858,12.41494],[109.22892,12.41356],[109.23013,12.41327],[109.2311,12.41195],[109.23269,12.41249],[109.23546,12.41199],[109.23699,12.40985],[109.23828,12.40723],[109.23783,12.40505],[109.23918,12.40504],[109.24052,12.40537],[109.24266,12.40528],[109.24345,12.40474],[109.24405,12.40247],[109.24546,12.40298],[109.24555,12.40394],[109.24725,12.40612],[109.24785,12.40751],[109.24981,12.40947],[109.25026,12.41141],[109.25289,12.41302],[109.25477,12.41374],[109.25463,12.41518],[109.25491,12.41641],[109.25474,12.41851],[109.25515,12.42094],[109.25482,12.42208],[109.252,12.42499],[109.25269,12.42913],[109.25425,12.42852],[109.25567,12.42859],[109.25717,12.42775],[109.25898,12.42781],[109.26326,12.43162],[109.26393,12.43434],[109.26283,12.43629],[109.26253,12.44066],[109.26161,12.44234],[109.26073,12.44238],[109.25892,12.44101],[109.25808,12.4413],[109.25716,12.44216],[109.25635,12.44225],[109.25466,12.44326],[109.25389,12.44474],[109.25304,12.44571],[109.25281,12.44887],[109.25344,12.44978],[109.25327,12.45094],[109.25267,12.45231],[109.25438,12.45475],[109.25641,12.45665],[109.25795,12.45884],[109.25868,12.45918],[109.25799,12.46152],[109.25822,12.46472],[109.25901,12.46562],[109.25933,12.46656],[109.25935,12.46816],[109.25842,12.47104],[109.25649,12.47258],[109.25509,12.47326],[109.25285,12.47371],[109.24961,12.47352],[109.24889,12.47326],[109.24691,12.47378],[109.24625,12.47306],[109.24554,12.47309],[109.2447,12.474],[109.24386,12.47396],[109.24138,12.47441],[109.2401,12.47391],[109.23905,12.47274],[109.23618,12.4738],[109.23472,12.47481],[109.20908,12.4871],[109.20808,12.48619],[109.20725,12.48614],[109.20538,12.48666],[109.20433,12.48748],[109.20394,12.48852],[109.20299,12.48892],[109.20102,12.48886],[109.19784,12.48976]]]},"properties":{"a01_tinh":"diaphanhanhchinhcaptinh_sn.133","a02_xa":"diaphanhanhchinhcapxa_2025.1128","a03_ten":"Phường Hòa Thắng","a04_tentinh":"Tỉnh Khánh Hòa","a05_truocsn":"Phường Ninh Giang, Phường Ninh Hà, Xã Ninh Phú","a06_trungtamhc":"UBND phường Ninh Giang","a07_dt":"78.6","a08_ds":"26822","a09_dthoai":null,"a10_web":null,"ten":"Phường Hòa Thắng","ma":"22591","tentinh":"Tỉnh Khánh Hòa","truocsapnhap":"Phường Ninh Giang, Phường Ninh Hà, Xã Ninh Phú","dientichkm2":null,"dansonguoi":null},"id":"diaphanhanhchinhcapxa_2025.1128"},
{"type":"Feature","geometry":{"type":"Polygon","coordinates":[[[109.18169,12.24907],[109.17342,12.25172],[109.17207,12.25024],[109.173,12.24935],[109.17185,12.24853],[109.1719,12.24755],[109.16733,12.24921],[109.16352,12.25012],[109.16105,12.2509],[109.16083,12.25134],[109.15931,12.25124],[109.15797,12.25365],[109.1564,12.2541],[109.15558,12.25254],[109.15653,12.25131],[109.15666,12.25032],[109.15603,12.24855],[109.15593,12.2475],[109.15431,12.24518],[109.15241,12.2439],[109.15198,12.23968],[109.15149,12.23874],[109.14997,12.23807],[109.14868,12.23617],[109.14791,12.23595],[109.14705,12.23669],[109.14525,12.23619],[109.14354,12.23374],[109.14195,12.23211],[109.14114,12.23081],[109.13914,12.22932],[109.13841,12.22841],[109.13639,12.2273],[109.13501,12.22719],[109.13463,12.22652],[109.13234,12.22594],[109.13006,12.22727],[109.12916,12.22632],[109.1271,12.22548],[109.12539,12.22352],[109.12477,12.22247],[109.12244,12.2204],[109.12188,12.21937],[109.12208,12.21828],[109.12222,12.21531],[109.11724,12.21313],[109.11789,12.21095],[109.11779,12.2094],[109.11681,12.20838],[109.11476,12.20407],[109.11467,12.20294],[109.11575,12.20068],[109.11691,12.19939],[109.1187,12.19776],[109.12,12.19585],[109.12019,12.19494],[109.11982,12.194],[109.12022,12.19321],[109.12049,12.1914],[109.12201,12.18758],[109.12312,12.18733],[109.12419,12.18666],[109.12541,12.18649],[109.1264,12.18525],[109.12882,12.18394],[109.13135,12.18304],[109.13259,12.18326],[109.13371,12.18259],[109.13406,12.18002],[109.1335,12.17768],[109.13499,12.17656],[109.1355,12.17544],[109.13707,12.17413],[109.13828,12.17385],[109.13939,12.17075],[109.14102,12.16768],[109.14127,12.16651],[109.14206,12.16629],[109.14272,12.16461],[109.14478,12.16157],[109.14621,12.16089],[109.14689,12.16103],[109.1489,12.16068],[109.14935,12.15943],[109.15043,12.15826],[109.15141,12.15537],[109.15297,12.15449],[109.15501,12.15414],[109.15627,12.1537],[109.1583,12.15406],[109.15957,12.15532],[109.16033,12.15342],[109.16019,12.15279],[109.16072,12.15024],[109.16354,12.14949],[109.16514,12.14794],[109.16669,12.14915],[109.16804,12.14928],[109.16924,12.15007],[109.17052,12.14893],[109.17304,12.14889],[109.17725,12.14837],[109.17832,12.1472],[109.17988,12.14671],[109.18176,12.14566],[109.18428,12.14554],[109.18583,12.14612],[109.18661,12.14607],[109.18785,12.14726],[109.18789,12.14851],[109.18915,12.15038],[109.19003,12.15063],[109.19071,12.1491],[109.19154,12.1479],[109.19423,12.14812],[109.19541,12.14667],[109.198,12.14535],[109.20147,12.14566],[109.20263,12.14641],[109.2049,12.14623],[109.20714,12.14628],[109.20791,12.1468],[109.20993,12.14701],[109.21103,12.14684],[109.21257,12.14699],[109.2159,12.14639],[109.21692,12.14495],[109.21811,12.14402],[109.21912,12.14282],[109.22134,12.14274],[109.22198,12.14185],[109.22358,12.14084],[109.2236,12.14194],[109.22312,12.14297],[109.22276,12.14471],[109.2232,12.14888],[109.22259,12.1504],[109.22216,12.15257],[109.22121,12.15383],[109.21892,12.15572],[109.21751,12.15638],[109.21464,12.15711],[109.21217,12.15865],[109.21061,12.15913],[109.20922,12.1586],[109.20661,12.16101],[109.20272,12.16266],[109.20095,12.16388],[109.20217,12.16528],[109.20098,12.16588],[109.1988,12.16559],[109.19798,12.16646],[109.19803,12.16779],[109.19869,12.16791],[109.20035,12.16754],[109.20085,12.17016],[109.19792,12.17038],[109.19946,12.17161],[109.20062,12.17119],[109.20133,12.17289],[109.203,12.17284],[109.20369,12.17169],[109.20509,12.1714],[109.20559,12.17285],[109.20526,12.17391],[109.20562,12.17474],[109.20707,12.17486],[109.2077,12.17555],[109.20795,12.17719],[109.20887,12.17874],[109.2086,12.17961],[109.20896,12.18036],[109.20847,12.18146],[109.20864,12.18296],[109.20949,12.1844],[109.20876,12.18633],[109.20813,12.1873],[109.20715,12.18811],[109.20571,12.18973],[109.20482,12.1903],[109.2085,12.19422],[109.21017,12.19425],[109.21114,12.19466],[109.21186,12.19392],[109.21588,12.19768],[109.21572,12.19881],[109.21509,12.19954],[109.21511,12.20152],[109.21327,12.20258],[109.21145,12.20404],[109.2087,12.20436],[109.20791,12.20617],[109.20635,12.20736],[109.20696,12.20834],[109.20638,12.20867],[109.20527,12.21127],[109.20121,12.21006],[109.19647,12.21442],[109.19614,12.21523],[109.19694,12.2162],[109.19827,12.21676],[109.19677,12.21907],[109.19546,12.21928],[109.19344,12.22066],[109.19217,12.22131],[109.19094,12.22243],[109.19159,12.22366],[109.1886,12.22532],[109.18852,12.22624],[109.19075,12.22645],[109.18894,12.22759],[109.18819,12.22866],[109.18887,12.2294],[109.18471,12.23168],[109.18453,12.22968],[109.18261,12.2296],[109.18159,12.2336],[109.18108,12.23633],[109.18127,12.23758],[109.18249,12.24233],[109.1818,12.24601],[109.18169,12.24907]]]},"properties":{"a01_tinh":"diaphanhanhchinhcaptinh_sn.133","a02_xa":"diaphanhanhchinhcapxa_2025.1120","a03_ten":"Phường Nam Nha Trang","a04_tentinh":"Tỉnh Khánh Hòa","a05_truocsn":"Phường Phước Hải, Phường Phước Long, Phường Vĩnh Trường, Xã Vĩnh Thái, Xã Phước Đồng","a06_trungtamhc":"UBND xã Vĩnh Thái - KĐT Mỹ Gia, thôn Thủy Tú","a07_dt":"82.2","a08_ds":"130164","a09_dthoai":null,"a10_web":null,"ten":"Phường Nam Nha Trang","ma":"22402","tentinh":"Tỉnh Khánh Hòa","truocsapnhap":"Phường Phước Hải, Phường Phước Long, Phường Vĩnh Trường, Xã Vĩnh Thái, Xã Phước Đồng","dientichkm2":null,"dansonguoi":null},"id":"diaphanhanhchinhcapxa_2025.1120"},
{"type":"Feature","geometry":{"type":"MultiPolygon","coordinates":[[[[109.3141,12.16989],[109.31446,12.17097],[109.31377,12.17167],[109.313,12.17167],[109.31248,12.17088],[109.3129,12.17005],[109.3141,12.16989]]],[[[109.30862,12.16885],[109.30687,12.16984],[109.30541,12.17126],[109.30315,12.17192],[109.298,12.17104],[109.29718,12.17054],[109.29675,12.16962],[109.29687,12.16681],[109.2975,12.16596],[109.29926,12.16446],[109.3012,12.16352],[109.30336,12.16356],[109.30555,12.16415],[109.30751,12.16561],[109.30988,12.16562],[109.31104,12.16491],[109.31206,12.1633],[109.31308,12.16216],[109.31393,12.16225],[109.31511,12.16368],[109.31607,12.16382],[109.31686,12.16335],[109.31723,12.16474],[109.31648,12.16553],[109.31423,12.16622],[109.31283,12.16685],[109.31226,12.16764],[109.31207,12.16893],[109.31066,12.16956],[109.30862,12.16885]]],[[[109.2457,12.17927],[109.24462,12.18008],[109.2421,12.17985],[109.24051,12.17918],[109.23629,12.17929],[109.23482,12.17814],[109.23476,12.17699],[109.23593,12.17603],[109.23825,12.17521],[109.24202,12.17292],[109.24472,12.17209],[109.24581,12.17265],[109.24668,12.17268],[109.24903,12.17082],[109.24963,12.16985],[109.25064,12.1693],[109.25195,12.17017],[109.25151,12.17147],[109.25002,12.17346],[109.24934,12.17675],[109.24879,12.1773],[109.2457,12.17927]]],[[[109.27739,12.18012],[109.2767,12.18131],[109.27549,12.18193],[109.27553,12.18026],[109.27438,12.18014],[109.27213,12.18171],[109.27185,12.18162],[109.2711,12.17913],[109.27065,12.17548],[109.27119,12.17495],[109.27259,12.17496],[109.27509,12.17337],[109.27721,12.17525],[109.27798,12.17632],[109.27722,12.17748],[109.27697,12.17939],[109.27739,12.18012]]],[[[109.22454,12.19623],[109.2235,12.1975],[109.22218,12.19659],[109.22237,12.19464],[109.22188,12.19391],[109.22041,12.19342],[109.21898,12.1911],[109.21851,12.18887],[109.22092,12.18902],[109.22214,12.18841],[109.22305,12.18696],[109.22371,12.18328],[109.22534,12.18234],[109.22587,12.18234],[109.22562,12.1844],[109.22614,12.18682],[109.2274,12.18826],[109.23054,12.19037],[109.23141,12.19191],[109.23267,12.19354],[109.23415,12.19397],[109.23386,12.19495],[109.23216,12.19579],[109.23076,12.19464],[109.22919,12.19434],[109.22798,12.19448],[109.22725,12.19522],[109.22717,12.19659],[109.22667,12.19672],[109.22516,12.19605],[109.22454,12.19623]]],[[[109.27,12.23203],[109.26921,12.23254],[109.26793,12.23415],[109.26695,12.23619],[109.26609,12.23648],[109.26427,12.23542],[109.26374,12.23185],[109.26311,12.23074],[109.26126,12.22872],[109.26101,12.22692],[109.26162,12.22546],[109.2619,12.22179],[109.26176,12.2204],[109.26117,12.21959],[109.25946,12.21855],[109.25801,12.21818],[109.25596,12.21846],[109.25487,12.21937],[109.25295,12.22271],[109.25217,12.22472],[109.25109,12.22473],[109.25008,12.2242],[109.24897,12.22251],[109.24778,12.22234],[109.2466,12.2227],[109.24512,12.22366],[109.24485,12.22432],[109.24455,12.23074],[109.24351,12.23084],[109.24228,12.22971],[109.24122,12.22998],[109.23929,12.23208],[109.23839,12.23253],[109.23574,12.23251],[109.23411,12.23177],[109.23345,12.23085],[109.23185,12.22996],[109.23114,12.22929],[109.23074,12.22782],[109.23114,12.22489],[109.23174,12.22453],[109.2365,12.22471],[109.23803,12.22446],[109.23919,12.22366],[109.23991,12.22253],[109.24011,12.2214],[109.24001,12.21898],[109.23827,12.21618],[109.23862,12.21428],[109.2393,12.21366],[109.24083,12.2133],[109.24318,12.21039],[109.24462,12.20937],[109.24723,12.20909],[109.24872,12.2087],[109.24984,12.20793],[109.2512,12.20578],[109.25543,12.2024],[109.25795,12.19984],[109.25939,12.19891],[109.26125,12.19852],[109.26434,12.19758],[109.26831,12.19663],[109.26967,12.19609],[109.27188,12.1944],[109.27286,12.1929],[109.27365,12.19049],[109.27285,12.18932],[109.273,12.18851],[109.27428,12.18674],[109.27675,12.18468],[109.28359,12.18106],[109.28544,12.18055],[109.2874,12.18135],[109.28903,12.18134],[109.29137,12.18023],[109.29172,12.18118],[109.29139,12.18225],[109.29211,12.183],[109.2936,12.18328],[109.29456,12.18479],[109.29417,12.18605],[109.29242,12.18702],[109.28965,12.18901],[109.28931,12.19011],[109.28926,12.19172],[109.28976,12.19481],[109.29093,12.19633],[109.29531,12.20046],[109.29901,12.20317],[109.30084,12.20466],[109.30196,12.20445],[109.30365,12.20186],[109.3037,12.20057],[109.30288,12.19994],[109.30024,12.1989],[109.29824,12.19706],[109.29754,12.19584],[109.29748,12.19471],[109.29786,12.19295],[109.29958,12.19223],[109.30312,12.19265],[109.30543,12.19263],[109.30675,12.19209],[109.30971,12.19018],[109.31069,12.19015],[109.31354,12.19078],[109.31552,12.1914],[109.3191,12.19362],[109.3212,12.194],[109.32337,12.19403],[109.32413,12.19309],[109.32392,12.19174],[109.32205,12.192],[109.32067,12.19151],[109.3192,12.19045],[109.31826,12.18915],[109.31727,12.18869],[109.31601,12.1887],[109.31557,12.18815],[109.31575,12.18701],[109.31702,12.18588],[109.32307,12.18474],[109.32399,12.18482],[109.32559,12.1856],[109.32621,12.18634],[109.32633,12.18756],[109.32562,12.18899],[109.32569,12.18991],[109.32666,12.19115],[109.3282,12.19139],[109.32988,12.19114],[109.3316,12.19258],[109.33305,12.19327],[109.33507,12.19349],[109.33594,12.19456],[109.33543,12.19578],[109.33424,12.19775],[109.33303,12.19907],[109.33142,12.20034],[109.33024,12.20072],[109.32797,12.20041],[109.32782,12.20093],[109.32847,12.20223],[109.32897,12.20396],[109.32859,12.20637],[109.32773,12.20798],[109.32769,12.20942],[109.32859,12.21018],[109.3306,12.21082],[109.33116,12.2121],[109.33155,12.2172],[109.33126,12.21902],[109.32979,12.22081],[109.32815,12.22184],[109.32687,12.22179],[109.32512,12.22022],[109.3229,12.22003],[109.32121,12.22094],[109.32021,12.22197],[109.31932,12.22437],[109.31861,12.22575],[109.31773,12.22654],[109.31679,12.22677],[109.31551,12.22653],[109.31475,12.22595],[109.31345,12.22027],[109.31229,12.21558],[109.31153,12.21438],[109.31021,12.21361],[109.30859,12.21305],[109.30657,12.21296],[109.30485,12.21431],[109.30466,12.21561],[109.30371,12.2194],[109.30183,12.22099],[109.29995,12.22148],[109.29879,12.22243],[109.29801,12.22367],[109.29784,12.22521],[109.29837,12.22683],[109.29822,12.22889],[109.2974,12.22992],[109.29558,12.23083],[109.29418,12.23082],[109.28847,12.22969],[109.28583,12.22876],[109.28456,12.22809],[109.28318,12.22772],[109.28035,12.22726],[109.2764,12.22724],[109.27446,12.22781],[109.27359,12.22905],[109.27283,12.23161],[109.27246,12.23187],[109.27,12.23203]]],[[[109.21511,12.20152],[109.21605,12.20353],[109.21604,12.20448],[109.21683,12.20569],[109.21683,12.20708],[109.21551,12.2072],[109.21616,12.20828],[109.21595,12.20909],[109.21659,12.20962],[109.21775,12.2098],[109.21674,12.21136],[109.21489,12.21168],[109.21196,12.21378],[109.20794,12.21747],[109.20628,12.21933],[109.20329,12.22345],[109.20173,12.22601],[109.19933,12.23151],[109.19827,12.2352],[109.19752,12.23931],[109.19697,12.24585],[109.19693,12.25346],[109.19728,12.25549],[109.19818,12.2565],[109.19906,12.25958],[109.19851,12.25977],[109.19913,12.26161],[109.19826,12.26193],[109.1975,12.26015],[109.19659,12.25929],[109.19535,12.25881],[109.19228,12.25885],[109.18937,12.25989],[109.18699,12.26021],[109.18539,12.25877],[109.18488,12.2578],[109.18504,12.25643],[109.18689,12.25571],[109.18711,12.25473],[109.18669,12.25417],[109.18753,12.25256],[109.18848,12.24944],[109.19048,12.24943],[109.18915,12.24722],[109.1823,12.24945],[109.18169,12.24907],[109.1818,12.24601],[109.18249,12.24233],[109.18127,12.23758],[109.18108,12.23633],[109.18159,12.2336],[109.18261,12.2296],[109.18453,12.22968],[109.18471,12.23168],[109.18887,12.2294],[109.18819,12.22866],[109.18894,12.22759],[109.19075,12.22645],[109.18852,12.22624],[109.1886,12.22532],[109.19159,12.22366],[109.19094,12.22243],[109.19217,12.22131],[109.19344,12.22066],[109.19546,12.21928],[109.19677,12.21907],[109.19827,12.21676],[109.19694,12.2162],[109.19614,12.21523],[109.19647,12.21442],[109.20121,12.21006],[109.20527,12.21127],[109.20638,12.20867],[109.20696,12.20834],[109.20635,12.20736],[109.20791,12.20617],[109.2087,12.20436],[109.21145,12.20404],[109.21327,12.20258],[109.21511,12.20152]]],[[[109.36185,12.26686],[109.36297,12.26777],[109.36371,12.26939],[109.36404,12.2708],[109.36347,12.27266],[109.36227,12.27369],[109.3598,12.27389],[109.3581,12.27306],[109.35741,12.27223],[109.35706,12.27056],[109.35795,12.2685],[109.35885,12.26749],[109.35998,12.26702],[109.36185,12.26686]]],[[[109.37039,12.27984],[109.37079,12.2808],[109.37027,12.28376],[109.36978,12.28473],[109.36837,12.28458],[109.36805,12.28262],[109.36852,12.28111],[109.36934,12.2799],[109.37039,12.27984]]]]},"properties":{"a01_tinh":"diaphanhanhchinhcaptinh_sn.133","a02_xa":"diaphanhanhchinhcapxa_2025.3284","a03_ten":"Phường Nha Trang","a04_tentinh":"Tỉnh Khánh Hòa","a05_truocsn":"Phường Vạn Thạnh, Phường Lộc Thọ, Phường Vĩnh Nguyên, Phường Tân Tiến, Phường Phước Hòa","a06_trungtamhc":"UBND TP Nha Trang - số 42 Lê Thánh Tôn","a07_dt":"47.1","a08_ds":"136118","a09_dthoai":null,"a10_web":null,"ten":"Phường Nha Trang","ma":"22366","tentinh":"Tỉnh Khánh Hòa","truocsapnhap":"Phường Vạn Thạnh, Phường Lộc Thọ, Phường Vĩnh Nguyên, Phường Tân Tiến, Phường Phước Hòa","dientichkm2":null,"dansonguoi":null},"id":"diaphanhanhchinhcapxa_2025.3284"},
{"type":"Feature","geometry":{"type":"Polygon","coordinates":[[[109.02823,11.62265],[109.01763,11.61837],[109.0172,11.61892],[109.01541,11.61793],[109.01513,11.61887],[109.01573,11.6195],[109.0149,11.62255],[109.01249,11.62545],[109.00962,11.62585],[109.00831,11.62585],[109.00779,11.6255],[109.00636,11.62539],[109.00522,11.62472],[109.00361,11.62221],[109.00266,11.62022],[109.00316,11.6196],[109.0024,11.61855],[109.00118,11.61835],[108.99793,11.61486],[108.99758,11.61388],[108.99794,11.61279],[109.00094,11.6111],[108.99833,11.60964],[109.00197,11.60538],[109.00356,11.6037],[109.00324,11.60318],[109.0011,11.60401],[108.99883,11.60465],[108.99847,11.60396],[108.99748,11.60362],[108.99547,11.60216],[108.9959,11.60109],[108.99521,11.59967],[108.99466,11.59723],[108.99577,11.59676],[108.99626,11.59565],[108.9956,11.59416],[108.99602,11.59361],[108.99495,11.59193],[108.99495,11.59137],[108.99614,11.59074],[108.99602,11.58756],[108.99617,11.58624],[108.99892,11.58544],[109.00018,11.58452],[109.00196,11.5814],[109.00057,11.58097],[109.00092,11.57779],[109.0037,11.57878],[109.00733,11.58033],[109.00814,11.57953],[109.0085,11.57855],[109.01458,11.57828],[109.02371,11.57606],[109.02623,11.57519],[109.02784,11.57857],[109.03007,11.58212],[109.03265,11.58516],[109.03492,11.58713],[109.03665,11.588],[109.04161,11.58885],[109.04617,11.58893],[109.04826,11.5886],[109.04886,11.58738],[109.05046,11.5886],[109.04939,11.59016],[109.04571,11.59337],[109.04485,11.59535],[109.04435,11.59751],[109.04317,11.5991],[109.04195,11.60123],[109.03949,11.60328],[109.03563,11.6043],[109.03457,11.60538],[109.03235,11.61026],[109.02823,11.62265]]]},"properties":{"a01_tinh":"diaphanhanhchinhcaptinh_sn.133","a02_xa":"diaphanhanhchinhcapxa_2025.1151","a03_ten":"Phường Ninh Chử","a04_tentinh":"Tỉnh Khánh Hòa","a05_truocsn":"Phường Văn Hải, Thị trấn Khánh Hải","a06_trungtamhc":"Huyện ủy, HĐND, UBND huyện Ninh Hải ","a07_dt":"20.4","a08_ds":"39556","a09_dthoai":null,"a10_web":null,"ten":"Phường Ninh Chử","ma":"22834","tentinh":"Tỉnh Khánh Hòa","truocsapnhap":"Phường Văn Hải, Thị trấn Khánh Hải","dientichkm2":null,"dansonguoi":null},"id":"diaphanhanhchinhcapxa_2025.1151"},
{"type":"Feature","geometry":{"type":"Polygon","coordinates":[[[109.19784,12.48976],[109.19645,12.49058],[109.19537,12.49046],[109.19416,12.48944],[109.19328,12.48986],[109.1926,12.49344],[109.19175,12.49692],[109.18883,12.49933],[109.18683,12.50277],[109.18518,12.50314],[109.18464,12.50389],[109.18323,12.50383],[109.18084,12.50558],[109.18039,12.5065],[109.1788,12.5071],[109.1771,12.50724],[109.17379,12.50895],[109.1722,12.51116],[109.16811,12.51164],[109.16798,12.51224],[109.1565,12.51747],[109.15603,12.51789],[109.14497,12.52374],[109.14532,12.52496],[109.14417,12.52638],[109.14416,12.52709],[109.14592,12.52878],[109.14762,12.52995],[109.14861,12.53127],[109.14974,12.54092],[109.14998,12.54218],[109.14972,12.54415],[109.14995,12.54442],[109.14851,12.54613],[109.14922,12.54765],[109.14621,12.54838],[109.14474,12.54902],[109.14129,12.54914],[109.13986,12.549],[109.1369,12.54631],[109.13667,12.54692],[109.13396,12.54686],[109.13296,12.54603],[109.13067,12.54642],[109.12931,12.54758],[109.1286,12.54758],[109.12833,12.54539],[109.12738,12.54329],[109.12734,12.54266],[109.12816,12.54099],[109.12943,12.53975],[109.13046,12.53798],[109.13065,12.53683],[109.12988,12.53451],[109.13004,12.53335],[109.13168,12.53086],[109.13205,12.52919],[109.13168,12.52742],[109.13007,12.52581],[109.12904,12.52525],[109.12723,12.52488],[109.12584,12.52382],[109.12405,12.52516],[109.12178,12.5253],[109.12012,12.52454],[109.11645,12.52517],[109.11642,12.52369],[109.1181,12.52245],[109.11801,12.5217],[109.11704,12.52104],[109.11685,12.51992],[109.11722,12.5187],[109.11684,12.51755],[109.11556,12.51646],[109.11465,12.51623],[109.11384,12.51709],[109.11204,12.51671],[109.10924,12.51715],[109.10869,12.51619],[109.10787,12.51629],[109.10769,12.51869],[109.10679,12.51879],[109.10632,12.52168],[109.1052,12.52128],[109.10481,12.52058],[109.10534,12.51835],[109.10476,12.51636],[109.10427,12.5156],[109.10335,12.51528],[109.102,12.51534],[109.10103,12.51424],[109.10082,12.51204],[109.09828,12.51184],[109.09829,12.51059],[109.09733,12.51027],[109.09709,12.50902],[109.09515,12.50913],[109.09185,12.50855],[109.09014,12.50898],[109.08597,12.51028],[109.08512,12.51015],[109.08139,12.51028],[109.08115,12.50794],[109.08008,12.50535],[109.08066,12.50515],[109.08271,12.5058],[109.08346,12.50548],[109.08425,12.50378],[109.08645,12.50251],[109.08673,12.50173],[109.08767,12.50165],[109.08829,12.49857],[109.08765,12.4982],[109.08796,12.49522],[109.09076,12.49637],[109.09354,12.49829],[109.0947,12.4988],[109.09569,12.49963],[109.09749,12.49992],[109.10075,12.49792],[109.10223,12.49602],[109.10235,12.49523],[109.10194,12.49403],[109.10217,12.49296],[109.10305,12.49258],[109.10385,12.49311],[109.10352,12.49444],[109.10459,12.49516],[109.10494,12.49639],[109.10716,12.49822],[109.1077,12.49938],[109.10917,12.5002],[109.10964,12.5],[109.1108,12.49817],[109.11124,12.49635],[109.11235,12.4965],[109.1125,12.49823],[109.11283,12.49891],[109.11452,12.49908],[109.11632,12.49724],[109.11809,12.49722],[109.12038,12.49897],[109.12373,12.50019],[109.12502,12.50019],[109.12695,12.49773],[109.12504,12.49609],[109.12422,12.49496],[109.12356,12.49284],[109.12389,12.48812],[109.12405,12.48425],[109.12387,12.48114],[109.1244,12.47978],[109.12697,12.47714],[109.12748,12.476],[109.12847,12.47604],[109.13357,12.48482],[109.13427,12.48587],[109.1374,12.48851],[109.13861,12.48753],[109.13973,12.48739],[109.14209,12.4881],[109.14323,12.49074],[109.14348,12.49263],[109.15192,12.49003],[109.1527,12.4895],[109.15321,12.49113],[109.15556,12.49158],[109.15583,12.49278],[109.15753,12.4924],[109.15788,12.49174],[109.159,12.49096],[109.16208,12.49056],[109.16683,12.48791],[109.16773,12.48767],[109.16969,12.48843],[109.17219,12.48887],[109.17469,12.48859],[109.17631,12.48942],[109.18067,12.48943],[109.18204,12.48895],[109.18411,12.48767],[109.18475,12.48697],[109.1859,12.48764],[109.187,12.48772],[109.18802,12.48721],[109.18967,12.48765],[109.19031,12.48819],[109.19784,12.48976]]]},"properties":{"a01_tinh":"diaphanhanhchinhcaptinh_sn.133","a02_xa":"diaphanhanhchinhcapxa_2025.1109","a03_ten":"Phường Ninh Hòa","a04_tentinh":"Tỉnh Khánh Hòa","a05_truocsn":"Phường Ninh Hiệp, Phường Ninh Đa, Xã Ninh Đông, Xã Ninh Phụng","a06_trungtamhc":"UBND thị xã Ninh Hòa","a07_dt":"35.8","a08_ds":"58816","a09_dthoai":null,"a10_web":null,"ten":"Phường Ninh Hòa","ma":"22528","tentinh":"Tỉnh Khánh Hòa","truocsapnhap":"Phường Ninh Hiệp, Phường Ninh Đa, Xã Ninh Đông, Xã Ninh Phụng","dientichkm2":null,"dansonguoi":null},"id":"diaphanhanhchinhcapxa_2025.1109"},
{"type":"Feature","geometry":{"type":"Polygon","coordinates":[[[108.97724,11.55843],[108.97416,11.5558],[108.97314,11.55454],[108.97203,11.5525],[108.9722,11.55035],[108.97343,11.55048],[108.97639,11.55008],[108.97846,11.55053],[108.98068,11.55036],[108.98038,11.54869],[108.98371,11.54856],[108.98552,11.54925],[108.9861,11.54989],[108.98759,11.54957],[108.98821,11.5502],[108.99057,11.54954],[108.99056,11.54899],[108.99391,11.54677],[108.99519,11.54821],[108.99639,11.54896],[108.99798,11.54512],[108.99946,11.54338],[109.00052,11.54277],[109.0032,11.54187],[109.0036,11.5436],[109.00391,11.54609],[109.00454,11.54809],[109.00441,11.54899],[109.0048,11.55045],[109.00647,11.55032],[109.00783,11.55276],[109.00715,11.55383],[109.0075,11.55525],[109.00663,11.55523],[109.00515,11.55663],[109.00373,11.55753],[109.00235,11.55763],[109.00121,11.55804],[109.00147,11.55996],[109.00083,11.56161],[109.00101,11.56512],[108.99825,11.56542],[108.99872,11.56926],[108.9981,11.57436],[109.00126,11.57472],[109.00092,11.57779],[109.00057,11.58097],[109.00196,11.5814],[109.00018,11.58452],[108.99892,11.58544],[108.99617,11.58624],[108.99475,11.5866],[108.98765,11.58771],[108.98347,11.57681],[108.9811,11.56906],[108.98308,11.56822],[108.98414,11.56719],[108.98518,11.56557],[108.98545,11.56436],[108.98512,11.56232],[108.98362,11.55823],[108.98358,11.55717],[108.98409,11.5556],[108.9853,11.55483],[108.98408,11.55361],[108.98035,11.55391],[108.97905,11.55512],[108.97854,11.55608],[108.97827,11.55775],[108.97732,11.55852],[108.97724,11.55843]]]},"properties":{"a01_tinh":"diaphanhanhchinhcaptinh_sn.133","a02_xa":"diaphanhanhchinhcapxa_2025.1143","a03_ten":"Phường Phan Rang","a04_tentinh":"Tỉnh Khánh Hòa","a05_truocsn":"Phường Kinh Dinh, Phường Phủ Hà, Phường Đài Sơn, Phường Đạo Long","a06_trungtamhc":"UBND TP Phan Rang - Tháp Chàm ","a07_dt":"9.4","a08_ds":"7225","a09_dthoai":null,"a10_web":null,"ten":"Phường Phan Rang","ma":"22759","tentinh":"Tỉnh Khánh Hòa","truocsapnhap":"Phường Kinh Dinh, Phường Phủ Hà, Phường Đài Sơn, Phường Đạo Long","dientichkm2":null,"dansonguoi":null},"id":"diaphanhanhchinhcapxa_2025.1143"},
{"type":"Feature","geometry":{"type":"Polygon","coordinates":[[[109.18699,12.26021],[109.18975,12.26243],[109.19235,12.26288],[109.19485,12.26272],[109.19397,12.26418],[109.19287,12.26539],[109.19101,12.26651],[109.18914,12.26659],[109.18837,12.26733],[109.18857,12.26966],[109.18849,12.27095],[109.18808,12.27179],[109.18608,12.27247],[109.18389,12.2735],[109.18295,12.27363],[109.18185,12.27292],[109.18017,12.27249],[109.17959,12.27198],[109.17843,12.27272],[109.1778,12.27266],[109.17676,12.27173],[109.17574,12.27156],[109.1765,12.27338],[109.17838,12.27552],[109.1801,12.27774],[109.18458,12.28569],[109.18558,12.28774],[109.1859,12.28888],[109.18495,12.28916],[109.18462,12.29088],[109.18397,12.29162],[109.18298,12.2919],[109.18124,12.29283],[109.18004,12.29175],[109.17744,12.29025],[109.17618,12.2918],[109.17533,12.29231],[109.17422,12.29232],[109.17226,12.29321],[109.1708,12.29339],[109.16457,12.29284],[109.16344,12.29323],[109.16206,12.29174],[109.15903,12.28953],[109.15714,12.29003],[109.15582,12.28848],[109.15464,12.28909],[109.15386,12.28842],[109.15324,12.28657],[109.15311,12.28484],[109.15201,12.28348],[109.1533,12.28222],[109.15508,12.28307],[109.15509,12.28185],[109.15342,12.27998],[109.15304,12.27816],[109.15359,12.27668],[109.15658,12.27395],[109.15703,12.27182],[109.15657,12.27027],[109.1551,12.26909],[109.1532,12.26883],[109.15067,12.26906],[109.1486,12.27014],[109.14633,12.27101],[109.14461,12.27083],[109.14378,12.27042],[109.14296,12.26946],[109.14144,12.26749],[109.13943,12.26583],[109.13866,12.26559],[109.13528,12.26541],[109.13281,12.26366],[109.1306,12.26236],[109.1287,12.26149],[109.12678,12.26124],[109.12543,12.26187],[109.12391,12.26106],[109.1233,12.25914],[109.12393,12.25804],[109.12564,12.25615],[109.12532,12.25459],[109.1245,12.25405],[109.12246,12.25386],[109.12092,12.25321],[109.11981,12.25157],[109.11909,12.24961],[109.12022,12.24945],[109.12122,12.24976],[109.122,12.24802],[109.12311,12.24817],[109.12321,12.24989],[109.12433,12.24938],[109.12545,12.2495],[109.12626,12.24788],[109.126,12.24566],[109.12524,12.24464],[109.12559,12.24281],[109.1237,12.24126],[109.12423,12.24042],[109.12579,12.24115],[109.12617,12.24063],[109.12579,12.23958],[109.1263,12.2384],[109.12589,12.23682],[109.12718,12.23492],[109.12758,12.23116],[109.12869,12.22884],[109.13006,12.22727],[109.13234,12.22594],[109.13463,12.22652],[109.13501,12.22719],[109.13639,12.2273],[109.13841,12.22841],[109.13914,12.22932],[109.14114,12.23081],[109.14195,12.23211],[109.14354,12.23374],[109.14525,12.23619],[109.14705,12.23669],[109.14791,12.23595],[109.14868,12.23617],[109.14997,12.23807],[109.15149,12.23874],[109.15198,12.23968],[109.15241,12.2439],[109.15431,12.24518],[109.15593,12.2475],[109.15603,12.24855],[109.15666,12.25032],[109.15653,12.25131],[109.15558,12.25254],[109.1564,12.2541],[109.15797,12.25365],[109.15931,12.25124],[109.16083,12.25134],[109.16105,12.2509],[109.16352,12.25012],[109.16733,12.24921],[109.1719,12.24755],[109.17185,12.24853],[109.173,12.24935],[109.17207,12.25024],[109.17342,12.25172],[109.18169,12.24907],[109.1823,12.24945],[109.18915,12.24722],[109.19048,12.24943],[109.18848,12.24944],[109.18753,12.25256],[109.18669,12.25417],[109.18711,12.25473],[109.18689,12.25571],[109.18504,12.25643],[109.18488,12.2578],[109.18539,12.25877],[109.18699,12.26021]]]},"properties":{"a01_tinh":"diaphanhanhchinhcaptinh_sn.133","a02_xa":"diaphanhanhchinhcapxa_2025.1119","a03_ten":"Phường Tây Nha Trang","a04_tentinh":"Tỉnh Khánh Hòa","a05_truocsn":"Phường Ngọc Hiệp, Phường Phương Sài, Xã Vĩnh Ngọc, Xã Vĩnh Thạnh, Xã Vĩnh Hiệp, Xã Vĩnh Trung","a06_trungtamhc":"UBND xã Vĩnh Ngọc - số 480 Lương Định Của","a07_dt":"27.9","a08_ds":"108065","a09_dthoai":null,"a10_web":null,"ten":"Phường Tây Nha Trang","ma":"22390","tentinh":"Tỉnh Khánh Hòa","truocsapnhap":"Phường Ngọc Hiệp, Phường Phương Sài, Xã Vĩnh Ngọc, Xã Vĩnh Thạnh, Xã Vĩnh Hiệp, Xã Vĩnh Trung","dientichkm2":null,"dansonguoi":null},"id":"diaphanhanhchinhcapxa_2025.1119"},
{"type":"Feature","geometry":{"type":"Polygon","coordinates":[[[108.80384,11.71183],[108.80272,11.71338],[108.80169,11.71352],[108.79953,11.71573],[108.79722,11.71671],[108.79571,11.71703],[108.79401,11.71794],[108.792,11.71819],[108.78913,11.71782],[108.78717,11.71845],[108.78563,11.7183],[108.78415,11.71762],[108.7833,11.71946],[108.7818,11.71891],[108.78061,11.71954],[108.78005,11.72061],[108.7793,11.72105],[108.77773,11.72053],[108.77645,11.7205],[108.77536,11.71976],[108.77276,11.71849],[108.77117,11.71939],[108.76666,11.71962],[108.76387,11.72237],[108.7638,11.72399],[108.76345,11.72459],[108.76217,11.72391],[108.75709,11.71897],[108.75515,11.71699],[108.75429,11.71761],[108.75167,11.71744],[108.75038,11.71912],[108.74936,11.71977],[108.74867,11.72272],[108.74728,11.7247],[108.74584,11.72467],[108.74394,11.724],[108.74288,11.72419],[108.74096,11.72498],[108.73873,11.72521],[108.73859,11.72705],[108.73978,11.72649],[108.74026,11.7276],[108.73923,11.72842],[108.73752,11.72871],[108.73531,11.72995],[108.73712,11.73212],[108.73591,11.73359],[108.73684,11.73509],[108.73567,11.73516],[108.73383,11.73392],[108.73211,11.73392],[108.73081,11.73319],[108.72975,11.73321],[108.72518,11.7346],[108.72192,11.7343],[108.71908,11.73361],[108.71749,11.73291],[108.71707,11.73177],[108.71843,11.73025],[108.71962,11.72824],[108.71996,11.72688],[108.72196,11.7246],[108.72315,11.72418],[108.72373,11.72313],[108.72271,11.72149],[108.72158,11.72118],[108.72049,11.72011],[108.71949,11.72024],[108.71667,11.71923],[108.71462,11.71776],[108.71344,11.71808],[108.71044,11.71772],[108.70976,11.71804],[108.70845,11.71766],[108.70673,11.71812],[108.70618,11.71869],[108.70436,11.71916],[108.70334,11.71896],[108.70265,11.71935],[108.70035,11.71969],[108.6992,11.72093],[108.69821,11.72071],[108.69759,11.72114],[108.69565,11.72146],[108.69388,11.72255],[108.69505,11.71675],[108.69578,11.70915],[108.69662,11.70719],[108.69775,11.706],[108.69838,11.70449],[108.69994,11.70318],[108.70066,11.70211],[108.70102,11.70041],[108.70092,11.69947],[108.70022,11.69876],[108.69744,11.69967],[108.69568,11.69875],[108.69465,11.69879],[108.69334,11.6984],[108.69239,11.6976],[108.6915,11.69414],[108.69057,11.6933],[108.69027,11.69209],[108.68956,11.6919],[108.68919,11.69099],[108.68764,11.68858],[108.6876,11.68793],[108.68655,11.68574],[108.68631,11.68403],[108.68675,11.68284],[108.68591,11.6808],[108.68496,11.68028],[108.68418,11.67928],[108.68368,11.67723],[108.6824,11.67527],[108.68071,11.67399],[108.67958,11.67264],[108.67878,11.66998],[108.67823,11.6694],[108.67523,11.66801],[108.67395,11.66761],[108.67318,11.66698],[108.67259,11.66499],[108.6719,11.66396],[108.66873,11.66378],[108.66694,11.6647],[108.66539,11.66592],[108.66326,11.66831],[108.66113,11.66796],[108.65895,11.66876],[108.65808,11.66828],[108.65751,11.66737],[108.6534,11.66447],[108.65272,11.66417],[108.65023,11.66448],[108.64685,11.66324],[108.64545,11.66179],[108.64264,11.66111],[108.64205,11.66059],[108.63889,11.65976],[108.63803,11.65878],[108.63467,11.65811],[108.63306,11.65689],[108.63112,11.6559],[108.62873,11.65573],[108.62678,11.65485],[108.62539,11.65385],[108.62456,11.65293],[108.62406,11.65058],[108.62315,11.65009],[108.62215,11.6503],[108.62071,11.65117],[108.61984,11.65137],[108.61648,11.65042],[108.61488,11.6506],[108.61344,11.65036],[108.61198,11.64979],[108.61008,11.64952],[108.60862,11.6498],[108.60661,11.64967],[108.60451,11.64813],[108.60363,11.64783],[108.60237,11.64794],[108.59902,11.64919],[108.59724,11.64853],[108.59464,11.64857],[108.59096,11.6462],[108.58843,11.64478],[108.58742,11.64365],[108.58557,11.64212],[108.58492,11.64075],[108.5826,11.64115],[108.58099,11.64178],[108.58,11.64171],[108.57792,11.64099],[108.57624,11.63978],[108.57406,11.6394],[108.56763,11.64249],[108.56456,11.64227],[108.56233,11.64254],[108.56042,11.64059],[108.56058,11.63982],[108.56035,11.63721],[108.55934,11.63527],[108.55668,11.63338],[108.55411,11.63306],[108.55331,11.63249],[108.55301,11.63145],[108.5531,11.62784],[108.55334,11.62398],[108.55362,11.62331],[108.553,11.62214],[108.55249,11.6201],[108.55367,11.6198],[108.55393,11.61908],[108.55281,11.61644],[108.55281,11.61466],[108.55243,11.61417],[108.55262,11.61269],[108.55174,11.61125],[108.55223,11.61086],[108.55253,11.60831],[108.55348,11.6064],[108.5532,11.60486],[108.55158,11.60105],[108.55322,11.59927],[108.55521,11.59672],[108.56661,11.58138],[108.56929,11.57989],[108.57101,11.57974],[108.57184,11.57925],[108.57401,11.5749],[108.57419,11.57303],[108.57617,11.57011],[108.57655,11.56885],[108.57645,11.56781],[108.57705,11.56619],[108.57808,11.56433],[108.58022,11.56216],[108.58178,11.56002],[108.58259,11.55918],[108.58234,11.55814],[108.58241,11.55591],[108.58816,11.55547],[108.59403,11.55495],[108.60227,11.5544],[108.62168,11.55279],[108.62678,11.55302],[108.64366,11.55067],[108.65892,11.50485],[108.66384,11.50068],[108.68656,11.50385],[108.68744,11.50433],[108.6877,11.50732],[108.69161,11.51119],[108.69204,11.51244],[108.69111,11.51433],[108.69085,11.51539],[108.69017,11.51616],[108.69097,11.51842],[108.69232,11.52133],[108.69283,11.5221],[108.69361,11.52502],[108.69538,11.52688],[108.69705,11.52814],[108.69746,11.52879],[108.69879,11.52908],[108.70003,11.52999],[108.70149,11.53013],[108.70237,11.5319],[108.70227,11.53291],[108.70315,11.53326],[108.70369,11.53484],[108.70489,11.53553],[108.7081,11.5364],[108.70895,11.53748],[108.70956,11.53727],[108.71015,11.53814],[108.7115,11.5386],[108.71306,11.53838],[108.71402,11.53946],[108.71435,11.54077],[108.71316,11.54266],[108.71381,11.5429],[108.71493,11.54566],[108.72453,11.56402],[108.72537,11.56503],[108.72644,11.56782],[108.7277,11.56853],[108.72907,11.57058],[108.72958,11.57197],[108.72959,11.57334],[108.72885,11.57496],[108.72926,11.57772],[108.72859,11.57842],[108.72941,11.57967],[108.73074,11.58092],[108.73092,11.58276],[108.73208,11.58566],[108.73285,11.58599],[108.73441,11.58788],[108.73442,11.58926],[108.73524,11.59158],[108.73545,11.59338],[108.73437,11.59503],[108.73386,11.59641],[108.73393,11.59715],[108.73385,11.59792],[108.73286,11.61478],[108.73416,11.61558],[108.73587,11.61762],[108.73716,11.61991],[108.73805,11.62073],[108.73882,11.62093],[108.74024,11.62065],[108.74038,11.62264],[108.74192,11.62275],[108.74371,11.62342],[108.74383,11.62431],[108.74315,11.62584],[108.74342,11.62756],[108.74329,11.62942],[108.74423,11.63058],[108.74577,11.6314],[108.74663,11.63247],[108.74845,11.63318],[108.74927,11.6347],[108.75008,11.63529],[108.75037,11.63635],[108.75181,11.63796],[108.75255,11.63945],[108.75262,11.64125],[108.75311,11.64298],[108.75394,11.64364],[108.75529,11.64561],[108.75601,11.64635],[108.75736,11.64704],[108.75834,11.64926],[108.75842,11.66052],[108.763,11.6689],[108.76377,11.67011],[108.76476,11.67072],[108.78319,11.68146],[108.78483,11.68286],[108.7871,11.68383],[108.80384,11.71183]]]},"properties":{"a01_tinh":"diaphanhanhchinhcaptinh_sn.133","a02_xa":"diaphanhanhchinhcapxa_2025.1150","a03_ten":"Xã Anh Dũng","a04_tentinh":"Tỉnh Khánh Hòa","a05_truocsn":"Xã Ma Nới, Xã Hòa Sơn","a06_trungtamhc":"UBND xã Ma Nới ","a07_dt":"320.6","a08_ds":"103","a09_dthoai":null,"a10_web":null,"ten":"Xã Anh Dũng","ma":"22828","tentinh":"Tỉnh Khánh Hòa","truocsapnhap":"Xã Ma Nới, Xã Hòa Sơn","dientichkm2":null,"dansonguoi":null},"id":"diaphanhanhchinhcapxa_2025.1150"},
{"type":"Feature","geometry":{"type":"Polygon","coordinates":[[[108.89004,11.94843],[108.88992,11.94901],[108.88758,11.95334],[108.88489,11.95484],[108.88386,11.95601],[108.88143,11.957],[108.88061,11.95766],[108.88072,11.96017],[108.88035,11.96072],[108.87899,11.95984],[108.87678,11.95919],[108.87532,11.95829],[108.8733,11.95842],[108.87226,11.95909],[108.87192,11.95994],[108.87064,11.96175],[108.86975,11.96413],[108.86718,11.96546],[108.86599,11.96656],[108.86515,11.96784],[108.86414,11.96667],[108.8639,11.96568],[108.86408,11.96285],[108.86394,11.95823],[108.86406,11.95628],[108.86393,11.9524],[108.86289,11.94824],[108.86374,11.94661],[108.86411,11.94425],[108.86386,11.94229],[108.86392,11.94096],[108.86308,11.93943],[108.86319,11.93829],[108.86251,11.9367],[108.86049,11.93449],[108.8603,11.93348],[108.85909,11.9319],[108.85782,11.93125],[108.8569,11.93112],[108.85627,11.93042],[108.85399,11.92937],[108.85246,11.92758],[108.85142,11.9279],[108.84815,11.92769],[108.84787,11.92709],[108.84689,11.92696],[108.84499,11.92783],[108.84386,11.92789],[108.84223,11.92624],[108.84099,11.92602],[108.83995,11.92498],[108.83747,11.92472],[108.83627,11.92319],[108.83711,11.91921],[108.83857,11.91384],[108.83863,11.91216],[108.83951,11.91047],[108.83833,11.90911],[108.8391,11.90402],[108.84189,11.89949],[108.84138,11.89969],[108.83941,11.89898],[108.83792,11.89904],[108.83673,11.89843],[108.8358,11.89725],[108.83623,11.89609],[108.83543,11.89549],[108.83322,11.89581],[108.83027,11.89517],[108.82962,11.89415],[108.82997,11.89026],[108.83062,11.88941],[108.83193,11.88851],[108.8312,11.88649],[108.83042,11.886],[108.82815,11.88664],[108.82607,11.88651],[108.82565,11.88532],[108.8267,11.88463],[108.82691,11.88316],[108.82558,11.8818],[108.82573,11.88055],[108.82663,11.87976],[108.82958,11.87881],[108.83004,11.87836],[108.83051,11.87638],[108.82789,11.87516],[108.82091,11.87255],[108.81917,11.87177],[108.8182,11.87092],[108.81972,11.86534],[108.82092,11.86204],[108.82087,11.85974],[108.82137,11.85739],[108.82125,11.8568],[108.82028,11.85622],[108.81905,11.85607],[108.81784,11.85505],[108.81515,11.85168],[108.81543,11.85015],[108.81522,11.84962],[108.8157,11.84769],[108.81249,11.84457],[108.81259,11.8454],[108.81064,11.84542],[108.80986,11.84492],[108.80931,11.84623],[108.80813,11.84493],[108.80674,11.84237],[108.80722,11.84174],[108.80771,11.84019],[108.80682,11.83928],[108.80492,11.84137],[108.80414,11.8402],[108.8022,11.83803],[108.80077,11.8392],[108.79958,11.83791],[108.80315,11.83434],[108.79954,11.82942],[108.79793,11.83009],[108.80028,11.82664],[108.80197,11.82546],[108.80064,11.82317],[108.79711,11.82728],[108.79519,11.82763],[108.79535,11.82585],[108.79453,11.8249],[108.79273,11.82358],[108.79217,11.82284],[108.79213,11.82175],[108.79185,11.82101],[108.79275,11.81778],[108.79334,11.81704],[108.79406,11.81729],[108.79467,11.8167],[108.79559,11.81486],[108.79686,11.81002],[108.79759,11.80823],[108.79835,11.80499],[108.79803,11.80275],[108.79677,11.80032],[108.79645,11.7989],[108.79654,11.79763],[108.79723,11.79535],[108.79705,11.79377],[108.79591,11.7923],[108.79603,11.79004],[108.79688,11.78914],[108.79976,11.78682],[108.80108,11.78539],[108.80221,11.78347],[108.80402,11.78222],[108.80432,11.78105],[108.80551,11.77911],[108.80515,11.77751],[108.80516,11.7758],[108.80392,11.77459],[108.8043,11.77304],[108.80535,11.77024],[108.80593,11.76955],[108.80692,11.76932],[108.8086,11.7694],[108.81205,11.76856],[108.81516,11.76565],[108.81583,11.76459],[108.81563,11.76349],[108.81781,11.75878],[108.8182,11.75745],[108.81966,11.75577],[108.82224,11.75315],[108.82928,11.74659],[108.83655,11.73957],[108.83833,11.74047],[108.84199,11.74093],[108.84451,11.74171],[108.84551,11.74125],[108.84788,11.73966],[108.85158,11.73836],[108.85534,11.73804],[108.85852,11.73862],[108.8622,11.74006],[108.86504,11.74025],[108.88257,11.73577],[108.87525,11.74776],[108.87597,11.74867],[108.87732,11.74896],[108.87803,11.75116],[108.87869,11.75195],[108.87984,11.75247],[108.88128,11.75421],[108.8846,11.75702],[108.88758,11.7576],[108.88946,11.75842],[108.89396,11.7583],[108.89891,11.76053],[108.90019,11.75972],[108.90168,11.7601],[108.90422,11.76012],[108.90656,11.76152],[108.90797,11.76353],[108.90947,11.76396],[108.90979,11.76503],[108.9123,11.7667],[108.91404,11.76627],[108.91434,11.7658],[108.91597,11.76615],[108.91764,11.76693],[108.91859,11.76786],[108.91899,11.76922],[108.91989,11.77025],[108.92129,11.77114],[108.9237,11.77362],[108.92537,11.77465],[108.92626,11.77635],[108.9276,11.77783],[108.92935,11.77917],[108.93112,11.78244],[108.9337,11.78544],[108.93487,11.78715],[108.93556,11.78855],[108.93541,11.789],[108.93614,11.79134],[108.93748,11.79192],[108.93747,11.79353],[108.93869,11.79386],[108.93949,11.79565],[108.93891,11.79653],[108.94124,11.79966],[108.94403,11.8006],[108.94547,11.80173],[108.94607,11.80328],[108.94755,11.80508],[108.94727,11.80649],[108.94576,11.80993],[108.94576,11.81148],[108.94515,11.81303],[108.94352,11.81236],[108.94283,11.81256],[108.94151,11.81141],[108.93959,11.81153],[108.93522,11.81452],[108.93325,11.81562],[108.93249,11.8177],[108.93122,11.81859],[108.93036,11.81881],[108.92916,11.81814],[108.92784,11.81577],[108.9267,11.81582],[108.92435,11.81465],[108.92242,11.81485],[108.92176,11.81582],[108.91889,11.81685],[108.91755,11.81786],[108.91621,11.81731],[108.91454,11.81708],[108.91344,11.81652],[108.9115,11.81463],[108.90848,11.81397],[108.90705,11.81339],[108.89789,11.81588],[108.89594,11.81581],[108.89457,11.81733],[108.89379,11.81863],[108.89256,11.81799],[108.88945,11.81875],[108.88891,11.82021],[108.88968,11.82199],[108.89032,11.82243],[108.88952,11.82426],[108.88851,11.82408],[108.88797,11.82249],[108.88668,11.82167],[108.88565,11.82143],[108.88393,11.82008],[108.88402,11.819],[108.88289,11.81709],[108.88044,11.8163],[108.88038,11.81534],[108.87892,11.81406],[108.87703,11.81354],[108.87673,11.81291],[108.87684,11.81146],[108.8779,11.81084],[108.87856,11.80973],[108.87832,11.80909],[108.87684,11.80883],[108.87578,11.81016],[108.87397,11.81047],[108.87264,11.81178],[108.87277,11.81373],[108.87376,11.81536],[108.87296,11.817],[108.87257,11.81836],[108.87266,11.81983],[108.8731,11.82032],[108.87332,11.82186],[108.87411,11.8227],[108.87469,11.82406],[108.87434,11.82571],[108.87354,11.82654],[108.87302,11.82826],[108.87192,11.82906],[108.87184,11.83014],[108.87107,11.83136],[108.87145,11.83219],[108.87114,11.83366],[108.86967,11.83459],[108.86926,11.83613],[108.86703,11.8373],[108.86765,11.83875],[108.86875,11.83906],[108.86886,11.84122],[108.87019,11.84279],[108.87054,11.84429],[108.87153,11.84543],[108.87193,11.8466],[108.87322,11.84887],[108.87338,11.8496],[108.87188,11.85151],[108.86962,11.85324],[108.86857,11.85634],[108.86751,11.85701],[108.86667,11.85809],[108.86804,11.85883],[108.87043,11.862],[108.87031,11.86416],[108.87094,11.86547],[108.871,11.86732],[108.87051,11.86851],[108.87071,11.86912],[108.87198,11.86976],[108.8721,11.87132],[108.87116,11.87232],[108.87132,11.8735],[108.87311,11.87498],[108.87436,11.87541],[108.87597,11.87647],[108.87581,11.87754],[108.87808,11.87839],[108.8797,11.87926],[108.8809,11.87922],[108.8818,11.87977],[108.88264,11.88166],[108.88416,11.88314],[108.88463,11.88473],[108.88657,11.88649],[108.88794,11.8882],[108.88906,11.89011],[108.88995,11.89266],[108.89123,11.89499],[108.89141,11.89686],[108.89102,11.89765],[108.89127,11.89865],[108.891,11.89997],[108.89177,11.90358],[108.89244,11.90408],[108.89177,11.90528],[108.88917,11.90749],[108.88812,11.90896],[108.88462,11.90978],[108.88376,11.91123],[108.88368,11.91208],[108.8846,11.91409],[108.88518,11.91682],[108.88518,11.91822],[108.88559,11.91948],[108.88652,11.921],[108.88553,11.92285],[108.88516,11.92497],[108.88423,11.9256],[108.88496,11.92986],[108.88581,11.9322],[108.8861,11.93591],[108.88739,11.93772],[108.88858,11.93986],[108.88864,11.94209],[108.88917,11.94394],[108.88913,11.94605],[108.89004,11.94843]]]},"properties":{"a01_tinh":"diaphanhanhchinhcaptinh_sn.133","a02_xa":"diaphanhanhchinhcapxa_2025.1146","a03_ten":"Xã Bác Ái","a04_tentinh":"Tỉnh Khánh Hòa","a05_truocsn":"Xã Phước Tiến, Xã Phước Thắng, Xã Phước Chính","a06_trungtamhc":"UBND xã Phước Thắng ","a07_dt":"188.5","a08_ds":"1227","a09_dthoai":null,"a10_web":null,"ten":"Xã Bác Ái","ma":"22795","tentinh":"Tỉnh Khánh Hòa","truocsapnhap":"Xã Phước Tiến, Xã Phước Thắng, Xã Phước Chính","dientichkm2":null,"dansonguoi":null},"id":"diaphanhanhchinhcapxa_2025.1146"},
{"type":"Feature","geometry":{"type":"Polygon","coordinates":[[[109.00473,11.92312],[109.00241,11.92267],[108.99988,11.92154],[108.99727,11.92097],[108.99711,11.91969],[108.99656,11.9193],[108.99496,11.91922],[108.99342,11.91947],[108.99196,11.9187],[108.99072,11.91735],[108.98913,11.91507],[108.98844,11.9148],[108.98717,11.91499],[108.98637,11.91564],[108.98468,11.91579],[108.98348,11.91529],[108.9821,11.9153],[108.98034,11.91607],[108.98003,11.91764],[108.97855,11.91729],[108.973,11.91759],[108.972,11.91798],[108.9707,11.91787],[108.96974,11.91928],[108.9686,11.91968],[108.96422,11.92268],[108.96365,11.92426],[108.96163,11.92459],[108.95554,11.92586],[108.95522,11.92626],[108.95433,11.93029],[108.95316,11.93193],[108.95281,11.93318],[108.95066,11.93386],[108.94965,11.93603],[108.94843,11.9371],[108.94702,11.93727],[108.94619,11.93806],[108.94502,11.93781],[108.94208,11.9367],[108.94096,11.93613],[108.93936,11.93654],[108.9382,11.93832],[108.9376,11.93837],[108.93597,11.93747],[108.93298,11.93703],[108.93189,11.93909],[108.93039,11.94038],[108.92765,11.94054],[108.92493,11.9413],[108.92414,11.94223],[108.92284,11.94269],[108.92219,11.9445],[108.92077,11.9449],[108.92033,11.94761],[108.91988,11.94872],[108.92012,11.94976],[108.91861,11.94985],[108.91829,11.9511],[108.91604,11.95131],[108.91482,11.95253],[108.91411,11.95185],[108.91241,11.95086],[108.90985,11.95026],[108.90787,11.94768],[108.9068,11.94808],[108.90629,11.94939],[108.9055,11.95011],[108.90356,11.94979],[108.90201,11.94898],[108.90038,11.94961],[108.89809,11.94876],[108.89641,11.94841],[108.89572,11.94791],[108.89325,11.94738],[108.89101,11.9477],[108.89004,11.94843],[108.88913,11.94605],[108.88917,11.94394],[108.88864,11.94209],[108.88858,11.93986],[108.88739,11.93772],[108.8861,11.93591],[108.88581,11.9322],[108.88496,11.92986],[108.88423,11.9256],[108.88516,11.92497],[108.88553,11.92285],[108.88652,11.921],[108.88559,11.91948],[108.88518,11.91822],[108.88518,11.91682],[108.8846,11.91409],[108.88368,11.91208],[108.88376,11.91123],[108.88462,11.90978],[108.88812,11.90896],[108.88917,11.90749],[108.89177,11.90528],[108.89244,11.90408],[108.89177,11.90358],[108.891,11.89997],[108.89127,11.89865],[108.89102,11.89765],[108.89141,11.89686],[108.89123,11.89499],[108.88995,11.89266],[108.88906,11.89011],[108.88794,11.8882],[108.88657,11.88649],[108.88463,11.88473],[108.88416,11.88314],[108.88264,11.88166],[108.8818,11.87977],[108.8809,11.87922],[108.8797,11.87926],[108.87808,11.87839],[108.87581,11.87754],[108.87597,11.87647],[108.87436,11.87541],[108.87311,11.87498],[108.87132,11.8735],[108.87116,11.87232],[108.8721,11.87132],[108.87198,11.86976],[108.87071,11.86912],[108.87051,11.86851],[108.871,11.86732],[108.87094,11.86547],[108.87031,11.86416],[108.87043,11.862],[108.86804,11.85883],[108.86667,11.85809],[108.86751,11.85701],[108.86857,11.85634],[108.86962,11.85324],[108.87188,11.85151],[108.87338,11.8496],[108.87322,11.84887],[108.87193,11.8466],[108.87153,11.84543],[108.87054,11.84429],[108.87019,11.84279],[108.86886,11.84122],[108.86875,11.83906],[108.86765,11.83875],[108.86703,11.8373],[108.86926,11.83613],[108.86967,11.83459],[108.87114,11.83366],[108.87145,11.83219],[108.87107,11.83136],[108.87184,11.83014],[108.87192,11.82906],[108.87302,11.82826],[108.87354,11.82654],[108.87434,11.82571],[108.87469,11.82406],[108.87411,11.8227],[108.87332,11.82186],[108.8731,11.82032],[108.87266,11.81983],[108.87257,11.81836],[108.87296,11.817],[108.87376,11.81536],[108.87277,11.81373],[108.87264,11.81178],[108.87397,11.81047],[108.87578,11.81016],[108.87684,11.80883],[108.87832,11.80909],[108.87856,11.80973],[108.8779,11.81084],[108.87684,11.81146],[108.87673,11.81291],[108.87703,11.81354],[108.87892,11.81406],[108.88038,11.81534],[108.88044,11.8163],[108.88289,11.81709],[108.88402,11.819],[108.88393,11.82008],[108.88565,11.82143],[108.88668,11.82167],[108.88797,11.82249],[108.88851,11.82408],[108.88952,11.82426],[108.89032,11.82243],[108.88968,11.82199],[108.88891,11.82021],[108.88945,11.81875],[108.89256,11.81799],[108.89379,11.81863],[108.89457,11.81733],[108.89594,11.81581],[108.89789,11.81588],[108.90705,11.81339],[108.90848,11.81397],[108.9115,11.81463],[108.91344,11.81652],[108.91454,11.81708],[108.91621,11.81731],[108.91755,11.81786],[108.91889,11.81685],[108.92176,11.81582],[108.92242,11.81485],[108.92435,11.81465],[108.9267,11.81582],[108.92784,11.81577],[108.92916,11.81814],[108.93036,11.81881],[108.93122,11.81859],[108.93249,11.8177],[108.93325,11.81562],[108.93522,11.81452],[108.93959,11.81153],[108.94151,11.81141],[108.94283,11.81256],[108.94352,11.81236],[108.94515,11.81303],[108.94576,11.81148],[108.94576,11.80993],[108.94727,11.80649],[108.94755,11.80508],[108.96288,11.79191],[108.96753,11.79065],[108.97658,11.7883],[108.9898,11.78503],[108.99027,11.786],[108.99015,11.78701],[108.9888,11.78899],[108.98835,11.79073],[108.98846,11.79194],[108.98978,11.79427],[108.99053,11.797],[108.99174,11.79972],[108.99191,11.80162],[108.99323,11.80385],[108.99545,11.80586],[108.9963,11.80607],[108.99911,11.80902],[109.0009,11.80996],[109.00259,11.81126],[109.00374,11.81273],[109.005,11.81359],[109.00522,11.81428],[109.00656,11.81496],[109.00726,11.81569],[109.00817,11.81555],[109.00957,11.81675],[109.01318,11.81886],[109.01624,11.8219],[109.01763,11.82181],[109.01857,11.82262],[109.01732,11.82418],[109.0136,11.83081],[109.0287,11.8443],[109.03261,11.84602],[109.03464,11.84446],[109.03733,11.84278],[109.04011,11.83998],[109.0456,11.84577],[109.05436,11.84475],[109.05415,11.84529],[109.05473,11.84661],[109.05542,11.84896],[109.05546,11.85032],[109.05611,11.85297],[109.05694,11.8541],[109.05757,11.85586],[109.05734,11.85783],[109.05816,11.86079],[109.0512,11.88325],[109.04709,11.89829],[109.04645,11.89903],[109.03466,11.91],[109.01849,11.91091],[109.00473,11.92312]]]},"properties":{"a01_tinh":"diaphanhanhchinhcaptinh_sn.133","a02_xa":"diaphanhanhchinhcapxa_2025.1147","a03_ten":"Xã Bác Ái Đông","a04_tentinh":"Tỉnh Khánh Hòa","a05_truocsn":"Xã Phước Đại, Xã Phước Thành","a06_trungtamhc":"UBND huyện Bác Ái ","a07_dt":"235.2","a08_ds":"9335","a09_dthoai":null,"a10_web":null,"ten":"Xã Bác Ái Đông","ma":"22801","tentinh":"Tỉnh Khánh Hòa","truocsapnhap":"Xã Phước Đại, Xã Phước Thành","dientichkm2":null,"dansonguoi":null},"id":"diaphanhanhchinhcapxa_2025.1147"},
{"type":"Feature","geometry":{"type":"Polygon","coordinates":[[[108.79021,12.15957],[108.78906,12.1603],[108.78746,12.15957],[108.78689,12.16019],[108.78552,12.16027],[108.78374,12.15955],[108.78323,12.16038],[108.78316,12.16144],[108.78255,12.16232],[108.78099,12.16341],[108.77964,12.16472],[108.7784,12.16437],[108.77667,12.16436],[108.77479,12.16467],[108.77213,12.16141],[108.77238,12.15983],[108.77143,12.1568],[108.76904,12.15471],[108.76804,12.15312],[108.7671,12.15421],[108.76494,12.15593],[108.76397,12.15734],[108.76275,12.15788],[108.76092,12.15721],[108.75754,12.15675],[108.75657,12.15545],[108.75541,12.1551],[108.754,12.15579],[108.75128,12.15618],[108.74985,12.15597],[108.7491,12.15658],[108.74673,12.15634],[108.7454,12.15682],[108.74298,12.15656],[108.74058,12.15731],[108.73927,12.15729],[108.73801,12.15779],[108.73585,12.15779],[108.73363,12.15859],[108.73176,12.16005],[108.73037,12.16249],[108.72886,12.16256],[108.72888,12.16122],[108.72787,12.15906],[108.72781,12.15759],[108.72685,12.15721],[108.72582,12.15628],[108.72486,12.15686],[108.7231,12.15691],[108.72256,12.15747],[108.72173,12.15677],[108.72185,12.15537],[108.72079,12.15343],[108.71918,12.15353],[108.71803,12.15497],[108.71708,12.15529],[108.71531,12.15521],[108.71316,12.1543],[108.70902,12.15461],[108.70811,12.15513],[108.70686,12.15532],[108.70527,12.15419],[108.70483,12.15144],[108.70394,12.15021],[108.70272,12.14969],[108.70124,12.14949],[108.69878,12.14877],[108.69689,12.14794],[108.69621,12.14729],[108.69436,12.14674],[108.69335,12.14613],[108.69369,12.14512],[108.69522,12.14301],[108.69589,12.14239],[108.69677,12.14028],[108.69619,12.13834],[108.69542,12.13716],[108.69455,12.13667],[108.69492,12.13474],[108.69483,12.13393],[108.69362,12.13242],[108.69324,12.12937],[108.69178,12.12846],[108.69097,12.12888],[108.68967,12.12858],[108.68919,12.12909],[108.6872,12.13018],[108.68566,12.13012],[108.68493,12.12914],[108.68458,12.12711],[108.68331,12.12581],[108.68186,12.12481],[108.68072,12.12357],[108.67746,12.12196],[108.6759,12.12287],[108.67454,12.12311],[108.67365,12.12286],[108.6732,12.12064],[108.67362,12.11954],[108.67526,12.11857],[108.67826,12.11838],[108.67906,12.11793],[108.67965,12.11698],[108.68127,12.1165],[108.68308,12.11388],[108.68364,12.11247],[108.68505,12.11127],[108.68537,12.11051],[108.68683,12.11043],[108.68841,12.10913],[108.68962,12.10756],[108.69158,12.10589],[108.69323,12.10563],[108.69393,12.10502],[108.69416,12.10323],[108.69505,12.10206],[108.69512,12.10026],[108.69557,12.09979],[108.69782,12.09944],[108.69942,12.09866],[108.69956,12.09748],[108.69894,12.09661],[108.69981,12.09538],[108.70011,12.09419],[108.70125,12.09334],[108.7043,12.09312],[108.70457,12.09244],[108.70442,12.09113],[108.70524,12.09008],[108.70453,12.08847],[108.7031,12.08633],[108.70327,12.08555],[108.70526,12.0829],[108.70622,12.08056],[108.70771,12.08033],[108.70861,12.07987],[108.70917,12.07823],[108.70831,12.07642],[108.70752,12.07582],[108.7079,12.07405],[108.70746,12.07309],[108.70757,12.07154],[108.70854,12.07134],[108.70852,12.06987],[108.70897,12.06907],[108.71068,12.06821],[108.7102,12.06644],[108.7102,12.06528],[108.71064,12.06428],[108.71136,12.06364],[108.71231,12.06358],[108.71258,12.06262],[108.71219,12.0609],[108.71151,12.05963],[108.71224,12.05829],[108.71037,12.05246],[108.71044,12.05137],[108.70961,12.04971],[108.70739,12.04663],[108.70559,12.04465],[108.70304,12.04116],[108.69889,12.04212],[108.69733,12.04145],[108.6969,12.04085],[108.69398,12.0409],[108.69335,12.04027],[108.69297,12.03706],[108.69165,12.03261],[108.69123,12.02943],[108.69035,12.0287],[108.68851,12.02792],[108.68693,12.02631],[108.68551,12.02535],[108.68545,12.02456],[108.68594,12.02248],[108.68583,12.02197],[108.68469,12.02105],[108.68409,12.01935],[108.68296,12.01818],[108.68197,12.01526],[108.68055,12.01326],[108.6799,12.01175],[108.67988,12.01053],[108.68132,12.00912],[108.68093,12.00749],[108.68177,12.00557],[108.68324,12.00479],[108.68377,12.00397],[108.68303,12.00302],[108.68306,12.00145],[108.6837,12.00082],[108.68364,11.9993],[108.68405,11.99763],[108.68326,11.99639],[108.68353,11.99568],[108.6845,11.99492],[108.6848,11.99276],[108.68532,11.99151],[108.68467,11.99084],[108.68253,11.99028],[108.68082,11.9853],[108.68063,11.98449],[108.66542,11.96719],[108.66179,11.96181],[108.66166,11.96114],[108.662,11.9594],[108.66188,11.95751],[108.66033,11.95475],[108.6605,11.95346],[108.65996,11.95258],[108.65986,11.95074],[108.66294,11.94977],[108.66361,11.94928],[108.66428,11.94775],[108.66524,11.94621],[108.66407,11.94496],[108.66386,11.94434],[108.66425,11.94058],[108.66542,11.9394],[108.66551,11.93796],[108.6646,11.93556],[108.66365,11.93397],[108.66305,11.93231],[108.66221,11.9309],[108.66261,11.92936],[108.66267,11.92781],[108.66151,11.92765],[108.66032,11.92702],[108.66036,11.92606],[108.66174,11.92502],[108.664,11.91409],[108.66589,11.9135],[108.671,11.9154],[108.67283,11.91552],[108.674,11.91797],[108.675,11.91789],[108.6781,11.91821],[108.68023,11.91977],[108.68325,11.9205],[108.68504,11.92147],[108.70982,11.91903],[108.72242,11.89971],[108.73139,11.88734],[108.73362,11.88478],[108.73566,11.88199],[108.73697,11.87992],[108.73961,11.87608],[108.74069,11.87497],[108.74184,11.87488],[108.74207,11.87311],[108.74266,11.8725],[108.74261,11.86911],[108.74274,11.86807],[108.74356,11.86636],[108.74458,11.86502],[108.74512,11.86377],[108.74623,11.86343],[108.74882,11.86449],[108.74944,11.86183],[108.75042,11.86214],[108.75359,11.8624],[108.75476,11.86377],[108.7559,11.86305],[108.75757,11.86273],[108.75794,11.86158],[108.75914,11.86034],[108.75896,11.85899],[108.75989,11.85694],[108.76112,11.85589],[108.76143,11.85515],[108.76302,11.85478],[108.76459,11.85552],[108.76596,11.85523],[108.76635,11.85453],[108.76799,11.85382],[108.76964,11.85183],[108.77085,11.85167],[108.77226,11.85082],[108.77311,11.84818],[108.77252,11.84707],[108.77223,11.84529],[108.77249,11.84452],[108.77417,11.84269],[108.77504,11.84287],[108.77618,11.84189],[108.77811,11.84105],[108.78001,11.8393],[108.78401,11.83592],[108.78538,11.83436],[108.78753,11.83121],[108.78895,11.82886],[108.79119,11.82648],[108.79099,11.82458],[108.79142,11.82306],[108.79213,11.82175],[108.79217,11.82284],[108.79273,11.82358],[108.79453,11.8249],[108.79535,11.82585],[108.79519,11.82763],[108.79711,11.82728],[108.80064,11.82317],[108.80197,11.82546],[108.80028,11.82664],[108.79793,11.83009],[108.79954,11.82942],[108.80315,11.83434],[108.79958,11.83791],[108.80077,11.8392],[108.8022,11.83803],[108.80414,11.8402],[108.80492,11.84137],[108.80682,11.83928],[108.80771,11.84019],[108.80722,11.84174],[108.80674,11.84237],[108.80813,11.84493],[108.80931,11.84623],[108.80986,11.84492],[108.81064,11.84542],[108.81259,11.8454],[108.81249,11.84457],[108.8157,11.84769],[108.81522,11.84962],[108.81543,11.85015],[108.81515,11.85168],[108.81784,11.85505],[108.81905,11.85607],[108.82028,11.85622],[108.82125,11.8568],[108.82137,11.85739],[108.82087,11.85974],[108.82092,11.86204],[108.81972,11.86534],[108.8182,11.87092],[108.81917,11.87177],[108.82091,11.87255],[108.82789,11.87516],[108.83051,11.87638],[108.83004,11.87836],[108.82958,11.87881],[108.82663,11.87976],[108.82573,11.88055],[108.82558,11.8818],[108.82691,11.88316],[108.8267,11.88463],[108.82565,11.88532],[108.82607,11.88651],[108.82815,11.88664],[108.83042,11.886],[108.8312,11.88649],[108.83193,11.88851],[108.83062,11.88941],[108.82997,11.89026],[108.82962,11.89415],[108.83027,11.89517],[108.83322,11.89581],[108.83543,11.89549],[108.83623,11.89609],[108.8358,11.89725],[108.83673,11.89843],[108.83792,11.89904],[108.83941,11.89898],[108.84138,11.89969],[108.84189,11.89949],[108.8391,11.90402],[108.83833,11.90911],[108.83951,11.91047],[108.83863,11.91216],[108.83857,11.91384],[108.83711,11.91921],[108.83627,11.92319],[108.83747,11.92472],[108.83995,11.92498],[108.84099,11.92602],[108.84223,11.92624],[108.84386,11.92789],[108.84499,11.92783],[108.84689,11.92696],[108.84787,11.92709],[108.84815,11.92769],[108.85142,11.9279],[108.85246,11.92758],[108.85399,11.92937],[108.85627,11.93042],[108.8569,11.93112],[108.85782,11.93125],[108.85909,11.9319],[108.8603,11.93348],[108.86049,11.93449],[108.86251,11.9367],[108.86319,11.93829],[108.86308,11.93943],[108.86392,11.94096],[108.86386,11.94229],[108.86411,11.94425],[108.86374,11.94661],[108.86289,11.94824],[108.86393,11.9524],[108.86406,11.95628],[108.86394,11.95823],[108.86408,11.96285],[108.8639,11.96568],[108.86414,11.96667],[108.86515,11.96784],[108.86193,11.96731],[108.86048,11.96687],[108.85742,11.96546],[108.85652,11.96519],[108.85416,11.96503],[108.85147,11.9639],[108.84937,11.9659],[108.84895,11.96919],[108.84921,11.97317],[108.84899,11.97533],[108.84834,11.97688],[108.84665,11.97913],[108.84533,11.97991],[108.84653,11.98169],[108.84794,11.98443],[108.85052,11.98631],[108.85247,11.98835],[108.85453,11.98998],[108.85574,11.99043],[108.85713,11.9942],[108.85771,11.9949],[108.857,11.99687],[108.85759,11.99879],[108.85833,12.00024],[108.8584,12.00136],[108.85796,12.00296],[108.85699,12.00444],[108.85691,12.00603],[108.85646,12.00649],[108.85717,12.00809],[108.85579,12.01752],[108.85409,12.01777],[108.85264,12.01768],[108.852,12.01839],[108.84651,12.01933],[108.84501,12.02025],[108.84344,12.02089],[108.83893,12.02163],[108.83701,12.02161],[108.83506,12.022],[108.83409,12.02293],[108.82764,12.0275],[108.82314,12.03117],[108.82212,12.03101],[108.82134,12.0327],[108.82107,12.03419],[108.82001,12.03507],[108.81903,12.03787],[108.81937,12.03934],[108.81745,12.04002],[108.81674,12.04053],[108.81534,12.04081],[108.81238,12.04083],[108.8113,12.04154],[108.80993,12.04201],[108.80824,12.04203],[108.80702,12.0443],[108.8046,12.04553],[108.80279,12.04531],[108.80081,12.04451],[108.79957,12.04458],[108.7985,12.04425],[108.79895,12.04557],[108.80097,12.04664],[108.8014,12.04748],[108.80235,12.04832],[108.80186,12.04905],[108.80242,12.05132],[108.80408,12.05134],[108.8044,12.05498],[108.80807,12.05855],[108.80705,12.06111],[108.80681,12.06267],[108.80541,12.06483],[108.80423,12.06753],[108.80269,12.07004],[108.80089,12.07151],[108.80216,12.07376],[108.8023,12.0768],[108.80093,12.08059],[108.79931,12.08237],[108.79958,12.084],[108.79918,12.08525],[108.79761,12.08676],[108.79495,12.08741],[108.79448,12.08861],[108.7947,12.09065],[108.79367,12.09417],[108.79419,12.09487],[108.79689,12.09547],[108.79727,12.09594],[108.7972,12.09729],[108.79637,12.09899],[108.79648,12.10078],[108.79434,12.1016],[108.79362,12.10231],[108.79401,12.10553],[108.79372,12.10681],[108.7928,12.10844],[108.79255,12.11026],[108.79289,12.11187],[108.79257,12.11225],[108.78977,12.11344],[108.7892,12.11428],[108.7886,12.11595],[108.78872,12.11759],[108.78756,12.11971],[108.78662,12.12034],[108.78436,12.12101],[108.78397,12.12159],[108.78398,12.12406],[108.78356,12.12603],[108.7844,12.12673],[108.78445,12.12877],[108.78539,12.13066],[108.78562,12.13293],[108.78555,12.13429],[108.78663,12.13686],[108.78648,12.1385],[108.78681,12.14033],[108.78832,12.14214],[108.78772,12.14313],[108.78731,12.14574],[108.78827,12.14981],[108.78938,12.15154],[108.78964,12.15242],[108.78945,12.15391],[108.79027,12.15527],[108.79007,12.15695],[108.79021,12.15957]]]},"properties":{"a01_tinh":"diaphanhanhchinhcaptinh_sn.133","a02_xa":"diaphanhanhchinhcapxa_2025.1145","a03_ten":"Xã Bác Ái Tây","a04_tentinh":"Tỉnh Khánh Hòa","a05_truocsn":"Xã Phước Hòa, Xã Phước Tân, Xã Phước Bình","a06_trungtamhc":"UBND xã Phước Hòa  ","a07_dt":"478.7","a08_ds":"1109","a09_dthoai":null,"a10_web":null,"ten":"Xã Bác Ái Tây","ma":"22786","tentinh":"Tỉnh Khánh Hòa","truocsapnhap":"Xã Phước Hòa, Xã Phước Tân, Xã Phước Bình","dientichkm2":null,"dansonguoi":null},"id":"diaphanhanhchinhcapxa_2025.1145"},
{"type":"Feature","geometry":{"type":"Polygon","coordinates":[[[108.94323,12.46218],[108.94086,12.46289],[108.93938,12.46302],[108.93692,12.46359],[108.93503,12.46567],[108.93278,12.46583],[108.9294,12.46636],[108.9286,12.46682],[108.92818,12.46801],[108.92876,12.4696],[108.92893,12.47173],[108.92996,12.47302],[108.92661,12.47564],[108.92591,12.47724],[108.92388,12.47908],[108.9238,12.48045],[108.92407,12.48165],[108.9216,12.48459],[108.91939,12.48436],[108.91798,12.48545],[108.91715,12.48548],[108.91658,12.48656],[108.91502,12.48744],[108.89829,12.48874],[108.89729,12.48985],[108.89549,12.49141],[108.89309,12.49],[108.89061,12.49019],[108.8884,12.49079],[108.88807,12.49173],[108.88691,12.49232],[108.88627,12.49376],[108.88406,12.49394],[108.88381,12.49563],[108.88238,12.49648],[108.88109,12.49547],[108.87929,12.49729],[108.87812,12.498],[108.87715,12.49742],[108.87526,12.49761],[108.87147,12.50556],[108.86992,12.50376],[108.86816,12.50358],[108.86677,12.50278],[108.86481,12.50126],[108.86366,12.49897],[108.86115,12.49648],[108.86058,12.49539],[108.86109,12.49445],[108.8624,12.49051],[108.86411,12.49093],[108.86457,12.49002],[108.86671,12.48872],[108.86862,12.48619],[108.87131,12.48479],[108.87413,12.48412],[108.8747,12.48301],[108.87645,12.48255],[108.87835,12.48118],[108.8787,12.48012],[108.8745,12.46895],[108.87273,12.46868],[108.87021,12.46741],[108.86984,12.46617],[108.86995,12.4653],[108.87077,12.46333],[108.86993,12.46167],[108.86953,12.45862],[108.86789,12.45617],[108.86829,12.4553],[108.87049,12.45358],[108.8725,12.45273],[108.87331,12.45287],[108.87447,12.45216],[108.8756,12.45099],[108.87622,12.45099],[108.87716,12.45178],[108.87914,12.4521],[108.87971,12.45189],[108.88218,12.45216],[108.88322,12.4517],[108.88499,12.4502],[108.88609,12.44892],[108.88763,12.44811],[108.89064,12.44332],[108.89183,12.44109],[108.89274,12.44109],[108.89372,12.43948],[108.89564,12.4376],[108.89591,12.43705],[108.89599,12.43522],[108.89663,12.43404],[108.89639,12.43188],[108.89868,12.42863],[108.89756,12.42687],[108.89786,12.42535],[108.89882,12.42442],[108.89874,12.42335],[108.89969,12.42182],[108.90002,12.42066],[108.90127,12.41828],[108.90317,12.41806],[108.90486,12.4174],[108.90703,12.41878],[108.90747,12.41967],[108.91022,12.41891],[108.91156,12.41909],[108.91276,12.41996],[108.91469,12.42054],[108.91443,12.42158],[108.91635,12.42296],[108.91616,12.42444],[108.91703,12.42559],[108.91772,12.4277],[108.91951,12.42954],[108.92142,12.42969],[108.92434,12.43091],[108.92701,12.43173],[108.92831,12.43138],[108.92961,12.4315],[108.93211,12.43251],[108.93412,12.43225],[108.93558,12.43134],[108.93709,12.43118],[108.93574,12.42969],[108.93386,12.42968],[108.93283,12.42927],[108.93282,12.42636],[108.93222,12.42325],[108.93175,12.42198],[108.93324,12.42052],[108.93399,12.41937],[108.93392,12.41796],[108.93288,12.41648],[108.93207,12.41605],[108.93191,12.41257],[108.93242,12.41143],[108.93181,12.40974],[108.9326,12.40922],[108.93233,12.40744],[108.93326,12.40634],[108.93419,12.40474],[108.93541,12.40329],[108.93631,12.40351],[108.93767,12.40226],[108.93801,12.40134],[108.94006,12.40137],[108.94163,12.40001],[108.94242,12.40064],[108.94371,12.39961],[108.94408,12.39785],[108.94268,12.39633],[108.94354,12.39547],[108.94219,12.39411],[108.94115,12.39207],[108.94183,12.39171],[108.9407,12.39033],[108.94112,12.3897],[108.94077,12.38833],[108.93989,12.38809],[108.93932,12.38713],[108.93959,12.3853],[108.94021,12.38436],[108.94046,12.38321],[108.93927,12.38181],[108.94002,12.3803],[108.93905,12.37933],[108.94264,12.37278],[108.94264,12.37124],[108.94211,12.37077],[108.94048,12.37102],[108.93956,12.36782],[108.9385,12.36711],[108.93713,12.3673],[108.93699,12.36664],[108.93531,12.36454],[108.93372,12.36359],[108.93425,12.36227],[108.93423,12.36115],[108.93068,12.35874],[108.92935,12.3585],[108.92791,12.35777],[108.92649,12.35791],[108.92523,12.35721],[108.92425,12.35551],[108.92348,12.35538],[108.92237,12.35595],[108.92257,12.35357],[108.9233,12.3525],[108.92296,12.35125],[108.9233,12.34973],[108.92239,12.34827],[108.92316,12.34745],[108.92261,12.34515],[108.92142,12.34427],[108.92608,12.34023],[108.93414,12.3335],[108.93455,12.33474],[108.9351,12.33503],[108.93705,12.33421],[108.93793,12.33662],[108.93879,12.33686],[108.93921,12.33848],[108.94014,12.33802],[108.9435,12.33728],[108.94452,12.33721],[108.94601,12.33656],[108.94696,12.33664],[108.94762,12.33724],[108.95121,12.33733],[108.9632,12.35396],[108.96723,12.35623],[108.96807,12.35497],[108.96911,12.35441],[108.97096,12.35245],[108.97251,12.35222],[108.9751,12.35288],[108.97579,12.35231],[108.97557,12.35055],[108.97605,12.34965],[108.97519,12.34816],[108.97579,12.34735],[108.97649,12.34742],[108.97771,12.3469],[108.97824,12.34607],[108.97801,12.3453],[108.97704,12.3453],[108.97627,12.34444],[108.97625,12.34332],[108.9754,12.34312],[108.97492,12.34226],[108.97565,12.34001],[108.97646,12.33856],[108.97645,12.33783],[108.97561,12.33723],[108.97709,12.3366],[108.9775,12.33804],[108.97936,12.33655],[108.98271,12.33565],[108.98446,12.33618],[108.9848,12.33558],[108.98708,12.33526],[108.98993,12.33757],[108.99334,12.33753],[108.99434,12.33668],[108.9963,12.33722],[108.99941,12.33924],[109.00094,12.33898],[109.00146,12.33919],[109.00315,12.34101],[109.00453,12.34083],[109.00583,12.34005],[109.00866,12.34148],[109.00895,12.34205],[109.01062,12.34377],[109.01191,12.3439],[109.01221,12.34497],[109.01352,12.34455],[109.01461,12.34296],[109.0164,12.34536],[109.01766,12.34613],[109.01946,12.34681],[109.01946,12.34773],[109.02006,12.34897],[109.0226,12.351],[109.0234,12.35133],[109.02853,12.35471],[109.02951,12.35609],[109.03131,12.35672],[109.03372,12.35646],[109.03587,12.35694],[109.03903,12.35745],[109.04087,12.35832],[109.0433,12.35867],[109.04396,12.35991],[109.0455,12.36094],[109.04749,12.36376],[109.04716,12.36545],[109.04806,12.36663],[109.0492,12.37077],[109.0496,12.37335],[109.05088,12.37493],[109.05235,12.37603],[109.05278,12.37761],[109.0542,12.37928],[109.0581,12.38156],[109.06083,12.38269],[109.06265,12.38463],[109.06355,12.38777],[109.06498,12.38918],[109.06487,12.39034],[109.06386,12.3919],[109.06352,12.39435],[109.06203,12.39466],[109.06042,12.39447],[109.05884,12.39538],[109.05673,12.39566],[109.05298,12.39857],[109.05107,12.39899],[109.04961,12.4004],[109.04987,12.40149],[109.04831,12.40319],[109.04754,12.40366],[109.04689,12.40464],[109.04434,12.40595],[109.04227,12.40612],[109.0401,12.40599],[109.03565,12.40547],[109.03153,12.40588],[109.02854,12.40483],[109.02673,12.40572],[109.02419,12.40481],[109.02231,12.4039],[109.02131,12.4045],[109.01956,12.40469],[109.01718,12.40604],[109.01539,12.4063],[109.01491,12.40696],[109.01251,12.40803],[109.01023,12.40861],[109.00824,12.40593],[109.0066,12.40644],[109.00494,12.40668],[109.00389,12.40619],[109.00338,12.4043],[109.0035,12.40178],[109.00218,12.39977],[109.00293,12.39781],[109.00339,12.39737],[109.00141,12.39649],[109.00037,12.39675],[108.99946,12.39762],[108.9977,12.39817],[108.99712,12.40059],[108.99654,12.40161],[108.99519,12.40203],[108.99286,12.40203],[108.99074,12.40059],[108.99016,12.40619],[108.98944,12.40834],[108.98744,12.4102],[108.98591,12.40954],[108.98522,12.40964],[108.98379,12.41081],[108.98265,12.41255],[108.97996,12.41602],[108.97836,12.41742],[108.97673,12.41842],[108.97634,12.42055],[108.97568,12.42084],[108.97477,12.4223],[108.97371,12.42294],[108.97208,12.42635],[108.97101,12.42732],[108.96917,12.42798],[108.96752,12.42762],[108.96654,12.42775],[108.96446,12.42742],[108.96356,12.42758],[108.96104,12.42968],[108.95911,12.43158],[108.95031,12.43592],[108.95145,12.43867],[108.95002,12.43912],[108.94823,12.43897],[108.94557,12.43988],[108.94518,12.44074],[108.94441,12.44462],[108.94443,12.44551],[108.94558,12.44856],[108.94583,12.45046],[108.94702,12.45188],[108.94636,12.45359],[108.94624,12.45673],[108.94507,12.45801],[108.94422,12.46096],[108.94323,12.46218]]]},"properties":{"a01_tinh":"diaphanhanhchinhcaptinh_sn.133","a02_xa":"diaphanhanhchinhcapxa_2025.1116","a03_ten":"Xã Bắc Khánh Vĩnh","a04_tentinh":"Tỉnh Khánh Hòa","a05_truocsn":"Xã Khánh Bình, Xã Khánh Đông","a06_trungtamhc":"UBND xã Khánh Bình","a07_dt":"144.2","a08_ds":"9199","a09_dthoai":null,"a10_web":null,"ten":"Xã Bắc Khánh Vĩnh","ma":"22615","tentinh":"Tỉnh Khánh Hòa","truocsapnhap":"Xã Khánh Bình, Xã Khánh Đông","dientichkm2":null,"dansonguoi":null},"id":"diaphanhanhchinhcapxa_2025.1116"},
{"type":"Feature","geometry":{"type":"Polygon","coordinates":[[[109.08527,12.74386],[109.08442,12.74311],[109.08272,12.74352],[109.0817,12.74341],[109.07846,12.74427],[109.07762,12.74488],[109.07609,12.74534],[109.07554,12.74583],[109.07362,12.74672],[109.07291,12.74897],[109.07119,12.75082],[109.06914,12.75209],[109.06807,12.75363],[109.06746,12.75372],[109.06578,12.75283],[109.06501,12.75132],[109.06245,12.74852],[109.06181,12.7471],[109.0608,12.74669],[109.06039,12.7449],[109.05945,12.74429],[109.05852,12.74455],[109.05752,12.74591],[109.05656,12.74583],[109.05567,12.74706],[109.05355,12.74584],[109.05279,12.74596],[109.05192,12.74703],[109.05126,12.74696],[109.04866,12.74762],[109.04767,12.74719],[109.04583,12.74703],[109.0445,12.74613],[109.04312,12.74438],[109.04206,12.7442],[109.04092,12.74467],[109.03973,12.74594],[109.03864,12.74584],[109.03756,12.74473],[109.03724,12.74399],[109.03788,12.74317],[109.03744,12.74267],[109.03858,12.74191],[109.03816,12.74065],[109.03877,12.7404],[109.03933,12.73931],[109.03874,12.73843],[109.03825,12.7367],[109.03717,12.73694],[109.03541,12.73663],[109.03328,12.73665],[109.03245,12.73538],[109.03133,12.73485],[109.02996,12.73537],[109.02782,12.73474],[109.02698,12.73535],[109.0257,12.73538],[109.02483,12.7362],[109.02359,12.7351],[109.02167,12.73306],[109.02041,12.73086],[109.01736,12.72904],[109.01521,12.72859],[109.01463,12.72786],[109.01629,12.72635],[109.0165,12.72497],[109.01737,12.72384],[109.01864,12.72364],[109.01962,12.72301],[109.01898,12.72217],[109.01789,12.72267],[109.01625,12.72146],[109.01488,12.72152],[109.01383,12.72066],[109.01408,12.71912],[109.01324,12.71836],[109.01173,12.71921],[109.0111,12.71893],[109.00869,12.71913],[109.00727,12.7179],[109.00576,12.71721],[109.00486,12.71625],[109.00492,12.71526],[109.00425,12.71409],[109.00315,12.71339],[108.9912,12.70472],[108.98925,12.70472],[108.98665,12.7039],[108.98573,12.70267],[108.98609,12.70117],[108.98771,12.70045],[108.98753,12.69942],[108.98684,12.69875],[108.98631,12.69742],[108.98767,12.69511],[108.98874,12.69437],[108.9893,12.69281],[108.98891,12.69093],[108.98835,12.68981],[108.98687,12.68943],[108.98781,12.68836],[108.98972,12.68671],[108.99321,12.68606],[108.99387,12.6853],[108.99371,12.68397],[108.99579,12.68408],[108.99647,12.6838],[109.00063,12.68337],[109.00246,12.68366],[109.00342,12.68276],[109.00435,12.68277],[109.00584,12.68331],[109.00713,12.68338],[109.0077,12.68303],[109.00986,12.68278],[109.01065,12.68226],[109.01268,12.68202],[109.01394,12.68054],[109.01634,12.68003],[109.01635,12.67827],[109.01815,12.67543],[109.02025,12.67339],[109.02174,12.67365],[109.02323,12.67434],[109.02704,12.67524],[109.02902,12.67412],[109.03036,12.67427],[109.03317,12.67515],[109.03588,12.6767],[109.03672,12.67654],[109.03592,12.67466],[109.03626,12.67292],[109.03575,12.67125],[109.0367,12.66968],[109.03724,12.66931],[109.03405,12.66764],[109.03345,12.66707],[109.03314,12.66409],[109.03274,12.66259],[109.03231,12.65817],[109.0324,12.65665],[109.0322,12.65458],[109.03121,12.6532],[109.03429,12.6508],[109.03512,12.64852],[109.03512,12.64767],[109.03587,12.64643],[109.03576,12.64551],[109.03689,12.64462],[109.03865,12.64425],[109.0396,12.64324],[109.04169,12.64223],[109.04272,12.64131],[109.04392,12.64099],[109.04439,12.6403],[109.04454,12.63904],[109.04524,12.63794],[109.04593,12.63579],[109.04675,12.63493],[109.04758,12.6331],[109.04867,12.63234],[109.04928,12.63147],[109.04962,12.62986],[109.05138,12.62674],[109.05336,12.62583],[109.05458,12.6258],[109.05671,12.62622],[109.05898,12.62479],[109.05955,12.62397],[109.05965,12.62304],[109.06076,12.62201],[109.06112,12.62087],[109.06044,12.61857],[109.06,12.61786],[109.06068,12.61656],[109.06221,12.61534],[109.06414,12.61475],[109.06493,12.61422],[109.06659,12.61371],[109.06673,12.61252],[109.06815,12.61173],[109.07159,12.61088],[109.07193,12.60905],[109.07144,12.60584],[109.07133,12.60387],[109.07061,12.60215],[109.07075,12.5999],[109.07183,12.5984],[109.07234,12.59682],[109.0745,12.59675],[109.07614,12.59543],[109.0784,12.59487],[109.08045,12.59574],[109.0834,12.59292],[109.08545,12.59207],[109.08651,12.59213],[109.08695,12.59153],[109.10206,12.57954],[109.10332,12.57315],[109.10384,12.57098],[109.10495,12.5716],[109.10678,12.57144],[109.10777,12.5733],[109.10916,12.57379],[109.11061,12.57341],[109.11272,12.57438],[109.11328,12.57571],[109.11405,12.57624],[109.11628,12.57646],[109.1184,12.58267],[109.11957,12.58175],[109.12096,12.58114],[109.12165,12.58036],[109.12063,12.57702],[109.11985,12.57578],[109.11977,12.57358],[109.12013,12.57262],[109.12012,12.571],[109.1191,12.56907],[109.11997,12.56822],[109.12144,12.56781],[109.12305,12.5654],[109.12263,12.56423],[109.12474,12.56318],[109.12567,12.56397],[109.12608,12.56527],[109.12681,12.56547],[109.12806,12.56433],[109.12813,12.56358],[109.12724,12.5613],[109.12645,12.56012],[109.12596,12.55781],[109.12615,12.55576],[109.12722,12.55405],[109.12866,12.55332],[109.12788,12.5514],[109.12703,12.55081],[109.1286,12.54758],[109.12931,12.54758],[109.13067,12.54642],[109.13296,12.54603],[109.13396,12.54686],[109.13667,12.54692],[109.1369,12.54631],[109.13986,12.549],[109.14129,12.54914],[109.14474,12.54902],[109.14621,12.54838],[109.14922,12.54765],[109.14851,12.54613],[109.14995,12.54442],[109.14972,12.54415],[109.14998,12.54218],[109.14974,12.54092],[109.14861,12.53127],[109.14762,12.52995],[109.14592,12.52878],[109.14416,12.52709],[109.14417,12.52638],[109.14532,12.52496],[109.14497,12.52374],[109.15603,12.51789],[109.1565,12.51747],[109.16798,12.51224],[109.16811,12.51164],[109.1722,12.51116],[109.17379,12.50895],[109.1771,12.50724],[109.1788,12.5071],[109.18039,12.5065],[109.18084,12.50558],[109.18323,12.50383],[109.18464,12.50389],[109.18518,12.50314],[109.18683,12.50277],[109.18883,12.49933],[109.19175,12.49692],[109.1926,12.49344],[109.19328,12.48986],[109.19416,12.48944],[109.19537,12.49046],[109.19645,12.49058],[109.19784,12.48976],[109.19814,12.49153],[109.19955,12.49289],[109.20095,12.49586],[109.20214,12.49761],[109.20121,12.5005],[109.19915,12.5049],[109.19851,12.50769],[109.19823,12.51254],[109.19771,12.51389],[109.19789,12.51506],[109.19731,12.51618],[109.1975,12.51956],[109.19983,12.52044],[109.2009,12.52195],[109.20023,12.52428],[109.19381,12.52767],[109.19307,12.52989],[109.19276,12.53145],[109.19418,12.53156],[109.19425,12.53448],[109.19404,12.53574],[109.19513,12.53609],[109.19471,12.54083],[109.19321,12.54152],[109.19284,12.54206],[109.19281,12.54459],[109.19258,12.54569],[109.19265,12.5474],[109.19352,12.54897],[109.19478,12.54949],[109.19869,12.55076],[109.20006,12.54995],[109.20171,12.55016],[109.20192,12.55187],[109.20166,12.55278],[109.20189,12.55475],[109.20325,12.55566],[109.20923,12.55571],[109.21246,12.55494],[109.21171,12.55747],[109.21114,12.56069],[109.20985,12.56275],[109.20962,12.56667],[109.20982,12.56877],[109.20898,12.56966],[109.20742,12.56999],[109.20765,12.57083],[109.2066,12.57099],[109.20631,12.56931],[109.20559,12.56982],[109.20444,12.56798],[109.20348,12.56898],[109.20247,12.56942],[109.2016,12.56919],[109.20072,12.56972],[109.20026,12.57068],[109.19895,12.56908],[109.19781,12.56929],[109.19695,12.57019],[109.19793,12.57094],[109.19688,12.57284],[109.19605,12.57565],[109.19561,12.57608],[109.19741,12.57996],[109.19868,12.58032],[109.19996,12.58334],[109.2009,12.58478],[109.20133,12.5869],[109.20095,12.58711],[109.19601,12.58795],[109.19507,12.58798],[109.19146,12.58741],[109.19082,12.58596],[109.18928,12.58587],[109.18076,12.58507],[109.17684,12.58429],[109.17314,12.58413],[109.17092,12.58342],[109.16866,12.58241],[109.16788,12.58289],[109.16595,12.58269],[109.16511,12.58227],[109.16467,12.5829],[109.16374,12.58525],[109.16155,12.58511],[109.16001,12.586],[109.15851,12.58609],[109.15881,12.58847],[109.15825,12.59042],[109.15752,12.59188],[109.15734,12.59311],[109.15647,12.59424],[109.15802,12.61247],[109.15348,12.62397],[109.15234,12.62788],[109.14457,12.63265],[109.13182,12.63861],[109.1156,12.64121],[109.1158,12.64217],[109.11715,12.64387],[109.11932,12.64566],[109.12096,12.64738],[109.12127,12.64921],[109.12111,12.65061],[109.12141,12.65175],[109.12216,12.65231],[109.12277,12.65355],[109.12442,12.65537],[109.12482,12.65788],[109.12545,12.65914],[109.12612,12.66128],[109.12822,12.66257],[109.12913,12.66462],[109.13092,12.66574],[109.12875,12.66739],[109.12376,12.67235],[109.12225,12.67351],[109.12121,12.67388],[109.12089,12.67451],[109.11967,12.67552],[109.11869,12.67511],[109.11781,12.67593],[109.11631,12.67617],[109.11452,12.67524],[109.11453,12.67614],[109.11379,12.67762],[109.11263,12.67877],[109.10847,12.68034],[109.10813,12.6814],[109.1094,12.68605],[109.11014,12.68819],[109.11007,12.68962],[109.11061,12.69111],[109.11109,12.69153],[109.11074,12.69301],[109.1096,12.69432],[109.10879,12.69617],[109.1071,12.69761],[109.1067,12.69901],[109.10524,12.69986],[109.10415,12.70104],[109.10386,12.70222],[109.10504,12.70571],[109.1052,12.70725],[109.10481,12.70848],[109.10475,12.7102],[109.10554,12.71143],[109.10533,12.71226],[109.10608,12.71289],[109.10623,12.71376],[109.10715,12.71551],[109.10698,12.71723],[109.10755,12.71788],[109.10728,12.71916],[109.10662,12.7201],[109.10522,12.72189],[109.10376,12.72229],[109.10313,12.72399],[109.10004,12.72569],[109.09846,12.72587],[109.09683,12.7264],[109.09778,12.72727],[109.09923,12.72969],[109.09781,12.73197],[109.09493,12.73553],[109.09367,12.73629],[109.09293,12.7358],[109.09154,12.73626],[109.08984,12.73787],[109.0876,12.73815],[109.08621,12.73946],[109.0853,12.74069],[109.08514,12.74211],[109.08556,12.743],[109.08527,12.74386]]]},"properties":{"a01_tinh":"diaphanhanhchinhcaptinh_sn.133","a02_xa":"diaphanhanhchinhcapxa_2025.1110","a03_ten":"Xã Bắc Ninh Hòa","a04_tentinh":"Tỉnh Khánh Hòa","a05_truocsn":"Xã Ninh An, Xã Ninh Sơn, Xã Ninh Thọ","a06_trungtamhc":"UBND xã Ninh Thọ","a07_dt":"237","a08_ds":"32329","a09_dthoai":null,"a10_web":null,"ten":"Xã Bắc Ninh Hòa","ma":"22546","tentinh":"Tỉnh Khánh Hòa","truocsapnhap":"Xã Ninh An, Xã Ninh Sơn, Xã Ninh Thọ","dientichkm2":null,"dansonguoi":null},"id":"diaphanhanhchinhcapxa_2025.1110"},
{"type":"Feature","geometry":{"type":"Polygon","coordinates":[[[108.95933,11.31563],[108.95912,11.31694],[108.95968,11.3184],[108.96055,11.31935],[108.96093,11.32114],[108.96074,11.3222],[108.96084,11.32404],[108.96123,11.32584],[108.95979,11.32713],[108.95844,11.32768],[108.95813,11.33023],[108.95731,11.33118],[108.9553,11.3365],[108.95321,11.34121],[108.95179,11.34412],[108.95011,11.34821],[108.94292,11.36611],[108.94203,11.36849],[108.93348,11.37893],[108.92518,11.39289],[108.92263,11.39739],[108.92243,11.39545],[108.92157,11.39382],[108.92057,11.39285],[108.91778,11.39154],[108.9167,11.3906],[108.9161,11.38923],[108.9151,11.38851],[108.91436,11.3874],[108.91314,11.38671],[108.91201,11.38646],[108.91003,11.3855],[108.90978,11.38417],[108.90998,11.38133],[108.90393,11.38397],[108.90317,11.38392],[108.90146,11.38286],[108.90035,11.38245],[108.89872,11.38244],[108.89647,11.38204],[108.89574,11.38212],[108.89411,11.38164],[108.89261,11.382],[108.89115,11.38187],[108.89034,11.38094],[108.88883,11.37841],[108.88758,11.37801],[108.8866,11.37616],[108.88488,11.3772],[108.88413,11.37576],[108.88107,11.37886],[108.88089,11.37997],[108.87997,11.38097],[108.87717,11.38076],[108.87553,11.38138],[108.87348,11.38061],[108.87187,11.37759],[108.8701,11.37735],[108.86871,11.37763],[108.86673,11.37763],[108.86312,11.37916],[108.85986,11.37997],[108.85869,11.38061],[108.8565,11.38105],[108.85574,11.37989],[108.85147,11.37907],[108.84885,11.37944],[108.84713,11.37829],[108.84499,11.37812],[108.84396,11.37707],[108.84553,11.366],[108.84693,11.36475],[108.84917,11.36411],[108.85024,11.36307],[108.85054,11.36157],[108.85198,11.36033],[108.8527,11.36038],[108.85444,11.35918],[108.85507,11.35746],[108.85688,11.35615],[108.86029,11.35461],[108.86412,11.35269],[108.86554,11.35181],[108.86635,11.35191],[108.86808,11.35321],[108.86945,11.35476],[108.87034,11.35496],[108.87099,11.35428],[108.87211,11.35382],[108.87447,11.3535],[108.87578,11.35382],[108.87663,11.35438],[108.87615,11.34045],[108.87498,11.33769],[108.87334,11.33535],[108.87238,11.33454],[108.87121,11.33404],[108.86962,11.33387],[108.86721,11.33466],[108.86638,11.33475],[108.86635,11.33328],[108.86768,11.33298],[108.87027,11.33319],[108.87179,11.33283],[108.87381,11.33265],[108.87429,11.33348],[108.87422,11.33472],[108.87533,11.33617],[108.87907,11.33756],[108.8803,11.33771],[108.88503,11.33729],[108.88634,11.3375],[108.88677,11.33575],[108.88757,11.33425],[108.88981,11.33306],[108.89424,11.33022],[108.89804,11.32691],[108.89974,11.32527],[108.9018,11.3237],[108.90336,11.32291],[108.90948,11.31916],[108.91172,11.31825],[108.91417,11.31699],[108.91572,11.31583],[108.91785,11.31462],[108.91874,11.31269],[108.91889,11.31134],[108.91783,11.30997],[108.91883,11.30781],[108.9195,11.30776],[108.921,11.30863],[108.9226,11.3101],[108.92431,11.31057],[108.92836,11.30951],[108.9292,11.30784],[108.93093,11.30781],[108.93171,11.30736],[108.93292,11.30736],[108.93481,11.30792],[108.93622,11.30926],[108.9361,11.31024],[108.93723,11.31072],[108.93788,11.31152],[108.94096,11.31131],[108.94395,11.31303],[108.94588,11.31343],[108.94669,11.31327],[108.94813,11.31449],[108.94855,11.31444],[108.95002,11.31294],[108.95071,11.31307],[108.95149,11.31395],[108.95294,11.3147],[108.95455,11.3143],[108.95642,11.31532],[108.95813,11.31572],[108.95933,11.31563]]]},"properties":{"a01_tinh":"diaphanhanhchinhcaptinh_sn.133","a02_xa":"diaphanhanhchinhcapxa_2025.1162","a03_ten":"Xã Cà Ná","a04_tentinh":"Tỉnh Khánh Hòa","a05_truocsn":"Xã Phước Diêm, Xã Cà Ná","a06_trungtamhc":"UBND xã Phước Diêm","a07_dt":"63.9","a08_ds":"24903","a09_dthoai":null,"a10_web":null,"ten":"Xã Cà Ná","ma":"22909","tentinh":"Tỉnh Khánh Hòa","truocsapnhap":"Xã Phước Diêm, Xã Cà Ná","dientichkm2":null,"dansonguoi":null},"id":"diaphanhanhchinhcapxa_2025.1162"},
{"type":"Feature","geometry":{"type":"Polygon","coordinates":[[[109.00592,11.96049],[109.00772,11.96051],[109.00968,11.95944],[109.0106,11.95973],[109.01148,11.95942],[109.01231,11.95991],[109.01474,11.95951],[109.01638,11.96025],[109.01925,11.96009],[109.02029,11.95981],[109.02077,11.95895],[109.02207,11.95821],[109.02345,11.95784],[109.02508,11.958],[109.02704,11.95686],[109.02973,11.95682],[109.03074,11.95645],[109.03139,11.95489],[109.0328,11.95427],[109.03487,11.95434],[109.03645,11.95415],[109.03872,11.95262],[109.03915,11.95173],[109.03888,11.95049],[109.04161,11.95142],[109.04459,11.95203],[109.04724,11.95162],[109.04934,11.9499],[109.05082,11.94973],[109.05261,11.94894],[109.05403,11.94776],[109.05523,11.94722],[109.05658,11.946],[109.05732,11.94491],[109.06178,11.93655],[109.06226,11.93731],[109.06278,11.93988],[109.06319,11.94078],[109.06716,11.94348],[109.06856,11.94688],[109.07134,11.9494],[109.07319,11.95021],[109.07587,11.95182],[109.08008,11.95346],[109.08162,11.95612],[109.09135,11.95841],[109.09187,11.95873],[109.09328,11.95847],[109.09361,11.95781],[109.09785,11.9581],[109.10031,11.95864],[109.1018,11.95927],[109.10266,11.96031],[109.10237,11.96101],[109.1038,11.96199],[109.10435,11.96195],[109.10429,11.96411],[109.10448,11.96527],[109.10529,11.96716],[109.10616,11.96825],[109.10973,11.9713],[109.11028,11.97193],[109.11251,11.97182],[109.11361,11.97106],[109.11474,11.96989],[109.1159,11.96947],[109.11796,11.96815],[109.11885,11.96815],[109.12065,11.96617],[109.12313,11.96464],[109.12416,11.96353],[109.12488,11.96142],[109.12503,11.96033],[109.12678,11.95771],[109.12833,11.95683],[109.12987,11.95693],[109.13137,11.95848],[109.13231,11.959],[109.13272,11.96048],[109.13259,11.96185],[109.13318,11.9647],[109.1338,11.96578],[109.13602,11.96792],[109.13702,11.96962],[109.13899,11.97147],[109.13926,11.97224],[109.14135,11.97364],[109.14172,11.97592],[109.14215,11.97698],[109.14179,11.97773],[109.14225,11.97961],[109.14383,11.98194],[109.14466,11.98472],[109.1447,11.98556],[109.14403,11.98713],[109.14457,11.98785],[109.14483,11.98921],[109.13964,11.99119],[109.13731,11.99238],[109.13344,11.99332],[109.12372,11.99482],[109.11914,11.99547],[109.11993,12.00145],[109.12074,12.00673],[109.12172,12.01404],[109.12037,12.01422],[109.11767,12.01413],[109.11765,12.01677],[109.11778,12.02385],[109.10922,12.02393],[109.10631,12.02404],[109.10498,12.02329],[109.10362,12.02363],[109.10264,12.02535],[109.09995,12.02646],[109.09885,12.02766],[109.09633,12.02745],[109.09593,12.02845],[109.09415,12.03058],[109.09237,12.03119],[109.09112,12.03131],[109.09053,12.03206],[109.08878,12.03244],[109.08818,12.03062],[109.08636,12.03047],[109.08487,12.02994],[109.08296,12.02963],[109.0822,12.02915],[109.08105,12.02972],[109.08073,12.03062],[109.07824,12.03096],[109.07716,12.03057],[109.07499,12.03033],[109.07302,12.02941],[109.0712,12.02811],[109.07073,12.02805],[109.06999,12.0268],[109.06694,12.0255],[109.06629,12.02476],[109.06459,12.0237],[109.06474,12.02493],[109.06379,12.02727],[109.06199,12.02953],[109.06153,12.03095],[109.06215,12.0327],[109.06221,12.03382],[109.06127,12.03647],[109.05955,12.03753],[109.05882,12.0384],[109.05787,12.04129],[109.05772,12.04325],[109.05643,12.04453],[109.05445,12.04434],[109.05228,12.04385],[109.05163,12.0431],[109.04975,12.04263],[109.04844,12.04159],[109.0455,12.04067],[109.04488,12.03992],[109.04241,12.03907],[109.04132,12.03756],[109.03953,12.03834],[109.03941,12.0402],[109.03902,12.04241],[109.03754,12.04359],[109.03696,12.04465],[109.03598,12.04474],[109.03537,12.04547],[109.03298,12.04654],[109.0315,12.04779],[109.0308,12.05004],[109.02991,12.05034],[109.02837,12.0497],[109.02768,12.04895],[109.02609,12.049],[109.02474,12.05043],[109.02205,12.05067],[109.02102,12.05019],[109.0182,12.05058],[109.01645,12.05247],[109.00166,12.05197],[109.00011,12.05223],[109.0008,12.05083],[109.00174,12.04974],[109.0037,12.04922],[109.00437,12.04683],[109.00564,12.04656],[109.00586,12.0449],[109.00559,12.04277],[109.00471,12.04097],[109.00397,12.04073],[109.00301,12.03903],[109.00208,12.03889],[108.9974,12.03587],[108.99451,12.03463],[108.99377,12.03377],[108.99299,12.03381],[108.99297,12.0313],[108.99359,12.02959],[108.99452,12.02935],[108.9956,12.02701],[108.99695,12.02729],[108.99812,12.02698],[109.0019,12.027],[109.00207,12.02595],[109.00313,12.02418],[109.00259,12.02159],[109.00224,12.01855],[109.00247,12.01738],[109.00182,12.01646],[109.00082,12.01386],[109.00183,12.01254],[109.00372,12.01174],[109.00469,12.01024],[109.00624,12.0099],[109.00666,12.0086],[109.00755,12.00773],[109.00782,12.00666],[109.00658,12.00408],[109.00538,12.00257],[109.00505,12.00155],[109.00377,12.00017],[109.00289,11.99824],[109.00319,11.99687],[109.00288,11.99531],[109.00301,11.99351],[109.0034,11.99218],[109.00434,11.99141],[109.00459,11.9905],[109.00392,11.98981],[109.00409,11.98849],[109.00511,11.98596],[109.00632,11.9854],[109.00734,11.9833],[109.00747,11.98137],[109.00708,11.98032],[109.00707,11.97882],[109.00621,11.97667],[109.00546,11.97396],[109.00535,11.97286],[109.00558,11.97099],[109.00481,11.96928],[109.00474,11.96807],[109.00373,11.9652],[109.00527,11.96218],[109.0054,11.96085],[109.00592,11.96049]]]},"properties":{"a01_tinh":"diaphanhanhchinhcaptinh_sn.133","a02_xa":"diaphanhanhchinhcapxa_2025.1127","a03_ten":"Xã Cam An","a04_tentinh":"Tỉnh Khánh Hòa","a05_truocsn":"Xã Cam Phước Tây, Xã Cam An Bắc, Xã Cam An Nam","a06_trungtamhc":"UBND Cam An Bắc","a07_dt":"122","a08_ds":"19534","a09_dthoai":null,"a10_web":null,"ten":"Xã Cam An","ma":"22465","tentinh":"Tỉnh Khánh Hòa","truocsapnhap":"Xã Cam Phước Tây, Xã Cam An Bắc, Xã Cam An Nam","dientichkm2":null,"dansonguoi":null},"id":"diaphanhanhchinhcapxa_2025.1127"},
{"type":"Feature","geometry":{"type":"Polygon","coordinates":[[[109.0792,12.1264],[109.07616,12.12656],[109.07553,12.12636],[109.07227,12.12345],[109.0701,12.12124],[109.06906,12.12068],[109.06727,12.12059],[109.06621,12.11998],[109.06519,12.11701],[109.0646,12.11664],[109.06111,12.11588],[109.05938,12.11577],[109.05706,12.11601],[109.05493,12.11669],[109.05341,12.11665],[109.05216,12.11542],[109.05124,12.11512],[109.05034,12.11426],[109.04846,12.11195],[109.04708,12.10932],[109.04662,12.10695],[109.0456,12.1063],[109.04376,12.10732],[109.04131,12.10613],[109.04011,12.10486],[109.03833,12.10417],[109.03739,12.10298],[109.03729,12.10171],[109.03541,12.10116],[109.03379,12.101],[109.03288,12.1004],[109.02991,12.09679],[109.02858,12.0947],[109.0273,12.09231],[109.02452,12.09267],[109.02297,12.0936],[109.02181,12.09488],[109.02139,12.09636],[109.02067,12.09677],[109.01896,12.09712],[109.01763,12.09778],[109.0167,12.09787],[109.01614,12.09719],[109.01599,12.09576],[109.01509,12.09372],[109.01534,12.09099],[109.01618,12.08987],[109.01613,12.08691],[109.01554,12.08707],[109.01301,12.08705],[109.00906,12.0867],[109.00827,12.08769],[109.00603,12.0899],[109.00593,12.0926],[109.00484,12.09446],[109.00395,12.09747],[109.00144,12.10062],[109.00026,12.10323],[109.00034,12.10374],[108.9996,12.10503],[108.99875,12.10531],[108.99882,12.10773],[108.9994,12.10904],[108.99784,12.11244],[108.99591,12.11107],[108.99516,12.10999],[108.99203,12.1077],[108.99185,12.10602],[108.99079,12.10503],[108.99043,12.10417],[108.98806,12.10233],[108.98804,12.10088],[108.98526,12.09902],[108.98397,12.09795],[108.9833,12.09689],[108.98178,12.09517],[108.98048,12.09504],[108.97999,12.09412],[108.9784,12.09294],[108.97676,12.09237],[108.97478,12.0906],[108.97367,12.09009],[108.97293,12.08892],[108.97213,12.08855],[108.97065,12.08707],[108.96927,12.08452],[108.96758,12.08447],[108.96702,12.08361],[108.9671,12.08291],[108.96606,12.08156],[108.96374,12.08109],[108.96183,12.08009],[108.96159,12.07936],[108.96036,12.07868],[108.96004,12.07803],[108.95835,12.07752],[108.95684,12.07749],[108.95309,12.07463],[108.95188,12.07458],[108.94933,12.07495],[108.94622,12.07611],[108.94534,12.07685],[108.94545,12.07845],[108.94442,12.07707],[108.94401,12.07578],[108.94589,12.07434],[108.94695,12.07329],[108.94906,12.07274],[108.95124,12.07182],[108.95227,12.07112],[108.95371,12.072],[108.95504,12.07191],[108.9592,12.07037],[108.96038,12.07047],[108.96128,12.07004],[108.96418,12.07115],[108.96551,12.07128],[108.96669,12.07092],[108.96824,12.07175],[108.97169,12.07251],[108.97257,12.07137],[108.97365,12.07166],[108.97552,12.07081],[108.97599,12.06953],[108.9769,12.06904],[108.97951,12.06937],[108.98128,12.06899],[108.98291,12.06775],[108.98307,12.06685],[108.98438,12.06389],[108.98868,12.06137],[108.99038,12.06079],[108.99228,12.05845],[108.99302,12.05828],[108.99439,12.05635],[108.99509,12.05594],[108.99634,12.0563],[108.99798,12.05419],[108.99935,12.05366],[109.00011,12.05223],[109.00166,12.05197],[109.01645,12.05247],[109.0182,12.05058],[109.02102,12.05019],[109.02205,12.05067],[109.02474,12.05043],[109.02609,12.049],[109.02768,12.04895],[109.02837,12.0497],[109.02991,12.05034],[109.0308,12.05004],[109.0315,12.04779],[109.03298,12.04654],[109.03537,12.04547],[109.03598,12.04474],[109.03696,12.04465],[109.03754,12.04359],[109.03902,12.04241],[109.03941,12.0402],[109.03953,12.03834],[109.04132,12.03756],[109.04241,12.03907],[109.04488,12.03992],[109.0455,12.04067],[109.04844,12.04159],[109.04975,12.04263],[109.05163,12.0431],[109.05228,12.04385],[109.05445,12.04434],[109.05643,12.04453],[109.05772,12.04325],[109.05787,12.04129],[109.05882,12.0384],[109.05955,12.03753],[109.06127,12.03647],[109.06221,12.03382],[109.06215,12.0327],[109.06153,12.03095],[109.06199,12.02953],[109.06379,12.02727],[109.06474,12.02493],[109.06459,12.0237],[109.06629,12.02476],[109.06694,12.0255],[109.06999,12.0268],[109.07073,12.02805],[109.0712,12.02811],[109.07302,12.02941],[109.07499,12.03033],[109.07716,12.03057],[109.07824,12.03096],[109.08073,12.03062],[109.08105,12.02972],[109.0822,12.02915],[109.08296,12.02963],[109.08487,12.02994],[109.08636,12.03047],[109.08818,12.03062],[109.08878,12.03244],[109.09053,12.03206],[109.09112,12.03131],[109.09237,12.03119],[109.09415,12.03058],[109.09593,12.02845],[109.09633,12.02745],[109.09885,12.02766],[109.09995,12.02646],[109.10264,12.02535],[109.10362,12.02363],[109.10498,12.02329],[109.10631,12.02404],[109.10922,12.02393],[109.11778,12.02385],[109.11765,12.01677],[109.11767,12.01413],[109.12037,12.01422],[109.12172,12.01404],[109.12273,12.02212],[109.12393,12.02776],[109.12498,12.03637],[109.12541,12.04028],[109.12532,12.04325],[109.12482,12.04527],[109.12209,12.05093],[109.1174,12.06509],[109.11659,12.06681],[109.11552,12.07073],[109.11285,12.07915],[109.11162,12.0819],[109.10799,12.0869],[109.10725,12.08917],[109.10423,12.1014],[109.10204,12.10619],[109.09693,12.10467],[109.09532,12.10815],[109.09339,12.11148],[109.09114,12.11461],[109.08861,12.11753],[109.0792,12.1264]]]},"properties":{"a01_tinh":"diaphanhanhchinhcaptinh_sn.133","a02_xa":"diaphanhanhchinhcapxa_2025.1126","a03_ten":"Xã Cam Hiệp","a04_tentinh":"Tỉnh Khánh Hòa","a05_truocsn":"Xã Sơn Tân, Xã Cam Hiệp Bắc, Xã Cam Hiệp Nam, Xã Cam Hòa, Xã Cam Tân, Xã Suối Tân","a06_trungtamhc":"UBND xã Suối Cát","a07_dt":"115.1","a08_ds":"5","a09_dthoai":null,"a10_web":null,"ten":"Xã Cam Hiệp","ma":"22435","tentinh":"Tỉnh Khánh Hòa","truocsapnhap":"Xã Sơn Tân, Xã Cam Hiệp Bắc, Xã Cam Hiệp Nam, Xã Cam Hòa, Xã Cam Tân, Xã Suối Tân","dientichkm2":null,"dansonguoi":null},"id":"diaphanhanhchinhcapxa_2025.1126"},
{"type":"Feature","geometry":{"type":"MultiPolygon","coordinates":[[[[109.32335,12.00328],[109.32394,12.0045],[109.32336,12.00701],[109.32244,12.00714],[109.32139,12.00603],[109.32088,12.00462],[109.32335,12.00328]]],[[[109.32545,12.02985],[109.32586,12.03003],[109.32586,12.03181],[109.32479,12.03196],[109.32422,12.03149],[109.32466,12.03018],[109.32545,12.02985]]],[[[109.32594,12.03551],[109.32547,12.03621],[109.32579,12.03736],[109.32574,12.03904],[109.32528,12.04101],[109.32439,12.04262],[109.32457,12.04313],[109.32673,12.04436],[109.32788,12.04567],[109.32688,12.04645],[109.32572,12.0459],[109.3242,12.04442],[109.32272,12.04265],[109.32165,12.04028],[109.32145,12.03879],[109.32195,12.03783],[109.3239,12.03527],[109.32483,12.0344],[109.32656,12.03421],[109.32741,12.03461],[109.32708,12.03538],[109.32594,12.03551]]],[[[109.32662,12.04721],[109.32713,12.0474],[109.32761,12.04865],[109.32662,12.04938],[109.32584,12.04885],[109.32584,12.04788],[109.32662,12.04721]]],[[[109.16514,12.14794],[109.16456,12.14602],[109.16473,12.14519],[109.16448,12.1416],[109.16501,12.14007],[109.16551,12.13965],[109.1635,12.13792],[109.16268,12.13664],[109.16216,12.13491],[109.16256,12.13316],[109.1631,12.13221],[109.16725,12.12885],[109.16728,12.12709],[109.1643,12.12302],[109.1642,12.12248],[109.16522,12.11899],[109.15782,12.11916],[109.1566,12.11947],[109.15581,12.12004],[109.15315,12.12323],[109.1515,12.12421],[109.14847,12.12519],[109.14422,12.1271],[109.14228,12.12766],[109.13964,12.12744],[109.13945,12.12559],[109.13894,12.12513],[109.13787,12.12533],[109.1373,12.1247],[109.13564,12.12523],[109.13592,12.12812],[109.13491,12.12959],[109.13556,12.13151],[109.13624,12.13158],[109.13617,12.13399],[109.1352,12.13624],[109.12929,12.13988],[109.12798,12.13949],[109.1276,12.13785],[109.12666,12.13709],[109.12531,12.13767],[109.12358,12.13745],[109.12232,12.13661],[109.12096,12.13621],[109.11971,12.13541],[109.11824,12.1362],[109.11677,12.13607],[109.11547,12.13735],[109.11478,12.13988],[109.11366,12.14592],[109.11265,12.14611],[109.11103,12.14454],[109.1092,12.14399],[109.10767,12.14413],[109.10581,12.14509],[109.10375,12.14672],[109.10156,12.14872],[109.09906,12.15133],[109.09825,12.15571],[109.09813,12.15939],[109.09785,12.16233],[109.09808,12.1638],[109.09874,12.16597],[109.09977,12.16801],[109.10008,12.17058],[109.09965,12.17322],[109.0981,12.17339],[109.09693,12.17301],[109.09171,12.17066],[109.0891,12.17051],[109.08484,12.17006],[109.08125,12.17044],[109.08007,12.17012],[109.07794,12.16836],[109.0756,12.16753],[109.07429,12.16568],[109.06897,12.16449],[109.06449,12.16301],[109.06396,12.16371],[109.06204,12.16258],[109.06023,12.16189],[109.05871,12.16158],[109.05685,12.16203],[109.05715,12.15972],[109.05766,12.15746],[109.05848,12.15485],[109.06014,12.15052],[109.06217,12.14635],[109.06457,12.14238],[109.0673,12.13862],[109.07036,12.13511],[109.07602,12.12939],[109.0792,12.1264],[109.08861,12.11753],[109.09114,12.11461],[109.09339,12.11148],[109.09532,12.10815],[109.09693,12.10467],[109.10204,12.10619],[109.10423,12.1014],[109.10725,12.08917],[109.10799,12.0869],[109.11162,12.0819],[109.11285,12.07915],[109.11552,12.07073],[109.11659,12.06681],[109.1174,12.06509],[109.12209,12.05093],[109.12482,12.04527],[109.12532,12.04325],[109.12541,12.04028],[109.12498,12.03637],[109.12393,12.02776],[109.12273,12.02212],[109.12172,12.01404],[109.12074,12.00673],[109.11993,12.00145],[109.11914,11.99547],[109.12372,11.99482],[109.13344,11.99332],[109.13731,11.99238],[109.13964,11.99119],[109.14483,11.98921],[109.14544,11.98917],[109.14488,11.9919],[109.14375,11.99539],[109.14302,11.99563],[109.14353,11.99921],[109.14334,12.00122],[109.14348,12.00317],[109.14164,12.00324],[109.1432,12.00534],[109.14413,12.00598],[109.14553,12.00625],[109.14599,12.00711],[109.14756,12.00808],[109.14938,12.00824],[109.14976,12.0087],[109.15112,12.00877],[109.16097,12.01014],[109.16386,12.01063],[109.16494,12.01066],[109.16473,12.01272],[109.1661,12.0124],[109.16691,12.01275],[109.16678,12.01486],[109.16721,12.01487],[109.16971,12.01345],[109.17076,12.01332],[109.17149,12.01272],[109.1727,12.01256],[109.17291,12.01166],[109.17518,12.01153],[109.17573,12.01256],[109.17575,12.01369],[109.18418,12.01475],[109.18486,12.01507],[109.1852,12.01628],[109.18717,12.01861],[109.19139,12.01751],[109.19301,12.01842],[109.19427,12.01985],[109.19523,12.02024],[109.19627,12.02166],[109.19634,12.02291],[109.19759,12.02393],[109.19802,12.0237],[109.19915,12.02497],[109.20169,12.02559],[109.21303,12.02661],[109.21824,12.02865],[109.21826,12.02939],[109.21608,12.03401],[109.21518,12.03618],[109.21207,12.04312],[109.21104,12.04518],[109.20517,12.0564],[109.20343,12.06032],[109.20227,12.06329],[109.20013,12.07053],[109.19786,12.07848],[109.19617,12.08559],[109.1955,12.08871],[109.195,12.09241],[109.19488,12.0944],[109.19483,12.10166],[109.19466,12.1041],[109.19465,12.10727],[109.19482,12.11045],[109.19571,12.11539],[109.19673,12.11757],[109.19918,12.11861],[109.20009,12.11833],[109.20242,12.11862],[109.20563,12.11788],[109.20714,12.1185],[109.20772,12.12003],[109.20906,12.12058],[109.21093,12.12261],[109.21188,12.12307],[109.21193,12.12512],[109.21146,12.12543],[109.21196,12.12692],[109.2119,12.12812],[109.21293,12.12903],[109.21312,12.12973],[109.21271,12.13134],[109.21358,12.13452],[109.21388,12.13485],[109.21416,12.13719],[109.21476,12.13825],[109.2164,12.13964],[109.21741,12.14014],[109.21951,12.14016],[109.22203,12.14057],[109.22318,12.14024],[109.22358,12.14084],[109.22198,12.14185],[109.22134,12.14274],[109.21912,12.14282],[109.21811,12.14402],[109.21692,12.14495],[109.2159,12.14639],[109.21257,12.14699],[109.21103,12.14684],[109.20993,12.14701],[109.20791,12.1468],[109.20714,12.14628],[109.2049,12.14623],[109.20263,12.14641],[109.20147,12.14566],[109.198,12.14535],[109.19541,12.14667],[109.19423,12.14812],[109.19154,12.1479],[109.19071,12.1491],[109.19003,12.15063],[109.18915,12.15038],[109.18789,12.14851],[109.18785,12.14726],[109.18661,12.14607],[109.18583,12.14612],[109.18428,12.14554],[109.18176,12.14566],[109.17988,12.14671],[109.17832,12.1472],[109.17725,12.14837],[109.17304,12.14889],[109.17052,12.14893],[109.16924,12.15007],[109.16804,12.14928],[109.16669,12.14915],[109.16514,12.14794]]]]},"properties":{"a01_tinh":"diaphanhanhchinhcaptinh_sn.133","a02_xa":"diaphanhanhchinhcapxa_2025.1125","a03_ten":"Xã Cam Lâm","a04_tentinh":"Tỉnh Khánh Hòa","a05_truocsn":"Thị trấn Cam Đức, Xã Cam Hải Đông, Xã Cam Hải Tây, Xã Cam Thành Bắc, Xã Cam Hiệp Bắc, Xã Cam Hiệp Nam, Xã Cam Hòa, Xã Cam Tân, Xã Cam An Bắc, Xã Cam An Nam, Xã Suối Tân","a06_trungtamhc":"UBND huyện Cam Lâm","a07_dt":"149.9","a08_ds":"8653","a09_dthoai":null,"a10_web":null,"ten":"Xã Cam Lâm","ma":"22453","tentinh":"Tỉnh Khánh Hòa","truocsapnhap":"Thị trấn Cam Đức, Xã Cam Hải Đông, Xã Cam Hải Tây, Xã Cam Thành Bắc, Xã Cam Hiệp Bắc, Xã Cam Hiệp Nam, Xã Cam Hòa, Xã Cam Tân, Xã Cam An Bắc, Xã Cam An Nam, Xã Suối Tân","dientichkm2":null,"dansonguoi":null},"id":"diaphanhanhchinhcapxa_2025.1125"},
{"type":"Feature","geometry":{"type":"Polygon","coordinates":[[[109.19496,11.81153],[109.19279,11.81167],[109.19185,11.81262],[109.19071,11.81322],[109.18948,11.81256],[109.18548,11.81308],[109.18357,11.81213],[109.17478,11.8111],[109.16865,11.81023],[109.15016,11.80651],[109.12784,11.80436],[109.11574,11.80302],[109.11268,11.80548],[109.11278,11.80585],[109.11036,11.80745],[109.10956,11.80759],[109.10778,11.80663],[109.10626,11.8098],[109.10387,11.81091],[109.09237,11.81665],[109.08937,11.82581],[109.07547,11.83462],[109.07109,11.84059],[109.06511,11.84985],[109.05816,11.86079],[109.05734,11.85783],[109.05757,11.85586],[109.05694,11.8541],[109.05611,11.85297],[109.05546,11.85032],[109.05542,11.84896],[109.05473,11.84661],[109.05415,11.84529],[109.05436,11.84475],[109.0456,11.84577],[109.04011,11.83998],[109.03733,11.84278],[109.03464,11.84446],[109.03261,11.84602],[109.0287,11.8443],[109.0136,11.83081],[109.01732,11.82418],[109.01857,11.82262],[109.01763,11.82181],[109.01624,11.8219],[109.01318,11.81886],[109.00957,11.81675],[109.00817,11.81555],[109.00726,11.81569],[109.00656,11.81496],[109.00522,11.81428],[109.005,11.81359],[109.00374,11.81273],[109.00259,11.81126],[109.0009,11.80996],[108.99911,11.80902],[108.9963,11.80607],[108.99545,11.80586],[108.99323,11.80385],[108.99191,11.80162],[108.99174,11.79972],[108.99053,11.797],[108.98978,11.79427],[108.98846,11.79194],[108.98835,11.79073],[108.9888,11.78899],[108.99015,11.78701],[108.99027,11.786],[108.99089,11.78644],[108.99148,11.78767],[108.99237,11.78817],[108.99416,11.79009],[108.99644,11.79113],[108.99859,11.79299],[109.00049,11.79326],[109.00203,11.79312],[109.00234,11.79344],[109.00521,11.79276],[109.00609,11.79333],[109.00769,11.79374],[109.00802,11.79436],[109.00972,11.79418],[109.01037,11.79353],[109.01232,11.79304],[109.01224,11.79238],[109.013,11.79167],[109.01343,11.78992],[109.01608,11.78986],[109.01671,11.78906],[109.01873,11.78858],[109.01908,11.78783],[109.02052,11.78743],[109.02154,11.78766],[109.02292,11.78684],[109.02371,11.78591],[109.0252,11.78495],[109.02882,11.78465],[109.03101,11.78528],[109.0324,11.78476],[109.03405,11.78517],[109.03643,11.78524],[109.03789,11.78395],[109.03946,11.78348],[109.04076,11.7811],[109.04203,11.78074],[109.0437,11.77979],[109.04406,11.7788],[109.04587,11.77693],[109.04823,11.77569],[109.04972,11.77589],[109.05126,11.77412],[109.05327,11.77324],[109.05423,11.77173],[109.07439,11.76286],[109.08566,11.76928],[109.10565,11.76732],[109.11137,11.75405],[109.11335,11.74819],[109.12124,11.73553],[109.12531,11.72872],[109.12564,11.72804],[109.12576,11.72883],[109.12683,11.73078],[109.12839,11.7324],[109.13002,11.73247],[109.13088,11.73319],[109.13188,11.73527],[109.13364,11.73777],[109.1349,11.74031],[109.13618,11.74049],[109.13735,11.74116],[109.13958,11.74059],[109.14172,11.74429],[109.14264,11.7463],[109.14266,11.74853],[109.1424,11.74971],[109.14339,11.75089],[109.14374,11.75368],[109.14361,11.75565],[109.14385,11.75746],[109.14493,11.75863],[109.14513,11.75974],[109.14874,11.76171],[109.15095,11.76462],[109.15154,11.76502],[109.154,11.76483],[109.15541,11.76595],[109.1577,11.76658],[109.16042,11.76819],[109.16218,11.76906],[109.16291,11.76994],[109.16499,11.77028],[109.16713,11.77132],[109.16995,11.77322],[109.17078,11.77439],[109.17226,11.77554],[109.17312,11.77569],[109.1758,11.77764],[109.17645,11.77907],[109.17858,11.77937],[109.17904,11.78051],[109.18007,11.7812],[109.18369,11.78239],[109.1849,11.78372],[109.18614,11.78414],[109.18654,11.7848],[109.18893,11.78609],[109.18971,11.78762],[109.18755,11.78876],[109.18818,11.7904],[109.18747,11.79157],[109.18679,11.79185],[109.18573,11.79674],[109.18532,11.80151],[109.18549,11.80632],[109.18606,11.80806],[109.18787,11.81058],[109.18806,11.81196],[109.19102,11.81146],[109.1911,11.81067],[109.19361,11.80999],[109.19517,11.80985],[109.1954,11.81097],[109.19496,11.81153]]]},"properties":{"a01_tinh":"diaphanhanhchinhcaptinh_sn.133","a02_xa":"diaphanhanhchinhcapxa_2025.1152","a03_ten":"Xã Công Hải","a04_tentinh":"Tỉnh Khánh Hòa","a05_truocsn":"Xã Phước Chiến, Xã Công Hải","a06_trungtamhc":"UBND xã Công Hải ","a07_dt":"124.3","a08_ds":"14727","a09_dthoai":null,"a10_web":null,"ten":"Xã Công Hải","ma":"22840","tentinh":"Tỉnh Khánh Hòa","truocsapnhap":"Xã Phước Chiến, Xã Công Hải","dientichkm2":null,"dansonguoi":null},"id":"diaphanhanhchinhcapxa_2025.1152"},
{"type":"Feature","geometry":{"type":"MultiPolygon","coordinates":[[[[109.3935,12.54753],[109.39389,12.54846],[109.39282,12.54909],[109.39159,12.54832],[109.39095,12.54735],[109.39185,12.54658],[109.3935,12.54753]]],[[[109.46214,12.56597],[109.46125,12.56667],[109.46012,12.566],[109.4596,12.56481],[109.46187,12.56482],[109.46214,12.56597]]],[[[109.43755,12.59718],[109.43639,12.59655],[109.43592,12.59517],[109.43669,12.59476],[109.43756,12.5959],[109.43755,12.59718]]],[[[109.30469,12.59718],[109.30564,12.59756],[109.30586,12.59883],[109.30462,12.59971],[109.30356,12.59928],[109.3033,12.59793],[109.30469,12.59718]]],[[[109.44756,12.59751],[109.44697,12.59709],[109.44773,12.59582],[109.44875,12.59502],[109.44925,12.59564],[109.44756,12.59751]]],[[[109.30285,12.63488],[109.30371,12.63521],[109.30341,12.63664],[109.30215,12.6372],[109.30129,12.63717],[109.29933,12.63605],[109.2984,12.63501],[109.30111,12.63469],[109.30285,12.63488]]],[[[109.30812,12.63574],[109.30899,12.63686],[109.30862,12.63847],[109.30693,12.63875],[109.30587,12.63776],[109.30595,12.63662],[109.30702,12.63586],[109.30812,12.63574]]],[[[109.29463,12.63641],[109.29655,12.63863],[109.29646,12.63945],[109.29576,12.63977],[109.29535,12.63874],[109.2937,12.63838],[109.29255,12.63779],[109.29259,12.6373],[109.29421,12.63636],[109.29463,12.63641]]],[[[109.32261,12.63731],[109.32127,12.63823],[109.32035,12.63952],[109.31818,12.63956],[109.31716,12.63708],[109.31634,12.63588],[109.3115,12.63411],[109.30978,12.63237],[109.30878,12.63194],[109.30826,12.63096],[109.30637,12.63039],[109.30495,12.63035],[109.30406,12.62884],[109.30402,12.62741],[109.30308,12.62331],[109.30317,12.62211],[109.30256,12.61993],[109.30323,12.61852],[109.30434,12.6171],[109.305,12.61543],[109.30666,12.61402],[109.3082,12.61114],[109.30895,12.61047],[109.31041,12.61022],[109.31299,12.60876],[109.31559,12.60802],[109.3171,12.60672],[109.31724,12.60469],[109.3171,12.60366],[109.31806,12.60361],[109.31946,12.60399],[109.31915,12.60467],[109.32022,12.60672],[109.32133,12.60757],[109.32699,12.60947],[109.32928,12.60953],[109.3311,12.60917],[109.33288,12.60842],[109.33469,12.60528],[109.33618,12.60551],[109.3386,12.60351],[109.33974,12.60194],[109.33976,12.59873],[109.33931,12.59651],[109.3388,12.59541],[109.33797,12.59135],[109.33855,12.58989],[109.33988,12.58989],[109.34042,12.58946],[109.34137,12.58983],[109.3422,12.58937],[109.343,12.5898],[109.34515,12.58935],[109.34641,12.58807],[109.34657,12.58708],[109.34756,12.58638],[109.34858,12.58632],[109.34984,12.5868],[109.35076,12.58673],[109.35139,12.5855],[109.35238,12.58505],[109.35526,12.58199],[109.35635,12.58148],[109.35661,12.58242],[109.35807,12.58247],[109.36003,12.58198],[109.36082,12.58082],[109.36041,12.5796],[109.36115,12.57865],[109.3623,12.57894],[109.36452,12.57829],[109.36567,12.57623],[109.36685,12.57632],[109.36786,12.57499],[109.36814,12.57389],[109.36741,12.57268],[109.36809,12.57166],[109.36807,12.57087],[109.36968,12.57017],[109.3702,12.5694],[109.37117,12.56957],[109.37202,12.56846],[109.37332,12.56761],[109.37389,12.5665],[109.37524,12.56687],[109.37637,12.56647],[109.37677,12.56701],[109.37972,12.5663],[109.38036,12.56678],[109.38138,12.56647],[109.38212,12.56676],[109.38433,12.56608],[109.38505,12.5652],[109.38514,12.56385],[109.38371,12.56255],[109.3845,12.5613],[109.3854,12.56132],[109.38564,12.56016],[109.3872,12.55991],[109.38844,12.55934],[109.38941,12.55945],[109.39005,12.55859],[109.39038,12.55615],[109.39126,12.55536],[109.39341,12.5547],[109.39419,12.55283],[109.39557,12.55198],[109.39617,12.5509],[109.39993,12.54892],[109.40178,12.5486],[109.40284,12.54924],[109.40402,12.55085],[109.40519,12.55089],[109.40685,12.55022],[109.408,12.55019],[109.40884,12.55122],[109.40887,12.55187],[109.41021,12.55339],[109.41137,12.55402],[109.41239,12.5542],[109.41218,12.55543],[109.41337,12.5564],[109.41288,12.55773],[109.41233,12.55825],[109.41149,12.56021],[109.41046,12.56088],[109.40941,12.56203],[109.40803,12.56208],[109.40693,12.56333],[109.40591,12.56581],[109.40454,12.56621],[109.40384,12.56758],[109.40246,12.56929],[109.40117,12.56987],[109.40059,12.57054],[109.39919,12.56982],[109.39776,12.57078],[109.39773,12.57211],[109.39824,12.57268],[109.39838,12.57386],[109.39908,12.57472],[109.39964,12.57658],[109.39892,12.57763],[109.39847,12.58055],[109.39721,12.58307],[109.39583,12.5826],[109.39516,12.58493],[109.39465,12.5856],[109.39565,12.58713],[109.39697,12.59042],[109.39632,12.59113],[109.3965,12.59212],[109.3974,12.59216],[109.39602,12.59482],[109.39519,12.59465],[109.39488,12.59546],[109.39396,12.59646],[109.39219,12.59728],[109.3901,12.59753],[109.38938,12.59927],[109.38888,12.6016],[109.38831,12.60181],[109.38763,12.60297],[109.38648,12.60333],[109.38607,12.60422],[109.38516,12.60463],[109.38486,12.60563],[109.38537,12.60605],[109.38509,12.60733],[109.38631,12.60924],[109.38599,12.61065],[109.38543,12.61136],[109.38373,12.6121],[109.38325,12.61428],[109.38485,12.61642],[109.38605,12.61741],[109.38455,12.61827],[109.38485,12.62144],[109.38534,12.62259],[109.38501,12.62366],[109.38295,12.62524],[109.38149,12.62567],[109.3808,12.62646],[109.37954,12.62643],[109.37799,12.62686],[109.37777,12.62758],[109.37585,12.62848],[109.37452,12.62845],[109.37199,12.62959],[109.37087,12.62936],[109.36909,12.63004],[109.3678,12.63174],[109.3667,12.63186],[109.36592,12.63148],[109.36497,12.63213],[109.36356,12.63247],[109.36117,12.63194],[109.35847,12.62934],[109.35847,12.62855],[109.35732,12.62681],[109.35562,12.62554],[109.35344,12.62599],[109.35279,12.62643],[109.35007,12.62756],[109.34915,12.62631],[109.34758,12.6262],[109.3452,12.62692],[109.34434,12.62749],[109.34403,12.62856],[109.34434,12.63082],[109.34363,12.63208],[109.34271,12.63301],[109.34155,12.63195],[109.34077,12.63165],[109.3383,12.63138],[109.33729,12.63208],[109.33675,12.63292],[109.33359,12.63459],[109.33318,12.63516],[109.33187,12.63586],[109.33005,12.63582],[109.32766,12.6369],[109.32592,12.63667],[109.32411,12.63676],[109.32261,12.63731]]],[[[109.31777,12.64515],[109.31489,12.64487],[109.31637,12.64345],[109.3162,12.64119],[109.31725,12.64061],[109.31826,12.64288],[109.31834,12.64359],[109.31777,12.64515]]],[[[109.37701,12.64454],[109.37725,12.64519],[109.37618,12.64655],[109.37501,12.64678],[109.37401,12.64632],[109.37505,12.64454],[109.37567,12.64451],[109.37674,12.64356],[109.37701,12.64454]]],[[[109.34891,12.65209],[109.3484,12.65225],[109.34654,12.65195],[109.34459,12.65078],[109.34311,12.65056],[109.34132,12.65133],[109.34011,12.65113],[109.33896,12.64794],[109.33907,12.64727],[109.34048,12.6464],[109.34212,12.64317],[109.34339,12.64181],[109.34464,12.64165],[109.34689,12.64217],[109.34773,12.64258],[109.34818,12.64416],[109.34717,12.6454],[109.347,12.64658],[109.34768,12.64781],[109.34939,12.64925],[109.34986,12.64991],[109.34967,12.65165],[109.34891,12.65209]]],[[[109.39497,12.65585],[109.39438,12.65648],[109.39377,12.65512],[109.39192,12.65493],[109.3916,12.65389],[109.39063,12.65315],[109.38926,12.65099],[109.38924,12.65023],[109.39009,12.64955],[109.39306,12.6489],[109.39468,12.64799],[109.40042,12.64429],[109.4015,12.64335],[109.40262,12.6438],[109.40195,12.64517],[109.40054,12.64608],[109.39959,12.64783],[109.40033,12.6489],[109.40138,12.649],[109.4042,12.64785],[109.40478,12.64972],[109.40426,12.6501],[109.40308,12.64987],[109.40197,12.65147],[109.39972,12.65297],[109.39936,12.65375],[109.39797,12.65388],[109.39704,12.65453],[109.39591,12.65417],[109.39506,12.65442],[109.39497,12.65585]]],[[[109.46745,12.65075],[109.46876,12.65216],[109.46909,12.65346],[109.46884,12.65502],[109.46887,12.65713],[109.46737,12.65747],[109.46685,12.65706],[109.46614,12.6552],[109.46602,12.65426],[109.46649,12.65099],[109.46745,12.65075]]],[[[109.40471,12.65669],[109.40558,12.65725],[109.40512,12.65872],[109.40415,12.65869],[109.4042,12.65682],[109.40471,12.65669]]],[[[109.2807,12.69411],[109.28216,12.69508],[109.28289,12.69614],[109.28514,12.69819],[109.28692,12.69938],[109.28744,12.70098],[109.28714,12.70134],[109.28533,12.70046],[109.28308,12.69877],[109.28169,12.6971],[109.28108,12.69591],[109.2792,12.69539],[109.2807,12.69411]]],[[[109.28864,12.70263],[109.28991,12.70375],[109.2924,12.70687],[109.2912,12.70673],[109.28874,12.70427],[109.28864,12.70263]]],[[[109.30934,12.72364],[109.30768,12.72415],[109.30538,12.72372],[109.30289,12.72202],[109.29798,12.72027],[109.29574,12.71854],[109.29441,12.71572],[109.29412,12.71359],[109.29497,12.71137],[109.3026,12.71216],[109.30296,12.71312],[109.30453,12.71582],[109.30549,12.7167],[109.30764,12.71801],[109.30961,12.71871],[109.31059,12.72042],[109.3118,12.72143],[109.31329,12.72217],[109.31343,12.72262],[109.31233,12.72336],[109.31005,12.72341],[109.30934,12.72364]]],[[[109.32078,12.72852],[109.32171,12.72984],[109.32077,12.73055],[109.31995,12.72886],[109.32078,12.72852]]],[[[109.33057,12.73807],[109.33268,12.73851],[109.33322,12.73986],[109.33245,12.74029],[109.33125,12.73971],[109.33008,12.73857],[109.33057,12.73807]]],[[[109.34412,12.75252],[109.34567,12.75386],[109.3457,12.75529],[109.34515,12.75572],[109.34381,12.755],[109.34323,12.75385],[109.34361,12.75263],[109.34412,12.75252]]],[[[109.33092,12.7931],[109.33554,12.79649],[109.3369,12.79734],[109.33815,12.79718],[109.33919,12.79791],[109.34052,12.79803],[109.34448,12.79982],[109.34471,12.79846],[109.34639,12.79843],[109.34659,12.79881],[109.34906,12.79908],[109.35003,12.79972],[109.35116,12.79861],[109.35156,12.79954],[109.35257,12.79893],[109.35231,12.79795],[109.35085,12.79654],[109.35176,12.79588],[109.35282,12.79593],[109.35395,12.79185],[109.35471,12.79102],[109.35517,12.7865],[109.35497,12.78366],[109.35459,12.78247],[109.35463,12.78006],[109.35424,12.77894],[109.35378,12.77341],[109.35406,12.7731],[109.35394,12.77034],[109.35325,12.76966],[109.35318,12.76379],[109.35353,12.76226],[109.35425,12.7623],[109.3544,12.76122],[109.35524,12.75847],[109.35602,12.75864],[109.35629,12.75773],[109.35547,12.75755],[109.35585,12.75648],[109.35666,12.75673],[109.35695,12.7559],[109.35819,12.75593],[109.35871,12.75484],[109.35945,12.75224],[109.35868,12.75209],[109.35916,12.74973],[109.36018,12.74674],[109.36064,12.74385],[109.36151,12.74199],[109.36232,12.74235],[109.36311,12.74088],[109.36393,12.74039],[109.3639,12.73935],[109.36466,12.73805],[109.36603,12.73672],[109.36604,12.73572],[109.36939,12.72897],[109.37079,12.7271],[109.37221,12.72485],[109.37272,12.72368],[109.37402,12.71947],[109.37469,12.71803],[109.37543,12.71727],[109.37799,12.71708],[109.37862,12.71642],[109.37975,12.7125],[109.37949,12.71161],[109.37679,12.70888],[109.37431,12.70839],[109.37397,12.70768],[109.37285,12.70766],[109.37174,12.70828],[109.3702,12.70839],[109.36846,12.70801],[109.36734,12.7063],[109.36609,12.70481],[109.36557,12.70335],[109.36593,12.7027],[109.36729,12.70232],[109.36884,12.70118],[109.36976,12.70101],[109.37006,12.6993],[109.36983,12.69781],[109.37085,12.69765],[109.37045,12.69644],[109.37099,12.69457],[109.3683,12.6916],[109.36696,12.69086],[109.36585,12.68986],[109.36426,12.69017],[109.36121,12.68898],[109.35883,12.68867],[109.3588,12.68777],[109.35744,12.68868],[109.35838,12.6893],[109.35833,12.69081],[109.35782,12.69177],[109.35733,12.69437],[109.35602,12.69475],[109.35467,12.69409],[109.35287,12.6921],[109.35257,12.69035],[109.34884,12.68504],[109.34823,12.68226],[109.34759,12.68042],[109.34664,12.67873],[109.34746,12.67563],[109.3469,12.67418],[109.34629,12.6735],[109.34595,12.67187],[109.34425,12.66844],[109.34397,12.66567],[109.34211,12.66518],[109.34187,12.66562],[109.34019,12.66557],[109.33762,12.66362],[109.33539,12.66244],[109.33345,12.66241],[109.332,12.66282],[109.33061,12.66403],[109.32942,12.66391],[109.32883,12.66299],[109.32957,12.66269],[109.33137,12.66286],[109.33318,12.66138],[109.33465,12.65816],[109.33531,12.65725],[109.33679,12.65636],[109.33721,12.65501],[109.33697,12.65409],[109.33771,12.6517],[109.33848,12.65154],[109.33948,12.65256],[109.34074,12.65585],[109.3417,12.65753],[109.34512,12.66048],[109.34662,12.6606],[109.34895,12.66191],[109.34879,12.66247],[109.35039,12.66271],[109.35072,12.66216],[109.35348,12.66016],[109.35431,12.65865],[109.35485,12.65593],[109.35438,12.65344],[109.35542,12.65221],[109.35808,12.65264],[109.35994,12.65191],[109.36051,12.65114],[109.36221,12.65054],[109.36213,12.64972],[109.36145,12.64888],[109.36072,12.64716],[109.36075,12.64628],[109.36376,12.64231],[109.3643,12.6422],[109.36605,12.64412],[109.36688,12.64555],[109.36792,12.64656],[109.36757,12.64794],[109.36572,12.65054],[109.36462,12.65273],[109.36515,12.65395],[109.36648,12.6549],[109.36764,12.65412],[109.37014,12.65589],[109.37072,12.65863],[109.37051,12.66013],[109.36862,12.66122],[109.36791,12.66227],[109.36827,12.66367],[109.36731,12.66446],[109.3663,12.66581],[109.36686,12.66639],[109.36747,12.66939],[109.36821,12.66997],[109.36803,12.67234],[109.36922,12.67348],[109.37056,12.67419],[109.37168,12.67426],[109.3725,12.67387],[109.37443,12.67428],[109.37523,12.6724],[109.3771,12.67092],[109.37996,12.66988],[109.38507,12.6702],[109.38597,12.67063],[109.38896,12.67081],[109.39048,12.67035],[109.39119,12.66961],[109.39263,12.6688],[109.39355,12.6691],[109.39413,12.67001],[109.39471,12.67216],[109.39428,12.6726],[109.39348,12.67454],[109.39206,12.67558],[109.39101,12.67754],[109.39166,12.67786],[109.39241,12.6799],[109.3938,12.68237],[109.39391,12.68402],[109.39512,12.68473],[109.39644,12.68416],[109.39675,12.68312],[109.39649,12.68132],[109.39703,12.67906],[109.39695,12.67754],[109.39811,12.67637],[109.40047,12.67546],[109.40091,12.675],[109.40184,12.67279],[109.40216,12.67052],[109.40337,12.66919],[109.40489,12.66914],[109.40563,12.67162],[109.40641,12.67129],[109.40709,12.6684],[109.40752,12.66506],[109.40762,12.66177],[109.40864,12.65955],[109.40869,12.65781],[109.40902,12.65649],[109.4099,12.65512],[109.40988,12.65399],[109.41144,12.65349],[109.41141,12.64946],[109.41014,12.64677],[109.40988,12.64559],[109.40907,12.64487],[109.40834,12.64314],[109.40902,12.64294],[109.40926,12.64145],[109.40769,12.64077],[109.40619,12.64055],[109.40557,12.6395],[109.40766,12.63938],[109.40954,12.63897],[109.40984,12.63768],[109.40942,12.63585],[109.40858,12.63542],[109.40941,12.63455],[109.40825,12.63335],[109.40749,12.63327],[109.40668,12.6343],[109.40418,12.63493],[109.403,12.6336],[109.40274,12.63425],[109.40139,12.63494],[109.40092,12.63428],[109.40163,12.63341],[109.40178,12.63254],[109.40046,12.63177],[109.3994,12.63318],[109.39829,12.63243],[109.39702,12.63267],[109.39595,12.6319],[109.39534,12.63195],[109.39288,12.63099],[109.39154,12.63108],[109.39059,12.6305],[109.38987,12.62877],[109.39045,12.62666],[109.39132,12.62543],[109.39213,12.62485],[109.3924,12.62349],[109.39373,12.62263],[109.39522,12.62072],[109.39532,12.61971],[109.39604,12.61801],[109.39592,12.61742],[109.39716,12.61452],[109.39766,12.6127],[109.39762,12.61114],[109.39806,12.60985],[109.39804,12.60813],[109.39741,12.60721],[109.39907,12.60586],[109.40013,12.60597],[109.40135,12.60796],[109.40303,12.60796],[109.40357,12.60755],[109.40346,12.60649],[109.40463,12.60522],[109.40561,12.60278],[109.40665,12.60225],[109.40819,12.60214],[109.40875,12.60366],[109.41046,12.60507],[109.41187,12.60511],[109.41285,12.60464],[109.41442,12.60343],[109.41488,12.60275],[109.41448,12.60197],[109.41537,12.60036],[109.41534,12.5991],[109.41423,12.59597],[109.41358,12.59474],[109.4141,12.59182],[109.4148,12.59135],[109.41525,12.58967],[109.41432,12.58867],[109.41323,12.58861],[109.41306,12.58718],[109.41233,12.58668],[109.41222,12.58581],[109.41275,12.58416],[109.41338,12.58502],[109.41407,12.58521],[109.41488,12.58468],[109.41503,12.58367],[109.41474,12.58053],[109.41511,12.5798],[109.41536,12.57774],[109.41565,12.57708],[109.41694,12.57664],[109.41767,12.57697],[109.41827,12.57613],[109.42007,12.5768],[109.42058,12.57743],[109.42265,12.57483],[109.42406,12.57386],[109.42544,12.57348],[109.42601,12.57485],[109.4274,12.57615],[109.42818,12.57566],[109.42856,12.57329],[109.42894,12.57209],[109.43058,12.56954],[109.43099,12.56831],[109.43188,12.56726],[109.4323,12.56616],[109.43227,12.56474],[109.43166,12.56355],[109.43241,12.56233],[109.43329,12.56413],[109.43595,12.5644],[109.43735,12.56545],[109.43797,12.56645],[109.4401,12.56793],[109.44044,12.56846],[109.44041,12.57177],[109.43923,12.57374],[109.43977,12.57507],[109.44049,12.57605],[109.44069,12.57886],[109.44038,12.58002],[109.43896,12.58061],[109.43807,12.58201],[109.43773,12.58305],[109.43683,12.58317],[109.43537,12.58556],[109.43574,12.58692],[109.43718,12.58849],[109.43784,12.58821],[109.43859,12.58888],[109.43787,12.5895],[109.43726,12.58921],[109.4361,12.59026],[109.43612,12.59188],[109.43659,12.59342],[109.43578,12.59473],[109.43419,12.59564],[109.43388,12.5952],[109.43188,12.59527],[109.42997,12.59598],[109.43013,12.59717],[109.42959,12.59824],[109.42977,12.6005],[109.4294,12.60134],[109.43045,12.60196],[109.43116,12.60164],[109.43172,12.60378],[109.43303,12.60423],[109.43478,12.60445],[109.43435,12.60547],[109.4356,12.60599],[109.43555,12.6068],[109.4345,12.60668],[109.43332,12.60775],[109.43378,12.60988],[109.43354,12.61214],[109.43501,12.61314],[109.43659,12.61313],[109.43678,12.61446],[109.43592,12.61587],[109.43477,12.61679],[109.43542,12.61796],[109.43535,12.61934],[109.43603,12.62006],[109.43552,12.62316],[109.43391,12.62407],[109.43265,12.62397],[109.4331,12.62583],[109.43427,12.6266],[109.43444,12.62751],[109.43522,12.62814],[109.43681,12.63079],[109.43689,12.63149],[109.43571,12.63306],[109.43462,12.63336],[109.43406,12.63415],[109.43425,12.63724],[109.43473,12.63975],[109.43542,12.6424],[109.43659,12.64538],[109.43817,12.64769],[109.43907,12.64819],[109.43948,12.64751],[109.44045,12.6472],[109.44259,12.64734],[109.44411,12.64791],[109.44563,12.64782],[109.44695,12.65],[109.44869,12.64945],[109.44906,12.64887],[109.45092,12.64901],[109.45143,12.64983],[109.45265,12.64966],[109.45351,12.65058],[109.45434,12.65056],[109.45513,12.64974],[109.45622,12.64799],[109.45671,12.64775],[109.45867,12.64904],[109.45952,12.64935],[109.46054,12.64813],[109.46177,12.64848],[109.46098,12.65033],[109.46028,12.65111],[109.45894,12.65114],[109.4576,12.65207],[109.45714,12.65297],[109.45836,12.65716],[109.45937,12.65779],[109.46,12.65924],[109.45951,12.66008],[109.45839,12.65935],[109.45766,12.65977],[109.45651,12.66182],[109.45616,12.66356],[109.45494,12.66441],[109.45401,12.66624],[109.45401,12.66754],[109.45365,12.66848],[109.45093,12.66861],[109.45045,12.66732],[109.44924,12.66711],[109.44873,12.66763],[109.4471,12.66764],[109.44645,12.66635],[109.44528,12.66574],[109.44443,12.66441],[109.44307,12.66403],[109.44211,12.66433],[109.44132,12.66553],[109.44061,12.66737],[109.44033,12.66893],[109.44127,12.67058],[109.44038,12.67199],[109.43874,12.67142],[109.43802,12.67032],[109.43643,12.66992],[109.43643,12.6687],[109.43526,12.66818],[109.43366,12.66812],[109.43243,12.66872],[109.43099,12.66772],[109.4298,12.66759],[109.4289,12.66866],[109.42795,12.66895],[109.42787,12.66807],[109.42695,12.66821],[109.42584,12.66927],[109.42136,12.67504],[109.41746,12.68056],[109.41515,12.6843],[109.4125,12.6894],[109.41193,12.68997],[109.41067,12.69272],[109.41058,12.69415],[109.41083,12.69515],[109.41175,12.69652],[109.41351,12.69602],[109.4142,12.69677],[109.41448,12.69884],[109.41629,12.70141],[109.41745,12.70412],[109.4168,12.70452],[109.41352,12.70334],[109.41195,12.70194],[109.41082,12.70046],[109.40928,12.70002],[109.40603,12.70008],[109.40527,12.70044],[109.40318,12.70204],[109.40115,12.70466],[109.39959,12.70729],[109.39755,12.71016],[109.39685,12.71139],[109.39261,12.71792],[109.39116,12.72061],[109.38856,12.72512],[109.38775,12.72626],[109.38645,12.72885],[109.38431,12.73258],[109.38417,12.73314],[109.38229,12.73648],[109.37868,12.7436],[109.37747,12.74625],[109.37705,12.74779],[109.37566,12.75027],[109.37285,12.7573],[109.37024,12.76313],[109.36891,12.76641],[109.36765,12.76999],[109.36666,12.77189],[109.36666,12.77246],[109.36524,12.77618],[109.36297,12.78336],[109.36225,12.78514],[109.36199,12.78642],[109.36093,12.78992],[109.36072,12.79117],[109.3598,12.79461],[109.35921,12.80003],[109.3589,12.80492],[109.3589,12.80773],[109.35914,12.81088],[109.35986,12.81092],[109.35999,12.81306],[109.36226,12.81426],[109.36332,12.81419],[109.36528,12.81339],[109.3662,12.81423],[109.36548,12.8155],[109.36436,12.81569],[109.36318,12.81504],[109.36188,12.81553],[109.36129,12.81715],[109.3605,12.81787],[109.35936,12.81832],[109.35767,12.81806],[109.35713,12.81898],[109.35719,12.82255],[109.35827,12.82429],[109.35848,12.82539],[109.35969,12.82915],[109.36153,12.83266],[109.36331,12.83495],[109.36545,12.83693],[109.36655,12.83712],[109.3671,12.83616],[109.36874,12.83551],[109.37147,12.83676],[109.37386,12.83618],[109.37488,12.83653],[109.37649,12.83641],[109.37948,12.83851],[109.38175,12.83918],[109.38387,12.84047],[109.38586,12.84095],[109.38637,12.8416],[109.38809,12.84231],[109.38724,12.84343],[109.37701,12.85331],[109.37541,12.85548],[109.375,12.85678],[109.37407,12.85809],[109.37405,12.85941],[109.37259,12.86063],[109.37172,12.86314],[109.37196,12.86383],[109.36986,12.86493],[109.36893,12.8659],[109.36886,12.86648],[109.36677,12.86738],[109.36558,12.86906],[109.36381,12.8666],[109.36225,12.86486],[109.36206,12.8627],[109.36293,12.86164],[109.36165,12.85979],[109.35976,12.85949],[109.35908,12.85866],[109.35748,12.85799],[109.35604,12.85942],[109.35472,12.85947],[109.35387,12.85825],[109.35228,12.85807],[109.34921,12.85715],[109.34904,12.85641],[109.34685,12.85498],[109.34573,12.85481],[109.34441,12.85403],[109.34421,12.85311],[109.3432,12.85236],[109.34172,12.85074],[109.34194,12.84921],[109.34122,12.84796],[109.34018,12.84835],[109.33845,12.84971],[109.33669,12.84888],[109.33501,12.84895],[109.33376,12.84847],[109.33198,12.8486],[109.33121,12.84957],[109.33029,12.84994],[109.32881,12.84783],[109.32849,12.84425],[109.32724,12.84256],[109.32701,12.84136],[109.32544,12.84066],[109.32415,12.84075],[109.32239,12.83959],[109.32133,12.83949],[109.32119,12.83874],[109.32384,12.82885],[109.32223,12.82637],[109.31445,12.81574],[109.31531,12.81565],[109.31529,12.81429],[109.31636,12.81334],[109.31706,12.81324],[109.31849,12.81231],[109.31909,12.81152],[109.31966,12.80868],[109.32081,12.80742],[109.32384,12.80174],[109.32455,12.80121],[109.32584,12.79831],[109.32606,12.79705],[109.32581,12.79548],[109.3264,12.79466],[109.32712,12.79284],[109.33092,12.7931]]]]},"properties":{"a01_tinh":"diaphanhanhchinhcaptinh_sn.133","a02_xa":"diaphanhanhchinhcapxa_2025.1106","a03_ten":"Xã Đại Lãnh","a04_tentinh":"Tỉnh Khánh Hòa","a05_truocsn":"Xã Vạn Thạnh, Xã Vạn Thọ, Xã Đại Lãnh","a06_trungtamhc":"UBND xã Vạn Thọ","a07_dt":"171","a08_ds":"25644","a09_dthoai":null,"a10_web":null,"ten":"Xã Đại Lãnh","ma":"22504","tentinh":"Tỉnh Khánh Hòa","truocsapnhap":"Xã Vạn Thạnh, Xã Vạn Thọ, Xã Đại Lãnh","dientichkm2":null,"dansonguoi":null},"id":"diaphanhanhchinhcapxa_2025.1106"},
{"type":"Feature","geometry":{"type":"Polygon","coordinates":[[[109.11146,12.34303],[109.11191,12.34436],[109.11192,12.34674],[109.10918,12.34791],[109.10774,12.34818],[109.10588,12.34933],[109.10528,12.35102],[109.10449,12.35165],[109.10424,12.35242],[109.1033,12.35299],[109.10257,12.35407],[109.10145,12.35423],[109.10004,12.35535],[109.09796,12.35604],[109.09714,12.35682],[109.0972,12.35822],[109.09512,12.35976],[109.09393,12.36114],[109.0931,12.36157],[109.09172,12.36136],[109.08989,12.36018],[109.08796,12.35957],[109.0873,12.35813],[109.08743,12.35354],[109.08865,12.34979],[109.08825,12.3487],[109.08733,12.34768],[109.08587,12.34685],[109.08492,12.344],[109.08501,12.3421],[109.08471,12.34084],[109.0833,12.33792],[109.08372,12.33602],[109.08319,12.33456],[109.08141,12.33416],[109.08014,12.33313],[109.07938,12.33151],[109.07704,12.3282],[109.07546,12.32777],[109.07461,12.32665],[109.07426,12.32566],[109.07447,12.32367],[109.07322,12.32226],[109.07265,12.32114],[109.07191,12.31887],[109.0705,12.31675],[109.06887,12.31693],[109.06752,12.31625],[109.06575,12.31608],[109.06467,12.31518],[109.0631,12.31506],[109.06139,12.31383],[109.0593,12.31357],[109.05794,12.3132],[109.05206,12.30755],[109.05144,12.30623],[109.05093,12.30439],[109.05085,12.30202],[109.05122,12.30056],[109.05328,12.29892],[109.05325,12.29732],[109.05356,12.29601],[109.05473,12.29365],[109.05549,12.29262],[109.05506,12.28919],[109.05426,12.28806],[109.05295,12.2879],[109.05198,12.28612],[109.05266,12.28289],[109.05313,12.28194],[109.05304,12.28093],[109.05359,12.28028],[109.05483,12.2771],[109.05556,12.27691],[109.05859,12.27697],[109.05964,12.27767],[109.06062,12.27921],[109.06243,12.27924],[109.06393,12.27976],[109.06541,12.27901],[109.0676,12.27883],[109.06957,12.2797],[109.0721,12.27915],[109.07093,12.27625],[109.07051,12.27577],[109.07063,12.27451],[109.06848,12.27278],[109.06731,12.27265],[109.06633,12.2721],[109.06519,12.27011],[109.06471,12.26859],[109.06585,12.26605],[109.06742,12.26535],[109.06831,12.26575],[109.06938,12.26487],[109.06949,12.26379],[109.0705,12.26324],[109.07213,12.26453],[109.07401,12.26511],[109.07636,12.2651],[109.07836,12.26442],[109.08498,12.26127],[109.08553,12.26292],[109.08538,12.26517],[109.08972,12.26487],[109.09692,12.26727],[109.10159,12.26933],[109.10844,12.27009],[109.11052,12.27018],[109.11246,12.27177],[109.11319,12.27071],[109.11245,12.26886],[109.11152,12.26762],[109.1104,12.26702],[109.11058,12.26627],[109.11052,12.26398],[109.11358,12.264],[109.1217,12.26376],[109.12358,12.26306],[109.12543,12.26187],[109.12678,12.26124],[109.1287,12.26149],[109.1306,12.26236],[109.13281,12.26366],[109.13528,12.26541],[109.13866,12.26559],[109.13943,12.26583],[109.14144,12.26749],[109.14296,12.26946],[109.14228,12.26978],[109.1403,12.27257],[109.14002,12.27354],[109.13873,12.27329],[109.13849,12.27417],[109.13704,12.27555],[109.13629,12.27571],[109.13473,12.27546],[109.13357,12.27643],[109.13342,12.27773],[109.13408,12.27868],[109.13527,12.27895],[109.13632,12.27996],[109.13607,12.28162],[109.13619,12.28311],[109.13329,12.28186],[109.13227,12.28263],[109.1307,12.29262],[109.12977,12.2939],[109.12971,12.29505],[109.1291,12.29607],[109.12783,12.2969],[109.12799,12.29803],[109.12762,12.29934],[109.12796,12.30164],[109.12871,12.30279],[109.12964,12.30509],[109.13004,12.30708],[109.1311,12.30943],[109.12992,12.31088],[109.12977,12.31392],[109.12943,12.31559],[109.12972,12.31727],[109.13011,12.31787],[109.12967,12.3196],[109.12895,12.3205],[109.12841,12.32228],[109.12435,12.32728],[109.12373,12.32859],[109.12364,12.32964],[109.12197,12.3299],[109.12035,12.33101],[109.12023,12.33202],[109.11926,12.33336],[109.11727,12.33429],[109.11577,12.33666],[109.11428,12.34051],[109.11274,12.3421],[109.11146,12.34303]]]},"properties":{"a01_tinh":"diaphanhanhchinhcaptinh_sn.133","a02_xa":"diaphanhanhchinhcapxa_2025.1134","a03_ten":"Xã Diên Điền","a04_tentinh":"Tỉnh Khánh Hòa","a05_truocsn":"Xã Diên Sơn, Xã Diên Phú, Xã Diên Điền","a06_trungtamhc":"UBND xã Diên Điền","a07_dt":"63.7","a08_ds":"38029","a09_dthoai":null,"a10_web":null,"ten":"Xã Diên Điền","ma":"22657","tentinh":"Tỉnh Khánh Hòa","truocsapnhap":"Xã Diên Sơn, Xã Diên Phú, Xã Diên Điền","dientichkm2":null,"dansonguoi":null},"id":"diaphanhanhchinhcapxa_2025.1134"},
{"type":"Feature","geometry":{"type":"Polygon","coordinates":[[[109.12543,12.26187],[109.12358,12.26306],[109.1217,12.26376],[109.11358,12.264],[109.11052,12.26398],[109.11058,12.26627],[109.1104,12.26702],[109.11152,12.26762],[109.11245,12.26886],[109.11319,12.27071],[109.11246,12.27177],[109.11052,12.27018],[109.10844,12.27009],[109.10159,12.26933],[109.09692,12.26727],[109.08972,12.26487],[109.08538,12.26517],[109.08553,12.26292],[109.08498,12.26127],[109.08756,12.26016],[109.0888,12.25986],[109.08683,12.25714],[109.08688,12.25639],[109.08823,12.25588],[109.08945,12.25412],[109.09172,12.2521],[109.09215,12.252],[109.09764,12.25255],[109.0985,12.25208],[109.09768,12.25065],[109.097,12.24825],[109.09686,12.24532],[109.0966,12.24418],[109.09528,12.24311],[109.09615,12.24195],[109.09511,12.24048],[109.09498,12.23764],[109.09509,12.2367],[109.09429,12.23632],[109.09382,12.23432],[109.09476,12.23353],[109.09664,12.23376],[109.09722,12.23148],[109.09797,12.2304],[109.09821,12.22898],[109.0976,12.22881],[109.09832,12.22748],[109.09896,12.22756],[109.0997,12.22669],[109.1003,12.22457],[109.10019,12.22354],[109.10053,12.22218],[109.10146,12.22081],[109.10294,12.22],[109.10338,12.21735],[109.1049,12.21683],[109.10566,12.21758],[109.10739,12.21612],[109.10909,12.21673],[109.11085,12.21707],[109.11139,12.21689],[109.11338,12.21383],[109.11312,12.21324],[109.11467,12.21356],[109.11602,12.21414],[109.11724,12.21313],[109.12222,12.21531],[109.12208,12.21828],[109.12188,12.21937],[109.12244,12.2204],[109.12477,12.22247],[109.12539,12.22352],[109.1271,12.22548],[109.12916,12.22632],[109.13006,12.22727],[109.12869,12.22884],[109.12758,12.23116],[109.12718,12.23492],[109.12589,12.23682],[109.1263,12.2384],[109.12579,12.23958],[109.12617,12.24063],[109.12579,12.24115],[109.12423,12.24042],[109.1237,12.24126],[109.12559,12.24281],[109.12524,12.24464],[109.126,12.24566],[109.12626,12.24788],[109.12545,12.2495],[109.12433,12.24938],[109.12321,12.24989],[109.12311,12.24817],[109.122,12.24802],[109.12122,12.24976],[109.12022,12.24945],[109.11909,12.24961],[109.11981,12.25157],[109.12092,12.25321],[109.12246,12.25386],[109.1245,12.25405],[109.12532,12.25459],[109.12564,12.25615],[109.12393,12.25804],[109.1233,12.25914],[109.12391,12.26106],[109.12543,12.26187]]]},"properties":{"a01_tinh":"diaphanhanhchinhcaptinh_sn.133","a02_xa":"diaphanhanhchinhcapxa_2025.1132","a03_ten":"Xã Diên Khánh","a04_tentinh":"Tỉnh Khánh Hòa","a05_truocsn":"Thị trấn Diên Khánh, Xã Diên An, Xã Diên Toàn","a06_trungtamhc":"UBND huyện Diên Khánh","a07_dt":"18.4","a08_ds":"45223","a09_dthoai":null,"a10_web":null,"ten":"Xã Diên Khánh","ma":"22651","tentinh":"Tỉnh Khánh Hòa","truocsapnhap":"Thị trấn Diên Khánh, Xã Diên An, Xã Diên Toàn","dientichkm2":null,"dansonguoi":null},"id":"diaphanhanhchinhcapxa_2025.1132"},
{"type":"Feature","geometry":{"type":"Polygon","coordinates":[[[109.08498,12.26127],[109.07836,12.26442],[109.07636,12.2651],[109.07401,12.26511],[109.07213,12.26453],[109.0705,12.26324],[109.0691,12.26213],[109.06709,12.26141],[109.06433,12.26138],[109.06252,12.26182],[109.06039,12.26314],[109.05891,12.26089],[109.05767,12.26075],[109.05766,12.25917],[109.05653,12.25922],[109.05608,12.25822],[109.05691,12.25714],[109.05622,12.25601],[109.05519,12.25622],[109.05483,12.25544],[109.0528,12.25495],[109.05128,12.2554],[109.0508,12.25384],[109.04861,12.25468],[109.04435,12.25423],[109.04283,12.25348],[109.04175,12.25336],[109.04167,12.2527],[109.03988,12.25165],[109.03746,12.25143],[109.03619,12.25179],[109.03508,12.25052],[109.03447,12.25041],[109.03351,12.24908],[109.03268,12.24913],[109.03105,12.24831],[109.03017,12.24716],[109.0292,12.24658],[109.02892,12.24537],[109.02727,12.24647],[109.02636,12.24525],[109.02298,12.24257],[109.02103,12.24083],[109.02052,12.24015],[109.01826,12.23953],[109.01831,12.23886],[109.01723,12.23819],[109.0171,12.23764],[109.01569,12.23735],[109.01481,12.236],[109.01558,12.23582],[109.02176,12.23635],[109.02385,12.23675],[109.03052,12.23716],[109.03188,12.23677],[109.03211,12.23572],[109.03359,12.23626],[109.03499,12.23734],[109.03444,12.24086],[109.03553,12.24088],[109.03763,12.24138],[109.03825,12.24231],[109.04105,12.24251],[109.043,12.24348],[109.0438,12.24331],[109.04365,12.24222],[109.04397,12.24017],[109.04612,12.2402],[109.04742,12.24052],[109.05113,12.23996],[109.05307,12.23937],[109.0556,12.23942],[109.05684,12.23904],[109.05949,12.23892],[109.06101,12.24209],[109.06182,12.24246],[109.06311,12.24239],[109.06417,12.24318],[109.06564,12.24352],[109.06693,12.24463],[109.06918,12.24447],[109.06927,12.2439],[109.07233,12.24435],[109.07242,12.24102],[109.07444,12.24139],[109.07572,12.24261],[109.07681,12.24326],[109.07767,12.24325],[109.07823,12.24438],[109.07848,12.24145],[109.08005,12.24164],[109.0809,12.24083],[109.08019,12.23962],[109.08124,12.23819],[109.08054,12.23731],[109.07997,12.23547],[109.09231,12.2388],[109.09258,12.23686],[109.09298,12.23632],[109.09429,12.23632],[109.09509,12.2367],[109.09498,12.23764],[109.09511,12.24048],[109.09615,12.24195],[109.09528,12.24311],[109.0966,12.24418],[109.09686,12.24532],[109.097,12.24825],[109.09768,12.25065],[109.0985,12.25208],[109.09764,12.25255],[109.09215,12.252],[109.09172,12.2521],[109.08945,12.25412],[109.08823,12.25588],[109.08688,12.25639],[109.08683,12.25714],[109.0888,12.25986],[109.08756,12.26016],[109.08498,12.26127]]]},"properties":{"a01_tinh":"diaphanhanhchinhcaptinh_sn.133","a02_xa":"diaphanhanhchinhcapxa_2025.1136","a03_ten":"Xã Diên Lạc","a04_tentinh":"Tỉnh Khánh Hòa","a05_truocsn":"Xã Diên Thạnh, Xã Diên Lạc, Xã Diên Hòa","a06_trungtamhc":"UBND xã Diên Lạc","a07_dt":"14.9","a08_ds":"23325","a09_dthoai":null,"a10_web":null,"ten":"Xã Diên Lạc","ma":"22678","tentinh":"Tỉnh Khánh Hòa","truocsapnhap":"Xã Diên Thạnh, Xã Diên Lạc, Xã Diên Hòa","dientichkm2":null,"dansonguoi":null},"id":"diaphanhanhchinhcapxa_2025.1136"},
{"type":"Feature","geometry":{"type":"Polygon","coordinates":[[[109.09172,12.36136],[109.09186,12.36526],[109.09242,12.3675],[109.08846,12.36834],[109.088,12.37045],[109.08703,12.37074],[109.08346,12.3747],[109.08132,12.37543],[109.07835,12.37754],[109.07728,12.37769],[109.07591,12.37735],[109.07623,12.37963],[109.07674,12.3808],[109.07507,12.3812],[109.07334,12.3808],[109.0716,12.38159],[109.06967,12.38325],[109.06921,12.3839],[109.06795,12.38751],[109.06748,12.3882],[109.06498,12.38918],[109.06355,12.38777],[109.06265,12.38463],[109.06083,12.38269],[109.0581,12.38156],[109.0542,12.37928],[109.05278,12.37761],[109.05235,12.37603],[109.05088,12.37493],[109.0496,12.37335],[109.0492,12.37077],[109.04806,12.36663],[109.04716,12.36545],[109.04749,12.36376],[109.0455,12.36094],[109.04396,12.35991],[109.0433,12.35867],[109.04087,12.35832],[109.03903,12.35745],[109.03587,12.35694],[109.03372,12.35646],[109.03131,12.35672],[109.02951,12.35609],[109.02853,12.35471],[109.0234,12.35133],[109.0226,12.351],[109.02006,12.34897],[109.01946,12.34773],[109.01946,12.34681],[109.01766,12.34613],[109.0164,12.34536],[109.01461,12.34296],[109.01352,12.34455],[109.01221,12.34497],[109.01191,12.3439],[109.01062,12.34377],[109.00895,12.34205],[109.00866,12.34148],[109.00583,12.34005],[109.00453,12.34083],[109.00315,12.34101],[109.00146,12.33919],[109.00094,12.33898],[108.99941,12.33924],[108.9963,12.33722],[108.99434,12.33668],[108.99334,12.33753],[108.98993,12.33757],[108.98708,12.33526],[108.9848,12.33558],[108.98446,12.33618],[108.98271,12.33565],[108.97936,12.33655],[108.9775,12.33804],[108.97709,12.3366],[108.97561,12.33723],[108.97645,12.33783],[108.97646,12.33856],[108.97565,12.34001],[108.97492,12.34226],[108.9754,12.34312],[108.97625,12.34332],[108.97627,12.34444],[108.97704,12.3453],[108.97801,12.3453],[108.97824,12.34607],[108.97771,12.3469],[108.97649,12.34742],[108.97579,12.34735],[108.97519,12.34816],[108.97605,12.34965],[108.97557,12.35055],[108.97579,12.35231],[108.9751,12.35288],[108.97251,12.35222],[108.97096,12.35245],[108.96911,12.35441],[108.96807,12.35497],[108.96723,12.35623],[108.9632,12.35396],[108.95121,12.33733],[108.94762,12.33724],[108.94696,12.33664],[108.94601,12.33656],[108.94452,12.33721],[108.9435,12.33728],[108.94014,12.33802],[108.93921,12.33848],[108.93879,12.33686],[108.93793,12.33662],[108.93705,12.33421],[108.9351,12.33503],[108.93455,12.33474],[108.93414,12.3335],[108.93406,12.33041],[108.93315,12.32851],[108.93351,12.3257],[108.93555,12.32393],[108.93624,12.32216],[108.93601,12.32017],[108.93642,12.31868],[108.93441,12.31633],[108.93624,12.3158],[108.9367,12.31516],[108.94015,12.31647],[108.94061,12.31694],[108.94358,12.31712],[108.9457,12.31669],[108.94705,12.31581],[108.94908,12.31573],[108.95072,12.3144],[108.95161,12.31335],[108.94953,12.31159],[108.94864,12.30978],[108.94723,12.30828],[108.94697,12.3064],[108.94596,12.30621],[108.94533,12.30498],[108.94544,12.30413],[108.94474,12.30335],[108.94332,12.30297],[108.94308,12.30176],[108.94352,12.29941],[108.94321,12.29609],[108.94268,12.28842],[108.94518,12.28901],[108.9464,12.28875],[108.94773,12.28936],[108.94914,12.29109],[108.94974,12.29238],[108.95082,12.29322],[108.95226,12.29354],[108.95382,12.29327],[108.95501,12.29208],[108.95523,12.2901],[108.95499,12.28891],[108.95507,12.28741],[108.95565,12.28406],[108.95651,12.28116],[108.95732,12.2805],[108.95894,12.28053],[108.96053,12.28101],[108.96128,12.2816],[108.96189,12.28378],[108.96421,12.28457],[108.96627,12.28493],[108.96828,12.28483],[108.96988,12.28412],[108.97035,12.28341],[108.97221,12.28221],[108.97287,12.28204],[108.97384,12.28273],[108.9744,12.284],[108.97606,12.28493],[108.97703,12.28486],[108.97887,12.28418],[108.98035,12.28439],[108.98202,12.2856],[108.98415,12.2857],[108.98529,12.28516],[108.98717,12.28342],[108.98825,12.28205],[108.98929,12.27954],[108.98987,12.27878],[108.99111,12.27837],[108.99203,12.27857],[108.99333,12.27942],[108.99391,12.28117],[108.99493,12.28192],[108.99729,12.28413],[108.99767,12.28518],[108.99893,12.28593],[109.00052,12.28593],[109.00304,12.28503],[109.00505,12.28533],[109.0086,12.285],[109.01028,12.28424],[109.01141,12.28225],[109.0121,12.27888],[109.01206,12.27662],[109.0128,12.27512],[109.01437,12.27353],[109.01673,12.27176],[109.01846,12.27066],[109.01977,12.27013],[109.0211,12.27113],[109.02437,12.27121],[109.02548,12.27073],[109.02723,12.26825],[109.029,12.26638],[109.03306,12.26411],[109.03491,12.2637],[109.03606,12.26396],[109.03664,12.26551],[109.03669,12.26728],[109.03771,12.2703],[109.03883,12.27311],[109.0412,12.27561],[109.04333,12.27645],[109.04536,12.27679],[109.04857,12.27643],[109.05126,12.27446],[109.05285,12.27284],[109.0548,12.26941],[109.05734,12.26671],[109.05876,12.26452],[109.06039,12.26314],[109.06252,12.26182],[109.06433,12.26138],[109.06709,12.26141],[109.0691,12.26213],[109.0705,12.26324],[109.06949,12.26379],[109.06938,12.26487],[109.06831,12.26575],[109.06742,12.26535],[109.06585,12.26605],[109.06471,12.26859],[109.06519,12.27011],[109.06633,12.2721],[109.06731,12.27265],[109.06848,12.27278],[109.07063,12.27451],[109.07051,12.27577],[109.07093,12.27625],[109.0721,12.27915],[109.06957,12.2797],[109.0676,12.27883],[109.06541,12.27901],[109.06393,12.27976],[109.06243,12.27924],[109.06062,12.27921],[109.05964,12.27767],[109.05859,12.27697],[109.05556,12.27691],[109.05483,12.2771],[109.05359,12.28028],[109.05304,12.28093],[109.05313,12.28194],[109.05266,12.28289],[109.05198,12.28612],[109.05295,12.2879],[109.05426,12.28806],[109.05506,12.28919],[109.05549,12.29262],[109.05473,12.29365],[109.05356,12.29601],[109.05325,12.29732],[109.05328,12.29892],[109.05122,12.30056],[109.05085,12.30202],[109.05093,12.30439],[109.05144,12.30623],[109.05206,12.30755],[109.05794,12.3132],[109.0593,12.31357],[109.06139,12.31383],[109.0631,12.31506],[109.06467,12.31518],[109.06575,12.31608],[109.06752,12.31625],[109.06887,12.31693],[109.0705,12.31675],[109.07191,12.31887],[109.07265,12.32114],[109.07322,12.32226],[109.07447,12.32367],[109.07426,12.32566],[109.07461,12.32665],[109.07546,12.32777],[109.07704,12.3282],[109.07938,12.33151],[109.08014,12.33313],[109.08141,12.33416],[109.08319,12.33456],[109.08372,12.33602],[109.0833,12.33792],[109.08471,12.34084],[109.08501,12.3421],[109.08492,12.344],[109.08587,12.34685],[109.08733,12.34768],[109.08825,12.3487],[109.08865,12.34979],[109.08743,12.35354],[109.0873,12.35813],[109.08796,12.35957],[109.08989,12.36018],[109.09172,12.36136]]]},"properties":{"a01_tinh":"diaphanhanhchinhcaptinh_sn.133","a02_xa":"diaphanhanhchinhcapxa_2025.1133","a03_ten":"Xã Diên Lâm","a04_tentinh":"Tỉnh Khánh Hòa","a05_truocsn":"Xã Xuân Đồng, Xã Diên Lâm","a06_trungtamhc":"UBND xã Diên Xuân","a07_dt":"117.8","a08_ds":"16059","a09_dthoai":null,"a10_web":null,"ten":"Xã Diên Lâm","ma":"22660","tentinh":"Tỉnh Khánh Hòa","truocsapnhap":"Xã Xuân Đồng, Xã Diên Lâm","dientichkm2":null,"dansonguoi":null},"id":"diaphanhanhchinhcapxa_2025.1133"},
{"type":"Feature","geometry":{"type":"Polygon","coordinates":[[[109.06039,12.26314],[109.05876,12.26452],[109.05734,12.26671],[109.0548,12.26941],[109.05285,12.27284],[109.05126,12.27446],[109.04857,12.27643],[109.04536,12.27679],[109.04333,12.27645],[109.0412,12.27561],[109.03883,12.27311],[109.03771,12.2703],[109.03669,12.26728],[109.03664,12.26551],[109.03606,12.26396],[109.03491,12.2637],[109.03306,12.26411],[109.029,12.26638],[109.02723,12.26825],[109.02548,12.27073],[109.02437,12.27121],[109.0211,12.27113],[109.01977,12.27013],[109.01846,12.27066],[109.01673,12.27176],[109.01437,12.27353],[109.0128,12.27512],[109.01206,12.27662],[109.0121,12.27888],[109.01141,12.28225],[109.01028,12.28424],[109.0086,12.285],[109.00505,12.28533],[109.00304,12.28503],[109.00052,12.28593],[108.99893,12.28593],[108.99767,12.28518],[108.99729,12.28413],[108.99493,12.28192],[108.99391,12.28117],[108.99333,12.27942],[108.99203,12.27857],[108.99111,12.27837],[108.98987,12.27878],[108.98929,12.27954],[108.98825,12.28205],[108.98717,12.28342],[108.98529,12.28516],[108.98415,12.2857],[108.98202,12.2856],[108.98035,12.28439],[108.97887,12.28418],[108.97703,12.28486],[108.97606,12.28493],[108.9744,12.284],[108.97384,12.28273],[108.97287,12.28204],[108.97221,12.28221],[108.97035,12.28341],[108.96988,12.28412],[108.96828,12.28483],[108.96627,12.28493],[108.96421,12.28457],[108.96189,12.28378],[108.96128,12.2816],[108.96053,12.28101],[108.96086,12.27897],[108.95937,12.27703],[108.95873,12.27571],[108.95775,12.27537],[108.95681,12.27343],[108.95694,12.27265],[108.95843,12.27009],[108.95943,12.26968],[108.96036,12.26853],[108.96087,12.26692],[108.96169,12.26637],[108.96232,12.26536],[108.96168,12.26313],[108.96015,12.2621],[108.95887,12.26215],[108.95912,12.25873],[108.95794,12.25778],[108.95906,12.25468],[108.96003,12.2527],[108.96136,12.25266],[108.96131,12.24968],[108.9616,12.24918],[108.96166,12.24602],[108.9622,12.2442],[108.962,12.24116],[108.95946,12.23977],[108.95757,12.23737],[108.95562,12.23638],[108.95552,12.23487],[108.95473,12.23366],[108.9548,12.23251],[108.95358,12.22682],[108.95373,12.22553],[108.95331,12.2246],[108.95316,12.22317],[108.95242,12.22175],[108.95257,12.22002],[108.95346,12.21844],[108.95581,12.21735],[108.95808,12.21485],[108.95827,12.21421],[108.95729,12.21245],[108.95783,12.21185],[108.95928,12.21169],[108.96002,12.21039],[108.96013,12.20878],[108.96104,12.20587],[108.9619,12.2038],[108.96258,12.20113],[108.96351,12.19851],[108.96548,12.19492],[108.96688,12.19351],[108.96726,12.19163],[108.96849,12.19067],[108.96902,12.18968],[108.97036,12.18934],[108.97076,12.18887],[108.97083,12.18501],[108.9718,12.18249],[108.97299,12.18201],[108.9741,12.18086],[108.97532,12.17832],[108.97565,12.17695],[108.97758,12.17586],[108.97825,12.1744],[108.979,12.17394],[108.98065,12.17408],[108.98401,12.17253],[108.98495,12.17153],[108.98493,12.1726],[108.9867,12.17491],[108.98666,12.1766],[108.98736,12.17791],[108.98709,12.17898],[108.98637,12.18018],[108.98618,12.18156],[108.98687,12.18302],[108.98714,12.18431],[108.9867,12.18618],[108.98858,12.18714],[108.99013,12.18746],[108.99069,12.18961],[108.99086,12.19172],[108.99371,12.19277],[108.99598,12.19332],[108.9971,12.19432],[108.99861,12.19501],[108.99964,12.19601],[109.00088,12.19659],[109.00407,12.19725],[109.00492,12.19773],[109.00671,12.19812],[109.00775,12.20027],[109.00844,12.20239],[109.00823,12.20343],[109.00984,12.20489],[109.01258,12.20578],[109.01338,12.20732],[109.02096,12.22112],[109.02034,12.22117],[109.01857,12.22019],[109.01687,12.21959],[109.016,12.21864],[109.01473,12.21938],[109.01293,12.21972],[109.0116,12.21943],[109.01206,12.22107],[109.01234,12.22306],[109.01222,12.22428],[109.01076,12.22688],[109.01094,12.22727],[109.01134,12.23225],[109.01137,12.23512],[109.01288,12.23472],[109.01481,12.236],[109.01569,12.23735],[109.0171,12.23764],[109.01723,12.23819],[109.01831,12.23886],[109.01826,12.23953],[109.02052,12.24015],[109.02103,12.24083],[109.02298,12.24257],[109.02636,12.24525],[109.02727,12.24647],[109.02892,12.24537],[109.0292,12.24658],[109.03017,12.24716],[109.03105,12.24831],[109.03268,12.24913],[109.03351,12.24908],[109.03447,12.25041],[109.03508,12.25052],[109.03619,12.25179],[109.03746,12.25143],[109.03988,12.25165],[109.04167,12.2527],[109.04175,12.25336],[109.04283,12.25348],[109.04435,12.25423],[109.04861,12.25468],[109.0508,12.25384],[109.05128,12.2554],[109.0528,12.25495],[109.05483,12.25544],[109.05519,12.25622],[109.05622,12.25601],[109.05691,12.25714],[109.05608,12.25822],[109.05653,12.25922],[109.05766,12.25917],[109.05767,12.26075],[109.05891,12.26089],[109.06039,12.26314]]]},"properties":{"a01_tinh":"diaphanhanhchinhcaptinh_sn.133","a02_xa":"diaphanhanhchinhcapxa_2025.1135","a03_ten":"Xã Diên Thọ","a04_tentinh":"Tỉnh Khánh Hòa","a05_truocsn":"Xã Diên Tân, Xã Diên Phước, Xã Diên Thọ","a06_trungtamhc":"UBND xã Diên Thọ","a07_dt":"73.6","a08_ds":"16692","a09_dthoai":null,"a10_web":null,"ten":"Xã Diên Thọ","ma":"22672","tentinh":"Tỉnh Khánh Hòa","truocsapnhap":"Xã Diên Tân, Xã Diên Phước, Xã Diên Thọ","dientichkm2":null,"dansonguoi":null},"id":"diaphanhanhchinhcapxa_2025.1135"},
{"type":"Feature","geometry":{"type":"Polygon","coordinates":[[[109.00592,11.96049],[109.0054,11.96085],[109.00527,11.96218],[109.00373,11.9652],[109.00474,11.96807],[109.00481,11.96928],[109.00558,11.97099],[109.00535,11.97286],[109.00546,11.97396],[109.00621,11.97667],[109.00707,11.97882],[109.00708,11.98032],[109.00747,11.98137],[109.00734,11.9833],[109.00632,11.9854],[109.00511,11.98596],[109.00409,11.98849],[109.00392,11.98981],[109.00459,11.9905],[109.00434,11.99141],[109.0034,11.99218],[109.00301,11.99351],[109.00288,11.99531],[109.00319,11.99687],[109.00289,11.99824],[109.00377,12.00017],[109.00505,12.00155],[109.00538,12.00257],[109.00658,12.00408],[109.00782,12.00666],[109.00755,12.00773],[109.00666,12.0086],[109.00624,12.0099],[109.00469,12.01024],[109.00372,12.01174],[109.00183,12.01254],[109.00082,12.01386],[109.00182,12.01646],[109.00247,12.01738],[109.00224,12.01855],[109.00259,12.02159],[109.00313,12.02418],[109.00207,12.02595],[109.0019,12.027],[108.99812,12.02698],[108.99695,12.02729],[108.9956,12.02701],[108.99452,12.02935],[108.99359,12.02959],[108.99297,12.0313],[108.99299,12.03381],[108.99377,12.03377],[108.99451,12.03463],[108.9974,12.03587],[109.00208,12.03889],[109.00301,12.03903],[109.00397,12.04073],[109.00471,12.04097],[109.00559,12.04277],[109.00586,12.0449],[109.00564,12.04656],[109.00437,12.04683],[109.0037,12.04922],[109.00174,12.04974],[109.0008,12.05083],[109.00011,12.05223],[108.99935,12.05366],[108.99798,12.05419],[108.99634,12.0563],[108.99509,12.05594],[108.99439,12.05635],[108.99302,12.05828],[108.99228,12.05845],[108.99038,12.06079],[108.98868,12.06137],[108.98438,12.06389],[108.98307,12.06685],[108.98291,12.06775],[108.98128,12.06899],[108.97951,12.06937],[108.9769,12.06904],[108.97599,12.06953],[108.97552,12.07081],[108.97365,12.07166],[108.97257,12.07137],[108.97169,12.07251],[108.96824,12.07175],[108.96669,12.07092],[108.96551,12.07128],[108.96418,12.07115],[108.96128,12.07004],[108.96038,12.07047],[108.9592,12.07037],[108.95504,12.07191],[108.95371,12.072],[108.95227,12.07112],[108.95124,12.07182],[108.94906,12.07274],[108.94695,12.07329],[108.94589,12.07434],[108.94401,12.07578],[108.94267,12.07593],[108.94233,12.07685],[108.94158,12.07691],[108.94051,12.07622],[108.93685,12.0775],[108.93668,12.0769],[108.93711,12.07564],[108.93804,12.07447],[108.93883,12.0727],[108.93978,12.072],[108.9404,12.07068],[108.94031,12.0688],[108.93898,12.06617],[108.93847,12.0633],[108.93785,12.06247],[108.9386,12.06161],[108.93995,12.06079],[108.94079,12.0592],[108.94166,12.05641],[108.94175,12.05437],[108.94256,12.05348],[108.94273,12.05253],[108.94416,12.05147],[108.9447,12.0499],[108.94487,12.04842],[108.94467,12.04614],[108.94543,12.04583],[108.94638,12.04486],[108.94578,12.04132],[108.9451,12.03978],[108.94431,12.03863],[108.94354,12.0366],[108.94469,12.03311],[108.94362,12.03243],[108.94336,12.03119],[108.94246,12.03006],[108.94149,12.03008],[108.94123,12.02845],[108.9417,12.0277],[108.94159,12.02657],[108.93877,12.02507],[108.9393,12.02435],[108.94039,12.02417],[108.94102,12.02304],[108.94194,12.02279],[108.94262,12.02158],[108.94333,12.02133],[108.94467,12.02216],[108.94709,12.02207],[108.94783,12.02156],[108.94953,12.01824],[108.94955,12.0162],[108.95078,12.01334],[108.95077,12.01226],[108.95025,12.01147],[108.95166,12.00944],[108.95113,12.00777],[108.95138,12.00673],[108.95345,12.00548],[108.9559,12.00444],[108.95657,12.00296],[108.95642,12.00218],[108.95493,11.99968],[108.95367,12.00039],[108.9529,11.99897],[108.95326,11.99751],[108.95217,11.99673],[108.95111,11.99691],[108.95132,11.99526],[108.95175,11.99423],[108.95134,11.993],[108.95205,11.99237],[108.95279,11.9908],[108.95284,11.98806],[108.95304,11.9872],[108.95201,11.98519],[108.9523,11.98051],[108.95234,11.97721],[108.94942,11.97562],[108.94876,11.97483],[108.94748,11.97454],[108.94561,11.9725],[108.94423,11.97153],[108.94158,11.9685],[108.93952,11.96721],[108.93626,11.9666],[108.93538,11.96696],[108.93405,11.96905],[108.93216,11.97062],[108.9305,11.9714],[108.92826,11.97311],[108.92616,11.97408],[108.92474,11.9752],[108.92329,11.97578],[108.92002,11.97663],[108.91851,11.97643],[108.91591,11.97427],[108.91472,11.97349],[108.91264,11.9743],[108.91164,11.97446],[108.91048,11.97558],[108.90969,11.97572],[108.90817,11.97539],[108.90712,11.97555],[108.90615,11.97667],[108.90497,11.97724],[108.90406,11.97876],[108.90138,11.98006],[108.90194,11.98129],[108.90047,11.9808],[108.89985,11.97945],[108.90022,11.97748],[108.9,11.97568],[108.89958,11.97483],[108.89929,11.97236],[108.90036,11.96933],[108.90091,11.96696],[108.90102,11.96558],[108.90201,11.96437],[108.90212,11.96246],[108.90177,11.96127],[108.90266,11.95889],[108.90269,11.95476],[108.90225,11.95383],[108.90089,11.9523],[108.90038,11.94961],[108.90201,11.94898],[108.90356,11.94979],[108.9055,11.95011],[108.90629,11.94939],[108.9068,11.94808],[108.90787,11.94768],[108.90985,11.95026],[108.91241,11.95086],[108.91411,11.95185],[108.91482,11.95253],[108.91604,11.95131],[108.91829,11.9511],[108.91861,11.94985],[108.92012,11.94976],[108.91988,11.94872],[108.92033,11.94761],[108.92077,11.9449],[108.92219,11.9445],[108.92284,11.94269],[108.92414,11.94223],[108.92493,11.9413],[108.92765,11.94054],[108.93039,11.94038],[108.93189,11.93909],[108.93298,11.93703],[108.93597,11.93747],[108.9376,11.93837],[108.9382,11.93832],[108.93936,11.93654],[108.94096,11.93613],[108.94208,11.9367],[108.94502,11.93781],[108.94619,11.93806],[108.94702,11.93727],[108.94843,11.9371],[108.94965,11.93603],[108.95066,11.93386],[108.95281,11.93318],[108.95316,11.93193],[108.95433,11.93029],[108.95522,11.92626],[108.95554,11.92586],[108.96163,11.92459],[108.96365,11.92426],[108.96422,11.92268],[108.9686,11.91968],[108.96974,11.91928],[108.9707,11.91787],[108.972,11.91798],[108.973,11.91759],[108.97855,11.91729],[108.98003,11.91764],[108.98034,11.91607],[108.9821,11.9153],[108.98348,11.91529],[108.98468,11.91579],[108.98637,11.91564],[108.98717,11.91499],[108.98844,11.9148],[108.98913,11.91507],[108.99072,11.91735],[108.99196,11.9187],[108.99342,11.91947],[108.99496,11.91922],[108.99656,11.9193],[108.99711,11.91969],[108.99727,11.92097],[108.99988,11.92154],[109.00241,11.92267],[109.00473,11.92312],[109.00445,11.92426],[109.00178,11.92663],[109.00056,11.92886],[109.00025,11.93158],[109.00117,11.9333],[109.00253,11.93433],[109.00267,11.93605],[109.00221,11.9377],[109.0026,11.93823],[109.00281,11.94021],[109.00191,11.94199],[109.00204,11.94492],[109.00138,11.94617],[109.00058,11.9493],[109.0009,11.95119],[109.00349,11.95427],[109.00397,11.95574],[109.0052,11.95781],[109.00546,11.95993],[109.00592,11.96049]]]},"properties":{"a01_tinh":"diaphanhanhchinhcaptinh_sn.133","a02_xa":"diaphanhanhchinhcapxa_2025.1140","a03_ten":"Xã Đông Khánh Sơn","a04_tentinh":"Tỉnh Khánh Hòa","a05_truocsn":"Xã Sơn Trung, Xã Ba Cụm Bắc, Xã Ba Cụm Nam","a06_trungtamhc":"UBND xã Ba Cụm Bắc","a07_dt":"114.3","a08_ds":"10376","a09_dthoai":null,"a10_web":null,"ten":"Xã Đông Khánh Sơn","ma":"22732","tentinh":"Tỉnh Khánh Hòa","truocsapnhap":"Xã Sơn Trung, Xã Ba Cụm Bắc, Xã Ba Cụm Nam","dientichkm2":null,"dansonguoi":null},"id":"diaphanhanhchinhcapxa_2025.1140"},
{"type":"Feature","geometry":{"type":"Polygon","coordinates":[[[109.1286,12.54758],[109.12703,12.55081],[109.12788,12.5514],[109.12866,12.55332],[109.12722,12.55405],[109.12615,12.55576],[109.12596,12.55781],[109.12645,12.56012],[109.12724,12.5613],[109.12813,12.56358],[109.12806,12.56433],[109.12681,12.56547],[109.12608,12.56527],[109.12567,12.56397],[109.12474,12.56318],[109.12263,12.56423],[109.12305,12.5654],[109.12144,12.56781],[109.11997,12.56822],[109.1191,12.56907],[109.12012,12.571],[109.12013,12.57262],[109.11977,12.57358],[109.11985,12.57578],[109.12063,12.57702],[109.12165,12.58036],[109.12096,12.58114],[109.11957,12.58175],[109.1184,12.58267],[109.11628,12.57646],[109.11405,12.57624],[109.11328,12.57571],[109.11272,12.57438],[109.11061,12.57341],[109.10916,12.57379],[109.10777,12.5733],[109.10678,12.57144],[109.10495,12.5716],[109.10384,12.57098],[109.10332,12.57315],[109.10206,12.57954],[109.08695,12.59153],[109.08651,12.59213],[109.08545,12.59207],[109.0834,12.59292],[109.08045,12.59574],[109.0784,12.59487],[109.07614,12.59543],[109.0745,12.59675],[109.07234,12.59682],[109.07183,12.5984],[109.07075,12.5999],[109.07061,12.60215],[109.07133,12.60387],[109.07144,12.60584],[109.07193,12.60905],[109.07159,12.61088],[109.06815,12.61173],[109.06673,12.61252],[109.06659,12.61371],[109.06493,12.61422],[109.06414,12.61475],[109.06221,12.61534],[109.06068,12.61656],[109.06,12.61786],[109.06044,12.61857],[109.06112,12.62087],[109.06076,12.62201],[109.05965,12.62304],[109.05955,12.62397],[109.05898,12.62479],[109.05671,12.62622],[109.05458,12.6258],[109.05336,12.62583],[109.05138,12.62674],[109.04962,12.62986],[109.04928,12.63147],[109.04867,12.63234],[109.04758,12.6331],[109.04675,12.63493],[109.04593,12.63579],[109.04524,12.63794],[109.04454,12.63904],[109.04439,12.6403],[109.04392,12.64099],[109.04272,12.64131],[109.04169,12.64223],[109.0396,12.64324],[109.03865,12.64425],[109.03689,12.64462],[109.03576,12.64551],[109.03587,12.64643],[109.03512,12.64767],[109.03512,12.64852],[109.03429,12.6508],[109.03121,12.6532],[109.0322,12.65458],[109.0324,12.65665],[109.03231,12.65817],[109.03274,12.66259],[109.03314,12.66409],[109.03345,12.66707],[109.03405,12.66764],[109.03724,12.66931],[109.0367,12.66968],[109.03575,12.67125],[109.03626,12.67292],[109.03592,12.67466],[109.03672,12.67654],[109.03588,12.6767],[109.03317,12.67515],[109.03036,12.67427],[109.02902,12.67412],[109.02704,12.67524],[109.02323,12.67434],[109.02174,12.67365],[109.02025,12.67339],[109.01815,12.67543],[109.01635,12.67827],[109.01634,12.68003],[109.01394,12.68054],[109.01268,12.68202],[109.01065,12.68226],[109.00986,12.68278],[109.0077,12.68303],[109.00713,12.68338],[109.00584,12.68331],[109.00435,12.68277],[109.00342,12.68276],[109.00246,12.68366],[109.00063,12.68337],[108.99647,12.6838],[108.99579,12.68408],[108.99371,12.68397],[108.99387,12.6853],[108.99321,12.68606],[108.98972,12.68671],[108.98781,12.68836],[108.98687,12.68943],[108.98529,12.68937],[108.98399,12.68857],[108.98233,12.68703],[108.98097,12.68543],[108.97958,12.68414],[108.97924,12.68328],[108.97823,12.68206],[108.97893,12.68067],[108.98,12.67967],[108.98042,12.67776],[108.98141,12.67716],[108.98329,12.67736],[108.98452,12.67526],[108.98347,12.67336],[108.98405,12.67231],[108.98441,12.66969],[108.98428,12.66756],[108.98553,12.66668],[108.98508,12.66282],[108.98383,12.66194],[108.98296,12.66072],[108.98302,12.65951],[108.98252,12.65792],[108.98294,12.65699],[108.98293,12.65536],[108.98329,12.65427],[108.98275,12.6535],[108.98262,12.65205],[108.98907,12.64836],[108.98967,12.6481],[108.99142,12.64884],[108.99428,12.64797],[108.99584,12.64795],[108.9997,12.64594],[109.00044,12.64587],[109.00157,12.64483],[109.00145,12.64307],[109.0023,12.64104],[109.00374,12.63893],[109.00766,12.63851],[109.00847,12.63755],[109.01013,12.63733],[109.01136,12.63446],[109.0117,12.6326],[109.01341,12.63078],[109.01562,12.6309],[109.01749,12.62806],[109.01895,12.62626],[109.01968,12.62134],[109.02791,12.59384],[109.03657,12.578],[109.04074,12.56434],[109.04722,12.56147],[109.04844,12.56104],[109.05711,12.55712],[109.05849,12.55751],[109.0616,12.55163],[109.06375,12.54777],[109.06533,12.54634],[109.06703,12.54414],[109.0682,12.54162],[109.06847,12.5389],[109.06906,12.53758],[109.06908,12.53644],[109.06858,12.53562],[109.06686,12.53382],[109.06677,12.5325],[109.06428,12.53092],[109.06267,12.52908],[109.06313,12.5286],[109.065,12.52773],[109.07052,12.52386],[109.07953,12.51633],[109.07952,12.51547],[109.08143,12.5155],[109.08132,12.51125],[109.08139,12.51028],[109.08512,12.51015],[109.08597,12.51028],[109.09014,12.50898],[109.09185,12.50855],[109.09515,12.50913],[109.09709,12.50902],[109.09733,12.51027],[109.09829,12.51059],[109.09828,12.51184],[109.10082,12.51204],[109.10103,12.51424],[109.102,12.51534],[109.10335,12.51528],[109.10427,12.5156],[109.10476,12.51636],[109.10534,12.51835],[109.10481,12.52058],[109.1052,12.52128],[109.10632,12.52168],[109.10679,12.51879],[109.10769,12.51869],[109.10787,12.51629],[109.10869,12.51619],[109.10924,12.51715],[109.11204,12.51671],[109.11384,12.51709],[109.11465,12.51623],[109.11556,12.51646],[109.11684,12.51755],[109.11722,12.5187],[109.11685,12.51992],[109.11704,12.52104],[109.11801,12.5217],[109.1181,12.52245],[109.11642,12.52369],[109.11645,12.52517],[109.12012,12.52454],[109.12178,12.5253],[109.12405,12.52516],[109.12584,12.52382],[109.12723,12.52488],[109.12904,12.52525],[109.13007,12.52581],[109.13168,12.52742],[109.13205,12.52919],[109.13168,12.53086],[109.13004,12.53335],[109.12988,12.53451],[109.13065,12.53683],[109.13046,12.53798],[109.12943,12.53975],[109.12816,12.54099],[109.12734,12.54266],[109.12738,12.54329],[109.12833,12.54539],[109.1286,12.54758]]]},"properties":{"a01_tinh":"diaphanhanhchinhcaptinh_sn.133","a02_xa":"diaphanhanhchinhcapxa_2025.1112","a03_ten":"Xã Hòa Trí","a04_tentinh":"Tỉnh Khánh Hòa","a05_truocsn":"Xã Ninh Thượng, Xã Ninh Trung, Xã Ninh Thân","a06_trungtamhc":"UBND xã Ninh Thân","a07_dt":"109.4","a08_ds":"26638","a09_dthoai":null,"a10_web":null,"ten":"Xã Hòa Trí","ma":"22558","tentinh":"Tỉnh Khánh Hòa","truocsapnhap":"Xã Ninh Thượng, Xã Ninh Trung, Xã Ninh Thân","dientichkm2":null,"dansonguoi":null},"id":"diaphanhanhchinhcapxa_2025.1112"},
{"type":"Feature","geometry":{"type":"Polygon","coordinates":[[[108.94545,12.07845],[108.94451,12.0792],[108.94378,12.08115],[108.9429,12.0825],[108.9431,12.08314],[108.94505,12.08477],[108.94381,12.08937],[108.94434,12.09112],[108.94377,12.09409],[108.94174,12.09802],[108.94037,12.10231],[108.93904,12.10096],[108.93774,12.10052],[108.93659,12.10105],[108.93547,12.10114],[108.93337,12.10061],[108.93103,12.09955],[108.93127,12.09803],[108.93122,12.09637],[108.93225,12.09428],[108.93246,12.09313],[108.9319,12.09067],[108.93067,12.08861],[108.92939,12.08846],[108.92823,12.08796],[108.92554,12.08748],[108.92421,12.088],[108.92044,12.0882],[108.919,12.08845],[108.91707,12.08926],[108.91579,12.0894],[108.91451,12.09002],[108.91249,12.09156],[108.91103,12.0916],[108.91056,12.09366],[108.90985,12.09413],[108.90703,12.09501],[108.90456,12.09477],[108.90213,12.09369],[108.90108,12.09293],[108.90068,12.09204],[108.90034,12.08997],[108.90109,12.08857],[108.90111,12.08555],[108.90169,12.08388],[108.90188,12.08229],[108.90147,12.07996],[108.90199,12.07638],[108.90198,12.07505],[108.90314,12.07343],[108.90416,12.07108],[108.9026,12.06995],[108.90081,12.06914],[108.89865,12.06756],[108.89774,12.06777],[108.89622,12.06718],[108.89587,12.06612],[108.89443,12.06329],[108.89317,12.06189],[108.89181,12.06125],[108.89037,12.05999],[108.88942,12.05814],[108.88798,12.0574],[108.88688,12.05531],[108.8858,12.05424],[108.88262,12.05423],[108.88156,12.05359],[108.88008,12.05227],[108.87855,12.05174],[108.87725,12.05177],[108.87873,12.04986],[108.8795,12.04788],[108.87925,12.04621],[108.88133,12.04367],[108.88263,12.043],[108.88323,12.04127],[108.88488,12.04027],[108.88517,12.03917],[108.88434,12.03813],[108.88342,12.03781],[108.88282,12.03656],[108.88291,12.03541],[108.88215,12.03338],[108.88217,12.03157],[108.88171,12.03043],[108.88086,12.02969],[108.88214,12.02737],[108.88198,12.0268],[108.8806,12.02669],[108.87949,12.02592],[108.87901,12.02387],[108.87773,12.02342],[108.87734,12.02276],[108.87767,12.02193],[108.87899,12.0208],[108.87954,12.01988],[108.87993,12.01811],[108.88171,12.01557],[108.88144,12.01375],[108.87824,12.01005],[108.8775,12.00899],[108.87578,12.00879],[108.87463,12.008],[108.87253,12.00833],[108.87152,12.00772],[108.87095,12.0062],[108.86918,12.00544],[108.86843,12.00406],[108.86667,12.00314],[108.86531,12.00118],[108.86564,11.99965],[108.86513,11.99806],[108.8664,11.99706],[108.86775,11.99557],[108.86964,11.99382],[108.87006,11.99241],[108.87075,11.99148],[108.87119,11.99021],[108.87168,11.98772],[108.87158,11.98445],[108.87098,11.98249],[108.87097,11.97957],[108.87069,11.97744],[108.86823,11.97427],[108.86566,11.96867],[108.86515,11.96784],[108.86599,11.96656],[108.86718,11.96546],[108.86975,11.96413],[108.87064,11.96175],[108.87192,11.95994],[108.87226,11.95909],[108.8733,11.95842],[108.87532,11.95829],[108.87678,11.95919],[108.87899,11.95984],[108.88035,11.96072],[108.88072,11.96017],[108.88061,11.95766],[108.88143,11.957],[108.88386,11.95601],[108.88489,11.95484],[108.88758,11.95334],[108.88992,11.94901],[108.89004,11.94843],[108.89101,11.9477],[108.89325,11.94738],[108.89572,11.94791],[108.89641,11.94841],[108.89809,11.94876],[108.90038,11.94961],[108.90089,11.9523],[108.90225,11.95383],[108.90269,11.95476],[108.90266,11.95889],[108.90177,11.96127],[108.90212,11.96246],[108.90201,11.96437],[108.90102,11.96558],[108.90091,11.96696],[108.90036,11.96933],[108.89929,11.97236],[108.89958,11.97483],[108.9,11.97568],[108.90022,11.97748],[108.89985,11.97945],[108.90047,11.9808],[108.90194,11.98129],[108.90138,11.98006],[108.90406,11.97876],[108.90497,11.97724],[108.90615,11.97667],[108.90712,11.97555],[108.90817,11.97539],[108.90969,11.97572],[108.91048,11.97558],[108.91164,11.97446],[108.91264,11.9743],[108.91472,11.97349],[108.91591,11.97427],[108.91851,11.97643],[108.92002,11.97663],[108.92329,11.97578],[108.92474,11.9752],[108.92616,11.97408],[108.92826,11.97311],[108.9305,11.9714],[108.93216,11.97062],[108.93405,11.96905],[108.93538,11.96696],[108.93626,11.9666],[108.93952,11.96721],[108.94158,11.9685],[108.94423,11.97153],[108.94561,11.9725],[108.94748,11.97454],[108.94876,11.97483],[108.94942,11.97562],[108.95234,11.97721],[108.9523,11.98051],[108.95201,11.98519],[108.95304,11.9872],[108.95284,11.98806],[108.95279,11.9908],[108.95205,11.99237],[108.95134,11.993],[108.95175,11.99423],[108.95132,11.99526],[108.95111,11.99691],[108.95217,11.99673],[108.95326,11.99751],[108.9529,11.99897],[108.95367,12.00039],[108.95493,11.99968],[108.95642,12.00218],[108.95657,12.00296],[108.9559,12.00444],[108.95345,12.00548],[108.95138,12.00673],[108.95113,12.00777],[108.95166,12.00944],[108.95025,12.01147],[108.95077,12.01226],[108.95078,12.01334],[108.94955,12.0162],[108.94953,12.01824],[108.94783,12.02156],[108.94709,12.02207],[108.94467,12.02216],[108.94333,12.02133],[108.94262,12.02158],[108.94194,12.02279],[108.94102,12.02304],[108.94039,12.02417],[108.9393,12.02435],[108.93877,12.02507],[108.94159,12.02657],[108.9417,12.0277],[108.94123,12.02845],[108.94149,12.03008],[108.94246,12.03006],[108.94336,12.03119],[108.94362,12.03243],[108.94469,12.03311],[108.94354,12.0366],[108.94431,12.03863],[108.9451,12.03978],[108.94578,12.04132],[108.94638,12.04486],[108.94543,12.04583],[108.94467,12.04614],[108.94487,12.04842],[108.9447,12.0499],[108.94416,12.05147],[108.94273,12.05253],[108.94256,12.05348],[108.94175,12.05437],[108.94166,12.05641],[108.94079,12.0592],[108.93995,12.06079],[108.9386,12.06161],[108.93785,12.06247],[108.93847,12.0633],[108.93898,12.06617],[108.94031,12.0688],[108.9404,12.07068],[108.93978,12.072],[108.93883,12.0727],[108.93804,12.07447],[108.93711,12.07564],[108.93668,12.0769],[108.93685,12.0775],[108.94051,12.07622],[108.94158,12.07691],[108.94233,12.07685],[108.94267,12.07593],[108.94401,12.07578],[108.94442,12.07707],[108.94545,12.07845]]]},"properties":{"a01_tinh":"diaphanhanhchinhcaptinh_sn.133","a02_xa":"diaphanhanhchinhcapxa_2025.1138","a03_ten":"Xã Khánh Sơn","a04_tentinh":"Tỉnh Khánh Hòa","a05_truocsn":"Thị trấn Tô Hạp, Xã Sơn Hiệp, Xã Sơn Bình","a06_trungtamhc":"UBND huyện Khánh Sơn","a07_dt":"98.7","a08_ds":"11535","a09_dthoai":null,"a10_web":null,"ten":"Xã Khánh Sơn","ma":"22714","tentinh":"Tỉnh Khánh Hòa","truocsapnhap":"Thị trấn Tô Hạp, Xã Sơn Hiệp, Xã Sơn Bình","dientichkm2":null,"dansonguoi":null},"id":"diaphanhanhchinhcapxa_2025.1138"},
{"type":"Feature","geometry":{"type":"Polygon","coordinates":[[[108.96053,12.28101],[108.95894,12.28053],[108.95732,12.2805],[108.95651,12.28116],[108.95565,12.28406],[108.95507,12.28741],[108.95499,12.28891],[108.95523,12.2901],[108.95501,12.29208],[108.95382,12.29327],[108.95226,12.29354],[108.95082,12.29322],[108.94974,12.29238],[108.94914,12.29109],[108.94773,12.28936],[108.9464,12.28875],[108.94518,12.28901],[108.94268,12.28842],[108.94236,12.28778],[108.94252,12.28571],[108.94175,12.28522],[108.94079,12.28534],[108.93732,12.28649],[108.93512,12.28678],[108.93321,12.28467],[108.93088,12.28405],[108.92877,12.28426],[108.92739,12.28321],[108.92568,12.28294],[108.92477,12.2831],[108.92331,12.28394],[108.92303,12.28522],[108.92202,12.28536],[108.92088,12.28446],[108.91966,12.28392],[108.91869,12.28406],[108.91754,12.28494],[108.91701,12.28582],[108.91464,12.28612],[108.91327,12.28525],[108.91119,12.28537],[108.91034,12.28682],[108.90988,12.28827],[108.90864,12.28931],[108.90565,12.28907],[108.90426,12.28873],[108.90282,12.28788],[108.90308,12.28628],[108.90065,12.28392],[108.90211,12.28197],[108.90389,12.28064],[108.90448,12.27968],[108.90427,12.27862],[108.90304,12.2776],[108.9018,12.27753],[108.90014,12.2784],[108.89816,12.2779],[108.89578,12.27627],[108.89136,12.27424],[108.88945,12.27409],[108.8885,12.27445],[108.88772,12.27323],[108.88682,12.27237],[108.88624,12.27072],[108.88529,12.26887],[108.88493,12.26706],[108.88441,12.26563],[108.88487,12.26407],[108.88624,12.26303],[108.8864,12.26435],[108.88695,12.26497],[108.88804,12.26518],[108.89135,12.26766],[108.89396,12.26772],[108.89537,12.26736],[108.89654,12.2681],[108.89742,12.2682],[108.89894,12.2698],[108.90049,12.27031],[108.90156,12.26979],[108.90374,12.26943],[108.90521,12.26996],[108.90617,12.26976],[108.90803,12.2709],[108.90956,12.27136],[108.91161,12.27167],[108.91339,12.27143],[108.9138,12.27055],[108.91511,12.2701],[108.9161,12.27018],[108.91722,12.27079],[108.91828,12.27015],[108.91888,12.26913],[108.91895,12.26784],[108.91845,12.26633],[108.91843,12.26529],[108.9171,12.26403],[108.91608,12.26271],[108.91517,12.26053],[108.91461,12.25967],[108.9134,12.25694],[108.91256,12.25561],[108.91392,12.25448],[108.91365,12.25175],[108.91441,12.25108],[108.91565,12.24897],[108.91415,12.24725],[108.91386,12.24659],[108.91215,12.24631],[108.91095,12.24477],[108.9109,12.2438],[108.91203,12.24213],[108.91178,12.23977],[108.91056,12.23903],[108.90877,12.23903],[108.90673,12.23616],[108.90631,12.23467],[108.9053,12.23328],[108.90456,12.23286],[108.9027,12.23359],[108.90067,12.23217],[108.89937,12.232],[108.89651,12.23246],[108.89516,12.23234],[108.89389,12.23167],[108.89323,12.23038],[108.8922,12.22971],[108.89169,12.2288],[108.89185,12.22641],[108.891,12.22571],[108.88902,12.22344],[108.8882,12.22314],[108.88682,12.21959],[108.88656,12.21824],[108.88586,12.21738],[108.88562,12.21618],[108.8846,12.2155],[108.88347,12.21406],[108.88319,12.21295],[108.88174,12.21071],[108.88177,12.20754],[108.88258,12.20399],[108.88252,12.20257],[108.8828,12.19975],[108.88408,12.19637],[108.88217,12.19612],[108.88058,12.19464],[108.87932,12.19439],[108.87748,12.19481],[108.87674,12.19472],[108.87575,12.19387],[108.874,12.19387],[108.87148,12.19277],[108.87064,12.19218],[108.87036,12.19127],[108.87077,12.19028],[108.86988,12.18946],[108.87049,12.18797],[108.86931,12.1858],[108.86906,12.18472],[108.87009,12.18331],[108.86977,12.18218],[108.86975,12.18075],[108.87051,12.17901],[108.86943,12.17791],[108.86884,12.17781],[108.8672,12.17895],[108.86632,12.17799],[108.86701,12.17588],[108.8666,12.17381],[108.86676,12.17295],[108.86472,12.17133],[108.86476,12.16904],[108.86515,12.16739],[108.86459,12.1669],[108.86092,12.16516],[108.85951,12.16336],[108.85811,12.16073],[108.85662,12.15855],[108.85512,12.15667],[108.85335,12.15575],[108.85026,12.153],[108.84918,12.15306],[108.84845,12.15246],[108.84785,12.1513],[108.84576,12.14924],[108.8443,12.14862],[108.84235,12.1471],[108.84152,12.14469],[108.84028,12.14351],[108.8398,12.14211],[108.83718,12.14103],[108.8358,12.1394],[108.83574,12.13847],[108.83628,12.137],[108.83618,12.13514],[108.83681,12.1341],[108.83754,12.13099],[108.83765,12.12871],[108.8382,12.12643],[108.83916,12.12342],[108.83934,12.12186],[108.84021,12.12088],[108.84046,12.11976],[108.84142,12.11795],[108.84152,12.11723],[108.8452,12.11487],[108.84628,12.11492],[108.84677,12.11442],[108.84849,12.11431],[108.85115,12.11255],[108.85254,12.11052],[108.85427,12.11019],[108.85722,12.1112],[108.85796,12.1119],[108.85994,12.11237],[108.86189,12.10933],[108.86231,12.10747],[108.8648,12.10635],[108.86615,12.10633],[108.86778,12.10468],[108.87033,12.10412],[108.87168,12.10422],[108.87267,12.10464],[108.87434,12.10621],[108.87633,12.10662],[108.87812,12.10799],[108.87934,12.10736],[108.88117,12.1068],[108.88154,12.10629],[108.88187,12.10461],[108.88361,12.101],[108.88442,12.09816],[108.88618,12.09798],[108.88778,12.09703],[108.88883,12.0961],[108.89118,12.09692],[108.89293,12.09778],[108.89419,12.09768],[108.8967,12.09797],[108.90038,12.09274],[108.90068,12.09204],[108.90108,12.09293],[108.90213,12.09369],[108.90456,12.09477],[108.90703,12.09501],[108.90985,12.09413],[108.91056,12.09366],[108.91103,12.0916],[108.91249,12.09156],[108.91451,12.09002],[108.91579,12.0894],[108.91707,12.08926],[108.919,12.08845],[108.92044,12.0882],[108.92421,12.088],[108.92554,12.08748],[108.92823,12.08796],[108.92939,12.08846],[108.93067,12.08861],[108.9319,12.09067],[108.93246,12.09313],[108.93225,12.09428],[108.93122,12.09637],[108.93127,12.09803],[108.93103,12.09955],[108.93337,12.10061],[108.93547,12.10114],[108.93659,12.10105],[108.93774,12.10052],[108.93904,12.10096],[108.94037,12.10231],[108.9405,12.10493],[108.94111,12.10713],[108.94186,12.10793],[108.9423,12.109],[108.94207,12.11064],[108.94286,12.11156],[108.94391,12.1138],[108.94413,12.11553],[108.94484,12.11606],[108.94563,12.11736],[108.94749,12.11954],[108.95102,12.12071],[108.95269,12.12077],[108.95307,12.12143],[108.9546,12.12197],[108.95658,12.12232],[108.95768,12.12304],[108.95932,12.12522],[108.96099,12.12865],[108.96098,12.13053],[108.96063,12.13187],[108.96097,12.13355],[108.96058,12.13425],[108.96039,12.13599],[108.96092,12.138],[108.96212,12.13992],[108.96251,12.14218],[108.96375,12.14408],[108.96473,12.14472],[108.96514,12.14573],[108.96543,12.14761],[108.96846,12.14998],[108.96858,12.15114],[108.96735,12.15217],[108.96619,12.15348],[108.96498,12.15632],[108.96483,12.15745],[108.96597,12.15943],[108.96669,12.15968],[108.96825,12.15932],[108.97005,12.15945],[108.97107,12.16072],[108.97281,12.16134],[108.97431,12.16294],[108.97303,12.16552],[108.97268,12.16704],[108.97299,12.17123],[108.97339,12.17318],[108.97491,12.17523],[108.97565,12.17695],[108.97532,12.17832],[108.9741,12.18086],[108.97299,12.18201],[108.9718,12.18249],[108.97083,12.18501],[108.97076,12.18887],[108.97036,12.18934],[108.96902,12.18968],[108.96849,12.19067],[108.96726,12.19163],[108.96688,12.19351],[108.96548,12.19492],[108.96351,12.19851],[108.96258,12.20113],[108.9619,12.2038],[108.96104,12.20587],[108.96013,12.20878],[108.96002,12.21039],[108.95928,12.21169],[108.95783,12.21185],[108.95729,12.21245],[108.95827,12.21421],[108.95808,12.21485],[108.95581,12.21735],[108.95346,12.21844],[108.95257,12.22002],[108.95242,12.22175],[108.95316,12.22317],[108.95331,12.2246],[108.95373,12.22553],[108.95358,12.22682],[108.9548,12.23251],[108.95473,12.23366],[108.95552,12.23487],[108.95562,12.23638],[108.95757,12.23737],[108.95946,12.23977],[108.962,12.24116],[108.9622,12.2442],[108.96166,12.24602],[108.9616,12.24918],[108.96131,12.24968],[108.96136,12.25266],[108.96003,12.2527],[108.95906,12.25468],[108.95794,12.25778],[108.95912,12.25873],[108.95887,12.26215],[108.96015,12.2621],[108.96168,12.26313],[108.96232,12.26536],[108.96169,12.26637],[108.96087,12.26692],[108.96036,12.26853],[108.95943,12.26968],[108.95843,12.27009],[108.95694,12.27265],[108.95681,12.27343],[108.95775,12.27537],[108.95873,12.27571],[108.95937,12.27703],[108.96086,12.27897],[108.96053,12.28101]]]},"properties":{"a01_tinh":"diaphanhanhchinhcaptinh_sn.133","a02_xa":"diaphanhanhchinhcapxa_2025.1130","a03_ten":"Xã Khánh Vĩnh","a04_tentinh":"Tỉnh Khánh Hòa","a05_truocsn":"Thị trấn Khánh Vĩnh, Xã Sông Cầu, Xã Khánh Phú","a06_trungtamhc":"UBND huyện Khánh Vĩnh","a07_dt":"192.4","a08_ds":"11204","a09_dthoai":null,"a10_web":null,"ten":"Xã Khánh Vĩnh","ma":"22609","tentinh":"Tỉnh Khánh Hòa","truocsapnhap":"Thị trấn Khánh Vĩnh, Xã Sông Cầu, Xã Khánh Phú","dientichkm2":null,"dansonguoi":null},"id":"diaphanhanhchinhcapxa_2025.1130"},
{"type":"Feature","geometry":{"type":"Polygon","coordinates":[[[108.79213,11.82175],[108.79142,11.82306],[108.79099,11.82458],[108.79119,11.82648],[108.78895,11.82886],[108.78753,11.83121],[108.78538,11.83436],[108.78401,11.83592],[108.78001,11.8393],[108.77811,11.84105],[108.77618,11.84189],[108.77504,11.84287],[108.77417,11.84269],[108.77249,11.84452],[108.77223,11.84529],[108.77252,11.84707],[108.77311,11.84818],[108.77226,11.85082],[108.77085,11.85167],[108.76964,11.85183],[108.76799,11.85382],[108.76635,11.85453],[108.76596,11.85523],[108.76459,11.85552],[108.76302,11.85478],[108.76143,11.85515],[108.76112,11.85589],[108.75989,11.85694],[108.75896,11.85899],[108.75914,11.86034],[108.75794,11.86158],[108.75757,11.86273],[108.7559,11.86305],[108.75476,11.86377],[108.75359,11.8624],[108.75042,11.86214],[108.74944,11.86183],[108.74882,11.86449],[108.74623,11.86343],[108.74512,11.86377],[108.74458,11.86502],[108.74356,11.86636],[108.74274,11.86807],[108.74261,11.86911],[108.74266,11.8725],[108.74207,11.87311],[108.74184,11.87488],[108.74069,11.87497],[108.73961,11.87608],[108.73697,11.87992],[108.73566,11.88199],[108.73362,11.88478],[108.73139,11.88734],[108.72242,11.89971],[108.70982,11.91903],[108.68504,11.92147],[108.68325,11.9205],[108.68023,11.91977],[108.6781,11.91821],[108.675,11.91789],[108.674,11.91797],[108.67283,11.91552],[108.671,11.9154],[108.66589,11.9135],[108.664,11.91409],[108.66316,11.91305],[108.66289,11.91213],[108.66094,11.90914],[108.66012,11.90611],[108.66039,11.90529],[108.66013,11.9034],[108.6591,11.90371],[108.65795,11.90238],[108.65583,11.90187],[108.65533,11.90103],[108.65598,11.89923],[108.6558,11.89823],[108.65381,11.89612],[108.65321,11.89286],[108.65481,11.89126],[108.65537,11.88989],[108.65515,11.88875],[108.65585,11.88724],[108.65545,11.88643],[108.65416,11.88087],[108.6524,11.87397],[108.65192,11.87266],[108.65251,11.86928],[108.65227,11.86805],[108.65119,11.86652],[108.65019,11.86388],[108.65028,11.86307],[108.65154,11.86209],[108.652,11.86121],[108.65203,11.8598],[108.65258,11.8584],[108.65265,11.85726],[108.65325,11.85646],[108.65392,11.85315],[108.65356,11.85125],[108.65372,11.84952],[108.65299,11.84776],[108.65318,11.84621],[108.65024,11.84067],[108.64857,11.83975],[108.64639,11.83656],[108.64541,11.8346],[108.6446,11.83429],[108.64386,11.83297],[108.64309,11.83236],[108.64056,11.8316],[108.64014,11.83071],[108.63913,11.8309],[108.63809,11.83037],[108.63665,11.83095],[108.63601,11.83089],[108.63481,11.82956],[108.63424,11.83111],[108.63335,11.83013],[108.63295,11.829],[108.63032,11.82954],[108.62966,11.83148],[108.62783,11.83183],[108.62678,11.83141],[108.6258,11.83151],[108.62533,11.83039],[108.62571,11.82936],[108.625,11.82595],[108.62542,11.82467],[108.62545,11.82196],[108.62651,11.8199],[108.62757,11.81912],[108.62652,11.81747],[108.62637,11.8156],[108.62545,11.81328],[108.62334,11.81135],[108.62196,11.81086],[108.62115,11.80996],[108.62019,11.80955],[108.62031,11.80753],[108.61942,11.80453],[108.61978,11.80336],[108.62121,11.80278],[108.62326,11.801],[108.62619,11.79965],[108.62761,11.79952],[108.62896,11.79823],[108.63004,11.7976],[108.63143,11.79573],[108.63318,11.7954],[108.6345,11.7958],[108.63526,11.79473],[108.63664,11.79389],[108.64059,11.79383],[108.64218,11.79321],[108.64406,11.79315],[108.64642,11.79337],[108.64919,11.79327],[108.65204,11.79288],[108.6535,11.79289],[108.65544,11.79246],[108.65708,11.79031],[108.6583,11.78983],[108.66022,11.78974],[108.66133,11.7894],[108.66438,11.78787],[108.66578,11.78842],[108.66826,11.78889],[108.66956,11.78637],[108.67169,11.78481],[108.67257,11.78321],[108.67448,11.78297],[108.6767,11.78105],[108.67888,11.78112],[108.68098,11.78034],[108.68134,11.77977],[108.68288,11.77916],[108.68408,11.77906],[108.68467,11.7795],[108.68707,11.77947],[108.6885,11.77981],[108.69053,11.78096],[108.69163,11.78122],[108.69194,11.78254],[108.71623,11.77386],[108.71719,11.77481],[108.71908,11.77564],[108.72205,11.77553],[108.72429,11.77519],[108.7256,11.77532],[108.72683,11.77603],[108.72784,11.77744],[108.72972,11.77811],[108.73079,11.77728],[108.73254,11.77698],[108.73348,11.77651],[108.73411,11.77719],[108.7359,11.77645],[108.73836,11.77578],[108.7392,11.7742],[108.74184,11.77354],[108.74383,11.77418],[108.74408,11.77351],[108.74496,11.7733],[108.74613,11.77397],[108.7476,11.77438],[108.74912,11.77436],[108.75051,11.77343],[108.75178,11.77337],[108.75282,11.77446],[108.75378,11.77441],[108.75184,11.7784],[108.75405,11.77917],[108.75544,11.78084],[108.75826,11.78124],[108.76199,11.78252],[108.76321,11.78266],[108.76443,11.78234],[108.76618,11.78276],[108.76863,11.78417],[108.76795,11.78558],[108.7665,11.78682],[108.76766,11.7877],[108.76696,11.7883],[108.76794,11.78952],[108.76958,11.78929],[108.76996,11.79046],[108.77118,11.79228],[108.77138,11.79327],[108.77352,11.79745],[108.77536,11.79602],[108.77801,11.79532],[108.77904,11.79465],[108.77981,11.79307],[108.77961,11.79041],[108.78138,11.78764],[108.78251,11.78647],[108.78298,11.78792],[108.7839,11.78835],[108.78375,11.78907],[108.7849,11.78915],[108.78585,11.78973],[108.78622,11.79087],[108.78585,11.79234],[108.79097,11.79251],[108.7916,11.79217],[108.79233,11.79265],[108.7945,11.79275],[108.79591,11.7923],[108.79705,11.79377],[108.79723,11.79535],[108.79654,11.79763],[108.79645,11.7989],[108.79677,11.80032],[108.79803,11.80275],[108.79835,11.80499],[108.79759,11.80823],[108.79686,11.81002],[108.79559,11.81486],[108.79467,11.8167],[108.79406,11.81729],[108.79334,11.81704],[108.79275,11.81778],[108.79185,11.82101],[108.79213,11.82175]]]},"properties":{"a01_tinh":"diaphanhanhchinhcaptinh_sn.133","a02_xa":"diaphanhanhchinhcapxa_2025.1160","a03_ten":"Xã Lâm Sơn","a04_tentinh":"Tỉnh Khánh Hòa","a05_truocsn":"Xã Lương Sơn, Xã Lâm Sơn","a06_trungtamhc":"UBND xã Lâm Sơn ","a07_dt":"191.5","a08_ds":"24247","a09_dthoai":null,"a10_web":null,"ten":"Xã Lâm Sơn","ma":"22813","tentinh":"Tỉnh Khánh Hòa","truocsapnhap":"Xã Lương Sơn, Xã Lâm Sơn","dientichkm2":null,"dansonguoi":null},"id":"diaphanhanhchinhcapxa_2025.1160"},
{"type":"Feature","geometry":{"type":"Polygon","coordinates":[[[108.9898,11.78503],[108.97658,11.7883],[108.96753,11.79065],[108.96288,11.79191],[108.94755,11.80508],[108.94607,11.80328],[108.94547,11.80173],[108.94403,11.8006],[108.94124,11.79966],[108.93891,11.79653],[108.93949,11.79565],[108.93869,11.79386],[108.93747,11.79353],[108.93748,11.79192],[108.93614,11.79134],[108.93541,11.789],[108.93556,11.78855],[108.93487,11.78715],[108.9337,11.78544],[108.93112,11.78244],[108.92935,11.77917],[108.9276,11.77783],[108.92626,11.77635],[108.92537,11.77465],[108.9237,11.77362],[108.92129,11.77114],[108.91989,11.77025],[108.91899,11.76922],[108.91859,11.76786],[108.91764,11.76693],[108.91597,11.76615],[108.91434,11.7658],[108.91404,11.76627],[108.9123,11.7667],[108.90979,11.76503],[108.90947,11.76396],[108.90797,11.76353],[108.90656,11.76152],[108.90422,11.76012],[108.90168,11.7601],[108.90019,11.75972],[108.89891,11.76053],[108.89396,11.7583],[108.88946,11.75842],[108.88758,11.7576],[108.8846,11.75702],[108.88128,11.75421],[108.87984,11.75247],[108.87869,11.75195],[108.87803,11.75116],[108.87732,11.74896],[108.87597,11.74867],[108.87525,11.74776],[108.88257,11.73577],[108.86504,11.74025],[108.8622,11.74006],[108.85852,11.73862],[108.85534,11.73804],[108.85158,11.73836],[108.84788,11.73966],[108.84551,11.74125],[108.84451,11.74171],[108.84199,11.74093],[108.83833,11.74047],[108.83655,11.73957],[108.82928,11.74659],[108.82224,11.75315],[108.81966,11.75577],[108.81803,11.7548],[108.81504,11.75212],[108.81406,11.75235],[108.81339,11.75202],[108.81131,11.75272],[108.8094,11.74886],[108.80924,11.74734],[108.80942,11.7446],[108.80865,11.74055],[108.80936,11.73499],[108.81102,11.7288],[108.81116,11.72733],[108.81051,11.72498],[108.81053,11.72385],[108.81115,11.72085],[108.81191,11.71894],[108.81251,11.7162],[108.81228,11.7129],[108.81241,11.71043],[108.81344,11.70829],[108.81157,11.70817],[108.81001,11.70726],[108.80716,11.70823],[108.80488,11.70995],[108.80384,11.71183],[108.7871,11.68383],[108.78483,11.68286],[108.78319,11.68146],[108.76476,11.67072],[108.76377,11.67011],[108.763,11.6689],[108.75842,11.66052],[108.75834,11.64926],[108.77256,11.64805],[108.77602,11.64764],[108.78064,11.64735],[108.80146,11.64118],[108.80312,11.64044],[108.80372,11.63924],[108.80475,11.6386],[108.80641,11.63896],[108.80943,11.63861],[108.81349,11.6385],[108.81697,11.63935],[108.82029,11.63818],[108.82092,11.63815],[108.82401,11.63995],[108.82477,11.64324],[108.82638,11.645],[108.82777,11.64554],[108.8279,11.64614],[108.82944,11.64726],[108.82938,11.64819],[108.83087,11.64904],[108.83338,11.6497],[108.83472,11.64926],[108.83543,11.65022],[108.83612,11.65025],[108.83737,11.65135],[108.83987,11.65037],[108.84319,11.6508],[108.84375,11.65014],[108.84836,11.64978],[108.84974,11.65101],[108.85052,11.65056],[108.85144,11.65086],[108.85256,11.65046],[108.85423,11.65061],[108.85584,11.65196],[108.85848,11.65132],[108.86093,11.65156],[108.86161,11.65282],[108.86308,11.65471],[108.86788,11.65556],[108.86923,11.65348],[108.87122,11.6523],[108.87338,11.64958],[108.87462,11.64757],[108.87519,11.6456],[108.87492,11.64414],[108.87418,11.64198],[108.87222,11.63866],[108.87208,11.63715],[108.87136,11.63637],[108.87087,11.63336],[108.87063,11.63065],[108.872,11.63167],[108.87285,11.63279],[108.87351,11.63416],[108.87562,11.63725],[108.87783,11.63906],[108.87949,11.64101],[108.88078,11.64207],[108.88247,11.64517],[108.883,11.64563],[108.88524,11.64909],[108.88753,11.65148],[108.88844,11.65324],[108.88931,11.65338],[108.89165,11.6551],[108.89183,11.65437],[108.89311,11.65446],[108.89452,11.65508],[108.89506,11.65627],[108.89711,11.65874],[108.89847,11.66078],[108.90011,11.66215],[108.90169,11.66306],[108.90349,11.66585],[108.90588,11.66843],[108.90633,11.66871],[108.91323,11.672],[108.91486,11.67411],[108.91617,11.67628],[108.91959,11.68032],[108.92114,11.68233],[108.94639,11.67468],[108.94772,11.67422],[108.94891,11.67255],[108.95118,11.67033],[108.95177,11.66925],[108.95471,11.66605],[108.95505,11.66541],[108.95744,11.66326],[108.96118,11.6594],[108.96234,11.65798],[108.96245,11.65898],[108.96354,11.66013],[108.96301,11.66117],[108.96576,11.66349],[108.96741,11.66335],[108.96649,11.6651],[108.9672,11.66575],[108.96832,11.66522],[108.96919,11.66533],[108.96912,11.66623],[108.9679,11.66644],[108.97063,11.66917],[108.97387,11.66961],[108.97485,11.6704],[108.97484,11.67099],[108.97669,11.67096],[108.98319,11.67498],[108.98482,11.67459],[108.98563,11.67616],[108.98511,11.67719],[108.98747,11.68115],[108.98832,11.68103],[108.98849,11.68218],[108.98972,11.68156],[108.99005,11.68303],[108.99119,11.68254],[108.99227,11.68433],[108.99302,11.68444],[108.99407,11.68381],[108.99437,11.68448],[108.99933,11.68853],[108.99552,11.70391],[108.99544,11.70487],[108.99486,11.7059],[108.99491,11.70671],[108.99433,11.70779],[108.99381,11.71912],[108.99166,11.71834],[108.99044,11.71843],[108.98763,11.7193],[108.9863,11.72024],[108.98377,11.72013],[108.98265,11.72067],[108.98098,11.7221],[108.98204,11.72439],[108.98226,11.72647],[108.98266,11.72718],[108.98468,11.72799],[108.9867,11.72905],[108.98778,11.72923],[108.98869,11.73123],[108.96784,11.75352],[108.97088,11.75547],[108.97247,11.75558],[108.97466,11.75679],[108.97591,11.75727],[108.97643,11.75808],[108.97856,11.75942],[108.97917,11.76065],[108.9807,11.76149],[108.98079,11.76291],[108.98149,11.76484],[108.98236,11.76562],[108.98319,11.76855],[108.9831,11.77151],[108.9838,11.77202],[108.98525,11.77426],[108.98645,11.77542],[108.98716,11.77698],[108.98805,11.77738],[108.98945,11.77911],[108.99056,11.78148],[108.99083,11.78315],[108.9898,11.78503]]]},"properties":{"a01_tinh":"diaphanhanhchinhcaptinh_sn.133","a02_xa":"diaphanhanhchinhcapxa_2025.1149","a03_ten":"Xã Mỹ Sơn","a04_tentinh":"Tỉnh Khánh Hòa","a05_truocsn":"Xã Phước Trung, Xã Mỹ Sơn","a06_trungtamhc":"UBND xã Mỹ Sơn ","a07_dt":"248.1","a08_ds":"158","a09_dthoai":null,"a10_web":null,"ten":"Xã Mỹ Sơn","ma":"22822","tentinh":"Tỉnh Khánh Hòa","truocsapnhap":"Xã Phước Trung, Xã Mỹ Sơn","dientichkm2":null,"dansonguoi":null},"id":"diaphanhanhchinhcapxa_2025.1149"},
{"type":"Feature","geometry":{"type":"MultiPolygon","coordinates":[[[[109.21505,11.78603],[109.21351,11.78623],[109.21174,11.78409],[109.21306,11.7835],[109.2134,11.78224],[109.21328,11.78039],[109.21487,11.77941],[109.21601,11.77818],[109.21597,11.77587],[109.21652,11.7745],[109.21804,11.77312],[109.2204,11.77197],[109.22155,11.77196],[109.22257,11.77301],[109.22218,11.77658],[109.22116,11.77881],[109.22239,11.78162],[109.22239,11.78304],[109.22194,11.78418],[109.22081,11.78437],[109.21892,11.78249],[109.21727,11.78278],[109.21692,11.78525],[109.21601,11.786],[109.21505,11.78603]]],[[[109.20816,11.78959],[109.20839,11.79107],[109.20742,11.79071],[109.20816,11.78959]]],[[[109.20256,11.81564],[109.20259,11.81608],[109.20156,11.81773],[109.20062,11.81683],[109.20097,11.81631],[109.20256,11.81564]]],[[[109.2557,11.83042],[109.2563,11.83221],[109.25481,11.83186],[109.25501,11.83063],[109.2557,11.83042]]],[[[109.22694,11.84687],[109.22587,11.84914],[109.22478,11.85022],[109.22224,11.85153],[109.22132,11.85167],[109.22076,11.84998],[109.22119,11.84885],[109.22093,11.84704],[109.22173,11.84657],[109.22311,11.84686],[109.22425,11.84638],[109.22499,11.84542],[109.2243,11.84231],[109.22437,11.8415],[109.22554,11.84081],[109.22446,11.83813],[109.22422,11.83681],[109.22493,11.83543],[109.22657,11.83556],[109.22842,11.83234],[109.22906,11.8318],[109.23098,11.83109],[109.2329,11.83116],[109.23418,11.83009],[109.23524,11.82836],[109.23875,11.82897],[109.23965,11.82963],[109.23977,11.83099],[109.23876,11.83276],[109.2388,11.8338],[109.24039,11.83495],[109.24213,11.83473],[109.24409,11.83351],[109.24493,11.83363],[109.24551,11.83307],[109.24719,11.83371],[109.24809,11.83375],[109.2497,11.83333],[109.25038,11.83379],[109.25117,11.83499],[109.25139,11.83638],[109.25237,11.83727],[109.25126,11.83881],[109.25073,11.84043],[109.24929,11.84063],[109.24733,11.84166],[109.24654,11.84342],[109.24811,11.84644],[109.24893,11.84733],[109.24924,11.84838],[109.24838,11.85001],[109.24771,11.85075],[109.24646,11.85095],[109.24563,11.85069],[109.24344,11.85058],[109.2424,11.84972],[109.24205,11.84885],[109.24194,11.84725],[109.24215,11.84581],[109.24201,11.84431],[109.24317,11.84324],[109.24279,11.84115],[109.24095,11.83931],[109.23972,11.83849],[109.23855,11.83824],[109.2374,11.83966],[109.23459,11.84008],[109.23304,11.84076],[109.23203,11.84151],[109.23066,11.8415],[109.23011,11.84218],[109.23043,11.84323],[109.22994,11.8444],[109.22927,11.84494],[109.22784,11.84511],[109.22719,11.84579],[109.22694,11.84687]]],[[[109.12763,11.89705],[109.12425,11.89837],[109.11783,11.89765],[109.11839,11.89917],[109.11685,11.90043],[109.11519,11.90125],[109.11411,11.90329],[109.11257,11.9037],[109.11065,11.90345],[109.10892,11.90429],[109.10248,11.90713],[109.1006,11.90825],[109.09964,11.90795],[109.09856,11.90816],[109.07861,11.91786],[109.07571,11.91924],[109.07495,11.91624],[109.07458,11.91562],[109.07203,11.91496],[109.07084,11.91419],[109.06971,11.91199],[109.06879,11.91113],[109.06799,11.90882],[109.06717,11.90822],[109.0652,11.90733],[109.06461,11.90622],[109.06253,11.90532],[109.05804,11.90423],[109.05701,11.90376],[109.05673,11.90269],[109.05557,11.90223],[109.05212,11.90212],[109.05131,11.90053],[109.05051,11.89961],[109.04709,11.89829],[109.0512,11.88325],[109.05816,11.86079],[109.06511,11.84985],[109.07109,11.84059],[109.07547,11.83462],[109.08937,11.82581],[109.09237,11.81665],[109.10387,11.81091],[109.10626,11.8098],[109.10778,11.80663],[109.10956,11.80759],[109.11036,11.80745],[109.11278,11.80585],[109.11268,11.80548],[109.11574,11.80302],[109.12784,11.80436],[109.15016,11.80651],[109.16865,11.81023],[109.17478,11.8111],[109.18357,11.81213],[109.18548,11.81308],[109.18948,11.81256],[109.19071,11.81322],[109.19185,11.81262],[109.19279,11.81167],[109.19496,11.81153],[109.19354,11.81375],[109.19181,11.81463],[109.18912,11.8141],[109.18912,11.8135],[109.18812,11.81307],[109.18457,11.8139],[109.18253,11.81613],[109.18197,11.81631],[109.18147,11.81757],[109.18097,11.82052],[109.18091,11.82286],[109.18141,11.82686],[109.18229,11.82854],[109.18154,11.82948],[109.18231,11.83027],[109.18346,11.82977],[109.18481,11.83028],[109.18404,11.83143],[109.18133,11.83251],[109.18046,11.8339],[109.17907,11.83394],[109.1788,11.83502],[109.17983,11.8364],[109.17931,11.83731],[109.17933,11.83815],[109.17793,11.83952],[109.17739,11.84291],[109.17798,11.84551],[109.17996,11.84928],[109.18141,11.85102],[109.18232,11.85085],[109.18389,11.85122],[109.18478,11.85057],[109.18547,11.8508],[109.18388,11.852],[109.18204,11.85282],[109.18204,11.85147],[109.18157,11.85129],[109.18042,11.85263],[109.17983,11.85395],[109.17987,11.85598],[109.18089,11.85786],[109.18265,11.8606],[109.18289,11.86125],[109.18951,11.86768],[109.18945,11.86955],[109.19162,11.87145],[109.1922,11.87156],[109.19122,11.87362],[109.19139,11.87483],[109.18998,11.87533],[109.18954,11.87593],[109.18753,11.87672],[109.18646,11.87602],[109.18471,11.87295],[109.18375,11.87213],[109.18245,11.86944],[109.18266,11.86865],[109.18109,11.86832],[109.18035,11.86998],[109.17879,11.86808],[109.1788,11.86676],[109.17765,11.86536],[109.17751,11.86415],[109.1757,11.86341],[109.17495,11.86418],[109.17227,11.86434],[109.17116,11.86331],[109.17029,11.86315],[109.17021,11.86222],[109.172,11.86105],[109.17238,11.86029],[109.17105,11.85804],[109.16996,11.85762],[109.16951,11.85635],[109.16767,11.85547],[109.16776,11.85368],[109.16891,11.8529],[109.16774,11.8517],[109.16687,11.8514],[109.16542,11.85282],[109.16481,11.85375],[109.16306,11.85438],[109.16232,11.85546],[109.16146,11.85471],[109.16211,11.85327],[109.16283,11.85047],[109.16165,11.84945],[109.16189,11.84811],[109.16047,11.84634],[109.16062,11.84507],[109.16114,11.8436],[109.16061,11.84183],[109.15971,11.84024],[109.1579,11.83983],[109.15636,11.83774],[109.1553,11.83561],[109.15553,11.83444],[109.15499,11.83409],[109.15539,11.83315],[109.15508,11.83214],[109.15352,11.83046],[109.15271,11.82986],[109.15257,11.8278],[109.15226,11.82687],[109.15117,11.82621],[109.15131,11.82567],[109.15015,11.82507],[109.14984,11.8241],[109.14919,11.82411],[109.14926,11.82282],[109.14996,11.82205],[109.14732,11.82098],[109.14654,11.82106],[109.14653,11.82201],[109.14558,11.8222],[109.14542,11.82117],[109.14412,11.82035],[109.13877,11.82104],[109.13851,11.82096],[109.13765,11.81858],[109.13541,11.81913],[109.13359,11.81992],[109.13436,11.82152],[109.13346,11.82135],[109.13172,11.8216],[109.13215,11.82347],[109.13004,11.82316],[109.1299,11.82188],[109.12637,11.82128],[109.12596,11.82226],[109.12776,11.8239],[109.12511,11.82681],[109.12039,11.83323],[109.11981,11.83434],[109.11931,11.83735],[109.11874,11.83949],[109.11707,11.83914],[109.11699,11.84009],[109.11898,11.84202],[109.11527,11.84916],[109.11409,11.85218],[109.11379,11.85408],[109.11566,11.86156],[109.11594,11.86375],[109.11593,11.86522],[109.11532,11.86697],[109.11546,11.86858],[109.11648,11.87063],[109.11825,11.87284],[109.12205,11.87698],[109.12298,11.8812],[109.12269,11.88262],[109.12114,11.88416],[109.121,11.88497],[109.12133,11.88629],[109.12098,11.88771],[109.12224,11.88839],[109.12358,11.8885],[109.1246,11.88985],[109.12529,11.88977],[109.1262,11.89324],[109.1255,11.89409],[109.12669,11.89525],[109.12763,11.89705]]]]},"properties":{"a01_tinh":"diaphanhanhchinhcaptinh_sn.133","a02_xa":"diaphanhanhchinhcapxa_2025.3310","a03_ten":"Xã Nam Cam Ranh","a04_tentinh":"Tỉnh Khánh Hòa","a05_truocsn":"Xã Cam Lập, Xã Cam Bình, Xã Cam Thịnh Đông, Xã Cam Thịnh Tây","a06_trungtamhc":"UBND xã Cam Thịnh Đông","a07_dt":"92.6","a08_ds":"23525","a09_dthoai":null,"a10_web":null,"ten":"Xã Nam Cam Ranh","ma":"22480","tentinh":"Tỉnh Khánh Hòa","truocsapnhap":"Xã Cam Lập, Xã Cam Bình, Xã Cam Thịnh Đông, Xã Cam Thịnh Tây","dientichkm2":null,"dansonguoi":null},"id":"diaphanhanhchinhcapxa_2025.3310"},
{"type":"Feature","geometry":{"type":"Polygon","coordinates":[[[108.8885,12.27445],[108.88796,12.27522],[108.88802,12.27703],[108.88671,12.27776],[108.88362,12.27807],[108.88271,12.27802],[108.87931,12.27678],[108.87841,12.27672],[108.87472,12.27787],[108.87367,12.27759],[108.87387,12.27612],[108.87477,12.27482],[108.87463,12.2742],[108.87345,12.27333],[108.87328,12.27229],[108.87271,12.27187],[108.86935,12.27255],[108.86742,12.27154],[108.86718,12.27023],[108.86805,12.26872],[108.86779,12.2681],[108.86559,12.26775],[108.86538,12.26888],[108.86451,12.27012],[108.86437,12.27097],[108.86284,12.27283],[108.86272,12.27429],[108.8622,12.27497],[108.86085,12.27489],[108.85979,12.27563],[108.85882,12.27568],[108.8582,12.2776],[108.85729,12.27831],[108.85711,12.28077],[108.85777,12.2816],[108.85772,12.28237],[108.85648,12.28262],[108.8548,12.27914],[108.85348,12.28023],[108.85208,12.27889],[108.84993,12.27639],[108.84891,12.27584],[108.84984,12.27424],[108.85014,12.27317],[108.84844,12.27256],[108.84815,12.26965],[108.84732,12.27011],[108.84722,12.27097],[108.84541,12.27324],[108.8434,12.27405],[108.84221,12.27398],[108.84074,12.27318],[108.83787,12.2747],[108.83691,12.27452],[108.83664,12.27363],[108.83709,12.27286],[108.83837,12.27178],[108.83786,12.27056],[108.83645,12.27073],[108.83475,12.27035],[108.83403,12.26991],[108.8333,12.26853],[108.83252,12.26782],[108.83099,12.26838],[108.82922,12.26834],[108.82694,12.26792],[108.82472,12.26904],[108.82229,12.26934],[108.81804,12.27154],[108.81555,12.27069],[108.81358,12.27056],[108.81333,12.26998],[108.81386,12.26755],[108.81397,12.2656],[108.81305,12.26224],[108.81322,12.26057],[108.8136,12.25988],[108.81357,12.25727],[108.81263,12.25681],[108.81135,12.25708],[108.80943,12.25581],[108.80779,12.25432],[108.80603,12.25416],[108.80602,12.25332],[108.80521,12.25287],[108.8047,12.25156],[108.80147,12.24971],[108.80049,12.24821],[108.79964,12.24762],[108.7981,12.24535],[108.79801,12.24483],[108.79625,12.24286],[108.79502,12.24302],[108.79388,12.24219],[108.79288,12.24101],[108.791,12.24004],[108.78889,12.238],[108.78728,12.23811],[108.78605,12.23864],[108.78304,12.2391],[108.78179,12.2398],[108.78028,12.24],[108.77634,12.24167],[108.77466,12.24092],[108.77203,12.24016],[108.77064,12.23877],[108.76874,12.23768],[108.7674,12.23815],[108.76528,12.23791],[108.76411,12.23703],[108.76185,12.23426],[108.76083,12.2327],[108.75958,12.22963],[108.7575,12.22722],[108.75575,12.22742],[108.75478,12.22711],[108.75294,12.2259],[108.75178,12.22584],[108.75023,12.22438],[108.74844,12.22315],[108.74726,12.22285],[108.74612,12.22215],[108.74455,12.22186],[108.7423,12.22291],[108.74131,12.223],[108.73954,12.22268],[108.73833,12.22218],[108.73674,12.22212],[108.73478,12.22026],[108.73334,12.21788],[108.7322,12.21725],[108.7307,12.21729],[108.72592,12.21805],[108.7246,12.21789],[108.72222,12.21795],[108.71945,12.21543],[108.71868,12.21411],[108.71824,12.21226],[108.71866,12.20844],[108.71758,12.2075],[108.71569,12.20494],[108.71496,12.20256],[108.71438,12.20136],[108.71328,12.20047],[108.71219,12.19848],[108.71273,12.19638],[108.71238,12.19427],[108.71174,12.19268],[108.71063,12.19116],[108.7102,12.19005],[108.71055,12.18966],[108.71358,12.18793],[108.7152,12.18602],[108.71678,12.18524],[108.71736,12.18438],[108.71713,12.18263],[108.71804,12.18202],[108.71957,12.18191],[108.72061,12.17996],[108.72065,12.17929],[108.72003,12.17665],[108.71939,12.17538],[108.71998,12.1743],[108.72056,12.17251],[108.72231,12.17129],[108.72399,12.17079],[108.72528,12.16937],[108.72541,12.16678],[108.72785,12.16309],[108.72886,12.16256],[108.73037,12.16249],[108.73176,12.16005],[108.73363,12.15859],[108.73585,12.15779],[108.73801,12.15779],[108.73927,12.15729],[108.74058,12.15731],[108.74298,12.15656],[108.7454,12.15682],[108.74673,12.15634],[108.7491,12.15658],[108.74985,12.15597],[108.75128,12.15618],[108.754,12.15579],[108.75541,12.1551],[108.75657,12.15545],[108.75754,12.15675],[108.76092,12.15721],[108.76275,12.15788],[108.76397,12.15734],[108.76494,12.15593],[108.7671,12.15421],[108.76804,12.15312],[108.76904,12.15471],[108.77143,12.1568],[108.77238,12.15983],[108.77213,12.16141],[108.77479,12.16467],[108.77667,12.16436],[108.7784,12.16437],[108.77964,12.16472],[108.78099,12.16341],[108.78255,12.16232],[108.78316,12.16144],[108.78323,12.16038],[108.78374,12.15955],[108.78552,12.16027],[108.78689,12.16019],[108.78746,12.15957],[108.78906,12.1603],[108.79021,12.15957],[108.79105,12.15911],[108.79261,12.15934],[108.79374,12.16004],[108.79501,12.15965],[108.79557,12.16002],[108.797,12.15988],[108.79802,12.16033],[108.79896,12.15931],[108.8011,12.15816],[108.80486,12.15758],[108.80571,12.1572],[108.80668,12.15557],[108.809,12.15378],[108.81065,12.15327],[108.81236,12.15333],[108.81417,12.15272],[108.8154,12.15101],[108.81559,12.14961],[108.81507,12.14853],[108.81539,12.14628],[108.81596,12.14503],[108.81691,12.14448],[108.81744,12.1418],[108.81727,12.14027],[108.81762,12.13974],[108.81882,12.13927],[108.81968,12.13932],[108.82047,12.13825],[108.82312,12.13656],[108.82371,12.13595],[108.82566,12.13573],[108.82753,12.13633],[108.83085,12.13681],[108.83247,12.13814],[108.83389,12.13849],[108.8358,12.1394],[108.83718,12.14103],[108.8398,12.14211],[108.84028,12.14351],[108.84152,12.14469],[108.84235,12.1471],[108.8443,12.14862],[108.84576,12.14924],[108.84785,12.1513],[108.84845,12.15246],[108.84918,12.15306],[108.85026,12.153],[108.85335,12.15575],[108.85512,12.15667],[108.85662,12.15855],[108.85811,12.16073],[108.85951,12.16336],[108.86092,12.16516],[108.86459,12.1669],[108.86515,12.16739],[108.86476,12.16904],[108.86472,12.17133],[108.86676,12.17295],[108.8666,12.17381],[108.86701,12.17588],[108.86632,12.17799],[108.8672,12.17895],[108.86884,12.17781],[108.86943,12.17791],[108.87051,12.17901],[108.86975,12.18075],[108.86977,12.18218],[108.87009,12.18331],[108.86906,12.18472],[108.86931,12.1858],[108.87049,12.18797],[108.86988,12.18946],[108.87077,12.19028],[108.87036,12.19127],[108.87064,12.19218],[108.87148,12.19277],[108.874,12.19387],[108.87575,12.19387],[108.87674,12.19472],[108.87748,12.19481],[108.87932,12.19439],[108.88058,12.19464],[108.88217,12.19612],[108.88408,12.19637],[108.8828,12.19975],[108.88252,12.20257],[108.88258,12.20399],[108.88177,12.20754],[108.88174,12.21071],[108.88319,12.21295],[108.88347,12.21406],[108.8846,12.2155],[108.88562,12.21618],[108.88586,12.21738],[108.88656,12.21824],[108.88682,12.21959],[108.8882,12.22314],[108.88902,12.22344],[108.891,12.22571],[108.89185,12.22641],[108.89169,12.2288],[108.8922,12.22971],[108.89323,12.23038],[108.89389,12.23167],[108.89516,12.23234],[108.89651,12.23246],[108.89937,12.232],[108.90067,12.23217],[108.9027,12.23359],[108.90456,12.23286],[108.9053,12.23328],[108.90631,12.23467],[108.90673,12.23616],[108.90877,12.23903],[108.91056,12.23903],[108.91178,12.23977],[108.91203,12.24213],[108.9109,12.2438],[108.91095,12.24477],[108.91215,12.24631],[108.91386,12.24659],[108.91415,12.24725],[108.91565,12.24897],[108.91441,12.25108],[108.91365,12.25175],[108.91392,12.25448],[108.91256,12.25561],[108.9134,12.25694],[108.91461,12.25967],[108.91517,12.26053],[108.91608,12.26271],[108.9171,12.26403],[108.91843,12.26529],[108.91845,12.26633],[108.91895,12.26784],[108.91888,12.26913],[108.91828,12.27015],[108.91722,12.27079],[108.9161,12.27018],[108.91511,12.2701],[108.9138,12.27055],[108.91339,12.27143],[108.91161,12.27167],[108.90956,12.27136],[108.90803,12.2709],[108.90617,12.26976],[108.90521,12.26996],[108.90374,12.26943],[108.90156,12.26979],[108.90049,12.27031],[108.89894,12.2698],[108.89742,12.2682],[108.89654,12.2681],[108.89537,12.26736],[108.89396,12.26772],[108.89135,12.26766],[108.88804,12.26518],[108.88695,12.26497],[108.8864,12.26435],[108.88624,12.26303],[108.88487,12.26407],[108.88441,12.26563],[108.88493,12.26706],[108.88529,12.26887],[108.88624,12.27072],[108.88682,12.27237],[108.88772,12.27323],[108.8885,12.27445]]]},"properties":{"a01_tinh":"diaphanhanhchinhcaptinh_sn.133","a02_xa":"diaphanhanhchinhcapxa_2025.1131","a03_ten":"Xã Nam Khánh Vĩnh","a04_tentinh":"Tỉnh Khánh Hòa","a05_truocsn":"Xã Cầu Bà, Xã Khánh Thành, Xã Liên Sang, Xã Sơn Thái","a06_trungtamhc":"UBND xã Sơn Thái","a07_dt":"197.1","a08_ds":"10271","a09_dthoai":null,"a10_web":null,"ten":"Xã Nam Khánh Vĩnh","ma":"22648","tentinh":"Tỉnh Khánh Hòa","truocsapnhap":"Xã Cầu Bà, Xã Khánh Thành, Xã Liên Sang, Xã Sơn Thái","dientichkm2":null,"dansonguoi":null},"id":"diaphanhanhchinhcapxa_2025.1131"},
{"type":"Feature","geometry":{"type":"Polygon","coordinates":[[[109.12962,12.44672],[109.12755,12.44559],[109.12679,12.44577],[109.1247,12.44823],[109.12295,12.44792],[109.12147,12.44716],[109.12134,12.4516],[109.11939,12.45228],[109.12039,12.45458],[109.12031,12.4556],[109.11965,12.45761],[109.11863,12.45755],[109.11853,12.45832],[109.11765,12.45951],[109.1165,12.4595],[109.11705,12.46325],[109.11638,12.46354],[109.11283,12.4642],[109.11034,12.46389],[109.10914,12.46496],[109.1065,12.46503],[109.10591,12.46546],[109.10374,12.46608],[109.10312,12.46689],[109.10228,12.46681],[109.10111,12.46832],[109.09926,12.46875],[109.09862,12.4681],[109.09694,12.46811],[109.09548,12.46869],[109.09371,12.46905],[109.09233,12.46867],[109.09182,12.46787],[109.08939,12.46751],[109.08567,12.4674],[109.08578,12.46415],[109.08373,12.46475],[109.08195,12.4639],[109.0815,12.46326],[109.08053,12.4631],[109.07941,12.46239],[109.07748,12.46233],[109.07581,12.46162],[109.07453,12.46061],[109.07326,12.46169],[109.07187,12.4647],[109.07192,12.46598],[109.06926,12.46824],[109.06882,12.46896],[109.06882,12.47068],[109.06759,12.47068],[109.06514,12.46953],[109.06329,12.46793],[109.05916,12.4651],[109.05444,12.46172],[109.04191,12.46988],[109.03407,12.47503],[109.03189,12.47609],[109.03061,12.47761],[109.03093,12.47967],[109.03253,12.48122],[109.03237,12.48222],[109.03127,12.48399],[109.03055,12.48415],[109.02899,12.48367],[109.02569,12.48096],[109.02469,12.47977],[109.0248,12.47864],[109.02641,12.4747],[109.02594,12.47356],[109.02396,12.47171],[109.02385,12.47076],[109.01456,12.4657],[109.0135,12.46518],[109.01167,12.4634],[109.01174,12.46158],[109.00994,12.45877],[109.00991,12.45844],[109.01205,12.4534],[109.00919,12.45491],[109.00179,12.45858],[108.99821,12.46018],[108.98189,12.4683],[108.98039,12.4692],[108.97793,12.46899],[108.97498,12.46757],[108.97414,12.46633],[108.97228,12.46452],[108.97108,12.46477],[108.97005,12.46452],[108.96904,12.4637],[108.9649,12.4635],[108.9636,12.46309],[108.96243,12.46227],[108.95976,12.46303],[108.95561,12.46315],[108.95274,12.46166],[108.9506,12.46143],[108.94801,12.46201],[108.94614,12.46136],[108.94463,12.46127],[108.94323,12.46218],[108.94422,12.46096],[108.94507,12.45801],[108.94624,12.45673],[108.94636,12.45359],[108.94702,12.45188],[108.94583,12.45046],[108.94558,12.44856],[108.94443,12.44551],[108.94441,12.44462],[108.94518,12.44074],[108.94557,12.43988],[108.94823,12.43897],[108.95002,12.43912],[108.95145,12.43867],[108.95031,12.43592],[108.95911,12.43158],[108.96104,12.42968],[108.96356,12.42758],[108.96446,12.42742],[108.96654,12.42775],[108.96752,12.42762],[108.96917,12.42798],[108.97101,12.42732],[108.97208,12.42635],[108.97371,12.42294],[108.97477,12.4223],[108.97568,12.42084],[108.97634,12.42055],[108.97673,12.41842],[108.97836,12.41742],[108.97996,12.41602],[108.98265,12.41255],[108.98379,12.41081],[108.98522,12.40964],[108.98591,12.40954],[108.98744,12.4102],[108.98944,12.40834],[108.99016,12.40619],[108.99074,12.40059],[108.99286,12.40203],[108.99519,12.40203],[108.99654,12.40161],[108.99712,12.40059],[108.9977,12.39817],[108.99946,12.39762],[109.00037,12.39675],[109.00141,12.39649],[109.00339,12.39737],[109.00293,12.39781],[109.00218,12.39977],[109.0035,12.40178],[109.00338,12.4043],[109.00389,12.40619],[109.00494,12.40668],[109.0066,12.40644],[109.00824,12.40593],[109.01023,12.40861],[109.01251,12.40803],[109.01491,12.40696],[109.01539,12.4063],[109.01718,12.40604],[109.01956,12.40469],[109.02131,12.4045],[109.02231,12.4039],[109.02419,12.40481],[109.02673,12.40572],[109.02854,12.40483],[109.03153,12.40588],[109.03565,12.40547],[109.0401,12.40599],[109.04227,12.40612],[109.04434,12.40595],[109.04689,12.40464],[109.04754,12.40366],[109.04831,12.40319],[109.04987,12.40149],[109.04961,12.4004],[109.05107,12.39899],[109.05298,12.39857],[109.05673,12.39566],[109.05884,12.39538],[109.06042,12.39447],[109.06203,12.39466],[109.06352,12.39435],[109.06386,12.3919],[109.06487,12.39034],[109.06498,12.38918],[109.06748,12.3882],[109.06795,12.38751],[109.06921,12.3839],[109.06967,12.38325],[109.0716,12.38159],[109.07334,12.3808],[109.07507,12.3812],[109.07674,12.3808],[109.07623,12.37963],[109.07591,12.37735],[109.07728,12.37769],[109.07835,12.37754],[109.08132,12.37543],[109.08346,12.3747],[109.08703,12.37074],[109.088,12.37045],[109.08846,12.36834],[109.09242,12.3675],[109.09186,12.36526],[109.09172,12.36136],[109.0931,12.36157],[109.09393,12.36114],[109.09512,12.35976],[109.0972,12.35822],[109.09714,12.35682],[109.09796,12.35604],[109.10004,12.35535],[109.10145,12.35423],[109.10257,12.35407],[109.1033,12.35299],[109.10424,12.35242],[109.10449,12.35165],[109.10528,12.35102],[109.10588,12.34933],[109.10774,12.34818],[109.10918,12.34791],[109.11192,12.34674],[109.11191,12.34436],[109.11146,12.34303],[109.11301,12.34355],[109.11431,12.34447],[109.11564,12.34786],[109.1168,12.34891],[109.11775,12.34924],[109.11857,12.35042],[109.12052,12.35057],[109.11891,12.35173],[109.11756,12.35413],[109.11716,12.35548],[109.11735,12.35665],[109.11881,12.35791],[109.11964,12.35979],[109.12172,12.35789],[109.12329,12.35955],[109.12555,12.36111],[109.12663,12.36325],[109.12854,12.36476],[109.12935,12.36507],[109.1317,12.36505],[109.13253,12.36538],[109.13372,12.36653],[109.13492,12.36806],[109.13637,12.36867],[109.1379,12.36868],[109.13961,12.37041],[109.1401,12.37059],[109.14148,12.36949],[109.14212,12.36847],[109.14483,12.3679],[109.14471,12.36708],[109.14847,12.36685],[109.14944,12.36829],[109.15316,12.36829],[109.15392,12.36921],[109.15549,12.36882],[109.15667,12.36804],[109.15808,12.3666],[109.15779,12.36506],[109.15659,12.36333],[109.15646,12.36243],[109.15758,12.36143],[109.15769,12.36029],[109.15922,12.36123],[109.16116,12.36034],[109.16158,12.36121],[109.16401,12.36159],[109.1659,12.3614],[109.1688,12.35985],[109.1689,12.35904],[109.17067,12.35866],[109.17154,12.36011],[109.17347,12.36089],[109.17348,12.3618],[109.17257,12.3638],[109.17174,12.36506],[109.16985,12.36704],[109.16959,12.36795],[109.17068,12.36876],[109.1699,12.37065],[109.16902,12.37106],[109.16794,12.37295],[109.16658,12.3742],[109.16725,12.37637],[109.16865,12.37594],[109.16987,12.37608],[109.17124,12.37796],[109.17351,12.37748],[109.17467,12.37829],[109.17571,12.37711],[109.17685,12.37624],[109.1785,12.37446],[109.18052,12.37452],[109.18191,12.37508],[109.18446,12.3778],[109.18583,12.37845],[109.18743,12.37835],[109.1893,12.37939],[109.19075,12.37946],[109.19239,12.37902],[109.1941,12.37825],[109.19685,12.37805],[109.19757,12.37964],[109.19714,12.38076],[109.1987,12.38351],[109.20066,12.3864],[109.20125,12.38881],[109.19979,12.39048],[109.20013,12.39309],[109.19986,12.39393],[109.19854,12.39462],[109.19804,12.39583],[109.19871,12.39754],[109.19843,12.39844],[109.19749,12.39879],[109.19611,12.39743],[109.19466,12.39713],[109.19318,12.39717],[109.19223,12.39752],[109.1909,12.39854],[109.19115,12.40013],[109.1902,12.4009],[109.18836,12.40131],[109.1869,12.4023],[109.18492,12.40444],[109.18391,12.40494],[109.18345,12.40455],[109.18121,12.40484],[109.18049,12.40471],[109.17983,12.40389],[109.17892,12.40391],[109.1781,12.40303],[109.1754,12.4049],[109.17494,12.40595],[109.17285,12.40777],[109.17237,12.40721],[109.17237,12.40591],[109.17165,12.40469],[109.17263,12.40379],[109.1718,12.40254],[109.16942,12.40231],[109.16892,12.40286],[109.16758,12.40309],[109.1655,12.40426],[109.16249,12.40557],[109.16356,12.40625],[109.16198,12.40853],[109.16112,12.40809],[109.16015,12.40929],[109.15967,12.41094],[109.15879,12.41152],[109.15869,12.41248],[109.1592,12.41448],[109.15927,12.416],[109.15825,12.41673],[109.1589,12.4179],[109.16045,12.4187],[109.1594,12.4194],[109.15814,12.42086],[109.15854,12.42129],[109.15791,12.42287],[109.15733,12.42257],[109.15676,12.42353],[109.15516,12.42436],[109.15348,12.42477],[109.15158,12.42464],[109.15114,12.4258],[109.15157,12.428],[109.15137,12.42882],[109.15425,12.43016],[109.15424,12.43178],[109.15655,12.43223],[109.15785,12.43124],[109.15967,12.43086],[109.16008,12.43184],[109.16236,12.433],[109.16364,12.43428],[109.16543,12.43729],[109.16312,12.43769],[109.16196,12.4365],[109.16033,12.43594],[109.15892,12.43659],[109.1575,12.43893],[109.15649,12.43976],[109.1557,12.44091],[109.15515,12.44263],[109.15341,12.44369],[109.15117,12.44418],[109.15052,12.44379],[109.14707,12.44372],[109.14563,12.44426],[109.14236,12.44694],[109.13815,12.45003],[109.13686,12.44985],[109.13574,12.45157],[109.13407,12.45076],[109.13266,12.45039],[109.13107,12.44884],[109.12962,12.44672]]]},"properties":{"a01_tinh":"diaphanhanhchinhcaptinh_sn.133","a02_xa":"diaphanhanhchinhcapxa_2025.1129","a03_ten":"Xã Nam Ninh Hòa","a04_tentinh":"Tỉnh Khánh Hòa","a05_truocsn":"Xã Ninh Lộc, Xã Ninh Ích, Xã Ninh Hưng, Xã Ninh Tân","a06_trungtamhc":"UBND xã Ninh Hưng","a07_dt":"201.4","a08_ds":"31293","a09_dthoai":null,"a10_web":null,"ten":"Xã Nam Ninh Hòa","ma":"22597","tentinh":"Tỉnh Khánh Hòa","truocsapnhap":"Xã Ninh Lộc, Xã Ninh Ích, Xã Ninh Hưng, Xã Ninh Tân","dientichkm2":null,"dansonguoi":null},"id":"diaphanhanhchinhcapxa_2025.1129"},
{"type":"Feature","geometry":{"type":"Polygon","coordinates":[[[109.07751,11.58622],[109.0773,11.58737],[109.07769,11.58837],[109.07677,11.59416],[109.07863,11.59444],[109.07828,11.5965],[109.07574,11.59825],[109.07792,11.60123],[109.07915,11.60458],[109.07548,11.60585],[109.07756,11.61209],[109.07772,11.6139],[109.07756,11.61647],[109.08019,11.62397],[109.08072,11.62623],[109.08069,11.627],[109.08173,11.62787],[109.08097,11.62851],[109.07939,11.63104],[109.07854,11.63423],[109.07682,11.63429],[109.07457,11.63508],[109.07467,11.63677],[109.07518,11.63777],[109.07699,11.63867],[109.07894,11.63933],[109.07968,11.63988],[109.08052,11.64163],[109.08204,11.642],[109.08347,11.64115],[109.08435,11.64156],[109.08548,11.64125],[109.08575,11.64044],[109.08783,11.64093],[109.09075,11.64139],[109.10001,11.63267],[109.10097,11.63094],[109.10524,11.63074],[109.10768,11.62991],[109.10943,11.62871],[109.11055,11.62829],[109.11241,11.62891],[109.11269,11.63004],[109.11456,11.63138],[109.11613,11.63201],[109.11766,11.63228],[109.119,11.63393],[109.12038,11.63428],[109.12192,11.63424],[109.12289,11.63611],[109.12375,11.63706],[109.12508,11.63772],[109.12591,11.63855],[109.1262,11.63976],[109.12776,11.64102],[109.12827,11.64266],[109.12942,11.64497],[109.12999,11.64547],[109.13063,11.64693],[109.13012,11.64747],[109.13014,11.64965],[109.12915,11.6515],[109.12814,11.65294],[109.12835,11.65472],[109.12882,11.65612],[109.12923,11.65902],[109.1297,11.66011],[109.1299,11.66321],[109.12895,11.66392],[109.12916,11.66542],[109.12913,11.66834],[109.12849,11.67127],[109.12746,11.67198],[109.12773,11.67397],[109.12668,11.67689],[109.12655,11.67795],[109.1271,11.67867],[109.12732,11.68003],[109.12695,11.68126],[109.12831,11.68307],[109.12839,11.68557],[109.12814,11.68674],[109.12728,11.68745],[109.12683,11.68837],[109.12673,11.69039],[109.12631,11.6916],[109.12668,11.69269],[109.12647,11.69404],[109.12551,11.69462],[109.12542,11.6976],[109.12476,11.70002],[109.12575,11.70287],[109.12599,11.70508],[109.12656,11.7064],[109.12838,11.70702],[109.12812,11.7084],[109.12876,11.70966],[109.12857,11.71053],[109.12924,11.7119],[109.12951,11.71452],[109.1292,11.71605],[109.12923,11.7179],[109.12715,11.71969],[109.12715,11.72227],[109.12554,11.72363],[109.1253,11.72516],[109.12577,11.72709],[109.12564,11.72804],[109.12531,11.72872],[109.12124,11.73553],[109.11335,11.74819],[109.11364,11.74416],[109.11345,11.73806],[109.11314,11.73599],[109.11358,11.73421],[109.11295,11.73325],[109.11296,11.73234],[109.11188,11.73083],[109.11085,11.73031],[109.11054,11.72958],[109.1083,11.72887],[109.10718,11.72698],[109.10667,11.72655],[109.10491,11.72634],[109.10362,11.72519],[109.10142,11.72391],[109.099,11.72289],[109.09793,11.72094],[109.09562,11.71918],[109.09386,11.71706],[109.09207,11.716],[109.09085,11.71568],[109.08962,11.71471],[109.08844,11.71465],[109.08672,11.7138],[109.08586,11.7125],[109.08449,11.71243],[109.08488,11.7105],[109.08534,11.70632],[109.08564,11.70548],[109.08698,11.70363],[109.09093,11.69952],[109.0916,11.69832],[109.09073,11.69733],[109.08624,11.69276],[109.07268,11.67782],[109.06325,11.68947],[109.06062,11.68975],[109.06012,11.69115],[109.05943,11.68996],[109.05888,11.68782],[109.0581,11.68759],[109.05747,11.68826],[109.05856,11.6904],[109.05771,11.69052],[109.05677,11.6917],[109.05502,11.69246],[109.05439,11.69312],[109.05402,11.69431],[109.05155,11.69064],[109.04997,11.68918],[109.05116,11.6884],[109.05127,11.68618],[109.05085,11.685],[109.05149,11.68384],[109.05111,11.68216],[109.0504,11.68141],[109.0501,11.6802],[109.04941,11.67994],[109.04829,11.67832],[109.04712,11.67744],[109.04636,11.67599],[109.04569,11.67584],[109.04388,11.67415],[109.04251,11.67231],[109.04079,11.66698],[109.04104,11.66635],[109.04067,11.66489],[109.04157,11.66391],[109.04051,11.66206],[109.03993,11.66106],[109.03823,11.66077],[109.03687,11.66024],[109.03569,11.65769],[109.03577,11.65703],[109.03443,11.65496],[109.03477,11.65385],[109.03503,11.65101],[109.0347,11.64968],[109.03388,11.64905],[109.03399,11.64608],[109.03442,11.64373],[109.03262,11.63951],[109.02823,11.62265],[109.03235,11.61026],[109.03457,11.60538],[109.03563,11.6043],[109.03949,11.60328],[109.04195,11.60123],[109.04317,11.5991],[109.04435,11.59751],[109.04485,11.59535],[109.04571,11.59337],[109.04939,11.59016],[109.05046,11.5886],[109.05126,11.58883],[109.05181,11.58758],[109.05299,11.58674],[109.05388,11.58333],[109.05619,11.58428],[109.0573,11.58441],[109.05922,11.58397],[109.06045,11.58303],[109.06385,11.5818],[109.06682,11.58166],[109.07126,11.58282],[109.07243,11.58296],[109.07258,11.5836],[109.07491,11.58515],[109.07751,11.58622]]]},"properties":{"a01_tinh":"diaphanhanhchinhcaptinh_sn.133","a02_xa":"diaphanhanhchinhcapxa_2025.1154","a03_ten":"Xã Ninh Hải","a04_tentinh":"Tỉnh Khánh Hòa","a05_truocsn":"Xã Phương Hải, Xã Tri Hải, Xã Bắc Sơn","a06_trungtamhc":"UBND xã Phương Hải","a07_dt":"100.1","a08_ds":"31115","a09_dthoai":null,"a10_web":null,"ten":"Xã Ninh Hải","ma":"22852","tentinh":"Tỉnh Khánh Hòa","truocsapnhap":"Xã Phương Hải, Xã Tri Hải, Xã Bắc Sơn","dientichkm2":null,"dansonguoi":null},"id":"diaphanhanhchinhcapxa_2025.1154"},
{"type":"Feature","geometry":{"type":"Polygon","coordinates":[[[108.95192,11.47655],[108.95321,11.47631],[108.95731,11.47266],[108.96129,11.47572],[108.96185,11.47583],[108.96264,11.47552],[108.96362,11.47733],[108.96506,11.47726],[108.96584,11.47616],[108.96882,11.47367],[108.96964,11.47328],[108.9697,11.47243],[108.97119,11.47205],[108.97145,11.4713],[108.97123,11.46984],[108.97125,11.46804],[108.97468,11.46894],[108.97779,11.47019],[108.98121,11.47064],[108.98303,11.46998],[108.98415,11.46983],[108.98854,11.46976],[108.98983,11.46985],[108.99066,11.47175],[108.99075,11.47267],[108.98888,11.47376],[108.98839,11.47587],[108.98778,11.47615],[108.98715,11.47721],[108.98757,11.4788],[108.9859,11.47893],[108.9866,11.48277],[108.98638,11.48396],[108.98532,11.48412],[108.98533,11.48521],[108.98436,11.48548],[108.98464,11.48786],[108.98418,11.48822],[108.98479,11.49181],[108.98468,11.49522],[108.98594,11.49817],[108.98625,11.50072],[108.98662,11.50085],[108.98761,11.50384],[108.98809,11.50433],[108.98913,11.50647],[108.98996,11.50766],[108.98915,11.50835],[108.98758,11.50796],[108.98579,11.50806],[108.98406,11.50716],[108.98207,11.50684],[108.98201,11.50882],[108.98238,11.50896],[108.98361,11.51101],[108.98414,11.5132],[108.98368,11.51643],[108.98406,11.52002],[108.98256,11.52101],[108.98254,11.52462],[108.98197,11.52596],[108.98306,11.52762],[108.98238,11.53056],[108.98372,11.53136],[108.98633,11.53181],[108.98543,11.53297],[108.98543,11.53472],[108.98462,11.53502],[108.98396,11.53592],[108.9828,11.53647],[108.98165,11.53631],[108.98108,11.53707],[108.98029,11.5367],[108.97893,11.53679],[108.9773,11.53502],[108.97534,11.53473],[108.97383,11.53487],[108.97142,11.53636],[108.97015,11.5374],[108.9695,11.53746],[108.96772,11.53852],[108.96549,11.5384],[108.96337,11.53876],[108.96261,11.5386],[108.96022,11.53915],[108.95987,11.54182],[108.96331,11.54415],[108.96183,11.546],[108.96293,11.54682],[108.96197,11.54773],[108.96186,11.54889],[108.96285,11.55248],[108.96291,11.55394],[108.9634,11.55667],[108.96391,11.55724],[108.96437,11.5595],[108.965,11.56058],[108.96623,11.56161],[108.96686,11.56052],[108.96833,11.5603],[108.97009,11.55968],[108.97199,11.55973],[108.97314,11.55832],[108.97448,11.55913],[108.97732,11.55852],[108.97827,11.55775],[108.97854,11.55608],[108.97905,11.55512],[108.98035,11.55391],[108.98408,11.55361],[108.9853,11.55483],[108.98409,11.5556],[108.98358,11.55717],[108.98362,11.55823],[108.98512,11.56232],[108.98545,11.56436],[108.98518,11.56557],[108.98414,11.56719],[108.98308,11.56822],[108.9811,11.56906],[108.97688,11.56999],[108.9731,11.57115],[108.97042,11.57307],[108.96781,11.57738],[108.96623,11.582],[108.96477,11.58543],[108.96386,11.58661],[108.96246,11.58787],[108.96031,11.58906],[108.9563,11.59019],[108.95566,11.59013],[108.95315,11.58925],[108.94993,11.58904],[108.94941,11.5857],[108.94779,11.58646],[108.94697,11.58559],[108.94592,11.58327],[108.94482,11.58186],[108.94276,11.5798],[108.93987,11.57698],[108.93848,11.57533],[108.93723,11.57247],[108.93631,11.56843],[108.93624,11.56567],[108.93696,11.56143],[108.93685,11.55898],[108.93518,11.55122],[108.93389,11.55177],[108.93384,11.5526],[108.93285,11.55325],[108.93302,11.5543],[108.93211,11.55465],[108.9312,11.55345],[108.93002,11.55403],[108.92907,11.55364],[108.92844,11.55558],[108.92734,11.55558],[108.92525,11.55644],[108.9243,11.55595],[108.92361,11.55627],[108.92185,11.5564],[108.91957,11.55617],[108.91819,11.55658],[108.91811,11.55581],[108.91855,11.55357],[108.91779,11.55307],[108.9176,11.55134],[108.91802,11.55032],[108.91735,11.54971],[108.91765,11.54813],[108.91723,11.5464],[108.91774,11.5461],[108.91748,11.54447],[108.91797,11.544],[108.91764,11.54302],[108.91771,11.54127],[108.91564,11.53922],[108.91672,11.53786],[108.91651,11.53676],[108.91668,11.53397],[108.91647,11.53084],[108.91711,11.52961],[108.91659,11.52886],[108.91695,11.52821],[108.91548,11.52696],[108.91506,11.52482],[108.91543,11.52419],[108.91652,11.52394],[108.91686,11.5227],[108.91537,11.52229],[108.91395,11.52086],[108.91327,11.52072],[108.91274,11.51862],[108.9121,11.51816],[108.9123,11.51724],[108.91158,11.51527],[108.9114,11.51284],[108.91113,11.51169],[108.91236,11.51234],[108.91459,11.51177],[108.91598,11.51105],[108.91666,11.51227],[108.91838,11.5117],[108.91796,11.5105],[108.91934,11.51104],[108.92078,11.51039],[108.92364,11.50978],[108.92649,11.50895],[108.92723,11.50899],[108.92742,11.50986],[108.93071,11.50812],[108.93233,11.50617],[108.9334,11.50538],[108.93368,11.50607],[108.9356,11.50547],[108.93474,11.50302],[108.93598,11.49993],[108.94033,11.49936],[108.94095,11.49897],[108.94073,11.49765],[108.93916,11.49757],[108.93791,11.49653],[108.93929,11.49606],[108.93924,11.4954],[108.94071,11.49456],[108.9419,11.49457],[108.94227,11.49559],[108.94426,11.49487],[108.94416,11.49418],[108.94492,11.49352],[108.9449,11.49285],[108.94811,11.49133],[108.94728,11.48799],[108.94916,11.48668],[108.95057,11.48635],[108.95082,11.48688],[108.95285,11.48586],[108.95345,11.4848],[108.95319,11.48408],[108.95428,11.48312],[108.95321,11.48179],[108.95181,11.48199],[108.94988,11.48187],[108.94766,11.47722],[108.95138,11.47659],[108.95192,11.47655]]]},"properties":{"a01_tinh":"diaphanhanhchinhcaptinh_sn.133","a02_xa":"diaphanhanhchinhcapxa_2025.1156","a03_ten":"Xã Ninh Phước","a04_tentinh":"Tỉnh Khánh Hòa","a05_truocsn":"Thị trấn Phước Dân, Xã Phước Thuận, Xã Phước Hải","a06_trungtamhc":"UBND huyện Ninh Phước","a07_dt":"65.4","a08_ds":"70203","a09_dthoai":null,"a10_web":null,"ten":"Xã Ninh Phước","ma":"22870","tentinh":"Tỉnh Khánh Hòa","truocsapnhap":"Thị trấn Phước Dân, Xã Phước Thuận, Xã Phước Hải","dientichkm2":null,"dansonguoi":null},"id":"diaphanhanhchinhcapxa_2025.1156"},
{"type":"Feature","geometry":{"type":"Polygon","coordinates":[[[108.79591,11.7923],[108.7945,11.79275],[108.79233,11.79265],[108.7916,11.79217],[108.79097,11.79251],[108.78585,11.79234],[108.78622,11.79087],[108.78585,11.78973],[108.7849,11.78915],[108.78375,11.78907],[108.7839,11.78835],[108.78298,11.78792],[108.78251,11.78647],[108.78138,11.78764],[108.77961,11.79041],[108.77981,11.79307],[108.77904,11.79465],[108.77801,11.79532],[108.77536,11.79602],[108.77352,11.79745],[108.77138,11.79327],[108.77118,11.79228],[108.76996,11.79046],[108.76958,11.78929],[108.76794,11.78952],[108.76696,11.7883],[108.76766,11.7877],[108.7665,11.78682],[108.76795,11.78558],[108.76863,11.78417],[108.76618,11.78276],[108.76443,11.78234],[108.76321,11.78266],[108.76199,11.78252],[108.75826,11.78124],[108.75544,11.78084],[108.75405,11.77917],[108.75184,11.7784],[108.75378,11.77441],[108.75282,11.77446],[108.75178,11.77337],[108.75051,11.77343],[108.74912,11.77436],[108.7476,11.77438],[108.74613,11.77397],[108.74496,11.7733],[108.74408,11.77351],[108.74383,11.77418],[108.74184,11.77354],[108.7392,11.7742],[108.73836,11.77578],[108.7359,11.77645],[108.73411,11.77719],[108.73348,11.77651],[108.73254,11.77698],[108.73079,11.77728],[108.72972,11.77811],[108.72784,11.77744],[108.72683,11.77603],[108.7256,11.77532],[108.72429,11.77519],[108.72205,11.77553],[108.71908,11.77564],[108.71719,11.77481],[108.71623,11.77386],[108.69194,11.78254],[108.69163,11.78122],[108.69053,11.78096],[108.6885,11.77981],[108.68707,11.77947],[108.68467,11.7795],[108.68408,11.77906],[108.68288,11.77916],[108.68134,11.77977],[108.68098,11.78034],[108.67888,11.78112],[108.6767,11.78105],[108.67448,11.78297],[108.67257,11.78321],[108.67241,11.78152],[108.67132,11.77754],[108.67018,11.77581],[108.66866,11.77211],[108.66735,11.77026],[108.66588,11.76724],[108.66452,11.7664],[108.66327,11.76417],[108.66291,11.76149],[108.66367,11.75967],[108.6649,11.75903],[108.66519,11.75429],[108.66634,11.75192],[108.66682,11.75036],[108.66662,11.74913],[108.66687,11.74773],[108.68403,11.73709],[108.68953,11.73281],[108.69388,11.72255],[108.69565,11.72146],[108.69759,11.72114],[108.69821,11.72071],[108.6992,11.72093],[108.70035,11.71969],[108.70265,11.71935],[108.70334,11.71896],[108.70436,11.71916],[108.70618,11.71869],[108.70673,11.71812],[108.70845,11.71766],[108.70976,11.71804],[108.71044,11.71772],[108.71344,11.71808],[108.71462,11.71776],[108.71667,11.71923],[108.71949,11.72024],[108.72049,11.72011],[108.72158,11.72118],[108.72271,11.72149],[108.72373,11.72313],[108.72315,11.72418],[108.72196,11.7246],[108.71996,11.72688],[108.71962,11.72824],[108.71843,11.73025],[108.71707,11.73177],[108.71749,11.73291],[108.71908,11.73361],[108.72192,11.7343],[108.72518,11.7346],[108.72975,11.73321],[108.73081,11.73319],[108.73211,11.73392],[108.73383,11.73392],[108.73567,11.73516],[108.73684,11.73509],[108.73591,11.73359],[108.73712,11.73212],[108.73531,11.72995],[108.73752,11.72871],[108.73923,11.72842],[108.74026,11.7276],[108.73978,11.72649],[108.73859,11.72705],[108.73873,11.72521],[108.74096,11.72498],[108.74288,11.72419],[108.74394,11.724],[108.74584,11.72467],[108.74728,11.7247],[108.74867,11.72272],[108.74936,11.71977],[108.75038,11.71912],[108.75167,11.71744],[108.75429,11.71761],[108.75515,11.71699],[108.75709,11.71897],[108.76217,11.72391],[108.76345,11.72459],[108.7638,11.72399],[108.76387,11.72237],[108.76666,11.71962],[108.77117,11.71939],[108.77276,11.71849],[108.77536,11.71976],[108.77645,11.7205],[108.77773,11.72053],[108.7793,11.72105],[108.78005,11.72061],[108.78061,11.71954],[108.7818,11.71891],[108.7833,11.71946],[108.78415,11.71762],[108.78563,11.7183],[108.78717,11.71845],[108.78913,11.71782],[108.792,11.71819],[108.79401,11.71794],[108.79571,11.71703],[108.79722,11.71671],[108.79953,11.71573],[108.80169,11.71352],[108.80272,11.71338],[108.80384,11.71183],[108.80488,11.70995],[108.80716,11.70823],[108.81001,11.70726],[108.81157,11.70817],[108.81344,11.70829],[108.81241,11.71043],[108.81228,11.7129],[108.81251,11.7162],[108.81191,11.71894],[108.81115,11.72085],[108.81053,11.72385],[108.81051,11.72498],[108.81116,11.72733],[108.81102,11.7288],[108.80936,11.73499],[108.80865,11.74055],[108.80942,11.7446],[108.80924,11.74734],[108.8094,11.74886],[108.81131,11.75272],[108.81339,11.75202],[108.81406,11.75235],[108.81504,11.75212],[108.81803,11.7548],[108.81966,11.75577],[108.8182,11.75745],[108.81781,11.75878],[108.81563,11.76349],[108.81583,11.76459],[108.81516,11.76565],[108.81205,11.76856],[108.8086,11.7694],[108.80692,11.76932],[108.80593,11.76955],[108.80535,11.77024],[108.8043,11.77304],[108.80392,11.77459],[108.80516,11.7758],[108.80515,11.77751],[108.80551,11.77911],[108.80432,11.78105],[108.80402,11.78222],[108.80221,11.78347],[108.80108,11.78539],[108.79976,11.78682],[108.79688,11.78914],[108.79603,11.79004],[108.79591,11.7923]]]},"properties":{"a01_tinh":"diaphanhanhchinhcaptinh_sn.133","a02_xa":"diaphanhanhchinhcapxa_2025.1148","a03_ten":"Xã Ninh Sơn","a04_tentinh":"Tỉnh Khánh Hòa","a05_truocsn":"Thị trấn Tân Sơn, Xã Quảng Sơn","a06_trungtamhc":"UBND huyện Ninh Sơn ","a07_dt":"99.3","a08_ds":"32003","a09_dthoai":null,"a10_web":null,"ten":"Xã Ninh Sơn","ma":"22810","tentinh":"Tỉnh Khánh Hòa","truocsapnhap":"Thị trấn Tân Sơn, Xã Quảng Sơn","dientichkm2":null,"dansonguoi":null},"id":"diaphanhanhchinhcapxa_2025.1148"},
{"type":"Feature","geometry":{"type":"Polygon","coordinates":[[[109.0032,11.54187],[109.00052,11.54277],[108.99946,11.54338],[108.99798,11.54512],[108.99639,11.54896],[108.99519,11.54821],[108.99391,11.54677],[108.99056,11.54899],[108.99057,11.54954],[108.98821,11.5502],[108.98759,11.54957],[108.9861,11.54989],[108.98552,11.54925],[108.98371,11.54856],[108.98038,11.54869],[108.98068,11.55036],[108.97846,11.55053],[108.97639,11.55008],[108.97343,11.55048],[108.9722,11.55035],[108.97203,11.5525],[108.97314,11.55454],[108.97416,11.5558],[108.97724,11.55843],[108.97732,11.55852],[108.97448,11.55913],[108.97314,11.55832],[108.97199,11.55973],[108.97009,11.55968],[108.96833,11.5603],[108.96686,11.56052],[108.96623,11.56161],[108.965,11.56058],[108.96437,11.5595],[108.96391,11.55724],[108.9634,11.55667],[108.96291,11.55394],[108.96285,11.55248],[108.96186,11.54889],[108.96197,11.54773],[108.96293,11.54682],[108.96183,11.546],[108.96331,11.54415],[108.95987,11.54182],[108.96022,11.53915],[108.96261,11.5386],[108.96337,11.53876],[108.96549,11.5384],[108.96772,11.53852],[108.9695,11.53746],[108.97015,11.5374],[108.97142,11.53636],[108.97383,11.53487],[108.97534,11.53473],[108.9773,11.53502],[108.97893,11.53679],[108.98029,11.5367],[108.98108,11.53707],[108.98165,11.53631],[108.9828,11.53647],[108.98396,11.53592],[108.98462,11.53502],[108.98543,11.53472],[108.98543,11.53297],[108.98633,11.53181],[108.98372,11.53136],[108.98238,11.53056],[108.98306,11.52762],[108.98197,11.52596],[108.98254,11.52462],[108.98256,11.52101],[108.98406,11.52002],[108.98368,11.51643],[108.98414,11.5132],[108.98361,11.51101],[108.98238,11.50896],[108.98201,11.50882],[108.98207,11.50684],[108.98406,11.50716],[108.98579,11.50806],[108.98758,11.50796],[108.98915,11.50835],[108.98996,11.50766],[108.98913,11.50647],[108.98809,11.50433],[108.98761,11.50384],[108.98662,11.50085],[108.98625,11.50072],[108.98594,11.49817],[108.98468,11.49522],[108.98479,11.49181],[108.98418,11.48822],[108.98464,11.48786],[108.98436,11.48548],[108.98533,11.48521],[108.98532,11.48412],[108.98638,11.48396],[108.9866,11.48277],[108.9859,11.47893],[108.98757,11.4788],[108.98715,11.47721],[108.98778,11.47615],[108.98839,11.47587],[108.98888,11.47376],[108.99075,11.47267],[108.99066,11.47175],[108.98983,11.46985],[108.98854,11.46976],[108.98415,11.46983],[108.98303,11.46998],[108.98121,11.47064],[108.97779,11.47019],[108.97468,11.46894],[108.97125,11.46804],[108.97123,11.46984],[108.97145,11.4713],[108.97119,11.47205],[108.9697,11.47243],[108.96964,11.47328],[108.96882,11.47367],[108.96584,11.47616],[108.96506,11.47726],[108.96362,11.47733],[108.96264,11.47552],[108.96263,11.47551],[108.9597,11.4702],[108.95932,11.46852],[108.95748,11.46724],[108.95463,11.46148],[108.95386,11.46032],[108.9523,11.45998],[108.95126,11.45855],[108.95147,11.45685],[108.95098,11.45524],[108.9511,11.45426],[108.95058,11.45217],[108.95009,11.45149],[108.94889,11.45093],[108.94872,11.44974],[108.94812,11.44911],[108.94778,11.4474],[108.94644,11.44669],[108.94622,11.44576],[108.94479,11.44519],[108.94372,11.44428],[108.94287,11.44279],[108.94113,11.44241],[108.93955,11.44257],[108.93763,11.44339],[108.93578,11.4437],[108.93409,11.44466],[108.93235,11.44647],[108.93175,11.44522],[108.93085,11.44206],[108.92832,11.43926],[108.9275,11.43876],[108.92628,11.43707],[108.92365,11.43494],[108.92288,11.43384],[108.92297,11.43307],[108.92226,11.43225],[108.92127,11.42916],[108.91983,11.42761],[108.92005,11.42653],[108.91956,11.42381],[108.91913,11.42275],[108.91837,11.42244],[108.91788,11.42072],[108.9189,11.41817],[108.91821,11.41634],[108.91869,11.41311],[108.91972,11.41219],[108.9204,11.4107],[108.92055,11.40645],[108.92128,11.40515],[108.9207,11.40329],[108.92159,11.40191],[108.92255,11.40136],[108.92173,11.3994],[108.92178,11.39879],[108.92263,11.39739],[108.92518,11.39289],[108.93348,11.37893],[108.94203,11.36849],[108.94292,11.36611],[108.95011,11.34821],[108.95179,11.34412],[108.95321,11.34121],[108.9553,11.3365],[108.95731,11.33118],[108.95813,11.33023],[108.95844,11.32768],[108.95979,11.32713],[108.96123,11.32584],[108.96084,11.32404],[108.96074,11.3222],[108.96093,11.32114],[108.96055,11.31935],[108.95968,11.3184],[108.95912,11.31694],[108.95933,11.31563],[108.96261,11.31646],[108.96561,11.31849],[108.96627,11.31938],[108.9676,11.31981],[108.96783,11.32084],[108.96887,11.32174],[108.97062,11.32226],[108.97186,11.32411],[108.97431,11.32631],[108.97445,11.32736],[108.9756,11.32867],[108.97728,11.32914],[108.97949,11.33009],[108.98017,11.3297],[108.98199,11.32989],[108.98269,11.33038],[108.98331,11.33176],[108.98466,11.33225],[108.98541,11.3335],[108.98715,11.33446],[108.98759,11.33534],[108.98892,11.3365],[108.9887,11.33834],[108.99,11.34055],[108.99036,11.34212],[108.99007,11.34254],[108.99058,11.34372],[108.99117,11.34315],[108.99232,11.34362],[108.99306,11.34491],[108.99264,11.34556],[108.99238,11.34739],[108.99331,11.34818],[108.99359,11.34908],[108.9944,11.34968],[108.99685,11.35012],[108.99817,11.34897],[108.99985,11.34797],[109.00108,11.3486],[109.0014,11.35043],[109.00148,11.35299],[109.00233,11.35309],[109.00313,11.35262],[109.00417,11.35416],[109.0048,11.35417],[109.00494,11.35536],[109.00711,11.35561],[109.00886,11.35471],[109.01059,11.35516],[109.01112,11.35571],[109.01318,11.35614],[109.01402,11.35582],[109.01491,11.35622],[109.01554,11.35719],[109.01731,11.35896],[109.01769,11.35978],[109.01879,11.35993],[109.01948,11.3617],[109.01942,11.36233],[109.02023,11.36308],[109.01941,11.36534],[109.02016,11.36554],[109.0205,11.36808],[109.01988,11.36925],[109.01835,11.36966],[109.01697,11.36921],[109.01621,11.36973],[109.01548,11.36957],[109.01507,11.37061],[109.01533,11.37223],[109.01472,11.37262],[109.01345,11.37206],[109.01125,11.37398],[109.00928,11.37969],[109.00766,11.38382],[109.00707,11.38622],[109.00664,11.38926],[109.00658,11.39095],[109.00602,11.39281],[109.00594,11.39428],[109.00694,11.39811],[109.00761,11.39969],[109.00724,11.40172],[109.00644,11.40268],[109.00593,11.40547],[109.0062,11.40746],[109.00602,11.41046],[109.00728,11.41259],[109.0076,11.41355],[109.00862,11.415],[109.01111,11.41599],[109.01176,11.41674],[109.01259,11.41908],[109.0132,11.42151],[109.01319,11.42279],[109.01387,11.42411],[109.0141,11.42789],[109.01378,11.42871],[109.014,11.43026],[109.0136,11.43129],[109.01345,11.43425],[109.01268,11.43581],[109.0122,11.43853],[109.00875,11.44228],[109.0083,11.44364],[109.00864,11.44516],[109.00957,11.4468],[109.01096,11.44853],[109.01187,11.45097],[109.013,11.45292],[109.01341,11.45409],[109.01314,11.45522],[109.01397,11.45658],[109.01353,11.45793],[109.01368,11.45964],[109.01423,11.46015],[109.0144,11.46126],[109.01394,11.46303],[109.01416,11.46623],[109.01486,11.46791],[109.01484,11.46975],[109.01532,11.47084],[109.01537,11.47192],[109.01501,11.47297],[109.01515,11.47424],[109.01465,11.47687],[109.01405,11.4787],[109.0137,11.48143],[109.01257,11.48751],[109.01214,11.48914],[109.01166,11.49443],[109.01166,11.49788],[109.01147,11.50025],[109.0116,11.50518],[109.01185,11.50919],[109.0123,11.51168],[109.01228,11.51274],[109.01284,11.51581],[109.01397,11.52016],[109.01622,11.52614],[109.01812,11.52919],[109.01923,11.53038],[109.02278,11.53317],[109.02531,11.53504],[109.02667,11.53524],[109.02796,11.53634],[109.02647,11.53818],[109.02632,11.53894],[109.02505,11.54182],[109.02331,11.54363],[109.0219,11.54425],[109.01964,11.54442],[109.01766,11.54422],[109.01234,11.54327],[109.01008,11.54276],[109.00574,11.54146],[109.0032,11.54187]]]},"properties":{"a01_tinh":"diaphanhanhchinhcaptinh_sn.133","a02_xa":"diaphanhanhchinhcapxa_2025.1163","a03_ten":"Xã Phước Dinh","a04_tentinh":"Tỉnh Khánh Hòa","a05_truocsn":"Xã An Hải, Xã Phước Dinh, Phường Đông Hải","a06_trungtamhc":"UBND xã An Hải","a07_dt":"154","a08_ds":"35301","a09_dthoai":null,"a10_web":null,"ten":"Xã Phước Dinh","ma":"22888","tentinh":"Tỉnh Khánh Hòa","truocsapnhap":"Xã An Hải, Xã Phước Dinh, Phường Đông Hải","dientichkm2":null,"dansonguoi":null},"id":"diaphanhanhchinhcapxa_2025.1163"},
{"type":"Feature","geometry":{"type":"Polygon","coordinates":[[[108.8643,11.48686],[108.86369,11.488],[108.86433,11.48908],[108.86582,11.4901],[108.86505,11.49433],[108.86287,11.49496],[108.86165,11.49602],[108.85957,11.49839],[108.85797,11.49816],[108.8564,11.49652],[108.85596,11.49506],[108.85504,11.49337],[108.8539,11.49316],[108.8531,11.49342],[108.85264,11.49495],[108.85066,11.49417],[108.85015,11.49335],[108.84863,11.4937],[108.84755,11.49264],[108.84693,11.49249],[108.84632,11.49363],[108.84529,11.49299],[108.84498,11.49183],[108.84412,11.49084],[108.84344,11.49098],[108.84128,11.49505],[108.83917,11.4944],[108.83822,11.49457],[108.83779,11.49584],[108.83825,11.49645],[108.83759,11.4972],[108.83567,11.49748],[108.83568,11.49888],[108.83659,11.50013],[108.83785,11.50273],[108.83844,11.50341],[108.83807,11.50425],[108.83915,11.50862],[108.8394,11.51137],[108.83975,11.51242],[108.8412,11.51454],[108.84161,11.51571],[108.84191,11.51898],[108.8437,11.52594],[108.84141,11.527],[108.83997,11.52723],[108.8375,11.52669],[108.83543,11.52769],[108.83395,11.52776],[108.83171,11.52685],[108.83043,11.52735],[108.82925,11.52737],[108.82796,11.52926],[108.82663,11.5301],[108.8257,11.53029],[108.82348,11.53027],[108.82178,11.53251],[108.82067,11.53425],[108.81904,11.53418],[108.81769,11.53507],[108.81621,11.53666],[108.81607,11.53822],[108.78492,11.55556],[108.75172,11.57752],[108.74311,11.58687],[108.73393,11.59715],[108.73386,11.59641],[108.73437,11.59503],[108.73545,11.59338],[108.73524,11.59158],[108.73442,11.58926],[108.73441,11.58788],[108.73285,11.58599],[108.73208,11.58566],[108.73092,11.58276],[108.73074,11.58092],[108.72941,11.57967],[108.72859,11.57842],[108.72926,11.57772],[108.72885,11.57496],[108.72959,11.57334],[108.72958,11.57197],[108.72907,11.57058],[108.7277,11.56853],[108.72644,11.56782],[108.72537,11.56503],[108.72453,11.56402],[108.71493,11.54566],[108.71381,11.5429],[108.71316,11.54266],[108.71435,11.54077],[108.71402,11.53946],[108.71306,11.53838],[108.7115,11.5386],[108.71015,11.53814],[108.70956,11.53727],[108.70895,11.53748],[108.7081,11.5364],[108.70489,11.53553],[108.70369,11.53484],[108.70315,11.53326],[108.70227,11.53291],[108.70237,11.5319],[108.70149,11.53013],[108.70003,11.52999],[108.69879,11.52908],[108.69746,11.52879],[108.69705,11.52814],[108.69538,11.52688],[108.69361,11.52502],[108.69283,11.5221],[108.69232,11.52133],[108.69097,11.51842],[108.69017,11.51616],[108.69085,11.51539],[108.69111,11.51433],[108.69204,11.51244],[108.69161,11.51119],[108.6877,11.50732],[108.68744,11.50433],[108.68656,11.50385],[108.66384,11.50068],[108.67875,11.47341],[108.70046,11.46696],[108.71158,11.46228],[108.71244,11.46181],[108.71348,11.46177],[108.71601,11.46247],[108.71746,11.4634],[108.71847,11.46353],[108.71992,11.46456],[108.72093,11.46589],[108.72273,11.4667],[108.72376,11.46761],[108.72489,11.46932],[108.75092,11.47131],[108.76177,11.47052],[108.76031,11.44909],[108.75722,11.41139],[108.78335,11.39392],[108.78504,11.38832],[108.80157,11.3833],[108.81204,11.39915],[108.81242,11.39982],[108.81546,11.40345],[108.81763,11.40639],[108.81962,11.40782],[108.82103,11.40981],[108.82186,11.41202],[108.82288,11.41384],[108.82397,11.41694],[108.82577,11.4211],[108.82672,11.42239],[108.82806,11.42528],[108.82834,11.4268],[108.82931,11.42853],[108.83032,11.43127],[108.83172,11.43372],[108.83283,11.43632],[108.83497,11.4394],[108.83472,11.44046],[108.83477,11.44217],[108.83657,11.44558],[108.83769,11.449],[108.8385,11.45025],[108.83843,11.45141],[108.83935,11.45295],[108.84104,11.45656],[108.84236,11.45764],[108.84454,11.45997],[108.84501,11.45888],[108.84584,11.45895],[108.84707,11.46089],[108.84785,11.46251],[108.84851,11.4647],[108.8471,11.46502],[108.84823,11.46726],[108.84858,11.46932],[108.84855,11.4709],[108.84971,11.47315],[108.85073,11.47593],[108.85162,11.47699],[108.85274,11.47952],[108.85377,11.47918],[108.85562,11.48012],[108.85803,11.4809],[108.85921,11.48229],[108.86185,11.48424],[108.86402,11.48551],[108.8643,11.48686]]]},"properties":{"a01_tinh":"diaphanhanhchinhcaptinh_sn.133","a02_xa":"diaphanhanhchinhcapxa_2025.1158","a03_ten":"Xã Phước Hà","a04_tentinh":"Tỉnh Khánh Hòa","a05_truocsn":"Xã Nhị Hà, Xã Phước Hà","a06_trungtamhc":"UBND xã Nhị Hà","a07_dt":"230","a08_ds":"89","a09_dthoai":null,"a10_web":null,"ten":"Xã Phước Hà","ma":"22900","tentinh":"Tỉnh Khánh Hòa","truocsapnhap":"Xã Nhị Hà, Xã Phước Hà","dientichkm2":null,"dansonguoi":null},"id":"diaphanhanhchinhcapxa_2025.1158"},
{"type":"Feature","geometry":{"type":"Polygon","coordinates":[[[108.80146,11.64118],[108.82528,11.59326],[108.83398,11.59034],[108.86512,11.58253],[108.8667,11.58414],[108.86822,11.58528],[108.87011,11.58621],[108.8721,11.58773],[108.87246,11.58864],[108.87406,11.59039],[108.87505,11.59104],[108.87592,11.5921],[108.87837,11.59059],[108.8789,11.58994],[108.8798,11.59026],[108.88064,11.58915],[108.88167,11.59008],[108.88177,11.59171],[108.88275,11.59234],[108.88481,11.59315],[108.88469,11.59488],[108.88547,11.59665],[108.88527,11.59729],[108.88556,11.59898],[108.88661,11.60164],[108.88973,11.60151],[108.89111,11.60244],[108.89207,11.60391],[108.89583,11.60124],[108.89629,11.60029],[108.89479,11.59826],[108.89443,11.59631],[108.89609,11.59448],[108.89723,11.59424],[108.89815,11.59365],[108.89721,11.59126],[108.8974,11.58846],[108.89702,11.58785],[108.89923,11.58717],[108.90038,11.58659],[108.90078,11.58521],[108.90252,11.5822],[108.90247,11.57929],[108.90321,11.578],[108.90315,11.57712],[108.90483,11.5757],[108.90513,11.57516],[108.9066,11.57438],[108.90783,11.57408],[108.90818,11.5719],[108.90898,11.57175],[108.9094,11.57008],[108.9104,11.57014],[108.91132,11.56908],[108.9106,11.56795],[108.91036,11.56675],[108.91125,11.56482],[108.91053,11.56441],[108.91026,11.5634],[108.90922,11.5635],[108.90788,11.56131],[108.90812,11.56009],[108.90894,11.55963],[108.90926,11.55885],[108.91093,11.5573],[108.91359,11.55626],[108.91691,11.55624],[108.91819,11.55658],[108.91957,11.55617],[108.92185,11.5564],[108.92361,11.55627],[108.9243,11.55595],[108.92525,11.55644],[108.92734,11.55558],[108.92844,11.55558],[108.92907,11.55364],[108.93002,11.55403],[108.9312,11.55345],[108.93211,11.55465],[108.93302,11.5543],[108.93285,11.55325],[108.93384,11.5526],[108.93389,11.55177],[108.93518,11.55122],[108.93685,11.55898],[108.93696,11.56143],[108.93624,11.56567],[108.93631,11.56843],[108.93723,11.57247],[108.93848,11.57533],[108.93987,11.57698],[108.94276,11.5798],[108.9418,11.58028],[108.94049,11.58149],[108.93861,11.58231],[108.93712,11.58246],[108.93605,11.5831],[108.93658,11.58549],[108.93531,11.58632],[108.93522,11.58757],[108.93376,11.5894],[108.93283,11.58976],[108.93087,11.59],[108.93134,11.59098],[108.92977,11.59162],[108.93069,11.59276],[108.93296,11.59378],[108.93391,11.59205],[108.93534,11.59172],[108.93679,11.59283],[108.9375,11.59372],[108.93848,11.59356],[108.94024,11.59269],[108.94155,11.59316],[108.94023,11.59631],[108.94038,11.59827],[108.94085,11.59985],[108.94079,11.60065],[108.93951,11.60221],[108.93808,11.60282],[108.93709,11.60269],[108.93598,11.60166],[108.93443,11.60103],[108.93261,11.60093],[108.93071,11.60119],[108.92871,11.60238],[108.92698,11.60549],[108.92668,11.60644],[108.92511,11.60887],[108.92358,11.61061],[108.92206,11.61118],[108.92041,11.61131],[108.91759,11.6107],[108.91378,11.61068],[108.91261,11.61175],[108.91095,11.61387],[108.90691,11.61678],[108.90375,11.61773],[108.89996,11.61705],[108.89851,11.61694],[108.89627,11.61737],[108.89531,11.61786],[108.88892,11.62355],[108.88727,11.62493],[108.88388,11.62655],[108.88173,11.62801],[108.87994,11.62825],[108.87717,11.62758],[108.87622,11.62711],[108.87412,11.62519],[108.87251,11.62479],[108.87095,11.6252],[108.87011,11.62644],[108.86968,11.62784],[108.86989,11.62918],[108.87063,11.63065],[108.87087,11.63336],[108.87136,11.63637],[108.87208,11.63715],[108.87222,11.63866],[108.87418,11.64198],[108.87492,11.64414],[108.87519,11.6456],[108.87462,11.64757],[108.87338,11.64958],[108.87122,11.6523],[108.86923,11.65348],[108.86788,11.65556],[108.86308,11.65471],[108.86161,11.65282],[108.86093,11.65156],[108.85848,11.65132],[108.85584,11.65196],[108.85423,11.65061],[108.85256,11.65046],[108.85144,11.65086],[108.85052,11.65056],[108.84974,11.65101],[108.84836,11.64978],[108.84375,11.65014],[108.84319,11.6508],[108.83987,11.65037],[108.83737,11.65135],[108.83612,11.65025],[108.83543,11.65022],[108.83472,11.64926],[108.83338,11.6497],[108.83087,11.64904],[108.82938,11.64819],[108.82944,11.64726],[108.8279,11.64614],[108.82777,11.64554],[108.82638,11.645],[108.82477,11.64324],[108.82401,11.63995],[108.82092,11.63815],[108.82029,11.63818],[108.81697,11.63935],[108.81349,11.6385],[108.80943,11.63861],[108.80641,11.63896],[108.80475,11.6386],[108.80372,11.63924],[108.80312,11.64044],[108.80146,11.64118]]]},"properties":{"a01_tinh":"diaphanhanhchinhcaptinh_sn.133","a02_xa":"diaphanhanhchinhcapxa_2025.1157","a03_ten":"Xã Phước Hậu","a04_tentinh":"Tỉnh Khánh Hòa","a05_truocsn":"Xã Phước Vinh, Xã Phước Sơn, Xã Phước Hậu","a06_trungtamhc":"UBND xã Phước Sơn","a07_dt":"74.7","a08_ds":"49465","a09_dthoai":null,"a10_web":null,"ten":"Xã Phước Hậu","ma":"22873","tentinh":"Tỉnh Khánh Hòa","truocsapnhap":"Xã Phước Vinh, Xã Phước Sơn, Xã Phước Hậu","dientichkm2":null,"dansonguoi":null},"id":"diaphanhanhchinhcapxa_2025.1157"},
{"type":"Feature","geometry":{"type":"Polygon","coordinates":[[[108.91819,11.55658],[108.91691,11.55624],[108.91359,11.55626],[108.91093,11.5573],[108.90926,11.55885],[108.90894,11.55963],[108.90812,11.56009],[108.90788,11.56131],[108.90922,11.5635],[108.91026,11.5634],[108.91053,11.56441],[108.91125,11.56482],[108.91036,11.56675],[108.9106,11.56795],[108.91132,11.56908],[108.9104,11.57014],[108.9094,11.57008],[108.90898,11.57175],[108.90818,11.5719],[108.90783,11.57408],[108.9066,11.57438],[108.90513,11.57516],[108.90483,11.5757],[108.90315,11.57712],[108.90321,11.578],[108.90247,11.57929],[108.90252,11.5822],[108.90078,11.58521],[108.90038,11.58659],[108.89923,11.58717],[108.89702,11.58785],[108.8974,11.58846],[108.89721,11.59126],[108.89815,11.59365],[108.89723,11.59424],[108.89609,11.59448],[108.89443,11.59631],[108.89479,11.59826],[108.89629,11.60029],[108.89583,11.60124],[108.89207,11.60391],[108.89111,11.60244],[108.88973,11.60151],[108.88661,11.60164],[108.88556,11.59898],[108.88527,11.59729],[108.88547,11.59665],[108.88469,11.59488],[108.88481,11.59315],[108.88275,11.59234],[108.88177,11.59171],[108.88167,11.59008],[108.88064,11.58915],[108.8798,11.59026],[108.8789,11.58994],[108.87837,11.59059],[108.87592,11.5921],[108.87505,11.59104],[108.87406,11.59039],[108.87246,11.58864],[108.8721,11.58773],[108.87011,11.58621],[108.86822,11.58528],[108.8667,11.58414],[108.86512,11.58253],[108.83398,11.59034],[108.82528,11.59326],[108.80146,11.64118],[108.78064,11.64735],[108.77602,11.64764],[108.77256,11.64805],[108.75834,11.64926],[108.75736,11.64704],[108.75601,11.64635],[108.75529,11.64561],[108.75394,11.64364],[108.75311,11.64298],[108.75262,11.64125],[108.75255,11.63945],[108.75181,11.63796],[108.75037,11.63635],[108.75008,11.63529],[108.74927,11.6347],[108.74845,11.63318],[108.74663,11.63247],[108.74577,11.6314],[108.74423,11.63058],[108.74329,11.62942],[108.74342,11.62756],[108.74315,11.62584],[108.74383,11.62431],[108.74371,11.62342],[108.74192,11.62275],[108.74038,11.62264],[108.74024,11.62065],[108.73882,11.62093],[108.73805,11.62073],[108.73716,11.61991],[108.73587,11.61762],[108.73416,11.61558],[108.73286,11.61478],[108.73385,11.59792],[108.73393,11.59715],[108.74311,11.58687],[108.75172,11.57752],[108.78492,11.55556],[108.81607,11.53822],[108.81621,11.53666],[108.81769,11.53507],[108.81904,11.53418],[108.82067,11.53425],[108.82178,11.53251],[108.82348,11.53027],[108.8257,11.53029],[108.82663,11.5301],[108.82796,11.52926],[108.82925,11.52737],[108.83043,11.52735],[108.83171,11.52685],[108.83395,11.52776],[108.83543,11.52769],[108.8375,11.52669],[108.83997,11.52723],[108.84141,11.527],[108.8437,11.52594],[108.84191,11.51898],[108.84161,11.51571],[108.8412,11.51454],[108.83975,11.51242],[108.8394,11.51137],[108.83915,11.50862],[108.83807,11.50425],[108.83844,11.50341],[108.83785,11.50273],[108.83659,11.50013],[108.83568,11.49888],[108.83567,11.49748],[108.83759,11.4972],[108.83825,11.49645],[108.83779,11.49584],[108.83822,11.49457],[108.83917,11.4944],[108.84128,11.49505],[108.84344,11.49098],[108.84412,11.49084],[108.84498,11.49183],[108.84529,11.49299],[108.84632,11.49363],[108.84693,11.49249],[108.84755,11.49264],[108.84863,11.4937],[108.85015,11.49335],[108.85066,11.49417],[108.85264,11.49495],[108.8531,11.49342],[108.8539,11.49316],[108.85504,11.49337],[108.85596,11.49506],[108.8564,11.49652],[108.85797,11.49816],[108.85957,11.49839],[108.86165,11.49602],[108.86287,11.49496],[108.86505,11.49433],[108.86582,11.4901],[108.86433,11.48908],[108.86369,11.488],[108.8643,11.48686],[108.86457,11.48644],[108.86644,11.48754],[108.87066,11.48706],[108.87184,11.48723],[108.87277,11.48698],[108.87398,11.48571],[108.87511,11.48526],[108.87655,11.48373],[108.87716,11.48196],[108.87847,11.48055],[108.88034,11.47934],[108.88135,11.48147],[108.88257,11.48249],[108.88263,11.48427],[108.88403,11.48592],[108.88516,11.48619],[108.88704,11.48478],[108.88872,11.48419],[108.89003,11.48439],[108.89137,11.48426],[108.89435,11.48447],[108.89592,11.48442],[108.89661,11.48518],[108.8972,11.4873],[108.89952,11.49003],[108.90198,11.49322],[108.90437,11.49653],[108.90591,11.49796],[108.90725,11.49863],[108.90867,11.49989],[108.90932,11.50112],[108.90897,11.50213],[108.90744,11.50322],[108.90705,11.5048],[108.9077,11.50592],[108.90831,11.50519],[108.90907,11.50535],[108.91013,11.50701],[108.91082,11.50938],[108.91113,11.51169],[108.9114,11.51284],[108.91158,11.51527],[108.9123,11.51724],[108.9121,11.51816],[108.91274,11.51862],[108.91327,11.52072],[108.91395,11.52086],[108.91537,11.52229],[108.91686,11.5227],[108.91652,11.52394],[108.91543,11.52419],[108.91506,11.52482],[108.91548,11.52696],[108.91695,11.52821],[108.91659,11.52886],[108.91711,11.52961],[108.91647,11.53084],[108.91668,11.53397],[108.91651,11.53676],[108.91672,11.53786],[108.91564,11.53922],[108.91771,11.54127],[108.91764,11.54302],[108.91797,11.544],[108.91748,11.54447],[108.91774,11.5461],[108.91723,11.5464],[108.91765,11.54813],[108.91735,11.54971],[108.91802,11.55032],[108.9176,11.55134],[108.91779,11.55307],[108.91855,11.55357],[108.91811,11.55581],[108.91819,11.55658]]]},"properties":{"a01_tinh":"diaphanhanhchinhcaptinh_sn.133","a02_xa":"diaphanhanhchinhcapxa_2025.1159","a03_ten":"Xã Phước Hữu","a04_tentinh":"Tỉnh Khánh Hòa","a05_truocsn":"Xã Phước Thái, Xã Phước Hữu","a06_trungtamhc":"UBND xã Phước Hữu","a07_dt":"177.7","a08_ds":"35572","a09_dthoai":null,"a10_web":null,"ten":"Xã Phước Hữu","ma":"22891","tentinh":"Tỉnh Khánh Hòa","truocsapnhap":"Xã Phước Thái, Xã Phước Hữu","dientichkm2":null,"dansonguoi":null},"id":"diaphanhanhchinhcapxa_2025.1159"},
{"type":"Feature","geometry":{"type":"Polygon","coordinates":[[[109.11724,12.21313],[109.11602,12.21414],[109.11467,12.21356],[109.11312,12.21324],[109.11303,12.21172],[109.11067,12.20964],[109.10879,12.20879],[109.10769,12.20877],[109.1063,12.20614],[109.10579,12.20394],[109.10606,12.20246],[109.10548,12.20134],[109.10359,12.20083],[109.10078,12.20096],[109.0992,12.20069],[109.09719,12.20316],[109.09583,12.20362],[109.09295,12.20304],[109.09195,12.20126],[109.09066,12.19956],[109.08946,12.19863],[109.08862,12.19748],[109.08825,12.19639],[109.08699,12.19538],[109.08524,12.19645],[109.08484,12.19749],[109.08307,12.1975],[109.08202,12.19833],[109.08016,12.19862],[109.07942,12.20002],[109.07871,12.20054],[109.07676,12.2009],[109.07662,12.20281],[109.07535,12.2036],[109.07465,12.20477],[109.07451,12.20578],[109.07393,12.20676],[109.073,12.20742],[109.07396,12.20919],[109.07151,12.20938],[109.07065,12.20754],[109.06908,12.20776],[109.06926,12.20685],[109.06875,12.2054],[109.06672,12.20322],[109.06567,12.20117],[109.06492,12.20046],[109.06436,12.20108],[109.06324,12.20055],[109.06293,12.19931],[109.06227,12.19896],[109.06172,12.19971],[109.06228,12.20051],[109.06231,12.20146],[109.06161,12.20303],[109.06088,12.20369],[109.06035,12.20556],[109.05928,12.20642],[109.05821,12.20518],[109.0586,12.20385],[109.05657,12.20192],[109.05439,12.20185],[109.05478,12.19785],[109.05567,12.19621],[109.0549,12.19524],[109.05477,12.1936],[109.0557,12.1918],[109.05468,12.19173],[109.05421,12.18984],[109.05175,12.18996],[109.05102,12.18937],[109.05057,12.18824],[109.04899,12.18755],[109.04809,12.18769],[109.04654,12.1861],[109.04448,12.18607],[109.04347,12.18559],[109.04276,12.18605],[109.04186,12.18492],[109.04133,12.18553],[109.04035,12.18432],[109.03888,12.18477],[109.03756,12.18404],[109.036,12.18402],[109.03506,12.18332],[109.03111,12.18351],[109.02998,12.18341],[109.02851,12.1829],[109.02784,12.18235],[109.02603,12.18174],[109.02295,12.1791],[109.02173,12.18043],[109.02016,12.18109],[109.01939,12.18177],[109.01857,12.18425],[109.017,12.18603],[109.01491,12.1865],[109.01336,12.18549],[109.01296,12.18481],[109.0116,12.18419],[109.01065,12.18433],[109.00739,12.18434],[109.00668,12.18375],[109.00558,12.18196],[109.00387,12.18145],[109.00293,12.18065],[109.00152,12.18044],[108.9995,12.17944],[108.99907,12.17863],[108.99795,12.17531],[108.99706,12.17169],[108.99717,12.1675],[108.99639,12.16597],[108.9958,12.16642],[108.99252,12.16703],[108.99023,12.16719],[108.98795,12.16956],[108.98782,12.1702],[108.98558,12.17099],[108.98495,12.17153],[108.98401,12.17253],[108.98065,12.17408],[108.979,12.17394],[108.97825,12.1744],[108.97758,12.17586],[108.97565,12.17695],[108.97491,12.17523],[108.97339,12.17318],[108.97299,12.17123],[108.97268,12.16704],[108.97303,12.16552],[108.97431,12.16294],[108.97281,12.16134],[108.97107,12.16072],[108.97005,12.15945],[108.96825,12.15932],[108.96669,12.15968],[108.96597,12.15943],[108.96483,12.15745],[108.96498,12.15632],[108.96619,12.15348],[108.96735,12.15217],[108.96858,12.15114],[108.96846,12.14998],[108.96543,12.14761],[108.96514,12.14573],[108.96473,12.14472],[108.96375,12.14408],[108.96251,12.14218],[108.96212,12.13992],[108.96092,12.138],[108.96039,12.13599],[108.96058,12.13425],[108.96097,12.13355],[108.96063,12.13187],[108.96098,12.13053],[108.96099,12.12865],[108.95932,12.12522],[108.95768,12.12304],[108.95658,12.12232],[108.9546,12.12197],[108.95307,12.12143],[108.95269,12.12077],[108.95102,12.12071],[108.94749,12.11954],[108.94563,12.11736],[108.94484,12.11606],[108.94413,12.11553],[108.94391,12.1138],[108.94286,12.11156],[108.94207,12.11064],[108.9423,12.109],[108.94186,12.10793],[108.94111,12.10713],[108.9405,12.10493],[108.94037,12.10231],[108.94174,12.09802],[108.94377,12.09409],[108.94434,12.09112],[108.94381,12.08937],[108.94505,12.08477],[108.9431,12.08314],[108.9429,12.0825],[108.94378,12.08115],[108.94451,12.0792],[108.94545,12.07845],[108.94534,12.07685],[108.94622,12.07611],[108.94933,12.07495],[108.95188,12.07458],[108.95309,12.07463],[108.95684,12.07749],[108.95835,12.07752],[108.96004,12.07803],[108.96036,12.07868],[108.96159,12.07936],[108.96183,12.08009],[108.96374,12.08109],[108.96606,12.08156],[108.9671,12.08291],[108.96702,12.08361],[108.96758,12.08447],[108.96927,12.08452],[108.97065,12.08707],[108.97213,12.08855],[108.97293,12.08892],[108.97367,12.09009],[108.97478,12.0906],[108.97676,12.09237],[108.9784,12.09294],[108.97999,12.09412],[108.98048,12.09504],[108.98178,12.09517],[108.9833,12.09689],[108.98397,12.09795],[108.98526,12.09902],[108.98804,12.10088],[108.98806,12.10233],[108.99043,12.10417],[108.99079,12.10503],[108.99185,12.10602],[108.99203,12.1077],[108.99516,12.10999],[108.99591,12.11107],[108.99784,12.11244],[108.9994,12.10904],[108.99882,12.10773],[108.99875,12.10531],[108.9996,12.10503],[109.00034,12.10374],[109.00026,12.10323],[109.00144,12.10062],[109.00395,12.09747],[109.00484,12.09446],[109.00593,12.0926],[109.00603,12.0899],[109.00827,12.08769],[109.00906,12.0867],[109.01301,12.08705],[109.01554,12.08707],[109.01613,12.08691],[109.01618,12.08987],[109.01534,12.09099],[109.01509,12.09372],[109.01599,12.09576],[109.01614,12.09719],[109.0167,12.09787],[109.01763,12.09778],[109.01896,12.09712],[109.02067,12.09677],[109.02139,12.09636],[109.02181,12.09488],[109.02297,12.0936],[109.02452,12.09267],[109.0273,12.09231],[109.02858,12.0947],[109.02991,12.09679],[109.03288,12.1004],[109.03379,12.101],[109.03541,12.10116],[109.03729,12.10171],[109.03739,12.10298],[109.03833,12.10417],[109.04011,12.10486],[109.04131,12.10613],[109.04376,12.10732],[109.0456,12.1063],[109.04662,12.10695],[109.04708,12.10932],[109.04846,12.11195],[109.05034,12.11426],[109.05124,12.11512],[109.05216,12.11542],[109.05341,12.11665],[109.05493,12.11669],[109.05706,12.11601],[109.05938,12.11577],[109.06111,12.11588],[109.0646,12.11664],[109.06519,12.11701],[109.06621,12.11998],[109.06727,12.12059],[109.06906,12.12068],[109.0701,12.12124],[109.07227,12.12345],[109.07553,12.12636],[109.07616,12.12656],[109.0792,12.1264],[109.07602,12.12939],[109.07036,12.13511],[109.0673,12.13862],[109.06457,12.14238],[109.06217,12.14635],[109.06014,12.15052],[109.05848,12.15485],[109.05766,12.15746],[109.05715,12.15972],[109.05685,12.16203],[109.05871,12.16158],[109.06023,12.16189],[109.06204,12.16258],[109.06396,12.16371],[109.06449,12.16301],[109.06897,12.16449],[109.07429,12.16568],[109.0756,12.16753],[109.07794,12.16836],[109.08007,12.17012],[109.08125,12.17044],[109.08484,12.17006],[109.0891,12.17051],[109.09171,12.17066],[109.09693,12.17301],[109.0981,12.17339],[109.09965,12.17322],[109.10008,12.17058],[109.09977,12.16801],[109.09874,12.16597],[109.09808,12.1638],[109.09785,12.16233],[109.09813,12.15939],[109.09825,12.15571],[109.09906,12.15133],[109.10156,12.14872],[109.10375,12.14672],[109.10581,12.14509],[109.10767,12.14413],[109.1092,12.14399],[109.11103,12.14454],[109.11265,12.14611],[109.11366,12.14592],[109.11478,12.13988],[109.11547,12.13735],[109.11677,12.13607],[109.11824,12.1362],[109.11971,12.13541],[109.12096,12.13621],[109.12232,12.13661],[109.12358,12.13745],[109.12531,12.13767],[109.12666,12.13709],[109.1276,12.13785],[109.12798,12.13949],[109.12929,12.13988],[109.1352,12.13624],[109.13617,12.13399],[109.13624,12.13158],[109.13556,12.13151],[109.13491,12.12959],[109.13592,12.12812],[109.13564,12.12523],[109.1373,12.1247],[109.13787,12.12533],[109.13894,12.12513],[109.13945,12.12559],[109.13964,12.12744],[109.14228,12.12766],[109.14422,12.1271],[109.14847,12.12519],[109.1515,12.12421],[109.15315,12.12323],[109.15581,12.12004],[109.1566,12.11947],[109.15782,12.11916],[109.16522,12.11899],[109.1642,12.12248],[109.1643,12.12302],[109.16728,12.12709],[109.16725,12.12885],[109.1631,12.13221],[109.16256,12.13316],[109.16216,12.13491],[109.16268,12.13664],[109.1635,12.13792],[109.16551,12.13965],[109.16501,12.14007],[109.16448,12.1416],[109.16473,12.14519],[109.16456,12.14602],[109.16514,12.14794],[109.16354,12.14949],[109.16072,12.15024],[109.16019,12.15279],[109.16033,12.15342],[109.15957,12.15532],[109.1583,12.15406],[109.15627,12.1537],[109.15501,12.15414],[109.15297,12.15449],[109.15141,12.15537],[109.15043,12.15826],[109.14935,12.15943],[109.1489,12.16068],[109.14689,12.16103],[109.14621,12.16089],[109.14478,12.16157],[109.14272,12.16461],[109.14206,12.16629],[109.14127,12.16651],[109.14102,12.16768],[109.13939,12.17075],[109.13828,12.17385],[109.13707,12.17413],[109.1355,12.17544],[109.13499,12.17656],[109.1335,12.17768],[109.13406,12.18002],[109.13371,12.18259],[109.13259,12.18326],[109.13135,12.18304],[109.12882,12.18394],[109.1264,12.18525],[109.12541,12.18649],[109.12419,12.18666],[109.12312,12.18733],[109.12201,12.18758],[109.12049,12.1914],[109.12022,12.19321],[109.11982,12.194],[109.12019,12.19494],[109.12,12.19585],[109.1187,12.19776],[109.11691,12.19939],[109.11575,12.20068],[109.11467,12.20294],[109.11476,12.20407],[109.11681,12.20838],[109.11779,12.2094],[109.11789,12.21095],[109.11724,12.21313]]]},"properties":{"a01_tinh":"diaphanhanhchinhcaptinh_sn.133","a02_xa":"diaphanhanhchinhcapxa_2025.1124","a03_ten":"Xã Suối Dầu","a04_tentinh":"Tỉnh Khánh Hòa","a05_truocsn":"Xã Suối Cát, Xã Cam Hòa, Xã Cam Tân, Xã Suối Tân","a06_trungtamhc":"UBND xã Cam Tân","a07_dt":"160.1","a08_ds":"24185","a09_dthoai":null,"a10_web":null,"ten":"Xã Suối Dầu","ma":"22708","tentinh":"Tỉnh Khánh Hòa","truocsapnhap":"Xã Suối Cát, Xã Cam Hòa, Xã Cam Tân, Xã Suối Tân","dientichkm2":null,"dansonguoi":null},"id":"diaphanhanhchinhcapxa_2025.1124"},
{"type":"Feature","geometry":{"type":"Polygon","coordinates":[[[109.09429,12.23632],[109.09298,12.23632],[109.09258,12.23686],[109.09231,12.2388],[109.07997,12.23547],[109.08054,12.23731],[109.08124,12.23819],[109.08019,12.23962],[109.0809,12.24083],[109.08005,12.24164],[109.07848,12.24145],[109.07823,12.24438],[109.07767,12.24325],[109.07681,12.24326],[109.07572,12.24261],[109.07444,12.24139],[109.07242,12.24102],[109.07233,12.24435],[109.06927,12.2439],[109.06918,12.24447],[109.06693,12.24463],[109.06564,12.24352],[109.06417,12.24318],[109.06311,12.24239],[109.06182,12.24246],[109.06101,12.24209],[109.05949,12.23892],[109.05684,12.23904],[109.0556,12.23942],[109.05307,12.23937],[109.05113,12.23996],[109.04742,12.24052],[109.04612,12.2402],[109.04397,12.24017],[109.04365,12.24222],[109.0438,12.24331],[109.043,12.24348],[109.04105,12.24251],[109.03825,12.24231],[109.03763,12.24138],[109.03553,12.24088],[109.03444,12.24086],[109.03499,12.23734],[109.03359,12.23626],[109.03211,12.23572],[109.03188,12.23677],[109.03052,12.23716],[109.02385,12.23675],[109.02176,12.23635],[109.01558,12.23582],[109.01481,12.236],[109.01288,12.23472],[109.01137,12.23512],[109.01134,12.23225],[109.01094,12.22727],[109.01076,12.22688],[109.01222,12.22428],[109.01234,12.22306],[109.01206,12.22107],[109.0116,12.21943],[109.01293,12.21972],[109.01473,12.21938],[109.016,12.21864],[109.01687,12.21959],[109.01857,12.22019],[109.02034,12.22117],[109.02096,12.22112],[109.01338,12.20732],[109.01258,12.20578],[109.00984,12.20489],[109.00823,12.20343],[109.00844,12.20239],[109.00775,12.20027],[109.00671,12.19812],[109.00492,12.19773],[109.00407,12.19725],[109.00088,12.19659],[108.99964,12.19601],[108.99861,12.19501],[108.9971,12.19432],[108.99598,12.19332],[108.99371,12.19277],[108.99086,12.19172],[108.99069,12.18961],[108.99013,12.18746],[108.98858,12.18714],[108.9867,12.18618],[108.98714,12.18431],[108.98687,12.18302],[108.98618,12.18156],[108.98637,12.18018],[108.98709,12.17898],[108.98736,12.17791],[108.98666,12.1766],[108.9867,12.17491],[108.98493,12.1726],[108.98495,12.17153],[108.98558,12.17099],[108.98782,12.1702],[108.98795,12.16956],[108.99023,12.16719],[108.99252,12.16703],[108.9958,12.16642],[108.99639,12.16597],[108.99717,12.1675],[108.99706,12.17169],[108.99795,12.17531],[108.99907,12.17863],[108.9995,12.17944],[109.00152,12.18044],[109.00293,12.18065],[109.00387,12.18145],[109.00558,12.18196],[109.00668,12.18375],[109.00739,12.18434],[109.01065,12.18433],[109.0116,12.18419],[109.01296,12.18481],[109.01336,12.18549],[109.01491,12.1865],[109.017,12.18603],[109.01857,12.18425],[109.01939,12.18177],[109.02016,12.18109],[109.02173,12.18043],[109.02295,12.1791],[109.02603,12.18174],[109.02784,12.18235],[109.02851,12.1829],[109.02998,12.18341],[109.03111,12.18351],[109.03506,12.18332],[109.036,12.18402],[109.03756,12.18404],[109.03888,12.18477],[109.04035,12.18432],[109.04133,12.18553],[109.04186,12.18492],[109.04276,12.18605],[109.04347,12.18559],[109.04448,12.18607],[109.04654,12.1861],[109.04809,12.18769],[109.04899,12.18755],[109.05057,12.18824],[109.05102,12.18937],[109.05175,12.18996],[109.05421,12.18984],[109.05468,12.19173],[109.0557,12.1918],[109.05477,12.1936],[109.0549,12.19524],[109.05567,12.19621],[109.05478,12.19785],[109.05439,12.20185],[109.05657,12.20192],[109.0586,12.20385],[109.05821,12.20518],[109.05928,12.20642],[109.06035,12.20556],[109.06088,12.20369],[109.06161,12.20303],[109.06231,12.20146],[109.06228,12.20051],[109.06172,12.19971],[109.06227,12.19896],[109.06293,12.19931],[109.06324,12.20055],[109.06436,12.20108],[109.06492,12.20046],[109.06567,12.20117],[109.06672,12.20322],[109.06875,12.2054],[109.06926,12.20685],[109.06908,12.20776],[109.07065,12.20754],[109.07151,12.20938],[109.07396,12.20919],[109.073,12.20742],[109.07393,12.20676],[109.07451,12.20578],[109.07465,12.20477],[109.07535,12.2036],[109.07662,12.20281],[109.07676,12.2009],[109.07871,12.20054],[109.07942,12.20002],[109.08016,12.19862],[109.08202,12.19833],[109.08307,12.1975],[109.08484,12.19749],[109.08524,12.19645],[109.08699,12.19538],[109.08825,12.19639],[109.08862,12.19748],[109.08946,12.19863],[109.09066,12.19956],[109.09195,12.20126],[109.09295,12.20304],[109.09583,12.20362],[109.09719,12.20316],[109.0992,12.20069],[109.10078,12.20096],[109.10359,12.20083],[109.10548,12.20134],[109.10606,12.20246],[109.10579,12.20394],[109.1063,12.20614],[109.10769,12.20877],[109.10879,12.20879],[109.11067,12.20964],[109.11303,12.21172],[109.11312,12.21324],[109.11338,12.21383],[109.11139,12.21689],[109.11085,12.21707],[109.10909,12.21673],[109.10739,12.21612],[109.10566,12.21758],[109.1049,12.21683],[109.10338,12.21735],[109.10294,12.22],[109.10146,12.22081],[109.10053,12.22218],[109.10019,12.22354],[109.1003,12.22457],[109.0997,12.22669],[109.09896,12.22756],[109.09832,12.22748],[109.0976,12.22881],[109.09821,12.22898],[109.09797,12.2304],[109.09722,12.23148],[109.09664,12.23376],[109.09476,12.23353],[109.09382,12.23432],[109.09429,12.23632]]]},"properties":{"a01_tinh":"diaphanhanhchinhcaptinh_sn.133","a02_xa":"diaphanhanhchinhcapxa_2025.1137","a03_ten":"Xã Suối Hiệp","a04_tentinh":"Tỉnh Khánh Hòa","a05_truocsn":"Xã Suối Tiên, Xã Bình Lộc, Xã Suối Hiệp","a06_trungtamhc":"UBND xã Suối Hiệp","a07_dt":"55.3","a08_ds":"24159","a09_dthoai":null,"a10_web":null,"ten":"Xã Suối Hiệp","ma":"22702","tentinh":"Tỉnh Khánh Hòa","truocsapnhap":"Xã Suối Tiên, Xã Bình Lộc, Xã Suối Hiệp","dientichkm2":null,"dansonguoi":null},"id":"diaphanhanhchinhcapxa_2025.1137"},
{"type":"Feature","geometry":{"type":"Polygon","coordinates":[[[109.08139,12.51028],[109.08132,12.51125],[109.08143,12.5155],[109.07952,12.51547],[109.07953,12.51633],[109.07052,12.52386],[109.065,12.52773],[109.06313,12.5286],[109.06267,12.52908],[109.06428,12.53092],[109.06677,12.5325],[109.06686,12.53382],[109.06858,12.53562],[109.06908,12.53644],[109.06906,12.53758],[109.06847,12.5389],[109.0682,12.54162],[109.06703,12.54414],[109.06533,12.54634],[109.06375,12.54777],[109.0616,12.55163],[109.05849,12.55751],[109.05711,12.55712],[109.04844,12.56104],[109.04722,12.56147],[109.04074,12.56434],[109.03808,12.56147],[109.03464,12.55819],[109.03353,12.55663],[109.03258,12.5559],[109.03143,12.55429],[109.03583,12.54885],[109.03485,12.54811],[109.03511,12.54669],[109.03465,12.54497],[109.03454,12.54356],[109.03495,12.54181],[109.034,12.53986],[109.03435,12.53889],[109.03006,12.53097],[109.02904,12.53046],[109.02718,12.53082],[109.02661,12.53001],[109.0258,12.53002],[109.02601,12.53181],[109.02485,12.53346],[109.02439,12.53294],[109.02238,12.53381],[109.02231,12.53223],[109.02136,12.52938],[109.01938,12.52709],[109.02379,12.52551],[109.02593,12.52208],[109.02399,12.51945],[109.02324,12.51694],[109.02172,12.51521],[109.02101,12.51493],[109.0198,12.51577],[109.01747,12.51609],[109.01653,12.51602],[109.01519,12.51539],[109.01525,12.5171],[109.01468,12.51948],[109.0148,12.52059],[109.01297,12.52077],[109.01207,12.52013],[109.01177,12.51931],[109.00972,12.51878],[109.0088,12.51824],[109.00434,12.51811],[109.00154,12.51832],[109.00095,12.51704],[109.00007,12.5159],[109.00005,12.51516],[108.99882,12.51228],[108.99862,12.51068],[108.99803,12.50873],[108.99728,12.50779],[108.99546,12.50687],[108.99383,12.50419],[108.99282,12.50322],[108.99241,12.50215],[108.98987,12.49983],[108.99023,12.49934],[108.99221,12.49834],[108.99368,12.49714],[108.99598,12.49645],[108.99751,12.4941],[108.99592,12.49201],[108.99635,12.49133],[108.99717,12.49127],[108.99688,12.48973],[108.9963,12.48842],[108.99577,12.48621],[108.99455,12.48554],[108.99406,12.48427],[108.99331,12.48376],[108.9878,12.47811],[108.98328,12.47232],[108.98039,12.4692],[108.98189,12.4683],[108.99821,12.46018],[109.00179,12.45858],[109.00919,12.45491],[109.01205,12.4534],[109.00991,12.45844],[109.00994,12.45877],[109.01174,12.46158],[109.01167,12.4634],[109.0135,12.46518],[109.01456,12.4657],[109.02385,12.47076],[109.02396,12.47171],[109.02594,12.47356],[109.02641,12.4747],[109.0248,12.47864],[109.02469,12.47977],[109.02569,12.48096],[109.02899,12.48367],[109.03055,12.48415],[109.03127,12.48399],[109.03237,12.48222],[109.03253,12.48122],[109.03093,12.47967],[109.03061,12.47761],[109.03189,12.47609],[109.03407,12.47503],[109.04191,12.46988],[109.05444,12.46172],[109.05916,12.4651],[109.06329,12.46793],[109.06514,12.46953],[109.06759,12.47068],[109.06882,12.47068],[109.06882,12.46896],[109.06926,12.46824],[109.07192,12.46598],[109.07187,12.4647],[109.07326,12.46169],[109.07453,12.46061],[109.07581,12.46162],[109.07748,12.46233],[109.07941,12.46239],[109.08053,12.4631],[109.0815,12.46326],[109.08195,12.4639],[109.08373,12.46475],[109.08578,12.46415],[109.08567,12.4674],[109.08939,12.46751],[109.09182,12.46787],[109.09233,12.46867],[109.09371,12.46905],[109.09548,12.46869],[109.09694,12.46811],[109.09862,12.4681],[109.09926,12.46875],[109.10111,12.46832],[109.10228,12.46681],[109.10312,12.46689],[109.10374,12.46608],[109.10591,12.46546],[109.1065,12.46503],[109.10914,12.46496],[109.11034,12.46389],[109.11283,12.4642],[109.11638,12.46354],[109.11705,12.46325],[109.1165,12.4595],[109.11765,12.45951],[109.11853,12.45832],[109.11863,12.45755],[109.11965,12.45761],[109.12031,12.4556],[109.12039,12.45458],[109.11939,12.45228],[109.12134,12.4516],[109.12147,12.44716],[109.12295,12.44792],[109.1247,12.44823],[109.12679,12.44577],[109.12755,12.44559],[109.12962,12.44672],[109.1288,12.45012],[109.12833,12.45067],[109.12902,12.45284],[109.12546,12.4538],[109.12488,12.45416],[109.1236,12.45691],[109.12316,12.4573],[109.12356,12.46074],[109.12305,12.4627],[109.12363,12.46457],[109.12301,12.46622],[109.12341,12.46772],[109.1244,12.46812],[109.12588,12.46996],[109.12679,12.46922],[109.12925,12.46904],[109.12926,12.47101],[109.12871,12.47165],[109.12754,12.47127],[109.12613,12.47221],[109.12847,12.47604],[109.12748,12.476],[109.12697,12.47714],[109.1244,12.47978],[109.12387,12.48114],[109.12405,12.48425],[109.12389,12.48812],[109.12356,12.49284],[109.12422,12.49496],[109.12504,12.49609],[109.12695,12.49773],[109.12502,12.50019],[109.12373,12.50019],[109.12038,12.49897],[109.11809,12.49722],[109.11632,12.49724],[109.11452,12.49908],[109.11283,12.49891],[109.1125,12.49823],[109.11235,12.4965],[109.11124,12.49635],[109.1108,12.49817],[109.10964,12.5],[109.10917,12.5002],[109.1077,12.49938],[109.10716,12.49822],[109.10494,12.49639],[109.10459,12.49516],[109.10352,12.49444],[109.10385,12.49311],[109.10305,12.49258],[109.10217,12.49296],[109.10194,12.49403],[109.10235,12.49523],[109.10223,12.49602],[109.10075,12.49792],[109.09749,12.49992],[109.09569,12.49963],[109.0947,12.4988],[109.09354,12.49829],[109.09076,12.49637],[109.08796,12.49522],[109.08765,12.4982],[109.08829,12.49857],[109.08767,12.50165],[109.08673,12.50173],[109.08645,12.50251],[109.08425,12.50378],[109.08346,12.50548],[109.08271,12.5058],[109.08066,12.50515],[109.08008,12.50535],[109.08115,12.50794],[109.08139,12.51028]]]},"properties":{"a01_tinh":"diaphanhanhchinhcaptinh_sn.133","a02_xa":"diaphanhanhchinhcapxa_2025.1114","a03_ten":"Xã Tân Định","a04_tentinh":"Tỉnh Khánh Hòa","a05_truocsn":"Xã Ninh Xuân, Xã Ninh Quang, Xã Ninh Bình","a06_trungtamhc":"UBND xã Ninh Bình","a07_dt":"92.4","a08_ds":"40481","a09_dthoai":null,"a10_web":null,"ten":"Xã Tân Định","ma":"22576","tentinh":"Tỉnh Khánh Hòa","truocsapnhap":"Xã Ninh Xuân, Xã Ninh Quang, Xã Ninh Bình","dientichkm2":null,"dansonguoi":null},"id":"diaphanhanhchinhcapxa_2025.1114"},
{"type":"Feature","geometry":{"type":"Polygon","coordinates":[[[108.8358,12.1394],[108.83389,12.13849],[108.83247,12.13814],[108.83085,12.13681],[108.82753,12.13633],[108.82566,12.13573],[108.82371,12.13595],[108.82312,12.13656],[108.82047,12.13825],[108.81968,12.13932],[108.81882,12.13927],[108.81762,12.13974],[108.81727,12.14027],[108.81744,12.1418],[108.81691,12.14448],[108.81596,12.14503],[108.81539,12.14628],[108.81507,12.14853],[108.81559,12.14961],[108.8154,12.15101],[108.81417,12.15272],[108.81236,12.15333],[108.81065,12.15327],[108.809,12.15378],[108.80668,12.15557],[108.80571,12.1572],[108.80486,12.15758],[108.8011,12.15816],[108.79896,12.15931],[108.79802,12.16033],[108.797,12.15988],[108.79557,12.16002],[108.79501,12.15965],[108.79374,12.16004],[108.79261,12.15934],[108.79105,12.15911],[108.79021,12.15957],[108.79007,12.15695],[108.79027,12.15527],[108.78945,12.15391],[108.78964,12.15242],[108.78938,12.15154],[108.78827,12.14981],[108.78731,12.14574],[108.78772,12.14313],[108.78832,12.14214],[108.78681,12.14033],[108.78648,12.1385],[108.78663,12.13686],[108.78555,12.13429],[108.78562,12.13293],[108.78539,12.13066],[108.78445,12.12877],[108.7844,12.12673],[108.78356,12.12603],[108.78398,12.12406],[108.78397,12.12159],[108.78436,12.12101],[108.78662,12.12034],[108.78756,12.11971],[108.78872,12.11759],[108.7886,12.11595],[108.7892,12.11428],[108.78977,12.11344],[108.79257,12.11225],[108.79289,12.11187],[108.79255,12.11026],[108.7928,12.10844],[108.79372,12.10681],[108.79401,12.10553],[108.79362,12.10231],[108.79434,12.1016],[108.79648,12.10078],[108.79637,12.09899],[108.7972,12.09729],[108.79727,12.09594],[108.79689,12.09547],[108.79419,12.09487],[108.79367,12.09417],[108.7947,12.09065],[108.79448,12.08861],[108.79495,12.08741],[108.79761,12.08676],[108.79918,12.08525],[108.79958,12.084],[108.79931,12.08237],[108.80093,12.08059],[108.8023,12.0768],[108.80216,12.07376],[108.80089,12.07151],[108.80269,12.07004],[108.80423,12.06753],[108.80541,12.06483],[108.80681,12.06267],[108.80705,12.06111],[108.80807,12.05855],[108.8044,12.05498],[108.80408,12.05134],[108.80242,12.05132],[108.80186,12.04905],[108.80235,12.04832],[108.8014,12.04748],[108.80097,12.04664],[108.79895,12.04557],[108.7985,12.04425],[108.79957,12.04458],[108.80081,12.04451],[108.80279,12.04531],[108.8046,12.04553],[108.80702,12.0443],[108.80824,12.04203],[108.80993,12.04201],[108.8113,12.04154],[108.81238,12.04083],[108.81534,12.04081],[108.81674,12.04053],[108.81745,12.04002],[108.81937,12.03934],[108.81903,12.03787],[108.82001,12.03507],[108.82107,12.03419],[108.82134,12.0327],[108.82212,12.03101],[108.82314,12.03117],[108.82764,12.0275],[108.83409,12.02293],[108.83506,12.022],[108.83701,12.02161],[108.83893,12.02163],[108.84344,12.02089],[108.84501,12.02025],[108.84651,12.01933],[108.852,12.01839],[108.85264,12.01768],[108.85409,12.01777],[108.85579,12.01752],[108.85717,12.00809],[108.85646,12.00649],[108.85691,12.00603],[108.85699,12.00444],[108.85796,12.00296],[108.8584,12.00136],[108.85833,12.00024],[108.85759,11.99879],[108.857,11.99687],[108.85771,11.9949],[108.85713,11.9942],[108.85574,11.99043],[108.85453,11.98998],[108.85247,11.98835],[108.85052,11.98631],[108.84794,11.98443],[108.84653,11.98169],[108.84533,11.97991],[108.84665,11.97913],[108.84834,11.97688],[108.84899,11.97533],[108.84921,11.97317],[108.84895,11.96919],[108.84937,11.9659],[108.85147,11.9639],[108.85416,11.96503],[108.85652,11.96519],[108.85742,11.96546],[108.86048,11.96687],[108.86193,11.96731],[108.86515,11.96784],[108.86566,11.96867],[108.86823,11.97427],[108.87069,11.97744],[108.87097,11.97957],[108.87098,11.98249],[108.87158,11.98445],[108.87168,11.98772],[108.87119,11.99021],[108.87075,11.99148],[108.87006,11.99241],[108.86964,11.99382],[108.86775,11.99557],[108.8664,11.99706],[108.86513,11.99806],[108.86564,11.99965],[108.86531,12.00118],[108.86667,12.00314],[108.86843,12.00406],[108.86918,12.00544],[108.87095,12.0062],[108.87152,12.00772],[108.87253,12.00833],[108.87463,12.008],[108.87578,12.00879],[108.8775,12.00899],[108.87824,12.01005],[108.88144,12.01375],[108.88171,12.01557],[108.87993,12.01811],[108.87954,12.01988],[108.87899,12.0208],[108.87767,12.02193],[108.87734,12.02276],[108.87773,12.02342],[108.87901,12.02387],[108.87949,12.02592],[108.8806,12.02669],[108.88198,12.0268],[108.88214,12.02737],[108.88086,12.02969],[108.88171,12.03043],[108.88217,12.03157],[108.88215,12.03338],[108.88291,12.03541],[108.88282,12.03656],[108.88342,12.03781],[108.88434,12.03813],[108.88517,12.03917],[108.88488,12.04027],[108.88323,12.04127],[108.88263,12.043],[108.88133,12.04367],[108.87925,12.04621],[108.8795,12.04788],[108.87873,12.04986],[108.87725,12.05177],[108.87855,12.05174],[108.88008,12.05227],[108.88156,12.05359],[108.88262,12.05423],[108.8858,12.05424],[108.88688,12.05531],[108.88798,12.0574],[108.88942,12.05814],[108.89037,12.05999],[108.89181,12.06125],[108.89317,12.06189],[108.89443,12.06329],[108.89587,12.06612],[108.89622,12.06718],[108.89774,12.06777],[108.89865,12.06756],[108.90081,12.06914],[108.9026,12.06995],[108.90416,12.07108],[108.90314,12.07343],[108.90198,12.07505],[108.90199,12.07638],[108.90147,12.07996],[108.90188,12.08229],[108.90169,12.08388],[108.90111,12.08555],[108.90109,12.08857],[108.90034,12.08997],[108.90068,12.09204],[108.90038,12.09274],[108.8967,12.09797],[108.89419,12.09768],[108.89293,12.09778],[108.89118,12.09692],[108.88883,12.0961],[108.88778,12.09703],[108.88618,12.09798],[108.88442,12.09816],[108.88361,12.101],[108.88187,12.10461],[108.88154,12.10629],[108.88117,12.1068],[108.87934,12.10736],[108.87812,12.10799],[108.87633,12.10662],[108.87434,12.10621],[108.87267,12.10464],[108.87168,12.10422],[108.87033,12.10412],[108.86778,12.10468],[108.86615,12.10633],[108.8648,12.10635],[108.86231,12.10747],[108.86189,12.10933],[108.85994,12.11237],[108.85796,12.1119],[108.85722,12.1112],[108.85427,12.11019],[108.85254,12.11052],[108.85115,12.11255],[108.84849,12.11431],[108.84677,12.11442],[108.84628,12.11492],[108.8452,12.11487],[108.84152,12.11723],[108.84142,12.11795],[108.84046,12.11976],[108.84021,12.12088],[108.83934,12.12186],[108.83916,12.12342],[108.8382,12.12643],[108.83765,12.12871],[108.83754,12.13099],[108.83681,12.1341],[108.83618,12.13514],[108.83628,12.137],[108.83574,12.13847],[108.8358,12.1394]]]},"properties":{"a01_tinh":"diaphanhanhchinhcaptinh_sn.133","a02_xa":"diaphanhanhchinhcapxa_2025.1139","a03_ten":"Xã Tây Khánh Sơn","a04_tentinh":"Tỉnh Khánh Hòa","a05_truocsn":"Xã Sơn Lâm, Xã Thành Sơn","a06_trungtamhc":"UBND xã Sơn Lâm","a07_dt":"125.6","a08_ds":"7847","a09_dthoai":null,"a10_web":null,"ten":"Xã Tây Khánh Sơn","ma":"22720","tentinh":"Tỉnh Khánh Hòa","truocsapnhap":"Xã Sơn Lâm, Xã Thành Sơn","dientichkm2":null,"dansonguoi":null},"id":"diaphanhanhchinhcapxa_2025.1139"},
{"type":"Feature","geometry":{"type":"Polygon","coordinates":[[[108.93441,12.31633],[108.93207,12.31613],[108.92967,12.31563],[108.92781,12.31591],[108.92734,12.31695],[108.92466,12.31854],[108.92323,12.31843],[108.92227,12.31916],[108.92135,12.31877],[108.92059,12.31912],[108.90552,12.31348],[108.90247,12.30946],[108.90141,12.30921],[108.89143,12.31177],[108.88525,12.31322],[108.87458,12.31531],[108.87261,12.31509],[108.86902,12.31435],[108.86781,12.31505],[108.86622,12.31552],[108.86567,12.31716],[108.86468,12.3183],[108.86331,12.3187],[108.86178,12.31801],[108.85961,12.31567],[108.85703,12.3152],[108.85577,12.31464],[108.85406,12.31465],[108.85213,12.31548],[108.85182,12.31668],[108.85087,12.31785],[108.84995,12.32073],[108.84855,12.32117],[108.84803,12.32224],[108.8468,12.32372],[108.84526,12.32505],[108.8436,12.32513],[108.84296,12.32571],[108.84167,12.32601],[108.84343,12.32718],[108.84351,12.32871],[108.84583,12.33093],[108.8466,12.33198],[108.84607,12.3334],[108.84432,12.33462],[108.84393,12.3356],[108.84237,12.33668],[108.84198,12.33738],[108.8408,12.33827],[108.84042,12.33937],[108.84036,12.3409],[108.83797,12.34183],[108.83713,12.34305],[108.83457,12.34252],[108.83347,12.34313],[108.83259,12.34248],[108.82944,12.34273],[108.82805,12.34344],[108.8273,12.34449],[108.82512,12.34512],[108.82446,12.34558],[108.82452,12.34692],[108.82268,12.3471],[108.82156,12.34932],[108.82128,12.3523],[108.81893,12.35388],[108.81867,12.35496],[108.8187,12.35658],[108.81832,12.35728],[108.81845,12.35887],[108.8176,12.35955],[108.81598,12.36135],[108.81477,12.36204],[108.81307,12.36235],[108.81291,12.36369],[108.8116,12.36513],[108.81071,12.36575],[108.80867,12.36943],[108.80739,12.36925],[108.80654,12.37009],[108.80638,12.37147],[108.80455,12.37285],[108.80221,12.37397],[108.80042,12.37416],[108.79866,12.37543],[108.78952,12.37607],[108.78862,12.37849],[108.78693,12.38035],[108.78423,12.38206],[108.78036,12.38394],[108.77822,12.38472],[108.77621,12.38392],[108.77441,12.38368],[108.77246,12.38285],[108.77157,12.38178],[108.76853,12.38246],[108.76425,12.38489],[108.76192,12.38489],[108.76037,12.38633],[108.75875,12.38845],[108.75817,12.39024],[108.75837,12.39272],[108.75626,12.3942],[108.7559,12.39503],[108.75666,12.39683],[108.7558,12.39768],[108.75359,12.39837],[108.75162,12.39787],[108.75083,12.39866],[108.74903,12.39924],[108.7477,12.39921],[108.74654,12.39863],[108.7435,12.39904],[108.74254,12.39894],[108.74113,12.39927],[108.73903,12.39911],[108.7375,12.39835],[108.73538,12.39886],[108.73405,12.3994],[108.73193,12.39882],[108.73032,12.39935],[108.72925,12.39929],[108.7282,12.39866],[108.72667,12.39846],[108.72471,12.39879],[108.72405,12.3984],[108.72256,12.39674],[108.72203,12.39572],[108.72124,12.39321],[108.71956,12.39238],[108.71914,12.39141],[108.71767,12.38978],[108.71607,12.38872],[108.71426,12.38624],[108.713,12.386],[108.71038,12.38693],[108.70863,12.38692],[108.70673,12.38884],[108.70602,12.38904],[108.70497,12.38866],[108.7035,12.38909],[108.70284,12.3901],[108.70163,12.39051],[108.70096,12.39126],[108.69983,12.39085],[108.69812,12.39071],[108.69631,12.39155],[108.69448,12.39325],[108.6937,12.39229],[108.69107,12.39121],[108.68962,12.39156],[108.68779,12.39163],[108.68584,12.39246],[108.68556,12.3932],[108.68412,12.3943],[108.68316,12.39437],[108.68214,12.3935],[108.6806,12.39425],[108.67871,12.39429],[108.67636,12.39497],[108.67805,12.39262],[108.68128,12.39109],[108.68415,12.39097],[108.68488,12.39044],[108.68587,12.38827],[108.68593,12.38701],[108.68515,12.38541],[108.68514,12.38404],[108.68546,12.38308],[108.68404,12.38178],[108.68275,12.3812],[108.68271,12.37983],[108.68332,12.37923],[108.68538,12.37889],[108.68754,12.37812],[108.68844,12.37628],[108.68852,12.3747],[108.68927,12.37373],[108.68911,12.3717],[108.68786,12.37072],[108.68698,12.36958],[108.68729,12.36787],[108.68779,12.36727],[108.68696,12.36569],[108.6875,12.36426],[108.6862,12.36217],[108.68518,12.36135],[108.68288,12.36123],[108.68226,12.36004],[108.68135,12.35928],[108.68026,12.35665],[108.68012,12.35564],[108.67916,12.35529],[108.6787,12.3545],[108.67791,12.35028],[108.67681,12.34816],[108.67777,12.34498],[108.67736,12.34376],[108.67796,12.34292],[108.67815,12.34175],[108.6803,12.34006],[108.68014,12.33782],[108.68093,12.33697],[108.68185,12.33447],[108.68281,12.3339],[108.68306,12.33049],[108.68269,12.32915],[108.68331,12.32788],[108.68282,12.32719],[108.68274,12.32515],[108.68328,12.32403],[108.68523,12.32293],[108.6843,12.3226],[108.68338,12.3214],[108.68026,12.31959],[108.67971,12.31895],[108.67938,12.31732],[108.67995,12.31624],[108.68246,12.31718],[108.68559,12.31681],[108.68931,12.31573],[108.68894,12.31364],[108.69013,12.31105],[108.69143,12.31263],[108.69367,12.3122],[108.69437,12.31133],[108.69504,12.30913],[108.69746,12.30958],[108.69933,12.30933],[108.70003,12.30814],[108.70154,12.30728],[108.70201,12.30662],[108.70199,12.30443],[108.70317,12.30437],[108.70424,12.3033],[108.70514,12.30115],[108.70644,12.30016],[108.70743,12.29888],[108.70727,12.29826],[108.70624,12.29753],[108.70478,12.29757],[108.7033,12.2971],[108.70342,12.29526],[108.70413,12.2939],[108.70356,12.29229],[108.7013,12.29057],[108.70155,12.28971],[108.70107,12.28739],[108.70256,12.28388],[108.70204,12.28167],[108.70257,12.27891],[108.70328,12.27738],[108.70214,12.27607],[108.70172,12.27413],[108.70204,12.27307],[108.70381,12.27048],[108.70536,12.26878],[108.70364,12.26734],[108.70238,12.26514],[108.70235,12.26384],[108.70293,12.26267],[108.70413,12.2592],[108.70417,12.25855],[108.70509,12.2569],[108.70593,12.25428],[108.70552,12.2521],[108.70432,12.25138],[108.7024,12.24911],[108.70187,12.24719],[108.69961,12.24541],[108.70018,12.244],[108.70115,12.24283],[108.7013,12.24103],[108.70175,12.23932],[108.70179,12.23746],[108.70284,12.23661],[108.70317,12.23558],[108.7044,12.23513],[108.70551,12.23423],[108.70676,12.23195],[108.70788,12.23185],[108.70952,12.23007],[108.71136,12.22952],[108.71332,12.22948],[108.71383,12.22916],[108.71577,12.22575],[108.71626,12.22543],[108.71814,12.22554],[108.71934,12.22402],[108.7193,12.2221],[108.71975,12.22106],[108.72222,12.21795],[108.7246,12.21789],[108.72592,12.21805],[108.7307,12.21729],[108.7322,12.21725],[108.73334,12.21788],[108.73478,12.22026],[108.73674,12.22212],[108.73833,12.22218],[108.73954,12.22268],[108.74131,12.223],[108.7423,12.22291],[108.74455,12.22186],[108.74612,12.22215],[108.74726,12.22285],[108.74844,12.22315],[108.75023,12.22438],[108.75178,12.22584],[108.75294,12.2259],[108.75478,12.22711],[108.75575,12.22742],[108.7575,12.22722],[108.75958,12.22963],[108.76083,12.2327],[108.76185,12.23426],[108.76411,12.23703],[108.76528,12.23791],[108.7674,12.23815],[108.76874,12.23768],[108.77064,12.23877],[108.77203,12.24016],[108.77466,12.24092],[108.77634,12.24167],[108.78028,12.24],[108.78179,12.2398],[108.78304,12.2391],[108.78605,12.23864],[108.78728,12.23811],[108.78889,12.238],[108.791,12.24004],[108.79288,12.24101],[108.79388,12.24219],[108.79502,12.24302],[108.79625,12.24286],[108.79801,12.24483],[108.7981,12.24535],[108.79964,12.24762],[108.80049,12.24821],[108.80147,12.24971],[108.8047,12.25156],[108.80521,12.25287],[108.80602,12.25332],[108.80603,12.25416],[108.80779,12.25432],[108.80943,12.25581],[108.81135,12.25708],[108.81263,12.25681],[108.81357,12.25727],[108.8136,12.25988],[108.81322,12.26057],[108.81305,12.26224],[108.81397,12.2656],[108.81386,12.26755],[108.81333,12.26998],[108.81358,12.27056],[108.81555,12.27069],[108.81804,12.27154],[108.82229,12.26934],[108.82472,12.26904],[108.82694,12.26792],[108.82922,12.26834],[108.83099,12.26838],[108.83252,12.26782],[108.8333,12.26853],[108.83403,12.26991],[108.83475,12.27035],[108.83645,12.27073],[108.83786,12.27056],[108.83837,12.27178],[108.83709,12.27286],[108.83664,12.27363],[108.83691,12.27452],[108.83787,12.2747],[108.84074,12.27318],[108.84221,12.27398],[108.8434,12.27405],[108.84541,12.27324],[108.84722,12.27097],[108.84732,12.27011],[108.84815,12.26965],[108.84844,12.27256],[108.85014,12.27317],[108.84984,12.27424],[108.84891,12.27584],[108.84993,12.27639],[108.85208,12.27889],[108.85348,12.28023],[108.8548,12.27914],[108.85648,12.28262],[108.85772,12.28237],[108.85777,12.2816],[108.85711,12.28077],[108.85729,12.27831],[108.8582,12.2776],[108.85882,12.27568],[108.85979,12.27563],[108.86085,12.27489],[108.8622,12.27497],[108.86272,12.27429],[108.86284,12.27283],[108.86437,12.27097],[108.86451,12.27012],[108.86538,12.26888],[108.86559,12.26775],[108.86779,12.2681],[108.86805,12.26872],[108.86718,12.27023],[108.86742,12.27154],[108.86935,12.27255],[108.87271,12.27187],[108.87328,12.27229],[108.87345,12.27333],[108.87463,12.2742],[108.87477,12.27482],[108.87387,12.27612],[108.87367,12.27759],[108.87472,12.27787],[108.87841,12.27672],[108.87931,12.27678],[108.88271,12.27802],[108.88362,12.27807],[108.88671,12.27776],[108.88802,12.27703],[108.88796,12.27522],[108.8885,12.27445],[108.88945,12.27409],[108.89136,12.27424],[108.89578,12.27627],[108.89816,12.2779],[108.90014,12.2784],[108.9018,12.27753],[108.90304,12.2776],[108.90427,12.27862],[108.90448,12.27968],[108.90389,12.28064],[108.90211,12.28197],[108.90065,12.28392],[108.90308,12.28628],[108.90282,12.28788],[108.90426,12.28873],[108.90565,12.28907],[108.90864,12.28931],[108.90988,12.28827],[108.91034,12.28682],[108.91119,12.28537],[108.91327,12.28525],[108.91464,12.28612],[108.91701,12.28582],[108.91754,12.28494],[108.91869,12.28406],[108.91966,12.28392],[108.92088,12.28446],[108.92202,12.28536],[108.92303,12.28522],[108.92331,12.28394],[108.92477,12.2831],[108.92568,12.28294],[108.92739,12.28321],[108.92877,12.28426],[108.93088,12.28405],[108.93321,12.28467],[108.93512,12.28678],[108.93732,12.28649],[108.94079,12.28534],[108.94175,12.28522],[108.94252,12.28571],[108.94236,12.28778],[108.94268,12.28842],[108.94321,12.29609],[108.94352,12.29941],[108.94308,12.30176],[108.94332,12.30297],[108.94474,12.30335],[108.94544,12.30413],[108.94533,12.30498],[108.94596,12.30621],[108.94697,12.3064],[108.94723,12.30828],[108.94864,12.30978],[108.94953,12.31159],[108.95161,12.31335],[108.95072,12.3144],[108.94908,12.31573],[108.94705,12.31581],[108.9457,12.31669],[108.94358,12.31712],[108.94061,12.31694],[108.94015,12.31647],[108.9367,12.31516],[108.93624,12.3158],[108.93441,12.31633]]]},"properties":{"a01_tinh":"diaphanhanhchinhcaptinh_sn.133","a02_xa":"diaphanhanhchinhcapxa_2025.1117","a03_ten":"Xã Tây Khánh Vĩnh","a04_tentinh":"Tỉnh Khánh Hòa","a05_truocsn":"Xã Giang Ly, Xã Khánh Thượng, Xã Khánh Nam","a06_trungtamhc":"UBND xã Khánh Thượng","a07_dt":"294.3","a08_ds":"7357","a09_dthoai":null,"a10_web":null,"ten":"Xã Tây Khánh Vĩnh","ma":"22624","tentinh":"Tỉnh Khánh Hòa","truocsapnhap":"Xã Giang Ly, Xã Khánh Thượng, Xã Khánh Nam","dientichkm2":null,"dansonguoi":null},"id":"diaphanhanhchinhcapxa_2025.1117"},
{"type":"Feature","geometry":{"type":"Polygon","coordinates":[[[108.97823,12.68206],[108.97613,12.68311],[108.97381,12.68341],[108.97124,12.68313],[108.97076,12.68366],[108.96943,12.68415],[108.96777,12.68438],[108.9671,12.68554],[108.96577,12.68562],[108.96407,12.68444],[108.96293,12.68401],[108.96065,12.68408],[108.95868,12.68486],[108.95788,12.68546],[108.95748,12.68647],[108.9555,12.6872],[108.95402,12.68523],[108.95337,12.684],[108.95231,12.68284],[108.95208,12.68215],[108.95077,12.68042],[108.94886,12.67908],[108.94712,12.6776],[108.94659,12.67505],[108.9462,12.67411],[108.94497,12.67282],[108.94351,12.67192],[108.94331,12.6706],[108.94229,12.66907],[108.9418,12.66596],[108.94038,12.66453],[108.93973,12.66328],[108.93962,12.66199],[108.93892,12.66103],[108.93751,12.65989],[108.93768,12.65669],[108.93835,12.65458],[108.94011,12.65277],[108.93995,12.6506],[108.94071,12.6488],[108.94086,12.6473],[108.93953,12.64734],[108.93784,12.64773],[108.9369,12.6484],[108.93605,12.64826],[108.93413,12.64577],[108.93277,12.64487],[108.93135,12.64345],[108.9301,12.64351],[108.92899,12.64319],[108.92684,12.64135],[108.92697,12.64056],[108.92609,12.64007],[108.92477,12.64093],[108.92337,12.64122],[108.921,12.64049],[108.92031,12.63849],[108.91836,12.63789],[108.91681,12.63856],[108.91538,12.63854],[108.91424,12.63945],[108.91278,12.64003],[108.91082,12.63977],[108.90814,12.63898],[108.90616,12.63693],[108.90572,12.63497],[108.90423,12.63382],[108.90349,12.63286],[108.90126,12.63096],[108.90023,12.62984],[108.89934,12.62805],[108.89745,12.62688],[108.8963,12.62503],[108.8983,12.62523],[108.899,12.62571],[108.90063,12.62395],[108.90257,12.62356],[108.90385,12.62215],[108.90547,12.62192],[108.90603,12.6214],[108.90611,12.61954],[108.90673,12.6185],[108.90764,12.6181],[108.90794,12.61734],[108.90984,12.61582],[108.91087,12.61352],[108.91259,12.61219],[108.91333,12.60968],[108.91518,12.60783],[108.91752,12.60414],[108.91773,12.60346],[108.91713,12.60239],[108.91706,12.60144],[108.91796,12.60047],[108.91901,12.60003],[108.91688,12.59828],[108.91623,12.59825],[108.9132,12.59492],[108.9112,12.5938],[108.91034,12.592],[108.90925,12.59163],[108.90772,12.59028],[108.90505,12.58621],[108.90334,12.58551],[108.90092,12.58323],[108.90046,12.58223],[108.89767,12.5819],[108.89437,12.58062],[108.89315,12.5806],[108.89227,12.58007],[108.89096,12.57588],[108.89207,12.57538],[108.89348,12.57538],[108.89444,12.57499],[108.89475,12.57363],[108.89414,12.57304],[108.89319,12.57121],[108.89334,12.56927],[108.89304,12.56794],[108.89381,12.56673],[108.89593,12.56454],[108.89631,12.56356],[108.89464,12.56241],[108.89327,12.56046],[108.89248,12.55684],[108.89276,12.55597],[108.89272,12.55444],[108.89308,12.55299],[108.89263,12.55186],[108.89286,12.5499],[108.89188,12.5488],[108.89158,12.54762],[108.89,12.54527],[108.88828,12.54455],[108.88746,12.54462],[108.88507,12.54323],[108.8828,12.54121],[108.88175,12.53984],[108.88019,12.53851],[108.87893,12.53601],[108.87742,12.53176],[108.87568,12.5303],[108.87399,12.52745],[108.87315,12.52643],[108.87274,12.52538],[108.87315,12.5249],[108.87278,12.52333],[108.87302,12.52221],[108.87401,12.52111],[108.87417,12.51984],[108.87561,12.5178],[108.87658,12.51748],[108.87738,12.51522],[108.87811,12.51417],[108.87765,12.51328],[108.87633,12.51326],[108.87566,12.51407],[108.87458,12.51434],[108.87341,12.51327],[108.87332,12.51242],[108.87207,12.51053],[108.872,12.50924],[108.87316,12.509],[108.8732,12.50802],[108.87272,12.50615],[108.87147,12.50556],[108.87526,12.49761],[108.87715,12.49742],[108.87812,12.498],[108.87929,12.49729],[108.88109,12.49547],[108.88238,12.49648],[108.88381,12.49563],[108.88406,12.49394],[108.88627,12.49376],[108.88691,12.49232],[108.88807,12.49173],[108.8884,12.49079],[108.89061,12.49019],[108.89309,12.49],[108.89549,12.49141],[108.89729,12.48985],[108.89829,12.48874],[108.91502,12.48744],[108.91658,12.48656],[108.91715,12.48548],[108.91798,12.48545],[108.91939,12.48436],[108.9216,12.48459],[108.92407,12.48165],[108.9238,12.48045],[108.92388,12.47908],[108.92591,12.47724],[108.92661,12.47564],[108.92996,12.47302],[108.92893,12.47173],[108.92876,12.4696],[108.92818,12.46801],[108.9286,12.46682],[108.9294,12.46636],[108.93278,12.46583],[108.93503,12.46567],[108.93692,12.46359],[108.93938,12.46302],[108.94086,12.46289],[108.94323,12.46218],[108.94463,12.46127],[108.94614,12.46136],[108.94801,12.46201],[108.9506,12.46143],[108.95274,12.46166],[108.95561,12.46315],[108.95976,12.46303],[108.96243,12.46227],[108.9636,12.46309],[108.9649,12.4635],[108.96904,12.4637],[108.97005,12.46452],[108.97108,12.46477],[108.97228,12.46452],[108.97414,12.46633],[108.97498,12.46757],[108.97793,12.46899],[108.98039,12.4692],[108.98328,12.47232],[108.9878,12.47811],[108.99331,12.48376],[108.99406,12.48427],[108.99455,12.48554],[108.99577,12.48621],[108.9963,12.48842],[108.99688,12.48973],[108.99717,12.49127],[108.99635,12.49133],[108.99592,12.49201],[108.99751,12.4941],[108.99598,12.49645],[108.99368,12.49714],[108.99221,12.49834],[108.99023,12.49934],[108.98987,12.49983],[108.99241,12.50215],[108.99282,12.50322],[108.99383,12.50419],[108.99546,12.50687],[108.99728,12.50779],[108.99803,12.50873],[108.99862,12.51068],[108.99882,12.51228],[109.00005,12.51516],[109.00007,12.5159],[109.00095,12.51704],[109.00154,12.51832],[109.00434,12.51811],[109.0088,12.51824],[109.00972,12.51878],[109.01177,12.51931],[109.01207,12.52013],[109.01297,12.52077],[109.0148,12.52059],[109.01468,12.51948],[109.01525,12.5171],[109.01519,12.51539],[109.01653,12.51602],[109.01747,12.51609],[109.0198,12.51577],[109.02101,12.51493],[109.02172,12.51521],[109.02324,12.51694],[109.02399,12.51945],[109.02593,12.52208],[109.02379,12.52551],[109.01938,12.52709],[109.02136,12.52938],[109.02231,12.53223],[109.02238,12.53381],[109.02439,12.53294],[109.02485,12.53346],[109.02601,12.53181],[109.0258,12.53002],[109.02661,12.53001],[109.02718,12.53082],[109.02904,12.53046],[109.03006,12.53097],[109.03435,12.53889],[109.034,12.53986],[109.03495,12.54181],[109.03454,12.54356],[109.03465,12.54497],[109.03511,12.54669],[109.03485,12.54811],[109.03583,12.54885],[109.03143,12.55429],[109.03258,12.5559],[109.03353,12.55663],[109.03464,12.55819],[109.03808,12.56147],[109.04074,12.56434],[109.03657,12.578],[109.02791,12.59384],[109.01968,12.62134],[109.01895,12.62626],[109.01749,12.62806],[109.01562,12.6309],[109.01341,12.63078],[109.0117,12.6326],[109.01136,12.63446],[109.01013,12.63733],[109.00847,12.63755],[109.00766,12.63851],[109.00374,12.63893],[109.0023,12.64104],[109.00145,12.64307],[109.00157,12.64483],[109.00044,12.64587],[108.9997,12.64594],[108.99584,12.64795],[108.99428,12.64797],[108.99142,12.64884],[108.98967,12.6481],[108.98907,12.64836],[108.98262,12.65205],[108.98275,12.6535],[108.98329,12.65427],[108.98293,12.65536],[108.98294,12.65699],[108.98252,12.65792],[108.98302,12.65951],[108.98296,12.66072],[108.98383,12.66194],[108.98508,12.66282],[108.98553,12.66668],[108.98428,12.66756],[108.98441,12.66969],[108.98405,12.67231],[108.98347,12.67336],[108.98452,12.67526],[108.98329,12.67736],[108.98141,12.67716],[108.98042,12.67776],[108.98,12.67967],[108.97893,12.68067],[108.97823,12.68206]]]},"properties":{"a01_tinh":"diaphanhanhchinhcaptinh_sn.133","a02_xa":"diaphanhanhchinhcapxa_2025.1111","a03_ten":"Xã Tây Ninh Hòa","a04_tentinh":"Tỉnh Khánh Hòa","a05_truocsn":"Xã Ninh Tây, Xã Ninh Sim","a06_trungtamhc":"UBND xã Ninh Sim","a07_dt":"275.9","a08_ds":"1754","a09_dthoai":null,"a10_web":null,"ten":"Xã Tây Ninh Hòa","ma":"22552","tentinh":"Tỉnh Khánh Hòa","truocsapnhap":"Xã Ninh Tây, Xã Ninh Sim","dientichkm2":null,"dansonguoi":null},"id":"diaphanhanhchinhcapxa_2025.1111"},
{"type":"Feature","geometry":{"type":"Polygon","coordinates":[[[109.11335,11.74819],[109.11137,11.75405],[109.10565,11.76732],[109.08566,11.76928],[109.07439,11.76286],[109.05423,11.77173],[109.05327,11.77324],[109.05126,11.77412],[109.04972,11.77589],[109.04823,11.77569],[109.04587,11.77693],[109.04406,11.7788],[109.0437,11.77979],[109.04203,11.78074],[109.04076,11.7811],[109.03946,11.78348],[109.03789,11.78395],[109.03643,11.78524],[109.03405,11.78517],[109.0324,11.78476],[109.03101,11.78528],[109.02882,11.78465],[109.0252,11.78495],[109.02371,11.78591],[109.02292,11.78684],[109.02154,11.78766],[109.02052,11.78743],[109.01908,11.78783],[109.01873,11.78858],[109.01671,11.78906],[109.01608,11.78986],[109.01343,11.78992],[109.013,11.79167],[109.01224,11.79238],[109.01232,11.79304],[109.01037,11.79353],[109.00972,11.79418],[109.00802,11.79436],[109.00769,11.79374],[109.00609,11.79333],[109.00521,11.79276],[109.00234,11.79344],[109.00203,11.79312],[109.00049,11.79326],[108.99859,11.79299],[108.99644,11.79113],[108.99416,11.79009],[108.99237,11.78817],[108.99148,11.78767],[108.99089,11.78644],[108.99027,11.786],[108.9898,11.78503],[108.99083,11.78315],[108.99056,11.78148],[108.98945,11.77911],[108.98805,11.77738],[108.98716,11.77698],[108.98645,11.77542],[108.98525,11.77426],[108.9838,11.77202],[108.9831,11.77151],[108.98319,11.76855],[108.98236,11.76562],[108.98149,11.76484],[108.98079,11.76291],[108.9807,11.76149],[108.97917,11.76065],[108.97856,11.75942],[108.97643,11.75808],[108.97591,11.75727],[108.97466,11.75679],[108.97247,11.75558],[108.97088,11.75547],[108.96784,11.75352],[108.98869,11.73123],[108.98778,11.72923],[108.9867,11.72905],[108.98468,11.72799],[108.98266,11.72718],[108.98226,11.72647],[108.98204,11.72439],[108.98098,11.7221],[108.98265,11.72067],[108.98377,11.72013],[108.9863,11.72024],[108.98763,11.7193],[108.99044,11.71843],[108.99166,11.71834],[108.99381,11.71912],[108.99433,11.70779],[108.99491,11.70671],[108.99486,11.7059],[108.99544,11.70487],[108.99552,11.70391],[108.99933,11.68853],[108.99983,11.68721],[109.00175,11.68638],[109.00206,11.68519],[109.00287,11.68474],[109.0027,11.68279],[109.00305,11.68237],[109.00308,11.68032],[109.00369,11.67909],[109.004,11.67772],[109.00467,11.67733],[109.0043,11.67456],[109.00525,11.67363],[109.00547,11.67167],[109.00585,11.67128],[109.00876,11.66948],[109.00994,11.6683],[109.01062,11.66672],[109.01071,11.66574],[109.01174,11.6648],[109.01259,11.66466],[109.01348,11.66558],[109.01452,11.66521],[109.01538,11.66402],[109.01791,11.66397],[109.019,11.66259],[109.02027,11.66228],[109.02184,11.66147],[109.02255,11.66299],[109.02368,11.6627],[109.02408,11.66376],[109.02778,11.66127],[109.02809,11.66209],[109.03009,11.66561],[109.03073,11.66713],[109.03157,11.66729],[109.03355,11.66473],[109.03564,11.66395],[109.03704,11.66665],[109.03814,11.66727],[109.03783,11.66438],[109.03722,11.6627],[109.03847,11.66222],[109.04051,11.66206],[109.04157,11.66391],[109.04067,11.66489],[109.04104,11.66635],[109.04079,11.66698],[109.04251,11.67231],[109.04388,11.67415],[109.04569,11.67584],[109.04636,11.67599],[109.04712,11.67744],[109.04829,11.67832],[109.04941,11.67994],[109.0501,11.6802],[109.0504,11.68141],[109.05111,11.68216],[109.05149,11.68384],[109.05085,11.685],[109.05127,11.68618],[109.05116,11.6884],[109.04997,11.68918],[109.05155,11.69064],[109.05402,11.69431],[109.05439,11.69312],[109.05502,11.69246],[109.05677,11.6917],[109.05771,11.69052],[109.05856,11.6904],[109.05747,11.68826],[109.0581,11.68759],[109.05888,11.68782],[109.05943,11.68996],[109.06012,11.69115],[109.06062,11.68975],[109.06325,11.68947],[109.07268,11.67782],[109.08624,11.69276],[109.09073,11.69733],[109.0916,11.69832],[109.09093,11.69952],[109.08698,11.70363],[109.08564,11.70548],[109.08534,11.70632],[109.08488,11.7105],[109.08449,11.71243],[109.08586,11.7125],[109.08672,11.7138],[109.08844,11.71465],[109.08962,11.71471],[109.09085,11.71568],[109.09207,11.716],[109.09386,11.71706],[109.09562,11.71918],[109.09793,11.72094],[109.099,11.72289],[109.10142,11.72391],[109.10362,11.72519],[109.10491,11.72634],[109.10667,11.72655],[109.10718,11.72698],[109.1083,11.72887],[109.11054,11.72958],[109.11085,11.73031],[109.11188,11.73083],[109.11296,11.73234],[109.11295,11.73325],[109.11358,11.73421],[109.11314,11.73599],[109.11345,11.73806],[109.11364,11.74416],[109.11335,11.74819]]]},"properties":{"a01_tinh":"diaphanhanhchinhcaptinh_sn.133","a02_xa":"diaphanhanhchinhcapxa_2025.1153","a03_ten":"Xã Thuận Bắc","a04_tentinh":"Tỉnh Khánh Hòa","a05_truocsn":"Xã Bắc Phong, Xã Phước Kháng, Xã Lợi Hải","a06_trungtamhc":"UBND huyện Thuận Bắc ","a07_dt":"137.2","a08_ds":"25744","a09_dthoai":null,"a10_web":null,"ten":"Xã Thuận Bắc","ma":"22849","tentinh":"Tỉnh Khánh Hòa","truocsapnhap":"Xã Bắc Phong, Xã Phước Kháng, Xã Lợi Hải","dientichkm2":null,"dansonguoi":null},"id":"diaphanhanhchinhcapxa_2025.1153"},
{"type":"Feature","geometry":{"type":"Polygon","coordinates":[[[108.96264,11.47552],[108.96185,11.47583],[108.96129,11.47572],[108.95731,11.47266],[108.95321,11.47631],[108.95192,11.47655],[108.95138,11.47659],[108.94766,11.47722],[108.94988,11.48187],[108.95181,11.48199],[108.95321,11.48179],[108.95428,11.48312],[108.95319,11.48408],[108.95345,11.4848],[108.95285,11.48586],[108.95082,11.48688],[108.95057,11.48635],[108.94916,11.48668],[108.94728,11.48799],[108.94811,11.49133],[108.9449,11.49285],[108.94492,11.49352],[108.94416,11.49418],[108.94426,11.49487],[108.94227,11.49559],[108.9419,11.49457],[108.94071,11.49456],[108.93924,11.4954],[108.93929,11.49606],[108.93791,11.49653],[108.93916,11.49757],[108.94073,11.49765],[108.94095,11.49897],[108.94033,11.49936],[108.93598,11.49993],[108.93474,11.50302],[108.9356,11.50547],[108.93368,11.50607],[108.9334,11.50538],[108.93233,11.50617],[108.93071,11.50812],[108.92742,11.50986],[108.92723,11.50899],[108.92649,11.50895],[108.92364,11.50978],[108.92078,11.51039],[108.91934,11.51104],[108.91796,11.5105],[108.91838,11.5117],[108.91666,11.51227],[108.91598,11.51105],[108.91459,11.51177],[108.91236,11.51234],[108.91113,11.51169],[108.91082,11.50938],[108.91013,11.50701],[108.90907,11.50535],[108.90831,11.50519],[108.9077,11.50592],[108.90705,11.5048],[108.90744,11.50322],[108.90897,11.50213],[108.90932,11.50112],[108.90867,11.49989],[108.90725,11.49863],[108.90591,11.49796],[108.90437,11.49653],[108.90198,11.49322],[108.89952,11.49003],[108.8972,11.4873],[108.89661,11.48518],[108.89592,11.48442],[108.89435,11.48447],[108.89137,11.48426],[108.89003,11.48439],[108.88872,11.48419],[108.88704,11.48478],[108.88516,11.48619],[108.88403,11.48592],[108.88263,11.48427],[108.88257,11.48249],[108.88135,11.48147],[108.88034,11.47934],[108.87847,11.48055],[108.87716,11.48196],[108.87655,11.48373],[108.87511,11.48526],[108.87398,11.48571],[108.87277,11.48698],[108.87184,11.48723],[108.87066,11.48706],[108.86644,11.48754],[108.86457,11.48644],[108.8643,11.48686],[108.86402,11.48551],[108.86185,11.48424],[108.85921,11.48229],[108.85803,11.4809],[108.85562,11.48012],[108.85377,11.47918],[108.85274,11.47952],[108.85162,11.47699],[108.85073,11.47593],[108.84971,11.47315],[108.84855,11.4709],[108.84858,11.46932],[108.84823,11.46726],[108.8471,11.46502],[108.84851,11.4647],[108.84785,11.46251],[108.84707,11.46089],[108.84584,11.45895],[108.84501,11.45888],[108.84454,11.45997],[108.84236,11.45764],[108.84104,11.45656],[108.83935,11.45295],[108.83843,11.45141],[108.8385,11.45025],[108.83769,11.449],[108.83657,11.44558],[108.83477,11.44217],[108.83472,11.44046],[108.83497,11.4394],[108.83283,11.43632],[108.83172,11.43372],[108.83032,11.43127],[108.82931,11.42853],[108.82834,11.4268],[108.82806,11.42528],[108.82672,11.42239],[108.82577,11.4211],[108.82397,11.41694],[108.82288,11.41384],[108.82186,11.41202],[108.82103,11.40981],[108.81962,11.40782],[108.81763,11.40639],[108.81546,11.40345],[108.81242,11.39982],[108.81204,11.39915],[108.80157,11.3833],[108.84396,11.37707],[108.84499,11.37812],[108.84713,11.37829],[108.84885,11.37944],[108.85147,11.37907],[108.85574,11.37989],[108.8565,11.38105],[108.85869,11.38061],[108.85986,11.37997],[108.86312,11.37916],[108.86673,11.37763],[108.86871,11.37763],[108.8701,11.37735],[108.87187,11.37759],[108.87348,11.38061],[108.87553,11.38138],[108.87717,11.38076],[108.87997,11.38097],[108.88089,11.37997],[108.88107,11.37886],[108.88413,11.37576],[108.88488,11.3772],[108.8866,11.37616],[108.88758,11.37801],[108.88883,11.37841],[108.89034,11.38094],[108.89115,11.38187],[108.89261,11.382],[108.89411,11.38164],[108.89574,11.38212],[108.89647,11.38204],[108.89872,11.38244],[108.90035,11.38245],[108.90146,11.38286],[108.90317,11.38392],[108.90393,11.38397],[108.90998,11.38133],[108.90978,11.38417],[108.91003,11.3855],[108.91201,11.38646],[108.91314,11.38671],[108.91436,11.3874],[108.9151,11.38851],[108.9161,11.38923],[108.9167,11.3906],[108.91778,11.39154],[108.92057,11.39285],[108.92157,11.39382],[108.92243,11.39545],[108.92263,11.39739],[108.92178,11.39879],[108.92173,11.3994],[108.92255,11.40136],[108.92159,11.40191],[108.9207,11.40329],[108.92128,11.40515],[108.92055,11.40645],[108.9204,11.4107],[108.91972,11.41219],[108.91869,11.41311],[108.91821,11.41634],[108.9189,11.41817],[108.91788,11.42072],[108.91837,11.42244],[108.91913,11.42275],[108.91956,11.42381],[108.92005,11.42653],[108.91983,11.42761],[108.92127,11.42916],[108.92226,11.43225],[108.92297,11.43307],[108.92288,11.43384],[108.92365,11.43494],[108.92628,11.43707],[108.9275,11.43876],[108.92832,11.43926],[108.93085,11.44206],[108.93175,11.44522],[108.93235,11.44647],[108.93409,11.44466],[108.93578,11.4437],[108.93763,11.44339],[108.93955,11.44257],[108.94113,11.44241],[108.94287,11.44279],[108.94372,11.44428],[108.94479,11.44519],[108.94622,11.44576],[108.94644,11.44669],[108.94778,11.4474],[108.94812,11.44911],[108.94872,11.44974],[108.94889,11.45093],[108.95009,11.45149],[108.95058,11.45217],[108.9511,11.45426],[108.95098,11.45524],[108.95147,11.45685],[108.95126,11.45855],[108.9523,11.45998],[108.95386,11.46032],[108.95463,11.46148],[108.95748,11.46724],[108.95932,11.46852],[108.9597,11.4702],[108.96263,11.47551],[108.96264,11.47552]]]},"properties":{"a01_tinh":"diaphanhanhchinhcaptinh_sn.133","a02_xa":"diaphanhanhchinhcapxa_2025.1161","a03_ten":"Xã Thuận Nam","a04_tentinh":"Tỉnh Khánh Hòa","a05_truocsn":"Xã Phước Nam, Xã Phước Ninh, Xã Phước Minh","a06_trungtamhc":"UBND huyện Thuận Nam","a07_dt":"140.8","a08_ds":"27262","a09_dthoai":null,"a10_web":null,"ten":"Xã Thuận Nam","ma":"22897","tentinh":"Tỉnh Khánh Hòa","truocsapnhap":"Xã Phước Nam, Xã Phước Ninh, Xã Phước Minh","dientichkm2":null,"dansonguoi":null},"id":"diaphanhanhchinhcapxa_2025.1161"},
{"type":"Feature","geometry":{"type":"Polygon","coordinates":[[[108.87049,12.45358],[108.86889,12.45377],[108.86515,12.45282],[108.86386,12.45303],[108.86081,12.4547],[108.85884,12.45612],[108.8576,12.45593],[108.85668,12.45693],[108.85529,12.45788],[108.85317,12.45806],[108.85009,12.45778],[108.84864,12.45862],[108.84846,12.46088],[108.84715,12.46259],[108.84439,12.46251],[108.84291,12.46213],[108.84,12.46228],[108.83716,12.46322],[108.83622,12.46464],[108.83466,12.46624],[108.83384,12.46671],[108.83383,12.46815],[108.83457,12.46926],[108.83273,12.47029],[108.83005,12.47095],[108.82922,12.47162],[108.82702,12.47107],[108.82481,12.47368],[108.82339,12.47453],[108.82223,12.47449],[108.81937,12.47555],[108.81988,12.47914],[108.81757,12.48176],[108.81638,12.48215],[108.81463,12.48344],[108.8123,12.48412],[108.81162,12.48473],[108.80888,12.48535],[108.80715,12.4843],[108.80661,12.48315],[108.805,12.48106],[108.80355,12.48066],[108.8026,12.48197],[108.80211,12.48207],[108.80088,12.48093],[108.79923,12.48121],[108.79884,12.48207],[108.79721,12.48417],[108.79697,12.48498],[108.79557,12.4862],[108.79545,12.48711],[108.79656,12.4882],[108.79711,12.48926],[108.79765,12.49137],[108.79647,12.49335],[108.79501,12.49433],[108.79513,12.49667],[108.79447,12.49741],[108.79256,12.49836],[108.7918,12.49976],[108.79008,12.49955],[108.78856,12.49991],[108.78669,12.50174],[108.78491,12.50139],[108.78308,12.50145],[108.78064,12.50321],[108.77852,12.50563],[108.77771,12.50511],[108.77534,12.50417],[108.77254,12.50367],[108.77056,12.50353],[108.76974,12.50382],[108.76786,12.5037],[108.76744,12.501],[108.76584,12.49964],[108.76511,12.49939],[108.76437,12.49826],[108.76362,12.49786],[108.76173,12.49802],[108.75967,12.49862],[108.75892,12.49799],[108.75762,12.49903],[108.75674,12.49916],[108.75491,12.50094],[108.75441,12.50049],[108.75406,12.49907],[108.75235,12.49786],[108.75055,12.4975],[108.75037,12.49649],[108.75092,12.49545],[108.75061,12.49428],[108.75061,12.49275],[108.74992,12.49196],[108.74946,12.49044],[108.74925,12.48805],[108.74876,12.48731],[108.74899,12.48384],[108.74853,12.48307],[108.74831,12.48043],[108.74747,12.4798],[108.74346,12.47926],[108.74183,12.47808],[108.74069,12.4776],[108.73985,12.47613],[108.73885,12.47586],[108.73779,12.47632],[108.73567,12.47615],[108.73365,12.47691],[108.73135,12.4771],[108.72853,12.47841],[108.72821,12.47896],[108.72675,12.47938],[108.72446,12.47969],[108.72115,12.48058],[108.72115,12.48181],[108.72003,12.48255],[108.71715,12.48292],[108.71553,12.48388],[108.71465,12.48374],[108.7129,12.48254],[108.71181,12.48079],[108.71187,12.47956],[108.71091,12.47911],[108.7099,12.47935],[108.7085,12.47916],[108.70767,12.47841],[108.70732,12.47728],[108.70419,12.47537],[108.7037,12.47479],[108.70175,12.47448],[108.7011,12.47392],[108.69954,12.47189],[108.69917,12.47077],[108.69892,12.46866],[108.69904,12.46657],[108.69896,12.4633],[108.69912,12.46121],[108.69754,12.46016],[108.69582,12.45757],[108.69458,12.45675],[108.69317,12.45649],[108.69238,12.45545],[108.69161,12.45325],[108.69049,12.4533],[108.68792,12.45127],[108.68662,12.44974],[108.68618,12.44743],[108.68435,12.44638],[108.68296,12.44275],[108.6819,12.44089],[108.68225,12.43987],[108.68089,12.43941],[108.68019,12.43834],[108.67827,12.4372],[108.67744,12.43605],[108.67602,12.43512],[108.67546,12.43387],[108.67415,12.4332],[108.67281,12.43191],[108.67228,12.43045],[108.67281,12.42862],[108.67271,12.42786],[108.67106,12.42538],[108.67031,12.42465],[108.67019,12.42379],[108.66933,12.42253],[108.6701,12.42224],[108.67127,12.42122],[108.67198,12.41963],[108.67477,12.41839],[108.67569,12.41667],[108.67544,12.41591],[108.67659,12.41542],[108.67842,12.41634],[108.67935,12.41604],[108.67958,12.41478],[108.67839,12.41191],[108.67889,12.41128],[108.67775,12.40774],[108.6765,12.4072],[108.67597,12.40626],[108.67595,12.40509],[108.67552,12.40438],[108.67312,12.40284],[108.6728,12.40175],[108.67415,12.40014],[108.67451,12.39937],[108.67514,12.39615],[108.67636,12.39497],[108.67871,12.39429],[108.6806,12.39425],[108.68214,12.3935],[108.68316,12.39437],[108.68412,12.3943],[108.68556,12.3932],[108.68584,12.39246],[108.68779,12.39163],[108.68962,12.39156],[108.69107,12.39121],[108.6937,12.39229],[108.69448,12.39325],[108.69631,12.39155],[108.69812,12.39071],[108.69983,12.39085],[108.70096,12.39126],[108.70163,12.39051],[108.70284,12.3901],[108.7035,12.38909],[108.70497,12.38866],[108.70602,12.38904],[108.70673,12.38884],[108.70863,12.38692],[108.71038,12.38693],[108.713,12.386],[108.71426,12.38624],[108.71607,12.38872],[108.71767,12.38978],[108.71914,12.39141],[108.71956,12.39238],[108.72124,12.39321],[108.72203,12.39572],[108.72256,12.39674],[108.72405,12.3984],[108.72471,12.39879],[108.72667,12.39846],[108.7282,12.39866],[108.72925,12.39929],[108.73032,12.39935],[108.73193,12.39882],[108.73405,12.3994],[108.73538,12.39886],[108.7375,12.39835],[108.73903,12.39911],[108.74113,12.39927],[108.74254,12.39894],[108.7435,12.39904],[108.74654,12.39863],[108.7477,12.39921],[108.74903,12.39924],[108.75083,12.39866],[108.75162,12.39787],[108.75359,12.39837],[108.7558,12.39768],[108.75666,12.39683],[108.7559,12.39503],[108.75626,12.3942],[108.75837,12.39272],[108.75817,12.39024],[108.75875,12.38845],[108.76037,12.38633],[108.76192,12.38489],[108.76425,12.38489],[108.76853,12.38246],[108.77157,12.38178],[108.77246,12.38285],[108.77441,12.38368],[108.77621,12.38392],[108.77822,12.38472],[108.78036,12.38394],[108.78423,12.38206],[108.78693,12.38035],[108.78862,12.37849],[108.78952,12.37607],[108.79866,12.37543],[108.80042,12.37416],[108.80221,12.37397],[108.80455,12.37285],[108.80638,12.37147],[108.80654,12.37009],[108.80739,12.36925],[108.80867,12.36943],[108.81071,12.36575],[108.8116,12.36513],[108.81291,12.36369],[108.81307,12.36235],[108.81477,12.36204],[108.81598,12.36135],[108.8176,12.35955],[108.81845,12.35887],[108.81832,12.35728],[108.8187,12.35658],[108.81867,12.35496],[108.81893,12.35388],[108.82128,12.3523],[108.82156,12.34932],[108.82268,12.3471],[108.82452,12.34692],[108.82446,12.34558],[108.82512,12.34512],[108.8273,12.34449],[108.82805,12.34344],[108.82944,12.34273],[108.83259,12.34248],[108.83347,12.34313],[108.83457,12.34252],[108.83713,12.34305],[108.83797,12.34183],[108.84036,12.3409],[108.84042,12.33937],[108.8408,12.33827],[108.84198,12.33738],[108.84237,12.33668],[108.84393,12.3356],[108.84432,12.33462],[108.84607,12.3334],[108.8466,12.33198],[108.84583,12.33093],[108.84351,12.32871],[108.84343,12.32718],[108.84167,12.32601],[108.84296,12.32571],[108.8436,12.32513],[108.84526,12.32505],[108.8468,12.32372],[108.84803,12.32224],[108.84855,12.32117],[108.84995,12.32073],[108.85087,12.31785],[108.85182,12.31668],[108.85213,12.31548],[108.85406,12.31465],[108.85577,12.31464],[108.85703,12.3152],[108.85961,12.31567],[108.86178,12.31801],[108.86331,12.3187],[108.86468,12.3183],[108.86567,12.31716],[108.86622,12.31552],[108.86781,12.31505],[108.86902,12.31435],[108.87261,12.31509],[108.87458,12.31531],[108.88525,12.31322],[108.89143,12.31177],[108.90141,12.30921],[108.90247,12.30946],[108.90552,12.31348],[108.92059,12.31912],[108.92135,12.31877],[108.92227,12.31916],[108.92323,12.31843],[108.92466,12.31854],[108.92734,12.31695],[108.92781,12.31591],[108.92967,12.31563],[108.93207,12.31613],[108.93441,12.31633],[108.93642,12.31868],[108.93601,12.32017],[108.93624,12.32216],[108.93555,12.32393],[108.93351,12.3257],[108.93315,12.32851],[108.93406,12.33041],[108.93414,12.3335],[108.92608,12.34023],[108.92142,12.34427],[108.92261,12.34515],[108.92316,12.34745],[108.92239,12.34827],[108.9233,12.34973],[108.92296,12.35125],[108.9233,12.3525],[108.92257,12.35357],[108.92237,12.35595],[108.92348,12.35538],[108.92425,12.35551],[108.92523,12.35721],[108.92649,12.35791],[108.92791,12.35777],[108.92935,12.3585],[108.93068,12.35874],[108.93423,12.36115],[108.93425,12.36227],[108.93372,12.36359],[108.93531,12.36454],[108.93699,12.36664],[108.93713,12.3673],[108.9385,12.36711],[108.93956,12.36782],[108.94048,12.37102],[108.94211,12.37077],[108.94264,12.37124],[108.94264,12.37278],[108.93905,12.37933],[108.94002,12.3803],[108.93927,12.38181],[108.94046,12.38321],[108.94021,12.38436],[108.93959,12.3853],[108.93932,12.38713],[108.93989,12.38809],[108.94077,12.38833],[108.94112,12.3897],[108.9407,12.39033],[108.94183,12.39171],[108.94115,12.39207],[108.94219,12.39411],[108.94354,12.39547],[108.94268,12.39633],[108.94408,12.39785],[108.94371,12.39961],[108.94242,12.40064],[108.94163,12.40001],[108.94006,12.40137],[108.93801,12.40134],[108.93767,12.40226],[108.93631,12.40351],[108.93541,12.40329],[108.93419,12.40474],[108.93326,12.40634],[108.93233,12.40744],[108.9326,12.40922],[108.93181,12.40974],[108.93242,12.41143],[108.93191,12.41257],[108.93207,12.41605],[108.93288,12.41648],[108.93392,12.41796],[108.93399,12.41937],[108.93324,12.42052],[108.93175,12.42198],[108.93222,12.42325],[108.93282,12.42636],[108.93283,12.42927],[108.93386,12.42968],[108.93574,12.42969],[108.93709,12.43118],[108.93558,12.43134],[108.93412,12.43225],[108.93211,12.43251],[108.92961,12.4315],[108.92831,12.43138],[108.92701,12.43173],[108.92434,12.43091],[108.92142,12.42969],[108.91951,12.42954],[108.91772,12.4277],[108.91703,12.42559],[108.91616,12.42444],[108.91635,12.42296],[108.91443,12.42158],[108.91469,12.42054],[108.91276,12.41996],[108.91156,12.41909],[108.91022,12.41891],[108.90747,12.41967],[108.90703,12.41878],[108.90486,12.4174],[108.90317,12.41806],[108.90127,12.41828],[108.90002,12.42066],[108.89969,12.42182],[108.89874,12.42335],[108.89882,12.42442],[108.89786,12.42535],[108.89756,12.42687],[108.89868,12.42863],[108.89639,12.43188],[108.89663,12.43404],[108.89599,12.43522],[108.89591,12.43705],[108.89564,12.4376],[108.89372,12.43948],[108.89274,12.44109],[108.89183,12.44109],[108.89064,12.44332],[108.88763,12.44811],[108.88609,12.44892],[108.88499,12.4502],[108.88322,12.4517],[108.88218,12.45216],[108.87971,12.45189],[108.87914,12.4521],[108.87716,12.45178],[108.87622,12.45099],[108.8756,12.45099],[108.87447,12.45216],[108.87331,12.45287],[108.8725,12.45273],[108.87049,12.45358]]]},"properties":{"a01_tinh":"diaphanhanhchinhcaptinh_sn.133","a02_xa":"diaphanhanhchinhcapxa_2025.1115","a03_ten":"Xã Trung Khánh Vĩnh","a04_tentinh":"Tỉnh Khánh Hòa","a05_truocsn":"Xã Khánh Trung, Xã Khánh Hiệp","a06_trungtamhc":"UBND xã Khánh Hiệp","a07_dt":"338.5","a08_ds":"7772","a09_dthoai":null,"a10_web":null,"ten":"Xã Trung Khánh Vĩnh","ma":"22612","tentinh":"Tỉnh Khánh Hòa","truocsapnhap":"Xã Khánh Trung, Xã Khánh Hiệp","dientichkm2":null,"dansonguoi":null},"id":"diaphanhanhchinhcapxa_2025.1115"},
{"type":"Feature","geometry":{"type":"MultiPolygon","coordinates":[[[[109.30534,12.7489],[109.30594,12.74934],[109.3055,12.75084],[109.30453,12.75067],[109.30433,12.74945],[109.30534,12.7489]]],[[[109.32119,12.83874],[109.32083,12.83755],[109.32081,12.83623],[109.32002,12.83592],[109.31764,12.83748],[109.31705,12.83758],[109.31622,12.83875],[109.31528,12.83925],[109.31562,12.84036],[109.31547,12.8427],[109.31493,12.84404],[109.31429,12.84328],[109.31189,12.84328],[109.31073,12.84256],[109.31053,12.84138],[109.30964,12.84056],[109.3088,12.84031],[109.30769,12.8394],[109.30302,12.83941],[109.3023,12.84056],[109.30091,12.84154],[109.29991,12.84174],[109.29792,12.84066],[109.29734,12.83948],[109.29638,12.83902],[109.29598,12.83771],[109.29481,12.83709],[109.29393,12.83702],[109.29251,12.83571],[109.29151,12.83537],[109.28979,12.83538],[109.28734,12.83463],[109.28639,12.83457],[109.28523,12.83404],[109.2836,12.83291],[109.28237,12.83337],[109.28101,12.83292],[109.2803,12.83379],[109.27832,12.83355],[109.2774,12.83404],[109.27687,12.83502],[109.27533,12.83447],[109.27445,12.83348],[109.2731,12.83396],[109.27232,12.83363],[109.26998,12.83329],[109.26741,12.83433],[109.26724,12.83495],[109.26579,12.83628],[109.2642,12.83556],[109.26169,12.83579],[109.26033,12.83676],[109.25866,12.83746],[109.25606,12.83771],[109.25531,12.83844],[109.25456,12.83824],[109.2545,12.8372],[109.25244,12.83679],[109.25235,12.83587],[109.25314,12.83534],[109.25272,12.83336],[109.25142,12.83312],[109.2502,12.83326],[109.2493,12.83268],[109.2472,12.83062],[109.24571,12.82705],[109.24376,12.82556],[109.24162,12.82478],[109.24101,12.82416],[109.23922,12.8233],[109.23838,12.82168],[109.23736,12.82165],[109.23698,12.82035],[109.23406,12.81873],[109.23277,12.81776],[109.22977,12.8144],[109.22811,12.81405],[109.22763,12.81328],[109.22566,12.81345],[109.22351,12.81561],[109.22032,12.81659],[109.21969,12.81663],[109.21427,12.80549],[109.21254,12.80207],[109.21483,12.79087],[109.21601,12.7845],[109.21749,12.7773],[109.23669,12.77559],[109.23709,12.77349],[109.23638,12.76926],[109.23481,12.76732],[109.23483,12.76538],[109.23427,12.76214],[109.23491,12.7617],[109.23475,12.7594],[109.23445,12.75893],[109.23455,12.75532],[109.23496,12.75489],[109.24382,12.75435],[109.25227,12.75361],[109.25695,12.75329],[109.2593,12.75327],[109.2597,12.75255],[109.26135,12.75115],[109.26079,12.75055],[109.26161,12.74836],[109.26235,12.74761],[109.26801,12.74117],[109.2704,12.73942],[109.27132,12.73806],[109.27443,12.73588],[109.27485,12.73461],[109.27683,12.73193],[109.27762,12.73262],[109.27939,12.73077],[109.28185,12.7326],[109.2799,12.73504],[109.28068,12.73554],[109.283,12.73273],[109.28413,12.7337],[109.28386,12.7344],[109.28528,12.73559],[109.28526,12.73657],[109.28674,12.73676],[109.28849,12.7383],[109.28755,12.73926],[109.2886,12.7404],[109.29121,12.74267],[109.2917,12.74232],[109.29282,12.74381],[109.2927,12.7446],[109.29503,12.74968],[109.29408,12.75044],[109.29471,12.75121],[109.29595,12.75001],[109.29695,12.75108],[109.2997,12.75331],[109.30098,12.75374],[109.30161,12.75581],[109.30239,12.75748],[109.30351,12.75899],[109.30461,12.75995],[109.30445,12.76073],[109.30721,12.76163],[109.30816,12.76174],[109.30803,12.76047],[109.3107,12.76093],[109.31292,12.76201],[109.31388,12.76315],[109.31333,12.7637],[109.31553,12.76552],[109.317,12.76503],[109.31778,12.7656],[109.31965,12.766],[109.32161,12.76567],[109.32319,12.76692],[109.32493,12.76532],[109.32641,12.76839],[109.32751,12.76959],[109.32772,12.77089],[109.32554,12.77219],[109.32681,12.7747],[109.3277,12.77596],[109.32694,12.77651],[109.32904,12.77703],[109.32978,12.77779],[109.32905,12.77953],[109.3297,12.78147],[109.32919,12.78252],[109.32998,12.78274],[109.33005,12.78396],[109.32914,12.78398],[109.32959,12.78516],[109.3291,12.78584],[109.3297,12.78883],[109.33034,12.78961],[109.33096,12.79227],[109.33092,12.7931],[109.32712,12.79284],[109.3264,12.79466],[109.32581,12.79548],[109.32606,12.79705],[109.32584,12.79831],[109.32455,12.80121],[109.32384,12.80174],[109.32081,12.80742],[109.31966,12.80868],[109.31909,12.81152],[109.31849,12.81231],[109.31706,12.81324],[109.31636,12.81334],[109.31529,12.81429],[109.31531,12.81565],[109.31445,12.81574],[109.32223,12.82637],[109.32384,12.82885],[109.32119,12.83874]]]]},"properties":{"a01_tinh":"diaphanhanhchinhcaptinh_sn.133","a02_xa":"diaphanhanhchinhcapxa_2025.1104","a03_ten":"Xã Tu Bông","a04_tentinh":"Tỉnh Khánh Hòa","a05_truocsn":"Xã Vạn Khánh, Xã Vạn Long, Xã Vạn Phước","a06_trungtamhc":"UBND xã Vạn Long","a07_dt":"99.6","a08_ds":"29751","a09_dthoai":null,"a10_web":null,"ten":"Xã Tu Bông","ma":"22498","tentinh":"Tỉnh Khánh Hòa","truocsapnhap":"Xã Vạn Khánh, Xã Vạn Long, Xã Vạn Phước","dientichkm2":null,"dansonguoi":null},"id":"diaphanhanhchinhcapxa_2025.1104"},
{"type":"Feature","geometry":{"type":"MultiPolygon","coordinates":[[[[109.22001,12.64287],[109.21917,12.64389],[109.21772,12.64279],[109.2169,12.64299],[109.21674,12.64208],[109.21731,12.64122],[109.21849,12.64081],[109.21895,12.64022],[109.22008,12.64056],[109.22049,12.64131],[109.22001,12.64287]]],[[[109.21296,12.6574],[109.20987,12.65712],[109.20807,12.65772],[109.20497,12.65904],[109.20372,12.66083],[109.20224,12.66215],[109.20004,12.66311],[109.19959,12.66364],[109.19473,12.6644],[109.19379,12.66327],[109.19287,12.66276],[109.1921,12.66353],[109.19065,12.66417],[109.18912,12.663],[109.18795,12.66257],[109.18547,12.66395],[109.18263,12.66453],[109.18184,12.66549],[109.18016,12.66669],[109.17963,12.66668],[109.17788,12.66757],[109.17355,12.66826],[109.17179,12.67022],[109.1713,12.67219],[109.17007,12.67331],[109.16999,12.67417],[109.17077,12.67579],[109.16884,12.67814],[109.16711,12.67925],[109.16933,12.68126],[109.16777,12.68201],[109.16779,12.68306],[109.16614,12.6846],[109.16713,12.68609],[109.16635,12.68768],[109.16612,12.68885],[109.16623,12.69341],[109.1661,12.6978],[109.16428,12.70097],[109.16322,12.70339],[109.1603,12.70509],[109.15875,12.70663],[109.1567,12.70788],[109.15584,12.7087],[109.15284,12.70963],[109.1519,12.70875],[109.14971,12.70763],[109.14842,12.70673],[109.14645,12.70868],[109.14615,12.70948],[109.1464,12.71122],[109.14603,12.71175],[109.14247,12.71172],[109.14075,12.712],[109.13968,12.71282],[109.13688,12.71309],[109.13415,12.71258],[109.13261,12.71283],[109.13008,12.71236],[109.12732,12.71161],[109.12528,12.71034],[109.12451,12.71032],[109.12329,12.71098],[109.12009,12.71158],[109.11943,12.71256],[109.11758,12.71355],[109.11666,12.71511],[109.11504,12.71732],[109.1145,12.71775],[109.11254,12.71846],[109.11149,12.71785],[109.11071,12.71807],[109.1086,12.71996],[109.10662,12.7201],[109.10728,12.71916],[109.10755,12.71788],[109.10698,12.71723],[109.10715,12.71551],[109.10623,12.71376],[109.10608,12.71289],[109.10533,12.71226],[109.10554,12.71143],[109.10475,12.7102],[109.10481,12.70848],[109.1052,12.70725],[109.10504,12.70571],[109.10386,12.70222],[109.10415,12.70104],[109.10524,12.69986],[109.1067,12.69901],[109.1071,12.69761],[109.10879,12.69617],[109.1096,12.69432],[109.11074,12.69301],[109.11109,12.69153],[109.11061,12.69111],[109.11007,12.68962],[109.11014,12.68819],[109.1094,12.68605],[109.10813,12.6814],[109.10847,12.68034],[109.11263,12.67877],[109.11379,12.67762],[109.11453,12.67614],[109.11452,12.67524],[109.11631,12.67617],[109.11781,12.67593],[109.11869,12.67511],[109.11967,12.67552],[109.12089,12.67451],[109.12121,12.67388],[109.12225,12.67351],[109.12376,12.67235],[109.12875,12.66739],[109.13092,12.66574],[109.12913,12.66462],[109.12822,12.66257],[109.12612,12.66128],[109.12545,12.65914],[109.12482,12.65788],[109.12442,12.65537],[109.12277,12.65355],[109.12216,12.65231],[109.12141,12.65175],[109.12111,12.65061],[109.12127,12.64921],[109.12096,12.64738],[109.11932,12.64566],[109.11715,12.64387],[109.1158,12.64217],[109.1156,12.64121],[109.13182,12.63861],[109.14457,12.63265],[109.15234,12.62788],[109.15348,12.62397],[109.15802,12.61247],[109.15647,12.59424],[109.15734,12.59311],[109.15752,12.59188],[109.15825,12.59042],[109.15881,12.58847],[109.15851,12.58609],[109.16001,12.586],[109.16155,12.58511],[109.16374,12.58525],[109.16467,12.5829],[109.16511,12.58227],[109.16595,12.58269],[109.16788,12.58289],[109.16866,12.58241],[109.17092,12.58342],[109.17314,12.58413],[109.17684,12.58429],[109.18076,12.58507],[109.18928,12.58587],[109.19082,12.58596],[109.19146,12.58741],[109.19507,12.58798],[109.19601,12.58795],[109.20095,12.58711],[109.20117,12.58846],[109.20029,12.5886],[109.20339,12.59048],[109.20408,12.59427],[109.20154,12.59546],[109.2014,12.59665],[109.20218,12.59732],[109.20211,12.6001],[109.20161,12.60077],[109.2025,12.60152],[109.20268,12.60234],[109.20011,12.60271],[109.20037,12.60401],[109.20002,12.60439],[109.20059,12.60546],[109.20222,12.60679],[109.20357,12.6071],[109.2032,12.60948],[109.20262,12.60938],[109.20291,12.6124],[109.2037,12.61367],[109.20507,12.61431],[109.20544,12.61566],[109.20522,12.61719],[109.20462,12.61823],[109.2029,12.62042],[109.20248,12.62019],[109.20103,12.6216],[109.20002,12.62105],[109.19893,12.62109],[109.19813,12.61995],[109.19623,12.62147],[109.19548,12.62061],[109.19434,12.62164],[109.19484,12.62217],[109.19309,12.62504],[109.19123,12.62444],[109.19094,12.62712],[109.19029,12.62928],[109.1904,12.63053],[109.1913,12.63319],[109.19225,12.63539],[109.19268,12.63706],[109.19398,12.63936],[109.19444,12.63914],[109.19529,12.64047],[109.19584,12.64057],[109.19668,12.64242],[109.19761,12.64337],[109.19721,12.64421],[109.19965,12.64556],[109.20061,12.64576],[109.20227,12.64413],[109.20277,12.64472],[109.20117,12.64606],[109.20201,12.64797],[109.20359,12.64978],[109.20515,12.65014],[109.20738,12.64985],[109.2088,12.64871],[109.20949,12.6477],[109.21149,12.64658],[109.21325,12.64935],[109.21464,12.64888],[109.21569,12.65137],[109.21385,12.65236],[109.21494,12.65334],[109.21618,12.65387],[109.21504,12.65627],[109.21365,12.65613],[109.21296,12.6574]]]]},"properties":{"a01_tinh":"diaphanhanhchinhcaptinh_sn.133","a02_xa":"diaphanhanhchinhcapxa_2025.1108","a03_ten":"Xã Vạn Hưng","a04_tentinh":"Tỉnh Khánh Hòa","a05_truocsn":"Xã Xuân Sơn, Xã Vạn Hưng","a06_trungtamhc":"UBND xã Vạn Hưng","a07_dt":"86.1","a08_ds":"18883","a09_dthoai":null,"a10_web":null,"ten":"Xã Vạn Hưng","ma":"22525","tentinh":"Tỉnh Khánh Hòa","truocsapnhap":"Xã Xuân Sơn, Xã Vạn Hưng","dientichkm2":null,"dansonguoi":null},"id":"diaphanhanhchinhcapxa_2025.1108"},
{"type":"Feature","geometry":{"type":"MultiPolygon","coordinates":[[[[109.26469,12.67735],[109.26337,12.67741],[109.26197,12.67784],[109.26164,12.67735],[109.26289,12.67668],[109.26469,12.67735]]],[[[109.23465,12.69883],[109.22979,12.70282],[109.22938,12.70487],[109.22752,12.70682],[109.2266,12.70691],[109.22661,12.70766],[109.22727,12.71032],[109.2296,12.71366],[109.22761,12.71795],[109.2266,12.71948],[109.22693,12.72015],[109.22625,12.72097],[109.22415,12.72142],[109.221,12.72151],[109.21996,12.72204],[109.22101,12.72338],[109.22055,12.72452],[109.21917,12.72569],[109.21864,12.72718],[109.21648,12.72784],[109.21601,12.72902],[109.21434,12.73008],[109.21407,12.73117],[109.2126,12.73207],[109.2112,12.73238],[109.21105,12.73418],[109.21023,12.73467],[109.20907,12.73452],[109.20739,12.73621],[109.20597,12.73646],[109.20536,12.7385],[109.20514,12.74021],[109.20415,12.74176],[109.20182,12.74421],[109.20026,12.74449],[109.19841,12.74449],[109.1974,12.74593],[109.19624,12.74682],[109.19627,12.74752],[109.19552,12.7482],[109.19465,12.7503],[109.19374,12.75138],[109.19395,12.75357],[109.1936,12.7545],[109.19208,12.75564],[109.19109,12.75607],[109.19168,12.75704],[109.19161,12.75812],[109.18983,12.7623],[109.18809,12.76296],[109.18674,12.76506],[109.18555,12.76601],[109.18463,12.76781],[109.18464,12.76895],[109.18344,12.76981],[109.18177,12.77261],[109.18036,12.77347],[109.1801,12.77422],[109.18047,12.77662],[109.18038,12.77782],[109.17953,12.7794],[109.17888,12.77987],[109.17596,12.78469],[109.17586,12.78561],[109.17309,12.78765],[109.17253,12.78952],[109.17401,12.79066],[109.17451,12.79173],[109.17463,12.79562],[109.1743,12.79745],[109.17347,12.79758],[109.17193,12.79904],[109.17123,12.7994],[109.17062,12.8007],[109.17128,12.80229],[109.17056,12.80407],[109.16842,12.80572],[109.16699,12.80738],[109.16556,12.80702],[109.16454,12.80757],[109.163,12.80792],[109.16064,12.80932],[109.15966,12.81025],[109.15631,12.81264],[109.15511,12.81296],[109.15655,12.81145],[109.15582,12.80963],[109.15557,12.80808],[109.15244,12.80526],[109.15348,12.80405],[109.15321,12.80299],[109.15197,12.80091],[109.15181,12.79938],[109.15098,12.79901],[109.15065,12.7972],[109.1478,12.79397],[109.14629,12.79271],[109.14578,12.79185],[109.14594,12.79099],[109.14681,12.79014],[109.14673,12.7888],[109.1477,12.78751],[109.14723,12.7872],[109.14735,12.78588],[109.14581,12.78322],[109.14593,12.7825],[109.14512,12.78204],[109.14521,12.78119],[109.14319,12.78066],[109.14131,12.78118],[109.1403,12.78041],[109.13928,12.78138],[109.13839,12.78153],[109.1372,12.78299],[109.13552,12.78427],[109.13474,12.78607],[109.13354,12.78606],[109.13044,12.78679],[109.12978,12.78897],[109.12901,12.7894],[109.12817,12.7906],[109.12774,12.79283],[109.12682,12.79325],[109.12596,12.79428],[109.12454,12.7966],[109.12344,12.79806],[109.12123,12.79841],[109.11977,12.79912],[109.11807,12.79874],[109.11615,12.79785],[109.11516,12.79803],[109.11514,12.79687],[109.11397,12.79537],[109.11421,12.79404],[109.1152,12.79307],[109.1146,12.79098],[109.11466,12.78917],[109.11229,12.78586],[109.10871,12.78474],[109.10928,12.78407],[109.10895,12.78245],[109.10941,12.78098],[109.10824,12.78018],[109.10711,12.77842],[109.10643,12.77649],[109.10577,12.77637],[109.10471,12.77527],[109.10571,12.77313],[109.10484,12.77246],[109.10378,12.77223],[109.102,12.77278],[109.1018,12.77211],[109.10204,12.77037],[109.10113,12.76911],[109.10151,12.76831],[109.09975,12.76697],[109.09881,12.76697],[109.09757,12.76593],[109.09667,12.76564],[109.09555,12.76428],[109.09168,12.76347],[109.09076,12.76233],[109.0909,12.76095],[109.09034,12.75997],[109.09111,12.75885],[109.09079,12.75578],[109.09236,12.75221],[109.09221,12.75105],[109.0904,12.75022],[109.08968,12.74963],[109.09009,12.74737],[109.08886,12.74625],[109.08829,12.74612],[109.08628,12.74404],[109.08527,12.74386],[109.08556,12.743],[109.08514,12.74211],[109.0853,12.74069],[109.08621,12.73946],[109.0876,12.73815],[109.08984,12.73787],[109.09154,12.73626],[109.09293,12.7358],[109.09367,12.73629],[109.09493,12.73553],[109.09781,12.73197],[109.09923,12.72969],[109.09778,12.72727],[109.09683,12.7264],[109.09846,12.72587],[109.10004,12.72569],[109.10313,12.72399],[109.10376,12.72229],[109.10522,12.72189],[109.10662,12.7201],[109.1086,12.71996],[109.11071,12.71807],[109.11149,12.71785],[109.11254,12.71846],[109.1145,12.71775],[109.11504,12.71732],[109.11666,12.71511],[109.11758,12.71355],[109.11943,12.71256],[109.12009,12.71158],[109.12329,12.71098],[109.12451,12.71032],[109.12528,12.71034],[109.12732,12.71161],[109.13008,12.71236],[109.13261,12.71283],[109.13415,12.71258],[109.13688,12.71309],[109.13968,12.71282],[109.14075,12.712],[109.14247,12.71172],[109.14603,12.71175],[109.1464,12.71122],[109.14615,12.70948],[109.14645,12.70868],[109.14842,12.70673],[109.14971,12.70763],[109.1519,12.70875],[109.15284,12.70963],[109.15584,12.7087],[109.1567,12.70788],[109.15875,12.70663],[109.1603,12.70509],[109.16322,12.70339],[109.16428,12.70097],[109.1661,12.6978],[109.16623,12.69341],[109.16612,12.68885],[109.16635,12.68768],[109.16713,12.68609],[109.16614,12.6846],[109.16779,12.68306],[109.16777,12.68201],[109.16933,12.68126],[109.16711,12.67925],[109.16884,12.67814],[109.17077,12.67579],[109.16999,12.67417],[109.17007,12.67331],[109.1713,12.67219],[109.17179,12.67022],[109.17355,12.66826],[109.17788,12.66757],[109.17963,12.66668],[109.18016,12.66669],[109.18184,12.66549],[109.18263,12.66453],[109.18547,12.66395],[109.18795,12.66257],[109.18912,12.663],[109.19065,12.66417],[109.1921,12.66353],[109.19287,12.66276],[109.19379,12.66327],[109.19473,12.6644],[109.19959,12.66364],[109.20004,12.66311],[109.20224,12.66215],[109.20372,12.66083],[109.20497,12.65904],[109.20807,12.65772],[109.20987,12.65712],[109.21296,12.6574],[109.21317,12.65823],[109.21247,12.65931],[109.21221,12.66062],[109.21131,12.6618],[109.21022,12.66171],[109.21011,12.66277],[109.21035,12.66753],[109.21055,12.66831],[109.21192,12.67014],[109.21359,12.67201],[109.2162,12.67459],[109.21957,12.67921],[109.22002,12.6801],[109.22081,12.68055],[109.22192,12.6825],[109.22329,12.68429],[109.22424,12.68596],[109.22536,12.68619],[109.22578,12.68778],[109.22519,12.6882],[109.22581,12.69084],[109.22619,12.69156],[109.22799,12.69381],[109.22961,12.6953],[109.23465,12.69883]]]]},"properties":{"a01_tinh":"diaphanhanhchinhcaptinh_sn.133","a02_xa":"diaphanhanhchinhcapxa_2025.1105","a03_ten":"Xã Vạn Ninh","a04_tentinh":"Tỉnh Khánh Hòa","a05_truocsn":"Thị trấn Vạn Giã, Xã Vạn Phú, Xã Vạn Lương","a06_trungtamhc":"Trung tâm hành chính Vạn Ninh","a07_dt":"130.5","a08_ds":"54202","a09_dthoai":null,"a10_web":null,"ten":"Xã Vạn Ninh","ma":"22489","tentinh":"Tỉnh Khánh Hòa","truocsapnhap":"Thị trấn Vạn Giã, Xã Vạn Phú, Xã Vạn Lương","dientichkm2":null,"dansonguoi":null},"id":"diaphanhanhchinhcapxa_2025.1105"},
{"type":"Feature","geometry":{"type":"Polygon","coordinates":[[[109.21969,12.81663],[109.21785,12.81943],[109.21666,12.82085],[109.2162,12.82396],[109.21569,12.82538],[109.21481,12.82644],[109.2146,12.82734],[109.21388,12.82788],[109.21115,12.8281],[109.20905,12.82917],[109.20885,12.82981],[109.20692,12.83049],[109.20595,12.83045],[109.20509,12.82951],[109.20403,12.82958],[109.20147,12.82921],[109.20005,12.82927],[109.1987,12.82974],[109.19695,12.83152],[109.19571,12.83191],[109.19536,12.83144],[109.19288,12.82984],[109.19165,12.82949],[109.19021,12.82869],[109.18914,12.82936],[109.18826,12.82855],[109.18756,12.82906],[109.18677,12.82876],[109.18518,12.82922],[109.18287,12.82856],[109.18222,12.82786],[109.18129,12.82764],[109.18015,12.8279],[109.17842,12.82943],[109.17704,12.82707],[109.17632,12.82667],[109.1727,12.82669],[109.17139,12.82686],[109.17037,12.82746],[109.16917,12.82717],[109.16809,12.82636],[109.16639,12.82665],[109.16518,12.82521],[109.16295,12.8239],[109.16246,12.82275],[109.16182,12.8222],[109.16167,12.82056],[109.16115,12.81966],[109.16131,12.8181],[109.15955,12.81483],[109.15795,12.81466],[109.15669,12.81418],[109.15511,12.81296],[109.15631,12.81264],[109.15966,12.81025],[109.16064,12.80932],[109.163,12.80792],[109.16454,12.80757],[109.16556,12.80702],[109.16699,12.80738],[109.16842,12.80572],[109.17056,12.80407],[109.17128,12.80229],[109.17062,12.8007],[109.17123,12.7994],[109.17193,12.79904],[109.17347,12.79758],[109.1743,12.79745],[109.17463,12.79562],[109.17451,12.79173],[109.17401,12.79066],[109.17253,12.78952],[109.17309,12.78765],[109.17586,12.78561],[109.17596,12.78469],[109.17888,12.77987],[109.17953,12.7794],[109.18038,12.77782],[109.18047,12.77662],[109.1801,12.77422],[109.18036,12.77347],[109.18177,12.77261],[109.18344,12.76981],[109.18464,12.76895],[109.18463,12.76781],[109.18555,12.76601],[109.18674,12.76506],[109.18809,12.76296],[109.18983,12.7623],[109.19161,12.75812],[109.19168,12.75704],[109.19109,12.75607],[109.19208,12.75564],[109.1936,12.7545],[109.19395,12.75357],[109.19374,12.75138],[109.19465,12.7503],[109.19552,12.7482],[109.19627,12.74752],[109.19624,12.74682],[109.1974,12.74593],[109.19841,12.74449],[109.20026,12.74449],[109.20182,12.74421],[109.20415,12.74176],[109.20514,12.74021],[109.20536,12.7385],[109.20597,12.73646],[109.20739,12.73621],[109.20907,12.73452],[109.21023,12.73467],[109.21105,12.73418],[109.2112,12.73238],[109.2126,12.73207],[109.21407,12.73117],[109.21434,12.73008],[109.21601,12.72902],[109.21648,12.72784],[109.21864,12.72718],[109.21917,12.72569],[109.22055,12.72452],[109.22101,12.72338],[109.21996,12.72204],[109.221,12.72151],[109.22415,12.72142],[109.22625,12.72097],[109.22693,12.72015],[109.2266,12.71948],[109.22761,12.71795],[109.2296,12.71366],[109.22727,12.71032],[109.22661,12.70766],[109.2266,12.70691],[109.22752,12.70682],[109.22938,12.70487],[109.22979,12.70282],[109.23465,12.69883],[109.2383,12.70037],[109.24081,12.70201],[109.24292,12.70295],[109.2472,12.70396],[109.24728,12.70354],[109.24987,12.70398],[109.24962,12.70306],[109.25068,12.70288],[109.25189,12.70321],[109.25185,12.70206],[109.25268,12.70209],[109.25422,12.70285],[109.25459,12.70214],[109.25632,12.70321],[109.25675,12.70543],[109.25672,12.70655],[109.25813,12.70922],[109.25896,12.71011],[109.26012,12.71082],[109.26162,12.7112],[109.262,12.71056],[109.26412,12.71208],[109.26266,12.71295],[109.26337,12.71439],[109.26269,12.71499],[109.26273,12.71668],[109.2635,12.71696],[109.26528,12.71668],[109.26564,12.71741],[109.26846,12.71946],[109.26889,12.71943],[109.26978,12.72129],[109.26875,12.72174],[109.2691,12.72297],[109.27037,12.72263],[109.27079,12.72369],[109.27229,12.72442],[109.27532,12.72743],[109.2737,12.72894],[109.27683,12.73193],[109.27485,12.73461],[109.27443,12.73588],[109.27132,12.73806],[109.2704,12.73942],[109.26801,12.74117],[109.26235,12.74761],[109.26161,12.74836],[109.26079,12.75055],[109.26135,12.75115],[109.2597,12.75255],[109.2593,12.75327],[109.25695,12.75329],[109.25227,12.75361],[109.24382,12.75435],[109.23496,12.75489],[109.23455,12.75532],[109.23445,12.75893],[109.23475,12.7594],[109.23491,12.7617],[109.23427,12.76214],[109.23483,12.76538],[109.23481,12.76732],[109.23638,12.76926],[109.23709,12.77349],[109.23669,12.77559],[109.21749,12.7773],[109.21601,12.7845],[109.21483,12.79087],[109.21254,12.80207],[109.21427,12.80549],[109.21969,12.81663]]]},"properties":{"a01_tinh":"diaphanhanhchinhcaptinh_sn.133","a02_xa":"diaphanhanhchinhcapxa_2025.1107","a03_ten":"Xã Vạn Thắng","a04_tentinh":"Tỉnh Khánh Hòa","a05_truocsn":"Xã Vạn Bình, Xã Vạn Thắng","a06_trungtamhc":"UBND xã Vạn Thắng","a07_dt":"74.8","a08_ds":"31625","a09_dthoai":null,"a10_web":null,"ten":"Xã Vạn Thắng","ma":"22516","tentinh":"Tỉnh Khánh Hòa","truocsapnhap":"Xã Vạn Bình, Xã Vạn Thắng","dientichkm2":null,"dansonguoi":null},"id":"diaphanhanhchinhcapxa_2025.1107"},
{"type":"Feature","geometry":{"type":"MultiPolygon","coordinates":[[[[109.14519,11.58237],[109.14403,11.58297],[109.14292,11.58284],[109.14484,11.58131],[109.1456,11.57872],[109.14621,11.57947],[109.14519,11.58237]]],[[[109.17835,11.64992],[109.17763,11.6501],[109.17623,11.64958],[109.17592,11.64739],[109.17714,11.64831],[109.17748,11.64963],[109.17835,11.64992]]],[[[109.22121,11.71474],[109.22193,11.71576],[109.22133,11.71637],[109.22055,11.7155],[109.22121,11.71474]]],[[[109.22401,11.77006],[109.22327,11.77063],[109.2224,11.77018],[109.22424,11.76901],[109.22544,11.7695],[109.22564,11.77033],[109.22463,11.77048],[109.22401,11.77006]]],[[[109.07751,11.58622],[109.07904,11.58659],[109.08541,11.58742],[109.09028,11.58765],[109.09213,11.58745],[109.0945,11.58682],[109.09785,11.58533],[109.10235,11.58204],[109.1052,11.58025],[109.10679,11.57949],[109.11017,11.57889],[109.11297,11.57826],[109.11817,11.57536],[109.12129,11.57414],[109.12388,11.57287],[109.12642,11.56961],[109.12587,11.56821],[109.1275,11.56707],[109.12729,11.56621],[109.12808,11.56527],[109.12756,11.56308],[109.12852,11.56287],[109.13058,11.56522],[109.13028,11.56636],[109.12956,11.56716],[109.1294,11.56804],[109.13041,11.56965],[109.12907,11.56947],[109.12756,11.57046],[109.12944,11.57224],[109.12899,11.57326],[109.12946,11.57394],[109.12851,11.57481],[109.12847,11.57544],[109.12992,11.57827],[109.13128,11.57763],[109.13301,11.57926],[109.13238,11.58092],[109.13379,11.58228],[109.13446,11.58209],[109.13555,11.58283],[109.13759,11.58265],[109.13937,11.58373],[109.13933,11.58652],[109.13964,11.58804],[109.14027,11.58942],[109.14142,11.59379],[109.14291,11.59695],[109.14431,11.59935],[109.14659,11.60466],[109.1468,11.60603],[109.14665,11.60755],[109.14725,11.61056],[109.14873,11.61302],[109.14895,11.61385],[109.15005,11.6159],[109.15081,11.61771],[109.15221,11.61982],[109.15288,11.62037],[109.15394,11.62025],[109.1546,11.62174],[109.15554,11.62257],[109.15654,11.6229],[109.15705,11.62365],[109.16012,11.62457],[109.16213,11.6242],[109.16323,11.62327],[109.16456,11.62267],[109.16582,11.62168],[109.16637,11.62277],[109.16616,11.62379],[109.1671,11.62526],[109.16668,11.62774],[109.16716,11.63078],[109.16766,11.63211],[109.16845,11.63588],[109.16918,11.63633],[109.17018,11.63898],[109.17101,11.64199],[109.17177,11.64576],[109.17233,11.64714],[109.17315,11.64818],[109.17403,11.64874],[109.17275,11.65199],[109.17264,11.6532],[109.17346,11.65668],[109.17389,11.65995],[109.17374,11.66131],[109.17316,11.66315],[109.1754,11.66703],[109.17588,11.66877],[109.17721,11.67123],[109.17727,11.6732],[109.17668,11.67602],[109.17701,11.67698],[109.17829,11.67742],[109.1811,11.67767],[109.18205,11.67707],[109.18237,11.67787],[109.18312,11.678],[109.18388,11.67983],[109.18584,11.68113],[109.18759,11.68257],[109.18923,11.68316],[109.18976,11.68502],[109.18853,11.68675],[109.18776,11.68833],[109.18774,11.69092],[109.18892,11.69149],[109.18999,11.69265],[109.19092,11.69283],[109.1922,11.69245],[109.19266,11.6939],[109.19366,11.69427],[109.19382,11.69535],[109.19295,11.69591],[109.19315,11.69894],[109.19522,11.70013],[109.19626,11.69908],[109.19672,11.70139],[109.19759,11.70261],[109.19811,11.70385],[109.19804,11.70507],[109.19885,11.70584],[109.20146,11.70604],[109.20236,11.70568],[109.20335,11.70711],[109.20331,11.70834],[109.20106,11.70954],[109.19993,11.71153],[109.20062,11.71243],[109.20068,11.71333],[109.20018,11.71439],[109.19903,11.71503],[109.19893,11.71597],[109.19995,11.71738],[109.20048,11.71886],[109.19983,11.71969],[109.19842,11.7196],[109.19794,11.72021],[109.19633,11.7205],[109.19581,11.72164],[109.19733,11.72142],[109.1974,11.72317],[109.19659,11.72458],[109.19697,11.726],[109.1987,11.72669],[109.19952,11.72624],[109.19978,11.72351],[109.20124,11.72216],[109.20147,11.72097],[109.20268,11.72035],[109.20367,11.72032],[109.20461,11.71968],[109.20481,11.71752],[109.20442,11.71659],[109.20476,11.71554],[109.20565,11.71454],[109.20641,11.71456],[109.20771,11.71684],[109.2088,11.71639],[109.21065,11.71657],[109.21106,11.71714],[109.21144,11.71919],[109.21304,11.71915],[109.21358,11.71999],[109.216,11.71958],[109.21692,11.71991],[109.21754,11.71912],[109.21825,11.71722],[109.2191,11.71684],[109.22034,11.71687],[109.22154,11.71758],[109.22186,11.71897],[109.22255,11.72013],[109.22473,11.72106],[109.22655,11.72077],[109.22818,11.72088],[109.2297,11.72256],[109.23039,11.72372],[109.23167,11.72436],[109.23224,11.7254],[109.23208,11.72637],[109.23333,11.72736],[109.23275,11.7285],[109.2323,11.73066],[109.23263,11.73207],[109.23191,11.73335],[109.23118,11.73597],[109.23094,11.73873],[109.23152,11.73955],[109.23104,11.74297],[109.23031,11.74422],[109.2308,11.74521],[109.23061,11.74656],[109.23109,11.74774],[109.23039,11.74827],[109.22821,11.74787],[109.22704,11.74725],[109.22576,11.74535],[109.22453,11.74545],[109.22347,11.74642],[109.22128,11.74725],[109.22071,11.74831],[109.2216,11.74938],[109.22261,11.74949],[109.22307,11.75077],[109.22413,11.75117],[109.22501,11.75204],[109.22677,11.75171],[109.22777,11.75263],[109.22807,11.75429],[109.2279,11.75566],[109.22582,11.75696],[109.22508,11.7568],[109.22323,11.75541],[109.22234,11.75389],[109.22098,11.75436],[109.22098,11.75609],[109.21923,11.75436],[109.21696,11.75576],[109.21716,11.75609],[109.21661,11.75765],[109.21578,11.75759],[109.2149,11.75694],[109.21332,11.75773],[109.21209,11.75871],[109.21129,11.76063],[109.2124,11.76201],[109.21342,11.76231],[109.21392,11.76349],[109.21452,11.76391],[109.21368,11.76599],[109.21235,11.76783],[109.2121,11.77126],[109.2105,11.77169],[109.21027,11.77297],[109.20787,11.77349],[109.20751,11.77484],[109.20632,11.77451],[109.20429,11.77514],[109.20283,11.77618],[109.20118,11.77796],[109.202,11.77946],[109.20105,11.78052],[109.19956,11.7805],[109.19787,11.78185],[109.19466,11.78528],[109.19314,11.78592],[109.19252,11.78575],[109.19194,11.7868],[109.18964,11.78562],[109.18893,11.78609],[109.18654,11.7848],[109.18614,11.78414],[109.1849,11.78372],[109.18369,11.78239],[109.18007,11.7812],[109.17904,11.78051],[109.17858,11.77937],[109.17645,11.77907],[109.1758,11.77764],[109.17312,11.77569],[109.17226,11.77554],[109.17078,11.77439],[109.16995,11.77322],[109.16713,11.77132],[109.16499,11.77028],[109.16291,11.76994],[109.16218,11.76906],[109.16042,11.76819],[109.1577,11.76658],[109.15541,11.76595],[109.154,11.76483],[109.15154,11.76502],[109.15095,11.76462],[109.14874,11.76171],[109.14513,11.75974],[109.14493,11.75863],[109.14385,11.75746],[109.14361,11.75565],[109.14374,11.75368],[109.14339,11.75089],[109.1424,11.74971],[109.14266,11.74853],[109.14264,11.7463],[109.14172,11.74429],[109.13958,11.74059],[109.13735,11.74116],[109.13618,11.74049],[109.1349,11.74031],[109.13364,11.73777],[109.13188,11.73527],[109.13088,11.73319],[109.13002,11.73247],[109.12839,11.7324],[109.12683,11.73078],[109.12576,11.72883],[109.12564,11.72804],[109.12577,11.72709],[109.1253,11.72516],[109.12554,11.72363],[109.12715,11.72227],[109.12715,11.71969],[109.12923,11.7179],[109.1292,11.71605],[109.12951,11.71452],[109.12924,11.7119],[109.12857,11.71053],[109.12876,11.70966],[109.12812,11.7084],[109.12838,11.70702],[109.12656,11.7064],[109.12599,11.70508],[109.12575,11.70287],[109.12476,11.70002],[109.12542,11.6976],[109.12551,11.69462],[109.12647,11.69404],[109.12668,11.69269],[109.12631,11.6916],[109.12673,11.69039],[109.12683,11.68837],[109.12728,11.68745],[109.12814,11.68674],[109.12839,11.68557],[109.12831,11.68307],[109.12695,11.68126],[109.12732,11.68003],[109.1271,11.67867],[109.12655,11.67795],[109.12668,11.67689],[109.12773,11.67397],[109.12746,11.67198],[109.12849,11.67127],[109.12913,11.66834],[109.12916,11.66542],[109.12895,11.66392],[109.1299,11.66321],[109.1297,11.66011],[109.12923,11.65902],[109.12882,11.65612],[109.12835,11.65472],[109.12814,11.65294],[109.12915,11.6515],[109.13014,11.64965],[109.13012,11.64747],[109.13063,11.64693],[109.12999,11.64547],[109.12942,11.64497],[109.12827,11.64266],[109.12776,11.64102],[109.1262,11.63976],[109.12591,11.63855],[109.12508,11.63772],[109.12375,11.63706],[109.12289,11.63611],[109.12192,11.63424],[109.12038,11.63428],[109.119,11.63393],[109.11766,11.63228],[109.11613,11.63201],[109.11456,11.63138],[109.11269,11.63004],[109.11241,11.62891],[109.11055,11.62829],[109.10943,11.62871],[109.10768,11.62991],[109.10524,11.63074],[109.10097,11.63094],[109.10001,11.63267],[109.09075,11.64139],[109.08783,11.64093],[109.08575,11.64044],[109.08548,11.64125],[109.08435,11.64156],[109.08347,11.64115],[109.08204,11.642],[109.08052,11.64163],[109.07968,11.63988],[109.07894,11.63933],[109.07699,11.63867],[109.07518,11.63777],[109.07467,11.63677],[109.07457,11.63508],[109.07682,11.63429],[109.07854,11.63423],[109.07939,11.63104],[109.08097,11.62851],[109.08173,11.62787],[109.08069,11.627],[109.08072,11.62623],[109.08019,11.62397],[109.07756,11.61647],[109.07772,11.6139],[109.07756,11.61209],[109.07548,11.60585],[109.07915,11.60458],[109.07792,11.60123],[109.07574,11.59825],[109.07828,11.5965],[109.07863,11.59444],[109.07677,11.59416],[109.07769,11.58837],[109.0773,11.58737],[109.07751,11.58622]]]]},"properties":{"a01_tinh":"diaphanhanhchinhcaptinh_sn.133","a02_xa":"diaphanhanhchinhcapxa_2025.3308","a03_ten":"Xã Vĩnh Hải","a04_tentinh":"Tỉnh Khánh Hòa","a05_truocsn":"Xã Nhơn Hải, Xã Thanh Hải, Xã Vĩnh Hải","a06_trungtamhc":"UBND xã Vĩnh Hải ","a07_dt":"161.2","a08_ds":"36879","a09_dthoai":null,"a10_web":null,"ten":"Xã Vĩnh Hải","ma":"22846","tentinh":"Tỉnh Khánh Hòa","truocsapnhap":"Xã Nhơn Hải, Xã Thanh Hải, Xã Vĩnh Hải","dientichkm2":null,"dansonguoi":null},"id":"diaphanhanhchinhcapxa_2025.3308"},
{"type":"Feature","geometry":{"type":"Polygon","coordinates":[[[109.04051,11.66206],[109.03847,11.66222],[109.03722,11.6627],[109.03783,11.66438],[109.03814,11.66727],[109.03704,11.66665],[109.03564,11.66395],[109.03355,11.66473],[109.03157,11.66729],[109.03073,11.66713],[109.03009,11.66561],[109.02809,11.66209],[109.02778,11.66127],[109.02408,11.66376],[109.02368,11.6627],[109.02255,11.66299],[109.02184,11.66147],[109.02027,11.66228],[109.019,11.66259],[109.01791,11.66397],[109.01538,11.66402],[109.01452,11.66521],[109.01348,11.66558],[109.01259,11.66466],[109.01174,11.6648],[109.01071,11.66574],[109.01062,11.66672],[109.00994,11.6683],[109.00876,11.66948],[109.00585,11.67128],[109.00547,11.67167],[109.00525,11.67363],[109.0043,11.67456],[109.00467,11.67733],[109.004,11.67772],[109.00369,11.67909],[109.00308,11.68032],[109.00305,11.68237],[109.0027,11.68279],[109.00287,11.68474],[109.00206,11.68519],[109.00175,11.68638],[108.99983,11.68721],[108.99933,11.68853],[108.99437,11.68448],[108.99407,11.68381],[108.99302,11.68444],[108.99227,11.68433],[108.99119,11.68254],[108.99005,11.68303],[108.98972,11.68156],[108.98849,11.68218],[108.98832,11.68103],[108.98747,11.68115],[108.98511,11.67719],[108.98563,11.67616],[108.98482,11.67459],[108.98319,11.67498],[108.97669,11.67096],[108.97484,11.67099],[108.97485,11.6704],[108.97387,11.66961],[108.97063,11.66917],[108.9679,11.66644],[108.96912,11.66623],[108.96919,11.66533],[108.96832,11.66522],[108.9672,11.66575],[108.96649,11.6651],[108.96741,11.66335],[108.96576,11.66349],[108.96301,11.66117],[108.96354,11.66013],[108.96245,11.65898],[108.96234,11.65798],[108.96509,11.65512],[108.96731,11.65261],[108.97019,11.64983],[108.97261,11.64726],[108.96763,11.6401],[108.96302,11.63412],[108.96181,11.63199],[108.96051,11.6306],[108.95526,11.6236],[108.95735,11.62222],[108.95982,11.62135],[108.96122,11.61959],[108.9619,11.61998],[108.96421,11.62213],[108.96649,11.62289],[108.96697,11.62359],[108.96826,11.62224],[108.972,11.61779],[108.97328,11.61681],[108.97415,11.61739],[108.97498,11.61667],[108.97591,11.61661],[108.97619,11.61729],[108.97788,11.61923],[108.97848,11.62033],[108.9829,11.61645],[108.98503,11.61611],[108.98702,11.61624],[108.98874,11.61494],[108.99034,11.61501],[108.99145,11.61388],[108.99221,11.61394],[108.99287,11.61331],[108.99337,11.61505],[108.99407,11.61457],[108.99833,11.60964],[109.00094,11.6111],[108.99794,11.61279],[108.99758,11.61388],[108.99793,11.61486],[109.00118,11.61835],[109.0024,11.61855],[109.00316,11.6196],[109.00266,11.62022],[109.00361,11.62221],[109.00522,11.62472],[109.00636,11.62539],[109.00779,11.6255],[109.00831,11.62585],[109.00962,11.62585],[109.01249,11.62545],[109.0149,11.62255],[109.01573,11.6195],[109.01513,11.61887],[109.01541,11.61793],[109.0172,11.61892],[109.01763,11.61837],[109.02823,11.62265],[109.03262,11.63951],[109.03442,11.64373],[109.03399,11.64608],[109.03388,11.64905],[109.0347,11.64968],[109.03503,11.65101],[109.03477,11.65385],[109.03443,11.65496],[109.03577,11.65703],[109.03569,11.65769],[109.03687,11.66024],[109.03823,11.66077],[109.03993,11.66106],[109.04051,11.66206]]]},"properties":{"a01_tinh":"diaphanhanhchinhcaptinh_sn.133","a02_xa":"diaphanhanhchinhcapxa_2025.1155","a03_ten":"Xã Xuân Hải","a04_tentinh":"Tỉnh Khánh Hòa","a05_truocsn":"Xã Hộ Hải, Xã Tân Hải, Xã Xuân Hải","a06_trungtamhc":"UBND xã Hộ Hải","a07_dt":"43.4","a08_ds":"45104","a09_dthoai":null,"a10_web":null,"ten":"Xã Xuân Hải","ma":"22861","tentinh":"Tỉnh Khánh Hòa","truocsapnhap":"Xã Hộ Hải, Xã Tân Hải, Xã Xuân Hải","dientichkm2":null,"dansonguoi":null},"id":"diaphanhanhchinhcapxa_2025.1155"}
]}