{"type":"FeatureCollection", "features": [
{"type":"Feature","geometry":{"type":"Polygon","coordinates":[[[105.84477,21.47185],[105.84537,21.47236],[105.84575,21.47414],[105.84277,21.47741],[105.8412,21.48233],[105.83853,21.48643],[105.84059,21.48812],[105.8413,21.48795],[105.84256,21.48947],[105.84361,21.48962],[105.8443,21.49359],[105.84271,21.49523],[105.84196,21.49681],[105.84235,21.49722],[105.84099,21.49888],[105.83954,21.50109],[105.83776,21.50259],[105.83793,21.50498],[105.83772,21.50572],[105.83645,21.50593],[105.83589,21.50874],[105.83636,21.50961],[105.83557,21.51116],[105.83249,21.51123],[105.83196,21.51168],[105.83124,21.51366],[105.83152,21.51463],[105.83161,21.51891],[105.82783,21.52187],[105.82712,21.52326],[105.82564,21.52346],[105.82458,21.5247],[105.82357,21.52464],[105.82246,21.52413],[105.82263,21.52304],[105.82204,21.52158],[105.82097,21.52251],[105.81859,21.52147],[105.81745,21.52026],[105.81546,21.52024],[105.81531,21.51726],[105.81548,21.5161],[105.81366,21.51454],[105.81379,21.51297],[105.81433,21.51128],[105.81416,21.51028],[105.81197,21.50893],[105.8146,21.50748],[105.81593,21.50638],[105.81873,21.50598],[105.82112,21.50511],[105.82006,21.50249],[105.81948,21.50174],[105.81733,21.50066],[105.81645,21.49902],[105.81671,21.49692],[105.81796,21.49633],[105.81858,21.49533],[105.81954,21.49244],[105.81882,21.491],[105.81809,21.49067],[105.81774,21.48901],[105.81806,21.48593],[105.81889,21.48274],[105.81814,21.48229],[105.81765,21.48096],[105.81639,21.48117],[105.81576,21.48218],[105.81479,21.48203],[105.81403,21.48301],[105.81305,21.48257],[105.81227,21.48379],[105.81092,21.48384],[105.80929,21.48315],[105.80876,21.48437],[105.80671,21.48287],[105.80556,21.48238],[105.8037,21.48055],[105.80186,21.48122],[105.80104,21.48067],[105.79952,21.47782],[105.79647,21.47713],[105.79564,21.47568],[105.79444,21.47548],[105.79326,21.47331],[105.79322,21.47096],[105.79449,21.46953],[105.79685,21.46834],[105.79501,21.46655],[105.79296,21.46354],[105.79349,21.46188],[105.7949,21.46043],[105.79576,21.45892],[105.79644,21.45528],[105.79705,21.45453],[105.79993,21.45323],[105.80085,21.45253],[105.8017,21.45075],[105.80425,21.44999],[105.80559,21.44991],[105.80767,21.45229],[105.81027,21.4536],[105.81239,21.45359],[105.81377,21.45476],[105.81554,21.45536],[105.81811,21.45766],[105.81955,21.45848],[105.82176,21.45865],[105.82263,21.45798],[105.82289,21.45691],[105.82405,21.45512],[105.82558,21.45504],[105.82621,21.45569],[105.82549,21.45769],[105.82563,21.45897],[105.82476,21.46071],[105.82348,21.46198],[105.82007,21.4631],[105.81922,21.46398],[105.81958,21.46552],[105.82019,21.46597],[105.82292,21.46676],[105.82333,21.46781],[105.82208,21.46928],[105.82354,21.46951],[105.83091,21.46954],[105.84477,21.47185]]]},"properties":{"a01_tinh":"diaphanhanhchinhcaptinh_sn.101","a02_xa":"diaphanhanhchinhcapxa_2025.1203","a03_ten":"Phường Bá Xuyên","a04_tentinh":"Tỉnh Thái Nguyên","a05_truocsn":"Phường Mỏ Chè, Phường Châu Sơn, Xã Bá Xuyên","a06_trungtamhc":"Trụ sở Đảng ủy, HĐND, UBND xã Bá Xuyên","a07_dt":"21.13","a08_ds":"20065","a09_dthoai":null,"a10_web":null,"ten":"Phường Bá Xuyên","ma":"05533","tentinh":"Tỉnh Thái Nguyên","truocsapnhap":"Phường Mỏ Chè, Phường Châu Sơn, Xã Bá Xuyên","dientichkm2":null,"dansonguoi":null},"id":"diaphanhanhchinhcapxa_2025.1203"},
{"type":"Feature","geometry":{"type":"Polygon","coordinates":[[[105.83923,22.1538],[105.83681,22.15331],[105.83515,22.15328],[105.83273,22.15268],[105.83038,22.1526],[105.82741,22.15119],[105.82501,22.15155],[105.8228,22.15349],[105.82196,22.15481],[105.82068,22.15606],[105.81857,22.15603],[105.8175,22.15445],[105.8156,22.15358],[105.81555,22.15183],[105.81637,22.15018],[105.81463,22.14872],[105.81453,22.1477],[105.81363,22.14695],[105.81218,22.14713],[105.81081,22.14866],[105.80901,22.1489],[105.80656,22.14813],[105.80701,22.14698],[105.80672,22.14533],[105.80549,22.14535],[105.80471,22.14684],[105.80331,22.1465],[105.80313,22.14429],[105.8011,22.14406],[105.79914,22.14291],[105.79853,22.14216],[105.79909,22.14112],[105.79775,22.14053],[105.79708,22.1395],[105.79539,22.13922],[105.7975,22.13907],[105.79877,22.13735],[105.79937,22.13549],[105.8039,22.13638],[105.80425,22.13623],[105.80402,22.13366],[105.80312,22.13147],[105.80225,22.13094],[105.80208,22.12971],[105.8002,22.12894],[105.79944,22.12793],[105.79923,22.12402],[105.79847,22.12305],[105.79793,22.12094],[105.79852,22.11952],[105.7984,22.11833],[105.80012,22.1151],[105.79922,22.11257],[105.79863,22.11166],[105.79711,22.11068],[105.79734,22.1078],[105.79656,22.10579],[105.79627,22.10422],[105.79736,22.10153],[105.79796,22.10071],[105.79949,22.09894],[105.80099,22.09798],[105.80115,22.09646],[105.80387,22.09553],[105.80663,22.09523],[105.80754,22.09436],[105.80971,22.09295],[105.81139,22.09234],[105.81208,22.09264],[105.81275,22.09393],[105.81365,22.09451],[105.81617,22.09273],[105.81675,22.09079],[105.82004,22.08905],[105.82103,22.086],[105.8233,22.08502],[105.82425,22.08587],[105.82512,22.08571],[105.82862,22.08676],[105.82952,22.08727],[105.83073,22.08938],[105.8328,22.09047],[105.83399,22.09045],[105.83531,22.08989],[105.83651,22.09057],[105.83739,22.09196],[105.83984,22.09303],[105.84154,22.09323],[105.84252,22.09262],[105.8444,22.0923],[105.84505,22.09178],[105.84769,22.09163],[105.8521,22.09],[105.85441,22.08979],[105.85697,22.08767],[105.85669,22.08518],[105.85568,22.0845],[105.85564,22.08311],[105.85903,22.07962],[105.85881,22.07745],[105.85831,22.07551],[105.85679,22.0711],[105.85775,22.0695],[105.8582,22.0674],[105.8597,22.06419],[105.85957,22.06347],[105.86303,22.06336],[105.86386,22.06457],[105.8666,22.06609],[105.86673,22.06473],[105.86727,22.06415],[105.86716,22.06292],[105.86881,22.0619],[105.87078,22.06228],[105.87288,22.06422],[105.87332,22.06503],[105.87357,22.06698],[105.87441,22.06774],[105.8747,22.0696],[105.87535,22.0707],[105.87689,22.07119],[105.8796,22.06974],[105.88093,22.07163],[105.88249,22.0724],[105.8831,22.07381],[105.88261,22.07584],[105.88487,22.07565],[105.88759,22.07381],[105.89079,22.07273],[105.8932,22.06977],[105.89479,22.06864],[105.89604,22.07032],[105.89708,22.07511],[105.89852,22.07812],[105.89921,22.08042],[105.89999,22.08203],[105.90224,22.08432],[105.90374,22.08484],[105.90616,22.08416],[105.90724,22.08352],[105.90913,22.08163],[105.91043,22.08158],[105.91276,22.08396],[105.91527,22.08377],[105.91673,22.08409],[105.91727,22.08478],[105.91919,22.08461],[105.92069,22.08404],[105.92221,22.08138],[105.92377,22.08066],[105.92624,22.08067],[105.92693,22.08153],[105.92675,22.08246],[105.92734,22.08334],[105.92878,22.08416],[105.92957,22.08674],[105.93066,22.08754],[105.93108,22.0889],[105.93079,22.08955],[105.92943,22.08999],[105.92938,22.09213],[105.92771,22.09322],[105.92774,22.09398],[105.92585,22.09572],[105.92345,22.09697],[105.92272,22.09796],[105.92252,22.09948],[105.92128,22.10073],[105.9215,22.10235],[105.92116,22.10363],[105.92249,22.10568],[105.92207,22.10812],[105.92231,22.11033],[105.92278,22.11111],[105.9245,22.11147],[105.92571,22.11294],[105.92462,22.11534],[105.92441,22.11718],[105.92349,22.11864],[105.9239,22.12078],[105.92332,22.12255],[105.92034,22.12312],[105.91891,22.12174],[105.91638,22.12194],[105.91555,22.12316],[105.91284,22.12389],[105.91151,22.12373],[105.91028,22.12483],[105.90922,22.12475],[105.90699,22.12645],[105.90549,22.12667],[105.9025,22.1278],[105.90085,22.12756],[105.89774,22.12764],[105.89596,22.12671],[105.8943,22.12674],[105.89283,22.12555],[105.89331,22.12424],[105.89178,22.12329],[105.88934,22.123],[105.88789,22.12361],[105.88716,22.12466],[105.88466,22.12565],[105.88379,22.1287],[105.88485,22.13176],[105.88445,22.13273],[105.88456,22.13402],[105.88517,22.13546],[105.88425,22.13692],[105.88285,22.13699],[105.88099,22.13634],[105.87891,22.13666],[105.87764,22.13637],[105.87689,22.1349],[105.87459,22.13607],[105.87233,22.135],[105.87137,22.13497],[105.8703,22.13365],[105.86872,22.13332],[105.86773,22.13248],[105.86671,22.13331],[105.86548,22.13365],[105.8635,22.13505],[105.8619,22.13362],[105.86138,22.13251],[105.8601,22.13203],[105.8588,22.13044],[105.85796,22.1288],[105.857,22.12815],[105.85555,22.12788],[105.85457,22.12829],[105.85265,22.12817],[105.8513,22.12977],[105.84886,22.13053],[105.84578,22.13076],[105.84335,22.13045],[105.84301,22.13194],[105.84028,22.13308],[105.83915,22.13578],[105.83771,22.13605],[105.83607,22.13703],[105.83613,22.1383],[105.83486,22.1411],[105.83549,22.14204],[105.83153,22.14441],[105.83167,22.14614],[105.8338,22.15069],[105.83454,22.15107],[105.83769,22.1513],[105.83895,22.15288],[105.83923,22.1538]]]},"properties":{"a01_tinh":"diaphanhanhchinhcaptinh_sn.101","a02_xa":"diaphanhanhchinhcapxa_2025.1240","a03_ten":"Phường Bắc Kạn","a04_tentinh":"Tỉnh Thái Nguyên","a05_truocsn":"Phường Sông Cầu, Phường Phùng Chí Kiên, Phường Xuất Hóa, Xã Nông Thượng","a06_trungtamhc":"Trụ sở Đảng ủy, HĐND, UBND Thành ủy - HĐND - UBND TP Bắc Kạn","a07_dt":"72","a08_ds":"25387","a09_dthoai":null,"a10_web":null,"ten":"Phường Bắc Kạn","ma":"01843","tentinh":"Tỉnh Thái Nguyên","truocsapnhap":"Phường Sông Cầu, Phường Phùng Chí Kiên, Phường Xuất Hóa, Xã Nông Thượng","dientichkm2":null,"dansonguoi":null},"id":"diaphanhanhchinhcapxa_2025.1240"},
{"type":"Feature","geometry":{"type":"Polygon","coordinates":[[[105.90787,21.54042],[105.90595,21.54132],[105.90473,21.54222],[105.90343,21.54254],[105.90139,21.54198],[105.8998,21.54017],[105.89798,21.53988],[105.89659,21.54069],[105.89614,21.54285],[105.89525,21.54196],[105.8953,21.54042],[105.89492,21.53926],[105.8925,21.53966],[105.88985,21.53773],[105.89069,21.53493],[105.89152,21.53368],[105.89117,21.53242],[105.88988,21.53176],[105.88985,21.53047],[105.88773,21.52918],[105.88608,21.52734],[105.88491,21.52333],[105.88532,21.52147],[105.88432,21.51928],[105.88204,21.51841],[105.8814,21.5174],[105.87925,21.51632],[105.87995,21.51865],[105.87942,21.52107],[105.87786,21.52069],[105.87556,21.5217],[105.87625,21.52355],[105.87458,21.52439],[105.87369,21.52321],[105.87177,21.52212],[105.87227,21.5217],[105.87165,21.52043],[105.87032,21.51887],[105.8705,21.51763],[105.86972,21.51548],[105.86823,21.51812],[105.86869,21.52118],[105.86747,21.52498],[105.86647,21.52469],[105.86484,21.52307],[105.8646,21.52245],[105.8626,21.52194],[105.86234,21.52134],[105.85888,21.52273],[105.85795,21.52263],[105.85785,21.52377],[105.85644,21.52377],[105.85559,21.52222],[105.85394,21.52183],[105.85336,21.52252],[105.85155,21.52329],[105.84949,21.52165],[105.8482,21.52191],[105.84527,21.52412],[105.84476,21.5238],[105.84209,21.52458],[105.84099,21.52572],[105.84135,21.52673],[105.84002,21.52749],[105.83983,21.52856],[105.83754,21.52965],[105.83455,21.52945],[105.83316,21.5291],[105.83227,21.52996],[105.82998,21.52968],[105.8277,21.52972],[105.82704,21.53091],[105.82629,21.53104],[105.82394,21.52964],[105.82284,21.52736],[105.8233,21.52659],[105.82357,21.52464],[105.82458,21.5247],[105.82564,21.52346],[105.82712,21.52326],[105.82783,21.52187],[105.83161,21.51891],[105.83152,21.51463],[105.83124,21.51366],[105.83196,21.51168],[105.83249,21.51123],[105.83557,21.51116],[105.83636,21.50961],[105.83589,21.50874],[105.83645,21.50593],[105.83772,21.50572],[105.83793,21.50498],[105.83776,21.50259],[105.83954,21.50109],[105.84099,21.49888],[105.84235,21.49722],[105.84196,21.49681],[105.84271,21.49523],[105.8443,21.49359],[105.84361,21.48962],[105.84256,21.48947],[105.8413,21.48795],[105.84059,21.48812],[105.83853,21.48643],[105.8412,21.48233],[105.84277,21.47741],[105.84575,21.47414],[105.84537,21.47236],[105.84477,21.47185],[105.84596,21.4713],[105.84584,21.46886],[105.84701,21.46757],[105.84875,21.46889],[105.85099,21.4687],[105.85456,21.46948],[105.85476,21.46814],[105.85646,21.46822],[105.85826,21.47132],[105.85982,21.47125],[105.86103,21.47183],[105.86287,21.47192],[105.86555,21.4732],[105.86754,21.47265],[105.86849,21.47485],[105.86994,21.47738],[105.87297,21.48059],[105.87405,21.48289],[105.87565,21.48289],[105.87812,21.48565],[105.87803,21.48709],[105.8812,21.48799],[105.8809,21.48852],[105.88359,21.48984],[105.88479,21.4908],[105.88593,21.49157],[105.88577,21.49246],[105.88737,21.49342],[105.88718,21.49468],[105.88783,21.49611],[105.88854,21.49672],[105.89043,21.49719],[105.89232,21.49901],[105.89209,21.49955],[105.8939,21.50096],[105.89385,21.50206],[105.89461,21.50292],[105.89456,21.50453],[105.89571,21.50618],[105.8961,21.50778],[105.89856,21.50965],[105.89876,21.51092],[105.89986,21.51239],[105.90271,21.51271],[105.90474,21.51427],[105.90448,21.51547],[105.90556,21.51717],[105.90669,21.5168],[105.90764,21.5154],[105.90866,21.51554],[105.90858,21.51436],[105.91181,21.51547],[105.91349,21.51647],[105.91464,21.51892],[105.9137,21.52102],[105.91236,21.52326],[105.91016,21.52517],[105.90731,21.52894],[105.90584,21.53164],[105.90591,21.53421],[105.90834,21.53655],[105.90899,21.53765],[105.90877,21.53941],[105.90787,21.54042]]]},"properties":{"a01_tinh":"diaphanhanhchinhcaptinh_sn.101","a02_xa":"diaphanhanhchinhcapxa_2025.1202","a03_ten":"Phường Bách Quang","a04_tentinh":"Tỉnh Thái Nguyên","a05_truocsn":"Phường Lương Sơn, Phường Bách Quang, Xã Tân Quang","a06_trungtamhc":"Trụ sở Đảng ủy, HĐND, UBND phường Bách Quang","a07_dt":"35.02","a08_ds":"26668","a09_dthoai":null,"a10_web":null,"ten":"Phường Bách Quang","ma":"05528","tentinh":"Tỉnh Thái Nguyên","truocsapnhap":"Phường Lương Sơn, Phường Bách Quang, Xã Tân Quang","dientichkm2":null,"dansonguoi":null},"id":"diaphanhanhchinhcapxa_2025.1202"},
{"type":"Feature","geometry":{"type":"Polygon","coordinates":[[[105.88425,22.13692],[105.88373,22.14118],[105.88417,22.14404],[105.88532,22.14506],[105.8856,22.14766],[105.8854,22.1485],[105.88572,22.1514],[105.88744,22.15162],[105.88841,22.15247],[105.88968,22.15277],[105.88617,22.15629],[105.88582,22.15702],[105.88453,22.15783],[105.8831,22.15821],[105.8792,22.16046],[105.87708,22.16147],[105.87584,22.1633],[105.87396,22.16372],[105.87351,22.16516],[105.87452,22.16635],[105.87327,22.16914],[105.87218,22.16924],[105.87042,22.17081],[105.86911,22.16987],[105.86809,22.17115],[105.86616,22.17207],[105.86515,22.17308],[105.86551,22.17485],[105.86531,22.17596],[105.86451,22.17693],[105.86491,22.17805],[105.86445,22.17944],[105.86523,22.18031],[105.86533,22.182],[105.86754,22.18392],[105.86706,22.18577],[105.86652,22.18623],[105.86123,22.18585],[105.86023,22.18638],[105.85892,22.18584],[105.85879,22.18706],[105.85768,22.18683],[105.85594,22.18787],[105.85563,22.18889],[105.85467,22.1896],[105.85439,22.19066],[105.85261,22.19098],[105.85262,22.19265],[105.85213,22.1934],[105.85077,22.19416],[105.8494,22.19418],[105.84751,22.19324],[105.84409,22.19618],[105.84259,22.19709],[105.84137,22.19735],[105.84164,22.19956],[105.84096,22.20094],[105.83871,22.20123],[105.83787,22.20061],[105.83588,22.20041],[105.83348,22.20064],[105.83091,22.20184],[105.82807,22.20461],[105.82524,22.2059],[105.82338,22.20627],[105.82145,22.20837],[105.8195,22.20932],[105.81859,22.21031],[105.81627,22.21132],[105.81388,22.21185],[105.81162,22.2127],[105.81028,22.21228],[105.80777,22.21277],[105.80707,22.21209],[105.80864,22.20933],[105.80907,22.20805],[105.80957,22.20495],[105.81013,22.20359],[105.80898,22.20181],[105.80851,22.20002],[105.81077,22.19934],[105.81848,22.1953],[105.81933,22.19374],[105.82023,22.19366],[105.8226,22.19241],[105.8236,22.19162],[105.82399,22.18887],[105.82526,22.18733],[105.82696,22.18646],[105.82743,22.18586],[105.82796,22.18335],[105.82682,22.18129],[105.82678,22.1795],[105.82713,22.1774],[105.82611,22.17596],[105.82575,22.17472],[105.82673,22.17391],[105.82616,22.17206],[105.82689,22.17045],[105.82838,22.16923],[105.82943,22.16772],[105.8313,22.16746],[105.83132,22.16562],[105.83352,22.16341],[105.83376,22.16171],[105.83299,22.16077],[105.83355,22.15938],[105.83491,22.15928],[105.83688,22.15869],[105.83657,22.15742],[105.83712,22.15688],[105.83786,22.15465],[105.83871,22.15486],[105.83923,22.1538],[105.83895,22.15288],[105.83769,22.1513],[105.83454,22.15107],[105.8338,22.15069],[105.83167,22.14614],[105.83153,22.14441],[105.83549,22.14204],[105.83486,22.1411],[105.83613,22.1383],[105.83607,22.13703],[105.83771,22.13605],[105.83915,22.13578],[105.84028,22.13308],[105.84301,22.13194],[105.84335,22.13045],[105.84578,22.13076],[105.84886,22.13053],[105.8513,22.12977],[105.85265,22.12817],[105.85457,22.12829],[105.85555,22.12788],[105.857,22.12815],[105.85796,22.1288],[105.8588,22.13044],[105.8601,22.13203],[105.86138,22.13251],[105.8619,22.13362],[105.8635,22.13505],[105.86548,22.13365],[105.86671,22.13331],[105.86773,22.13248],[105.86872,22.13332],[105.8703,22.13365],[105.87137,22.13497],[105.87233,22.135],[105.87459,22.13607],[105.87689,22.1349],[105.87764,22.13637],[105.87891,22.13666],[105.88099,22.13634],[105.88285,22.13699],[105.88425,22.13692]]]},"properties":{"a01_tinh":"diaphanhanhchinhcaptinh_sn.101","a02_xa":"diaphanhanhchinhcapxa_2025.1241","a03_ten":"Phường Đức Xuân","a04_tentinh":"Tỉnh Thái Nguyên","a05_truocsn":"Phường Nguyễn Thị Minh Khai, Phường Huyền Tụng, Phường Đức Xuân","a06_trungtamhc":"Trụ sở Đảng ủy, HĐND, UBND tại Sở Tài chính Bắc Kạn cũ","a07_dt":"34.46","a08_ds":"2266","a09_dthoai":null,"a10_web":null,"ten":"Phường Đức Xuân","ma":"01840","tentinh":"Tỉnh Thái Nguyên","truocsapnhap":"Phường Nguyễn Thị Minh Khai, Phường Huyền Tụng, Phường Đức Xuân","dientichkm2":null,"dansonguoi":null},"id":"diaphanhanhchinhcapxa_2025.1241"},
{"type":"Feature","geometry":{"type":"Polygon","coordinates":[[[105.91285,21.58566],[105.91232,21.58656],[105.9103,21.58416],[105.90966,21.58451],[105.90717,21.58465],[105.90486,21.58207],[105.90291,21.58183],[105.90247,21.58021],[105.90188,21.57983],[105.899,21.58208],[105.89817,21.5823],[105.8971,21.58106],[105.89639,21.57948],[105.89511,21.57966],[105.89051,21.57948],[105.88845,21.57904],[105.87688,21.57478],[105.87271,21.57268],[105.87061,21.57024],[105.86775,21.56882],[105.86591,21.56979],[105.86215,21.57496],[105.86032,21.57812],[105.86048,21.57978],[105.85751,21.58105],[105.85774,21.58158],[105.85654,21.58258],[105.85691,21.58317],[105.85601,21.58421],[105.85515,21.58427],[105.85214,21.58255],[105.85213,21.58196],[105.85025,21.58135],[105.84901,21.5824],[105.84881,21.581],[105.84159,21.57904],[105.83727,21.57867],[105.8329,21.57692],[105.83517,21.57411],[105.83642,21.57085],[105.83761,21.56888],[105.8418,21.56589],[105.84254,21.56613],[105.84397,21.56482],[105.84559,21.56504],[105.84722,21.56653],[105.84977,21.56736],[105.85249,21.56658],[105.85331,21.56754],[105.8551,21.56396],[105.85575,21.5607],[105.85704,21.55809],[105.85907,21.55516],[105.85994,21.55458],[105.8631,21.5536],[105.8677,21.54903],[105.86943,21.5475],[105.87605,21.53948],[105.87897,21.53576],[105.88141,21.53311],[105.88235,21.53482],[105.88367,21.53544],[105.8848,21.53522],[105.8866,21.53431],[105.8872,21.53468],[105.88859,21.53352],[105.88978,21.53476],[105.89069,21.53493],[105.88985,21.53773],[105.8925,21.53966],[105.89492,21.53926],[105.8953,21.54042],[105.89525,21.54196],[105.89614,21.54285],[105.89659,21.54069],[105.89798,21.53988],[105.8998,21.54017],[105.90139,21.54198],[105.90343,21.54254],[105.90473,21.54222],[105.90595,21.54132],[105.90787,21.54042],[105.90802,21.54205],[105.90769,21.54378],[105.90701,21.54429],[105.90823,21.54634],[105.90892,21.54621],[105.91091,21.54679],[105.91085,21.54886],[105.90969,21.55323],[105.90952,21.55465],[105.90973,21.55799],[105.91015,21.55952],[105.90979,21.56102],[105.90739,21.56309],[105.90877,21.56378],[105.91008,21.5636],[105.91042,21.56534],[105.91166,21.56493],[105.91302,21.56673],[105.91421,21.56691],[105.91506,21.56896],[105.91618,21.56946],[105.91475,21.57036],[105.91446,21.57154],[105.91477,21.57358],[105.91459,21.5753],[105.91351,21.57622],[105.91341,21.57751],[105.9121,21.58006],[105.91168,21.58188],[105.91289,21.58281],[105.91363,21.58425],[105.91285,21.58566]]]},"properties":{"a01_tinh":"diaphanhanhchinhcaptinh_sn.101","a02_xa":"diaphanhanhchinhcapxa_2025.1187","a03_ten":"Phường Gia Sàng","a04_tentinh":"Tỉnh Thái Nguyên","a05_truocsn":"Phường Hương Sơn, Xã Đồng Liên, Phường Gia Sàng, Phường Cam Giá","a06_trungtamhc":"Trụ sở Đảng ủy, HĐND, UBND phường Cam Giá","a07_dt":"25.47","a08_ds":"44094","a09_dthoai":null,"a10_web":null,"ten":"Phường Gia Sàng","ma":"05467","tentinh":"Tỉnh Thái Nguyên","truocsapnhap":"Phường Hương Sơn, Xã Đồng Liên, Phường Gia Sàng, Phường Cam Giá","dientichkm2":null,"dansonguoi":null},"id":"diaphanhanhchinhcapxa_2025.1187"},
{"type":"Feature","geometry":{"type":"Polygon","coordinates":[[[105.85692,21.63526],[105.85825,21.63265],[105.85764,21.63069],[105.85827,21.62982],[105.85749,21.62765],[105.85548,21.62664],[105.85467,21.62755],[105.85282,21.62681],[105.85148,21.62371],[105.84819,21.62202],[105.84627,21.62203],[105.84547,21.62352],[105.84681,21.6254],[105.84933,21.62764],[105.84813,21.6288],[105.84651,21.62772],[105.84549,21.62834],[105.84564,21.63319],[105.84465,21.63327],[105.84447,21.63181],[105.84377,21.6315],[105.84158,21.6327],[105.84112,21.63117],[105.84117,21.62987],[105.83964,21.62885],[105.83872,21.62948],[105.83876,21.63055],[105.83748,21.63067],[105.83695,21.63148],[105.83765,21.63284],[105.83791,21.63439],[105.8367,21.63423],[105.83525,21.63504],[105.83329,21.63549],[105.83231,21.63527],[105.83104,21.63603],[105.83016,21.63744],[105.82797,21.63679],[105.82718,21.63718],[105.82618,21.64006],[105.82276,21.64251],[105.8212,21.64261],[105.8197,21.64439],[105.81868,21.64432],[105.81774,21.64662],[105.81731,21.64838],[105.81525,21.64834],[105.81424,21.6487],[105.8123,21.64775],[105.80916,21.64784],[105.80675,21.64576],[105.80438,21.64293],[105.80253,21.64172],[105.80203,21.6403],[105.80183,21.63829],[105.80226,21.63669],[105.80426,21.6341],[105.80648,21.62995],[105.80789,21.62791],[105.80808,21.62566],[105.80677,21.62304],[105.8062,21.62096],[105.80611,21.61935],[105.8072,21.6185],[105.81112,21.6164],[105.81569,21.61418],[105.81692,21.61377],[105.82114,21.61288],[105.82363,21.6116],[105.82692,21.61173],[105.82931,21.61256],[105.83071,21.61346],[105.83367,21.61601],[105.83484,21.61658],[105.83632,21.61674],[105.83803,21.61629],[105.83855,21.6148],[105.83815,21.61274],[105.83732,21.61108],[105.83518,21.60817],[105.83378,21.60384],[105.83354,21.60093],[105.83416,21.59992],[105.83607,21.59896],[105.83822,21.59849],[105.8402,21.59904],[105.84035,21.60002],[105.84166,21.60182],[105.84401,21.60384],[105.84663,21.60454],[105.85377,21.60579],[105.85571,21.60563],[105.85702,21.60516],[105.85743,21.60405],[105.85608,21.59723],[105.8562,21.59581],[105.85719,21.59396],[105.85984,21.5918],[105.86306,21.58778],[105.8647,21.58605],[105.86561,21.58417],[105.86482,21.5824],[105.86377,21.58153],[105.86048,21.57978],[105.86032,21.57812],[105.86215,21.57496],[105.86591,21.56979],[105.86775,21.56882],[105.87061,21.57024],[105.87271,21.57268],[105.87688,21.57478],[105.88845,21.57904],[105.89051,21.57948],[105.89511,21.57966],[105.89639,21.57948],[105.8971,21.58106],[105.89625,21.58198],[105.89628,21.58285],[105.89516,21.58507],[105.89428,21.58482],[105.89339,21.58549],[105.89201,21.58583],[105.88955,21.58739],[105.88893,21.59071],[105.88794,21.59139],[105.88858,21.59246],[105.88643,21.59619],[105.88351,21.5968],[105.88291,21.59557],[105.88166,21.59589],[105.88162,21.59484],[105.87935,21.59377],[105.87649,21.59623],[105.87696,21.59711],[105.87817,21.59736],[105.87934,21.59946],[105.88171,21.60026],[105.88101,21.60114],[105.88079,21.60316],[105.88216,21.60381],[105.88248,21.60293],[105.88535,21.60118],[105.88593,21.60176],[105.88725,21.60163],[105.88748,21.60248],[105.8889,21.60358],[105.89279,21.6023],[105.89394,21.60153],[105.89396,21.60006],[105.89516,21.59988],[105.89604,21.59822],[105.89684,21.59965],[105.89666,21.60057],[105.89501,21.60105],[105.89527,21.60262],[105.89661,21.60268],[105.89713,21.60326],[105.89693,21.60454],[105.89798,21.60608],[105.89813,21.60733],[105.89747,21.60829],[105.8971,21.61083],[105.89864,21.61176],[105.89999,21.61115],[105.90236,21.6124],[105.90281,21.61528],[105.90463,21.61645],[105.90467,21.61916],[105.90515,21.62016],[105.90455,21.62116],[105.90411,21.62392],[105.90359,21.62433],[105.90189,21.62456],[105.90132,21.62541],[105.89957,21.62615],[105.89721,21.62644],[105.89409,21.62617],[105.89306,21.62687],[105.892,21.62827],[105.88921,21.63079],[105.88799,21.63051],[105.88591,21.62934],[105.88446,21.62919],[105.88277,21.62858],[105.88025,21.62878],[105.87882,21.62992],[105.87781,21.63015],[105.87482,21.63015],[105.87425,21.63136],[105.87314,21.63187],[105.87021,21.63221],[105.86925,21.63319],[105.86665,21.63248],[105.86429,21.63272],[105.86289,21.63416],[105.86241,21.63579],[105.85871,21.6367],[105.85692,21.63526]]]},"properties":{"a01_tinh":"diaphanhanhchinhcaptinh_sn.101","a02_xa":"diaphanhanhchinhcapxa_2025.1192","a03_ten":"Phường Linh Sơn","a04_tentinh":"Tỉnh Thái Nguyên","a05_truocsn":"Phường Chùa Hang, Phường Đồng Bẩm, Xã Cao Ngạn, Xã Huống Thượng, Xã Linh Sơn","a06_trungtamhc":"Trụ sở Đảng ủy, HĐND, UBND phường Đồng Bẩm","a07_dt":"39.28","a08_ds":"46733","a09_dthoai":null,"a10_web":null,"ten":"Phường Linh Sơn","ma":"05710","tentinh":"Tỉnh Thái Nguyên","truocsapnhap":"Phường Chùa Hang, Phường Đồng Bẩm, Xã Cao Ngạn, Xã Huống Thượng, Xã Linh Sơn","dientichkm2":null,"dansonguoi":null},"id":"diaphanhanhchinhcapxa_2025.1192"},
{"type":"Feature","geometry":{"type":"Polygon","coordinates":[[[105.86048,21.57978],[105.86377,21.58153],[105.86482,21.5824],[105.86561,21.58417],[105.8647,21.58605],[105.86306,21.58778],[105.85984,21.5918],[105.85719,21.59396],[105.8562,21.59581],[105.85608,21.59723],[105.85743,21.60405],[105.85702,21.60516],[105.85571,21.60563],[105.85377,21.60579],[105.84663,21.60454],[105.84401,21.60384],[105.84166,21.60182],[105.84035,21.60002],[105.8402,21.59904],[105.83822,21.59849],[105.83607,21.59896],[105.83416,21.59992],[105.83354,21.60093],[105.83172,21.60083],[105.82716,21.6026],[105.82597,21.60346],[105.82622,21.6047],[105.82514,21.6051],[105.82515,21.60323],[105.82345,21.60316],[105.82188,21.60383],[105.82086,21.60489],[105.8195,21.60188],[105.8188,21.60082],[105.81618,21.60093],[105.81403,21.59868],[105.81512,21.59648],[105.81274,21.59549],[105.81285,21.59416],[105.81095,21.59357],[105.81011,21.59163],[105.8062,21.59058],[105.80493,21.59096],[105.80695,21.58727],[105.80822,21.58537],[105.80743,21.5839],[105.80691,21.58146],[105.81195,21.57801],[105.81822,21.57277],[105.81997,21.57095],[105.82288,21.56691],[105.82404,21.56649],[105.82535,21.56697],[105.82532,21.56849],[105.82806,21.57107],[105.82855,21.57182],[105.82941,21.57493],[105.82989,21.57565],[105.8329,21.57692],[105.83727,21.57867],[105.84159,21.57904],[105.84881,21.581],[105.84901,21.5824],[105.85025,21.58135],[105.85213,21.58196],[105.85214,21.58255],[105.85515,21.58427],[105.85601,21.58421],[105.85691,21.58317],[105.85654,21.58258],[105.85774,21.58158],[105.85751,21.58105],[105.86048,21.57978]]]},"properties":{"a01_tinh":"diaphanhanhchinhcaptinh_sn.101","a02_xa":"diaphanhanhchinhcapxa_2025.1186","a03_ten":"Phường Phan Đình Phùng","a04_tentinh":"Tỉnh Thái Nguyên","a05_truocsn":"Phường Trưng Vương, Phường Túc Duyên, Phường Đồng Quang, Phường Quang Trung, Phường Hoàng Văn Thụ, Phường Tân Thịnh, Phường Phan Đình Phùng, Phường Gia Sàng","a06_trungtamhc":"Trụ sở Đảng ủy, HĐND, UBND","a07_dt":"14.73","a08_ds":"111482","a09_dthoai":null,"a10_web":null,"ten":"Phường Phan Đình Phùng","ma":"05443","tentinh":"Tỉnh Thái Nguyên","truocsapnhap":"Phường Trưng Vương, Phường Túc Duyên, Phường Đồng Quang, Phường Quang Trung, Phường Hoàng Văn Thụ, Phường Tân Thịnh, Phường Phan Đình Phùng, Phường Gia Sàng","dientichkm2":null,"dansonguoi":null},"id":"diaphanhanhchinhcapxa_2025.1186"},
{"type":"Feature","geometry":{"type":"Polygon","coordinates":[[[105.91123,21.43315],[105.91023,21.43625],[105.9101,21.43952],[105.90866,21.44002],[105.90865,21.44136],[105.9101,21.44219],[105.90855,21.44358],[105.90969,21.44444],[105.91008,21.44567],[105.90931,21.44654],[105.91063,21.44854],[105.90943,21.44874],[105.90935,21.44987],[105.91122,21.44969],[105.91146,21.45074],[105.90972,21.45118],[105.9093,21.45275],[105.90961,21.45394],[105.9076,21.45437],[105.90697,21.45566],[105.90475,21.45721],[105.90389,21.45881],[105.90152,21.4602],[105.90031,21.45973],[105.89813,21.46062],[105.89703,21.4607],[105.89562,21.45917],[105.8956,21.45733],[105.89197,21.45727],[105.89193,21.4699],[105.88914,21.4699],[105.88913,21.47246],[105.89083,21.47246],[105.8908,21.4742],[105.89163,21.47448],[105.89128,21.47878],[105.89072,21.48149],[105.88986,21.48224],[105.89023,21.48332],[105.88952,21.4855],[105.88883,21.48885],[105.88748,21.48969],[105.88479,21.4908],[105.88359,21.48984],[105.8809,21.48852],[105.8812,21.48799],[105.87803,21.48709],[105.87812,21.48565],[105.87565,21.48289],[105.87405,21.48289],[105.87297,21.48059],[105.86994,21.47738],[105.86849,21.47485],[105.86914,21.47425],[105.87029,21.47437],[105.87043,21.47167],[105.87103,21.46877],[105.87155,21.46767],[105.87186,21.46579],[105.87317,21.46373],[105.87319,21.46265],[105.87404,21.46184],[105.87471,21.46009],[105.87464,21.45889],[105.87346,21.45749],[105.87545,21.45545],[105.87445,21.45456],[105.87337,21.45476],[105.87225,21.45402],[105.87244,21.45312],[105.87026,21.45112],[105.86871,21.45142],[105.86738,21.45055],[105.8654,21.45083],[105.86531,21.45012],[105.8641,21.44986],[105.86333,21.44899],[105.86218,21.44989],[105.86127,21.44779],[105.86325,21.44713],[105.86442,21.44638],[105.86523,21.44728],[105.86597,21.44479],[105.86734,21.44453],[105.86733,21.44341],[105.86583,21.44352],[105.86532,21.44292],[105.86375,21.44264],[105.86388,21.4419],[105.86321,21.44017],[105.86339,21.43944],[105.86221,21.43896],[105.86126,21.43982],[105.86047,21.43943],[105.86021,21.44111],[105.85866,21.4407],[105.85733,21.44096],[105.85696,21.44209],[105.85514,21.44287],[105.85401,21.44382],[105.8525,21.44415],[105.8505,21.44371],[105.84894,21.44295],[105.84777,21.44359],[105.84543,21.44406],[105.84469,21.44381],[105.84363,21.44483],[105.84091,21.44527],[105.83868,21.44451],[105.83785,21.44524],[105.83602,21.4452],[105.83405,21.44386],[105.83194,21.44432],[105.8319,21.44209],[105.83034,21.43997],[105.83013,21.43699],[105.82816,21.43697],[105.82684,21.43665],[105.82726,21.43505],[105.82698,21.43395],[105.82805,21.43219],[105.82873,21.43206],[105.8299,21.43003],[105.82931,21.42919],[105.83051,21.42748],[105.83057,21.42662],[105.82978,21.42535],[105.82956,21.42397],[105.82836,21.42409],[105.82814,21.42309],[105.82593,21.42431],[105.82474,21.42422],[105.82312,21.42309],[105.82363,21.42153],[105.8253,21.42109],[105.82541,21.41994],[105.82778,21.41826],[105.82886,21.41756],[105.8294,21.41362],[105.82996,21.41294],[105.83004,21.41117],[105.83164,21.40955],[105.83433,21.40815],[105.83333,21.40661],[105.83412,21.40506],[105.83265,21.40429],[105.83356,21.40197],[105.83465,21.40101],[105.8358,21.39907],[105.8373,21.39721],[105.83857,21.39655],[105.83952,21.39664],[105.84044,21.39816],[105.84202,21.39777],[105.8422,21.39622],[105.84344,21.39556],[105.84599,21.39552],[105.84785,21.39505],[105.84935,21.39516],[105.85195,21.39623],[105.85282,21.39616],[105.8535,21.39725],[105.8524,21.39884],[105.854,21.39912],[105.85356,21.40013],[105.85375,21.40163],[105.8529,21.40247],[105.85185,21.40253],[105.85177,21.40353],[105.85082,21.40409],[105.84964,21.40409],[105.84888,21.40505],[105.84998,21.40612],[105.85028,21.40734],[105.8513,21.40837],[105.85387,21.40844],[105.85688,21.40814],[105.85742,21.40741],[105.85893,21.40836],[105.85876,21.40686],[105.8622,21.40636],[105.8622,21.40709],[105.86336,21.40786],[105.86465,21.40955],[105.86533,21.40982],[105.86821,21.40925],[105.86876,21.40788],[105.86957,21.40748],[105.87124,21.40827],[105.87367,21.40774],[105.87452,21.40834],[105.87609,21.40734],[105.87692,21.40863],[105.87769,21.42278],[105.8799,21.42139],[105.88066,21.41952],[105.88223,21.41787],[105.88248,21.42166],[105.88369,21.4212],[105.88486,21.42307],[105.88599,21.4242],[105.8858,21.42522],[105.88952,21.42522],[105.88942,21.42748],[105.88888,21.43105],[105.9022,21.43109],[105.90466,21.43125],[105.90469,21.43357],[105.90656,21.43388],[105.90746,21.43308],[105.90871,21.43283],[105.91123,21.43315]]]},"properties":{"a01_tinh":"diaphanhanhchinhcaptinh_sn.101","a02_xa":"diaphanhanhchinhcapxa_2025.1230","a03_ten":"Phường Phổ Yên","a04_tentinh":"Tỉnh Thái Nguyên","a05_truocsn":"Phường Ba Hàng, Phường Hồng Tiến, Phường Bãi Bông, Xã Đắc Sơn","a06_trungtamhc":"Trụ sở Đảng ủy, HĐND, UBND TP Phổ Yên","a07_dt":"40.7","a08_ds":"49162","a09_dthoai":null,"a10_web":null,"ten":"Phường Phổ Yên","ma":"05860","tentinh":"Tỉnh Thái Nguyên","truocsapnhap":"Phường Ba Hàng, Phường Hồng Tiến, Phường Bãi Bông, Xã Đắc Sơn","dientichkm2":null,"dansonguoi":null},"id":"diaphanhanhchinhcapxa_2025.1230"},
{"type":"Feature","geometry":{"type":"Polygon","coordinates":[[[105.75844,21.49139],[105.7575,21.49173],[105.75627,21.49353],[105.75334,21.49387],[105.75156,21.49555],[105.75111,21.49659],[105.74775,21.49648],[105.74675,21.49545],[105.74293,21.49706],[105.74191,21.4987],[105.74141,21.50103],[105.73943,21.50238],[105.73722,21.50437],[105.73612,21.5046],[105.73411,21.5065],[105.73378,21.50756],[105.73131,21.50917],[105.73045,21.50941],[105.72919,21.5111],[105.7283,21.51151],[105.72359,21.51559],[105.7215,21.5169],[105.72106,21.51633],[105.71906,21.51558],[105.71731,21.5144],[105.71774,21.5134],[105.7163,21.51267],[105.71523,21.51355],[105.71364,21.51391],[105.71278,21.51302],[105.7099,21.51156],[105.71363,21.51005],[105.71671,21.50775],[105.7198,21.50611],[105.72185,21.50409],[105.72484,21.50227],[105.72969,21.49806],[105.73268,21.49764],[105.7332,21.49634],[105.73438,21.49665],[105.73544,21.49546],[105.73477,21.49488],[105.73589,21.49384],[105.73568,21.4925],[105.73428,21.49177],[105.73585,21.49067],[105.73636,21.49171],[105.73817,21.49109],[105.73814,21.49006],[105.73748,21.48904],[105.73708,21.48648],[105.73745,21.48577],[105.73648,21.48509],[105.73691,21.48291],[105.73539,21.48254],[105.73146,21.48248],[105.72858,21.48147],[105.727,21.48034],[105.72783,21.47815],[105.72795,21.47623],[105.72715,21.47476],[105.72561,21.47443],[105.72468,21.47367],[105.72217,21.47285],[105.72297,21.4721],[105.72323,21.46909],[105.71988,21.46704],[105.71846,21.4675],[105.71793,21.46612],[105.71719,21.46582],[105.71703,21.4645],[105.71642,21.46413],[105.71766,21.46249],[105.7169,21.46202],[105.71589,21.45911],[105.71532,21.45827],[105.71502,21.45648],[105.71332,21.4553],[105.71295,21.45466],[105.71387,21.4539],[105.71248,21.45144],[105.7118,21.45145],[105.71014,21.44977],[105.70961,21.44845],[105.70816,21.4465],[105.7065,21.44583],[105.70525,21.44272],[105.70739,21.43921],[105.70844,21.43682],[105.7081,21.43538],[105.71159,21.43494],[105.71228,21.43424],[105.71309,21.43224],[105.71294,21.43119],[105.71346,21.43028],[105.71596,21.43017],[105.71858,21.43147],[105.72001,21.43252],[105.72452,21.43301],[105.72447,21.43093],[105.72542,21.42819],[105.72535,21.42708],[105.72469,21.42596],[105.72388,21.42221],[105.72392,21.42075],[105.72277,21.41874],[105.72239,21.41755],[105.72095,21.41615],[105.72375,21.4157],[105.72529,21.41599],[105.72649,21.41573],[105.72898,21.41666],[105.72945,21.41681],[105.73164,21.41794],[105.73381,21.42043],[105.73629,21.42122],[105.73862,21.4228],[105.74055,21.42324],[105.74223,21.42461],[105.74378,21.42543],[105.74725,21.42865],[105.74851,21.43009],[105.74921,21.42996],[105.75062,21.42878],[105.75132,21.42755],[105.75107,21.42625],[105.7522,21.42505],[105.75226,21.42384],[105.75157,21.42292],[105.7526,21.42194],[105.75458,21.42365],[105.75465,21.42466],[105.75693,21.42662],[105.75778,21.42674],[105.76119,21.42976],[105.76289,21.42944],[105.76448,21.42787],[105.76747,21.42663],[105.76931,21.42454],[105.7705,21.42354],[105.77081,21.42249],[105.77196,21.42177],[105.77629,21.41969],[105.77699,21.42113],[105.77789,21.42136],[105.7801,21.42076],[105.78135,21.42142],[105.78129,21.42274],[105.78254,21.42374],[105.78434,21.42292],[105.78572,21.42451],[105.7888,21.42411],[105.79018,21.4243],[105.79064,21.42216],[105.79172,21.42084],[105.7918,21.41992],[105.79507,21.42001],[105.79629,21.41909],[105.79691,21.41721],[105.79801,21.41549],[105.80012,21.41497],[105.8021,21.41516],[105.80302,21.41599],[105.80503,21.41512],[105.80586,21.41575],[105.80836,21.41552],[105.80932,21.41481],[105.81233,21.41477],[105.81239,21.41359],[105.81388,21.41269],[105.81544,21.41348],[105.81665,21.41324],[105.81757,21.41254],[105.81898,21.41251],[105.81832,21.41393],[105.81943,21.4148],[105.82047,21.41621],[105.82315,21.41553],[105.82414,21.41461],[105.82567,21.41579],[105.82605,21.41658],[105.82719,21.41645],[105.82778,21.41826],[105.82541,21.41994],[105.8253,21.42109],[105.82363,21.42153],[105.82312,21.42309],[105.82474,21.42422],[105.82593,21.42431],[105.82814,21.42309],[105.82836,21.42409],[105.82956,21.42397],[105.82978,21.42535],[105.83057,21.42662],[105.83051,21.42748],[105.82931,21.42919],[105.8299,21.43003],[105.82873,21.43206],[105.82805,21.43219],[105.82698,21.43395],[105.82726,21.43505],[105.82684,21.43665],[105.82816,21.43697],[105.83013,21.43699],[105.83034,21.43997],[105.8319,21.44209],[105.83194,21.44432],[105.83164,21.44483],[105.83007,21.44494],[105.829,21.44875],[105.82785,21.45127],[105.82795,21.45237],[105.82707,21.45488],[105.82621,21.45569],[105.82558,21.45504],[105.82405,21.45512],[105.82289,21.45691],[105.82263,21.45798],[105.82176,21.45865],[105.81955,21.45848],[105.81811,21.45766],[105.81554,21.45536],[105.81377,21.45476],[105.81239,21.45359],[105.81027,21.4536],[105.80767,21.45229],[105.80559,21.44991],[105.80425,21.44999],[105.8017,21.45075],[105.80085,21.45253],[105.79993,21.45323],[105.79705,21.45453],[105.79644,21.45528],[105.79576,21.45892],[105.7949,21.46043],[105.79349,21.46188],[105.79296,21.46354],[105.79501,21.46655],[105.79685,21.46834],[105.79449,21.46953],[105.79322,21.47096],[105.79148,21.47157],[105.78883,21.47214],[105.78755,21.47317],[105.78669,21.47478],[105.78345,21.47613],[105.78288,21.47721],[105.78038,21.47838],[105.77938,21.47831],[105.77882,21.47744],[105.77596,21.47829],[105.77523,21.47939],[105.77578,21.48015],[105.77324,21.48123],[105.77001,21.48198],[105.76767,21.48456],[105.76575,21.48577],[105.76568,21.48668],[105.76308,21.48804],[105.75996,21.4906],[105.75844,21.49139]]]},"properties":{"a01_tinh":"diaphanhanhchinhcaptinh_sn.101","a02_xa":"diaphanhanhchinhcapxa_2025.1231","a03_ten":"Phường Phúc Thuận","a04_tentinh":"Tỉnh Thái Nguyên","a05_truocsn":"Phường Bắc Sơn, Xã Minh Đức, Xã Phúc Thuận","a06_trungtamhc":"Trụ sở Đảng ủy, HĐND, UBND phường Bắc Sơn","a07_dt":"74.16","a08_ds":"29051","a09_dthoai":null,"a10_web":null,"ten":"Phường Phúc Thuận","ma":"05857","tentinh":"Tỉnh Thái Nguyên","truocsapnhap":"Phường Bắc Sơn, Xã Minh Đức, Xã Phúc Thuận","dientichkm2":null,"dansonguoi":null},"id":"diaphanhanhchinhcapxa_2025.1231"},
{"type":"Feature","geometry":{"type":"Polygon","coordinates":[[[105.79122,21.66644],[105.78935,21.66692],[105.78789,21.66654],[105.7874,21.66742],[105.78537,21.6672],[105.78521,21.66597],[105.7839,21.66481],[105.78268,21.66489],[105.78092,21.66387],[105.77945,21.66371],[105.77811,21.66154],[105.77833,21.66043],[105.77658,21.65971],[105.77476,21.65793],[105.77519,21.65632],[105.7776,21.65674],[105.77763,21.65593],[105.77656,21.65521],[105.77448,21.65197],[105.77506,21.65153],[105.7766,21.65157],[105.77716,21.64959],[105.7782,21.64947],[105.7785,21.64711],[105.77842,21.64522],[105.77626,21.64569],[105.77507,21.64355],[105.77546,21.6427],[105.77395,21.64121],[105.77218,21.64125],[105.77259,21.63957],[105.77127,21.63857],[105.77052,21.63877],[105.76973,21.63743],[105.76872,21.63684],[105.76873,21.6356],[105.76804,21.63444],[105.77255,21.63237],[105.7706,21.63114],[105.76966,21.62998],[105.77046,21.62924],[105.76984,21.62858],[105.76843,21.62827],[105.76779,21.62668],[105.766,21.62607],[105.76484,21.62648],[105.76411,21.626],[105.76444,21.62507],[105.76372,21.62385],[105.76481,21.6234],[105.76567,21.62237],[105.76644,21.62269],[105.76798,21.62185],[105.76889,21.62096],[105.76966,21.62126],[105.77222,21.61955],[105.77243,21.61875],[105.77359,21.61871],[105.77433,21.61802],[105.77482,21.61546],[105.77565,21.61454],[105.77674,21.61531],[105.77815,21.6144],[105.77872,21.61348],[105.77996,21.61393],[105.78411,21.61488],[105.7864,21.61423],[105.78902,21.6138],[105.79031,21.61489],[105.79188,21.61441],[105.79599,21.61248],[105.79659,21.61176],[105.79731,21.60979],[105.79697,21.60861],[105.79554,21.6083],[105.79757,21.60472],[105.79898,21.60179],[105.79939,21.60043],[105.80067,21.59861],[105.80225,21.59846],[105.80396,21.59872],[105.80491,21.59706],[105.80641,21.59756],[105.80733,21.59663],[105.80927,21.59747],[105.81035,21.59898],[105.81166,21.59903],[105.81248,21.59836],[105.81403,21.59868],[105.81618,21.60093],[105.8188,21.60082],[105.8195,21.60188],[105.82086,21.60489],[105.82188,21.60383],[105.82345,21.60316],[105.82515,21.60323],[105.82514,21.6051],[105.82622,21.6047],[105.82597,21.60346],[105.82716,21.6026],[105.83172,21.60083],[105.83354,21.60093],[105.83378,21.60384],[105.83518,21.60817],[105.83732,21.61108],[105.83815,21.61274],[105.83855,21.6148],[105.83803,21.61629],[105.83632,21.61674],[105.83484,21.61658],[105.83367,21.61601],[105.83071,21.61346],[105.82931,21.61256],[105.82692,21.61173],[105.82363,21.6116],[105.82114,21.61288],[105.81692,21.61377],[105.81569,21.61418],[105.81112,21.6164],[105.8072,21.6185],[105.80611,21.61935],[105.8062,21.62096],[105.80677,21.62304],[105.80808,21.62566],[105.80789,21.62791],[105.80648,21.62995],[105.80426,21.6341],[105.80226,21.63669],[105.80183,21.63829],[105.80203,21.6403],[105.80253,21.64172],[105.80438,21.64293],[105.80675,21.64576],[105.80916,21.64784],[105.80986,21.64979],[105.80909,21.65049],[105.80492,21.65238],[105.80441,21.65299],[105.8035,21.65593],[105.80231,21.65839],[105.8,21.66048],[105.79831,21.66286],[105.79644,21.66464],[105.79442,21.66558],[105.79247,21.66573],[105.79122,21.66644]]]},"properties":{"a01_tinh":"diaphanhanhchinhcaptinh_sn.101","a02_xa":"diaphanhanhchinhcapxa_2025.1185","a03_ten":"Phường Quan Triều","a04_tentinh":"Tỉnh Thái Nguyên","a05_truocsn":"Phường Tân Long, Phường Quang Vinh, Phường Quan Triều, Xã Sơn Cẩm","a06_trungtamhc":"Trụ sở Đảng ủy, HĐND, UBND phường Tân Long","a07_dt":"24.72","a08_ds":"42292","a09_dthoai":null,"a10_web":null,"ten":"Phường Quan Triều","ma":"05482","tentinh":"Tỉnh Thái Nguyên","truocsapnhap":"Phường Tân Long, Phường Quang Vinh, Phường Quan Triều, Xã Sơn Cẩm","dientichkm2":null,"dansonguoi":null},"id":"diaphanhanhchinhcapxa_2025.1185"},
{"type":"Feature","geometry":{"type":"Polygon","coordinates":[[[105.81403,21.59868],[105.81248,21.59836],[105.81166,21.59903],[105.81035,21.59898],[105.80927,21.59747],[105.80733,21.59663],[105.80641,21.59756],[105.80491,21.59706],[105.80396,21.59872],[105.80225,21.59846],[105.80067,21.59861],[105.79939,21.60043],[105.79898,21.60179],[105.79757,21.60472],[105.79554,21.6083],[105.79697,21.60861],[105.79731,21.60979],[105.79659,21.61176],[105.79599,21.61248],[105.79188,21.61441],[105.79031,21.61489],[105.78902,21.6138],[105.7864,21.61423],[105.78411,21.61488],[105.77996,21.61393],[105.77872,21.61348],[105.77815,21.6144],[105.77674,21.61531],[105.77565,21.61454],[105.77372,21.61513],[105.77192,21.61514],[105.77087,21.61332],[105.771,21.61132],[105.77048,21.6106],[105.76997,21.60832],[105.7706,21.6078],[105.77327,21.60751],[105.77258,21.60537],[105.77305,21.60412],[105.77519,21.60363],[105.77495,21.60232],[105.77379,21.60043],[105.7759,21.59973],[105.77547,21.59815],[105.7745,21.59647],[105.77352,21.59599],[105.77332,21.59458],[105.77206,21.59239],[105.77144,21.59184],[105.77139,21.59053],[105.77121,21.58874],[105.77252,21.58793],[105.77013,21.58573],[105.76829,21.58438],[105.76666,21.58203],[105.76776,21.58152],[105.76887,21.5803],[105.76804,21.57878],[105.76873,21.5782],[105.76799,21.57639],[105.76992,21.57575],[105.77243,21.57619],[105.77312,21.57522],[105.77322,21.57322],[105.77445,21.57385],[105.77659,21.57234],[105.7759,21.57013],[105.7774,21.56744],[105.77748,21.5659],[105.77695,21.5649],[105.7773,21.56335],[105.77661,21.56207],[105.77649,21.56086],[105.77573,21.55963],[105.77752,21.55797],[105.77856,21.55834],[105.77897,21.55744],[105.78112,21.5584],[105.78529,21.55925],[105.78647,21.56021],[105.78728,21.5614],[105.78896,21.56254],[105.79349,21.56453],[105.79528,21.56517],[105.79999,21.56267],[105.80111,21.56102],[105.8024,21.56068],[105.80286,21.55953],[105.80166,21.55737],[105.80189,21.55584],[105.80155,21.55258],[105.80005,21.54982],[105.80093,21.54881],[105.80279,21.54744],[105.80365,21.54907],[105.80601,21.55153],[105.80794,21.55175],[105.80857,21.55302],[105.80997,21.55245],[105.81115,21.55095],[105.81243,21.55204],[105.81307,21.55076],[105.81503,21.55201],[105.81881,21.55188],[105.81922,21.55209],[105.81859,21.5528],[105.82102,21.55561],[105.82168,21.55825],[105.82303,21.55863],[105.82301,21.55961],[105.82445,21.56129],[105.82407,21.56224],[105.82559,21.56255],[105.8259,21.56463],[105.82713,21.56535],[105.82535,21.56697],[105.82404,21.56649],[105.82288,21.56691],[105.81997,21.57095],[105.81822,21.57277],[105.81195,21.57801],[105.80691,21.58146],[105.80743,21.5839],[105.80822,21.58537],[105.80695,21.58727],[105.80493,21.59096],[105.8062,21.59058],[105.81011,21.59163],[105.81095,21.59357],[105.81285,21.59416],[105.81274,21.59549],[105.81512,21.59648],[105.81403,21.59868]]]},"properties":{"a01_tinh":"diaphanhanhchinhcaptinh_sn.101","a02_xa":"diaphanhanhchinhcapxa_2025.1189","a03_ten":"Phường Quyết Thắng","a04_tentinh":"Tỉnh Thái Nguyên","a05_truocsn":"Phường Thịnh Đán, Xã Phúc Hà, Xã Quyết Thắng","a06_trungtamhc":"Trụ sở Đảng ủy, HĐND, UBND phường Thịnh Đán","a07_dt":"24.43","a08_ds":"29933","a09_dthoai":null,"a10_web":null,"ten":"Phường Quyết Thắng","ma":"05455","tentinh":"Tỉnh Thái Nguyên","truocsapnhap":"Phường Thịnh Đán, Xã Phúc Hà, Xã Quyết Thắng","dientichkm2":null,"dansonguoi":null},"id":"diaphanhanhchinhcapxa_2025.1189"},
{"type":"Feature","geometry":{"type":"Polygon","coordinates":[[[105.83194,21.44432],[105.83405,21.44386],[105.83602,21.4452],[105.83785,21.44524],[105.83868,21.44451],[105.84091,21.44527],[105.84363,21.44483],[105.84469,21.44381],[105.84543,21.44406],[105.84777,21.44359],[105.84894,21.44295],[105.8505,21.44371],[105.8525,21.44415],[105.85401,21.44382],[105.85514,21.44287],[105.85696,21.44209],[105.85733,21.44096],[105.85866,21.4407],[105.86021,21.44111],[105.86047,21.43943],[105.86126,21.43982],[105.86221,21.43896],[105.86339,21.43944],[105.86321,21.44017],[105.86388,21.4419],[105.86375,21.44264],[105.86532,21.44292],[105.86583,21.44352],[105.86733,21.44341],[105.86734,21.44453],[105.86597,21.44479],[105.86523,21.44728],[105.86442,21.44638],[105.86325,21.44713],[105.86127,21.44779],[105.86218,21.44989],[105.86333,21.44899],[105.8641,21.44986],[105.86531,21.45012],[105.8654,21.45083],[105.86738,21.45055],[105.86871,21.45142],[105.87026,21.45112],[105.87244,21.45312],[105.87225,21.45402],[105.87337,21.45476],[105.87445,21.45456],[105.87545,21.45545],[105.87346,21.45749],[105.87464,21.45889],[105.87471,21.46009],[105.87404,21.46184],[105.87319,21.46265],[105.87317,21.46373],[105.87186,21.46579],[105.87155,21.46767],[105.87103,21.46877],[105.87043,21.47167],[105.87029,21.47437],[105.86914,21.47425],[105.86849,21.47485],[105.86754,21.47265],[105.86555,21.4732],[105.86287,21.47192],[105.86103,21.47183],[105.85982,21.47125],[105.85826,21.47132],[105.85646,21.46822],[105.85476,21.46814],[105.85456,21.46948],[105.85099,21.4687],[105.84875,21.46889],[105.84701,21.46757],[105.84584,21.46886],[105.84596,21.4713],[105.84477,21.47185],[105.83091,21.46954],[105.82354,21.46951],[105.82208,21.46928],[105.82333,21.46781],[105.82292,21.46676],[105.82019,21.46597],[105.81958,21.46552],[105.81922,21.46398],[105.82007,21.4631],[105.82348,21.46198],[105.82476,21.46071],[105.82563,21.45897],[105.82549,21.45769],[105.82621,21.45569],[105.82707,21.45488],[105.82795,21.45237],[105.82785,21.45127],[105.829,21.44875],[105.83007,21.44494],[105.83164,21.44483],[105.83194,21.44432]]]},"properties":{"a01_tinh":"diaphanhanhchinhcaptinh_sn.101","a02_xa":"diaphanhanhchinhcapxa_2025.1201","a03_ten":"Phường Sông Công","a04_tentinh":"Tỉnh Thái Nguyên","a05_truocsn":"Phường Thắng Lợi, Phường Phố Cò, Phường Cải Đan","a06_trungtamhc":"Trụ sở Đảng ủy, HĐND, UBND Thành ủy Sông Công hiện nay","a07_dt":"13.98","a08_ds":"21039","a09_dthoai":null,"a10_web":null,"ten":"Phường Sông Công","ma":"05518","tentinh":"Tỉnh Thái Nguyên","truocsapnhap":"Phường Thắng Lợi, Phường Phố Cò, Phường Cải Đan","dientichkm2":null,"dansonguoi":null},"id":"diaphanhanhchinhcapxa_2025.1201"},
{"type":"Feature","geometry":{"type":"Polygon","coordinates":[[[105.89069,21.53493],[105.88978,21.53476],[105.88859,21.53352],[105.8872,21.53468],[105.8866,21.53431],[105.8848,21.53522],[105.88367,21.53544],[105.88235,21.53482],[105.88141,21.53311],[105.87897,21.53576],[105.87605,21.53948],[105.86943,21.5475],[105.8677,21.54903],[105.8631,21.5536],[105.85994,21.55458],[105.85907,21.55516],[105.85704,21.55809],[105.85575,21.5607],[105.8551,21.56396],[105.85331,21.56754],[105.85249,21.56658],[105.84977,21.56736],[105.84722,21.56653],[105.84559,21.56504],[105.84397,21.56482],[105.84254,21.56613],[105.8418,21.56589],[105.83761,21.56888],[105.83642,21.57085],[105.83517,21.57411],[105.8329,21.57692],[105.82989,21.57565],[105.82941,21.57493],[105.82855,21.57182],[105.82806,21.57107],[105.82532,21.56849],[105.82535,21.56697],[105.82713,21.56535],[105.8259,21.56463],[105.82559,21.56255],[105.82407,21.56224],[105.82445,21.56129],[105.82301,21.55961],[105.82303,21.55863],[105.82168,21.55825],[105.82102,21.55561],[105.81859,21.5528],[105.81922,21.55209],[105.82054,21.55215],[105.82216,21.55071],[105.82445,21.54987],[105.82599,21.5485],[105.82666,21.54737],[105.82906,21.54703],[105.83054,21.54494],[105.82954,21.54385],[105.83031,21.54274],[105.83042,21.54143],[105.82828,21.53952],[105.82695,21.53982],[105.82602,21.53915],[105.82553,21.53704],[105.82601,21.53599],[105.82488,21.53517],[105.82524,21.53448],[105.82455,21.5324],[105.82485,21.53136],[105.82405,21.53063],[105.82394,21.52964],[105.82629,21.53104],[105.82704,21.53091],[105.8277,21.52972],[105.82998,21.52968],[105.83227,21.52996],[105.83316,21.5291],[105.83455,21.52945],[105.83754,21.52965],[105.83983,21.52856],[105.84002,21.52749],[105.84135,21.52673],[105.84099,21.52572],[105.84209,21.52458],[105.84476,21.5238],[105.84527,21.52412],[105.8482,21.52191],[105.84949,21.52165],[105.85155,21.52329],[105.85336,21.52252],[105.85394,21.52183],[105.85559,21.52222],[105.85644,21.52377],[105.85785,21.52377],[105.85795,21.52263],[105.85888,21.52273],[105.86234,21.52134],[105.8626,21.52194],[105.8646,21.52245],[105.86484,21.52307],[105.86647,21.52469],[105.86747,21.52498],[105.86869,21.52118],[105.86823,21.51812],[105.86972,21.51548],[105.8705,21.51763],[105.87032,21.51887],[105.87165,21.52043],[105.87227,21.5217],[105.87177,21.52212],[105.87369,21.52321],[105.87458,21.52439],[105.87625,21.52355],[105.87556,21.5217],[105.87786,21.52069],[105.87942,21.52107],[105.87995,21.51865],[105.87925,21.51632],[105.8814,21.5174],[105.88204,21.51841],[105.88432,21.51928],[105.88532,21.52147],[105.88491,21.52333],[105.88608,21.52734],[105.88773,21.52918],[105.88985,21.53047],[105.88988,21.53176],[105.89117,21.53242],[105.89152,21.53368],[105.89069,21.53493]]]},"properties":{"a01_tinh":"diaphanhanhchinhcaptinh_sn.101","a02_xa":"diaphanhanhchinhcapxa_2025.1190","a03_ten":"Phường Tích Lương","a04_tentinh":"Tỉnh Thái Nguyên","a05_truocsn":"Phường Trung Thành (thành phố Thái Nguyên), Phường Phú Xá, Phường Tân Thành, Phường Tân Lập, Phường Tích Lương, Phường Cam Giá","a06_trungtamhc":"Trụ sở Đảng ủy, HĐND, UBND phường Tích Lương","a07_dt":"23.56","a08_ds":"55278","a09_dthoai":null,"a10_web":null,"ten":"Phường Tích Lương","ma":"05500","tentinh":"Tỉnh Thái Nguyên","truocsapnhap":"Phường Trung Thành (thành phố Thái Nguyên), Phường Phú Xá, Phường Tân Thành, Phường Tân Lập, Phường Tích Lương, Phường Cam Giá","dientichkm2":null,"dansonguoi":null},"id":"diaphanhanhchinhcapxa_2025.1190"},
{"type":"Feature","geometry":{"type":"Polygon","coordinates":[[[105.91382,21.37511],[105.91392,21.37644],[105.91283,21.37717],[105.91357,21.37876],[105.91102,21.38003],[105.91014,21.3814],[105.91011,21.38301],[105.90917,21.38357],[105.90875,21.38457],[105.90915,21.38617],[105.90737,21.38663],[105.90727,21.38555],[105.90625,21.38504],[105.90425,21.38623],[105.90395,21.38826],[105.90288,21.38872],[105.90229,21.38993],[105.90163,21.38977],[105.89934,21.39021],[105.89889,21.39071],[105.89749,21.39072],[105.89651,21.39148],[105.89626,21.39282],[105.89384,21.39123],[105.89412,21.39015],[105.89295,21.389],[105.89252,21.38491],[105.89008,21.38419],[105.88978,21.38288],[105.8881,21.38202],[105.88747,21.38079],[105.88757,21.37915],[105.88648,21.37818],[105.88573,21.37871],[105.88317,21.37834],[105.88238,21.37704],[105.88141,21.37699],[105.88169,21.37554],[105.88046,21.37514],[105.88002,21.37266],[105.87861,21.37317],[105.87791,21.37509],[105.87323,21.37492],[105.86982,21.37305],[105.86902,21.37352],[105.86879,21.3751],[105.86744,21.37503],[105.8662,21.3767],[105.86515,21.37661],[105.86435,21.37734],[105.86496,21.37898],[105.8619,21.37906],[105.86176,21.38037],[105.86035,21.38013],[105.85888,21.38094],[105.85859,21.3792],[105.85789,21.37801],[105.85508,21.37791],[105.85416,21.37859],[105.8522,21.37914],[105.85178,21.37807],[105.85018,21.37842],[105.84801,21.38087],[105.84709,21.38097],[105.8461,21.38034],[105.84632,21.37827],[105.84689,21.37742],[105.84865,21.37478],[105.84984,21.3744],[105.85569,21.37604],[105.85645,21.37601],[105.85826,21.37483],[105.85789,21.37129],[105.85813,21.36863],[105.85693,21.36763],[105.85561,21.36763],[105.85494,21.36659],[105.85482,21.36498],[105.85344,21.36251],[105.8537,21.35942],[105.85244,21.35858],[105.85176,21.35764],[105.85202,21.35528],[105.85412,21.35373],[105.85446,21.3521],[105.85263,21.35088],[105.85226,21.34994],[105.85272,21.34859],[105.85556,21.34758],[105.85816,21.34634],[105.85786,21.34533],[105.85652,21.34596],[105.85573,21.34447],[105.85579,21.34265],[105.85679,21.34167],[105.85768,21.33918],[105.85859,21.33824],[105.85959,21.33794],[105.86157,21.3383],[105.86295,21.3378],[105.86356,21.33593],[105.86562,21.33371],[105.86593,21.33072],[105.86662,21.32846],[105.86814,21.32708],[105.86953,21.32768],[105.87057,21.32946],[105.87139,21.32966],[105.87445,21.3282],[105.8778,21.32758],[105.88247,21.32756],[105.88463,21.32728],[105.88599,21.3266],[105.88933,21.32577],[105.89128,21.32574],[105.88797,21.32796],[105.88711,21.32892],[105.886,21.33169],[105.88508,21.33314],[105.88221,21.33516],[105.8813,21.33631],[105.8815,21.33853],[105.88405,21.34163],[105.88625,21.34537],[105.88709,21.34603],[105.88878,21.34596],[105.89261,21.34372],[105.89397,21.34322],[105.89636,21.34289],[105.89841,21.34316],[105.90205,21.34428],[105.90418,21.34527],[105.90603,21.3469],[105.90805,21.34962],[105.90838,21.35133],[105.90779,21.35214],[105.9061,21.35244],[105.90416,21.35217],[105.90086,21.35027],[105.89876,21.34956],[105.89713,21.34976],[105.89573,21.35076],[105.89553,21.35195],[105.89609,21.35302],[105.89893,21.35483],[105.90062,21.35629],[105.90243,21.35956],[105.90455,21.36296],[105.90521,21.36436],[105.90599,21.36736],[105.90903,21.37402],[105.9103,21.37525],[105.91204,21.37577],[105.91382,21.37511]]]},"properties":{"a01_tinh":"diaphanhanhchinhcaptinh_sn.101","a02_xa":"diaphanhanhchinhcapxa_2025.1234","a03_ten":"Phường Trung Thành","a04_tentinh":"Tỉnh Thái Nguyên","a05_truocsn":"Phường Trung Thành (thành phố Phổ Yên), Phường Đông Cao, Phường Tân Phú, Phường Thuận Thành","a06_trungtamhc":"Trụ sở Đảng ủy, HĐND, UBND phường Trung Thành","a07_dt":"25.84","a08_ds":"37075","a09_dthoai":null,"a10_web":null,"ten":"Phường Trung Thành","ma":"05899","tentinh":"Tỉnh Thái Nguyên","truocsapnhap":"Phường Trung Thành (thành phố Phổ Yên), Phường Đông Cao, Phường Tân Phú, Phường Thuận Thành","dientichkm2":null,"dansonguoi":null},"id":"diaphanhanhchinhcapxa_2025.1234"},
{"type":"Feature","geometry":{"type":"Polygon","coordinates":[[[105.91123,21.43315],[105.90871,21.43283],[105.90746,21.43308],[105.90656,21.43388],[105.90469,21.43357],[105.90466,21.43125],[105.9022,21.43109],[105.88888,21.43105],[105.88942,21.42748],[105.88952,21.42522],[105.8858,21.42522],[105.88599,21.4242],[105.88486,21.42307],[105.88369,21.4212],[105.88248,21.42166],[105.88223,21.41787],[105.88066,21.41952],[105.8799,21.42139],[105.87769,21.42278],[105.87692,21.40863],[105.87609,21.40734],[105.87452,21.40834],[105.87367,21.40774],[105.87124,21.40827],[105.86957,21.40748],[105.86876,21.40788],[105.86821,21.40925],[105.86533,21.40982],[105.86465,21.40955],[105.86336,21.40786],[105.8622,21.40709],[105.8622,21.40636],[105.85876,21.40686],[105.85893,21.40836],[105.85742,21.40741],[105.85688,21.40814],[105.85387,21.40844],[105.8513,21.40837],[105.85028,21.40734],[105.84998,21.40612],[105.84888,21.40505],[105.84964,21.40409],[105.85082,21.40409],[105.85177,21.40353],[105.85185,21.40253],[105.8529,21.40247],[105.85375,21.40163],[105.85356,21.40013],[105.854,21.39912],[105.8524,21.39884],[105.8535,21.39725],[105.85282,21.39616],[105.85347,21.39554],[105.85342,21.39411],[105.85257,21.39247],[105.85082,21.39061],[105.85013,21.38706],[105.85005,21.38282],[105.85025,21.38194],[105.8522,21.37914],[105.85416,21.37859],[105.85508,21.37791],[105.85789,21.37801],[105.85859,21.3792],[105.85888,21.38094],[105.86035,21.38013],[105.86176,21.38037],[105.8619,21.37906],[105.86496,21.37898],[105.86435,21.37734],[105.86515,21.37661],[105.8662,21.3767],[105.86744,21.37503],[105.86879,21.3751],[105.86902,21.37352],[105.86982,21.37305],[105.87323,21.37492],[105.87791,21.37509],[105.87861,21.37317],[105.88002,21.37266],[105.88046,21.37514],[105.88169,21.37554],[105.88141,21.37699],[105.88238,21.37704],[105.88317,21.37834],[105.88573,21.37871],[105.88648,21.37818],[105.88757,21.37915],[105.88747,21.38079],[105.8881,21.38202],[105.88978,21.38288],[105.89008,21.38419],[105.89252,21.38491],[105.89295,21.389],[105.89412,21.39015],[105.89384,21.39123],[105.89626,21.39282],[105.89651,21.39148],[105.89749,21.39072],[105.89889,21.39071],[105.89934,21.39021],[105.90163,21.38977],[105.90229,21.38993],[105.90288,21.38872],[105.90395,21.38826],[105.90425,21.38623],[105.90625,21.38504],[105.90727,21.38555],[105.90737,21.38663],[105.90915,21.38617],[105.90875,21.38457],[105.90917,21.38357],[105.91011,21.38301],[105.91014,21.3814],[105.91102,21.38003],[105.91357,21.37876],[105.91283,21.37717],[105.91392,21.37644],[105.91382,21.37511],[105.91686,21.37257],[105.91845,21.37286],[105.92088,21.37433],[105.92304,21.3747],[105.92634,21.37368],[105.93118,21.37294],[105.93354,21.37223],[105.93603,21.37178],[105.9388,21.37228],[105.94081,21.37365],[105.94285,21.37713],[105.94381,21.37982],[105.94385,21.38261],[105.94413,21.38495],[105.94492,21.3872],[105.94514,21.38963],[105.94492,21.39123],[105.94427,21.39261],[105.94253,21.39391],[105.94101,21.39787],[105.94092,21.39899],[105.93888,21.40054],[105.93768,21.40107],[105.93598,21.40093],[105.93169,21.40569],[105.93051,21.40847],[105.9297,21.41103],[105.92818,21.41189],[105.92795,21.41291],[105.9261,21.41281],[105.92352,21.41341],[105.92291,21.41415],[105.92172,21.4137],[105.91961,21.41473],[105.9186,21.4133],[105.91717,21.41347],[105.91585,21.41588],[105.91499,21.41658],[105.91352,21.4193],[105.91462,21.4207],[105.91343,21.42293],[105.91413,21.42384],[105.91396,21.42549],[105.91268,21.4256],[105.91232,21.42658],[105.91133,21.42683],[105.91025,21.42848],[105.9103,21.42961],[105.91097,21.43119],[105.91184,21.43198],[105.91123,21.43315]]]},"properties":{"a01_tinh":"diaphanhanhchinhcaptinh_sn.101","a02_xa":"diaphanhanhchinhcapxa_2025.1232","a03_ten":"Phường Vạn Xuân","a04_tentinh":"Tỉnh Thái Nguyên","a05_truocsn":"Phường Nam Tiến, Phường Đồng Tiến, Phường Tân Hương, Phường Tiên Phong","a06_trungtamhc":"Trụ sở Đảng ủy, HĐND, UBND phường Nam Tiến","a07_dt":"40.2","a08_ds":"6161","a09_dthoai":null,"a10_web":null,"ten":"Phường Vạn Xuân","ma":"05890","tentinh":"Tỉnh Thái Nguyên","truocsapnhap":"Phường Nam Tiến, Phường Đồng Tiến, Phường Tân Hương, Phường Tiên Phong","dientichkm2":null,"dansonguoi":null},"id":"diaphanhanhchinhcapxa_2025.1232"},
{"type":"Feature","geometry":{"type":"Polygon","coordinates":[[[105.73096,21.66299],[105.72869,21.66281],[105.72793,21.66336],[105.72745,21.66595],[105.72632,21.66613],[105.72495,21.66446],[105.7236,21.66179],[105.71973,21.65633],[105.71791,21.65417],[105.71667,21.65221],[105.71518,21.65085],[105.71008,21.65137],[105.70702,21.65352],[105.70567,21.65305],[105.70334,21.65052],[105.70295,21.64949],[105.70086,21.64886],[105.6994,21.64721],[105.69854,21.64689],[105.6952,21.64786],[105.69364,21.64896],[105.69261,21.65101],[105.69069,21.65081],[105.68832,21.65291],[105.68634,21.65226],[105.68555,21.65159],[105.68469,21.65193],[105.68289,21.65387],[105.68049,21.6547],[105.67888,21.65374],[105.67815,21.65393],[105.67741,21.6557],[105.67513,21.65477],[105.67302,21.65626],[105.67036,21.65542],[105.66951,21.65582],[105.66771,21.65528],[105.66579,21.65148],[105.66535,21.65],[105.66333,21.64765],[105.66229,21.64675],[105.66264,21.64569],[105.66458,21.64397],[105.66582,21.64335],[105.6675,21.63825],[105.66715,21.63593],[105.67103,21.63379],[105.67249,21.6324],[105.67244,21.6307],[105.67127,21.62807],[105.67268,21.62791],[105.67813,21.62562],[105.68024,21.62432],[105.68403,21.62393],[105.68757,21.61937],[105.68876,21.61728],[105.6909,21.61915],[105.6939,21.61966],[105.69519,21.61961],[105.69845,21.62067],[105.69987,21.62052],[105.70077,21.62092],[105.70642,21.62165],[105.7091,21.62315],[105.70997,21.62286],[105.71083,21.61921],[105.71168,21.61799],[105.7107,21.61719],[105.70843,21.61391],[105.71019,21.61305],[105.71032,21.61174],[105.71123,21.60993],[105.71105,21.60927],[105.70777,21.61063],[105.70676,21.60989],[105.70701,21.6076],[105.70871,21.606],[105.71004,21.60555],[105.71545,21.60558],[105.71886,21.60588],[105.72032,21.60573],[105.72493,21.60473],[105.72766,21.60545],[105.72762,21.60647],[105.72872,21.60659],[105.73002,21.60435],[105.73181,21.60388],[105.7352,21.60398],[105.73677,21.60493],[105.73819,21.60448],[105.73839,21.6022],[105.74049,21.60066],[105.74023,21.59954],[105.74264,21.59625],[105.74409,21.59553],[105.74664,21.59566],[105.74763,21.59508],[105.74881,21.59571],[105.7515,21.59534],[105.75231,21.59622],[105.75406,21.59581],[105.75539,21.59612],[105.7566,21.59454],[105.75763,21.59397],[105.75851,21.59234],[105.7605,21.59147],[105.76219,21.59194],[105.76307,21.59171],[105.76441,21.59339],[105.76459,21.59457],[105.76571,21.59407],[105.76813,21.59431],[105.76829,21.59343],[105.76924,21.5924],[105.77053,21.59211],[105.77067,21.59072],[105.77139,21.59053],[105.77144,21.59184],[105.77206,21.59239],[105.77332,21.59458],[105.77352,21.59599],[105.7745,21.59647],[105.77547,21.59815],[105.7759,21.59973],[105.77379,21.60043],[105.77495,21.60232],[105.77519,21.60363],[105.77305,21.60412],[105.77258,21.60537],[105.77327,21.60751],[105.7706,21.6078],[105.76997,21.60832],[105.77048,21.6106],[105.771,21.61132],[105.77087,21.61332],[105.77192,21.61514],[105.77372,21.61513],[105.77565,21.61454],[105.77482,21.61546],[105.77433,21.61802],[105.77359,21.61871],[105.77243,21.61875],[105.77222,21.61955],[105.76966,21.62126],[105.76889,21.62096],[105.76798,21.62185],[105.76644,21.62269],[105.76567,21.62237],[105.76481,21.6234],[105.76372,21.62385],[105.76246,21.62293],[105.76074,21.62297],[105.7591,21.62659],[105.75666,21.62762],[105.75617,21.63019],[105.75459,21.63058],[105.75506,21.63216],[105.75366,21.63275],[105.75247,21.6339],[105.75052,21.63435],[105.7499,21.63399],[105.74955,21.63266],[105.74782,21.63178],[105.74718,21.6327],[105.74601,21.63295],[105.74538,21.63425],[105.74439,21.63512],[105.74473,21.63737],[105.74431,21.6391],[105.74214,21.6399],[105.74209,21.6408],[105.7434,21.64254],[105.74224,21.64515],[105.7414,21.64551],[105.7416,21.64656],[105.74086,21.64764],[105.73923,21.64803],[105.7378,21.64929],[105.73503,21.64949],[105.73288,21.6509],[105.73221,21.65272],[105.73132,21.65355],[105.73172,21.65459],[105.73142,21.65566],[105.73057,21.65644],[105.73155,21.65774],[105.73286,21.65785],[105.73269,21.65877],[105.73359,21.6595],[105.73211,21.6614],[105.73133,21.66175],[105.73096,21.66299]]]},"properties":{"a01_tinh":"diaphanhanhchinhcaptinh_sn.101","a02_xa":"diaphanhanhchinhcapxa_2025.1198","a03_ten":"Xã An Khánh","a04_tentinh":"Tỉnh Thái Nguyên","a05_truocsn":"Xã Cù Vân, Xã Hà Thượng, Xã An Khánh","a06_trungtamhc":"Trụ sở Đảng ủy, HĐND, UBND xã Cù Vân","a07_dt":"45.09","a08_ds":"20104","a09_dthoai":null,"a10_web":null,"ten":"Xã An Khánh","ma":"05809","tentinh":"Tỉnh Thái Nguyên","truocsapnhap":"Xã Cù Vân, Xã Hà Thượng, Xã An Khánh","dientichkm2":null,"dansonguoi":null},"id":"diaphanhanhchinhcapxa_2025.1198"},
{"type":"Feature","geometry":{"type":"Polygon","coordinates":[[[105.59809,22.48885],[105.59563,22.48965],[105.58081,22.48001],[105.58027,22.47894],[105.57767,22.47691],[105.57684,22.47662],[105.57571,22.47533],[105.5744,22.47461],[105.57243,22.47281],[105.57108,22.47249],[105.56811,22.46989],[105.56686,22.46927],[105.56586,22.46627],[105.56453,22.46532],[105.56432,22.46412],[105.5631,22.4631],[105.56055,22.46299],[105.5595,22.46242],[105.55905,22.46092],[105.55929,22.45955],[105.55869,22.45615],[105.55818,22.45503],[105.55843,22.45336],[105.55949,22.4513],[105.55886,22.44958],[105.55795,22.44898],[105.55568,22.44605],[105.55592,22.44332],[105.5552,22.4417],[105.55553,22.44041],[105.55671,22.44007],[105.55568,22.43772],[105.55381,22.43788],[105.55148,22.43761],[105.54839,22.43768],[105.55017,22.4354],[105.55059,22.43425],[105.55222,22.43368],[105.55329,22.43264],[105.55409,22.42998],[105.55397,22.42893],[105.55516,22.428],[105.55407,22.42739],[105.55258,22.42582],[105.55174,22.42324],[105.55074,22.42233],[105.55026,22.42055],[105.5506,22.41888],[105.55036,22.41801],[105.55118,22.41714],[105.5509,22.41612],[105.55216,22.41445],[105.55241,22.41245],[105.55354,22.41142],[105.55561,22.41168],[105.55869,22.40983],[105.56076,22.41037],[105.56076,22.41096],[105.5623,22.41287],[105.56305,22.41423],[105.56431,22.41526],[105.56476,22.41654],[105.56646,22.41777],[105.57077,22.41924],[105.57078,22.41758],[105.57139,22.4161],[105.5707,22.41426],[105.57291,22.41362],[105.57398,22.41274],[105.57477,22.41141],[105.57503,22.40911],[105.57414,22.40631],[105.57542,22.40536],[105.57549,22.40426],[105.57486,22.4021],[105.57368,22.40045],[105.57498,22.3984],[105.57495,22.3958],[105.57633,22.39499],[105.57707,22.39254],[105.57807,22.39147],[105.57855,22.39001],[105.58004,22.38939],[105.58018,22.38764],[105.58157,22.38746],[105.58414,22.38651],[105.58677,22.38496],[105.58859,22.3847],[105.59052,22.38381],[105.59228,22.38512],[105.59272,22.38617],[105.59404,22.38663],[105.59548,22.38768],[105.59602,22.38905],[105.59679,22.38952],[105.59909,22.3919],[105.6006,22.39381],[105.60331,22.39388],[105.60583,22.39449],[105.60694,22.39444],[105.60796,22.39348],[105.609,22.38857],[105.61089,22.38683],[105.61292,22.38627],[105.61445,22.38633],[105.61884,22.38861],[105.62209,22.39158],[105.62541,22.391],[105.62689,22.38971],[105.62886,22.38889],[105.6299,22.38495],[105.63284,22.38425],[105.63532,22.38464],[105.63674,22.38364],[105.63905,22.38023],[105.63996,22.37962],[105.64006,22.37673],[105.63858,22.3748],[105.6386,22.37301],[105.64064,22.3727],[105.64051,22.37175],[105.63768,22.3694],[105.63718,22.36805],[105.63969,22.36704],[105.64072,22.36687],[105.64288,22.36782],[105.64391,22.36885],[105.64628,22.37036],[105.64725,22.37148],[105.65056,22.3744],[105.65338,22.37761],[105.65312,22.38425],[105.6544,22.39018],[105.65569,22.39267],[105.65628,22.39189],[105.65768,22.39127],[105.65964,22.391],[105.66052,22.38997],[105.66478,22.38811],[105.66823,22.38559],[105.66978,22.38551],[105.67183,22.38494],[105.675,22.38298],[105.67573,22.3822],[105.67715,22.38171],[105.6786,22.38357],[105.68065,22.38403],[105.68168,22.38395],[105.68247,22.385],[105.68491,22.38665],[105.68949,22.39026],[105.69077,22.39082],[105.69328,22.39267],[105.69449,22.39276],[105.69676,22.39228],[105.6995,22.39382],[105.70214,22.3946],[105.70599,22.39728],[105.70672,22.39835],[105.70621,22.40007],[105.70496,22.40289],[105.7016,22.40604],[105.69997,22.40799],[105.69666,22.40955],[105.69523,22.41109],[105.69109,22.41186],[105.69064,22.41241],[105.68767,22.41364],[105.68725,22.41545],[105.68519,22.41648],[105.68459,22.41846],[105.68477,22.41955],[105.68332,22.42029],[105.68303,22.42112],[105.68138,22.42209],[105.6821,22.42412],[105.68207,22.42678],[105.6814,22.42853],[105.68146,22.43114],[105.68222,22.43287],[105.68289,22.43617],[105.6814,22.43853],[105.68089,22.44215],[105.6804,22.44303],[105.67903,22.44406],[105.68105,22.44461],[105.68208,22.44592],[105.68239,22.44812],[105.68337,22.44929],[105.68235,22.45085],[105.68031,22.45054],[105.67852,22.45208],[105.67566,22.45308],[105.67444,22.45818],[105.67311,22.45894],[105.67075,22.46209],[105.67151,22.46296],[105.67128,22.46476],[105.67158,22.46548],[105.67002,22.46654],[105.67006,22.46867],[105.66923,22.47056],[105.66582,22.47396],[105.66405,22.47493],[105.66644,22.47619],[105.66899,22.47682],[105.67052,22.47593],[105.67266,22.47642],[105.67358,22.47604],[105.67446,22.47724],[105.67447,22.47956],[105.67516,22.48042],[105.67736,22.47965],[105.67971,22.48144],[105.68084,22.48146],[105.68279,22.48081],[105.68492,22.47966],[105.68603,22.4802],[105.68697,22.48181],[105.68875,22.4815],[105.68813,22.48208],[105.68586,22.48639],[105.68603,22.48713],[105.68465,22.4888],[105.68493,22.49063],[105.68338,22.49134],[105.68176,22.49314],[105.68171,22.49563],[105.68315,22.4979],[105.68286,22.49938],[105.6834,22.50069],[105.68494,22.50285],[105.68608,22.50364],[105.68636,22.50517],[105.68306,22.51072],[105.68291,22.50938],[105.68193,22.508],[105.68067,22.50761],[105.67827,22.50522],[105.67612,22.50478],[105.67414,22.50602],[105.67042,22.50407],[105.66968,22.50404],[105.6681,22.50311],[105.66678,22.50161],[105.66484,22.50218],[105.66225,22.50143],[105.6607,22.50011],[105.65975,22.49836],[105.65744,22.50003],[105.65639,22.50177],[105.65516,22.50277],[105.65255,22.50406],[105.6485,22.50167],[105.64671,22.49965],[105.64491,22.49877],[105.64367,22.49743],[105.64376,22.49553],[105.64272,22.4952],[105.64221,22.49417],[105.64089,22.49311],[105.63978,22.49171],[105.63793,22.49225],[105.63751,22.49279],[105.63479,22.49476],[105.63205,22.49569],[105.63075,22.49737],[105.62946,22.49809],[105.62581,22.49759],[105.62286,22.49601],[105.62037,22.49622],[105.61548,22.49531],[105.61489,22.4955],[105.61262,22.49475],[105.61091,22.49458],[105.60881,22.49265],[105.60698,22.49209],[105.60572,22.49062],[105.60353,22.48967],[105.60187,22.48818],[105.59974,22.48781],[105.59809,22.48885]]]},"properties":{"a01_tinh":"diaphanhanhchinhcaptinh_sn.101","a02_xa":"diaphanhanhchinhcapxa_2025.1169","a03_ten":"Xã Ba Bể","a04_tentinh":"Tỉnh Thái Nguyên","a05_truocsn":"Xã Cao Thượng, Xã Nam Mẫu, Xã Khang Ninh","a06_trungtamhc":"Trụ sở Đảng ủy, HĐND, UBND xã Khang Ninh","a07_dt":"148.08","a08_ds":"11773","a09_dthoai":null,"a10_web":null,"ten":"Xã Ba Bể","ma":"01906","tentinh":"Tỉnh Thái Nguyên","truocsapnhap":"Xã Cao Thượng, Xã Nam Mẫu, Xã Khang Ninh","dientichkm2":null,"dansonguoi":null},"id":"diaphanhanhchinhcapxa_2025.1169"},
{"type":"Feature","geometry":{"type":"Polygon","coordinates":[[[105.79539,22.13922],[105.79458,22.14076],[105.79481,22.14206],[105.79342,22.1449],[105.79196,22.1463],[105.79072,22.14632],[105.78899,22.14748],[105.78705,22.14792],[105.78616,22.14905],[105.78544,22.15129],[105.78316,22.15219],[105.78239,22.15373],[105.78169,22.15426],[105.77976,22.15331],[105.77793,22.15367],[105.77647,22.15347],[105.77511,22.15165],[105.77156,22.15188],[105.77078,22.15143],[105.76974,22.14932],[105.76853,22.14923],[105.76546,22.15008],[105.76282,22.15048],[105.76161,22.15181],[105.75836,22.15204],[105.75499,22.15297],[105.75387,22.15252],[105.75315,22.15091],[105.75199,22.14965],[105.74791,22.15026],[105.74513,22.14914],[105.74389,22.14813],[105.74297,22.1463],[105.73992,22.14614],[105.73868,22.14526],[105.73693,22.1459],[105.73441,22.14772],[105.73224,22.14816],[105.73096,22.14878],[105.72901,22.15229],[105.727,22.15235],[105.72576,22.15299],[105.72312,22.15255],[105.7199,22.15368],[105.71902,22.15258],[105.71798,22.15226],[105.71585,22.15306],[105.71468,22.15409],[105.70909,22.15454],[105.70596,22.15568],[105.70546,22.15704],[105.7038,22.15681],[105.70183,22.15773],[105.70014,22.15699],[105.69808,22.15687],[105.69585,22.15569],[105.69489,22.15622],[105.69494,22.15802],[105.6924,22.15953],[105.68784,22.163],[105.68814,22.16414],[105.6876,22.16631],[105.68751,22.16787],[105.68684,22.16854],[105.68606,22.17024],[105.68481,22.17131],[105.68326,22.17375],[105.68379,22.17611],[105.68491,22.17864],[105.68863,22.1814],[105.6892,22.18404],[105.68923,22.18618],[105.68829,22.18783],[105.68819,22.19043],[105.68743,22.19123],[105.68736,22.19464],[105.68649,22.19545],[105.68941,22.19764],[105.68991,22.19898],[105.68864,22.20008],[105.68806,22.20146],[105.68926,22.20251],[105.69117,22.20359],[105.69284,22.20395],[105.69382,22.20509],[105.69528,22.20578],[105.69638,22.20695],[105.69815,22.20791],[105.70084,22.21069],[105.69962,22.2134],[105.70007,22.2148],[105.69849,22.21705],[105.6979,22.21875],[105.6957,22.22142],[105.69569,22.22367],[105.69382,22.22506],[105.69164,22.22612],[105.68959,22.22572],[105.68774,22.22469],[105.68594,22.22467],[105.68487,22.22382],[105.68339,22.22394],[105.6809,22.22294],[105.67984,22.22304],[105.67787,22.22214],[105.67682,22.22071],[105.67592,22.22059],[105.67442,22.22],[105.67292,22.21844],[105.66987,22.21739],[105.66888,22.21655],[105.66592,22.21504],[105.66417,22.21334],[105.66373,22.21064],[105.66506,22.20888],[105.66596,22.2083],[105.6665,22.20694],[105.66472,22.2048],[105.66325,22.20426],[105.66129,22.20455],[105.6601,22.20303],[105.65806,22.20115],[105.65545,22.19746],[105.65545,22.19632],[105.6544,22.19595],[105.65227,22.1929],[105.65196,22.19175],[105.6492,22.1875],[105.64896,22.186],[105.65223,22.18233],[105.65526,22.18126],[105.65633,22.18114],[105.65766,22.18037],[105.65708,22.176],[105.65599,22.17483],[105.65504,22.17294],[105.65053,22.17147],[105.64903,22.16906],[105.6474,22.1679],[105.64598,22.16577],[105.64278,22.16311],[105.64129,22.16048],[105.64046,22.15987],[105.63985,22.15746],[105.63977,22.15559],[105.6401,22.15258],[105.64065,22.15094],[105.64203,22.14963],[105.64148,22.14797],[105.6405,22.14691],[105.64013,22.14497],[105.64067,22.1428],[105.63809,22.14074],[105.63791,22.13965],[105.63635,22.1367],[105.63418,22.13554],[105.63386,22.12912],[105.63263,22.12656],[105.63352,22.12471],[105.63345,22.12336],[105.63483,22.12207],[105.63503,22.12101],[105.63659,22.12079],[105.63766,22.1215],[105.64027,22.12172],[105.64176,22.11936],[105.64702,22.11841],[105.64825,22.11712],[105.65056,22.11627],[105.65085,22.11563],[105.65038,22.11437],[105.65118,22.11416],[105.65229,22.11299],[105.65183,22.11223],[105.6518,22.11037],[105.6522,22.10944],[105.65204,22.10771],[105.65329,22.10583],[105.65322,22.10531],[105.65173,22.10282],[105.65254,22.1011],[105.65348,22.10042],[105.65429,22.09894],[105.65714,22.09811],[105.65836,22.09689],[105.65863,22.09557],[105.66044,22.09583],[105.66092,22.09512],[105.6609,22.0937],[105.66174,22.09241],[105.66218,22.0907],[105.66347,22.08956],[105.6657,22.09013],[105.66731,22.09013],[105.66733,22.0912],[105.66854,22.09117],[105.66895,22.09044],[105.67187,22.09009],[105.67316,22.08913],[105.6752,22.08884],[105.67651,22.089],[105.67771,22.09038],[105.67897,22.091],[105.6813,22.09021],[105.68247,22.09112],[105.68374,22.0905],[105.68478,22.08937],[105.68764,22.09008],[105.69326,22.08957],[105.69408,22.0875],[105.69519,22.08667],[105.69605,22.08446],[105.69643,22.08627],[105.69712,22.08745],[105.69936,22.08836],[105.7016,22.09069],[105.70123,22.09386],[105.70145,22.09524],[105.7021,22.09569],[105.70474,22.10053],[105.70634,22.10142],[105.70774,22.10104],[105.70835,22.1001],[105.70978,22.0992],[105.71286,22.09862],[105.7157,22.09959],[105.71739,22.09878],[105.72,22.09832],[105.72184,22.09898],[105.72436,22.09954],[105.72557,22.09852],[105.72671,22.09667],[105.7283,22.09625],[105.73014,22.09664],[105.73167,22.09584],[105.73312,22.09348],[105.73746,22.09234],[105.73811,22.09377],[105.7406,22.09611],[105.74259,22.09612],[105.74687,22.09726],[105.74812,22.09882],[105.75007,22.09947],[105.75261,22.09718],[105.75517,22.09635],[105.75748,22.09683],[105.75795,22.10015],[105.75977,22.09978],[105.76207,22.10076],[105.76329,22.10036],[105.76491,22.10067],[105.76693,22.10192],[105.76796,22.10211],[105.77142,22.10088],[105.7735,22.10179],[105.77564,22.10119],[105.77668,22.10043],[105.77814,22.09824],[105.77913,22.0979],[105.7821,22.09871],[105.78416,22.09861],[105.78493,22.09892],[105.78907,22.09908],[105.79046,22.09956],[105.79216,22.10062],[105.79498,22.1011],[105.79796,22.10071],[105.79736,22.10153],[105.79627,22.10422],[105.79656,22.10579],[105.79734,22.1078],[105.79711,22.11068],[105.79863,22.11166],[105.79922,22.11257],[105.80012,22.1151],[105.7984,22.11833],[105.79852,22.11952],[105.79793,22.12094],[105.79847,22.12305],[105.79923,22.12402],[105.79944,22.12793],[105.8002,22.12894],[105.80208,22.12971],[105.80225,22.13094],[105.80312,22.13147],[105.80402,22.13366],[105.80425,22.13623],[105.8039,22.13638],[105.79937,22.13549],[105.79877,22.13735],[105.7975,22.13907],[105.79539,22.13922]]]},"properties":{"a01_tinh":"diaphanhanhchinhcaptinh_sn.101","a02_xa":"diaphanhanhchinhcapxa_2025.1253","a03_ten":"Xã Bạch Thông","a04_tentinh":"Tỉnh Thái Nguyên","a05_truocsn":"Xã Đồng Thắng, Xã Dương Phong, Xã Quang Thuận","a06_trungtamhc":"Trụ sở Đảng ủy, HĐND, UBND xã Dương Phong","a07_dt":"127.84","a08_ds":"8251","a09_dthoai":null,"a10_web":null,"ten":"Xã Bạch Thông","ma":"02014","tentinh":"Tỉnh Thái Nguyên","truocsapnhap":"Xã Đồng Thắng, Xã Dương Phong, Xã Quang Thuận","dientichkm2":null,"dansonguoi":null},"id":"diaphanhanhchinhcapxa_2025.1253"},
{"type":"Feature","geometry":{"type":"Polygon","coordinates":[[[105.72772,22.63636],[105.72734,22.63682],[105.72861,22.63894],[105.73023,22.63998],[105.73234,22.64085],[105.73322,22.64163],[105.73481,22.64139],[105.73695,22.64167],[105.74015,22.6432],[105.74057,22.64418],[105.74005,22.64632],[105.74072,22.64695],[105.74052,22.6484],[105.74087,22.65003],[105.74351,22.65262],[105.74456,22.65328],[105.74591,22.65554],[105.7463,22.65677],[105.7481,22.65826],[105.74831,22.66032],[105.74952,22.66313],[105.74962,22.6647],[105.7519,22.6661],[105.75314,22.66626],[105.75421,22.66821],[105.75534,22.66905],[105.75745,22.66997],[105.75954,22.67041],[105.76007,22.67094],[105.7603,22.67266],[105.76133,22.67425],[105.76279,22.67496],[105.76467,22.67704],[105.76783,22.67865],[105.76923,22.6815],[105.77069,22.68341],[105.77309,22.68394],[105.77362,22.68473],[105.77343,22.68613],[105.77431,22.68693],[105.77485,22.68927],[105.77708,22.69208],[105.77488,22.69241],[105.77229,22.69347],[105.77164,22.69426],[105.77072,22.69379],[105.76788,22.69398],[105.76698,22.69464],[105.76612,22.69621],[105.76237,22.69616],[105.75912,22.69882],[105.75635,22.70227],[105.7546,22.70639],[105.75232,22.70997],[105.75178,22.71271],[105.75368,22.71459],[105.75583,22.71588],[105.75765,22.71868],[105.75855,22.71923],[105.75948,22.7206],[105.7589,22.72304],[105.75844,22.72337],[105.75863,22.72494],[105.75784,22.72655],[105.75639,22.72776],[105.75496,22.72829],[105.75425,22.72754],[105.7519,22.72669],[105.75033,22.72703],[105.7496,22.72916],[105.74692,22.72946],[105.74694,22.73071],[105.74584,22.73262],[105.7459,22.73361],[105.74514,22.73603],[105.74266,22.7392],[105.74044,22.74122],[105.73994,22.74117],[105.73733,22.73945],[105.73576,22.73905],[105.73543,22.73646],[105.73606,22.73476],[105.73523,22.73221],[105.73546,22.73088],[105.73347,22.72878],[105.73291,22.7278],[105.73122,22.72688],[105.72983,22.72524],[105.72828,22.7249],[105.72683,22.72409],[105.72369,22.72457],[105.72412,22.72568],[105.72306,22.72888],[105.72019,22.72882],[105.7195,22.72842],[105.71883,22.72531],[105.71918,22.7236],[105.71872,22.72266],[105.71704,22.72179],[105.7146,22.72167],[105.7132,22.72198],[105.71177,22.72402],[105.71045,22.72473],[105.70956,22.72726],[105.70781,22.72738],[105.70565,22.72584],[105.70423,22.724],[105.70344,22.72244],[105.70207,22.72118],[105.70184,22.72045],[105.6986,22.72464],[105.69855,22.72536],[105.69672,22.72911],[105.69327,22.72315],[105.69233,22.71831],[105.69188,22.71806],[105.68904,22.71902],[105.6876,22.71798],[105.68592,22.71842],[105.68511,22.71905],[105.68211,22.72007],[105.68023,22.72109],[105.67917,22.72127],[105.67849,22.72212],[105.67584,22.72322],[105.67352,22.72529],[105.67219,22.72535],[105.67022,22.72328],[105.66876,22.72273],[105.66776,22.72417],[105.6653,22.72426],[105.66348,22.72297],[105.66224,22.72034],[105.66265,22.71963],[105.66194,22.71858],[105.65917,22.71668],[105.65591,22.71524],[105.65552,22.71236],[105.65656,22.71146],[105.65606,22.70987],[105.65502,22.70964],[105.65415,22.70786],[105.64871,22.70403],[105.64862,22.70299],[105.64746,22.70085],[105.64827,22.6992],[105.64779,22.69828],[105.64632,22.69836],[105.64504,22.69954],[105.64207,22.69907],[105.63837,22.69921],[105.63707,22.69894],[105.63543,22.70033],[105.63386,22.70074],[105.63327,22.70011],[105.63186,22.69989],[105.63162,22.69866],[105.63021,22.69854],[105.62937,22.69903],[105.6269,22.6993],[105.626,22.69872],[105.62485,22.69965],[105.6233,22.69907],[105.62229,22.69975],[105.62172,22.70162],[105.62116,22.7022],[105.61962,22.70253],[105.61864,22.70163],[105.619,22.70061],[105.61864,22.69923],[105.61713,22.69782],[105.61374,22.69629],[105.61288,22.69493],[105.61053,22.69371],[105.60973,22.69208],[105.60957,22.68937],[105.60795,22.6881],[105.60791,22.68721],[105.60395,22.68513],[105.60115,22.68323],[105.6023,22.68242],[105.60194,22.67918],[105.6004,22.6792],[105.59968,22.67806],[105.6003,22.67743],[105.60019,22.67566],[105.60169,22.6745],[105.60171,22.67269],[105.60259,22.67155],[105.6025,22.6691],[105.60321,22.6674],[105.60221,22.66755],[105.5996,22.66716],[105.59851,22.66603],[105.59658,22.666],[105.59495,22.66652],[105.59395,22.66624],[105.59263,22.66701],[105.59004,22.667],[105.58819,22.66645],[105.58706,22.66714],[105.58382,22.66791],[105.58275,22.66915],[105.5815,22.66935],[105.5806,22.66781],[105.57924,22.6679],[105.57742,22.66509],[105.57564,22.66422],[105.57592,22.66336],[105.57764,22.66251],[105.58149,22.65953],[105.58243,22.65931],[105.58527,22.65724],[105.58943,22.65619],[105.59078,22.65515],[105.59171,22.65363],[105.59342,22.65282],[105.59345,22.65109],[105.59167,22.64823],[105.59077,22.6474],[105.58875,22.64671],[105.58779,22.64576],[105.58781,22.64475],[105.58571,22.64175],[105.5841,22.64116],[105.58171,22.63921],[105.58063,22.63879],[105.57987,22.6375],[105.57759,22.635],[105.57654,22.63463],[105.57586,22.63217],[105.57631,22.63087],[105.57574,22.62907],[105.57421,22.62577],[105.57512,22.62436],[105.57753,22.62428],[105.58169,22.62534],[105.58393,22.62509],[105.58645,22.62402],[105.58754,22.62317],[105.5879,22.62217],[105.5898,22.62155],[105.59057,22.62179],[105.59287,22.621],[105.59421,22.61857],[105.59405,22.61677],[105.59585,22.61629],[105.59792,22.61404],[105.59914,22.61433],[105.60026,22.61327],[105.6,22.61272],[105.60093,22.61025],[105.60173,22.60957],[105.60205,22.60721],[105.60179,22.60607],[105.60291,22.60331],[105.60381,22.60223],[105.60365,22.6015],[105.60217,22.59998],[105.60181,22.59793],[105.60206,22.59618],[105.6035,22.59552],[105.60397,22.59354],[105.60406,22.59153],[105.60512,22.59055],[105.60454,22.58892],[105.6054,22.58679],[105.6067,22.58509],[105.61048,22.58398],[105.6124,22.58282],[105.6133,22.58194],[105.61637,22.58253],[105.61887,22.58175],[105.62119,22.57965],[105.62271,22.57987],[105.62573,22.57958],[105.62737,22.57891],[105.62824,22.57814],[105.63095,22.57806],[105.63206,22.57827],[105.63551,22.57805],[105.63703,22.57832],[105.6392,22.5795],[105.64179,22.5805],[105.64351,22.58284],[105.64672,22.58224],[105.64813,22.58323],[105.65038,22.58437],[105.65281,22.58523],[105.65442,22.58385],[105.65604,22.58377],[105.65684,22.58329],[105.65781,22.58073],[105.65989,22.58115],[105.66104,22.57899],[105.66253,22.57806],[105.66394,22.57762],[105.66458,22.57641],[105.66684,22.57584],[105.66947,22.57731],[105.67046,22.5788],[105.67187,22.57992],[105.67439,22.58119],[105.67613,22.58151],[105.67705,22.58279],[105.67875,22.58298],[105.68003,22.58556],[105.68239,22.58591],[105.68362,22.58673],[105.68448,22.58814],[105.68613,22.58979],[105.68708,22.5937],[105.68929,22.59608],[105.68881,22.59738],[105.68621,22.60101],[105.68426,22.60128],[105.684,22.60331],[105.68553,22.60589],[105.68649,22.60671],[105.68698,22.60963],[105.6877,22.61029],[105.68879,22.61218],[105.69055,22.61384],[105.69279,22.61319],[105.69587,22.61414],[105.69722,22.61426],[105.69756,22.61495],[105.70052,22.61712],[105.70163,22.6183],[105.70382,22.61933],[105.70493,22.62079],[105.70893,22.62471],[105.70933,22.62761],[105.71101,22.627],[105.71386,22.62798],[105.71419,22.62855],[105.71576,22.62733],[105.71976,22.6287],[105.72111,22.63017],[105.72324,22.63008],[105.72714,22.63356],[105.72762,22.63463],[105.72772,22.63636]]]},"properties":{"a01_tinh":"diaphanhanhchinhcaptinh_sn.101","a02_xa":"diaphanhanhchinhcapxa_2025.1164","a03_ten":"Xã Bằng Thành","a04_tentinh":"Tỉnh Thái Nguyên","a05_truocsn":"Xã Bộc Bố, Xã Nhạn Môn, Xã Giáo Hiệu, Xã Bằng Thành","a06_trungtamhc":"Trụ sở Đảng ủy, HĐND, UBND huyện Pác Nặm","a07_dt":"208.22","a08_ds":"13984","a09_dthoai":null,"a10_web":null,"ten":"Xã Bằng Thành","ma":"01864","tentinh":"Tỉnh Thái Nguyên","truocsapnhap":"Xã Bộc Bố, Xã Nhạn Môn, Xã Giáo Hiệu, Xã Bằng Thành","dientichkm2":null,"dansonguoi":null},"id":"diaphanhanhchinhcapxa_2025.1164"},
{"type":"Feature","geometry":{"type":"Polygon","coordinates":[[[106.09453,22.44586],[106.09602,22.44626],[106.09884,22.44816],[106.10024,22.4501],[106.10166,22.45044],[106.1044,22.45254],[106.10506,22.4548],[106.1064,22.456],[106.10735,22.45891],[106.10908,22.46108],[106.10946,22.4628],[106.11188,22.46486],[106.11217,22.46603],[106.1154,22.4689],[106.11568,22.47015],[106.11781,22.47053],[106.11972,22.47201],[106.11889,22.47455],[106.11758,22.47602],[106.11702,22.47845],[106.11462,22.48268],[106.11568,22.48675],[106.11672,22.48818],[106.11635,22.49033],[106.11678,22.49198],[106.11643,22.49412],[106.11672,22.49543],[106.11875,22.49923],[106.11804,22.50193],[106.11781,22.50526],[106.11794,22.50672],[106.11952,22.50972],[106.11831,22.51072],[106.11746,22.51242],[106.11574,22.51218],[106.11387,22.51274],[106.11249,22.51277],[106.11204,22.51402],[106.11077,22.51403],[106.10693,22.51516],[106.1063,22.51591],[106.10195,22.51632],[106.10063,22.51746],[106.10033,22.51887],[106.10134,22.52037],[106.10161,22.52203],[106.10003,22.52363],[106.09899,22.52396],[106.09792,22.52568],[106.09584,22.52678],[106.09497,22.52777],[106.09583,22.53092],[106.09786,22.53223],[106.09947,22.53269],[106.10076,22.53544],[106.09887,22.53509],[106.09747,22.53545],[106.09474,22.53343],[106.09304,22.53523],[106.092,22.53862],[106.09256,22.54078],[106.09343,22.54259],[106.09483,22.54384],[106.09518,22.54707],[106.09397,22.54777],[106.09093,22.54813],[106.08812,22.55167],[106.08797,22.55239],[106.08647,22.55324],[106.0833,22.55254],[106.08082,22.55267],[106.08013,22.55242],[106.07832,22.55271],[106.07473,22.55431],[106.07339,22.55463],[106.07441,22.55812],[106.07387,22.55944],[106.07469,22.56007],[106.07498,22.5614],[106.07621,22.56313],[106.07859,22.5648],[106.07927,22.5663],[106.08207,22.56666],[106.0826,22.56786],[106.08217,22.57049],[106.08274,22.57178],[106.0824,22.57267],[106.08106,22.57371],[106.0793,22.57385],[106.07572,22.57241],[106.07404,22.5724],[106.07147,22.57289],[106.06959,22.57101],[106.06879,22.57068],[106.0666,22.56829],[106.0654,22.56833],[106.06409,22.57044],[106.06209,22.57089],[106.06124,22.57056],[106.05795,22.57143],[106.05728,22.57219],[106.05429,22.57405],[106.05354,22.5749],[106.05118,22.57566],[106.04962,22.5774],[106.04796,22.57821],[106.04656,22.57691],[106.04624,22.5756],[106.04632,22.57348],[106.04495,22.57164],[106.04457,22.57042],[106.04248,22.56773],[106.04254,22.56554],[106.04204,22.565],[106.03912,22.56354],[106.03787,22.56201],[106.0368,22.5619],[106.03532,22.56108],[106.03448,22.56125],[106.03086,22.55988],[106.03011,22.55925],[106.02851,22.55891],[106.02633,22.55799],[106.02273,22.56074],[106.01888,22.56005],[106.01725,22.55901],[106.0161,22.55787],[106.0149,22.55753],[106.01371,22.55667],[106.01223,22.55623],[106.01037,22.5561],[106.00728,22.55552],[106.00445,22.55372],[106.00361,22.55268],[106.00391,22.55147],[106.0034,22.55085],[106.00307,22.54849],[106.00025,22.54704],[105.99406,22.54559],[105.99083,22.54333],[105.99217,22.54204],[105.99216,22.54003],[105.99345,22.537],[105.99494,22.53629],[105.99603,22.53468],[105.99578,22.53305],[105.99455,22.53219],[105.99382,22.5298],[105.99396,22.5275],[105.99339,22.52588],[105.99393,22.52414],[105.99371,22.52112],[105.9952,22.5196],[105.99554,22.5165],[105.9964,22.51538],[105.99637,22.51449],[105.99513,22.51343],[105.99546,22.51236],[105.99544,22.51048],[105.99744,22.50682],[105.9953,22.50535],[105.99526,22.50386],[105.99422,22.50196],[105.99294,22.50119],[105.99237,22.50019],[105.99294,22.49914],[105.99302,22.49768],[105.99215,22.4965],[105.99142,22.49437],[105.99161,22.49213],[105.988,22.49012],[105.98755,22.4886],[105.98641,22.48754],[105.98654,22.48651],[105.9859,22.48545],[105.98362,22.4844],[105.98136,22.48275],[105.97972,22.48024],[105.97752,22.47758],[105.97696,22.4761],[105.97597,22.47568],[105.97605,22.4744],[105.97697,22.47448],[105.9785,22.47269],[105.97897,22.47149],[105.98038,22.47072],[105.98077,22.46996],[105.9803,22.46876],[105.97828,22.46596],[105.97866,22.46553],[105.98095,22.465],[105.98167,22.46441],[105.98306,22.46428],[105.98363,22.46361],[105.98589,22.46394],[105.98864,22.46359],[105.99003,22.46375],[105.99117,22.46532],[105.99357,22.46735],[105.9955,22.46865],[105.9987,22.46681],[106.0002,22.46672],[106.00174,22.46801],[106.00362,22.46772],[106.00368,22.46643],[106.00485,22.46561],[106.00533,22.46648],[106.00688,22.46772],[106.00961,22.46821],[106.01195,22.46904],[106.01395,22.47017],[106.01562,22.47186],[106.01727,22.47255],[106.01901,22.47265],[106.02254,22.47487],[106.02342,22.47461],[106.02764,22.47596],[106.02959,22.46945],[106.02848,22.46801],[106.02665,22.46641],[106.02704,22.46506],[106.02843,22.46443],[106.03143,22.46476],[106.03277,22.46525],[106.0341,22.46513],[106.0347,22.46692],[106.03684,22.46871],[106.03819,22.46941],[106.03841,22.4703],[106.03946,22.47141],[106.04154,22.47153],[106.04318,22.47102],[106.04407,22.47004],[106.04744,22.46868],[106.04884,22.46781],[106.04871,22.46545],[106.04963,22.46516],[106.04949,22.46413],[106.04792,22.46252],[106.04901,22.46153],[106.04964,22.45994],[106.05055,22.45933],[106.05274,22.45884],[106.05447,22.45938],[106.05635,22.45933],[106.06081,22.45822],[106.06131,22.45725],[106.0631,22.45648],[106.06411,22.45683],[106.06501,22.45646],[106.06686,22.45699],[106.06982,22.45665],[106.07253,22.45681],[106.07463,22.4559],[106.07627,22.45365],[106.07837,22.45274],[106.07852,22.45078],[106.07965,22.44979],[106.08042,22.44842],[106.08381,22.44778],[106.08539,22.44705],[106.08664,22.4475],[106.09028,22.44744],[106.09274,22.44589],[106.09453,22.44586]]]},"properties":{"a01_tinh":"diaphanhanhchinhcaptinh_sn.101","a02_xa":"diaphanhanhchinhcapxa_2025.1173","a03_ten":"Xã Bằng Vân","a04_tentinh":"Tỉnh Thái Nguyên","a05_truocsn":"Xã Thượng Ân, Xã Bằng Vân","a06_trungtamhc":"Trụ sở Đảng ủy, HĐND, UBND xã Bằng Vân","a07_dt":"133.01","a08_ds":"5643","a09_dthoai":null,"a10_web":null,"ten":"Xã Bằng Vân","ma":"01942","tentinh":"Tỉnh Thái Nguyên","truocsapnhap":"Xã Thượng Ân, Xã Bằng Vân","dientichkm2":null,"dansonguoi":null},"id":"diaphanhanhchinhcapxa_2025.1173"},
{"type":"Feature","geometry":{"type":"Polygon","coordinates":[[[105.60299,21.8245],[105.60194,21.82422],[105.6,21.82304],[105.59926,21.82213],[105.59743,21.82227],[105.597,21.82336],[105.59614,21.82376],[105.59547,21.8249],[105.59402,21.8253],[105.59213,21.82361],[105.59025,21.82393],[105.58944,21.8247],[105.58945,21.82664],[105.5881,21.82794],[105.58741,21.82947],[105.58808,21.8304],[105.58494,21.83122],[105.58178,21.8296],[105.58073,21.82863],[105.57899,21.82974],[105.57766,21.82979],[105.57532,21.83081],[105.57461,21.83262],[105.57529,21.83406],[105.57509,21.83517],[105.57566,21.83653],[105.57476,21.83772],[105.57365,21.83693],[105.57264,21.83754],[105.57092,21.84035],[105.56754,21.84245],[105.56619,21.84384],[105.56554,21.84049],[105.56464,21.83769],[105.56322,21.83797],[105.56237,21.83694],[105.56346,21.83621],[105.56472,21.83433],[105.56536,21.83221],[105.56405,21.83086],[105.56566,21.82869],[105.56609,21.82749],[105.56742,21.82748],[105.5691,21.82698],[105.57065,21.82728],[105.57093,21.82646],[105.57021,21.82517],[105.56879,21.82384],[105.56736,21.82374],[105.56597,21.8229],[105.56612,21.82173],[105.56517,21.81924],[105.56563,21.8165],[105.56382,21.81636],[105.56099,21.8149],[105.55905,21.81295],[105.55363,21.81155],[105.55263,21.80945],[105.5517,21.80932],[105.55073,21.80672],[105.55071,21.80542],[105.55139,21.80365],[105.55333,21.80176],[105.55277,21.80066],[105.55617,21.79994],[105.55622,21.79849],[105.5567,21.79755],[105.55497,21.79735],[105.55398,21.79249],[105.55326,21.7915],[105.5513,21.79074],[105.54929,21.78956],[105.54775,21.7867],[105.54868,21.78475],[105.54783,21.78352],[105.54916,21.78223],[105.54906,21.78062],[105.54686,21.7799],[105.54394,21.77768],[105.54176,21.77729],[105.53858,21.77499],[105.53694,21.77316],[105.5354,21.77097],[105.53349,21.7696],[105.53081,21.76936],[105.52626,21.7686],[105.52576,21.7679],[105.52571,21.7677],[105.52528,21.76664],[105.52508,21.76634],[105.52498,21.76522],[105.5286,21.76285],[105.52933,21.76204],[105.5315,21.76121],[105.53307,21.75935],[105.53658,21.75948],[105.53777,21.75927],[105.54057,21.75992],[105.54134,21.76044],[105.54326,21.7606],[105.54471,21.75683],[105.54538,21.75384],[105.54573,21.75323],[105.54754,21.75277],[105.54969,21.75257],[105.55299,21.75166],[105.55518,21.75208],[105.55602,21.75112],[105.55826,21.75067],[105.56077,21.74944],[105.5643,21.74809],[105.56553,21.74728],[105.56604,21.74588],[105.56763,21.74509],[105.56837,21.74602],[105.56943,21.74585],[105.57005,21.74821],[105.57229,21.74763],[105.57573,21.74777],[105.57795,21.74836],[105.58194,21.75083],[105.5841,21.75428],[105.58402,21.75611],[105.58454,21.75846],[105.58513,21.75943],[105.58463,21.76062],[105.58552,21.7614],[105.58526,21.76222],[105.58601,21.7633],[105.58588,21.76463],[105.58834,21.76697],[105.58956,21.76755],[105.59224,21.76685],[105.59532,21.7673],[105.59805,21.76677],[105.59815,21.76755],[105.5967,21.77046],[105.59716,21.77208],[105.59704,21.77363],[105.59961,21.77494],[105.6013,21.77832],[105.60249,21.77907],[105.60493,21.77975],[105.60659,21.78114],[105.60757,21.78527],[105.60445,21.78754],[105.60362,21.78694],[105.59962,21.78674],[105.59533,21.78721],[105.59404,21.78839],[105.59361,21.7898],[105.59251,21.78934],[105.59038,21.79114],[105.59021,21.79192],[105.59104,21.79348],[105.59038,21.79571],[105.59052,21.79651],[105.58983,21.79817],[105.59341,21.79986],[105.59427,21.80072],[105.59452,21.80258],[105.59626,21.80326],[105.59868,21.80298],[105.59942,21.8056],[105.60279,21.80842],[105.60414,21.80845],[105.60592,21.80802],[105.60599,21.80944],[105.60471,21.81137],[105.60335,21.81105],[105.60247,21.81207],[105.603,21.81458],[105.60248,21.81497],[105.60088,21.81462],[105.60057,21.81525],[105.59777,21.81512],[105.59689,21.81628],[105.59717,21.81683],[105.59937,21.81662],[105.60026,21.81737],[105.5997,21.81899],[105.60106,21.81954],[105.60231,21.82074],[105.60306,21.82309],[105.60299,21.8245]]]},"properties":{"a01_tinh":"diaphanhanhchinhcaptinh_sn.101","a02_xa":"diaphanhanhchinhcapxa_2025.1217","a03_ten":"Xã Bình Thành","a04_tentinh":"Tỉnh Thái Nguyên","a05_truocsn":"Xã Sơn Phú, Xã Bình Thành","a06_trungtamhc":"Trụ sở Đảng ủy, HĐND, UBND xã Bình Thành","a07_dt":"43.3","a08_ds":"11525","a09_dthoai":null,"a10_web":null,"ten":"Xã Bình Thành","ma":"05605","tentinh":"Tỉnh Thái Nguyên","truocsapnhap":"Xã Sơn Phú, Xã Bình Thành","dientichkm2":null,"dansonguoi":null},"id":"diaphanhanhchinhcapxa_2025.1217"},
{"type":"Feature","geometry":{"type":"Polygon","coordinates":[[[105.6141,21.87272],[105.6123,21.87108],[105.61126,21.87104],[105.60872,21.87021],[105.60661,21.86871],[105.60481,21.86597],[105.60425,21.86584],[105.60256,21.8638],[105.60134,21.8632],[105.59939,21.86162],[105.59824,21.8602],[105.59538,21.85809],[105.59345,21.85601],[105.59199,21.85611],[105.59193,21.8576],[105.59231,21.85979],[105.59174,21.86044],[105.59005,21.86029],[105.58911,21.86061],[105.5881,21.86239],[105.58812,21.86309],[105.58673,21.86365],[105.58669,21.86446],[105.58576,21.86498],[105.58581,21.86643],[105.58739,21.86739],[105.58824,21.86868],[105.58708,21.86981],[105.58689,21.87086],[105.58962,21.872],[105.58949,21.87307],[105.58872,21.87373],[105.58996,21.87437],[105.58884,21.87562],[105.58739,21.87517],[105.58561,21.87725],[105.58428,21.87747],[105.58283,21.87816],[105.58291,21.88096],[105.58051,21.88378],[105.58024,21.88673],[105.5798,21.88777],[105.58037,21.88879],[105.58019,21.88984],[105.5807,21.89067],[105.57929,21.89171],[105.58007,21.8928],[105.58137,21.89364],[105.58158,21.89526],[105.58371,21.89594],[105.58419,21.89663],[105.584,21.89815],[105.58322,21.89883],[105.58371,21.90046],[105.58314,21.90176],[105.58205,21.90135],[105.58131,21.90174],[105.57832,21.902],[105.5769,21.90179],[105.57577,21.90314],[105.57481,21.90187],[105.57283,21.90195],[105.57161,21.90148],[105.5706,21.89983],[105.56881,21.89891],[105.56698,21.89965],[105.56608,21.89914],[105.56588,21.8935],[105.56747,21.89136],[105.5673,21.89055],[105.56804,21.88892],[105.5679,21.88741],[105.5661,21.88658],[105.566,21.88563],[105.56301,21.88254],[105.56226,21.8811],[105.56254,21.87981],[105.56085,21.8803],[105.55952,21.87919],[105.55685,21.87851],[105.55554,21.87944],[105.55435,21.88105],[105.55393,21.88236],[105.55279,21.8826],[105.54914,21.88473],[105.54669,21.88483],[105.54568,21.88601],[105.54434,21.889],[105.54305,21.89099],[105.5402,21.88994],[105.53763,21.88978],[105.53554,21.89018],[105.53406,21.88833],[105.53298,21.88791],[105.5313,21.88797],[105.52872,21.88755],[105.52608,21.88814],[105.52486,21.88799],[105.52327,21.88633],[105.52151,21.88503],[105.51992,21.88313],[105.5195,21.88206],[105.51978,21.88016],[105.51825,21.8771],[105.51824,21.87414],[105.51867,21.87366],[105.52039,21.87343],[105.52106,21.87163],[105.52243,21.86981],[105.52304,21.86604],[105.52388,21.86525],[105.52538,21.86308],[105.52555,21.86119],[105.52646,21.85848],[105.52658,21.85745],[105.52782,21.85478],[105.52812,21.85349],[105.52894,21.85292],[105.52891,21.85192],[105.52811,21.85071],[105.52715,21.85017],[105.52943,21.84785],[105.53204,21.85001],[105.53481,21.84948],[105.53669,21.84868],[105.53883,21.84813],[105.54001,21.84868],[105.54097,21.84831],[105.54185,21.84874],[105.54326,21.8482],[105.54527,21.8491],[105.54518,21.84753],[105.54865,21.84668],[105.55077,21.84648],[105.55189,21.84767],[105.55339,21.84789],[105.55577,21.84669],[105.56077,21.84643],[105.56105,21.84616],[105.56425,21.84652],[105.56546,21.84616],[105.56624,21.84467],[105.56619,21.84384],[105.56754,21.84245],[105.57092,21.84035],[105.57264,21.83754],[105.57365,21.83693],[105.57476,21.83772],[105.57566,21.83653],[105.57509,21.83517],[105.57529,21.83406],[105.57461,21.83262],[105.57532,21.83081],[105.57766,21.82979],[105.57899,21.82974],[105.58073,21.82863],[105.58178,21.8296],[105.58494,21.83122],[105.58808,21.8304],[105.58741,21.82947],[105.5881,21.82794],[105.58945,21.82664],[105.58944,21.8247],[105.59025,21.82393],[105.59213,21.82361],[105.59402,21.8253],[105.59547,21.8249],[105.59614,21.82376],[105.597,21.82336],[105.59743,21.82227],[105.59926,21.82213],[105.6,21.82304],[105.60194,21.82422],[105.60299,21.8245],[105.60542,21.82343],[105.6073,21.82376],[105.60811,21.82327],[105.60963,21.8245],[105.61191,21.82424],[105.61299,21.82349],[105.61495,21.8227],[105.61676,21.82581],[105.61732,21.82776],[105.61613,21.82986],[105.61686,21.83201],[105.6166,21.83417],[105.61803,21.83449],[105.61846,21.83556],[105.6215,21.83575],[105.62288,21.83522],[105.62555,21.83722],[105.62706,21.83771],[105.62572,21.84068],[105.62526,21.84268],[105.62438,21.84389],[105.62341,21.84443],[105.62263,21.84721],[105.62206,21.84838],[105.61943,21.84794],[105.61765,21.84936],[105.61849,21.85015],[105.61836,21.85152],[105.61896,21.85194],[105.62048,21.85181],[105.62017,21.85532],[105.61984,21.85682],[105.61918,21.85715],[105.61732,21.85933],[105.61733,21.86123],[105.61634,21.86185],[105.61646,21.86298],[105.61605,21.86562],[105.61739,21.86631],[105.61787,21.86809],[105.61766,21.86906],[105.61649,21.86916],[105.61499,21.87084],[105.6141,21.87272]]]},"properties":{"a01_tinh":"diaphanhanhchinhcaptinh_sn.101","a02_xa":"diaphanhanhchinhcapxa_2025.1200","a03_ten":"Xã Bình Yên","a04_tentinh":"Tỉnh Thái Nguyên","a05_truocsn":"Xã Trung Lương, Xã Định Biên, Xã Thanh Định, Xã Bình Yên","a06_trungtamhc":"Trụ sở Đảng ủy, HĐND, UBND xã Bình Yên","a07_dt":"48.36","a08_ds":"16106","a09_dthoai":null,"a10_web":null,"ten":"Xã Bình Yên","ma":"05587","tentinh":"Tỉnh Thái Nguyên","truocsapnhap":"Xã Trung Lương, Xã Định Biên, Xã Thanh Định, Xã Bình Yên","dientichkm2":null,"dansonguoi":null},"id":"diaphanhanhchinhcapxa_2025.1200"},
{"type":"Feature","geometry":{"type":"Polygon","coordinates":[[[105.96333,22.13143],[105.95998,22.13267],[105.9595,22.13394],[105.9573,22.13473],[105.95447,22.13473],[105.95303,22.13662],[105.95194,22.13728],[105.95015,22.13704],[105.94855,22.13754],[105.94822,22.13894],[105.94844,22.14141],[105.94751,22.14357],[105.94735,22.14514],[105.94675,22.14696],[105.94513,22.1486],[105.94503,22.15125],[105.94402,22.15338],[105.94362,22.15484],[105.94215,22.15723],[105.9403,22.1583],[105.93903,22.15976],[105.93613,22.16026],[105.93718,22.16189],[105.9358,22.16251],[105.93671,22.16357],[105.93779,22.16352],[105.93894,22.16452],[105.93693,22.16679],[105.93317,22.16764],[105.93576,22.17012],[105.93653,22.17152],[105.93638,22.17305],[105.93728,22.17538],[105.93798,22.17628],[105.93794,22.17973],[105.93947,22.18199],[105.93971,22.18361],[105.94139,22.1863],[105.94232,22.1898],[105.94345,22.19098],[105.94392,22.19357],[105.94512,22.19702],[105.94492,22.19805],[105.94603,22.19941],[105.94775,22.20088],[105.94775,22.20257],[105.94885,22.20526],[105.94807,22.20723],[105.94868,22.21059],[105.94751,22.2113],[105.94542,22.2116],[105.94298,22.20985],[105.94174,22.20985],[105.94116,22.2104],[105.93961,22.21011],[105.9383,22.20916],[105.93609,22.20834],[105.93005,22.20978],[105.92666,22.21034],[105.92644,22.21224],[105.92739,22.21543],[105.92721,22.21749],[105.92743,22.21895],[105.92606,22.22226],[105.92608,22.22362],[105.92767,22.22567],[105.92644,22.22753],[105.92335,22.22934],[105.9232,22.23031],[105.92157,22.23286],[105.92205,22.23377],[105.9211,22.23654],[105.92096,22.23812],[105.92165,22.2403],[105.92086,22.24179],[105.91995,22.24249],[105.91833,22.24555],[105.91725,22.24633],[105.91638,22.24782],[105.9164,22.24883],[105.915,22.2496],[105.91458,22.25035],[105.91457,22.25236],[105.91369,22.25186],[105.91228,22.25003],[105.91076,22.24753],[105.90981,22.24542],[105.90969,22.24398],[105.90837,22.24325],[105.90612,22.24255],[105.90522,22.24111],[105.90114,22.23994],[105.90096,22.23769],[105.89813,22.23728],[105.89718,22.23513],[105.89535,22.234],[105.8951,22.23323],[105.89224,22.23222],[105.89084,22.22997],[105.88856,22.22937],[105.88528,22.22933],[105.88393,22.22867],[105.88151,22.22817],[105.87908,22.22833],[105.87835,22.22881],[105.8761,22.22927],[105.87514,22.23101],[105.87398,22.23234],[105.87411,22.23365],[105.87545,22.23436],[105.87656,22.23551],[105.87833,22.23562],[105.8792,22.23612],[105.87996,22.23808],[105.8797,22.23917],[105.87428,22.2409],[105.8737,22.2416],[105.87215,22.24204],[105.87264,22.24377],[105.87106,22.24653],[105.87057,22.24839],[105.86884,22.24835],[105.86515,22.2495],[105.86442,22.24945],[105.86249,22.25024],[105.86067,22.25137],[105.8588,22.25148],[105.85781,22.24902],[105.85907,22.24775],[105.8591,22.24699],[105.85837,22.24487],[105.85748,22.24433],[105.8574,22.2434],[105.85643,22.24199],[105.85697,22.24027],[105.85587,22.23778],[105.85196,22.238],[105.85152,22.23915],[105.85017,22.23922],[105.84975,22.2386],[105.84841,22.23842],[105.84635,22.23646],[105.84573,22.23779],[105.84377,22.23852],[105.8428,22.23722],[105.84367,22.2363],[105.84232,22.23466],[105.84211,22.23208],[105.84052,22.23146],[105.83819,22.23107],[105.83641,22.23176],[105.83386,22.23195],[105.83345,22.23234],[105.83185,22.23201],[105.83014,22.23212],[105.82811,22.23055],[105.82522,22.22969],[105.82403,22.2268],[105.82093,22.2253],[105.81865,22.22484],[105.8169,22.22212],[105.81656,22.22091],[105.81567,22.2201],[105.81139,22.21881],[105.80898,22.21626],[105.80754,22.21624],[105.80517,22.21556],[105.80632,22.21404],[105.80757,22.2131],[105.80707,22.21209],[105.80777,22.21277],[105.81028,22.21228],[105.81162,22.2127],[105.81388,22.21185],[105.81627,22.21132],[105.81859,22.21031],[105.8195,22.20932],[105.82145,22.20837],[105.82338,22.20627],[105.82524,22.2059],[105.82807,22.20461],[105.83091,22.20184],[105.83348,22.20064],[105.83588,22.20041],[105.83787,22.20061],[105.83871,22.20123],[105.84096,22.20094],[105.84164,22.19956],[105.84137,22.19735],[105.84259,22.19709],[105.84409,22.19618],[105.84751,22.19324],[105.8494,22.19418],[105.85077,22.19416],[105.85213,22.1934],[105.85262,22.19265],[105.85261,22.19098],[105.85439,22.19066],[105.85467,22.1896],[105.85563,22.18889],[105.85594,22.18787],[105.85768,22.18683],[105.85879,22.18706],[105.85892,22.18584],[105.86023,22.18638],[105.86123,22.18585],[105.86652,22.18623],[105.86706,22.18577],[105.86754,22.18392],[105.86533,22.182],[105.86523,22.18031],[105.86445,22.17944],[105.86491,22.17805],[105.86451,22.17693],[105.86531,22.17596],[105.86551,22.17485],[105.86515,22.17308],[105.86616,22.17207],[105.86809,22.17115],[105.86911,22.16987],[105.87042,22.17081],[105.87218,22.16924],[105.87327,22.16914],[105.87452,22.16635],[105.87351,22.16516],[105.87396,22.16372],[105.87584,22.1633],[105.87708,22.16147],[105.8792,22.16046],[105.8831,22.15821],[105.88453,22.15783],[105.88582,22.15702],[105.88617,22.15629],[105.88968,22.15277],[105.88841,22.15247],[105.88744,22.15162],[105.88572,22.1514],[105.8854,22.1485],[105.8856,22.14766],[105.88532,22.14506],[105.88417,22.14404],[105.88373,22.14118],[105.88425,22.13692],[105.88517,22.13546],[105.88456,22.13402],[105.88445,22.13273],[105.88485,22.13176],[105.88379,22.1287],[105.88466,22.12565],[105.88716,22.12466],[105.88789,22.12361],[105.88934,22.123],[105.89178,22.12329],[105.89331,22.12424],[105.89283,22.12555],[105.8943,22.12674],[105.89596,22.12671],[105.89774,22.12764],[105.90085,22.12756],[105.9025,22.1278],[105.90549,22.12667],[105.90699,22.12645],[105.90922,22.12475],[105.91028,22.12483],[105.91151,22.12373],[105.91284,22.12389],[105.91555,22.12316],[105.91638,22.12194],[105.91891,22.12174],[105.92034,22.12312],[105.92332,22.12255],[105.9247,22.12425],[105.9268,22.12448],[105.92764,22.12492],[105.92986,22.12719],[105.93077,22.12922],[105.9318,22.12975],[105.93448,22.12954],[105.93672,22.12839],[105.93722,22.12758],[105.94043,22.12601],[105.9403,22.12531],[105.94316,22.12402],[105.9445,22.1226],[105.94561,22.12014],[105.94827,22.11989],[105.94866,22.11875],[105.94989,22.11886],[105.95165,22.11812],[105.95471,22.11895],[105.95653,22.11987],[105.95815,22.12015],[105.96058,22.12201],[105.96304,22.12221],[105.96386,22.12276],[105.96426,22.12413],[105.96389,22.12502],[105.96453,22.12703],[105.96396,22.12892],[105.96338,22.12966],[105.96333,22.13143]]]},"properties":{"a01_tinh":"diaphanhanhchinhcaptinh_sn.101","a02_xa":"diaphanhanhchinhcapxa_2025.1177","a03_ten":"Xã Cẩm Giàng","a04_tentinh":"Tỉnh Thái Nguyên","a05_truocsn":"Xã Quân Hà, Xã Nguyên Phúc, Xã Mỹ Thanh, Xã Cẩm Giàng","a06_trungtamhc":"Trụ sở Đảng ủy, HĐND, UBND xã Cẩm Giàng","a07_dt":"110.79","a08_ds":"11342","a09_dthoai":null,"a10_web":null,"ten":"Xã Cẩm Giàng","ma":"02008","tentinh":"Tỉnh Thái Nguyên","truocsapnhap":"Xã Quân Hà, Xã Nguyên Phúc, Xã Mỹ Thanh, Xã Cẩm Giàng","dientichkm2":null,"dansonguoi":null},"id":"diaphanhanhchinhcapxa_2025.1177"},
{"type":"Feature","geometry":{"type":"Polygon","coordinates":[[[105.57564,22.66422],[105.57354,22.66542],[105.57097,22.66566],[105.5703,22.66515],[105.56809,22.66525],[105.56546,22.66432],[105.56293,22.66289],[105.56322,22.66174],[105.56244,22.66029],[105.55773,22.65884],[105.55748,22.6574],[105.55544,22.65701],[105.55294,22.65695],[105.55056,22.65752],[105.54911,22.65697],[105.5449,22.65392],[105.54244,22.65147],[105.54108,22.64954],[105.54115,22.64804],[105.54068,22.6472],[105.54138,22.64481],[105.54107,22.64303],[105.5412,22.64009],[105.54047,22.63855],[105.54039,22.63644],[105.53949,22.63539],[105.53934,22.63391],[105.5351,22.63368],[105.53241,22.63303],[105.53141,22.63256],[105.53146,22.63014],[105.52968,22.62841],[105.52968,22.62616],[105.52995,22.62519],[105.52976,22.62345],[105.53025,22.62266],[105.53017,22.62144],[105.52903,22.61915],[105.53279,22.61744],[105.53301,22.61515],[105.53335,22.61443],[105.53509,22.61371],[105.53643,22.61169],[105.53724,22.61184],[105.53844,22.61102],[105.53948,22.60887],[105.53978,22.60739],[105.5429,22.60515],[105.54413,22.60308],[105.54515,22.60248],[105.54666,22.60081],[105.54909,22.59965],[105.55133,22.59957],[105.55111,22.59885],[105.54959,22.59784],[105.54863,22.59587],[105.54705,22.59405],[105.54679,22.59232],[105.54699,22.59121],[105.5464,22.58856],[105.54683,22.5867],[105.5484,22.58527],[105.54914,22.58174],[105.54917,22.58013],[105.55119,22.57833],[105.55166,22.57735],[105.55157,22.57582],[105.55291,22.57534],[105.55366,22.57447],[105.5572,22.5744],[105.55883,22.57296],[105.56002,22.57046],[105.56013,22.56858],[105.5616,22.56764],[105.56363,22.56453],[105.56343,22.56244],[105.56359,22.56053],[105.56403,22.55995],[105.56608,22.56076],[105.56903,22.56124],[105.57208,22.56194],[105.57434,22.56129],[105.57595,22.55962],[105.57839,22.55771],[105.57996,22.55442],[105.58339,22.5529],[105.58432,22.55306],[105.58569,22.55235],[105.58616,22.55089],[105.58585,22.54907],[105.58766,22.54863],[105.5884,22.54595],[105.58888,22.54516],[105.59081,22.54454],[105.59162,22.54356],[105.59127,22.54179],[105.59171,22.54067],[105.59157,22.53809],[105.5928,22.53695],[105.5925,22.53553],[105.59431,22.5324],[105.59529,22.5324],[105.59591,22.5314],[105.59525,22.53074],[105.59584,22.52786],[105.59494,22.52605],[105.59643,22.52338],[105.59845,22.52133],[105.59771,22.51995],[105.59754,22.51851],[105.598,22.51688],[105.59571,22.51529],[105.59452,22.51548],[105.59327,22.51464],[105.59298,22.51233],[105.59137,22.50977],[105.59067,22.50766],[105.59183,22.50779],[105.59281,22.50648],[105.59384,22.5061],[105.59607,22.50381],[105.59628,22.50294],[105.59555,22.50209],[105.59396,22.49867],[105.59437,22.49587],[105.59408,22.49425],[105.59457,22.49367],[105.5948,22.49162],[105.59668,22.49082],[105.59818,22.48964],[105.59809,22.48885],[105.59974,22.48781],[105.60187,22.48818],[105.60353,22.48967],[105.60572,22.49062],[105.60698,22.49209],[105.60881,22.49265],[105.61091,22.49458],[105.61262,22.49475],[105.61489,22.4955],[105.61548,22.49531],[105.62037,22.49622],[105.62286,22.49601],[105.62581,22.49759],[105.62946,22.49809],[105.63075,22.49737],[105.63205,22.49569],[105.63479,22.49476],[105.63751,22.49279],[105.63793,22.49225],[105.63978,22.49171],[105.64089,22.49311],[105.64221,22.49417],[105.64272,22.4952],[105.64376,22.49553],[105.64367,22.49743],[105.64491,22.49877],[105.64671,22.49965],[105.6485,22.50167],[105.65255,22.50406],[105.65516,22.50277],[105.65639,22.50177],[105.65744,22.50003],[105.65975,22.49836],[105.6607,22.50011],[105.66225,22.50143],[105.66484,22.50218],[105.66678,22.50161],[105.6681,22.50311],[105.66968,22.50404],[105.67042,22.50407],[105.67414,22.50602],[105.67612,22.50478],[105.67827,22.50522],[105.68067,22.50761],[105.68193,22.508],[105.68291,22.50938],[105.68306,22.51072],[105.6823,22.5123],[105.6822,22.51339],[105.68104,22.51528],[105.67937,22.51696],[105.67919,22.5194],[105.67851,22.52049],[105.67867,22.52397],[105.67796,22.52487],[105.67855,22.52647],[105.67806,22.52789],[105.67611,22.52967],[105.6754,22.53169],[105.67249,22.53312],[105.67241,22.53415],[105.67121,22.537],[105.67191,22.53995],[105.67192,22.54172],[105.67245,22.54215],[105.67425,22.5424],[105.67534,22.54322],[105.67563,22.54473],[105.67379,22.54739],[105.67368,22.5493],[105.67483,22.55047],[105.67648,22.55408],[105.67581,22.55646],[105.67678,22.55938],[105.67446,22.56102],[105.67329,22.56241],[105.67355,22.56491],[105.67317,22.56611],[105.67136,22.56709],[105.67116,22.56817],[105.66917,22.56846],[105.66831,22.56943],[105.66808,22.57118],[105.66828,22.57265],[105.66705,22.57426],[105.66684,22.57584],[105.66458,22.57641],[105.66394,22.57762],[105.66253,22.57806],[105.66104,22.57899],[105.65989,22.58115],[105.65781,22.58073],[105.65684,22.58329],[105.65604,22.58377],[105.65442,22.58385],[105.65281,22.58523],[105.65038,22.58437],[105.64813,22.58323],[105.64672,22.58224],[105.64351,22.58284],[105.64179,22.5805],[105.6392,22.5795],[105.63703,22.57832],[105.63551,22.57805],[105.63206,22.57827],[105.63095,22.57806],[105.62824,22.57814],[105.62737,22.57891],[105.62573,22.57958],[105.62271,22.57987],[105.62119,22.57965],[105.61887,22.58175],[105.61637,22.58253],[105.6133,22.58194],[105.6124,22.58282],[105.61048,22.58398],[105.6067,22.58509],[105.6054,22.58679],[105.60454,22.58892],[105.60512,22.59055],[105.60406,22.59153],[105.60397,22.59354],[105.6035,22.59552],[105.60206,22.59618],[105.60181,22.59793],[105.60217,22.59998],[105.60365,22.6015],[105.60381,22.60223],[105.60291,22.60331],[105.60179,22.60607],[105.60205,22.60721],[105.60173,22.60957],[105.60093,22.61025],[105.6,22.61272],[105.60026,22.61327],[105.59914,22.61433],[105.59792,22.61404],[105.59585,22.61629],[105.59405,22.61677],[105.59421,22.61857],[105.59287,22.621],[105.59057,22.62179],[105.5898,22.62155],[105.5879,22.62217],[105.58754,22.62317],[105.58645,22.62402],[105.58393,22.62509],[105.58169,22.62534],[105.57753,22.62428],[105.57512,22.62436],[105.57421,22.62577],[105.57574,22.62907],[105.57631,22.63087],[105.57586,22.63217],[105.57654,22.63463],[105.57759,22.635],[105.57987,22.6375],[105.58063,22.63879],[105.58171,22.63921],[105.5841,22.64116],[105.58571,22.64175],[105.58781,22.64475],[105.58779,22.64576],[105.58875,22.64671],[105.59077,22.6474],[105.59167,22.64823],[105.59345,22.65109],[105.59342,22.65282],[105.59171,22.65363],[105.59078,22.65515],[105.58943,22.65619],[105.58527,22.65724],[105.58243,22.65931],[105.58149,22.65953],[105.57764,22.66251],[105.57592,22.66336],[105.57564,22.66422]]]},"properties":{"a01_tinh":"diaphanhanhchinhcaptinh_sn.101","a02_xa":"diaphanhanhchinhcapxa_2025.1165","a03_ten":"Xã Cao Minh","a04_tentinh":"Tỉnh Thái Nguyên","a05_truocsn":"Xã Công Bằng, Xã Cổ Linh, Xã Cao Tân","a06_trungtamhc":"Trụ sở Đảng ủy, HĐND, UBND xã Cổ Linh","a07_dt":"134.89","a08_ds":"12807","a09_dthoai":null,"a10_web":null,"ten":"Xã Cao Minh","ma":"01879","tentinh":"Tỉnh Thái Nguyên","truocsapnhap":"Xã Công Bằng, Xã Cổ Linh, Xã Cao Tân","dientichkm2":null,"dansonguoi":null},"id":"diaphanhanhchinhcapxa_2025.1165"},
{"type":"Feature","geometry":{"type":"Polygon","coordinates":[[[105.63613,22.24514],[105.63523,22.24516],[105.63363,22.24447],[105.63231,22.24469],[105.6304,22.24574],[105.6283,22.24443],[105.62812,22.24311],[105.62707,22.24179],[105.62733,22.23998],[105.62571,22.23952],[105.62421,22.23764],[105.62231,22.23679],[105.62237,22.2338],[105.62092,22.23286],[105.62016,22.23052],[105.6193,22.22929],[105.61684,22.22826],[105.61621,22.22661],[105.61542,22.22569],[105.61447,22.22226],[105.61273,22.22283],[105.61107,22.22458],[105.60883,22.22453],[105.60662,22.22559],[105.60329,22.22479],[105.60034,22.22587],[105.59846,22.22801],[105.59738,22.23086],[105.59523,22.23257],[105.59227,22.23307],[105.5912,22.23523],[105.5886,22.2357],[105.58726,22.23536],[105.58568,22.23605],[105.58482,22.23516],[105.58294,22.23511],[105.58132,22.23472],[105.57911,22.23615],[105.57775,22.23538],[105.57674,22.23535],[105.57618,22.23672],[105.57648,22.23811],[105.57446,22.24098],[105.57319,22.24101],[105.57166,22.24188],[105.57165,22.24329],[105.57114,22.24443],[105.5701,22.24503],[105.56905,22.24485],[105.56686,22.24236],[105.56246,22.24079],[105.55802,22.23866],[105.55664,22.23858],[105.55579,22.23789],[105.55279,22.23683],[105.55052,22.23675],[105.55061,22.23622],[105.54868,22.23397],[105.54906,22.23316],[105.54781,22.23149],[105.54801,22.22835],[105.54678,22.22682],[105.54684,22.22584],[105.54615,22.22407],[105.54431,22.22135],[105.5435,22.21963],[105.54627,22.21751],[105.54665,22.21668],[105.54883,22.21667],[105.54917,22.21618],[105.54802,22.21491],[105.54794,22.21309],[105.54724,22.21205],[105.54759,22.20934],[105.54988,22.20745],[105.55143,22.20551],[105.55281,22.20445],[105.55142,22.20351],[105.54847,22.20296],[105.54833,22.202],[105.54895,22.20057],[105.55088,22.19963],[105.55172,22.19691],[105.55386,22.19531],[105.55401,22.19366],[105.55503,22.19297],[105.55612,22.19143],[105.55655,22.18873],[105.55627,22.18758],[105.55751,22.18357],[105.55667,22.18222],[105.55505,22.18099],[105.55558,22.17805],[105.55553,22.17446],[105.55451,22.16974],[105.55312,22.16798],[105.55224,22.16593],[105.55312,22.16534],[105.55432,22.16221],[105.55508,22.16141],[105.55442,22.16001],[105.55528,22.15771],[105.55508,22.15587],[105.55294,22.15316],[105.55436,22.15157],[105.55624,22.15006],[105.55834,22.14933],[105.55703,22.14712],[105.55708,22.14521],[105.55747,22.1428],[105.55589,22.13948],[105.55456,22.13928],[105.55322,22.13774],[105.55344,22.13562],[105.55265,22.13364],[105.55254,22.1325],[105.55165,22.13122],[105.55142,22.1297],[105.55002,22.1282],[105.54968,22.12689],[105.54855,22.12556],[105.54711,22.12558],[105.54638,22.12624],[105.54483,22.12661],[105.54296,22.12649],[105.54108,22.1267],[105.53766,22.12547],[105.53599,22.12524],[105.53529,22.12637],[105.53272,22.1273],[105.5315,22.12712],[105.53161,22.12497],[105.53259,22.1215],[105.53446,22.12166],[105.53649,22.11957],[105.53549,22.11739],[105.5361,22.11667],[105.53628,22.11424],[105.53836,22.1124],[105.54165,22.1116],[105.5431,22.11251],[105.54502,22.11264],[105.54251,22.10959],[105.54045,22.10778],[105.53945,22.10505],[105.53817,22.10459],[105.53692,22.10361],[105.53625,22.10236],[105.53428,22.1006],[105.53189,22.09939],[105.52989,22.09773],[105.53323,22.09752],[105.53483,22.09702],[105.53662,22.09754],[105.53739,22.09697],[105.53884,22.09805],[105.54009,22.09789],[105.54254,22.09899],[105.54634,22.09989],[105.55018,22.10019],[105.55207,22.09922],[105.55363,22.09946],[105.55537,22.10129],[105.55597,22.10263],[105.55833,22.10333],[105.55996,22.10225],[105.56071,22.10058],[105.56198,22.09978],[105.56409,22.099],[105.56417,22.09842],[105.56258,22.09747],[105.56227,22.09655],[105.56231,22.09426],[105.56101,22.09347],[105.5597,22.09368],[105.55885,22.09189],[105.55677,22.09115],[105.55636,22.089],[105.55704,22.08832],[105.55785,22.08651],[105.55783,22.08421],[105.55868,22.08324],[105.56018,22.08292],[105.56145,22.08216],[105.56006,22.07987],[105.5605,22.07714],[105.56221,22.07529],[105.56259,22.0737],[105.56377,22.07287],[105.56538,22.07102],[105.56563,22.06963],[105.56886,22.06914],[105.5712,22.06953],[105.5708,22.07196],[105.57167,22.07364],[105.57269,22.07725],[105.57428,22.08106],[105.57448,22.08212],[105.57657,22.08369],[105.57656,22.08508],[105.57978,22.08507],[105.57977,22.08643],[105.58104,22.08819],[105.58033,22.08915],[105.58129,22.09048],[105.58189,22.09322],[105.5822,22.09694],[105.58046,22.09963],[105.5834,22.09829],[105.58564,22.0962],[105.58537,22.09511],[105.58612,22.09087],[105.5883,22.09164],[105.58941,22.0915],[105.59146,22.09253],[105.59284,22.09391],[105.59373,22.09561],[105.59585,22.09584],[105.59746,22.09567],[105.59819,22.09659],[105.59938,22.09636],[105.60239,22.09679],[105.6041,22.09823],[105.60256,22.10185],[105.60236,22.1031],[105.60157,22.10405],[105.60207,22.10536],[105.60072,22.10824],[105.59988,22.10913],[105.5999,22.11089],[105.60182,22.1128],[105.60377,22.11317],[105.60539,22.11534],[105.60764,22.11516],[105.60917,22.1162],[105.61022,22.11742],[105.61373,22.1204],[105.61181,22.12259],[105.61155,22.12353],[105.60906,22.1264],[105.60633,22.12871],[105.60686,22.13055],[105.60804,22.13156],[105.60933,22.13201],[105.61062,22.13413],[105.61089,22.13607],[105.6107,22.13792],[105.61258,22.14014],[105.61124,22.14201],[105.61055,22.1425],[105.61097,22.14407],[105.61029,22.14467],[105.61032,22.14644],[105.60927,22.14807],[105.61012,22.14855],[105.61238,22.15089],[105.6124,22.15194],[105.61443,22.15339],[105.61586,22.15411],[105.61767,22.15443],[105.62101,22.15745],[105.62302,22.15748],[105.62536,22.15805],[105.62666,22.15761],[105.62901,22.15632],[105.63023,22.15728],[105.63189,22.15806],[105.63197,22.15877],[105.63379,22.16031],[105.63533,22.16071],[105.63608,22.16008],[105.63744,22.16058],[105.64046,22.15987],[105.64129,22.16048],[105.64278,22.16311],[105.64598,22.16577],[105.6474,22.1679],[105.64903,22.16906],[105.65053,22.17147],[105.65504,22.17294],[105.65599,22.17483],[105.65708,22.176],[105.65766,22.18037],[105.65633,22.18114],[105.65526,22.18126],[105.65223,22.18233],[105.64896,22.186],[105.6492,22.1875],[105.65196,22.19175],[105.65227,22.1929],[105.6544,22.19595],[105.65545,22.19632],[105.65545,22.19746],[105.65806,22.20115],[105.6601,22.20303],[105.66129,22.20455],[105.66325,22.20426],[105.66472,22.2048],[105.6665,22.20694],[105.66596,22.2083],[105.66506,22.20888],[105.66373,22.21064],[105.66417,22.21334],[105.66592,22.21504],[105.66888,22.21655],[105.66987,22.21739],[105.67292,22.21844],[105.67442,22.22],[105.67592,22.22059],[105.67602,22.223],[105.67417,22.2263],[105.67297,22.22675],[105.67076,22.22555],[105.66922,22.22552],[105.66809,22.22492],[105.66703,22.22331],[105.66493,22.2221],[105.66291,22.22358],[105.66005,22.22421],[105.65961,22.22521],[105.65725,22.22735],[105.65703,22.22839],[105.65535,22.22992],[105.65222,22.23105],[105.65075,22.23201],[105.65119,22.23318],[105.65083,22.23455],[105.65127,22.23713],[105.65064,22.23864],[105.64614,22.24129],[105.64432,22.24268],[105.64308,22.24309],[105.63885,22.24341],[105.63676,22.24428],[105.63613,22.24514]]]},"properties":{"a01_tinh":"diaphanhanhchinhcaptinh_sn.101","a02_xa":"diaphanhanhchinhcapxa_2025.1178","a03_ten":"Xã Chợ Đồn","a04_tentinh":"Tỉnh Thái Nguyên","a05_truocsn":"Thị trấn Bằng Lũng, Xã Ngọc Phái, Xã Phương Viên, Xã Bằng Lãng","a06_trungtamhc":"Trụ sở Đảng ủy, HĐND, UBND xã Chợ Đồn","a07_dt":"142.1","a08_ds":"16252","a09_dthoai":null,"a10_web":null,"ten":"Xã Chợ Đồn","ma":"02020","tentinh":"Tỉnh Thái Nguyên","truocsapnhap":"Thị trấn Bằng Lũng, Xã Ngọc Phái, Xã Phương Viên, Xã Bằng Lãng","dientichkm2":null,"dansonguoi":null},"id":"diaphanhanhchinhcapxa_2025.1178"},
{"type":"Feature","geometry":{"type":"Polygon","coordinates":[[[105.88236,21.93703],[105.8807,21.93897],[105.87689,21.93998],[105.87456,21.93975],[105.87377,21.93938],[105.87316,21.94037],[105.87004,21.94216],[105.86731,21.94256],[105.86582,21.94226],[105.86405,21.94246],[105.86286,21.94211],[105.86206,21.9425],[105.86083,21.94478],[105.85886,21.94547],[105.85864,21.94638],[105.85685,21.94772],[105.85467,21.94866],[105.85203,21.94889],[105.84907,21.94841],[105.85062,21.94415],[105.85041,21.94176],[105.84785,21.9385],[105.84782,21.9365],[105.84692,21.93372],[105.84763,21.93209],[105.8467,21.92926],[105.84584,21.92859],[105.84364,21.92825],[105.84323,21.92744],[105.84364,21.92587],[105.84239,21.92385],[105.84216,21.92286],[105.84313,21.92259],[105.84355,21.92128],[105.8432,21.91941],[105.84156,21.9171],[105.84093,21.914],[105.84144,21.91266],[105.83955,21.91229],[105.83702,21.91117],[105.83556,21.90862],[105.83427,21.90819],[105.82832,21.90887],[105.82738,21.91031],[105.82543,21.9103],[105.82438,21.91063],[105.82292,21.91209],[105.82061,21.91255],[105.81901,21.9119],[105.81608,21.91253],[105.8149,21.91333],[105.81322,21.91393],[105.81165,21.91509],[105.8106,21.91512],[105.80944,21.91429],[105.80796,21.91238],[105.80756,21.90849],[105.80697,21.90734],[105.80474,21.90616],[105.80296,21.90607],[105.8033,21.90438],[105.8027,21.90198],[105.79964,21.90084],[105.79738,21.90167],[105.79667,21.90281],[105.79685,21.9038],[105.79469,21.90571],[105.79401,21.90752],[105.7948,21.90881],[105.79279,21.90974],[105.78979,21.91007],[105.78802,21.91084],[105.78649,21.91201],[105.78644,21.91298],[105.78434,21.91438],[105.78391,21.91638],[105.78438,21.91888],[105.78514,21.9191],[105.78649,21.92032],[105.78722,21.9227],[105.78595,21.92562],[105.78711,21.92853],[105.78765,21.92927],[105.78768,21.93215],[105.78518,21.93232],[105.78337,21.93181],[105.77863,21.93214],[105.77792,21.93317],[105.77739,21.93131],[105.77619,21.92992],[105.77532,21.92973],[105.77436,21.92808],[105.7724,21.92621],[105.77066,21.9256],[105.7705,21.92429],[105.77087,21.92244],[105.77037,21.92131],[105.7669,21.91922],[105.76544,21.91561],[105.76432,21.91455],[105.76512,21.91352],[105.76635,21.91316],[105.76745,21.91215],[105.7684,21.91212],[105.77108,21.91014],[105.7717,21.90869],[105.77122,21.90623],[105.77178,21.90495],[105.77168,21.9022],[105.77333,21.89764],[105.77457,21.89548],[105.77703,21.89329],[105.77796,21.89216],[105.78105,21.88952],[105.78071,21.88886],[105.77871,21.8884],[105.77719,21.8886],[105.77583,21.88704],[105.77443,21.88757],[105.77289,21.88771],[105.77141,21.88678],[105.77027,21.88488],[105.77134,21.88482],[105.77097,21.88249],[105.77241,21.88057],[105.77284,21.87852],[105.77294,21.87652],[105.77189,21.87444],[105.77029,21.87334],[105.7705,21.87203],[105.77015,21.87052],[105.76875,21.86984],[105.76825,21.86787],[105.7683,21.86619],[105.76889,21.8656],[105.76835,21.8645],[105.76875,21.86295],[105.76986,21.86144],[105.76957,21.85904],[105.76893,21.85642],[105.76675,21.85493],[105.76564,21.85352],[105.76523,21.85159],[105.76598,21.85058],[105.76502,21.84884],[105.76426,21.84838],[105.76363,21.84519],[105.76046,21.84354],[105.76055,21.84058],[105.76103,21.83959],[105.76143,21.83744],[105.75902,21.83663],[105.75783,21.83491],[105.758,21.8324],[105.75813,21.83088],[105.75862,21.83033],[105.76025,21.83081],[105.76102,21.82772],[105.76004,21.8219],[105.7593,21.82071],[105.75994,21.81891],[105.76075,21.81802],[105.76102,21.81688],[105.7642,21.81557],[105.76728,21.8131],[105.76801,21.81281],[105.7699,21.81337],[105.77087,21.81182],[105.77285,21.81256],[105.77432,21.81174],[105.77876,21.81103],[105.77991,21.81021],[105.78073,21.80889],[105.78225,21.80855],[105.7832,21.80673],[105.78425,21.80657],[105.78609,21.8044],[105.78826,21.80498],[105.79229,21.80562],[105.79407,21.80556],[105.7958,21.80482],[105.79691,21.80472],[105.79926,21.80511],[105.80067,21.80658],[105.80072,21.80784],[105.80018,21.80902],[105.80118,21.81233],[105.80297,21.81415],[105.80378,21.8192],[105.80139,21.82251],[105.80399,21.8278],[105.80502,21.83288],[105.80505,21.83427],[105.80691,21.83519],[105.80749,21.8369],[105.80882,21.83786],[105.80976,21.83984],[105.81218,21.84264],[105.81507,21.84379],[105.81567,21.84471],[105.81868,21.84555],[105.81959,21.8456],[105.8222,21.84679],[105.83017,21.84643],[105.83082,21.8459],[105.83264,21.84576],[105.83524,21.84614],[105.83856,21.84516],[105.84257,21.84516],[105.84628,21.84467],[105.84823,21.84396],[105.85244,21.84405],[105.85321,21.84362],[105.85436,21.84442],[105.85502,21.84558],[105.85679,21.84529],[105.85875,21.84546],[105.86038,21.84596],[105.86217,21.84821],[105.86243,21.84953],[105.86314,21.84981],[105.86432,21.85142],[105.86392,21.85504],[105.86254,21.8589],[105.8625,21.8598],[105.86322,21.86073],[105.86441,21.86009],[105.86633,21.8597],[105.86727,21.85906],[105.86839,21.85899],[105.87072,21.85701],[105.87152,21.85597],[105.8733,21.85576],[105.87689,21.85714],[105.88137,21.85723],[105.88289,21.8582],[105.88252,21.86041],[105.88296,21.8621],[105.88468,21.86241],[105.8854,21.86299],[105.88673,21.86561],[105.88796,21.86643],[105.88928,21.86924],[105.88892,21.87009],[105.89032,21.87214],[105.89169,21.87503],[105.8958,21.8795],[105.89802,21.88272],[105.90074,21.886],[105.90864,21.89359],[105.90757,21.89345],[105.90661,21.89407],[105.90302,21.89451],[105.90096,21.89418],[105.89987,21.89503],[105.89544,21.89569],[105.89338,21.89619],[105.89232,21.8958],[105.89226,21.89477],[105.8895,21.89477],[105.8878,21.894],[105.88451,21.89409],[105.88316,21.8965],[105.88178,21.89638],[105.87951,21.89776],[105.87795,21.89772],[105.87689,21.89823],[105.87497,21.89808],[105.87374,21.89762],[105.87274,21.89797],[105.86971,21.89796],[105.86949,21.89986],[105.86843,21.9014],[105.86825,21.90293],[105.86962,21.90653],[105.8724,21.90872],[105.8797,21.90968],[105.87843,21.91133],[105.87704,21.9125],[105.87513,21.91512],[105.87576,21.91609],[105.87543,21.91918],[105.87494,21.91989],[105.87583,21.92162],[105.87733,21.92188],[105.8795,21.92368],[105.88063,21.92389],[105.88094,21.92632],[105.88053,21.92959],[105.88087,21.93191],[105.8831,21.93435],[105.88318,21.93551],[105.88236,21.93703]]]},"properties":{"a01_tinh":"diaphanhanhchinhcaptinh_sn.101","a02_xa":"diaphanhanhchinhcapxa_2025.1242","a03_ten":"Xã Chợ Mới","a04_tentinh":"Tỉnh Thái Nguyên","a05_truocsn":"Thị trấn Đồng Tâm, Xã Quảng Chu, Xã Như Cố","a06_trungtamhc":"Trụ sở Đảng ủy, HĐND, UBND huyện Chợ Mới","a07_dt":"118.98","a08_ds":"14219","a09_dthoai":null,"a10_web":null,"ten":"Xã Chợ Mới","ma":"02086","tentinh":"Tỉnh Thái Nguyên","truocsapnhap":"Thị trấn Đồng Tâm, Xã Quảng Chu, Xã Như Cố","dientichkm2":null,"dansonguoi":null},"id":"diaphanhanhchinhcapxa_2025.1242"},
{"type":"Feature","geometry":{"type":"Polygon","coordinates":[[[105.76165,22.48638],[105.7597,22.48521],[105.7573,22.48413],[105.75615,22.48441],[105.75604,22.48516],[105.75458,22.48542],[105.75238,22.48432],[105.7482,22.48271],[105.74705,22.48189],[105.74602,22.48222],[105.74378,22.48176],[105.74322,22.48124],[105.7397,22.48127],[105.73579,22.48017],[105.73538,22.47954],[105.73335,22.48104],[105.73111,22.48374],[105.73048,22.48509],[105.72874,22.48514],[105.72794,22.48582],[105.72273,22.48703],[105.72193,22.48748],[105.71908,22.48791],[105.71852,22.48824],[105.71787,22.48983],[105.71468,22.49121],[105.71444,22.49185],[105.71278,22.49126],[105.71202,22.49],[105.70918,22.48972],[105.70739,22.48989],[105.7054,22.48854],[105.70208,22.48737],[105.70053,22.48626],[105.7003,22.48563],[105.69799,22.48476],[105.69664,22.4839],[105.69451,22.4842],[105.69269,22.48356],[105.69077,22.48416],[105.68938,22.48427],[105.68839,22.48364],[105.68875,22.4815],[105.68697,22.48181],[105.68603,22.4802],[105.68492,22.47966],[105.68279,22.48081],[105.68084,22.48146],[105.67971,22.48144],[105.67736,22.47965],[105.67516,22.48042],[105.67447,22.47956],[105.67446,22.47724],[105.67358,22.47604],[105.67266,22.47642],[105.67052,22.47593],[105.66899,22.47682],[105.66644,22.47619],[105.66405,22.47493],[105.66582,22.47396],[105.66923,22.47056],[105.67006,22.46867],[105.67002,22.46654],[105.67158,22.46548],[105.67128,22.46476],[105.67151,22.46296],[105.67075,22.46209],[105.67311,22.45894],[105.67444,22.45818],[105.67566,22.45308],[105.67852,22.45208],[105.68031,22.45054],[105.68235,22.45085],[105.68337,22.44929],[105.68239,22.44812],[105.68208,22.44592],[105.68105,22.44461],[105.67903,22.44406],[105.6804,22.44303],[105.68089,22.44215],[105.6814,22.43853],[105.68289,22.43617],[105.68222,22.43287],[105.68146,22.43114],[105.6814,22.42853],[105.68207,22.42678],[105.6821,22.42412],[105.68138,22.42209],[105.68303,22.42112],[105.68332,22.42029],[105.68477,22.41955],[105.68459,22.41846],[105.68519,22.41648],[105.68725,22.41545],[105.68767,22.41364],[105.69064,22.41241],[105.69109,22.41186],[105.69523,22.41109],[105.69666,22.40955],[105.69997,22.40799],[105.7016,22.40604],[105.70496,22.40289],[105.70621,22.40007],[105.70672,22.39835],[105.70992,22.39776],[105.71119,22.39641],[105.71272,22.39615],[105.71372,22.39528],[105.71614,22.39477],[105.71748,22.39488],[105.72078,22.39378],[105.72175,22.39398],[105.72208,22.39094],[105.72259,22.38994],[105.72262,22.38618],[105.72176,22.38406],[105.7223,22.38194],[105.72388,22.38147],[105.72554,22.37961],[105.72833,22.37957],[105.73064,22.37861],[105.73298,22.37819],[105.73413,22.3788],[105.73782,22.38219],[105.73982,22.38303],[105.74077,22.38266],[105.7427,22.38378],[105.74343,22.38548],[105.74701,22.3871],[105.74996,22.38663],[105.75179,22.38764],[105.75442,22.3886],[105.75656,22.3888],[105.75714,22.38937],[105.75736,22.39073],[105.75904,22.39307],[105.75812,22.39387],[105.7582,22.39787],[105.76044,22.3996],[105.76186,22.3999],[105.76225,22.40199],[105.76332,22.40327],[105.76364,22.40511],[105.76471,22.40716],[105.76754,22.40673],[105.76866,22.40707],[105.76957,22.40826],[105.76978,22.40953],[105.77069,22.41063],[105.77167,22.41282],[105.77253,22.41365],[105.77442,22.41709],[105.77531,22.41764],[105.77775,22.41822],[105.78125,22.4184],[105.7823,22.41989],[105.78439,22.42119],[105.78604,22.42175],[105.78812,22.42186],[105.78774,22.42383],[105.78682,22.42549],[105.78589,22.42519],[105.78509,22.42667],[105.78534,22.42775],[105.78327,22.42804],[105.78161,22.42937],[105.77953,22.43015],[105.77839,22.42981],[105.77789,22.43109],[105.77824,22.4324],[105.7785,22.4355],[105.77773,22.43674],[105.77779,22.43809],[105.77407,22.44032],[105.77322,22.44122],[105.77048,22.44284],[105.76796,22.44385],[105.76648,22.44618],[105.76504,22.44636],[105.76455,22.44722],[105.76305,22.44773],[105.76171,22.44886],[105.7615,22.4507],[105.76176,22.45158],[105.76121,22.45251],[105.76112,22.45432],[105.76147,22.45505],[105.76131,22.45663],[105.76237,22.45802],[105.76465,22.45897],[105.7645,22.46008],[105.7651,22.46136],[105.76536,22.46303],[105.76426,22.46425],[105.76446,22.46508],[105.76381,22.46596],[105.76439,22.46779],[105.76393,22.46993],[105.76186,22.47201],[105.76408,22.48071],[105.76503,22.48174],[105.76583,22.48356],[105.76412,22.48593],[105.76309,22.48584],[105.76165,22.48638]]]},"properties":{"a01_tinh":"diaphanhanhchinhcaptinh_sn.101","a02_xa":"diaphanhanhchinhcapxa_2025.1167","a03_ten":"Xã Chợ Rã","a04_tentinh":"Tỉnh Thái Nguyên","a05_truocsn":"Thị trấn Chợ Rã, Xã Thượng Giáo, Xã Địa Linh","a06_trungtamhc":"Trụ sở Đảng ủy, HĐND, UBND huyện Ba Bể","a07_dt":"92.81","a08_ds":"14507","a09_dthoai":null,"a10_web":null,"ten":"Xã Chợ Rã","ma":"01912","tentinh":"Tỉnh Thái Nguyên","truocsapnhap":"Thị trấn Chợ Rã, Xã Thượng Giáo, Xã Địa Linh","dientichkm2":null,"dansonguoi":null},"id":"diaphanhanhchinhcapxa_2025.1167"},
{"type":"Feature","geometry":{"type":"Polygon","coordinates":[[[106.06457,22.17092],[106.06331,22.17201],[106.06328,22.17352],[106.06369,22.17454],[106.06278,22.17631],[106.06247,22.17765],[106.06138,22.17801],[106.06071,22.18147],[106.06163,22.18494],[106.0613,22.18648],[106.05929,22.18511],[106.05753,22.18521],[106.05578,22.18727],[106.05359,22.18844],[106.04996,22.18502],[106.04984,22.18419],[106.04857,22.18422],[106.04829,22.18324],[106.0471,22.18255],[106.04321,22.18167],[106.04127,22.18209],[106.04096,22.18378],[106.03924,22.18249],[106.0393,22.18133],[106.03817,22.18042],[106.03756,22.17924],[106.03487,22.17909],[106.03269,22.1777],[106.0312,22.1781],[106.0297,22.17794],[106.0287,22.17652],[106.02738,22.1753],[106.02489,22.17373],[106.0245,22.17565],[106.02308,22.17616],[106.0205,22.17632],[106.01915,22.17723],[106.01615,22.17734],[106.01428,22.1779],[106.01153,22.17794],[106.01116,22.17612],[106.0124,22.17523],[106.01198,22.17424],[106.01143,22.17141],[106.01171,22.16934],[106.00996,22.16749],[106.00908,22.16604],[106.00922,22.16389],[106.00983,22.1631],[106.00965,22.16199],[106.01036,22.16135],[106.00854,22.16074],[106.00633,22.16067],[106.0043,22.1595],[106.00189,22.15896],[106.00001,22.15822],[105.99693,22.15658],[105.99534,22.15744],[105.99431,22.15853],[105.992,22.15928],[105.99013,22.15907],[105.98864,22.15982],[105.98518,22.16346],[105.98272,22.16747],[105.98127,22.16728],[105.98112,22.16808],[105.97935,22.16849],[105.97758,22.16591],[105.97788,22.16517],[105.97699,22.16345],[105.9766,22.16154],[105.97475,22.1601],[105.97409,22.15813],[105.97292,22.15641],[105.97327,22.15507],[105.97549,22.15247],[105.97425,22.15043],[105.97364,22.14841],[105.97244,22.14775],[105.97032,22.14586],[105.9701,22.14393],[105.96955,22.14211],[105.96853,22.14099],[105.96657,22.1414],[105.96529,22.14096],[105.96462,22.14012],[105.9628,22.14002],[105.9626,22.13869],[105.9632,22.1363],[105.9629,22.13479],[105.96333,22.13143],[105.96338,22.12966],[105.96396,22.12892],[105.96453,22.12703],[105.96389,22.12502],[105.96426,22.12413],[105.96386,22.12276],[105.96304,22.12221],[105.96058,22.12201],[105.95815,22.12015],[105.95653,22.11987],[105.95471,22.11895],[105.95165,22.11812],[105.94989,22.11886],[105.94866,22.11875],[105.94827,22.11989],[105.94561,22.12014],[105.94523,22.11771],[105.94379,22.11754],[105.94323,22.11588],[105.94174,22.11513],[105.94362,22.11468],[105.94608,22.11298],[105.94642,22.11188],[105.94724,22.11153],[105.94932,22.10972],[105.95138,22.10742],[105.95125,22.10624],[105.9501,22.10388],[105.95056,22.10266],[105.95236,22.10339],[105.95581,22.10367],[105.95654,22.10225],[105.95888,22.102],[105.96324,22.10221],[105.96424,22.10076],[105.96546,22.10001],[105.96613,22.0984],[105.96795,22.09868],[105.96907,22.0996],[105.97087,22.09889],[105.97199,22.0999],[105.97526,22.09773],[105.97842,22.0965],[105.98107,22.09494],[105.98257,22.09342],[105.98582,22.0931],[105.98647,22.09174],[105.98982,22.09128],[105.99151,22.09021],[105.9923,22.09024],[105.99377,22.08939],[105.99603,22.09039],[105.99807,22.09018],[105.99979,22.0903],[105.99967,22.08777],[105.99845,22.08697],[105.99946,22.08218],[105.99822,22.08146],[105.99612,22.08082],[105.99416,22.07977],[105.99294,22.07677],[105.99485,22.07428],[105.99532,22.07334],[105.99473,22.0707],[105.99229,22.0689],[105.98968,22.06789],[105.98866,22.06609],[105.98638,22.06646],[105.98346,22.06776],[105.98281,22.06696],[105.97923,22.06601],[105.97687,22.06518],[105.97471,22.06343],[105.9733,22.06132],[105.97318,22.06004],[105.9722,22.058],[105.97248,22.05711],[105.97176,22.05635],[105.97049,22.05641],[105.96904,22.05595],[105.9674,22.0537],[105.96583,22.05283],[105.96717,22.05031],[105.96736,22.04883],[105.966,22.04786],[105.96682,22.04533],[105.96503,22.0427],[105.9627,22.04249],[105.96289,22.04071],[105.96166,22.03921],[105.96258,22.03823],[105.9639,22.0377],[105.96423,22.03657],[105.96665,22.03589],[105.96753,22.03439],[105.96723,22.03125],[105.96991,22.03558],[105.97385,22.03659],[105.9759,22.03622],[105.97746,22.03677],[105.97992,22.03718],[105.98131,22.03675],[105.98315,22.03705],[105.98477,22.03579],[105.98628,22.03825],[105.98774,22.04124],[105.99233,22.04538],[105.99593,22.04445],[105.99794,22.04557],[105.99874,22.04738],[105.99864,22.0483],[105.99977,22.04911],[106.00003,22.05053],[106.00114,22.05287],[106.00314,22.05324],[106.0093,22.04968],[106.01406,22.04904],[106.01441,22.05046],[106.01549,22.05123],[106.01763,22.05123],[106.01998,22.05091],[106.02389,22.05004],[106.02729,22.04961],[106.02943,22.04965],[106.03195,22.05062],[106.0334,22.05028],[106.03479,22.04855],[106.03516,22.04747],[106.03705,22.04539],[106.03702,22.04406],[106.03951,22.04291],[106.04127,22.04358],[106.04244,22.04319],[106.04384,22.0433],[106.04627,22.04176],[106.05006,22.04167],[106.05154,22.04219],[106.05243,22.04189],[106.05733,22.04298],[106.05757,22.04432],[106.05959,22.04587],[106.06134,22.04537],[106.06288,22.04638],[106.06522,22.04671],[106.06637,22.0472],[106.0717,22.04829],[106.07394,22.04985],[106.07733,22.05054],[106.0773,22.04878],[106.07821,22.04711],[106.07895,22.04666],[106.08036,22.04799],[106.08363,22.04655],[106.10117,22.04045],[106.10177,22.0429],[106.10232,22.04307],[106.10291,22.04592],[106.10161,22.04876],[106.10106,22.05049],[106.09984,22.05259],[106.09994,22.0589],[106.1006,22.06033],[106.10234,22.06192],[106.10162,22.06311],[106.1021,22.06383],[106.10069,22.06544],[106.0992,22.06613],[106.09862,22.06746],[106.09975,22.06943],[106.1,22.07145],[106.10189,22.07244],[106.10551,22.07281],[106.10773,22.07427],[106.10779,22.07654],[106.10842,22.07973],[106.10831,22.08105],[106.10892,22.08385],[106.10865,22.08544],[106.10784,22.08651],[106.10585,22.08666],[106.10393,22.08818],[106.10064,22.08844],[106.09482,22.08825],[106.09437,22.08658],[106.09037,22.08642],[106.08818,22.08751],[106.08611,22.08719],[106.08447,22.08743],[106.08301,22.08706],[106.08267,22.08647],[106.08048,22.08588],[106.07948,22.08623],[106.07778,22.08616],[106.07331,22.08663],[106.07111,22.08755],[106.06807,22.08654],[106.06682,22.08444],[106.06507,22.08309],[106.06192,22.08253],[106.05974,22.08258],[106.05837,22.082],[106.05711,22.08325],[106.05502,22.08442],[106.05507,22.0863],[106.05594,22.08721],[106.05608,22.0882],[106.05728,22.08963],[106.05843,22.0903],[106.05853,22.09257],[106.05767,22.09619],[106.05624,22.09652],[106.05602,22.0979],[106.05791,22.10171],[106.0577,22.10285],[106.05643,22.10388],[106.05621,22.10512],[106.05718,22.10622],[106.05865,22.10684],[106.05983,22.10837],[106.0621,22.10922],[106.06343,22.1104],[106.06417,22.11173],[106.06481,22.11199],[106.06695,22.11616],[106.06557,22.11823],[106.06473,22.12007],[106.06437,22.12201],[106.06352,22.12331],[106.0641,22.12459],[106.06386,22.12577],[106.0644,22.12728],[106.06374,22.13042],[106.06214,22.13146],[106.06063,22.13363],[106.06082,22.13552],[106.05933,22.1368],[106.05841,22.13815],[106.05696,22.13926],[106.05578,22.13937],[106.05353,22.14085],[106.0514,22.14136],[106.05056,22.14317],[106.05042,22.1453],[106.04908,22.14579],[106.04798,22.14832],[106.04624,22.15076],[106.0444,22.15244],[106.04596,22.15298],[106.04682,22.15255],[106.04823,22.15275],[106.0494,22.15416],[106.05081,22.15501],[106.05061,22.15633],[106.05102,22.15876],[106.05164,22.15925],[106.05236,22.16087],[106.05371,22.16171],[106.05542,22.16232],[106.0568,22.16381],[106.05694,22.16599],[106.05772,22.16738],[106.05968,22.16851],[106.06065,22.16968],[106.06248,22.16887],[106.06457,22.17092]]]},"properties":{"a01_tinh":"diaphanhanhchinhcaptinh_sn.101","a02_xa":"diaphanhanhchinhcapxa_2025.1249","a03_ten":"Xã Côn Minh","a04_tentinh":"Tỉnh Thái Nguyên","a05_truocsn":"Xã Quang Phong, Xã Dương Sơn, Xã Côn Minh","a06_trungtamhc":"Trụ sở Đảng ủy, HĐND, UBND xã Quang Phong","a07_dt":"146.26","a08_ds":"6635","a09_dthoai":null,"a10_web":null,"ten":"Xã Côn Minh","ma":"02185","tentinh":"Tỉnh Thái Nguyên","truocsapnhap":"Xã Quang Phong, Xã Dương Sơn, Xã Côn Minh","dientichkm2":null,"dansonguoi":null},"id":"diaphanhanhchinhcapxa_2025.1249"},
{"type":"Feature","geometry":{"type":"Polygon","coordinates":[[[106.24198,22.2471],[106.24332,22.24869],[106.2435,22.25019],[106.24464,22.25095],[106.24531,22.2521],[106.24639,22.25541],[106.24719,22.25598],[106.24624,22.25902],[106.24484,22.26009],[106.24495,22.2612],[106.24442,22.26355],[106.24538,22.26693],[106.24402,22.26893],[106.24299,22.26956],[106.24208,22.2709],[106.23959,22.27315],[106.23935,22.27434],[106.23779,22.27543],[106.23452,22.27917],[106.23276,22.27925],[106.22943,22.28098],[106.22806,22.28247],[106.2258,22.28238],[106.22386,22.2826],[106.22422,22.28379],[106.22404,22.28676],[106.22368,22.28792],[106.22014,22.2902],[106.21785,22.28886],[106.21622,22.28832],[106.21482,22.28833],[106.21354,22.28889],[106.2107,22.29107],[106.21044,22.29276],[106.20977,22.29343],[106.20877,22.29548],[106.20881,22.29715],[106.2071,22.29928],[106.20678,22.30032],[106.20463,22.30148],[106.20448,22.30381],[106.20349,22.30494],[106.20352,22.30703],[106.20155,22.30801],[106.20025,22.30956],[106.2001,22.31087],[106.19945,22.31245],[106.19961,22.31415],[106.202,22.31729],[106.20084,22.31987],[106.20104,22.32294],[106.20293,22.32549],[106.2036,22.32726],[106.20498,22.3285],[106.20471,22.33027],[106.20556,22.33231],[106.20679,22.33343],[106.20758,22.33477],[106.20892,22.33532],[106.20919,22.33691],[106.20853,22.33761],[106.20986,22.33839],[106.21122,22.34031],[106.21159,22.34132],[106.21347,22.34149],[106.2146,22.34202],[106.21523,22.34384],[106.21532,22.34508],[106.21751,22.34671],[106.2192,22.34666],[106.22005,22.34785],[106.21992,22.35057],[106.21869,22.35242],[106.21878,22.35358],[106.21795,22.35506],[106.21816,22.35596],[106.21701,22.35728],[106.21702,22.3581],[106.21396,22.36041],[106.21093,22.36153],[106.21023,22.36199],[106.21019,22.36368],[106.20895,22.36632],[106.20873,22.36841],[106.20679,22.3694],[106.20576,22.36933],[106.20375,22.37155],[106.20247,22.37214],[106.20207,22.37294],[106.2008,22.37389],[106.19891,22.3747],[106.19509,22.37527],[106.19285,22.37618],[106.19126,22.37599],[106.1893,22.37751],[106.18877,22.37898],[106.18714,22.38004],[106.18723,22.38132],[106.18793,22.38414],[106.18731,22.38468],[106.18593,22.38476],[106.18521,22.38617],[106.18385,22.38762],[106.18197,22.38751],[106.17987,22.38605],[106.17894,22.38606],[106.17662,22.38765],[106.17477,22.38758],[106.17224,22.38636],[106.17099,22.38517],[106.16919,22.38526],[106.16563,22.38431],[106.16485,22.38254],[106.16211,22.38202],[106.16116,22.3815],[106.16075,22.38008],[106.1611,22.37849],[106.1608,22.37671],[106.15953,22.37589],[106.15927,22.37402],[106.15659,22.37134],[106.15533,22.37122],[106.15425,22.37009],[106.15194,22.36978],[106.15117,22.36897],[106.14962,22.36822],[106.14939,22.36756],[106.14578,22.36502],[106.1438,22.36474],[106.14208,22.3623],[106.14148,22.3608],[106.14169,22.35905],[106.13997,22.35791],[106.13796,22.35899],[106.13757,22.35784],[106.13546,22.35624],[106.13365,22.35538],[106.13241,22.35529],[106.13164,22.35309],[106.13026,22.35288],[106.13114,22.35169],[106.12914,22.3484],[106.12797,22.34748],[106.12626,22.34703],[106.12556,22.3463],[106.12297,22.34528],[106.12149,22.34536],[106.11991,22.34387],[106.11757,22.3424],[106.11674,22.33904],[106.11693,22.33756],[106.11823,22.33478],[106.11889,22.33416],[106.1187,22.3325],[106.11895,22.33133],[106.11748,22.32954],[106.11765,22.32744],[106.11642,22.3252],[106.1154,22.32415],[106.11552,22.32273],[106.11283,22.3212],[106.11326,22.31979],[106.1126,22.31844],[106.11303,22.317],[106.11309,22.31518],[106.11241,22.31399],[106.11221,22.3126],[106.11283,22.31084],[106.11278,22.30855],[106.11405,22.3076],[106.11473,22.30576],[106.11686,22.30477],[106.11892,22.30289],[106.12006,22.30219],[106.12011,22.30104],[106.12193,22.30029],[106.12259,22.29931],[106.1241,22.2985],[106.12473,22.29981],[106.12586,22.30046],[106.12777,22.30047],[106.12935,22.30099],[106.13026,22.29929],[106.13133,22.29798],[106.12998,22.29614],[106.13112,22.29563],[106.13132,22.29324],[106.1291,22.29044],[106.12945,22.28796],[106.12813,22.28671],[106.12672,22.28673],[106.12506,22.28619],[106.12444,22.2855],[106.12502,22.28436],[106.12428,22.28203],[106.1243,22.27967],[106.12255,22.27804],[106.1217,22.27691],[106.1249,22.27581],[106.1261,22.2759],[106.12944,22.27429],[106.13166,22.27297],[106.13243,22.27207],[106.13498,22.27157],[106.13646,22.27171],[106.13714,22.27121],[106.14021,22.2707],[106.14152,22.27107],[106.14349,22.27027],[106.1453,22.26784],[106.1465,22.26793],[106.14758,22.26682],[106.14814,22.26423],[106.14916,22.26221],[106.15119,22.25986],[106.15247,22.25954],[106.15529,22.26224],[106.15735,22.2626],[106.15869,22.26456],[106.16005,22.26467],[106.16104,22.26558],[106.16275,22.26538],[106.16372,22.26685],[106.16641,22.26747],[106.16906,22.26936],[106.16946,22.27017],[106.17216,22.26931],[106.17525,22.2693],[106.17665,22.26658],[106.17856,22.2646],[106.18164,22.26445],[106.182,22.26375],[106.18404,22.26164],[106.18575,22.26045],[106.18518,22.25871],[106.18594,22.25851],[106.18754,22.26006],[106.18835,22.25985],[106.18847,22.25832],[106.18915,22.25774],[106.18935,22.25628],[106.1908,22.25577],[106.19113,22.25445],[106.19392,22.2534],[106.19552,22.25344],[106.19817,22.25401],[106.19963,22.25365],[106.20051,22.25437],[106.20174,22.25712],[106.20306,22.25751],[106.20477,22.25729],[106.2054,22.2562],[106.20634,22.25703],[106.20747,22.2561],[106.20943,22.25718],[106.21168,22.25717],[106.2159,22.2561],[106.21761,22.25602],[106.21903,22.25557],[106.22173,22.25515],[106.22274,22.25634],[106.22379,22.25678],[106.22415,22.25788],[106.22605,22.25992],[106.22573,22.26125],[106.22956,22.26373],[106.23242,22.26239],[106.23499,22.26176],[106.23784,22.26075],[106.23666,22.25886],[106.23714,22.2576],[106.23579,22.25488],[106.23449,22.25394],[106.23534,22.25242],[106.23528,22.25074],[106.2359,22.25034],[106.23732,22.24845],[106.23864,22.24732],[106.24198,22.2471]]]},"properties":{"a01_tinh":"diaphanhanhchinhcaptinh_sn.101","a02_xa":"diaphanhanhchinhcapxa_2025.1248","a03_ten":"Xã Cường Lợi","a04_tentinh":"Tỉnh Thái Nguyên","a05_truocsn":"Xã Văn Vũ, Xã Cường Lợi","a06_trungtamhc":"Trụ sở Đảng ủy, HĐND, UBND xã Cường Lợi","a07_dt":"117.85","a08_ds":"5731","a09_dthoai":null,"a10_web":null,"ten":"Xã Cường Lợi","ma":"02152","tentinh":"Tỉnh Thái Nguyên","truocsapnhap":"Xã Văn Vũ, Xã Cường Lợi","dientichkm2":null,"dansonguoi":null},"id":"diaphanhanhchinhcapxa_2025.1248"},
{"type":"Feature","geometry":{"type":"Polygon","coordinates":[[[105.64573,21.66314],[105.64365,21.66298],[105.64297,21.66178],[105.64123,21.66123],[105.641,21.66049],[105.63838,21.65956],[105.63811,21.6584],[105.63856,21.65668],[105.63758,21.65516],[105.63705,21.65323],[105.63538,21.65207],[105.63483,21.64846],[105.63576,21.64772],[105.635,21.64583],[105.63497,21.64441],[105.63575,21.6436],[105.63501,21.6416],[105.63554,21.64031],[105.63422,21.63929],[105.6331,21.63703],[105.63171,21.63511],[105.63091,21.63452],[105.62992,21.6326],[105.62833,21.63184],[105.62621,21.63251],[105.62418,21.63145],[105.62248,21.63162],[105.62142,21.62954],[105.62198,21.62895],[105.62126,21.62795],[105.62223,21.62691],[105.62369,21.62664],[105.6253,21.62806],[105.62572,21.62655],[105.62706,21.62726],[105.62921,21.62614],[105.63091,21.62572],[105.63121,21.62402],[105.6333,21.62302],[105.63444,21.62201],[105.63595,21.62226],[105.63763,21.62348],[105.64003,21.62236],[105.64202,21.62431],[105.64326,21.62436],[105.64462,21.62388],[105.64629,21.62509],[105.64835,21.62428],[105.64911,21.62611],[105.65125,21.62438],[105.65277,21.62348],[105.65608,21.62207],[105.65774,21.62017],[105.65846,21.61865],[105.65885,21.6146],[105.66099,21.61058],[105.66849,21.59904],[105.67787,21.59001],[105.68054,21.58864],[105.68553,21.58539],[105.68954,21.58309],[105.69906,21.57863],[105.70215,21.57687],[105.69774,21.57557],[105.69609,21.57477],[105.69176,21.57412],[105.68942,21.575],[105.68804,21.57492],[105.68565,21.574],[105.68455,21.57306],[105.68305,21.57292],[105.68217,21.57364],[105.68097,21.57371],[105.67873,21.57308],[105.67844,21.57253],[105.67575,21.57164],[105.67469,21.57154],[105.67263,21.57063],[105.67113,21.56843],[105.67125,21.56646],[105.67184,21.56312],[105.67,21.56154],[105.66917,21.55874],[105.6686,21.55811],[105.66825,21.55633],[105.66766,21.55572],[105.66765,21.55285],[105.66693,21.55209],[105.66673,21.55026],[105.66763,21.54751],[105.66865,21.54664],[105.66884,21.546],[105.67103,21.54505],[105.67208,21.54401],[105.67346,21.54332],[105.67529,21.54187],[105.67688,21.54015],[105.67936,21.53927],[105.68199,21.53904],[105.68545,21.53766],[105.68757,21.5373],[105.69056,21.53486],[105.69319,21.53415],[105.69519,21.53321],[105.69947,21.53063],[105.70078,21.53047],[105.70166,21.52919],[105.70399,21.52773],[105.70649,21.525],[105.70827,21.52369],[105.71081,21.52329],[105.7123,21.5234],[105.714,21.52137],[105.71742,21.51869],[105.71833,21.51691],[105.72009,21.51659],[105.7215,21.5169],[105.72359,21.51559],[105.7283,21.51151],[105.72919,21.5111],[105.73045,21.50941],[105.73131,21.50917],[105.73378,21.50756],[105.73411,21.5065],[105.73612,21.5046],[105.73722,21.50437],[105.73943,21.50238],[105.74141,21.50103],[105.74191,21.4987],[105.74293,21.49706],[105.74675,21.49545],[105.74775,21.49648],[105.75111,21.49659],[105.75156,21.49555],[105.75334,21.49387],[105.75627,21.49353],[105.7575,21.49173],[105.75844,21.49139],[105.75761,21.49384],[105.75867,21.49551],[105.76077,21.49664],[105.758,21.49799],[105.75852,21.50138],[105.75689,21.50194],[105.75525,21.50355],[105.755,21.50457],[105.75221,21.5065],[105.75352,21.50744],[105.75308,21.51015],[105.75163,21.51291],[105.74894,21.51545],[105.75012,21.51686],[105.74971,21.51849],[105.74842,21.51948],[105.74554,21.52369],[105.7446,21.52406],[105.74431,21.52784],[105.74471,21.52955],[105.74673,21.53194],[105.74602,21.53301],[105.74748,21.53443],[105.74879,21.53459],[105.75093,21.53563],[105.75244,21.53689],[105.75141,21.53855],[105.75049,21.53916],[105.7494,21.54096],[105.74736,21.54277],[105.74945,21.54664],[105.74988,21.54786],[105.75027,21.55089],[105.75118,21.55145],[105.75116,21.55238],[105.75261,21.55263],[105.75391,21.55244],[105.7548,21.55167],[105.75716,21.55252],[105.75832,21.55227],[105.75916,21.55076],[105.76213,21.55215],[105.76236,21.5511],[105.76342,21.55123],[105.76379,21.5523],[105.76529,21.55205],[105.76598,21.55294],[105.7675,21.55288],[105.76818,21.55231],[105.76929,21.55326],[105.76899,21.5545],[105.77166,21.5552],[105.7731,21.55367],[105.77299,21.5526],[105.77379,21.5519],[105.77494,21.54927],[105.77641,21.54983],[105.77705,21.54923],[105.77685,21.54822],[105.77778,21.5477],[105.7784,21.54597],[105.77963,21.54507],[105.78018,21.54605],[105.78361,21.54798],[105.78449,21.55104],[105.7843,21.55409],[105.78457,21.55561],[105.78518,21.55651],[105.78529,21.55925],[105.78112,21.5584],[105.77897,21.55744],[105.77856,21.55834],[105.77752,21.55797],[105.77573,21.55963],[105.77649,21.56086],[105.77661,21.56207],[105.7773,21.56335],[105.77695,21.5649],[105.77748,21.5659],[105.7774,21.56744],[105.7759,21.57013],[105.77659,21.57234],[105.77445,21.57385],[105.77322,21.57322],[105.77312,21.57522],[105.77243,21.57619],[105.76992,21.57575],[105.76799,21.57639],[105.76873,21.5782],[105.76804,21.57878],[105.76887,21.5803],[105.76776,21.58152],[105.76666,21.58203],[105.76829,21.58438],[105.77013,21.58573],[105.77252,21.58793],[105.77121,21.58874],[105.77139,21.59053],[105.77067,21.59072],[105.77053,21.59211],[105.76924,21.5924],[105.76829,21.59343],[105.76813,21.59431],[105.76571,21.59407],[105.76459,21.59457],[105.76441,21.59339],[105.76307,21.59171],[105.76219,21.59194],[105.7605,21.59147],[105.75851,21.59234],[105.75763,21.59397],[105.7566,21.59454],[105.75539,21.59612],[105.75406,21.59581],[105.75231,21.59622],[105.7515,21.59534],[105.74881,21.59571],[105.74763,21.59508],[105.74664,21.59566],[105.74409,21.59553],[105.74264,21.59625],[105.74023,21.59954],[105.74049,21.60066],[105.73839,21.6022],[105.73819,21.60448],[105.73677,21.60493],[105.7352,21.60398],[105.73181,21.60388],[105.73002,21.60435],[105.72872,21.60659],[105.72762,21.60647],[105.72766,21.60545],[105.72493,21.60473],[105.72032,21.60573],[105.71886,21.60588],[105.71545,21.60558],[105.71004,21.60555],[105.70871,21.606],[105.70701,21.6076],[105.70676,21.60989],[105.70777,21.61063],[105.71105,21.60927],[105.71123,21.60993],[105.71032,21.61174],[105.71019,21.61305],[105.70843,21.61391],[105.7107,21.61719],[105.71168,21.61799],[105.71083,21.61921],[105.70997,21.62286],[105.7091,21.62315],[105.70642,21.62165],[105.70077,21.62092],[105.69987,21.62052],[105.69845,21.62067],[105.69519,21.61961],[105.6939,21.61966],[105.6909,21.61915],[105.68876,21.61728],[105.68757,21.61937],[105.68403,21.62393],[105.68024,21.62432],[105.67813,21.62562],[105.67268,21.62791],[105.67127,21.62807],[105.67244,21.6307],[105.67249,21.6324],[105.67103,21.63379],[105.66715,21.63593],[105.6675,21.63825],[105.66582,21.64335],[105.66458,21.64397],[105.66264,21.64569],[105.66229,21.64675],[105.661,21.64789],[105.66067,21.64945],[105.66129,21.65072],[105.66042,21.65317],[105.65849,21.65652],[105.65767,21.65741],[105.65814,21.6584],[105.65761,21.65969],[105.65476,21.66109],[105.65347,21.66119],[105.65255,21.66075],[105.65155,21.66269],[105.65009,21.66217],[105.64794,21.66251],[105.64699,21.6633],[105.64573,21.66314]]]},"properties":{"a01_tinh":"diaphanhanhchinhcaptinh_sn.101","a02_xa":"diaphanhanhchinhcapxa_2025.1188","a03_ten":"Xã Đại Phúc","a04_tentinh":"Tỉnh Thái Nguyên","a05_truocsn":"Thị trấn Hùng Sơn, Xã Phúc Xuân, Xã Phúc Trìu, Xã Tân Thái, Xã Phúc Tân","a06_trungtamhc":"Trụ sở Đảng ủy, HĐND, UBND xã Phúc Xuân","a07_dt":"107.47","a08_ds":"3922","a09_dthoai":null,"a10_web":null,"ten":"Xã Đại Phúc","ma":"05488","tentinh":"Tỉnh Thái Nguyên","truocsapnhap":"Thị trấn Hùng Sơn, Xã Phúc Xuân, Xã Phúc Trìu, Xã Tân Thái, Xã Phúc Tân","dientichkm2":null,"dansonguoi":null},"id":"diaphanhanhchinhcapxa_2025.1188"},
{"type":"Feature","geometry":{"type":"Polygon","coordinates":[[[105.62248,21.63162],[105.62115,21.63217],[105.62031,21.63379],[105.61876,21.63422],[105.61749,21.63412],[105.61742,21.63392],[105.61715,21.63359],[105.61556,21.63194],[105.61214,21.63179],[105.6117,21.63158],[105.61076,21.63101],[105.6106,21.63097],[105.60794,21.63046],[105.6076,21.63029],[105.60721,21.63004],[105.60626,21.62957],[105.60453,21.62973],[105.60338,21.62883],[105.59821,21.62894],[105.59788,21.62887],[105.5964,21.62806],[105.59626,21.62785],[105.59595,21.62708],[105.59579,21.62669],[105.59568,21.62649],[105.59555,21.62631],[105.59537,21.62611],[105.59434,21.62525],[105.5941,21.62508],[105.59224,21.62461],[105.59035,21.62547],[105.58833,21.62571],[105.58768,21.62625],[105.58666,21.62548],[105.58305,21.62529],[105.5834,21.62433],[105.58519,21.62245],[105.58326,21.62069],[105.58133,21.6202],[105.58059,21.61891],[105.57812,21.61626],[105.57771,21.61535],[105.57765,21.6129],[105.57727,21.61215],[105.57624,21.61174],[105.57586,21.61149],[105.57542,21.60882],[105.57527,21.60847],[105.57696,21.60532],[105.57683,21.60511],[105.57663,21.60494],[105.5762,21.60466],[105.5755,21.60426],[105.57479,21.60404],[105.57452,21.60381],[105.57321,21.60104],[105.57426,21.59924],[105.5743,21.59845],[105.57116,21.5983],[105.57066,21.59761],[105.57043,21.59738],[105.57012,21.59717],[105.56953,21.59604],[105.56916,21.59548],[105.56845,21.59501],[105.56778,21.59352],[105.5663,21.59314],[105.56356,21.59287],[105.56317,21.59266],[105.56197,21.59149],[105.56167,21.59128],[105.5585,21.58997],[105.55772,21.58898],[105.55746,21.58768],[105.55711,21.58728],[105.55693,21.58711],[105.5562,21.58549],[105.55474,21.58359],[105.55378,21.58198],[105.5536,21.58139],[105.55379,21.58084],[105.55375,21.57797],[105.55379,21.57747],[105.55369,21.57555],[105.5527,21.57375],[105.55336,21.57297],[105.55753,21.57071],[105.55831,21.57007],[105.56142,21.56343],[105.56189,21.56173],[105.56282,21.56052],[105.56319,21.55866],[105.56468,21.55797],[105.56654,21.55596],[105.56673,21.55473],[105.56795,21.5533],[105.56898,21.55313],[105.57053,21.55228],[105.5723,21.55089],[105.57322,21.54935],[105.57562,21.54678],[105.57728,21.54455],[105.58015,21.5419],[105.58072,21.541],[105.58362,21.54003],[105.58341,21.53543],[105.58556,21.53447],[105.58823,21.53377],[105.59083,21.53379],[105.59352,21.5342],[105.59478,21.53368],[105.59686,21.53368],[105.60048,21.5439],[105.59979,21.54636],[105.60042,21.54837],[105.60027,21.55184],[105.60046,21.55348],[105.60098,21.55451],[105.60236,21.55529],[105.60337,21.55689],[105.60466,21.55733],[105.6067,21.55752],[105.60743,21.55952],[105.60902,21.56042],[105.60916,21.56128],[105.61122,21.56338],[105.61131,21.56536],[105.61238,21.56592],[105.61213,21.56674],[105.61246,21.56845],[105.61147,21.56918],[105.61176,21.57043],[105.61134,21.57134],[105.60762,21.57166],[105.60595,21.57231],[105.60581,21.57315],[105.60676,21.57388],[105.60593,21.57587],[105.60637,21.57694],[105.60867,21.57707],[105.60994,21.57858],[105.61154,21.57951],[105.61312,21.57943],[105.61467,21.5809],[105.61522,21.58199],[105.61656,21.5823],[105.61877,21.58217],[105.62064,21.58077],[105.62354,21.57979],[105.62612,21.58037],[105.62725,21.5818],[105.6282,21.58221],[105.63149,21.58226],[105.63346,21.58334],[105.63509,21.58335],[105.63607,21.58298],[105.63967,21.58417],[105.6406,21.58386],[105.64307,21.58426],[105.64381,21.5848],[105.64611,21.58461],[105.64557,21.58273],[105.64594,21.58182],[105.64734,21.58199],[105.64959,21.58118],[105.65039,21.57944],[105.65201,21.57872],[105.65605,21.57829],[105.65813,21.57926],[105.65869,21.58031],[105.65752,21.58151],[105.65856,21.5833],[105.66299,21.58161],[105.66667,21.58092],[105.66915,21.58088],[105.67244,21.58306],[105.67322,21.58442],[105.67454,21.58558],[105.67787,21.59001],[105.66849,21.59904],[105.66099,21.61058],[105.65885,21.6146],[105.65846,21.61865],[105.65774,21.62017],[105.65608,21.62207],[105.65277,21.62348],[105.65125,21.62438],[105.64911,21.62611],[105.64835,21.62428],[105.64629,21.62509],[105.64462,21.62388],[105.64326,21.62436],[105.64202,21.62431],[105.64003,21.62236],[105.63763,21.62348],[105.63595,21.62226],[105.63444,21.62201],[105.6333,21.62302],[105.63121,21.62402],[105.63091,21.62572],[105.62921,21.62614],[105.62706,21.62726],[105.62572,21.62655],[105.6253,21.62806],[105.62369,21.62664],[105.62223,21.62691],[105.62126,21.62795],[105.62198,21.62895],[105.62142,21.62954],[105.62248,21.63162]]]},"properties":{"a01_tinh":"diaphanhanhchinhcaptinh_sn.101","a02_xa":"diaphanhanhchinhcapxa_2025.1197","a03_ten":"Xã Đại Từ","a04_tentinh":"Tỉnh Thái Nguyên","a05_truocsn":"Xã Bình Thuận, Xã Khôi Kỳ, Xã Mỹ Yên, Xã Lục Ba","a06_trungtamhc":"Trụ sở Đảng ủy, HĐND, UBND xã Bình Thuận","a07_dt":"69.42","a08_ds":"27021","a09_dthoai":null,"a10_web":null,"ten":"Xã Đại Từ","ma":"05830","tentinh":"Tỉnh Thái Nguyên","truocsapnhap":"Xã Bình Thuận, Xã Khôi Kỳ, Xã Mỹ Yên, Xã Lục Ba","dientichkm2":null,"dansonguoi":null},"id":"diaphanhanhchinhcapxa_2025.1197"},
{"type":"Feature","geometry":{"type":"Polygon","coordinates":[[[106.09215,21.6235],[106.09306,21.62278],[106.09438,21.62275],[106.09466,21.62376],[106.09705,21.6248],[106.09896,21.62502],[106.10123,21.62284],[106.10125,21.62189],[106.10226,21.62156],[106.1044,21.62161],[106.10636,21.62206],[106.10832,21.62124],[106.10826,21.62065],[106.11102,21.6188],[106.11349,21.61872],[106.11519,21.61826],[106.11702,21.61735],[106.11731,21.61646],[106.11838,21.6162],[106.1201,21.61658],[106.12287,21.61633],[106.12488,21.61659],[106.12634,21.61574],[106.12829,21.61647],[106.13009,21.61671],[106.13151,21.61725],[106.13366,21.61759],[106.13636,21.61858],[106.13706,21.62044],[106.1392,21.62142],[106.1422,21.62327],[106.14438,21.62277],[106.14671,21.62267],[106.14871,21.62365],[106.1523,21.62456],[106.15413,21.62377],[106.15491,21.62434],[106.15493,21.62554],[106.16021,21.62648],[106.16293,21.62459],[106.16432,21.62439],[106.16521,21.62158],[106.16737,21.61922],[106.17015,21.61474],[106.17111,21.61416],[106.17201,21.6122],[106.17324,21.61122],[106.17414,21.60965],[106.175,21.60948],[106.17701,21.60749],[106.17894,21.60697],[106.18118,21.60491],[106.18322,21.60428],[106.18529,21.604],[106.18793,21.61142],[106.19105,21.61176],[106.19212,21.61274],[106.19234,21.61419],[106.19335,21.61497],[106.19537,21.61758],[106.19614,21.61753],[106.19739,21.61866],[106.19748,21.62023],[106.19793,21.62141],[106.19534,21.62426],[106.19459,21.62676],[106.19487,21.62854],[106.1957,21.62877],[106.19806,21.63273],[106.19571,21.63371],[106.19298,21.63586],[106.19243,21.63943],[106.19138,21.64379],[106.19275,21.64792],[106.19576,21.65011],[106.19757,21.65094],[106.19874,21.65086],[106.19977,21.65144],[106.19971,21.65261],[106.20396,21.65388],[106.20425,21.65536],[106.20486,21.6557],[106.20489,21.65704],[106.20619,21.65947],[106.20548,21.66182],[106.20573,21.66272],[106.20766,21.66393],[106.20996,21.66582],[106.21484,21.66731],[106.21602,21.66859],[106.21638,21.66991],[106.21874,21.67165],[106.22099,21.67216],[106.2216,21.67268],[106.22088,21.67483],[106.22343,21.6773],[106.22492,21.67826],[106.22548,21.68107],[106.22565,21.68306],[106.22493,21.68464],[106.22582,21.68545],[106.22547,21.68651],[106.22599,21.6905],[106.22732,21.69348],[106.22931,21.69577],[106.23021,21.69725],[106.23258,21.69872],[106.23277,21.6992],[106.23187,21.70164],[106.23445,21.70527],[106.23467,21.70701],[106.23626,21.71064],[106.23657,21.71235],[106.23748,21.71454],[106.23827,21.71788],[106.23767,21.71816],[106.23587,21.72127],[106.23627,21.72312],[106.23569,21.72499],[106.23544,21.72681],[106.23384,21.72744],[106.23193,21.72715],[106.23091,21.72745],[106.22976,21.73049],[106.22844,21.73101],[106.22538,21.73175],[106.22335,21.7315],[106.2215,21.73017],[106.21812,21.72643],[106.21635,21.72717],[106.21385,21.72926],[106.20908,21.73189],[106.20825,21.73322],[106.20496,21.73403],[106.20206,21.73445],[106.19959,21.73458],[106.19917,21.73506],[106.19665,21.73536],[106.19603,21.73662],[106.19467,21.73785],[106.19466,21.73937],[106.19565,21.73973],[106.19599,21.74125],[106.19452,21.74243],[106.1922,21.74331],[106.19001,21.74365],[106.18693,21.7429],[106.18636,21.74173],[106.1821,21.74161],[106.18183,21.74266],[106.18073,21.74411],[106.17964,21.74346],[106.17829,21.74387],[106.17331,21.75051],[106.17147,21.7497],[106.16949,21.74958],[106.16842,21.74982],[106.16772,21.7515],[106.16667,21.75238],[106.16623,21.75404],[106.16538,21.75541],[106.16278,21.75508],[106.16015,21.75518],[106.15899,21.75358],[106.15811,21.75184],[106.15689,21.75148],[106.15696,21.75035],[106.15827,21.74844],[106.1584,21.74664],[106.15571,21.74466],[106.15615,21.74319],[106.1554,21.74239],[106.15554,21.74094],[106.15673,21.73973],[106.15655,21.73865],[106.15692,21.73704],[106.15367,21.73581],[106.15365,21.73536],[106.15203,21.73356],[106.15088,21.73345],[106.14914,21.72996],[106.14934,21.72917],[106.14877,21.7279],[106.14871,21.72637],[106.14806,21.72418],[106.14899,21.72064],[106.15068,21.71814],[106.14992,21.71624],[106.14898,21.71528],[106.14892,21.71377],[106.14802,21.71269],[106.14786,21.70984],[106.15035,21.70797],[106.15099,21.70723],[106.15056,21.70488],[106.14938,21.7047],[106.14674,21.70351],[106.14517,21.70434],[106.14176,21.70416],[106.14057,21.70492],[106.13776,21.70397],[106.13709,21.7031],[106.1309,21.70632],[106.12913,21.7059],[106.12601,21.70583],[106.12448,21.70639],[106.12417,21.70742],[106.12275,21.70848],[106.12193,21.70961],[106.12046,21.71011],[106.11929,21.70985],[106.11802,21.70866],[106.11708,21.70623],[106.1173,21.70379],[106.1182,21.70285],[106.11497,21.69809],[106.11408,21.69708],[106.11206,21.6978],[106.11122,21.69737],[106.1084,21.69769],[106.10672,21.69723],[106.10596,21.69538],[106.106,21.69156],[106.10748,21.6907],[106.1089,21.68829],[106.10944,21.68448],[106.10332,21.6816],[106.10295,21.68104],[106.10253,21.67856],[106.10498,21.67836],[106.10892,21.67716],[106.11014,21.676],[106.11197,21.67622],[106.11273,21.67516],[106.11265,21.67342],[106.11172,21.67338],[106.11101,21.67227],[106.11037,21.66979],[106.11013,21.66596],[106.10969,21.66447],[106.10491,21.65619],[106.10253,21.6572],[106.10067,21.65889],[106.09588,21.65878],[106.0944,21.6585],[106.09381,21.65962],[106.09262,21.66045],[106.09078,21.66112],[106.08912,21.66098],[106.08786,21.66043],[106.08601,21.66022],[106.08476,21.65927],[106.08404,21.6593],[106.08075,21.65738],[106.07923,21.6578],[106.0781,21.65727],[106.07652,21.65599],[106.07561,21.65483],[106.07615,21.65321],[106.07825,21.65162],[106.0798,21.65175],[106.0816,21.6499],[106.08427,21.64886],[106.0864,21.64855],[106.0863,21.64746],[106.08688,21.6456],[106.08803,21.64436],[106.08928,21.64388],[106.08995,21.6431],[106.09103,21.64293],[106.09175,21.64004],[106.09148,21.63918],[106.09267,21.6379],[106.09217,21.63622],[106.09045,21.63458],[106.08942,21.63312],[106.08942,21.62981],[106.09042,21.6277],[106.09186,21.6264],[106.09256,21.62453],[106.09215,21.6235]]]},"properties":{"a01_tinh":"diaphanhanhchinhcaptinh_sn.101","a02_xa":"diaphanhanhchinhcapxa_2025.1223","a03_ten":"Xã Dân Tiến","a04_tentinh":"Tỉnh Thái Nguyên","a05_truocsn":"Xã Bình Long, Xã Phương Giao, Xã Dân Tiến","a06_trungtamhc":"Trụ sở Đảng ủy, HĐND, UBND xã Dân Tiến","a07_dt":"144.28","a08_ds":"1939","a09_dthoai":null,"a10_web":null,"ten":"Xã Dân Tiến","ma":"05755","tentinh":"Tỉnh Thái Nguyên","truocsapnhap":"Xã Bình Long, Xã Phương Giao, Xã Dân Tiến","dientichkm2":null,"dansonguoi":null},"id":"diaphanhanhchinhcapxa_2025.1223"},
{"type":"Feature","geometry":{"type":"Polygon","coordinates":[[[105.93113,21.50008],[105.92864,21.50027],[105.9261,21.49948],[105.92299,21.49753],[105.9209,21.49537],[105.91962,21.4952],[105.91629,21.49605],[105.91439,21.49783],[105.91437,21.49978],[105.91498,21.50189],[105.91843,21.50604],[105.92068,21.50789],[105.92261,21.50831],[105.92378,21.50932],[105.92618,21.51255],[105.92711,21.51474],[105.92702,21.51629],[105.92588,21.5164],[105.92118,21.51498],[105.91965,21.51481],[105.91796,21.51521],[105.91611,21.51682],[105.91464,21.51892],[105.91349,21.51647],[105.91181,21.51547],[105.90858,21.51436],[105.90866,21.51554],[105.90764,21.5154],[105.90669,21.5168],[105.90556,21.51717],[105.90448,21.51547],[105.90474,21.51427],[105.90271,21.51271],[105.89986,21.51239],[105.89876,21.51092],[105.89856,21.50965],[105.8961,21.50778],[105.89571,21.50618],[105.89456,21.50453],[105.89461,21.50292],[105.89385,21.50206],[105.8939,21.50096],[105.89209,21.49955],[105.89232,21.49901],[105.89043,21.49719],[105.88854,21.49672],[105.88783,21.49611],[105.88718,21.49468],[105.88737,21.49342],[105.88577,21.49246],[105.88593,21.49157],[105.88479,21.4908],[105.88748,21.48969],[105.88883,21.48885],[105.88952,21.4855],[105.89023,21.48332],[105.88986,21.48224],[105.89072,21.48149],[105.89128,21.47878],[105.89163,21.47448],[105.8908,21.4742],[105.89083,21.47246],[105.88913,21.47246],[105.88914,21.4699],[105.89193,21.4699],[105.89197,21.45727],[105.8956,21.45733],[105.89562,21.45917],[105.89703,21.4607],[105.89813,21.46062],[105.90031,21.45973],[105.90152,21.4602],[105.90389,21.45881],[105.90475,21.45721],[105.90697,21.45566],[105.9076,21.45437],[105.90961,21.45394],[105.9093,21.45275],[105.90972,21.45118],[105.91146,21.45074],[105.91122,21.44969],[105.90935,21.44987],[105.90943,21.44874],[105.91063,21.44854],[105.90931,21.44654],[105.91008,21.44567],[105.90969,21.44444],[105.90855,21.44358],[105.9101,21.44219],[105.90865,21.44136],[105.90866,21.44002],[105.9101,21.43952],[105.91023,21.43625],[105.91123,21.43315],[105.91184,21.43198],[105.91097,21.43119],[105.9103,21.42961],[105.91025,21.42848],[105.91133,21.42683],[105.91232,21.42658],[105.91268,21.4256],[105.91396,21.42549],[105.91413,21.42384],[105.91343,21.42293],[105.91462,21.4207],[105.91352,21.4193],[105.91499,21.41658],[105.91585,21.41588],[105.91717,21.41347],[105.9186,21.4133],[105.91961,21.41473],[105.92172,21.4137],[105.92291,21.41415],[105.92352,21.41341],[105.9261,21.41281],[105.92795,21.41291],[105.92818,21.41189],[105.9297,21.41103],[105.93051,21.40847],[105.93169,21.40569],[105.93598,21.40093],[105.93768,21.40107],[105.93888,21.40054],[105.94092,21.39899],[105.94113,21.40002],[105.9422,21.40113],[105.9433,21.40096],[105.94474,21.40003],[105.94586,21.40051],[105.94883,21.40309],[105.95077,21.40408],[105.95295,21.40658],[105.9537,21.40675],[105.95514,21.40581],[105.95597,21.40396],[105.95561,21.40236],[105.955,21.40165],[105.9559,21.4008],[105.95722,21.40078],[105.95884,21.40189],[105.95928,21.40336],[105.95843,21.40539],[105.95617,21.40813],[105.95566,21.41006],[105.95435,21.41278],[105.95483,21.41404],[105.95597,21.41538],[105.95654,21.41657],[105.95707,21.41932],[105.95835,21.42208],[105.95867,21.42403],[105.95844,21.42547],[105.95775,21.427],[105.95738,21.42986],[105.95804,21.43184],[105.96085,21.43458],[105.96121,21.43623],[105.96001,21.43741],[105.96203,21.4406],[105.9646,21.44546],[105.96332,21.44414],[105.95753,21.44406],[105.95622,21.44308],[105.95443,21.441],[105.9532,21.44047],[105.95239,21.44108],[105.94879,21.43922],[105.94782,21.43793],[105.94627,21.4384],[105.94457,21.43767],[105.94388,21.43521],[105.93999,21.43285],[105.93757,21.43264],[105.93542,21.43322],[105.93405,21.43506],[105.93215,21.43574],[105.93067,21.43707],[105.92886,21.43751],[105.92706,21.43677],[105.92518,21.43878],[105.92581,21.44079],[105.92546,21.4422],[105.92607,21.44329],[105.92745,21.44408],[105.92853,21.44311],[105.93067,21.44469],[105.93002,21.44515],[105.93143,21.44654],[105.93165,21.44797],[105.93331,21.44787],[105.9343,21.44868],[105.93505,21.45025],[105.93434,21.45263],[105.93451,21.45629],[105.93392,21.45776],[105.93265,21.45867],[105.93254,21.4597],[105.93149,21.46205],[105.92961,21.46221],[105.92876,21.46271],[105.92655,21.46279],[105.9258,21.46525],[105.92654,21.46842],[105.92662,21.47117],[105.9262,21.47308],[105.92502,21.47451],[105.9238,21.47482],[105.92217,21.47629],[105.92067,21.47664],[105.91985,21.47825],[105.91843,21.47882],[105.91709,21.47858],[105.91667,21.48004],[105.91573,21.47974],[105.91503,21.48137],[105.91652,21.48133],[105.91686,21.48303],[105.91847,21.48251],[105.92037,21.48403],[105.92144,21.48527],[105.92419,21.48746],[105.92505,21.48859],[105.92878,21.4923],[105.92974,21.49388],[105.93247,21.49506],[105.93319,21.49575],[105.9331,21.49676],[105.93214,21.49901],[105.93113,21.50008]]]},"properties":{"a01_tinh":"diaphanhanhchinhcaptinh_sn.101","a02_xa":"diaphanhanhchinhcapxa_2025.1238","a03_ten":"Xã Điềm Thụy","a04_tentinh":"Tỉnh Thái Nguyên","a05_truocsn":"Xã Hà Châu, Xã Nga My, Xã Điềm Thụy, Xã Thượng Đình","a06_trungtamhc":"Trụ sở Đảng ủy, HĐND, UBND xã Điềm Thụy","a07_dt":"42.03","a08_ds":"4186","a09_dthoai":null,"a10_web":null,"ten":"Xã Điềm Thụy","ma":"05941","tentinh":"Tỉnh Thái Nguyên","truocsapnhap":"Xã Hà Châu, Xã Nga My, Xã Điềm Thụy, Xã Thượng Đình","dientichkm2":null,"dansonguoi":null},"id":"diaphanhanhchinhcapxa_2025.1238"},
{"type":"Feature","geometry":{"type":"Polygon","coordinates":[[[105.57554,21.95767],[105.57229,21.95751],[105.57011,21.95819],[105.56951,21.95705],[105.56845,21.95655],[105.56701,21.95674],[105.56595,21.95609],[105.56324,21.95549],[105.56154,21.95588],[105.5597,21.95675],[105.55567,21.95748],[105.55468,21.95592],[105.55289,21.95442],[105.5517,21.9528],[105.55132,21.95132],[105.55183,21.9506],[105.55009,21.94944],[105.54943,21.94762],[105.55075,21.94669],[105.55092,21.94554],[105.55169,21.94496],[105.55231,21.94331],[105.5517,21.94069],[105.55113,21.93959],[105.55135,21.93823],[105.55212,21.93635],[105.55222,21.93467],[105.55174,21.93325],[105.55052,21.93158],[105.55079,21.92883],[105.55059,21.92775],[105.55086,21.92556],[105.55016,21.92368],[105.55108,21.92094],[105.55312,21.91939],[105.55354,21.9187],[105.55306,21.91664],[105.5542,21.9148],[105.55408,21.91345],[105.553,21.90877],[105.55076,21.90717],[105.5484,21.90669],[105.54535,21.90484],[105.54485,21.90297],[105.54589,21.90063],[105.54593,21.8988],[105.54707,21.89688],[105.5469,21.89554],[105.54545,21.89422],[105.54496,21.89267],[105.54305,21.89099],[105.54434,21.889],[105.54568,21.88601],[105.54669,21.88483],[105.54914,21.88473],[105.55279,21.8826],[105.55393,21.88236],[105.55435,21.88105],[105.55554,21.87944],[105.55685,21.87851],[105.55952,21.87919],[105.56085,21.8803],[105.56254,21.87981],[105.56226,21.8811],[105.56301,21.88254],[105.566,21.88563],[105.5661,21.88658],[105.5679,21.88741],[105.56804,21.88892],[105.5673,21.89055],[105.56747,21.89136],[105.56588,21.8935],[105.56608,21.89914],[105.56698,21.89965],[105.56881,21.89891],[105.5706,21.89983],[105.57161,21.90148],[105.57283,21.90195],[105.57481,21.90187],[105.57577,21.90314],[105.5769,21.90179],[105.57832,21.902],[105.58131,21.90174],[105.58205,21.90135],[105.58314,21.90176],[105.58371,21.90046],[105.58322,21.89883],[105.584,21.89815],[105.58419,21.89663],[105.58371,21.89594],[105.58158,21.89526],[105.58137,21.89364],[105.58007,21.8928],[105.57929,21.89171],[105.5807,21.89067],[105.58019,21.88984],[105.58037,21.88879],[105.5798,21.88777],[105.58024,21.88673],[105.58051,21.88378],[105.58291,21.88096],[105.58283,21.87816],[105.58428,21.87747],[105.58561,21.87725],[105.58739,21.87517],[105.58884,21.87562],[105.58996,21.87437],[105.58872,21.87373],[105.58949,21.87307],[105.58962,21.872],[105.58689,21.87086],[105.58708,21.86981],[105.58824,21.86868],[105.58739,21.86739],[105.58581,21.86643],[105.58576,21.86498],[105.58669,21.86446],[105.58673,21.86365],[105.58812,21.86309],[105.5881,21.86239],[105.58911,21.86061],[105.59005,21.86029],[105.59174,21.86044],[105.59231,21.85979],[105.59193,21.8576],[105.59199,21.85611],[105.59345,21.85601],[105.59538,21.85809],[105.59824,21.8602],[105.59939,21.86162],[105.60134,21.8632],[105.60256,21.8638],[105.60425,21.86584],[105.60481,21.86597],[105.60661,21.86871],[105.60872,21.87021],[105.61126,21.87104],[105.6123,21.87108],[105.6141,21.87272],[105.61474,21.87486],[105.6153,21.87562],[105.61718,21.87546],[105.6211,21.87907],[105.62263,21.87963],[105.62297,21.88173],[105.62419,21.8828],[105.62396,21.88384],[105.62506,21.88544],[105.62406,21.88684],[105.62376,21.88808],[105.62534,21.888],[105.6271,21.89015],[105.62824,21.88999],[105.62967,21.88801],[105.63045,21.88798],[105.63168,21.88924],[105.63335,21.88936],[105.63341,21.88781],[105.6364,21.88763],[105.63773,21.8877],[105.64009,21.88916],[105.64085,21.89059],[105.64343,21.89271],[105.64377,21.89399],[105.64462,21.89485],[105.64624,21.89771],[105.6476,21.8987],[105.65007,21.90103],[105.65062,21.9022],[105.65259,21.90371],[105.65302,21.90482],[105.65542,21.90533],[105.65564,21.90723],[105.65664,21.90781],[105.65617,21.91001],[105.6553,21.91094],[105.65566,21.91235],[105.65715,21.91351],[105.6565,21.91421],[105.65491,21.91431],[105.65343,21.91614],[105.65231,21.91635],[105.65244,21.91778],[105.65124,21.91819],[105.65023,21.91926],[105.64858,21.91936],[105.64652,21.92011],[105.64704,21.92142],[105.64572,21.92313],[105.63999,21.92106],[105.63846,21.91955],[105.63749,21.91933],[105.63657,21.91823],[105.63592,21.91872],[105.63554,21.92012],[105.63237,21.9217],[105.63074,21.92377],[105.62767,21.92434],[105.6267,21.92513],[105.6263,21.9269],[105.62455,21.92693],[105.6238,21.92834],[105.62171,21.92924],[105.62001,21.9313],[105.61853,21.9314],[105.61776,21.93262],[105.61601,21.9331],[105.61492,21.93304],[105.61309,21.93435],[105.61081,21.93818],[105.61098,21.94059],[105.60908,21.94119],[105.60689,21.94229],[105.60522,21.94126],[105.60372,21.93984],[105.59896,21.94177],[105.59758,21.94134],[105.59614,21.93975],[105.59323,21.93917],[105.59163,21.9396],[105.58991,21.9415],[105.58798,21.94209],[105.58678,21.94279],[105.58465,21.94507],[105.58258,21.94552],[105.58081,21.94515],[105.58011,21.94719],[105.57995,21.9491],[105.57947,21.95068],[105.57714,21.95433],[105.57681,21.95597],[105.57554,21.95767]]]},"properties":{"a01_tinh":"diaphanhanhchinhcaptinh_sn.101","a02_xa":"diaphanhanhchinhcapxa_2025.1204","a03_ten":"Xã Định Hóa","a04_tentinh":"Tỉnh Thái Nguyên","a05_truocsn":"Thị trấn Chợ Chu, Xã Phúc Chu, Xã Bảo Linh, Xã Đồng Thịnh","a06_trungtamhc":"Trụ sở Đảng ủy, HĐND, UBND huyện Định Hóa hiện nay","a07_dt":"67.3","a08_ds":"22333","a09_dthoai":null,"a10_web":null,"ten":"Xã Định Hóa","ma":"05569","tentinh":"Tỉnh Thái Nguyên","truocsapnhap":"Thị trấn Chợ Chu, Xã Phúc Chu, Xã Bảo Linh, Xã Đồng Thịnh","dientichkm2":null,"dansonguoi":null},"id":"diaphanhanhchinhcapxa_2025.1204"},
{"type":"Feature","geometry":{"type":"Polygon","coordinates":[[[105.82171,21.70495],[105.8197,21.70569],[105.81821,21.70483],[105.81734,21.70494],[105.81383,21.70641],[105.8142,21.70722],[105.8155,21.70837],[105.81568,21.70972],[105.81514,21.71035],[105.81424,21.70946],[105.81198,21.70958],[105.8072,21.70871],[105.80532,21.70779],[105.80377,21.70592],[105.80285,21.70521],[105.80145,21.70482],[105.79856,21.70478],[105.79703,21.70393],[105.79487,21.70178],[105.79346,21.69988],[105.79191,21.69735],[105.79087,21.69623],[105.78762,21.69557],[105.78664,21.69461],[105.78684,21.69258],[105.78963,21.68976],[105.79115,21.68746],[105.79347,21.68488],[105.79334,21.68332],[105.79233,21.68108],[105.79223,21.67874],[105.79373,21.67499],[105.7937,21.67308],[105.79171,21.6699],[105.79113,21.6674],[105.79122,21.66644],[105.79247,21.66573],[105.79442,21.66558],[105.79644,21.66464],[105.79831,21.66286],[105.8,21.66048],[105.80231,21.65839],[105.8035,21.65593],[105.80441,21.65299],[105.80492,21.65238],[105.80909,21.65049],[105.80986,21.64979],[105.80916,21.64784],[105.8123,21.64775],[105.81424,21.6487],[105.81525,21.64834],[105.81731,21.64838],[105.81774,21.64662],[105.81868,21.64432],[105.8197,21.64439],[105.8212,21.64261],[105.82276,21.64251],[105.82618,21.64006],[105.82718,21.63718],[105.82797,21.63679],[105.83016,21.63744],[105.83104,21.63603],[105.83231,21.63527],[105.83329,21.63549],[105.83525,21.63504],[105.8367,21.63423],[105.83791,21.63439],[105.83765,21.63284],[105.83695,21.63148],[105.83748,21.63067],[105.83876,21.63055],[105.83872,21.62948],[105.83964,21.62885],[105.84117,21.62987],[105.84112,21.63117],[105.84158,21.6327],[105.84377,21.6315],[105.84447,21.63181],[105.84465,21.63327],[105.84564,21.63319],[105.84549,21.62834],[105.84651,21.62772],[105.84813,21.6288],[105.84933,21.62764],[105.84681,21.6254],[105.84547,21.62352],[105.84627,21.62203],[105.84819,21.62202],[105.85148,21.62371],[105.85282,21.62681],[105.85467,21.62755],[105.85548,21.62664],[105.85749,21.62765],[105.85827,21.62982],[105.85764,21.63069],[105.85825,21.63265],[105.85692,21.63526],[105.85616,21.63571],[105.85685,21.63756],[105.8568,21.63848],[105.85555,21.63975],[105.85535,21.6407],[105.85744,21.6414],[105.85869,21.64066],[105.8599,21.64068],[105.86085,21.64186],[105.8625,21.64291],[105.86222,21.64471],[105.85952,21.64481],[105.85868,21.64599],[105.85934,21.64757],[105.85887,21.6484],[105.85705,21.64852],[105.85604,21.64965],[105.85712,21.65102],[105.85738,21.65228],[105.85626,21.65307],[105.85441,21.65354],[105.85439,21.65496],[105.85329,21.65592],[105.85362,21.65764],[105.85572,21.65726],[105.85666,21.65799],[105.8566,21.65937],[105.85776,21.66138],[105.85856,21.66184],[105.86045,21.66104],[105.86144,21.66013],[105.86309,21.66079],[105.86537,21.66309],[105.8641,21.66461],[105.8635,21.6669],[105.86136,21.66737],[105.85862,21.6672],[105.85928,21.66832],[105.85916,21.66961],[105.86008,21.67218],[105.86133,21.6725],[105.86043,21.67345],[105.861,21.67544],[105.86312,21.67595],[105.86261,21.67737],[105.86321,21.67827],[105.86421,21.67787],[105.86419,21.67657],[105.86605,21.67572],[105.86678,21.67585],[105.86812,21.67428],[105.86825,21.6731],[105.86981,21.6714],[105.87099,21.67135],[105.87212,21.67244],[105.87335,21.67208],[105.87365,21.67336],[105.87559,21.67493],[105.87651,21.67662],[105.87681,21.67781],[105.87962,21.67701],[105.88123,21.67523],[105.88301,21.6744],[105.88428,21.67713],[105.88422,21.67842],[105.88481,21.67979],[105.88451,21.68123],[105.88275,21.68138],[105.88309,21.68225],[105.88227,21.68286],[105.88307,21.68496],[105.88115,21.68627],[105.88135,21.6872],[105.88332,21.68812],[105.88479,21.68751],[105.88506,21.68639],[105.88658,21.68671],[105.88694,21.68751],[105.88683,21.68902],[105.8888,21.68959],[105.88973,21.69054],[105.88951,21.69268],[105.88896,21.69774],[105.88338,21.69814],[105.87844,21.69863],[105.87649,21.69615],[105.8743,21.69568],[105.87258,21.69494],[105.8709,21.69469],[105.87033,21.69513],[105.86813,21.69467],[105.86694,21.69518],[105.8629,21.69451],[105.86067,21.6935],[105.85826,21.69438],[105.85698,21.6944],[105.8563,21.69493],[105.85372,21.69533],[105.84977,21.69703],[105.84834,21.69716],[105.84677,21.69772],[105.84729,21.69937],[105.8461,21.70083],[105.84518,21.70067],[105.84486,21.70289],[105.84384,21.70328],[105.84388,21.70467],[105.84278,21.70478],[105.83986,21.70372],[105.83849,21.70415],[105.83688,21.70375],[105.83474,21.70259],[105.83392,21.70292],[105.83255,21.70179],[105.83034,21.7025],[105.82831,21.70264],[105.82582,21.70252],[105.82404,21.70197],[105.82357,21.70295],[105.82391,21.7039],[105.82234,21.70427],[105.82171,21.70495]]]},"properties":{"a01_tinh":"diaphanhanhchinhcaptinh_sn.101","a02_xa":"diaphanhanhchinhcapxa_2025.1225","a03_ten":"Xã Đồng Hỷ","a04_tentinh":"Tỉnh Thái Nguyên","a05_truocsn":"Thị trấn Hóa Thượng, Thị trấn Sông Cầu, Xã Minh Lập, Xã Hóa Trung","a06_trungtamhc":"Trụ sở Đảng ủy, HĐND, UBND huyện Đồng Hỷ hiện nay","a07_dt":"53.72","a08_ds":"31012","a09_dthoai":null,"a10_web":null,"ten":"Xã Đồng Hỷ","ma":"05692","tentinh":"Tỉnh Thái Nguyên","truocsapnhap":"Thị trấn Hóa Thượng, Thị trấn Sông Cầu, Xã Minh Lập, Xã Hóa Trung","dientichkm2":null,"dansonguoi":null},"id":"diaphanhanhchinhcapxa_2025.1225"},
{"type":"Feature","geometry":{"type":"Polygon","coordinates":[[[105.73298,22.37819],[105.73064,22.37861],[105.72833,22.37957],[105.72554,22.37961],[105.72388,22.38147],[105.7223,22.38194],[105.72176,22.38406],[105.72262,22.38618],[105.72259,22.38994],[105.72208,22.39094],[105.72175,22.39398],[105.72078,22.39378],[105.71748,22.39488],[105.71614,22.39477],[105.71372,22.39528],[105.71272,22.39615],[105.71119,22.39641],[105.70992,22.39776],[105.70672,22.39835],[105.70599,22.39728],[105.70214,22.3946],[105.6995,22.39382],[105.69676,22.39228],[105.69449,22.39276],[105.69328,22.39267],[105.69077,22.39082],[105.68949,22.39026],[105.68491,22.38665],[105.68247,22.385],[105.68168,22.38395],[105.68065,22.38403],[105.6786,22.38357],[105.67715,22.38171],[105.67573,22.3822],[105.675,22.38298],[105.67183,22.38494],[105.66978,22.38551],[105.66823,22.38559],[105.66478,22.38811],[105.66052,22.38997],[105.65964,22.391],[105.65768,22.39127],[105.65628,22.39189],[105.65569,22.39267],[105.6544,22.39018],[105.65312,22.38425],[105.65338,22.37761],[105.65056,22.3744],[105.64725,22.37148],[105.64628,22.37036],[105.64391,22.36885],[105.64288,22.36782],[105.64072,22.36687],[105.63969,22.36704],[105.63718,22.36805],[105.63704,22.36685],[105.63525,22.36294],[105.63595,22.36132],[105.63607,22.36018],[105.63735,22.35961],[105.6381,22.36013],[105.63956,22.35961],[105.64098,22.35996],[105.6441,22.36018],[105.64616,22.36128],[105.64844,22.36059],[105.64956,22.35964],[105.65,22.35802],[105.65199,22.356],[105.65156,22.35522],[105.65147,22.35263],[105.65165,22.35047],[105.65139,22.34911],[105.6523,22.34793],[105.65113,22.34646],[105.65048,22.34506],[105.6477,22.34471],[105.64352,22.34341],[105.64303,22.34272],[105.64181,22.34265],[105.64141,22.34193],[105.63994,22.34126],[105.63962,22.34063],[105.63678,22.33923],[105.63603,22.33942],[105.633,22.33815],[105.63101,22.33809],[105.62898,22.33832],[105.62505,22.33491],[105.62456,22.33396],[105.6244,22.33159],[105.62267,22.32901],[105.62339,22.32716],[105.62327,22.32544],[105.62178,22.32488],[105.61921,22.32187],[105.62071,22.32154],[105.6208,22.31784],[105.62218,22.31618],[105.62172,22.31533],[105.62144,22.31262],[105.62097,22.31125],[105.62291,22.30955],[105.62376,22.30801],[105.62501,22.30799],[105.62581,22.30727],[105.628,22.30652],[105.6298,22.30631],[105.63152,22.30647],[105.63358,22.30705],[105.63453,22.30685],[105.63603,22.30742],[105.63798,22.30723],[105.6398,22.30748],[105.64171,22.30639],[105.64287,22.3049],[105.64428,22.30377],[105.64513,22.30165],[105.64416,22.30015],[105.64607,22.29811],[105.64838,22.29805],[105.65078,22.29381],[105.65175,22.2935],[105.65294,22.29418],[105.65421,22.294],[105.65494,22.29452],[105.6565,22.29202],[105.65909,22.2902],[105.66075,22.28999],[105.66178,22.28934],[105.66161,22.2877],[105.66053,22.28619],[105.65931,22.28559],[105.65835,22.28404],[105.65515,22.28213],[105.65455,22.28125],[105.65464,22.27925],[105.65433,22.27716],[105.65506,22.27595],[105.65459,22.27424],[105.65314,22.27315],[105.65386,22.27088],[105.6538,22.2702],[105.65172,22.26801],[105.65079,22.26747],[105.65022,22.26619],[105.6503,22.26411],[105.64935,22.26228],[105.64823,22.26075],[105.64589,22.25878],[105.64458,22.25842],[105.64381,22.25768],[105.64383,22.25672],[105.64281,22.25547],[105.64274,22.25454],[105.64071,22.25306],[105.63808,22.25029],[105.63721,22.24702],[105.63613,22.24514],[105.63676,22.24428],[105.63885,22.24341],[105.64308,22.24309],[105.64432,22.24268],[105.64614,22.24129],[105.65064,22.23864],[105.65127,22.23713],[105.65083,22.23455],[105.65119,22.23318],[105.65075,22.23201],[105.65222,22.23105],[105.65535,22.22992],[105.65703,22.22839],[105.65725,22.22735],[105.65961,22.22521],[105.66005,22.22421],[105.66291,22.22358],[105.66493,22.2221],[105.66703,22.22331],[105.66809,22.22492],[105.66922,22.22552],[105.67076,22.22555],[105.67297,22.22675],[105.67417,22.2263],[105.67602,22.223],[105.67592,22.22059],[105.67682,22.22071],[105.67787,22.22214],[105.67984,22.22304],[105.6809,22.22294],[105.68339,22.22394],[105.68487,22.22382],[105.68594,22.22467],[105.68774,22.22469],[105.68959,22.22572],[105.69164,22.22612],[105.69757,22.22616],[105.6998,22.22661],[105.70245,22.22679],[105.70375,22.22649],[105.70455,22.22454],[105.70836,22.22539],[105.71138,22.22691],[105.71116,22.22824],[105.71145,22.23166],[105.71096,22.23411],[105.7119,22.23577],[105.71182,22.23747],[105.71267,22.23976],[105.71124,22.24139],[105.71016,22.24462],[105.71055,22.24603],[105.71033,22.24785],[105.70892,22.25033],[105.7085,22.25292],[105.70873,22.25422],[105.70781,22.25711],[105.70631,22.25937],[105.70631,22.26022],[105.70893,22.26176],[105.71072,22.26255],[105.71235,22.26282],[105.71339,22.26338],[105.71487,22.2631],[105.71615,22.26414],[105.71752,22.2661],[105.72183,22.26764],[105.72272,22.2678],[105.72359,22.26884],[105.72493,22.26944],[105.72514,22.271],[105.72613,22.27214],[105.72742,22.273],[105.73021,22.27383],[105.73348,22.2728],[105.73561,22.27279],[105.73891,22.27452],[105.74074,22.27474],[105.74355,22.27443],[105.74688,22.27335],[105.74816,22.27356],[105.75294,22.27335],[105.75467,22.2722],[105.75668,22.27047],[105.75808,22.27068],[105.76429,22.27069],[105.76539,22.27177],[105.77212,22.27223],[105.77279,22.27368],[105.77396,22.27527],[105.77403,22.27599],[105.77561,22.27688],[105.77746,22.2774],[105.77878,22.27708],[105.77984,22.27739],[105.78198,22.27896],[105.78444,22.27964],[105.78618,22.28051],[105.78724,22.28167],[105.78808,22.282],[105.78904,22.28336],[105.78885,22.28551],[105.78748,22.28728],[105.78791,22.28892],[105.78853,22.2896],[105.78777,22.29096],[105.787,22.29348],[105.78692,22.29501],[105.78609,22.29659],[105.78591,22.29846],[105.78722,22.29959],[105.78711,22.30147],[105.786,22.30315],[105.7853,22.30358],[105.78552,22.30481],[105.78539,22.30735],[105.78376,22.30985],[105.78208,22.3101],[105.78095,22.31076],[105.77879,22.31426],[105.77807,22.31465],[105.77768,22.31745],[105.77662,22.31978],[105.77622,22.32159],[105.77634,22.32341],[105.77541,22.32527],[105.77374,22.32549],[105.77155,22.32616],[105.77178,22.32777],[105.77147,22.32865],[105.7714,22.33168],[105.77176,22.33551],[105.77104,22.33648],[105.77088,22.33757],[105.76989,22.33859],[105.76879,22.34081],[105.7673,22.34139],[105.76612,22.34467],[105.7649,22.34538],[105.76106,22.3462],[105.75781,22.34745],[105.75675,22.34823],[105.75662,22.35165],[105.7576,22.35388],[105.75706,22.35575],[105.75455,22.35558],[105.7533,22.35663],[105.75098,22.35785],[105.74967,22.35923],[105.74741,22.36029],[105.74679,22.36127],[105.74661,22.36408],[105.74588,22.36551],[105.74483,22.36496],[105.74294,22.3652],[105.7415,22.36636],[105.73914,22.36886],[105.738,22.371],[105.73551,22.37172],[105.73405,22.37269],[105.73265,22.37582],[105.73298,22.37819]]]},"properties":{"a01_tinh":"diaphanhanhchinhcaptinh_sn.101","a02_xa":"diaphanhanhchinhcapxa_2025.1171","a03_ten":"Xã Đồng Phúc","a04_tentinh":"Tỉnh Thái Nguyên","a05_truocsn":"Xã Quảng Khê, Xã Hoàng Trĩ, Xã Bằng Phúc, Xã Đồng Phúc","a06_trungtamhc":"Trụ sở Đảng ủy, HĐND, UBND xã Đồng Phúc","a07_dt":"199.11","a08_ds":"11722","a09_dthoai":null,"a10_web":null,"ten":"Xã Đồng Phúc","ma":"01933","tentinh":"Tỉnh Thái Nguyên","truocsapnhap":"Xã Quảng Khê, Xã Hoàng Trĩ, Xã Bằng Phúc, Xã Đồng Phúc","dientichkm2":null,"dansonguoi":null},"id":"diaphanhanhchinhcapxa_2025.1171"},
{"type":"Feature","geometry":{"type":"Polygon","coordinates":[[[105.62457,21.77246],[105.62403,21.77327],[105.62313,21.77298],[105.62178,21.77342],[105.61908,21.7726],[105.61579,21.77194],[105.61518,21.77092],[105.61491,21.76928],[105.61341,21.76953],[105.61295,21.76902],[105.61068,21.76818],[105.60908,21.76714],[105.60824,21.7674],[105.60689,21.76615],[105.60266,21.76667],[105.59805,21.76677],[105.59532,21.7673],[105.59224,21.76685],[105.58956,21.76755],[105.58834,21.76697],[105.58588,21.76463],[105.58601,21.7633],[105.58526,21.76222],[105.58552,21.7614],[105.58463,21.76062],[105.58513,21.75943],[105.58454,21.75846],[105.58402,21.75611],[105.5841,21.75428],[105.58194,21.75083],[105.57795,21.74836],[105.57573,21.74777],[105.57229,21.74763],[105.57005,21.74821],[105.56943,21.74585],[105.56837,21.74602],[105.56763,21.74509],[105.56604,21.74588],[105.56553,21.74728],[105.5643,21.74809],[105.56077,21.74944],[105.55826,21.75067],[105.55602,21.75112],[105.55518,21.75208],[105.55299,21.75166],[105.54969,21.75257],[105.54754,21.75277],[105.54573,21.75323],[105.54538,21.75384],[105.54471,21.75683],[105.54326,21.7606],[105.54134,21.76044],[105.54057,21.75992],[105.53777,21.75927],[105.53658,21.75948],[105.53307,21.75935],[105.5315,21.76121],[105.52933,21.76204],[105.5286,21.76285],[105.52498,21.76522],[105.52469,21.7646],[105.52281,21.76309],[105.52222,21.76194],[105.52094,21.76081],[105.5201,21.7587],[105.51926,21.75812],[105.51808,21.75564],[105.51397,21.7548],[105.51139,21.75263],[105.51085,21.75143],[105.50899,21.7503],[105.50903,21.74939],[105.5106,21.74645],[105.5107,21.74531],[105.51188,21.74308],[105.51451,21.74145],[105.51632,21.73932],[105.51591,21.73698],[105.5169,21.73444],[105.51886,21.73295],[105.52023,21.73146],[105.52233,21.73003],[105.52395,21.72747],[105.52445,21.72595],[105.52583,21.7241],[105.52756,21.72361],[105.52855,21.72261],[105.53,21.7225],[105.53094,21.72335],[105.53321,21.72445],[105.53488,21.727],[105.53697,21.72773],[105.53832,21.72922],[105.53976,21.72937],[105.54182,21.73012],[105.54399,21.7293],[105.54589,21.72912],[105.54899,21.72785],[105.55071,21.72681],[105.55192,21.72683],[105.55312,21.72613],[105.55575,21.7239],[105.55875,21.72305],[105.55898,21.72362],[105.55745,21.7246],[105.55843,21.72566],[105.56115,21.7272],[105.56231,21.72913],[105.56885,21.73176],[105.57545,21.73009],[105.57739,21.72915],[105.5785,21.72944],[105.57912,21.72687],[105.57871,21.7262],[105.57947,21.72491],[105.57978,21.72218],[105.57919,21.71944],[105.57915,21.71806],[105.58025,21.71653],[105.58034,21.71188],[105.58069,21.7108],[105.5834,21.70761],[105.58429,21.70551],[105.58545,21.70553],[105.58675,21.70493],[105.58852,21.70492],[105.58963,21.70558],[105.59269,21.70556],[105.59465,21.70485],[105.59791,21.70582],[105.59837,21.70566],[105.60005,21.70363],[105.60187,21.70375],[105.60325,21.70424],[105.60422,21.70537],[105.60583,21.70636],[105.60602,21.70718],[105.60811,21.70863],[105.60995,21.7084],[105.6113,21.70789],[105.61211,21.70669],[105.61421,21.70462],[105.61903,21.70453],[105.62139,21.70887],[105.62402,21.71178],[105.62477,21.71202],[105.6274,21.71508],[105.62922,21.71775],[105.63381,21.71935],[105.63499,21.71913],[105.6358,21.71957],[105.63724,21.71955],[105.6392,21.72052],[105.64061,21.72044],[105.64163,21.72105],[105.64378,21.72165],[105.64336,21.72345],[105.64268,21.7291],[105.64339,21.73007],[105.644,21.73248],[105.64357,21.73426],[105.64126,21.73391],[105.641,21.73522],[105.64222,21.73581],[105.64217,21.7376],[105.64432,21.73837],[105.64309,21.74212],[105.64193,21.74263],[105.64197,21.74368],[105.64292,21.74569],[105.64404,21.74709],[105.64385,21.74983],[105.64182,21.75149],[105.64171,21.75352],[105.64002,21.75522],[105.63961,21.75642],[105.64034,21.75788],[105.64034,21.7592],[105.63923,21.75945],[105.63782,21.76033],[105.63847,21.76191],[105.63821,21.76267],[105.63682,21.7631],[105.63684,21.76389],[105.63586,21.76604],[105.6343,21.76566],[105.63258,21.76723],[105.63299,21.76955],[105.62964,21.77069],[105.62776,21.76955],[105.62689,21.77056],[105.62508,21.77041],[105.62423,21.77155],[105.62457,21.77246]]]},"properties":{"a01_tinh":"diaphanhanhchinhcaptinh_sn.101","a02_xa":"diaphanhanhchinhcapxa_2025.1199","a03_ten":"Xã Đức Lương","a04_tentinh":"Tỉnh Thái Nguyên","a05_truocsn":"Xã Minh Tiến, Xã Phúc Lương, Xã Đức Lương","a06_trungtamhc":"Trụ sở Đảng ủy, HĐND, UBND xã Đức Lương","a07_dt":"60.9","a08_ds":"13181","a09_dthoai":null,"a10_web":null,"ten":"Xã Đức Lương","ma":"05776","tentinh":"Tỉnh Thái Nguyên","truocsapnhap":"Xã Minh Tiến, Xã Phúc Lương, Xã Đức Lương","dientichkm2":null,"dansonguoi":null},"id":"diaphanhanhchinhcapxa_2025.1199"},
{"type":"Feature","geometry":{"type":"Polygon","coordinates":[[[105.94714,22.36642],[105.94498,22.36569],[105.9436,22.36672],[105.94248,22.36644],[105.94065,22.3648],[105.93984,22.3647],[105.93628,22.36185],[105.93484,22.36155],[105.9329,22.36164],[105.93221,22.36114],[105.92895,22.36145],[105.927,22.36254],[105.92521,22.36212],[105.92421,22.36255],[105.92144,22.36284],[105.91881,22.36118],[105.91481,22.36097],[105.91347,22.36061],[105.91053,22.36065],[105.90895,22.36015],[105.90771,22.36025],[105.90595,22.35935],[105.90523,22.35817],[105.90499,22.35615],[105.90413,22.35507],[105.90468,22.35411],[105.90509,22.35225],[105.905,22.35101],[105.90392,22.34926],[105.90317,22.34693],[105.90332,22.34414],[105.9005,22.34343],[105.89915,22.3423],[105.89926,22.33919],[105.89638,22.33887],[105.8954,22.33802],[105.89419,22.3362],[105.89337,22.33555],[105.89204,22.33536],[105.88879,22.33349],[105.8856,22.33209],[105.88675,22.33042],[105.88713,22.32821],[105.88799,22.32775],[105.88838,22.32367],[105.8892,22.32159],[105.88783,22.31934],[105.88731,22.31769],[105.88913,22.31574],[105.89004,22.3135],[105.89201,22.31211],[105.89274,22.31009],[105.89311,22.30798],[105.89498,22.30583],[105.89751,22.30424],[105.89722,22.30201],[105.90153,22.30166],[105.90202,22.30077],[105.9038,22.29941],[105.90434,22.29774],[105.90541,22.29671],[105.9058,22.29505],[105.90679,22.29333],[105.90811,22.29286],[105.91106,22.29014],[105.91341,22.28962],[105.91457,22.28857],[105.917,22.28921],[105.9174,22.28818],[105.9187,22.2879],[105.92054,22.2864],[105.92247,22.28569],[105.92361,22.28472],[105.92534,22.28449],[105.92722,22.28516],[105.92843,22.28518],[105.93096,22.28619],[105.93137,22.287],[105.93076,22.28899],[105.92981,22.29089],[105.9291,22.29348],[105.93066,22.29482],[105.93205,22.29706],[105.93237,22.29828],[105.93416,22.29925],[105.93474,22.30014],[105.9369,22.3006],[105.9384,22.29907],[105.9395,22.29882],[105.94054,22.29689],[105.94193,22.29648],[105.94402,22.29526],[105.94652,22.29579],[105.94722,22.29479],[105.94867,22.29412],[105.95191,22.29438],[105.95416,22.29388],[105.95613,22.29247],[105.95709,22.29122],[105.95724,22.29008],[105.95958,22.28763],[105.9619,22.28724],[105.96283,22.28779],[105.96351,22.28941],[105.96512,22.29042],[105.96751,22.28981],[105.96812,22.29167],[105.96976,22.29329],[105.96996,22.29402],[105.97179,22.29484],[105.97228,22.29638],[105.97322,22.29737],[105.97426,22.29954],[105.97429,22.30112],[105.97653,22.3024],[105.97988,22.30159],[105.98096,22.30238],[105.98211,22.30255],[105.98484,22.30143],[105.98544,22.30088],[105.98759,22.30091],[105.9886,22.30045],[105.98955,22.30096],[105.99293,22.30042],[105.99399,22.30047],[105.99563,22.3015],[105.9959,22.30292],[105.99689,22.30302],[105.99865,22.30387],[106.00113,22.30379],[106.0028,22.30468],[106.00548,22.30406],[106.00794,22.30471],[106.00899,22.30451],[106.01024,22.30498],[106.01208,22.30756],[106.01425,22.30888],[106.01534,22.31043],[106.01759,22.31145],[106.01984,22.31203],[106.02235,22.31133],[106.02474,22.31149],[106.02562,22.31105],[106.02894,22.31099],[106.03014,22.31118],[106.03219,22.31246],[106.03368,22.31277],[106.03526,22.31515],[106.0365,22.31442],[106.03748,22.31465],[106.03962,22.3145],[106.04183,22.31557],[106.04478,22.31345],[106.04588,22.31314],[106.04801,22.31322],[106.04962,22.31169],[106.05144,22.31045],[106.05289,22.31024],[106.05437,22.31055],[106.05679,22.31043],[106.05805,22.31109],[106.06163,22.31227],[106.06226,22.31378],[106.06576,22.3151],[106.06655,22.31515],[106.06761,22.31735],[106.06894,22.31921],[106.07095,22.32075],[106.07176,22.32088],[106.07349,22.32036],[106.0752,22.32175],[106.07566,22.32259],[106.07495,22.32358],[106.07529,22.32493],[106.07492,22.32624],[106.07229,22.32748],[106.07126,22.32831],[106.06981,22.33149],[106.06732,22.33357],[106.06689,22.33538],[106.06564,22.33722],[106.06213,22.3366],[106.06083,22.3362],[106.05947,22.33664],[106.05373,22.33958],[106.05274,22.33952],[106.05116,22.3412],[106.05045,22.3424],[106.04918,22.34366],[106.04774,22.34609],[106.04617,22.34648],[106.04321,22.34534],[106.04243,22.34464],[106.03859,22.34562],[106.03727,22.34651],[106.03491,22.34715],[106.03124,22.34886],[106.02793,22.34793],[106.02615,22.34937],[106.02519,22.3496],[106.02392,22.35085],[106.02303,22.35241],[106.02299,22.35398],[106.02141,22.35505],[106.02177,22.35604],[106.021,22.35742],[106.01947,22.3575],[106.01816,22.3558],[106.01711,22.35589],[106.01517,22.35445],[106.01427,22.3543],[106.01233,22.35283],[106.01051,22.35435],[106.00948,22.3543],[106.00867,22.35317],[106.00768,22.35266],[106.00526,22.35208],[106.00236,22.35067],[106.00189,22.35084],[105.99998,22.35011],[105.99551,22.34969],[105.99308,22.34793],[105.99059,22.34785],[105.98877,22.34816],[105.98612,22.34902],[105.98267,22.34915],[105.97868,22.35072],[105.9767,22.35239],[105.97571,22.35562],[105.97497,22.35637],[105.9698,22.35853],[105.96814,22.36061],[105.96619,22.36102],[105.96538,22.36318],[105.9643,22.3643],[105.96234,22.36517],[105.96121,22.36632],[105.95936,22.36643],[105.95648,22.36589],[105.95449,22.36627],[105.95336,22.36569],[105.95129,22.36517],[105.94935,22.36438],[105.94767,22.36533],[105.94714,22.36642]]]},"properties":{"a01_tinh":"diaphanhanhchinhcaptinh_sn.101","a02_xa":"diaphanhanhchinhcapxa_2025.1175","a03_ten":"Xã Hiệp Lực","a04_tentinh":"Tỉnh Thái Nguyên","a05_truocsn":"Xã Thuần Mang, Xã Hiệp Lực","a06_trungtamhc":"Trụ sở Đảng ủy, HĐND, UBND xã Hiệp Lực","a07_dt":"105.02","a08_ds":"7317","a09_dthoai":null,"a10_web":null,"ten":"Xã Hiệp Lực","ma":"01960","tentinh":"Tỉnh Thái Nguyên","truocsapnhap":"Xã Thuần Mang, Xã Hiệp Lực","dientichkm2":null,"dansonguoi":null},"id":"diaphanhanhchinhcapxa_2025.1175"},
{"type":"Feature","geometry":{"type":"Polygon","coordinates":[[[105.67072,21.79754],[105.66893,21.79636],[105.66748,21.79645],[105.66529,21.79716],[105.66333,21.7986],[105.66261,21.79798],[105.6615,21.8018],[105.65988,21.80295],[105.65869,21.80453],[105.65751,21.80512],[105.6569,21.80688],[105.65537,21.80673],[105.65241,21.8071],[105.64991,21.80622],[105.64798,21.80665],[105.64665,21.80479],[105.64627,21.80297],[105.64502,21.80313],[105.643,21.80409],[105.64205,21.80387],[105.64099,21.80265],[105.641,21.80187],[105.63997,21.80147],[105.63992,21.79956],[105.63794,21.79628],[105.63743,21.7946],[105.63609,21.79403],[105.63418,21.79381],[105.63361,21.79235],[105.6302,21.79293],[105.62859,21.79233],[105.62648,21.78722],[105.6264,21.78417],[105.62599,21.78361],[105.62607,21.78102],[105.62582,21.7792],[105.62535,21.77851],[105.62604,21.77685],[105.62443,21.77639],[105.62364,21.77442],[105.62457,21.77246],[105.62423,21.77155],[105.62508,21.77041],[105.62689,21.77056],[105.62776,21.76955],[105.62964,21.77069],[105.63299,21.76955],[105.63258,21.76723],[105.6343,21.76566],[105.63586,21.76604],[105.63684,21.76389],[105.63682,21.7631],[105.63821,21.76267],[105.63847,21.76191],[105.63782,21.76033],[105.63923,21.75945],[105.64034,21.7592],[105.64034,21.75788],[105.63961,21.75642],[105.64002,21.75522],[105.64171,21.75352],[105.64182,21.75149],[105.64385,21.74983],[105.64404,21.74709],[105.64292,21.74569],[105.64197,21.74368],[105.64193,21.74263],[105.64309,21.74212],[105.64432,21.73837],[105.64217,21.7376],[105.64222,21.73581],[105.641,21.73522],[105.64126,21.73391],[105.64357,21.73426],[105.644,21.73248],[105.64339,21.73007],[105.64268,21.7291],[105.64336,21.72345],[105.64378,21.72165],[105.64569,21.72356],[105.64657,21.72505],[105.64898,21.72639],[105.65154,21.72711],[105.65191,21.72771],[105.65446,21.7281],[105.6555,21.72772],[105.65772,21.72844],[105.6589,21.72854],[105.66048,21.72946],[105.66178,21.73113],[105.66386,21.7326],[105.66471,21.73459],[105.66581,21.73511],[105.66742,21.73461],[105.66935,21.73448],[105.67242,21.73504],[105.67342,21.73491],[105.67398,21.73681],[105.67585,21.73681],[105.67749,21.73752],[105.68139,21.74154],[105.68219,21.74185],[105.68264,21.74327],[105.6844,21.744],[105.68612,21.74416],[105.68714,21.7427],[105.68968,21.74159],[105.68973,21.73968],[105.69228,21.74053],[105.69326,21.7414],[105.69437,21.74171],[105.69415,21.74265],[105.69468,21.74383],[105.69395,21.74708],[105.69272,21.74817],[105.69264,21.74992],[105.69176,21.75028],[105.69179,21.75216],[105.69098,21.75259],[105.69131,21.75409],[105.69314,21.75401],[105.69439,21.75495],[105.69606,21.75513],[105.6972,21.75666],[105.69585,21.75816],[105.69314,21.75843],[105.69057,21.75792],[105.68999,21.75917],[105.68921,21.7598],[105.68844,21.76122],[105.68853,21.76193],[105.68764,21.76277],[105.68758,21.76519],[105.6879,21.76716],[105.68952,21.7697],[105.68917,21.77064],[105.68934,21.77211],[105.69132,21.77371],[105.69181,21.77515],[105.69167,21.77721],[105.69109,21.77826],[105.68986,21.77905],[105.68992,21.78028],[105.68868,21.78166],[105.6889,21.78283],[105.68732,21.78355],[105.68619,21.78356],[105.68584,21.78438],[105.68631,21.78559],[105.68729,21.7858],[105.68663,21.78888],[105.68755,21.78942],[105.68702,21.79048],[105.68563,21.79087],[105.68354,21.79013],[105.68037,21.79067],[105.67824,21.79175],[105.67759,21.79172],[105.67518,21.7935],[105.67337,21.79449],[105.67103,21.79506],[105.67137,21.79613],[105.67072,21.79754]]]},"properties":{"a01_tinh":"diaphanhanhchinhcaptinh_sn.101","a02_xa":"diaphanhanhchinhcapxa_2025.1209","a03_ten":"Xã Hợp Thành","a04_tentinh":"Tỉnh Thái Nguyên","a05_truocsn":"Xã Ôn Lương, Xã Phủ Lý, Xã Hợp Thành","a06_trungtamhc":"Trụ sở Đảng ủy, HĐND, UBND xã Phủ Lý","a07_dt":"41.2","a08_ds":"10828","a09_dthoai":null,"a10_web":null,"ten":"Xã Hợp Thành","ma":"05632","tentinh":"Tỉnh Thái Nguyên","truocsapnhap":"Xã Ôn Lương, Xã Phủ Lý, Xã Hợp Thành","dientichkm2":null,"dansonguoi":null},"id":"diaphanhanhchinhcapxa_2025.1209"},
{"type":"Feature","geometry":{"type":"Polygon","coordinates":[[[106.04094,21.47254],[106.03786,21.47277],[106.03774,21.47357],[106.03486,21.47309],[106.03368,21.4723],[106.03397,21.47113],[106.03267,21.46992],[106.03267,21.4674],[106.03187,21.46609],[106.03154,21.46451],[106.03031,21.46491],[106.0291,21.46475],[106.02899,21.46397],[106.02752,21.46248],[106.02654,21.46259],[106.02559,21.46173],[106.02562,21.46103],[106.02366,21.46012],[106.02277,21.4592],[106.02021,21.45862],[106.01896,21.4581],[106.01769,21.45702],[106.01685,21.45475],[106.01581,21.45477],[106.01591,21.45344],[106.01665,21.4512],[106.01605,21.44997],[106.01727,21.44879],[106.01572,21.44793],[106.01114,21.44863],[106.00718,21.44944],[106.00593,21.45003],[106.0039,21.45194],[105.99993,21.45291],[105.99877,21.45394],[105.99704,21.45654],[105.99692,21.45479],[105.9957,21.45223],[105.9937,21.44957],[105.99218,21.44877],[105.9915,21.44762],[105.99048,21.44768],[105.98879,21.44844],[105.98612,21.44875],[105.98427,21.44852],[105.9832,21.44798],[105.98106,21.44563],[105.97852,21.44557],[105.97857,21.44395],[105.97541,21.44242],[105.9744,21.44255],[105.97333,21.44397],[105.97178,21.44456],[105.97139,21.44395],[105.96974,21.44453],[105.96934,21.44516],[105.96776,21.44565],[105.96577,21.4448],[105.9646,21.44546],[105.96203,21.4406],[105.96001,21.43741],[105.96121,21.43623],[105.96233,21.43636],[105.9646,21.4359],[105.96556,21.4341],[105.96568,21.43315],[105.9669,21.43225],[105.96769,21.43115],[105.96709,21.42926],[105.96787,21.42864],[105.96845,21.42565],[105.96969,21.42502],[105.97019,21.42304],[105.97185,21.42273],[105.97274,21.42146],[105.97252,21.41992],[105.97473,21.41906],[105.97557,21.41811],[105.97703,21.41757],[105.97717,21.41655],[105.97816,21.41628],[105.97936,21.41411],[105.98259,21.41332],[105.98366,21.4127],[105.98488,21.41095],[105.98644,21.4138],[105.98806,21.41262],[105.99087,21.41177],[105.99073,21.40975],[105.99296,21.4091],[105.99358,21.40859],[105.99562,21.40829],[105.99658,21.40638],[105.99587,21.40596],[105.99603,21.40484],[105.99721,21.40282],[105.99898,21.40277],[105.9997,21.40377],[105.99984,21.405],[106.00277,21.40632],[106.00512,21.40599],[106.00593,21.40506],[106.00694,21.40544],[106.00939,21.40559],[106.00988,21.40427],[106.0117,21.40384],[106.01309,21.40282],[106.01613,21.40331],[106.01686,21.40277],[106.01798,21.40294],[106.01959,21.40255],[106.01985,21.40172],[106.01876,21.39938],[106.01954,21.39734],[106.01918,21.39597],[106.02206,21.39493],[106.02304,21.39423],[106.02339,21.39322],[106.02302,21.39224],[106.02619,21.3924],[106.026,21.39466],[106.02932,21.39412],[106.02831,21.39634],[106.02767,21.39654],[106.02795,21.39864],[106.02894,21.40019],[106.02855,21.40104],[106.03047,21.40327],[106.03026,21.40563],[106.03094,21.40716],[106.03206,21.40736],[106.03209,21.40824],[106.03334,21.4084],[106.03401,21.41068],[106.03355,21.41216],[106.03272,21.41303],[106.03325,21.41459],[106.03315,21.41564],[106.03213,21.41629],[106.0324,21.41729],[106.03221,21.41947],[106.0325,21.42081],[106.0312,21.42202],[106.03163,21.42384],[106.03101,21.42529],[106.02942,21.4268],[106.02828,21.427],[106.02818,21.42842],[106.027,21.4285],[106.02557,21.43118],[106.02666,21.4334],[106.02681,21.43521],[106.02659,21.4366],[106.02788,21.43715],[106.03032,21.43737],[106.03252,21.43828],[106.03418,21.43837],[106.03476,21.43946],[106.0369,21.43947],[106.03708,21.43869],[106.03816,21.43817],[106.03869,21.43978],[106.04017,21.43928],[106.04049,21.44044],[106.04151,21.4405],[106.04195,21.44138],[106.04297,21.44121],[106.0456,21.44149],[106.04609,21.44328],[106.04705,21.44378],[106.04662,21.44475],[106.04724,21.44774],[106.04866,21.44985],[106.04902,21.45106],[106.04845,21.45284],[106.04851,21.45431],[106.04988,21.45438],[106.05015,21.45532],[106.0495,21.45623],[106.05078,21.45693],[106.05061,21.45897],[106.05153,21.45952],[106.0509,21.46078],[106.04832,21.46094],[106.04674,21.46392],[106.04576,21.46307],[106.04374,21.46421],[106.04323,21.46596],[106.04195,21.46691],[106.04209,21.46922],[106.04132,21.47069],[106.04161,21.47152],[106.04094,21.47254]]]},"properties":{"a01_tinh":"diaphanhanhchinhcaptinh_sn.101","a02_xa":"diaphanhanhchinhcapxa_2025.1239","a03_ten":"Xã Kha Sơn","a04_tentinh":"Tỉnh Thái Nguyên","a05_truocsn":"Xã Lương Phú, Xã Tân Đức, Xã Thanh Ninh, Xã Dương Thành, Xã Kha Sơn","a06_trungtamhc":"Trụ sở Đảng ủy, HĐND, UBND xã Phú Lương","a07_dt":"37.85","a08_ds":"4224","a09_dthoai":null,"a10_web":null,"ten":"Xã Kha Sơn","ma":"05953","tentinh":"Tỉnh Thái Nguyên","truocsapnhap":"Xã Lương Phú, Xã Tân Đức, Xã Thanh Ninh, Xã Dương Thành, Xã Kha Sơn","dientichkm2":null,"dansonguoi":null},"id":"diaphanhanhchinhcapxa_2025.1239"},
{"type":"Feature","geometry":{"type":"Polygon","coordinates":[[[105.64552,22.00125],[105.64382,22.00186],[105.64397,22.00431],[105.64261,22.00498],[105.64144,22.00633],[105.63439,22.005],[105.63212,22.0076],[105.62993,22.01722],[105.62958,22.01735],[105.62794,22.01705],[105.62457,22.01698],[105.62078,22.01849],[105.61948,22.01706],[105.61821,22.0142],[105.61714,22.01367],[105.6165,22.01249],[105.61431,22.01339],[105.61292,22.01364],[105.61087,22.01188],[105.60776,22.01112],[105.60721,22.01149],[105.60686,22.0118],[105.60494,22.01222],[105.60453,22.01245],[105.6018,22.01409],[105.60059,22.01258],[105.60114,22.011],[105.59892,22.01007],[105.59683,22.00866],[105.59274,22.0077],[105.59043,22.0086],[105.58973,22.00715],[105.58824,22.00576],[105.58828,22.00494],[105.58691,22.00327],[105.58688,22.00179],[105.58581,22.00105],[105.58579,21.99903],[105.58613,21.99772],[105.58479,21.9976],[105.58376,21.99524],[105.58262,21.99435],[105.58311,21.99342],[105.58299,21.99141],[105.58176,21.99031],[105.58155,21.98838],[105.58051,21.98654],[105.57956,21.98559],[105.57933,21.98349],[105.58209,21.98101],[105.58099,21.98001],[105.58062,21.97892],[105.57811,21.97736],[105.57789,21.97478],[105.57894,21.9728],[105.57907,21.97084],[105.57985,21.96958],[105.58091,21.96917],[105.5815,21.96793],[105.58141,21.96604],[105.58003,21.96567],[105.5796,21.96493],[105.5795,21.9625],[105.57809,21.96073],[105.57743,21.95827],[105.57554,21.95767],[105.57681,21.95597],[105.57714,21.95433],[105.57947,21.95068],[105.57995,21.9491],[105.58011,21.94719],[105.58081,21.94515],[105.58258,21.94552],[105.58465,21.94507],[105.58678,21.94279],[105.58798,21.94209],[105.58991,21.9415],[105.59163,21.9396],[105.59323,21.93917],[105.59614,21.93975],[105.59758,21.94134],[105.59896,21.94177],[105.60372,21.93984],[105.60522,21.94126],[105.60689,21.94229],[105.60908,21.94119],[105.61098,21.94059],[105.61081,21.93818],[105.61309,21.93435],[105.61492,21.93304],[105.61601,21.9331],[105.61776,21.93262],[105.61853,21.9314],[105.62001,21.9313],[105.62171,21.92924],[105.6238,21.92834],[105.62455,21.92693],[105.6263,21.9269],[105.6267,21.92513],[105.62767,21.92434],[105.63074,21.92377],[105.63237,21.9217],[105.63554,21.92012],[105.63592,21.91872],[105.63657,21.91823],[105.63749,21.91933],[105.63846,21.91955],[105.63999,21.92106],[105.64572,21.92313],[105.64704,21.92142],[105.64652,21.92011],[105.64858,21.91936],[105.65023,21.91926],[105.65124,21.91819],[105.65244,21.91778],[105.65231,21.91635],[105.65343,21.91614],[105.65491,21.91431],[105.6565,21.91421],[105.65715,21.91351],[105.65899,21.9132],[105.65981,21.91494],[105.65958,21.91579],[105.66035,21.91758],[105.66164,21.9193],[105.66168,21.9201],[105.66266,21.92194],[105.66422,21.92385],[105.66442,21.92502],[105.66608,21.92732],[105.66728,21.92827],[105.66799,21.93361],[105.67365,21.9358],[105.67478,21.93798],[105.67563,21.93864],[105.67534,21.93964],[105.67585,21.94141],[105.67686,21.94282],[105.67656,21.94435],[105.67676,21.94562],[105.67492,21.94733],[105.67305,21.9478],[105.67129,21.9498],[105.67092,21.95141],[105.66906,21.95479],[105.66871,21.95652],[105.66658,21.95699],[105.66546,21.95768],[105.66523,21.9585],[105.66576,21.96073],[105.66544,21.96164],[105.66715,21.96659],[105.66645,21.96859],[105.66529,21.96901],[105.66395,21.97033],[105.66698,21.97056],[105.66668,21.97226],[105.66726,21.97349],[105.66843,21.97349],[105.66859,21.97437],[105.66962,21.97586],[105.67026,21.97903],[105.67107,21.97947],[105.67099,21.98058],[105.67188,21.98327],[105.67182,21.9866],[105.67201,21.98819],[105.66893,21.98783],[105.66328,21.98871],[105.66156,21.98975],[105.65947,21.98748],[105.65839,21.98771],[105.65521,21.99049],[105.65312,21.99297],[105.65345,21.99627],[105.65379,21.99748],[105.65343,21.9995],[105.64701,21.99973],[105.64552,22.00125]]]},"properties":{"a01_tinh":"diaphanhanhchinhcaptinh_sn.101","a02_xa":"diaphanhanhchinhcapxa_2025.1216","a03_ten":"Xã Kim Phượng","a04_tentinh":"Tỉnh Thái Nguyên","a05_truocsn":"Xã Quy Kỳ, Xã Kim Phượng","a06_trungtamhc":"Trụ sở Đảng ủy, HĐND, UBND xã Kim Phượng","a07_dt":"78.61","a08_ds":"11104","a09_dthoai":null,"a10_web":null,"ten":"Xã Kim Phượng","ma":"05551","tentinh":"Tỉnh Thái Nguyên","truocsapnhap":"Xã Quy Kỳ, Xã Kim Phượng","dientichkm2":null,"dansonguoi":null},"id":"diaphanhanhchinhcapxa_2025.1216"},
{"type":"Feature","geometry":{"type":"Polygon","coordinates":[[[105.64573,21.66314],[105.64468,21.66458],[105.64042,21.66669],[105.63934,21.66625],[105.63769,21.66723],[105.63698,21.66713],[105.63239,21.66877],[105.63158,21.6679],[105.63163,21.66652],[105.63013,21.66653],[105.629,21.66587],[105.62895,21.66481],[105.62825,21.66414],[105.62755,21.66205],[105.62584,21.66105],[105.62321,21.66141],[105.62291,21.6606],[105.62074,21.65919],[105.62066,21.658],[105.6214,21.65635],[105.61936,21.65538],[105.61879,21.65426],[105.61909,21.65304],[105.61827,21.65262],[105.61779,21.65047],[105.61652,21.65027],[105.61563,21.6511],[105.61503,21.65048],[105.61204,21.65051],[105.61015,21.64932],[105.60928,21.64669],[105.60867,21.64627],[105.60658,21.64777],[105.60293,21.64854],[105.59889,21.64792],[105.59766,21.64833],[105.59426,21.64775],[105.59177,21.64709],[105.59058,21.64617],[105.58961,21.64462],[105.58818,21.64485],[105.58662,21.64432],[105.58576,21.64458],[105.58424,21.64349],[105.58166,21.64212],[105.58099,21.64255],[105.57958,21.64128],[105.57741,21.64188],[105.57625,21.64356],[105.57533,21.64405],[105.57649,21.64589],[105.57781,21.64668],[105.57841,21.64769],[105.57789,21.64876],[105.57673,21.64846],[105.57675,21.65026],[105.57488,21.65193],[105.57352,21.65245],[105.5703,21.65443],[105.56667,21.65454],[105.56481,21.65386],[105.56191,21.65243],[105.56003,21.6513],[105.5598,21.65078],[105.55799,21.65004],[105.55624,21.64984],[105.55506,21.65171],[105.55331,21.65113],[105.55309,21.65061],[105.5511,21.6499],[105.55087,21.64858],[105.549,21.64855],[105.54739,21.64944],[105.54655,21.64933],[105.54231,21.64729],[105.53867,21.64386],[105.53823,21.64272],[105.53514,21.63994],[105.53281,21.63834],[105.53075,21.63805],[105.52846,21.63588],[105.52666,21.63462],[105.52615,21.63205],[105.52571,21.63126],[105.52205,21.62881],[105.52034,21.62856],[105.51677,21.62874],[105.51226,21.62817],[105.50659,21.62925],[105.50472,21.62905],[105.5024,21.62973],[105.50129,21.63039],[105.49869,21.62619],[105.49866,21.6253],[105.49789,21.62402],[105.49798,21.622],[105.49772,21.62025],[105.49648,21.61827],[105.49708,21.61792],[105.49921,21.61551],[105.50016,21.61411],[105.50188,21.61323],[105.50431,21.61284],[105.50525,21.6114],[105.50711,21.61056],[105.50715,21.60952],[105.5082,21.60805],[105.50984,21.60632],[105.50994,21.60443],[105.51148,21.60394],[105.51382,21.60263],[105.51465,21.6016],[105.51533,21.60001],[105.51623,21.59885],[105.51753,21.59855],[105.51891,21.59691],[105.51942,21.59454],[105.52016,21.5926],[105.52129,21.59195],[105.52264,21.59062],[105.52425,21.58818],[105.52533,21.58497],[105.52665,21.58215],[105.52738,21.58239],[105.53008,21.58211],[105.53094,21.58227],[105.53656,21.58172],[105.53732,21.57966],[105.53853,21.57801],[105.54089,21.57605],[105.54241,21.57396],[105.54428,21.57327],[105.54952,21.57282],[105.5516,21.5737],[105.5527,21.57375],[105.55369,21.57555],[105.55379,21.57747],[105.55375,21.57797],[105.55379,21.58084],[105.5536,21.58139],[105.55378,21.58198],[105.55474,21.58359],[105.5562,21.58549],[105.55693,21.58711],[105.55711,21.58728],[105.55746,21.58768],[105.55772,21.58898],[105.5585,21.58997],[105.56167,21.59128],[105.56197,21.59149],[105.56317,21.59266],[105.56356,21.59287],[105.5663,21.59314],[105.56778,21.59352],[105.56845,21.59501],[105.56916,21.59548],[105.56953,21.59604],[105.57012,21.59717],[105.57043,21.59738],[105.57066,21.59761],[105.57116,21.5983],[105.5743,21.59845],[105.57426,21.59924],[105.57321,21.60104],[105.57452,21.60381],[105.57479,21.60404],[105.5755,21.60426],[105.5762,21.60466],[105.57663,21.60494],[105.57683,21.60511],[105.57696,21.60532],[105.57527,21.60847],[105.57542,21.60882],[105.57586,21.61149],[105.57624,21.61174],[105.57727,21.61215],[105.57765,21.6129],[105.57771,21.61535],[105.57812,21.61626],[105.58059,21.61891],[105.58133,21.6202],[105.58326,21.62069],[105.58519,21.62245],[105.5834,21.62433],[105.58305,21.62529],[105.58666,21.62548],[105.58768,21.62625],[105.58833,21.62571],[105.59035,21.62547],[105.59224,21.62461],[105.5941,21.62508],[105.59434,21.62525],[105.59537,21.62611],[105.59555,21.62631],[105.59568,21.62649],[105.59579,21.62669],[105.59595,21.62708],[105.59626,21.62785],[105.5964,21.62806],[105.59788,21.62887],[105.59821,21.62894],[105.60338,21.62883],[105.60453,21.62973],[105.60626,21.62957],[105.60721,21.63004],[105.6076,21.63029],[105.60794,21.63046],[105.6106,21.63097],[105.61076,21.63101],[105.6117,21.63158],[105.61214,21.63179],[105.61556,21.63194],[105.61715,21.63359],[105.61742,21.63392],[105.61749,21.63412],[105.61876,21.63422],[105.62031,21.63379],[105.62115,21.63217],[105.62248,21.63162],[105.62418,21.63145],[105.62621,21.63251],[105.62833,21.63184],[105.62992,21.6326],[105.63091,21.63452],[105.63171,21.63511],[105.6331,21.63703],[105.63422,21.63929],[105.63554,21.64031],[105.63501,21.6416],[105.63575,21.6436],[105.63497,21.64441],[105.635,21.64583],[105.63576,21.64772],[105.63483,21.64846],[105.63538,21.65207],[105.63705,21.65323],[105.63758,21.65516],[105.63856,21.65668],[105.63811,21.6584],[105.63838,21.65956],[105.641,21.66049],[105.64123,21.66123],[105.64297,21.66178],[105.64365,21.66298],[105.64573,21.66314]]]},"properties":{"a01_tinh":"diaphanhanhchinhcaptinh_sn.101","a02_xa":"diaphanhanhchinhcapxa_2025.1196","a03_ten":"Xã La Bằng","a04_tentinh":"Tỉnh Thái Nguyên","a05_truocsn":"Xã Hoàng Nông, Xã Tiên Hội, Xã La Bằng","a06_trungtamhc":"Trụ sở Đảng ủy, HĐND, UBND xã Hoàng Nông","a07_dt":"60.84","a08_ds":"18237","a09_dthoai":null,"a10_web":null,"ten":"Xã La Bằng","ma":"05818","tentinh":"Tỉnh Thái Nguyên","truocsapnhap":"Xã Hoàng Nông, Xã Tiên Hội, Xã La Bằng","dientichkm2":null,"dansonguoi":null},"id":"diaphanhanhchinhcapxa_2025.1196"},
{"type":"Feature","geometry":{"type":"Polygon","coordinates":[[[106.01475,21.76438],[106.01238,21.76551],[106.01019,21.76824],[106.00766,21.76982],[106.00607,21.76942],[106.00519,21.77036],[106.00555,21.77184],[106.00539,21.774],[106.00361,21.7755],[106.0028,21.77544],[106.00121,21.77633],[105.99852,21.78],[105.99592,21.78396],[105.99456,21.78342],[105.99448,21.78246],[105.99368,21.78191],[105.99278,21.78],[105.992,21.77962],[105.9886,21.78029],[105.98613,21.78181],[105.9849,21.78178],[105.98416,21.7832],[105.98325,21.7824],[105.98113,21.78454],[105.98034,21.78597],[105.97988,21.78791],[105.97974,21.79065],[105.97836,21.79276],[105.97626,21.79372],[105.97539,21.7938],[105.97272,21.79666],[105.97283,21.79526],[105.97135,21.79292],[105.97001,21.79264],[105.96779,21.7914],[105.9663,21.7914],[105.96556,21.79],[105.96451,21.78963],[105.96265,21.78961],[105.96181,21.78745],[105.96014,21.78638],[105.95855,21.78637],[105.95656,21.78686],[105.95068,21.78384],[105.94987,21.78317],[105.94884,21.78321],[105.94823,21.78252],[105.94614,21.78213],[105.94223,21.78013],[105.94019,21.78072],[105.93889,21.78235],[105.937,21.78041],[105.93703,21.77944],[105.93566,21.77845],[105.93541,21.77774],[105.93167,21.77613],[105.92977,21.77625],[105.92812,21.77552],[105.92775,21.77286],[105.9288,21.76863],[105.92734,21.76431],[105.92837,21.75822],[105.92663,21.75731],[105.92459,21.75672],[105.92272,21.7569],[105.92293,21.75035],[105.9217,21.74902],[105.92038,21.74673],[105.91935,21.74603],[105.91934,21.74389],[105.9181,21.74182],[105.91644,21.74031],[105.9156,21.74013],[105.91391,21.73888],[105.91334,21.73794],[105.91372,21.73654],[105.9134,21.73424],[105.91272,21.73381],[105.91253,21.72982],[105.91074,21.7291],[105.90929,21.72953],[105.90626,21.72927],[105.90412,21.73019],[105.90332,21.73015],[105.90132,21.72913],[105.90014,21.72885],[105.89785,21.72762],[105.8948,21.72807],[105.89347,21.72745],[105.89311,21.72268],[105.89273,21.72092],[105.89297,21.72011],[105.89637,21.71829],[105.89722,21.71807],[105.89786,21.71586],[105.89593,21.71559],[105.8944,21.71468],[105.89394,21.71361],[105.89275,21.71297],[105.89171,21.71314],[105.88946,21.71247],[105.8863,21.70638],[105.88947,21.70615],[105.89218,21.7052],[105.89391,21.70533],[105.89564,21.70459],[105.89598,21.70228],[105.89417,21.70177],[105.89433,21.70019],[105.89503,21.69948],[105.89642,21.69913],[105.89686,21.69798],[105.89674,21.69604],[105.89733,21.69378],[105.89912,21.69398],[105.90031,21.6937],[105.90065,21.69086],[105.90442,21.69149],[105.90739,21.69244],[105.9087,21.69314],[105.91155,21.69325],[105.91261,21.69301],[105.91493,21.6946],[105.91736,21.69383],[105.91857,21.6937],[105.9211,21.69398],[105.92346,21.69469],[105.92914,21.69533],[105.93138,21.69569],[105.93346,21.69495],[105.93364,21.69539],[105.93606,21.69736],[105.936,21.69888],[105.93642,21.69966],[105.93518,21.70186],[105.93763,21.7027],[105.94125,21.7025],[105.9452,21.7034],[105.9489,21.70477],[105.95166,21.70494],[105.95213,21.7063],[105.95446,21.70708],[105.95522,21.70786],[105.95729,21.70815],[105.95864,21.70875],[105.9593,21.70809],[105.96147,21.70875],[105.96234,21.70801],[105.96413,21.70836],[105.96821,21.70818],[105.97024,21.70913],[105.97171,21.70876],[105.97504,21.71042],[105.97574,21.71482],[105.97521,21.71783],[105.97361,21.72049],[105.97518,21.7222],[105.97348,21.72566],[105.97316,21.72811],[105.97326,21.73154],[105.97124,21.73407],[105.96921,21.73763],[105.97124,21.73879],[105.97519,21.74271],[105.97654,21.74359],[105.97744,21.74519],[105.97959,21.74631],[105.98092,21.74657],[105.98138,21.74757],[105.98407,21.74719],[105.98518,21.74663],[105.98555,21.74559],[105.98684,21.74478],[105.98866,21.74561],[105.98914,21.74656],[105.99091,21.74762],[105.99281,21.74723],[105.99338,21.74749],[105.99541,21.74993],[105.99619,21.75126],[106.00057,21.75518],[106.00206,21.75774],[106.00295,21.75835],[106.00322,21.7603],[106.00494,21.76108],[106.00545,21.76296],[106.00685,21.76367],[106.00973,21.76399],[106.0109,21.76382],[106.01206,21.76306],[106.01475,21.76438]]]},"properties":{"a01_tinh":"diaphanhanhchinhcaptinh_sn.101","a02_xa":"diaphanhanhchinhcapxa_2025.1221","a03_ten":"Xã La Hiên","a04_tentinh":"Tỉnh Thái Nguyên","a05_truocsn":"Xã Cúc Đường, Xã La Hiên","a06_trungtamhc":"Trụ sở Đảng ủy, HĐND, UBND xã La Hiên","a07_dt":"71.55","a08_ds":"12269","a09_dthoai":null,"a10_web":null,"ten":"Xã La Hiên","ma":"05740","tentinh":"Tỉnh Thái Nguyên","truocsapnhap":"Xã Cúc Đường, Xã La Hiên","dientichkm2":null,"dansonguoi":null},"id":"diaphanhanhchinhcapxa_2025.1221"},
{"type":"Feature","geometry":{"type":"Polygon","coordinates":[[[105.62993,22.01722],[105.63212,22.0076],[105.63439,22.005],[105.64144,22.00633],[105.64261,22.00498],[105.64397,22.00431],[105.64382,22.00186],[105.64552,22.00125],[105.64701,21.99973],[105.65343,21.9995],[105.65379,21.99748],[105.65345,21.99627],[105.65312,21.99297],[105.65521,21.99049],[105.65839,21.98771],[105.65947,21.98748],[105.66156,21.98975],[105.66328,21.98871],[105.66893,21.98783],[105.67201,21.98819],[105.67182,21.9866],[105.67188,21.98327],[105.67099,21.98058],[105.67107,21.97947],[105.67026,21.97903],[105.66962,21.97586],[105.66859,21.97437],[105.66843,21.97349],[105.66726,21.97349],[105.66668,21.97226],[105.66698,21.97056],[105.66395,21.97033],[105.66529,21.96901],[105.66645,21.96859],[105.66715,21.96659],[105.66544,21.96164],[105.66576,21.96073],[105.66523,21.9585],[105.66546,21.95768],[105.66658,21.95699],[105.66871,21.95652],[105.66906,21.95479],[105.67092,21.95141],[105.67129,21.9498],[105.67305,21.9478],[105.67492,21.94733],[105.67676,21.94562],[105.67747,21.94741],[105.67887,21.94872],[105.68115,21.95179],[105.68229,21.95121],[105.68294,21.95161],[105.68464,21.95082],[105.68464,21.94952],[105.68517,21.94844],[105.68745,21.94942],[105.68884,21.94949],[105.68938,21.95059],[105.69157,21.95288],[105.69323,21.95239],[105.69609,21.95394],[105.69555,21.95462],[105.69531,21.9561],[105.69832,21.95665],[105.69885,21.95548],[105.69854,21.95441],[105.70003,21.9542],[105.70115,21.95471],[105.7022,21.95397],[105.70194,21.95257],[105.70341,21.9527],[105.70452,21.95216],[105.70954,21.95137],[105.71107,21.95062],[105.71267,21.95173],[105.7141,21.9536],[105.71502,21.95375],[105.71544,21.95586],[105.71633,21.95623],[105.71766,21.95561],[105.71977,21.95587],[105.72008,21.95662],[105.71976,21.96707],[105.72159,21.96912],[105.72339,21.96988],[105.7281,21.97312],[105.73034,21.97621],[105.72991,21.97719],[105.72988,21.97869],[105.73271,21.97941],[105.73251,21.98094],[105.73303,21.98187],[105.73468,21.98208],[105.73634,21.98459],[105.7385,21.98505],[105.73912,21.9861],[105.73961,21.98835],[105.74139,21.99009],[105.74222,21.99048],[105.74175,21.99257],[105.74065,21.99362],[105.73996,21.99527],[105.7401,21.99688],[105.73976,21.99824],[105.74155,21.99962],[105.74119,22.00169],[105.74139,22.00328],[105.74235,22.00324],[105.74285,22.00525],[105.74375,22.0064],[105.74483,22.00701],[105.74525,22.00865],[105.74515,22.00988],[105.74658,22.01069],[105.74703,22.01328],[105.7471,22.0145],[105.74524,22.01661],[105.74376,22.01674],[105.73972,22.01875],[105.7372,22.01857],[105.73694,22.01711],[105.73574,22.01605],[105.73418,22.01626],[105.73134,22.01541],[105.7289,22.01821],[105.7283,22.01919],[105.72787,22.02133],[105.72637,22.0214],[105.72508,22.02306],[105.72325,22.02471],[105.72264,22.02602],[105.72073,22.02552],[105.72074,22.02437],[105.71913,22.02372],[105.71661,22.02213],[105.71371,22.02159],[105.7079,22.02264],[105.70513,22.02561],[105.70264,22.02708],[105.69871,22.0298],[105.69719,22.03108],[105.69698,22.03382],[105.69638,22.03588],[105.69487,22.03786],[105.69274,22.03933],[105.6894,22.04069],[105.68741,22.0409],[105.68419,22.04241],[105.68286,22.04389],[105.68157,22.04459],[105.68031,22.04423],[105.67777,22.04497],[105.67404,22.04743],[105.67273,22.04791],[105.6685,22.04752],[105.66784,22.04649],[105.66843,22.04368],[105.66712,22.04257],[105.66589,22.04226],[105.66552,22.04112],[105.66371,22.03995],[105.66321,22.03601],[105.66226,22.03451],[105.66074,22.03318],[105.66114,22.03141],[105.6601,22.02946],[105.65838,22.02962],[105.65518,22.02724],[105.65333,22.02488],[105.65073,22.02536],[105.64898,22.02473],[105.64756,22.0251],[105.64622,22.02482],[105.64434,22.02576],[105.64261,22.02592],[105.64078,22.02673],[105.63977,22.02559],[105.63867,22.02523],[105.63846,22.02395],[105.63744,22.02239],[105.6374,22.02127],[105.63534,22.0212],[105.63614,22.01917],[105.63605,22.01798],[105.63347,22.01709],[105.63128,22.01684],[105.63027,22.01709],[105.62993,22.01722]]]},"properties":{"a01_tinh":"diaphanhanhchinhcaptinh_sn.101","a02_xa":"diaphanhanhchinhcapxa_2025.1215","a03_ten":"Xã Lam Vỹ","a04_tentinh":"Tỉnh Thái Nguyên","a05_truocsn":"Xã Linh Thông, Xã Lam Vỹ","a06_trungtamhc":"Trụ sở Đảng ủy, HĐND, UBND xã Lam Vỹ","a07_dt":"71.42","a08_ds":"8073","a09_dthoai":null,"a10_web":null,"ten":"Xã Lam Vỹ","ma":"05542","tentinh":"Tỉnh Thái Nguyên","truocsapnhap":"Xã Linh Thông, Xã Lam Vỹ","dientichkm2":null,"dansonguoi":null},"id":"diaphanhanhchinhcapxa_2025.1215"},
{"type":"Feature","geometry":{"type":"Polygon","coordinates":[[[105.95181,22.3995],[105.9499,22.39927],[105.94857,22.39863],[105.94717,22.39973],[105.94287,22.40005],[105.9419,22.40132],[105.94241,22.4023],[105.94455,22.40321],[105.9457,22.40416],[105.9463,22.40596],[105.94741,22.40712],[105.94751,22.40797],[105.94857,22.40921],[105.94831,22.41045],[105.9486,22.41159],[105.94747,22.41277],[105.94749,22.41399],[105.94639,22.4176],[105.94724,22.41973],[105.94673,22.42076],[105.94682,22.42223],[105.94767,22.42371],[105.94801,22.42652],[105.94879,22.42742],[105.95017,22.42821],[105.95012,22.42947],[105.94902,22.43297],[105.94823,22.43384],[105.94868,22.43493],[105.94855,22.43705],[105.9491,22.43747],[105.94849,22.43906],[105.94724,22.44051],[105.94496,22.44109],[105.94367,22.44227],[105.94627,22.44328],[105.94738,22.44395],[105.94445,22.44443],[105.94007,22.44765],[105.9361,22.44889],[105.93323,22.45008],[105.93259,22.45078],[105.93074,22.45141],[105.92832,22.45133],[105.92698,22.45226],[105.92614,22.45147],[105.92423,22.4506],[105.9222,22.45157],[105.9206,22.45265],[105.9182,22.45473],[105.91792,22.45674],[105.91852,22.45869],[105.91956,22.46088],[105.91863,22.46195],[105.91636,22.46304],[105.91398,22.46344],[105.91134,22.46272],[105.91065,22.46337],[105.9083,22.46378],[105.90612,22.46514],[105.90451,22.46667],[105.90319,22.46688],[105.90182,22.46785],[105.90077,22.47019],[105.89793,22.47283],[105.89742,22.47449],[105.89789,22.47617],[105.89661,22.4751],[105.89447,22.47488],[105.89242,22.47303],[105.89085,22.4726],[105.88919,22.47173],[105.888,22.46976],[105.88683,22.4691],[105.88499,22.4654],[105.8832,22.46379],[105.88431,22.46067],[105.8831,22.45892],[105.88341,22.45582],[105.88243,22.45425],[105.88305,22.45227],[105.88248,22.4496],[105.88202,22.44636],[105.87973,22.44433],[105.8783,22.44267],[105.87714,22.44028],[105.87601,22.43931],[105.87486,22.43694],[105.87463,22.43545],[105.87379,22.43367],[105.87217,22.43151],[105.87145,22.43119],[105.87065,22.42922],[105.86906,22.4239],[105.86896,22.42205],[105.86943,22.4196],[105.86919,22.41742],[105.86983,22.41677],[105.86994,22.41464],[105.87133,22.41306],[105.87094,22.411],[105.86959,22.4087],[105.86732,22.40611],[105.86685,22.40489],[105.86565,22.40457],[105.86288,22.40285],[105.86234,22.40227],[105.86012,22.40225],[105.85845,22.40009],[105.85777,22.3972],[105.85674,22.39469],[105.85523,22.39212],[105.85428,22.38984],[105.85668,22.38706],[105.85835,22.38461],[105.85903,22.38258],[105.85856,22.38143],[105.85949,22.38068],[105.85962,22.3751],[105.85866,22.37454],[105.85628,22.37211],[105.85535,22.36961],[105.85351,22.36848],[105.85187,22.36639],[105.85114,22.36443],[105.85229,22.36273],[105.85453,22.36217],[105.85554,22.36229],[105.8597,22.36133],[105.8599,22.36046],[105.86156,22.35897],[105.86157,22.35765],[105.86302,22.35526],[105.8629,22.35385],[105.8645,22.35195],[105.86553,22.35154],[105.87234,22.34777],[105.87309,22.34816],[105.87488,22.34815],[105.87655,22.34653],[105.87791,22.34222],[105.8789,22.34167],[105.87934,22.34063],[105.88196,22.3394],[105.884,22.33671],[105.88444,22.33309],[105.8856,22.33209],[105.88879,22.33349],[105.89204,22.33536],[105.89337,22.33555],[105.89419,22.3362],[105.8954,22.33802],[105.89638,22.33887],[105.89926,22.33919],[105.89915,22.3423],[105.9005,22.34343],[105.90332,22.34414],[105.90317,22.34693],[105.90392,22.34926],[105.905,22.35101],[105.90509,22.35225],[105.90468,22.35411],[105.90413,22.35507],[105.90499,22.35615],[105.90523,22.35817],[105.90595,22.35935],[105.90771,22.36025],[105.90895,22.36015],[105.91053,22.36065],[105.91347,22.36061],[105.91481,22.36097],[105.91881,22.36118],[105.92144,22.36284],[105.92421,22.36255],[105.92521,22.36212],[105.927,22.36254],[105.92895,22.36145],[105.93221,22.36114],[105.9329,22.36164],[105.93484,22.36155],[105.93628,22.36185],[105.93984,22.3647],[105.94065,22.3648],[105.94248,22.36644],[105.9436,22.36672],[105.94498,22.36569],[105.94714,22.36642],[105.94954,22.36735],[105.95042,22.36886],[105.95221,22.37096],[105.9546,22.37306],[105.95539,22.37421],[105.95644,22.37456],[105.95774,22.3759],[105.95809,22.37872],[105.95705,22.3813],[105.95553,22.3823],[105.95378,22.3825],[105.95348,22.38308],[105.954,22.3847],[105.95397,22.38706],[105.95249,22.3885],[105.95277,22.39024],[105.95255,22.39208],[105.95324,22.39262],[105.95328,22.39446],[105.95223,22.39533],[105.95135,22.39665],[105.95203,22.39868],[105.95181,22.3995]]]},"properties":{"a01_tinh":"diaphanhanhchinhcaptinh_sn.101","a02_xa":"diaphanhanhchinhcapxa_2025.1172","a03_ten":"Xã Nà Phặc","a04_tentinh":"Tỉnh Thái Nguyên","a05_truocsn":"Thị trấn Nà Phặc, Xã Trung Hòa","a06_trungtamhc":"Trụ sở Đảng ủy, HĐND, UBND thị trấn Nà Phặc","a07_dt":"101.18","a08_ds":"9231","a09_dthoai":null,"a10_web":null,"ten":"Xã Nà Phặc","ma":"01936","tentinh":"Tỉnh Thái Nguyên","truocsapnhap":"Thị trấn Nà Phặc, Xã Trung Hòa","dientichkm2":null,"dansonguoi":null},"id":"diaphanhanhchinhcapxa_2025.1172"},
{"type":"Feature","geometry":{"type":"Polygon","coordinates":[[[106.24198,22.2471],[106.23864,22.24732],[106.23732,22.24845],[106.2359,22.25034],[106.23528,22.25074],[106.23534,22.25242],[106.23449,22.25394],[106.23579,22.25488],[106.23714,22.2576],[106.23666,22.25886],[106.23784,22.26075],[106.23499,22.26176],[106.23242,22.26239],[106.22956,22.26373],[106.22573,22.26125],[106.22605,22.25992],[106.22415,22.25788],[106.22379,22.25678],[106.22274,22.25634],[106.22173,22.25515],[106.21903,22.25557],[106.21761,22.25602],[106.2159,22.2561],[106.21168,22.25717],[106.20943,22.25718],[106.20747,22.2561],[106.20634,22.25703],[106.2054,22.2562],[106.20477,22.25729],[106.20306,22.25751],[106.20174,22.25712],[106.20051,22.25437],[106.19963,22.25365],[106.19817,22.25401],[106.19552,22.25344],[106.19392,22.2534],[106.19113,22.25445],[106.1908,22.25577],[106.18935,22.25628],[106.18915,22.25774],[106.18847,22.25832],[106.18835,22.25985],[106.18754,22.26006],[106.18594,22.25851],[106.18518,22.25871],[106.18575,22.26045],[106.18404,22.26164],[106.182,22.26375],[106.18164,22.26445],[106.17856,22.2646],[106.17665,22.26658],[106.17525,22.2693],[106.17216,22.26931],[106.16946,22.27017],[106.16906,22.26936],[106.16641,22.26747],[106.16372,22.26685],[106.16275,22.26538],[106.16104,22.26558],[106.16005,22.26467],[106.15869,22.26456],[106.15735,22.2626],[106.15529,22.26224],[106.15247,22.25954],[106.14919,22.25888],[106.14792,22.25718],[106.14694,22.25649],[106.1457,22.25664],[106.14623,22.25521],[106.1461,22.25312],[106.144,22.25154],[106.14331,22.25],[106.14266,22.24763],[106.14269,22.24554],[106.14103,22.24449],[106.14141,22.24209],[106.14008,22.24204],[106.13997,22.24299],[106.13832,22.24396],[106.13613,22.2462],[106.13458,22.24674],[106.13334,22.24823],[106.13113,22.24949],[106.12651,22.25009],[106.12428,22.24986],[106.12285,22.24845],[106.12298,22.24789],[106.12224,22.246],[106.1207,22.24417],[106.12064,22.24272],[106.1191,22.24293],[106.11808,22.24129],[106.11543,22.23832],[106.11295,22.23622],[106.11144,22.23546],[106.10982,22.2356],[106.10856,22.23194],[106.10808,22.23112],[106.10817,22.22846],[106.10586,22.22663],[106.1046,22.22491],[106.1044,22.22375],[106.10081,22.22039],[106.10015,22.21946],[106.09928,22.21934],[106.09851,22.21683],[106.09631,22.21497],[106.09472,22.21321],[106.09395,22.21296],[106.09376,22.21055],[106.09259,22.20872],[106.09242,22.20651],[106.09364,22.20379],[106.09269,22.20219],[106.09285,22.19653],[106.09414,22.19758],[106.09431,22.19854],[106.0961,22.19901],[106.09667,22.2],[106.10066,22.20098],[106.09982,22.20206],[106.10103,22.20383],[106.10274,22.20451],[106.10483,22.20712],[106.10569,22.20884],[106.10852,22.20993],[106.10992,22.21172],[106.11095,22.21198],[106.11245,22.21059],[106.11404,22.21032],[106.11624,22.21096],[106.11956,22.211],[106.12011,22.21158],[106.12183,22.21134],[106.12479,22.21221],[106.12576,22.21187],[106.12812,22.20941],[106.1292,22.20802],[106.13107,22.20659],[106.1329,22.20608],[106.1342,22.20453],[106.1363,22.20373],[106.13768,22.20193],[106.13938,22.20177],[106.14285,22.20094],[106.14439,22.20038],[106.14474,22.19882],[106.14423,22.19469],[106.14338,22.19365],[106.14494,22.19307],[106.14605,22.19363],[106.14719,22.19364],[106.14668,22.19144],[106.14421,22.18966],[106.1449,22.1872],[106.14506,22.18574],[106.14464,22.18418],[106.1456,22.18273],[106.14614,22.18123],[106.14915,22.18085],[106.15042,22.17837],[106.15171,22.17477],[106.15253,22.17398],[106.15362,22.17511],[106.15526,22.17833],[106.15702,22.18041],[106.15743,22.18172],[106.15857,22.18117],[106.16123,22.18084],[106.16341,22.18324],[106.16559,22.18033],[106.1668,22.17912],[106.16749,22.17602],[106.16674,22.17448],[106.16697,22.17379],[106.16882,22.17382],[106.17257,22.17276],[106.17453,22.17092],[106.17603,22.17062],[106.17765,22.16897],[106.18072,22.16839],[106.18189,22.16688],[106.18235,22.16417],[106.18332,22.16362],[106.18392,22.16213],[106.18511,22.16111],[106.18473,22.157],[106.18635,22.1554],[106.18635,22.15422],[106.18702,22.15323],[106.18737,22.15146],[106.18832,22.14902],[106.18854,22.14625],[106.18883,22.14571],[106.19132,22.14381],[106.19352,22.14384],[106.19472,22.14283],[106.19698,22.14306],[106.19764,22.14455],[106.20031,22.14609],[106.2008,22.14735],[106.20091,22.14922],[106.2017,22.14939],[106.20316,22.15087],[106.20522,22.15195],[106.2082,22.15466],[106.21014,22.1579],[106.21251,22.15802],[106.21398,22.15974],[106.21395,22.16142],[106.21429,22.16266],[106.21622,22.16459],[106.21623,22.16551],[106.21712,22.16675],[106.21807,22.1671],[106.21974,22.16677],[106.22212,22.16764],[106.22305,22.16766],[106.22379,22.16852],[106.22615,22.16959],[106.22603,22.17103],[106.22758,22.17157],[106.22915,22.17292],[106.23168,22.17433],[106.23377,22.17782],[106.23287,22.17897],[106.23261,22.18031],[106.23042,22.18176],[106.22891,22.18586],[106.22906,22.18683],[106.22659,22.18801],[106.22505,22.1898],[106.2242,22.19264],[106.22252,22.19574],[106.22136,22.19687],[106.22124,22.1977],[106.22326,22.20077],[106.22324,22.2019],[106.22188,22.20358],[106.22187,22.20471],[106.22116,22.20683],[106.22153,22.20785],[106.22282,22.20872],[106.22359,22.20999],[106.22533,22.21033],[106.22546,22.21119],[106.22485,22.21239],[106.22511,22.214],[106.22746,22.21473],[106.22962,22.21624],[106.23033,22.21819],[106.2319,22.21989],[106.2334,22.22061],[106.23525,22.22048],[106.23764,22.22127],[106.23754,22.22355],[106.23809,22.22665],[106.23936,22.22803],[106.24033,22.23011],[106.23981,22.2313],[106.24014,22.23362],[106.24092,22.2342],[106.24108,22.23611],[106.24299,22.23809],[106.24178,22.24037],[106.24217,22.24305],[106.24185,22.24365],[106.24198,22.2471]]]},"properties":{"a01_tinh":"diaphanhanhchinhcaptinh_sn.101","a02_xa":"diaphanhanhchinhcapxa_2025.1246","a03_ten":"Xã Na Rì","a04_tentinh":"Tỉnh Thái Nguyên","a05_truocsn":"Thị trấn Yến Lạc, Xã Sơn Thành, Xã Kim Lư","a06_trungtamhc":"Trụ sở Đảng ủy, HĐND, UBND thị trấn Yến Lạc","a07_dt":"112.73","a08_ds":"11494","a09_dthoai":null,"a10_web":null,"ten":"Xã Na Rì","ma":"02155","tentinh":"Tỉnh Thái Nguyên","truocsapnhap":"Thị trấn Yến Lạc, Xã Sơn Thành, Xã Kim Lư","dientichkm2":null,"dansonguoi":null},"id":"diaphanhanhchinhcapxa_2025.1246"},
{"type":"Feature","geometry":{"type":"Polygon","coordinates":[[[105.63718,22.36805],[105.63768,22.3694],[105.64051,22.37175],[105.64064,22.3727],[105.6386,22.37301],[105.63858,22.3748],[105.64006,22.37673],[105.63996,22.37962],[105.63905,22.38023],[105.63674,22.38364],[105.63532,22.38464],[105.63284,22.38425],[105.6299,22.38495],[105.62886,22.38889],[105.62689,22.38971],[105.62541,22.391],[105.62209,22.39158],[105.61884,22.38861],[105.61445,22.38633],[105.61292,22.38627],[105.61089,22.38683],[105.609,22.38857],[105.60796,22.39348],[105.60694,22.39444],[105.60583,22.39449],[105.60331,22.39388],[105.6006,22.39381],[105.59909,22.3919],[105.59679,22.38952],[105.59602,22.38905],[105.59548,22.38768],[105.59404,22.38663],[105.59272,22.38617],[105.59228,22.38512],[105.59052,22.38381],[105.58859,22.3847],[105.58677,22.38496],[105.58414,22.38651],[105.58157,22.38746],[105.58018,22.38764],[105.58004,22.38939],[105.57855,22.39001],[105.57807,22.39147],[105.57707,22.39254],[105.57633,22.39499],[105.57495,22.3958],[105.57498,22.3984],[105.57368,22.40045],[105.57486,22.4021],[105.57549,22.40426],[105.57542,22.40536],[105.57414,22.40631],[105.57503,22.40911],[105.57477,22.41141],[105.57398,22.41274],[105.57291,22.41362],[105.5707,22.41426],[105.57139,22.4161],[105.57078,22.41758],[105.57077,22.41924],[105.56886,22.41674],[105.56803,22.41642],[105.56695,22.41459],[105.5668,22.41366],[105.56578,22.41199],[105.56536,22.41032],[105.56508,22.40747],[105.56317,22.40624],[105.56218,22.40387],[105.55939,22.40222],[105.55464,22.40222],[105.5526,22.40362],[105.55147,22.4036],[105.55089,22.40425],[105.54971,22.40425],[105.54642,22.40512],[105.54441,22.40475],[105.54227,22.40546],[105.54135,22.40699],[105.5349,22.40772],[105.53398,22.40676],[105.53407,22.40585],[105.53283,22.40412],[105.52929,22.40427],[105.52834,22.40472],[105.52498,22.40439],[105.52373,22.40393],[105.52207,22.40434],[105.52102,22.40263],[105.52115,22.40158],[105.51973,22.40083],[105.51835,22.40083],[105.51801,22.39953],[105.51915,22.39798],[105.51938,22.39639],[105.51818,22.39488],[105.51911,22.3927],[105.52014,22.39174],[105.51985,22.39105],[105.51961,22.38788],[105.51854,22.38613],[105.51752,22.38585],[105.51628,22.38469],[105.51595,22.3817],[105.51473,22.37895],[105.51341,22.37699],[105.51352,22.37373],[105.51386,22.37167],[105.51451,22.36983],[105.51677,22.3684],[105.51724,22.36732],[105.5169,22.36604],[105.5158,22.36378],[105.51542,22.35994],[105.51498,22.35868],[105.51305,22.35629],[105.51375,22.35503],[105.51363,22.35271],[105.5143,22.35181],[105.51416,22.34883],[105.51168,22.34769],[105.50987,22.34535],[105.50715,22.34267],[105.50563,22.3425],[105.50395,22.34191],[105.50189,22.3402],[105.4987,22.33933],[105.49753,22.33853],[105.49802,22.33611],[105.49758,22.33474],[105.4984,22.33188],[105.49761,22.3304],[105.49788,22.32808],[105.49694,22.32615],[105.49776,22.32533],[105.49694,22.32455],[105.49699,22.32199],[105.49782,22.3204],[105.49679,22.3195],[105.49424,22.31959],[105.49346,22.31856],[105.49091,22.31779],[105.48833,22.31917],[105.48279,22.31711],[105.48109,22.31503],[105.48024,22.31308],[105.47984,22.31137],[105.47872,22.3093],[105.47854,22.30751],[105.4788,22.30618],[105.47853,22.30421],[105.47911,22.30336],[105.48202,22.30222],[105.48344,22.30086],[105.48606,22.29718],[105.48876,22.29599],[105.49015,22.29568],[105.49034,22.29451],[105.49145,22.29343],[105.49322,22.29371],[105.49579,22.29466],[105.49749,22.29451],[105.49882,22.29503],[105.50145,22.29479],[105.50241,22.2907],[105.50371,22.29022],[105.50461,22.28868],[105.50758,22.28867],[105.50912,22.2884],[105.51129,22.28861],[105.512,22.28905],[105.5147,22.28923],[105.51621,22.28791],[105.51806,22.28783],[105.51928,22.28898],[105.52209,22.29056],[105.52305,22.29064],[105.52407,22.28962],[105.52717,22.29079],[105.5281,22.2925],[105.52887,22.29297],[105.53,22.29457],[105.53245,22.29637],[105.53429,22.29653],[105.53636,22.29771],[105.53779,22.29903],[105.53996,22.29828],[105.54201,22.29936],[105.54379,22.29989],[105.54541,22.29964],[105.54902,22.29831],[105.54867,22.29655],[105.54847,22.29351],[105.54911,22.29036],[105.54833,22.28904],[105.54654,22.28807],[105.54658,22.28708],[105.54733,22.28435],[105.54806,22.28355],[105.55077,22.27832],[105.54929,22.27325],[105.5503,22.27088],[105.55033,22.26937],[105.54958,22.26817],[105.55241,22.26749],[105.55388,22.26808],[105.55543,22.2697],[105.55937,22.27086],[105.56129,22.27219],[105.56289,22.27279],[105.5633,22.2772],[105.56436,22.27962],[105.56644,22.27972],[105.56724,22.28095],[105.56821,22.28141],[105.56934,22.28271],[105.56875,22.28482],[105.5697,22.28615],[105.56901,22.28703],[105.56865,22.28858],[105.5723,22.29132],[105.57441,22.29184],[105.57465,22.29266],[105.57587,22.29383],[105.57734,22.29444],[105.58023,22.29373],[105.58305,22.29223],[105.58682,22.29164],[105.58808,22.2921],[105.59066,22.29253],[105.59204,22.29145],[105.59606,22.29197],[105.59685,22.29226],[105.59821,22.29402],[105.59757,22.29686],[105.59716,22.29735],[105.59805,22.29964],[105.59834,22.30138],[105.59913,22.30352],[105.60014,22.30494],[105.60187,22.30534],[105.60497,22.30436],[105.6072,22.30571],[105.60751,22.30732],[105.60911,22.31384],[105.60888,22.31548],[105.60896,22.31752],[105.60855,22.31857],[105.60912,22.31953],[105.60956,22.32435],[105.61369,22.3261],[105.61439,22.32509],[105.61662,22.32408],[105.61921,22.32187],[105.62178,22.32488],[105.62327,22.32544],[105.62339,22.32716],[105.62267,22.32901],[105.6244,22.33159],[105.62456,22.33396],[105.62505,22.33491],[105.62898,22.33832],[105.63101,22.33809],[105.633,22.33815],[105.63603,22.33942],[105.63678,22.33923],[105.63962,22.34063],[105.63994,22.34126],[105.64141,22.34193],[105.64181,22.34265],[105.64303,22.34272],[105.64352,22.34341],[105.6477,22.34471],[105.65048,22.34506],[105.65113,22.34646],[105.6523,22.34793],[105.65139,22.34911],[105.65165,22.35047],[105.65147,22.35263],[105.65156,22.35522],[105.65199,22.356],[105.65,22.35802],[105.64956,22.35964],[105.64844,22.36059],[105.64616,22.36128],[105.6441,22.36018],[105.64098,22.35996],[105.63956,22.35961],[105.6381,22.36013],[105.63735,22.35961],[105.63607,22.36018],[105.63595,22.36132],[105.63525,22.36294],[105.63704,22.36685],[105.63718,22.36805]]]},"properties":{"a01_tinh":"diaphanhanhchinhcaptinh_sn.101","a02_xa":"diaphanhanhchinhcapxa_2025.1179","a03_ten":"Xã Nam Cường","a04_tentinh":"Tỉnh Thái Nguyên","a05_truocsn":"Xã Xuân Lạc, Xã Đồng Lạc, Xã Nam Cường","a06_trungtamhc":"Trụ sở Đảng ủy, HĐND, UBND xã Nam Cường","a07_dt":"149.65","a08_ds":"10793","a09_dthoai":null,"a10_web":null,"ten":"Xã Nam Cường","ma":"02026","tentinh":"Tỉnh Thái Nguyên","truocsapnhap":"Xã Xuân Lạc, Xã Đồng Lạc, Xã Nam Cường","dientichkm2":null,"dansonguoi":null},"id":"diaphanhanhchinhcapxa_2025.1179"},
{"type":"Feature","geometry":{"type":"Polygon","coordinates":[[[106.03145,21.64481],[106.03146,21.64637],[106.03232,21.64812],[106.03115,21.65069],[106.02971,21.65133],[106.02863,21.65291],[106.02946,21.65364],[106.02935,21.65693],[106.03032,21.65873],[106.02975,21.65977],[106.02849,21.66086],[106.02875,21.66157],[106.02748,21.66214],[106.02723,21.66323],[106.02638,21.66386],[106.02634,21.66483],[106.02747,21.6664],[106.02576,21.66823],[106.02397,21.669],[106.02265,21.66917],[106.02103,21.66881],[106.01922,21.66946],[106.01925,21.67179],[106.01853,21.67312],[106.01589,21.67509],[106.01292,21.67554],[106.01161,21.67724],[106.00942,21.67776],[106.00717,21.67871],[106.00486,21.67849],[106.00295,21.67893],[105.99947,21.67914],[105.99525,21.67876],[105.99414,21.67836],[105.99311,21.67698],[105.9901,21.67593],[105.98922,21.67405],[105.98713,21.6722],[105.98392,21.66974],[105.98184,21.66866],[105.9798,21.66723],[105.97776,21.66725],[105.97775,21.66545],[105.97848,21.66482],[105.97871,21.66308],[105.97711,21.66025],[105.97725,21.65846],[105.978,21.65675],[105.97926,21.65561],[105.979,21.65447],[105.97733,21.65324],[105.97657,21.65194],[105.97665,21.64978],[105.97757,21.64781],[105.97749,21.64618],[105.97662,21.64598],[105.97438,21.64626],[105.97244,21.64461],[105.96912,21.64396],[105.96984,21.64099],[105.96968,21.63915],[105.96862,21.63805],[105.96815,21.63646],[105.96688,21.63474],[105.96623,21.63321],[105.96534,21.63285],[105.96432,21.6294],[105.9616,21.62827],[105.95905,21.62473],[105.95763,21.62328],[105.9568,21.62309],[105.95501,21.62164],[105.95292,21.62097],[105.95149,21.62177],[105.95125,21.62285],[105.95019,21.62429],[105.94875,21.6253],[105.94811,21.62649],[105.94814,21.62756],[105.94725,21.628],[105.94478,21.62739],[105.94414,21.62795],[105.94251,21.62799],[105.94096,21.62703],[105.93921,21.62733],[105.93883,21.62623],[105.93769,21.62552],[105.93773,21.62424],[105.93626,21.62401],[105.93685,21.62293],[105.93499,21.62018],[105.93368,21.6193],[105.93226,21.6189],[105.93085,21.61903],[105.93126,21.62026],[105.92919,21.62149],[105.92714,21.62152],[105.9251,21.6229],[105.92167,21.62224],[105.92055,21.62367],[105.92129,21.62423],[105.92026,21.62576],[105.92078,21.62668],[105.91826,21.62866],[105.91679,21.62877],[105.91671,21.62957],[105.9156,21.63075],[105.91372,21.63043],[105.91357,21.62972],[105.91186,21.62855],[105.90928,21.62939],[105.90859,21.63067],[105.90699,21.63043],[105.90561,21.63109],[105.90449,21.63043],[105.90343,21.62831],[105.90346,21.62632],[105.90406,21.62523],[105.90359,21.62433],[105.90411,21.62392],[105.90455,21.62116],[105.90515,21.62016],[105.90467,21.61916],[105.90463,21.61645],[105.90281,21.61528],[105.90236,21.6124],[105.89999,21.61115],[105.89864,21.61176],[105.8971,21.61083],[105.89747,21.60829],[105.89813,21.60733],[105.89798,21.60608],[105.89693,21.60454],[105.89713,21.60326],[105.89661,21.60268],[105.89527,21.60262],[105.89501,21.60105],[105.89666,21.60057],[105.89684,21.59965],[105.89604,21.59822],[105.89516,21.59988],[105.89396,21.60006],[105.89394,21.60153],[105.89279,21.6023],[105.8889,21.60358],[105.88748,21.60248],[105.88725,21.60163],[105.88593,21.60176],[105.88535,21.60118],[105.88248,21.60293],[105.88216,21.60381],[105.88079,21.60316],[105.88101,21.60114],[105.88171,21.60026],[105.87934,21.59946],[105.87817,21.59736],[105.87696,21.59711],[105.87649,21.59623],[105.87935,21.59377],[105.88162,21.59484],[105.88166,21.59589],[105.88291,21.59557],[105.88351,21.5968],[105.88643,21.59619],[105.88858,21.59246],[105.88794,21.59139],[105.88893,21.59071],[105.88955,21.58739],[105.89201,21.58583],[105.89339,21.58549],[105.89428,21.58482],[105.89516,21.58507],[105.89628,21.58285],[105.89625,21.58198],[105.8971,21.58106],[105.89817,21.5823],[105.899,21.58208],[105.90188,21.57983],[105.90247,21.58021],[105.90291,21.58183],[105.90486,21.58207],[105.90717,21.58465],[105.90966,21.58451],[105.9103,21.58416],[105.91232,21.58656],[105.91285,21.58566],[105.91384,21.58592],[105.91519,21.5879],[105.91595,21.58805],[105.91608,21.58926],[105.91815,21.5898],[105.91938,21.58977],[105.92106,21.58908],[105.92214,21.58908],[105.92308,21.58812],[105.92308,21.58714],[105.92496,21.58722],[105.92609,21.58788],[105.92691,21.58699],[105.93182,21.58574],[105.93343,21.58638],[105.93396,21.58527],[105.93546,21.58466],[105.93584,21.58563],[105.93517,21.58649],[105.9351,21.5876],[105.93658,21.58832],[105.93517,21.59056],[105.93516,21.59113],[105.93665,21.59328],[105.93655,21.59409],[105.93536,21.5949],[105.93576,21.59701],[105.93656,21.59968],[105.93734,21.599],[105.93851,21.59917],[105.93939,21.59854],[105.94208,21.59823],[105.94192,21.60058],[105.94322,21.60104],[105.94722,21.60108],[105.95056,21.60199],[105.95313,21.60235],[105.95372,21.60188],[105.95253,21.60063],[105.95284,21.59759],[105.95475,21.59602],[105.95613,21.59552],[105.95721,21.59411],[105.96015,21.59395],[105.96136,21.59317],[105.96343,21.5931],[105.96484,21.59231],[105.96698,21.58941],[105.96842,21.58961],[105.97024,21.58872],[105.97289,21.58922],[105.97436,21.59019],[105.97519,21.59181],[105.97432,21.59372],[105.97455,21.59455],[105.97708,21.59755],[105.97694,21.5992],[105.97834,21.60137],[105.97962,21.60224],[105.981,21.60376],[105.98431,21.60427],[105.98751,21.60304],[105.98831,21.60252],[105.98912,21.60379],[105.99005,21.60643],[105.98988,21.60836],[105.98773,21.61005],[105.988,21.61134],[105.99065,21.61419],[105.99058,21.61601],[105.99276,21.61952],[105.99308,21.62233],[105.99429,21.62241],[105.99585,21.62385],[105.99842,21.62535],[105.99944,21.62679],[106.00073,21.62922],[106.00099,21.6307],[106.00223,21.63131],[106.00337,21.63256],[106.00418,21.63258],[106.00461,21.63358],[106.00469,21.63522],[106.00585,21.6352],[106.0077,21.63604],[106.00844,21.63543],[106.01262,21.63465],[106.01741,21.6324],[106.01894,21.63245],[106.02499,21.63158],[106.0271,21.63196],[106.02653,21.63471],[106.027,21.63581],[106.02695,21.63708],[106.0276,21.63886],[106.02846,21.63939],[106.02879,21.64173],[106.02977,21.64364],[106.0311,21.64386],[106.03145,21.64481]]]},"properties":{"a01_tinh":"diaphanhanhchinhcaptinh_sn.101","a02_xa":"diaphanhanhchinhcapxa_2025.1213","a03_ten":"Xã Nam Hòa","a04_tentinh":"Tỉnh Thái Nguyên","a05_truocsn":"Xã Cây Thị, Xã Nam Hòa","a06_trungtamhc":"Trụ sở Đảng ủy, HĐND, UBND xã Nam Hòa","a07_dt":"65.02","a08_ds":"16237","a09_dthoai":null,"a10_web":null,"ten":"Xã Nam Hòa","ma":"05707","tentinh":"Tỉnh Thái Nguyên","truocsapnhap":"Xã Cây Thị, Xã Nam Hòa","dientichkm2":null,"dansonguoi":null},"id":"diaphanhanhchinhcapxa_2025.1213"},
{"type":"Feature","geometry":{"type":"Polygon","coordinates":[[[105.99083,22.54333],[105.98861,22.54362],[105.98651,22.54463],[105.98551,22.54412],[105.98496,22.54188],[105.98286,22.53997],[105.98048,22.53905],[105.97901,22.53777],[105.97721,22.53672],[105.97519,22.53739],[105.97428,22.53712],[105.97187,22.53708],[105.96892,22.53553],[105.96891,22.53447],[105.96826,22.53247],[105.96666,22.5307],[105.96587,22.52872],[105.96448,22.52787],[105.96227,22.52768],[105.96107,22.52798],[105.95899,22.52598],[105.95851,22.52473],[105.9547,22.52292],[105.95289,22.52263],[105.95078,22.52416],[105.95031,22.52496],[105.94848,22.52647],[105.94697,22.52874],[105.94256,22.52763],[105.94088,22.52796],[105.9389,22.5272],[105.93728,22.52787],[105.93317,22.52823],[105.93125,22.52734],[105.92962,22.52575],[105.92932,22.52443],[105.92859,22.52349],[105.92691,22.52253],[105.92432,22.52206],[105.92393,22.51916],[105.9232,22.51824],[105.92377,22.51644],[105.92327,22.51493],[105.92349,22.51317],[105.92224,22.51274],[105.92155,22.51127],[105.92043,22.51002],[105.92043,22.50899],[105.91849,22.50613],[105.91812,22.50449],[105.91668,22.50357],[105.91435,22.50092],[105.91371,22.49922],[105.91367,22.49795],[105.91242,22.49686],[105.9111,22.49627],[105.90846,22.4965],[105.90533,22.49539],[105.90385,22.49556],[105.90374,22.49442],[105.90486,22.49193],[105.90303,22.48841],[105.90254,22.48678],[105.90174,22.4862],[105.90158,22.48503],[105.89924,22.48223],[105.90016,22.47853],[105.89789,22.47617],[105.89742,22.47449],[105.89793,22.47283],[105.90077,22.47019],[105.90182,22.46785],[105.90319,22.46688],[105.90451,22.46667],[105.90612,22.46514],[105.9083,22.46378],[105.91065,22.46337],[105.91134,22.46272],[105.91398,22.46344],[105.91636,22.46304],[105.91863,22.46195],[105.91956,22.46088],[105.91852,22.45869],[105.91792,22.45674],[105.9182,22.45473],[105.9206,22.45265],[105.9222,22.45157],[105.92423,22.4506],[105.92614,22.45147],[105.92698,22.45226],[105.92832,22.45133],[105.93074,22.45141],[105.93259,22.45078],[105.93323,22.45008],[105.9361,22.44889],[105.94007,22.44765],[105.94445,22.44443],[105.94738,22.44395],[105.94627,22.44328],[105.94367,22.44227],[105.94496,22.44109],[105.94724,22.44051],[105.94849,22.43906],[105.9491,22.43747],[105.94855,22.43705],[105.94868,22.43493],[105.94823,22.43384],[105.94902,22.43297],[105.95012,22.42947],[105.95017,22.42821],[105.94879,22.42742],[105.94801,22.42652],[105.94767,22.42371],[105.94682,22.42223],[105.94673,22.42076],[105.94724,22.41973],[105.94639,22.4176],[105.94749,22.41399],[105.94747,22.41277],[105.9486,22.41159],[105.94831,22.41045],[105.94857,22.40921],[105.94751,22.40797],[105.94741,22.40712],[105.9463,22.40596],[105.9457,22.40416],[105.94455,22.40321],[105.94241,22.4023],[105.9419,22.40132],[105.94287,22.40005],[105.94717,22.39973],[105.94857,22.39863],[105.9499,22.39927],[105.95181,22.3995],[105.9526,22.39995],[105.9543,22.40179],[105.95408,22.40349],[105.95452,22.40388],[105.95641,22.40389],[105.95786,22.40471],[105.9596,22.40429],[105.96159,22.40257],[105.96414,22.40177],[105.96659,22.40175],[105.96786,22.40205],[105.97075,22.40204],[105.97353,22.40093],[105.97717,22.40049],[105.9801,22.39937],[105.98211,22.39802],[105.988,22.39841],[105.98975,22.39964],[105.99058,22.39971],[105.99243,22.399],[105.99329,22.39951],[105.99493,22.40133],[105.99559,22.40246],[105.99818,22.40312],[106.00022,22.40469],[106.00189,22.40547],[106.00278,22.40691],[106.00396,22.40718],[106.00629,22.40937],[106.00866,22.41074],[106.01118,22.41136],[106.01341,22.41254],[106.01525,22.41214],[106.01753,22.41266],[106.01876,22.41266],[106.02099,22.41105],[106.02215,22.41106],[106.02493,22.4121],[106.02639,22.41392],[106.02832,22.41562],[106.02946,22.4159],[106.03232,22.41546],[106.03545,22.42067],[106.03584,22.4226],[106.03666,22.42329],[106.0385,22.42607],[106.03828,22.4277],[106.03887,22.42873],[106.03996,22.42935],[106.04094,22.43085],[106.04301,22.43113],[106.04447,22.43062],[106.05256,22.42955],[106.05545,22.42836],[106.05739,22.42642],[106.05901,22.4272],[106.06221,22.42828],[106.06386,22.42969],[106.0647,22.43226],[106.06831,22.43346],[106.07081,22.43296],[106.07221,22.42923],[106.07312,22.42851],[106.07381,22.42694],[106.07527,22.42559],[106.07713,22.42728],[106.07833,22.42753],[106.08005,22.427],[106.08325,22.42828],[106.08459,22.42853],[106.08592,22.42932],[106.08745,22.42975],[106.09057,22.42912],[106.0926,22.42957],[106.09448,22.42912],[106.0955,22.42855],[106.0984,22.42889],[106.09943,22.42941],[106.1008,22.431],[106.10077,22.43193],[106.10159,22.43417],[106.10161,22.43574],[106.09896,22.43794],[106.09814,22.43975],[106.09542,22.44052],[106.0942,22.44124],[106.09416,22.44348],[106.09453,22.44586],[106.09274,22.44589],[106.09028,22.44744],[106.08664,22.4475],[106.08539,22.44705],[106.08381,22.44778],[106.08042,22.44842],[106.07965,22.44979],[106.07852,22.45078],[106.07837,22.45274],[106.07627,22.45365],[106.07463,22.4559],[106.07253,22.45681],[106.06982,22.45665],[106.06686,22.45699],[106.06501,22.45646],[106.06411,22.45683],[106.0631,22.45648],[106.06131,22.45725],[106.06081,22.45822],[106.05635,22.45933],[106.05447,22.45938],[106.05274,22.45884],[106.05055,22.45933],[106.04964,22.45994],[106.04901,22.46153],[106.04792,22.46252],[106.04949,22.46413],[106.04963,22.46516],[106.04871,22.46545],[106.04884,22.46781],[106.04744,22.46868],[106.04407,22.47004],[106.04318,22.47102],[106.04154,22.47153],[106.03946,22.47141],[106.03841,22.4703],[106.03819,22.46941],[106.03684,22.46871],[106.0347,22.46692],[106.0341,22.46513],[106.03277,22.46525],[106.03143,22.46476],[106.02843,22.46443],[106.02704,22.46506],[106.02665,22.46641],[106.02848,22.46801],[106.02959,22.46945],[106.02764,22.47596],[106.02342,22.47461],[106.02254,22.47487],[106.01901,22.47265],[106.01727,22.47255],[106.01562,22.47186],[106.01395,22.47017],[106.01195,22.46904],[106.00961,22.46821],[106.00688,22.46772],[106.00533,22.46648],[106.00485,22.46561],[106.00368,22.46643],[106.00362,22.46772],[106.00174,22.46801],[106.0002,22.46672],[105.9987,22.46681],[105.9955,22.46865],[105.99357,22.46735],[105.99117,22.46532],[105.99003,22.46375],[105.98864,22.46359],[105.98589,22.46394],[105.98363,22.46361],[105.98306,22.46428],[105.98167,22.46441],[105.98095,22.465],[105.97866,22.46553],[105.97828,22.46596],[105.9803,22.46876],[105.98077,22.46996],[105.98038,22.47072],[105.97897,22.47149],[105.9785,22.47269],[105.97697,22.47448],[105.97605,22.4744],[105.97597,22.47568],[105.97696,22.4761],[105.97752,22.47758],[105.97972,22.48024],[105.98136,22.48275],[105.98362,22.4844],[105.9859,22.48545],[105.98654,22.48651],[105.98641,22.48754],[105.98755,22.4886],[105.988,22.49012],[105.99161,22.49213],[105.99142,22.49437],[105.99215,22.4965],[105.99302,22.49768],[105.99294,22.49914],[105.99237,22.50019],[105.99294,22.50119],[105.99422,22.50196],[105.99526,22.50386],[105.9953,22.50535],[105.99744,22.50682],[105.99544,22.51048],[105.99546,22.51236],[105.99513,22.51343],[105.99637,22.51449],[105.9964,22.51538],[105.99554,22.5165],[105.9952,22.5196],[105.99371,22.52112],[105.99393,22.52414],[105.99339,22.52588],[105.99396,22.5275],[105.99382,22.5298],[105.99455,22.53219],[105.99578,22.53305],[105.99603,22.53468],[105.99494,22.53629],[105.99345,22.537],[105.99216,22.54003],[105.99217,22.54204],[105.99083,22.54333]]]},"properties":{"a01_tinh":"diaphanhanhchinhcaptinh_sn.101","a02_xa":"diaphanhanhchinhcapxa_2025.1174","a03_ten":"Xã Ngân Sơn","a04_tentinh":"Tỉnh Thái Nguyên","a05_truocsn":"Thị trấn Vân Tùng, Xã Cốc Đán, Xã Đức Vân","a06_trungtamhc":"Trụ sở Đảng ủy, HĐND, UBND xã Ngân Sơn","a07_dt":"145.57","a08_ds":"826","a09_dthoai":null,"a10_web":null,"ten":"Xã Ngân Sơn","ma":"01954","tentinh":"Tỉnh Thái Nguyên","truocsapnhap":"Thị trấn Vân Tùng, Xã Cốc Đán, Xã Đức Vân","dientichkm2":null,"dansonguoi":null},"id":"diaphanhanhchinhcapxa_2025.1174"},
{"type":"Feature","geometry":{"type":"Polygon","coordinates":[[[105.49377,22.15069],[105.49089,22.15121],[105.48776,22.14996],[105.4836,22.14681],[105.48193,22.14581],[105.48163,22.14365],[105.47645,22.13918],[105.47465,22.13736],[105.47372,22.13685],[105.47527,22.13389],[105.47634,22.12919],[105.4755,22.12826],[105.47533,22.1267],[105.47451,22.12576],[105.47316,22.1254],[105.47017,22.12576],[105.46907,22.12496],[105.46872,22.1232],[105.46703,22.1214],[105.4655,22.12117],[105.46478,22.11974],[105.46536,22.1175],[105.46344,22.11614],[105.46264,22.11429],[105.46346,22.11368],[105.46438,22.11193],[105.46417,22.10989],[105.4634,22.1081],[105.46407,22.10595],[105.46549,22.10307],[105.46652,22.10277],[105.46921,22.10277],[105.47021,22.10321],[105.47047,22.10188],[105.47136,22.10107],[105.47207,22.09767],[105.47338,22.09742],[105.47351,22.09564],[105.47121,22.09348],[105.47081,22.09241],[105.46914,22.09138],[105.46812,22.08963],[105.4685,22.08682],[105.46967,22.08465],[105.46938,22.08111],[105.46851,22.07998],[105.46632,22.07849],[105.46558,22.07746],[105.46356,22.07659],[105.46277,22.07541],[105.46286,22.07432],[105.4652,22.07347],[105.46794,22.0729],[105.46788,22.07042],[105.4691,22.06841],[105.47115,22.06858],[105.47289,22.06817],[105.47394,22.06747],[105.4746,22.0651],[105.47322,22.06365],[105.47382,22.06208],[105.47348,22.06076],[105.4741,22.05947],[105.47545,22.05772],[105.47749,22.05674],[105.47795,22.0552],[105.48072,22.05383],[105.48083,22.05282],[105.48243,22.04981],[105.48471,22.04969],[105.48731,22.04759],[105.48872,22.0449],[105.48844,22.04318],[105.48739,22.04117],[105.48818,22.03939],[105.49044,22.03871],[105.49049,22.03505],[105.48963,22.03408],[105.4887,22.03215],[105.48902,22.03111],[105.4907,22.02945],[105.4911,22.02788],[105.49265,22.02491],[105.49335,22.02103],[105.4928,22.01872],[105.49346,22.01705],[105.49394,22.01379],[105.4938,22.01185],[105.49552,22.01027],[105.4981,22.00925],[105.4992,22.00944],[105.50072,22.01033],[105.50455,22.00885],[105.50532,22.00836],[105.5057,22.00516],[105.505,22.00267],[105.50543,22.0008],[105.50607,21.99638],[105.50492,21.99276],[105.50511,21.99226],[105.5068,21.99201],[105.50838,21.99038],[105.51123,21.99033],[105.51235,21.9876],[105.51175,21.98563],[105.51194,21.98464],[105.51345,21.98387],[105.51484,21.98433],[105.51486,21.98533],[105.51561,21.98694],[105.51709,21.98674],[105.51903,21.98437],[105.52065,21.9835],[105.52318,21.98304],[105.52584,21.98031],[105.52581,21.97906],[105.52669,21.97696],[105.52924,21.97363],[105.52931,21.97222],[105.5308,21.9703],[105.5314,21.96877],[105.53345,21.9667],[105.53446,21.96654],[105.53601,21.9672],[105.53774,21.96732],[105.53949,21.96457],[105.54128,21.96392],[105.54562,21.96422],[105.54719,21.96344],[105.54952,21.96271],[105.55142,21.96289],[105.55271,21.96264],[105.55337,21.96143],[105.55384,21.9593],[105.55567,21.95748],[105.5597,21.95675],[105.56154,21.95588],[105.56324,21.95549],[105.56595,21.95609],[105.56701,21.95674],[105.56845,21.95655],[105.56951,21.95705],[105.57011,21.95819],[105.57229,21.95751],[105.57554,21.95767],[105.57743,21.95827],[105.57809,21.96073],[105.5795,21.9625],[105.5796,21.96493],[105.58003,21.96567],[105.58141,21.96604],[105.5815,21.96793],[105.58091,21.96917],[105.57985,21.96958],[105.57907,21.97084],[105.57894,21.9728],[105.57789,21.97478],[105.57811,21.97736],[105.58062,21.97892],[105.58099,21.98001],[105.58209,21.98101],[105.57933,21.98349],[105.57956,21.98559],[105.58051,21.98654],[105.58155,21.98838],[105.58176,21.99031],[105.58299,21.99141],[105.58311,21.99342],[105.58262,21.99435],[105.58376,21.99524],[105.58479,21.9976],[105.58613,21.99772],[105.58579,21.99903],[105.58581,22.00105],[105.58688,22.00179],[105.58691,22.00327],[105.58828,22.00494],[105.58824,22.00576],[105.58973,22.00715],[105.59043,22.0086],[105.59216,22.00996],[105.59291,22.01116],[105.59388,22.01156],[105.59409,22.01269],[105.59283,22.01483],[105.59325,22.01687],[105.59468,22.01831],[105.5957,22.01839],[105.59643,22.01947],[105.59568,22.0205],[105.59556,22.02189],[105.59468,22.02259],[105.59202,22.02209],[105.59065,22.02254],[105.58855,22.02411],[105.58842,22.02478],[105.58716,22.02634],[105.58705,22.02739],[105.58423,22.02909],[105.58298,22.03012],[105.58275,22.03162],[105.58086,22.03308],[105.58055,22.03467],[105.57947,22.03635],[105.57819,22.03755],[105.57855,22.04073],[105.57746,22.0431],[105.57816,22.04432],[105.57778,22.04609],[105.57792,22.04731],[105.57902,22.04849],[105.57758,22.05018],[105.57765,22.05193],[105.57811,22.05359],[105.57894,22.05507],[105.57992,22.05574],[105.57903,22.05756],[105.57814,22.05822],[105.57718,22.06118],[105.57627,22.06161],[105.57663,22.06316],[105.57604,22.06473],[105.57473,22.06673],[105.57289,22.06626],[105.5723,22.06947],[105.5712,22.06953],[105.56886,22.06914],[105.56563,22.06963],[105.56538,22.07102],[105.56377,22.07287],[105.56259,22.0737],[105.56221,22.07529],[105.5605,22.07714],[105.56006,22.07987],[105.56145,22.08216],[105.56018,22.08292],[105.55868,22.08324],[105.55783,22.08421],[105.55785,22.08651],[105.55704,22.08832],[105.55636,22.089],[105.55677,22.09115],[105.55885,22.09189],[105.5597,22.09368],[105.56101,22.09347],[105.56231,22.09426],[105.56227,22.09655],[105.56258,22.09747],[105.56417,22.09842],[105.56409,22.099],[105.56198,22.09978],[105.56071,22.10058],[105.55996,22.10225],[105.55833,22.10333],[105.55597,22.10263],[105.55537,22.10129],[105.55363,22.09946],[105.55207,22.09922],[105.55018,22.10019],[105.54634,22.09989],[105.54254,22.09899],[105.54009,22.09789],[105.53884,22.09805],[105.53739,22.09697],[105.53662,22.09754],[105.53483,22.09702],[105.53323,22.09752],[105.52989,22.09773],[105.53189,22.09939],[105.53428,22.1006],[105.53625,22.10236],[105.53692,22.10361],[105.53817,22.10459],[105.53945,22.10505],[105.54045,22.10778],[105.54251,22.10959],[105.54502,22.11264],[105.5431,22.11251],[105.54165,22.1116],[105.53836,22.1124],[105.53628,22.11424],[105.5361,22.11667],[105.53549,22.11739],[105.53649,22.11957],[105.53446,22.12166],[105.53259,22.1215],[105.53161,22.12497],[105.5315,22.12712],[105.53023,22.12785],[105.52861,22.12972],[105.52719,22.13307],[105.52745,22.13438],[105.5262,22.13582],[105.52563,22.13789],[105.5259,22.13992],[105.52663,22.141],[105.52654,22.14319],[105.52482,22.14302],[105.52407,22.14342],[105.52193,22.14366],[105.52081,22.14512],[105.5199,22.14556],[105.5161,22.1463],[105.51194,22.14554],[105.5108,22.14581],[105.50909,22.14483],[105.50641,22.14375],[105.50254,22.14408],[105.50061,22.14312],[105.49955,22.14418],[105.49781,22.14508],[105.49545,22.14667],[105.4948,22.14968],[105.49377,22.15069]]]},"properties":{"a01_tinh":"diaphanhanhchinhcaptinh_sn.101","a02_xa":"diaphanhanhchinhcapxa_2025.1183","a03_ten":"Xã Nghĩa Tá","a04_tentinh":"Tỉnh Thái Nguyên","a05_truocsn":"Xã Lương Bằng, Xã Bình Trung, Xã Nghĩa Tá","a06_trungtamhc":"Trụ sở Đảng ủy, HĐND, UBND xã Nghĩa Tá","a07_dt":"166.89","a08_ds":"7787","a09_dthoai":null,"a10_web":null,"ten":"Xã Nghĩa Tá","ma":"02071","tentinh":"Tỉnh Thái Nguyên","truocsapnhap":"Xã Lương Bằng, Xã Bình Trung, Xã Nghĩa Tá","dientichkm2":null,"dansonguoi":null},"id":"diaphanhanhchinhcapxa_2025.1183"},
{"type":"Feature","geometry":{"type":"Polygon","coordinates":[[[105.77886,22.54868],[105.77741,22.54899],[105.77601,22.55028],[105.77453,22.54957],[105.77303,22.54952],[105.77161,22.54998],[105.77162,22.55147],[105.7724,22.55178],[105.77411,22.55117],[105.77436,22.55234],[105.77392,22.55421],[105.77115,22.5552],[105.77012,22.55462],[105.76861,22.55505],[105.76748,22.5559],[105.76868,22.55676],[105.77167,22.55784],[105.77294,22.55797],[105.77345,22.55928],[105.77267,22.56096],[105.77261,22.56197],[105.77133,22.56239],[105.77036,22.56444],[105.77129,22.56636],[105.77398,22.5658],[105.7743,22.5672],[105.77569,22.56925],[105.77804,22.57105],[105.77892,22.57243],[105.77868,22.57338],[105.77732,22.57438],[105.77804,22.57614],[105.77776,22.57703],[105.77554,22.57911],[105.77348,22.58031],[105.77109,22.58358],[105.77015,22.58385],[105.76825,22.58519],[105.76697,22.58777],[105.76595,22.5887],[105.76285,22.58819],[105.76169,22.58728],[105.76179,22.58611],[105.76026,22.58593],[105.75804,22.58706],[105.75706,22.5871],[105.75621,22.58611],[105.75477,22.58591],[105.75315,22.58661],[105.7519,22.58617],[105.75072,22.58671],[105.75206,22.58813],[105.75175,22.58905],[105.75086,22.58936],[105.74996,22.59205],[105.74894,22.59253],[105.74809,22.59395],[105.74618,22.59363],[105.74556,22.59502],[105.74697,22.59599],[105.74619,22.59812],[105.74698,22.59936],[105.74928,22.60087],[105.75108,22.60231],[105.75209,22.60247],[105.75301,22.60343],[105.75263,22.60425],[105.75378,22.60566],[105.75303,22.60866],[105.75163,22.60878],[105.75082,22.60958],[105.75068,22.61144],[105.75013,22.61355],[105.74889,22.61471],[105.74665,22.61788],[105.74503,22.61921],[105.74295,22.61962],[105.74158,22.62037],[105.74058,22.62172],[105.74144,22.62341],[105.7408,22.62571],[105.7391,22.62821],[105.7372,22.62863],[105.73643,22.62953],[105.73442,22.63081],[105.73213,22.63139],[105.72959,22.63076],[105.72807,22.63097],[105.72889,22.6322],[105.72915,22.63339],[105.72868,22.63471],[105.72887,22.63566],[105.72772,22.63636],[105.72762,22.63463],[105.72714,22.63356],[105.72324,22.63008],[105.72111,22.63017],[105.71976,22.6287],[105.71576,22.62733],[105.71419,22.62855],[105.71386,22.62798],[105.71101,22.627],[105.70933,22.62761],[105.70893,22.62471],[105.70493,22.62079],[105.70382,22.61933],[105.70163,22.6183],[105.70052,22.61712],[105.69756,22.61495],[105.69722,22.61426],[105.69587,22.61414],[105.69279,22.61319],[105.69055,22.61384],[105.68879,22.61218],[105.6877,22.61029],[105.68698,22.60963],[105.68649,22.60671],[105.68553,22.60589],[105.684,22.60331],[105.68426,22.60128],[105.68621,22.60101],[105.68881,22.59738],[105.68929,22.59608],[105.68708,22.5937],[105.68613,22.58979],[105.68448,22.58814],[105.68362,22.58673],[105.68239,22.58591],[105.68003,22.58556],[105.67875,22.58298],[105.67705,22.58279],[105.67613,22.58151],[105.67439,22.58119],[105.67187,22.57992],[105.67046,22.5788],[105.66947,22.57731],[105.66684,22.57584],[105.66705,22.57426],[105.66828,22.57265],[105.66808,22.57118],[105.66831,22.56943],[105.66917,22.56846],[105.67116,22.56817],[105.67136,22.56709],[105.67317,22.56611],[105.67355,22.56491],[105.67329,22.56241],[105.67446,22.56102],[105.67678,22.55938],[105.67581,22.55646],[105.67648,22.55408],[105.67483,22.55047],[105.67368,22.5493],[105.67379,22.54739],[105.67563,22.54473],[105.67534,22.54322],[105.67425,22.5424],[105.67245,22.54215],[105.67192,22.54172],[105.67191,22.53995],[105.67121,22.537],[105.67241,22.53415],[105.67249,22.53312],[105.6754,22.53169],[105.67611,22.52967],[105.67806,22.52789],[105.67855,22.52647],[105.67796,22.52487],[105.67867,22.52397],[105.67851,22.52049],[105.67919,22.5194],[105.67937,22.51696],[105.68104,22.51528],[105.6822,22.51339],[105.6823,22.5123],[105.68306,22.51072],[105.68636,22.50517],[105.68608,22.50364],[105.68494,22.50285],[105.6834,22.50069],[105.68286,22.49938],[105.68315,22.4979],[105.68171,22.49563],[105.68176,22.49314],[105.68338,22.49134],[105.68493,22.49063],[105.68465,22.4888],[105.68603,22.48713],[105.68586,22.48639],[105.68813,22.48208],[105.68875,22.4815],[105.68839,22.48364],[105.68938,22.48427],[105.69077,22.48416],[105.69269,22.48356],[105.69451,22.4842],[105.69664,22.4839],[105.69799,22.48476],[105.7003,22.48563],[105.70053,22.48626],[105.70208,22.48737],[105.7054,22.48854],[105.70739,22.48989],[105.70918,22.48972],[105.71202,22.49],[105.71278,22.49126],[105.71444,22.49185],[105.71468,22.49121],[105.71787,22.48983],[105.71852,22.48824],[105.71908,22.48791],[105.72193,22.48748],[105.72273,22.48703],[105.72794,22.48582],[105.72874,22.48514],[105.73048,22.48509],[105.73111,22.48374],[105.73335,22.48104],[105.73538,22.47954],[105.73579,22.48017],[105.7397,22.48127],[105.74322,22.48124],[105.74378,22.48176],[105.74602,22.48222],[105.74705,22.48189],[105.7482,22.48271],[105.75238,22.48432],[105.75458,22.48542],[105.75604,22.48516],[105.75615,22.48441],[105.7573,22.48413],[105.7597,22.48521],[105.76165,22.48638],[105.76259,22.48731],[105.76218,22.48947],[105.76268,22.49142],[105.7611,22.49305],[105.76207,22.49497],[105.762,22.49648],[105.76293,22.50034],[105.76234,22.50237],[105.76237,22.50458],[105.76063,22.50707],[105.76088,22.50871],[105.75931,22.51174],[105.76087,22.51372],[105.76001,22.51653],[105.76012,22.51793],[105.75954,22.51895],[105.75951,22.52027],[105.75856,22.52088],[105.75739,22.5239],[105.75664,22.52478],[105.7567,22.52786],[105.75647,22.5296],[105.75727,22.53202],[105.75916,22.53318],[105.7625,22.53409],[105.76508,22.53632],[105.76694,22.53859],[105.7709,22.54005],[105.77223,22.54025],[105.7736,22.54123],[105.77495,22.54113],[105.77613,22.54155],[105.77629,22.54263],[105.77723,22.54404],[105.77879,22.54512],[105.7792,22.54747],[105.77886,22.54868]]]},"properties":{"a01_tinh":"diaphanhanhchinhcaptinh_sn.101","a02_xa":"diaphanhanhchinhcapxa_2025.1166","a03_ten":"Xã Nghiên Loan","a04_tentinh":"Tỉnh Thái Nguyên","a05_truocsn":"Xã Xuân La, Xã An Thắng, Xã Nghiên Loan","a06_trungtamhc":"Trụ sở Đảng ủy, HĐND, UBND xã Nghiên Loan","a07_dt":"130.33","a08_ds":"1104","a09_dthoai":null,"a10_web":null,"ten":"Xã Nghiên Loan","ma":"01882","tentinh":"Tỉnh Thái Nguyên","truocsapnhap":"Xã Xuân La, Xã An Thắng, Xã Nghiên Loan","dientichkm2":null,"dansonguoi":null},"id":"diaphanhanhchinhcapxa_2025.1166"},
{"type":"Feature","geometry":{"type":"Polygon","coordinates":[[[106.0979,21.93844],[106.09708,21.9396],[106.0952,21.9415],[106.09454,21.94161],[106.09188,21.93952],[106.08898,21.9402],[106.0879,21.94069],[106.08639,21.94078],[106.08468,21.94158],[106.08363,21.94258],[106.08042,21.94272],[106.07575,21.94122],[106.07529,21.94068],[106.07158,21.9409],[106.06929,21.94268],[106.06647,21.94245],[106.06334,21.9417],[106.06327,21.93908],[106.06301,21.93848],[106.06268,21.93524],[106.06224,21.93434],[106.06294,21.93281],[106.06257,21.932],[106.06251,21.92976],[106.06173,21.92863],[106.06248,21.92633],[106.06247,21.92457],[106.06207,21.92298],[106.0632,21.92231],[106.06354,21.92123],[106.06506,21.92106],[106.06652,21.91931],[106.06624,21.91806],[106.06407,21.91598],[106.06211,21.9153],[106.06135,21.91396],[106.05697,21.91164],[106.05624,21.9104],[106.05622,21.90921],[106.05543,21.90738],[106.05468,21.90713],[106.05495,21.90439],[106.0541,21.90133],[106.05383,21.89876],[106.05302,21.89793],[106.0516,21.89956],[106.04884,21.89966],[106.04763,21.8989],[106.04194,21.89882],[106.03893,21.897],[106.0375,21.8966],[106.03659,21.89486],[106.03618,21.89286],[106.03568,21.88863],[106.03545,21.88449],[106.03626,21.88006],[106.03602,21.87894],[106.03639,21.87582],[106.03691,21.87487],[106.03692,21.87356],[106.03643,21.87178],[106.03545,21.87099],[106.03532,21.86917],[106.0344,21.86664],[106.03461,21.86423],[106.03388,21.86371],[106.02853,21.86497],[106.02699,21.86515],[106.0243,21.86487],[106.02354,21.86424],[106.02259,21.86472],[106.02211,21.86276],[106.02009,21.86163],[106.02003,21.85986],[106.02092,21.85827],[106.02064,21.85659],[106.02132,21.8558],[106.02048,21.85406],[106.01964,21.85448],[106.01873,21.85309],[106.01669,21.85343],[106.01334,21.85146],[106.01263,21.85034],[106.0106,21.84887],[106.0091,21.84841],[106.0081,21.84554],[106.00716,21.84436],[106.00813,21.84244],[106.01012,21.84071],[106.01074,21.83709],[106.01265,21.8356],[106.01307,21.83356],[106.01493,21.83267],[106.01583,21.83023],[106.01573,21.82912],[106.01433,21.82797],[106.01116,21.82602],[106.0093,21.82638],[106.00708,21.8259],[106.00554,21.82476],[106.00528,21.82261],[106.00718,21.82067],[106.0056,21.81951],[106.00461,21.81753],[106.00435,21.81629],[106.00358,21.81602],[106.00394,21.81353],[106.00144,21.81068],[106.00104,21.80924],[105.9993,21.81],[105.99584,21.81229],[105.99361,21.81123],[105.99259,21.80954],[105.98858,21.80663],[105.98619,21.80533],[105.98316,21.80325],[105.98005,21.80177],[105.97825,21.80163],[105.97692,21.80062],[105.97481,21.79805],[105.97382,21.79777],[105.97272,21.79666],[105.97539,21.7938],[105.97626,21.79372],[105.97836,21.79276],[105.97974,21.79065],[105.97988,21.78791],[105.98034,21.78597],[105.98113,21.78454],[105.98325,21.7824],[105.98416,21.7832],[105.9849,21.78178],[105.98613,21.78181],[105.9886,21.78029],[105.992,21.77962],[105.99278,21.78],[105.99368,21.78191],[105.99448,21.78246],[105.99456,21.78342],[105.99592,21.78396],[105.99852,21.78],[106.00121,21.77633],[106.0028,21.77544],[106.00361,21.7755],[106.00539,21.774],[106.00555,21.77184],[106.00519,21.77036],[106.00607,21.76942],[106.00766,21.76982],[106.01019,21.76824],[106.01238,21.76551],[106.01475,21.76438],[106.01658,21.76389],[106.02015,21.76364],[106.02252,21.7626],[106.0235,21.76282],[106.02405,21.76384],[106.02634,21.76323],[106.0282,21.76377],[106.02967,21.76346],[106.03179,21.76348],[106.0336,21.7628],[106.03532,21.76413],[106.03572,21.76338],[106.03726,21.76272],[106.03965,21.76277],[106.04451,21.76364],[106.0458,21.76455],[106.04682,21.76612],[106.04805,21.76735],[106.04845,21.7694],[106.04896,21.77024],[106.05052,21.77069],[106.05135,21.77256],[106.05282,21.77336],[106.05463,21.77631],[106.05591,21.7778],[106.05718,21.77876],[106.05977,21.7817],[106.06272,21.7827],[106.06445,21.78375],[106.06636,21.78387],[106.06782,21.78496],[106.07016,21.78786],[106.07089,21.7881],[106.07145,21.78924],[106.07332,21.78982],[106.07464,21.79085],[106.07521,21.79225],[106.07652,21.79338],[106.07836,21.7936],[106.07974,21.79736],[106.08043,21.79822],[106.08066,21.79947],[106.07878,21.80192],[106.07879,21.80304],[106.07696,21.80451],[106.07808,21.80672],[106.08118,21.80884],[106.08183,21.81009],[106.08331,21.80988],[106.08554,21.81076],[106.08677,21.81208],[106.09117,21.81245],[106.09378,21.81324],[106.0962,21.81269],[106.09811,21.81299],[106.09763,21.81562],[106.09555,21.81902],[106.09555,21.8213],[106.09738,21.82312],[106.09892,21.82364],[106.10058,21.8247],[106.10131,21.82605],[106.10011,21.82883],[106.10051,21.82971],[106.1024,21.83123],[106.10523,21.83078],[106.10738,21.83127],[106.10815,21.83242],[106.10811,21.83486],[106.10851,21.83615],[106.10646,21.83846],[106.10627,21.83969],[106.10727,21.84109],[106.10885,21.84116],[106.11103,21.84073],[106.11166,21.84026],[106.11467,21.84057],[106.11703,21.84164],[106.11828,21.84347],[106.11798,21.84483],[106.11421,21.84817],[106.1129,21.84872],[106.11153,21.8499],[106.11208,21.85127],[106.11223,21.85276],[106.11305,21.8539],[106.11266,21.85538],[106.11171,21.85687],[106.11189,21.85888],[106.11095,21.85966],[106.11046,21.86101],[106.11095,21.86176],[106.111,21.86416],[106.11199,21.86602],[106.11366,21.86684],[106.11339,21.86865],[106.11481,21.86895],[106.1154,21.87023],[106.11549,21.87383],[106.11514,21.87475],[106.11382,21.87526],[106.11429,21.87648],[106.11541,21.87701],[106.11629,21.88038],[106.11558,21.88218],[106.11484,21.88275],[106.11374,21.88588],[106.11408,21.88652],[106.11315,21.88948],[106.11305,21.89083],[106.11482,21.89197],[106.11488,21.89436],[106.1199,21.89691],[106.12124,21.89664],[106.12252,21.89686],[106.12353,21.89763],[106.12382,21.89879],[106.126,21.89897],[106.12723,21.89878],[106.12809,21.90002],[106.12847,21.90189],[106.13027,21.90321],[106.13004,21.90421],[106.13091,21.90621],[106.13018,21.90733],[106.12949,21.90716],[106.12768,21.90786],[106.1279,21.90917],[106.12718,21.91037],[106.12824,21.91206],[106.1285,21.91343],[106.1315,21.91561],[106.13211,21.91669],[106.1319,21.91918],[106.13212,21.92051],[106.13074,21.92274],[106.12924,21.92408],[106.12761,21.92499],[106.12506,21.92439],[106.12404,21.9247],[106.12252,21.92392],[106.12045,21.92554],[106.1181,21.92834],[106.11708,21.92871],[106.11308,21.9292],[106.11252,21.9298],[106.11268,21.93106],[106.11178,21.93302],[106.1107,21.93404],[106.10907,21.93295],[106.10793,21.93262],[106.10652,21.93307],[106.10641,21.93445],[106.10395,21.93648],[106.10157,21.93661],[106.09923,21.93703],[106.0979,21.93844]]]},"properties":{"a01_tinh":"diaphanhanhchinhcaptinh_sn.101","a02_xa":"diaphanhanhchinhcapxa_2025.1219","a03_ten":"Xã Nghinh Tường","a04_tentinh":"Tỉnh Thái Nguyên","a05_truocsn":"Xã Vũ Chấn, Xã Nghinh Tường","a06_trungtamhc":"Trụ sở Đảng ủy, HĐND, UBND xã Nghinh Tường","a07_dt":"160.73","a08_ds":"6554","a09_dthoai":null,"a10_web":null,"ten":"Xã Nghinh Tường","ma":"05722","tentinh":"Tỉnh Thái Nguyên","truocsapnhap":"Xã Vũ Chấn, Xã Nghinh Tường","dientichkm2":null,"dansonguoi":null},"id":"diaphanhanhchinhcapxa_2025.1219"},
{"type":"Feature","geometry":{"type":"Polygon","coordinates":[[[105.80517,22.21556],[105.80403,22.21592],[105.8026,22.21718],[105.8011,22.21724],[105.79978,22.21824],[105.79793,22.21896],[105.79682,22.22026],[105.79657,22.22357],[105.79394,22.22475],[105.79348,22.22573],[105.79211,22.226],[105.79067,22.22747],[105.79119,22.22892],[105.79127,22.23093],[105.79051,22.23166],[105.79096,22.23363],[105.79075,22.23458],[105.78958,22.23593],[105.78883,22.23979],[105.7899,22.24142],[105.78924,22.244],[105.79001,22.24623],[105.78894,22.2478],[105.78767,22.24879],[105.7891,22.2496],[105.78901,22.25096],[105.78956,22.25292],[105.79119,22.25425],[105.79279,22.25475],[105.793,22.2564],[105.79254,22.25735],[105.79319,22.25914],[105.79382,22.25942],[105.79361,22.26093],[105.79402,22.26236],[105.79409,22.26438],[105.79279,22.26599],[105.79375,22.2695],[105.79354,22.27231],[105.79129,22.27378],[105.78895,22.27584],[105.78815,22.2788],[105.78842,22.27956],[105.78808,22.282],[105.78724,22.28167],[105.78618,22.28051],[105.78444,22.27964],[105.78198,22.27896],[105.77984,22.27739],[105.77878,22.27708],[105.77746,22.2774],[105.77561,22.27688],[105.77403,22.27599],[105.77396,22.27527],[105.77279,22.27368],[105.77212,22.27223],[105.76539,22.27177],[105.76429,22.27069],[105.75808,22.27068],[105.75668,22.27047],[105.75467,22.2722],[105.75294,22.27335],[105.74816,22.27356],[105.74688,22.27335],[105.74355,22.27443],[105.74074,22.27474],[105.73891,22.27452],[105.73561,22.27279],[105.73348,22.2728],[105.73021,22.27383],[105.72742,22.273],[105.72613,22.27214],[105.72514,22.271],[105.72493,22.26944],[105.72359,22.26884],[105.72272,22.2678],[105.72183,22.26764],[105.71752,22.2661],[105.71615,22.26414],[105.71487,22.2631],[105.71339,22.26338],[105.71235,22.26282],[105.71072,22.26255],[105.70893,22.26176],[105.70631,22.26022],[105.70631,22.25937],[105.70781,22.25711],[105.70873,22.25422],[105.7085,22.25292],[105.70892,22.25033],[105.71033,22.24785],[105.71055,22.24603],[105.71016,22.24462],[105.71124,22.24139],[105.71267,22.23976],[105.71182,22.23747],[105.7119,22.23577],[105.71096,22.23411],[105.71145,22.23166],[105.71116,22.22824],[105.71138,22.22691],[105.70836,22.22539],[105.70455,22.22454],[105.70375,22.22649],[105.70245,22.22679],[105.6998,22.22661],[105.69757,22.22616],[105.69164,22.22612],[105.69382,22.22506],[105.69569,22.22367],[105.6957,22.22142],[105.6979,22.21875],[105.69849,22.21705],[105.70007,22.2148],[105.69962,22.2134],[105.70084,22.21069],[105.69815,22.20791],[105.69638,22.20695],[105.69528,22.20578],[105.69382,22.20509],[105.69284,22.20395],[105.69117,22.20359],[105.68926,22.20251],[105.68806,22.20146],[105.68864,22.20008],[105.68991,22.19898],[105.68941,22.19764],[105.68649,22.19545],[105.68736,22.19464],[105.68743,22.19123],[105.68819,22.19043],[105.68829,22.18783],[105.68923,22.18618],[105.6892,22.18404],[105.68863,22.1814],[105.68491,22.17864],[105.68379,22.17611],[105.68326,22.17375],[105.68481,22.17131],[105.68606,22.17024],[105.68684,22.16854],[105.68751,22.16787],[105.6876,22.16631],[105.68814,22.16414],[105.68784,22.163],[105.6924,22.15953],[105.69494,22.15802],[105.69489,22.15622],[105.69585,22.15569],[105.69808,22.15687],[105.70014,22.15699],[105.70183,22.15773],[105.7038,22.15681],[105.70546,22.15704],[105.70596,22.15568],[105.70909,22.15454],[105.71468,22.15409],[105.71585,22.15306],[105.71798,22.15226],[105.71902,22.15258],[105.7199,22.15368],[105.72312,22.15255],[105.72576,22.15299],[105.727,22.15235],[105.72901,22.15229],[105.73096,22.14878],[105.73224,22.14816],[105.73441,22.14772],[105.73693,22.1459],[105.73868,22.14526],[105.73992,22.14614],[105.74297,22.1463],[105.74389,22.14813],[105.74513,22.14914],[105.74791,22.15026],[105.75199,22.14965],[105.75315,22.15091],[105.75387,22.15252],[105.75499,22.15297],[105.75836,22.15204],[105.76161,22.15181],[105.76282,22.15048],[105.76546,22.15008],[105.76853,22.14923],[105.76974,22.14932],[105.77078,22.15143],[105.77156,22.15188],[105.77511,22.15165],[105.77647,22.15347],[105.77793,22.15367],[105.77976,22.15331],[105.78169,22.15426],[105.78239,22.15373],[105.78316,22.15219],[105.78544,22.15129],[105.78616,22.14905],[105.78705,22.14792],[105.78899,22.14748],[105.79072,22.14632],[105.79196,22.1463],[105.79342,22.1449],[105.79481,22.14206],[105.79458,22.14076],[105.79539,22.13922],[105.79708,22.1395],[105.79775,22.14053],[105.79909,22.14112],[105.79853,22.14216],[105.79914,22.14291],[105.8011,22.14406],[105.80313,22.14429],[105.80331,22.1465],[105.80471,22.14684],[105.80549,22.14535],[105.80672,22.14533],[105.80701,22.14698],[105.80656,22.14813],[105.80901,22.1489],[105.81081,22.14866],[105.81218,22.14713],[105.81363,22.14695],[105.81453,22.1477],[105.81463,22.14872],[105.81637,22.15018],[105.81555,22.15183],[105.8156,22.15358],[105.8175,22.15445],[105.81857,22.15603],[105.82068,22.15606],[105.82196,22.15481],[105.8228,22.15349],[105.82501,22.15155],[105.82741,22.15119],[105.83038,22.1526],[105.83273,22.15268],[105.83515,22.15328],[105.83681,22.15331],[105.83923,22.1538],[105.83871,22.15486],[105.83786,22.15465],[105.83712,22.15688],[105.83657,22.15742],[105.83688,22.15869],[105.83491,22.15928],[105.83355,22.15938],[105.83299,22.16077],[105.83376,22.16171],[105.83352,22.16341],[105.83132,22.16562],[105.8313,22.16746],[105.82943,22.16772],[105.82838,22.16923],[105.82689,22.17045],[105.82616,22.17206],[105.82673,22.17391],[105.82575,22.17472],[105.82611,22.17596],[105.82713,22.1774],[105.82678,22.1795],[105.82682,22.18129],[105.82796,22.18335],[105.82743,22.18586],[105.82696,22.18646],[105.82526,22.18733],[105.82399,22.18887],[105.8236,22.19162],[105.8226,22.19241],[105.82023,22.19366],[105.81933,22.19374],[105.81848,22.1953],[105.81077,22.19934],[105.80851,22.20002],[105.80898,22.20181],[105.81013,22.20359],[105.80957,22.20495],[105.80907,22.20805],[105.80864,22.20933],[105.80707,22.21209],[105.80757,22.2131],[105.80632,22.21404],[105.80517,22.21556]]]},"properties":{"a01_tinh":"diaphanhanhchinhcaptinh_sn.101","a02_xa":"diaphanhanhchinhcapxa_2025.1254","a03_ten":"Xã Phong Quang","a04_tentinh":"Tỉnh Thái Nguyên","a05_truocsn":"Xã Dương Quang, Xã Đôn Phong","a06_trungtamhc":"Trụ sở Đảng ủy, HĐND, UBND xã Dương Quang","a07_dt":"153.46","a08_ds":"6144","a09_dthoai":null,"a10_web":null,"ten":"Xã Phong Quang","ma":"01849","tentinh":"Tỉnh Thái Nguyên","truocsapnhap":"Xã Dương Quang, Xã Đôn Phong","dientichkm2":null,"dansonguoi":null},"id":"diaphanhanhchinhcapxa_2025.1254"},
{"type":"Feature","geometry":{"type":"Polygon","coordinates":[[[105.96362,21.52037],[105.96189,21.51881],[105.96147,21.51755],[105.96033,21.51787],[105.95916,21.51718],[105.95754,21.51716],[105.95573,21.51799],[105.95294,21.51707],[105.9523,21.51771],[105.95179,21.51561],[105.94891,21.51518],[105.94757,21.51438],[105.94565,21.51422],[105.94512,21.513],[105.94297,21.51325],[105.94279,21.51465],[105.94019,21.51473],[105.93958,21.51433],[105.94035,21.51244],[105.93841,21.51191],[105.9378,21.51238],[105.93623,21.51191],[105.93616,21.51078],[105.93681,21.50981],[105.93571,21.50854],[105.93665,21.50822],[105.9368,21.50698],[105.93577,21.5054],[105.93636,21.50365],[105.93551,21.50243],[105.93438,21.50214],[105.93385,21.50298],[105.93281,21.50115],[105.93145,21.50142],[105.93113,21.50008],[105.93214,21.49901],[105.9331,21.49676],[105.93319,21.49575],[105.93247,21.49506],[105.92974,21.49388],[105.92878,21.4923],[105.92505,21.48859],[105.92419,21.48746],[105.92144,21.48527],[105.92037,21.48403],[105.91847,21.48251],[105.91686,21.48303],[105.91652,21.48133],[105.91503,21.48137],[105.91573,21.47974],[105.91667,21.48004],[105.91709,21.47858],[105.91843,21.47882],[105.91985,21.47825],[105.92067,21.47664],[105.92217,21.47629],[105.9238,21.47482],[105.92502,21.47451],[105.9262,21.47308],[105.92662,21.47117],[105.92654,21.46842],[105.9258,21.46525],[105.92655,21.46279],[105.92876,21.46271],[105.92961,21.46221],[105.93149,21.46205],[105.93254,21.4597],[105.93265,21.45867],[105.93392,21.45776],[105.93451,21.45629],[105.93434,21.45263],[105.93505,21.45025],[105.9343,21.44868],[105.93331,21.44787],[105.93165,21.44797],[105.93143,21.44654],[105.93002,21.44515],[105.93067,21.44469],[105.92853,21.44311],[105.92745,21.44408],[105.92607,21.44329],[105.92546,21.4422],[105.92581,21.44079],[105.92518,21.43878],[105.92706,21.43677],[105.92886,21.43751],[105.93067,21.43707],[105.93215,21.43574],[105.93405,21.43506],[105.93542,21.43322],[105.93757,21.43264],[105.93999,21.43285],[105.94388,21.43521],[105.94457,21.43767],[105.94627,21.4384],[105.94782,21.43793],[105.94879,21.43922],[105.95239,21.44108],[105.9532,21.44047],[105.95443,21.441],[105.95622,21.44308],[105.95753,21.44406],[105.96332,21.44414],[105.9646,21.44546],[105.96577,21.4448],[105.96776,21.44565],[105.96934,21.44516],[105.96974,21.44453],[105.97139,21.44395],[105.97178,21.44456],[105.97333,21.44397],[105.9744,21.44255],[105.97541,21.44242],[105.97857,21.44395],[105.97852,21.44557],[105.98106,21.44563],[105.9832,21.44798],[105.98427,21.44852],[105.98612,21.44875],[105.98879,21.44844],[105.99048,21.44768],[105.9915,21.44762],[105.99218,21.44877],[105.9937,21.44957],[105.9957,21.45223],[105.99692,21.45479],[105.99704,21.45654],[105.99937,21.46006],[105.99971,21.46118],[105.99818,21.46151],[105.99766,21.46287],[105.99577,21.46361],[105.9916,21.46208],[105.99026,21.46233],[105.98982,21.46569],[105.9911,21.46769],[105.99301,21.46904],[105.99247,21.47045],[105.99274,21.47108],[105.99104,21.47379],[105.99199,21.47576],[105.99117,21.47716],[105.98949,21.47808],[105.9884,21.4803],[105.98707,21.48096],[105.98741,21.48265],[105.98595,21.48292],[105.98476,21.48358],[105.98444,21.48497],[105.98274,21.48578],[105.9818,21.48431],[105.98031,21.48373],[105.97766,21.48456],[105.97662,21.48423],[105.97465,21.4843],[105.97305,21.48185],[105.97271,21.48066],[105.97108,21.48009],[105.96954,21.48075],[105.96893,21.47982],[105.9661,21.47981],[105.96517,21.48081],[105.96098,21.48125],[105.96154,21.48342],[105.96072,21.48418],[105.96114,21.48639],[105.96096,21.48767],[105.96335,21.48937],[105.96335,21.49136],[105.96538,21.49208],[105.96508,21.49355],[105.96635,21.49491],[105.96639,21.4955],[105.9682,21.49932],[105.96881,21.50127],[105.97041,21.50324],[105.97029,21.50472],[105.97109,21.50618],[105.97208,21.50661],[105.97136,21.50818],[105.97067,21.5113],[105.96962,21.51148],[105.96881,21.51258],[105.96875,21.51358],[105.96946,21.51422],[105.96505,21.51814],[105.96423,21.51859],[105.96362,21.52037]]]},"properties":{"a01_tinh":"diaphanhanhchinhcaptinh_sn.101","a02_xa":"diaphanhanhchinhcapxa_2025.1235","a03_ten":"Xã Phú Bình","a04_tentinh":"Tỉnh Thái Nguyên","a05_truocsn":"Thị trấn Hương Sơn, Xã Xuân Phương, Xã Úc Kỳ, Xã Nhã Lộng, Xã Bảo Lý, Xã Thượng Đình","a06_trungtamhc":"Trụ sở Đảng ủy, HĐND, UBND tại Huyện ủy Phú Bình","a07_dt":"44.18","a08_ds":"44845","a09_dthoai":null,"a10_web":null,"ten":"Xã Phú Bình","ma":"05908","tentinh":"Tỉnh Thái Nguyên","truocsapnhap":"Thị trấn Hương Sơn, Xã Xuân Phương, Xã Úc Kỳ, Xã Nhã Lộng, Xã Bảo Lý, Xã Thượng Đình","dientichkm2":null,"dansonguoi":null},"id":"diaphanhanhchinhcapxa_2025.1235"},
{"type":"Feature","geometry":{"type":"Polygon","coordinates":[[[105.52576,21.7679],[105.52626,21.7686],[105.53081,21.76936],[105.53349,21.7696],[105.5354,21.77097],[105.53694,21.77316],[105.53858,21.77499],[105.54176,21.77729],[105.54394,21.77768],[105.54686,21.7799],[105.54906,21.78062],[105.54916,21.78223],[105.54783,21.78352],[105.54868,21.78475],[105.54775,21.7867],[105.54929,21.78956],[105.5513,21.79074],[105.55326,21.7915],[105.55398,21.79249],[105.55497,21.79735],[105.5567,21.79755],[105.55622,21.79849],[105.55617,21.79994],[105.55277,21.80066],[105.55333,21.80176],[105.55139,21.80365],[105.55071,21.80542],[105.55073,21.80672],[105.5517,21.80932],[105.55263,21.80945],[105.55363,21.81155],[105.55905,21.81295],[105.56099,21.8149],[105.56382,21.81636],[105.56563,21.8165],[105.56517,21.81924],[105.56612,21.82173],[105.56597,21.8229],[105.56736,21.82374],[105.56879,21.82384],[105.57021,21.82517],[105.57093,21.82646],[105.57065,21.82728],[105.5691,21.82698],[105.56742,21.82748],[105.56609,21.82749],[105.56566,21.82869],[105.56405,21.83086],[105.56536,21.83221],[105.56472,21.83433],[105.56346,21.83621],[105.56237,21.83694],[105.56322,21.83797],[105.56464,21.83769],[105.56554,21.84049],[105.56619,21.84384],[105.56624,21.84467],[105.56546,21.84616],[105.56425,21.84652],[105.56105,21.84616],[105.56077,21.84643],[105.55577,21.84669],[105.55339,21.84789],[105.55189,21.84767],[105.55077,21.84648],[105.54865,21.84668],[105.54518,21.84753],[105.54527,21.8491],[105.54326,21.8482],[105.54185,21.84874],[105.54097,21.84831],[105.54001,21.84868],[105.53883,21.84813],[105.53669,21.84868],[105.53481,21.84948],[105.53204,21.85001],[105.52943,21.84785],[105.52899,21.84677],[105.52938,21.84574],[105.52797,21.84066],[105.52855,21.83881],[105.52846,21.83624],[105.52771,21.83469],[105.52542,21.83318],[105.52462,21.83313],[105.52196,21.83159],[105.51977,21.83078],[105.51875,21.82892],[105.51677,21.82675],[105.51476,21.82679],[105.51367,21.82855],[105.51358,21.82964],[105.51047,21.83269],[105.50974,21.83259],[105.5062,21.83312],[105.50417,21.83227],[105.50204,21.83265],[105.49902,21.83192],[105.49749,21.83263],[105.49528,21.83138],[105.49423,21.82854],[105.49343,21.82807],[105.49394,21.82224],[105.49451,21.82154],[105.49469,21.81853],[105.49509,21.81733],[105.49453,21.81506],[105.49485,21.81381],[105.49448,21.81287],[105.49421,21.80759],[105.49286,21.80459],[105.49407,21.80252],[105.49461,21.80076],[105.49559,21.7998],[105.49492,21.79704],[105.49691,21.79568],[105.49751,21.79291],[105.49724,21.79103],[105.49626,21.78893],[105.4962,21.78602],[105.49557,21.78352],[105.49422,21.78214],[105.49263,21.77976],[105.49257,21.77845],[105.49373,21.77654],[105.49362,21.77538],[105.49543,21.7735],[105.49727,21.77273],[105.49962,21.77083],[105.50189,21.77056],[105.50582,21.77132],[105.50801,21.77257],[105.51107,21.77346],[105.51389,21.77334],[105.51627,21.77432],[105.51718,21.77309],[105.51881,21.77254],[105.52001,21.77146],[105.52228,21.77091],[105.52355,21.76969],[105.52514,21.76898],[105.52576,21.7679]]]},"properties":{"a01_tinh":"diaphanhanhchinhcaptinh_sn.101","a02_xa":"diaphanhanhchinhcapxa_2025.1207","a03_ten":"Xã Phú Đình","a04_tentinh":"Tỉnh Thái Nguyên","a05_truocsn":"Xã Điềm Mặc, Xã Phú Đình","a06_trungtamhc":"Trụ sở Đảng ủy, HĐND, UBND xã Phú Đình","a07_dt":"47.89","a08_ds":"11746","a09_dthoai":null,"a10_web":null,"ten":"Xã Phú Đình","ma":"05602","tentinh":"Tỉnh Thái Nguyên","truocsapnhap":"Xã Điềm Mặc, Xã Phú Đình","dientichkm2":null,"dansonguoi":null},"id":"diaphanhanhchinhcapxa_2025.1207"},
{"type":"Feature","geometry":{"type":"Polygon","coordinates":[[[105.72745,21.66595],[105.72726,21.667],[105.72478,21.66584],[105.72227,21.66668],[105.72272,21.66546],[105.722,21.66449],[105.72097,21.66484],[105.71805,21.66463],[105.71735,21.66692],[105.7163,21.66718],[105.71438,21.66826],[105.71413,21.67008],[105.70924,21.6705],[105.70926,21.67108],[105.70815,21.67331],[105.70732,21.67344],[105.70542,21.67264],[105.70382,21.67323],[105.70337,21.67458],[105.70165,21.67497],[105.70211,21.676],[105.70186,21.67693],[105.70094,21.67765],[105.69608,21.67993],[105.69384,21.68085],[105.69229,21.68354],[105.69201,21.6847],[105.6898,21.68561],[105.68886,21.68631],[105.68805,21.68554],[105.6853,21.68705],[105.6833,21.68758],[105.68118,21.68967],[105.67853,21.68955],[105.67553,21.68984],[105.67542,21.69369],[105.67611,21.69626],[105.67573,21.69704],[105.6763,21.6999],[105.67689,21.70054],[105.67721,21.70237],[105.67784,21.70337],[105.677,21.70424],[105.67531,21.70441],[105.67438,21.70504],[105.67289,21.70869],[105.67302,21.70978],[105.67205,21.71155],[105.66729,21.71328],[105.666,21.71217],[105.6643,21.7124],[105.66279,21.7133],[105.66021,21.71256],[105.65938,21.7144],[105.65755,21.71529],[105.65593,21.71654],[105.65407,21.71737],[105.65083,21.71749],[105.65022,21.71704],[105.64791,21.71772],[105.64664,21.71847],[105.64542,21.72035],[105.64216,21.72099],[105.64061,21.72044],[105.6392,21.72052],[105.63724,21.71955],[105.6358,21.71957],[105.63499,21.71913],[105.63381,21.71935],[105.62922,21.71775],[105.6274,21.71508],[105.62477,21.71202],[105.62402,21.71178],[105.62139,21.70887],[105.61903,21.70453],[105.61421,21.70462],[105.61211,21.70669],[105.6113,21.70789],[105.60995,21.7084],[105.60811,21.70863],[105.60602,21.70718],[105.60583,21.70636],[105.60422,21.70537],[105.60325,21.70424],[105.60187,21.70375],[105.60005,21.70363],[105.59837,21.70566],[105.59791,21.70582],[105.59465,21.70485],[105.59269,21.70556],[105.58963,21.70558],[105.58852,21.70492],[105.58675,21.70493],[105.58545,21.70553],[105.58429,21.70551],[105.58319,21.70412],[105.58182,21.70168],[105.58203,21.69881],[105.58299,21.69792],[105.58332,21.69639],[105.58477,21.69587],[105.58532,21.69444],[105.58629,21.69329],[105.58672,21.69088],[105.58953,21.69136],[105.59019,21.68938],[105.59101,21.68862],[105.59167,21.68925],[105.59315,21.68863],[105.59355,21.68658],[105.59456,21.68683],[105.59529,21.68558],[105.59686,21.68549],[105.59727,21.68408],[105.59685,21.68275],[105.59805,21.68099],[105.59807,21.68032],[105.59933,21.6794],[105.59954,21.67849],[105.59905,21.67692],[105.59755,21.67601],[105.59803,21.67483],[105.59947,21.67326],[105.60087,21.67291],[105.6016,21.67149],[105.6012,21.67049],[105.59997,21.66981],[105.60007,21.6692],[105.60177,21.66874],[105.60358,21.66986],[105.60906,21.66892],[105.60981,21.66904],[105.61135,21.67041],[105.61379,21.67107],[105.61072,21.67285],[105.61274,21.67309],[105.61244,21.67584],[105.61399,21.67627],[105.61736,21.67659],[105.61848,21.67726],[105.62062,21.6764],[105.62271,21.67676],[105.62304,21.67774],[105.62498,21.6799],[105.62611,21.68076],[105.6265,21.67959],[105.62741,21.67974],[105.62941,21.67932],[105.63128,21.67678],[105.63009,21.67598],[105.62965,21.67448],[105.63013,21.67296],[105.63111,21.67139],[105.63257,21.67007],[105.63239,21.66877],[105.63698,21.66713],[105.63769,21.66723],[105.63934,21.66625],[105.64042,21.66669],[105.64468,21.66458],[105.64573,21.66314],[105.64699,21.6633],[105.64794,21.66251],[105.65009,21.66217],[105.65155,21.66269],[105.65255,21.66075],[105.65347,21.66119],[105.65476,21.66109],[105.65761,21.65969],[105.65814,21.6584],[105.65767,21.65741],[105.65849,21.65652],[105.66042,21.65317],[105.66129,21.65072],[105.66067,21.64945],[105.661,21.64789],[105.66229,21.64675],[105.66333,21.64765],[105.66535,21.65],[105.66579,21.65148],[105.66771,21.65528],[105.66951,21.65582],[105.67036,21.65542],[105.67302,21.65626],[105.67513,21.65477],[105.67741,21.6557],[105.67815,21.65393],[105.67888,21.65374],[105.68049,21.6547],[105.68289,21.65387],[105.68469,21.65193],[105.68555,21.65159],[105.68634,21.65226],[105.68832,21.65291],[105.69069,21.65081],[105.69261,21.65101],[105.69364,21.64896],[105.6952,21.64786],[105.69854,21.64689],[105.6994,21.64721],[105.70086,21.64886],[105.70295,21.64949],[105.70334,21.65052],[105.70567,21.65305],[105.70702,21.65352],[105.71008,21.65137],[105.71518,21.65085],[105.71667,21.65221],[105.71791,21.65417],[105.71973,21.65633],[105.7236,21.66179],[105.72495,21.66446],[105.72632,21.66613],[105.72745,21.66595]]]},"properties":{"a01_tinh":"diaphanhanhchinhcaptinh_sn.101","a02_xa":"diaphanhanhchinhcapxa_2025.1194","a03_ten":"Xã Phú Lạc","a04_tentinh":"Tỉnh Thái Nguyên","a05_truocsn":"Xã Phục Linh, Xã Tân Linh, Xã Phú Lạc","a06_trungtamhc":"Trụ sở Đảng ủy, HĐND, UBND xã Tân Linh","a07_dt":"58.07","a08_ds":"21105","a09_dthoai":null,"a10_web":null,"ten":"Xã Phú Lạc","ma":"05788","tentinh":"Tỉnh Thái Nguyên","truocsapnhap":"Xã Phục Linh, Xã Tân Linh, Xã Phú Lạc","dientichkm2":null,"dansonguoi":null},"id":"diaphanhanhchinhcapxa_2025.1194"},
{"type":"Feature","geometry":{"type":"Polygon","coordinates":[[[105.79926,21.80511],[105.79691,21.80472],[105.7958,21.80482],[105.79407,21.80556],[105.79229,21.80562],[105.78826,21.80498],[105.78609,21.8044],[105.78425,21.80657],[105.7832,21.80673],[105.78225,21.80855],[105.78073,21.80889],[105.77991,21.81021],[105.77876,21.81103],[105.77432,21.81174],[105.77285,21.81256],[105.77087,21.81182],[105.7699,21.81337],[105.76801,21.81281],[105.76728,21.8131],[105.7642,21.81557],[105.76102,21.81688],[105.76075,21.81802],[105.75994,21.81891],[105.7593,21.82071],[105.76004,21.8219],[105.76102,21.82772],[105.76025,21.83081],[105.75862,21.83033],[105.75813,21.83088],[105.758,21.8324],[105.75778,21.83165],[105.75562,21.83189],[105.75438,21.83107],[105.75411,21.82989],[105.75119,21.82622],[105.7495,21.82554],[105.74734,21.82244],[105.7486,21.82032],[105.74796,21.81838],[105.74672,21.81752],[105.74699,21.81616],[105.74816,21.81368],[105.74814,21.81315],[105.74673,21.81064],[105.74332,21.8089],[105.74179,21.8077],[105.74142,21.80448],[105.74164,21.80169],[105.73986,21.8002],[105.73917,21.80105],[105.73706,21.80113],[105.73657,21.80194],[105.73502,21.80087],[105.73326,21.80109],[105.73213,21.80077],[105.73093,21.80113],[105.72933,21.80071],[105.72778,21.79879],[105.7265,21.79948],[105.72336,21.79636],[105.72251,21.79349],[105.72048,21.79154],[105.71978,21.79034],[105.71742,21.78806],[105.71718,21.78707],[105.71524,21.78661],[105.714,21.78501],[105.71344,21.78518],[105.71171,21.78451],[105.71073,21.78298],[105.71161,21.78034],[105.7116,21.77936],[105.7107,21.77909],[105.71028,21.77746],[105.70807,21.77593],[105.70826,21.7749],[105.70726,21.77391],[105.70621,21.77413],[105.70545,21.77273],[105.70565,21.77111],[105.70537,21.76969],[105.70416,21.76887],[105.70189,21.76905],[105.7007,21.76834],[105.69933,21.76636],[105.69765,21.76611],[105.69747,21.76412],[105.69866,21.7632],[105.69893,21.76172],[105.69719,21.76127],[105.69735,21.7602],[105.6966,21.7596],[105.69754,21.75762],[105.6972,21.75666],[105.69606,21.75513],[105.69439,21.75495],[105.69314,21.75401],[105.69131,21.75409],[105.69098,21.75259],[105.69179,21.75216],[105.69176,21.75028],[105.69264,21.74992],[105.69272,21.74817],[105.69395,21.74708],[105.69468,21.74383],[105.69415,21.74265],[105.69437,21.74171],[105.69326,21.7414],[105.69228,21.74053],[105.68973,21.73968],[105.68968,21.74159],[105.68714,21.7427],[105.68612,21.74416],[105.6844,21.744],[105.68264,21.74327],[105.68219,21.74185],[105.68139,21.74154],[105.67749,21.73752],[105.67585,21.73681],[105.67398,21.73681],[105.67342,21.73491],[105.67242,21.73504],[105.66935,21.73448],[105.66742,21.73461],[105.66581,21.73511],[105.66471,21.73459],[105.66386,21.7326],[105.66178,21.73113],[105.66048,21.72946],[105.6589,21.72854],[105.65772,21.72844],[105.6555,21.72772],[105.65446,21.7281],[105.65191,21.72771],[105.65154,21.72711],[105.64898,21.72639],[105.64657,21.72505],[105.64569,21.72356],[105.64378,21.72165],[105.64163,21.72105],[105.64061,21.72044],[105.64216,21.72099],[105.64542,21.72035],[105.64664,21.71847],[105.64791,21.71772],[105.65022,21.71704],[105.65083,21.71749],[105.65407,21.71737],[105.65593,21.71654],[105.65755,21.71529],[105.65938,21.7144],[105.66021,21.71256],[105.66279,21.7133],[105.6643,21.7124],[105.666,21.71217],[105.66729,21.71328],[105.67205,21.71155],[105.67302,21.70978],[105.67289,21.70869],[105.67438,21.70504],[105.67531,21.70441],[105.677,21.70424],[105.67784,21.70337],[105.67721,21.70237],[105.67689,21.70054],[105.6763,21.6999],[105.67573,21.69704],[105.67611,21.69626],[105.67542,21.69369],[105.67553,21.68984],[105.67853,21.68955],[105.68118,21.68967],[105.6833,21.68758],[105.6853,21.68705],[105.68805,21.68554],[105.68886,21.68631],[105.6898,21.68561],[105.69201,21.6847],[105.69229,21.68354],[105.69384,21.68085],[105.69608,21.67993],[105.70094,21.67765],[105.70186,21.67693],[105.70211,21.676],[105.70165,21.67497],[105.70337,21.67458],[105.70382,21.67323],[105.70542,21.67264],[105.70732,21.67344],[105.70815,21.67331],[105.70926,21.67108],[105.70924,21.6705],[105.71413,21.67008],[105.71438,21.66826],[105.7163,21.66718],[105.71735,21.66692],[105.71805,21.66463],[105.72097,21.66484],[105.722,21.66449],[105.72272,21.66546],[105.72227,21.66668],[105.72478,21.66584],[105.72726,21.667],[105.72745,21.66595],[105.72793,21.66336],[105.72869,21.66281],[105.73096,21.66299],[105.7315,21.66394],[105.73305,21.66413],[105.7351,21.66397],[105.73526,21.66527],[105.73744,21.66601],[105.73721,21.6669],[105.73793,21.66895],[105.73934,21.6686],[105.73863,21.66769],[105.73867,21.66671],[105.73987,21.66697],[105.74012,21.66858],[105.74175,21.66964],[105.74262,21.67144],[105.74375,21.67156],[105.74454,21.67288],[105.74341,21.67297],[105.74218,21.67555],[105.73975,21.67687],[105.73954,21.67863],[105.73759,21.68011],[105.73855,21.68131],[105.73943,21.68162],[105.73814,21.68375],[105.73879,21.68427],[105.73804,21.68587],[105.73832,21.68701],[105.73941,21.68815],[105.74039,21.68853],[105.74052,21.68941],[105.74145,21.68993],[105.74107,21.69149],[105.73994,21.69119],[105.73796,21.69184],[105.73848,21.69253],[105.73839,21.69412],[105.7391,21.69667],[105.73802,21.69733],[105.73722,21.69968],[105.73803,21.69988],[105.73748,21.70126],[105.73857,21.70269],[105.74029,21.70309],[105.74106,21.70438],[105.73904,21.70442],[105.7346,21.70699],[105.73437,21.70835],[105.73484,21.70957],[105.7344,21.71099],[105.73356,21.71209],[105.73426,21.71313],[105.73332,21.71416],[105.73358,21.71515],[105.73233,21.71621],[105.73363,21.71836],[105.73535,21.71788],[105.73808,21.71925],[105.74129,21.71985],[105.74202,21.72101],[105.74126,21.72246],[105.74117,21.72364],[105.74268,21.72485],[105.74248,21.72642],[105.74477,21.72769],[105.74652,21.73096],[105.74649,21.73192],[105.74799,21.73218],[105.74843,21.73303],[105.75096,21.73225],[105.75226,21.73323],[105.75414,21.73294],[105.75375,21.73387],[105.75497,21.73567],[105.75527,21.73678],[105.75492,21.73847],[105.7554,21.73951],[105.75516,21.7404],[105.75684,21.74153],[105.75638,21.74402],[105.75765,21.74481],[105.75755,21.74575],[105.75657,21.74623],[105.75646,21.74715],[105.75764,21.74965],[105.7571,21.75056],[105.75545,21.75074],[105.75393,21.75178],[105.75363,21.7526],[105.75394,21.75448],[105.75469,21.75608],[105.75633,21.75621],[105.7573,21.75683],[105.75735,21.75881],[105.76128,21.75928],[105.76239,21.75902],[105.76539,21.76088],[105.76681,21.765],[105.76825,21.76509],[105.7694,21.76719],[105.77083,21.76805],[105.77136,21.76979],[105.77249,21.76937],[105.77376,21.76979],[105.77614,21.77185],[105.77726,21.77233],[105.77871,21.77448],[105.7796,21.77505],[105.77983,21.77671],[105.78104,21.77757],[105.7848,21.77858],[105.78787,21.77911],[105.7881,21.77708],[105.78956,21.77545],[105.79028,21.77768],[105.79158,21.7794],[105.79288,21.78245],[105.7981,21.78961],[105.79781,21.7942],[105.79707,21.79472],[105.79478,21.79966],[105.79691,21.80143],[105.79695,21.80298],[105.79764,21.80397],[105.79926,21.80511]]]},"properties":{"a01_tinh":"diaphanhanhchinhcaptinh_sn.101","a02_xa":"diaphanhanhchinhcapxa_2025.1214","a03_ten":"Xã Phú Lương","a04_tentinh":"Tỉnh Thái Nguyên","a05_truocsn":"Thị trấn Đu, Thị trấn Giang Tiên, Xã Yên Lạc, Xã Động Đạt","a06_trungtamhc":"Trụ sở Đảng ủy, HĐND, UBND huyện Phú Lương hiện nay","a07_dt":"112.39","a08_ds":"43914","a09_dthoai":null,"a10_web":null,"ten":"Xã Phú Lương","ma":"05611","tentinh":"Tỉnh Thái Nguyên","truocsapnhap":"Thị trấn Đu, Thị trấn Giang Tiên, Xã Yên Lạc, Xã Động Đạt","dientichkm2":null,"dansonguoi":null},"id":"diaphanhanhchinhcapxa_2025.1214"},
{"type":"Feature","geometry":{"type":"Polygon","coordinates":[[[105.58429,21.70551],[105.5834,21.70761],[105.58069,21.7108],[105.58034,21.71188],[105.58025,21.71653],[105.57915,21.71806],[105.57919,21.71944],[105.57978,21.72218],[105.57947,21.72491],[105.57871,21.7262],[105.57912,21.72687],[105.5785,21.72944],[105.57739,21.72915],[105.57545,21.73009],[105.56885,21.73176],[105.56231,21.72913],[105.56115,21.7272],[105.55843,21.72566],[105.55745,21.7246],[105.55898,21.72362],[105.55875,21.72305],[105.55575,21.7239],[105.55312,21.72613],[105.55192,21.72683],[105.55071,21.72681],[105.54899,21.72785],[105.54589,21.72912],[105.54399,21.7293],[105.54182,21.73012],[105.53976,21.72937],[105.53832,21.72922],[105.53697,21.72773],[105.53488,21.727],[105.53321,21.72445],[105.53094,21.72335],[105.53,21.7225],[105.53001,21.72063],[105.52914,21.71782],[105.52935,21.71488],[105.5285,21.71378],[105.528,21.71213],[105.52671,21.7104],[105.52847,21.70919],[105.52992,21.70752],[105.52915,21.70403],[105.52969,21.70266],[105.52881,21.70039],[105.52972,21.69906],[105.5291,21.69841],[105.52967,21.69732],[105.52818,21.69726],[105.52711,21.69662],[105.52686,21.69554],[105.53383,21.6932],[105.53321,21.69558],[105.53438,21.69635],[105.53572,21.69573],[105.53614,21.69482],[105.53954,21.6928],[105.54065,21.69345],[105.54113,21.6921],[105.54267,21.69191],[105.54515,21.6931],[105.54644,21.69298],[105.54822,21.69026],[105.54878,21.68991],[105.55266,21.68978],[105.55349,21.68995],[105.55513,21.69153],[105.55751,21.69151],[105.55868,21.69194],[105.55836,21.69343],[105.56022,21.69558],[105.56099,21.69563],[105.56149,21.69453],[105.56144,21.69315],[105.56217,21.69267],[105.56175,21.69157],[105.56122,21.68867],[105.56133,21.68777],[105.56234,21.68672],[105.56196,21.68488],[105.56105,21.68463],[105.55881,21.68195],[105.55747,21.68076],[105.55783,21.67932],[105.55732,21.67825],[105.55852,21.67666],[105.55817,21.6737],[105.55936,21.67058],[105.56063,21.66947],[105.56163,21.66916],[105.5624,21.66668],[105.56118,21.66657],[105.56288,21.66414],[105.56434,21.66468],[105.56496,21.66415],[105.56615,21.66424],[105.56679,21.66331],[105.5699,21.66323],[105.57194,21.66349],[105.57451,21.66422],[105.57545,21.66331],[105.57626,21.66386],[105.57786,21.66331],[105.57987,21.66353],[105.58305,21.66176],[105.58567,21.66175],[105.58679,21.66141],[105.58703,21.66029],[105.58579,21.65994],[105.58454,21.65801],[105.58307,21.65763],[105.58242,21.65674],[105.5808,21.65682],[105.57956,21.65599],[105.57519,21.65533],[105.57509,21.65289],[105.57352,21.65245],[105.57488,21.65193],[105.57675,21.65026],[105.57673,21.64846],[105.57789,21.64876],[105.57841,21.64769],[105.57781,21.64668],[105.57649,21.64589],[105.57533,21.64405],[105.57625,21.64356],[105.57741,21.64188],[105.57958,21.64128],[105.58099,21.64255],[105.58166,21.64212],[105.58424,21.64349],[105.58576,21.64458],[105.58662,21.64432],[105.58818,21.64485],[105.58961,21.64462],[105.59058,21.64617],[105.59177,21.64709],[105.59426,21.64775],[105.59766,21.64833],[105.59889,21.64792],[105.60293,21.64854],[105.60658,21.64777],[105.60867,21.64627],[105.60928,21.64669],[105.61015,21.64932],[105.61204,21.65051],[105.61503,21.65048],[105.61563,21.6511],[105.61652,21.65027],[105.61779,21.65047],[105.61827,21.65262],[105.61909,21.65304],[105.61879,21.65426],[105.61936,21.65538],[105.6214,21.65635],[105.62066,21.658],[105.62074,21.65919],[105.62291,21.6606],[105.62321,21.66141],[105.62584,21.66105],[105.62755,21.66205],[105.62825,21.66414],[105.62895,21.66481],[105.629,21.66587],[105.63013,21.66653],[105.63163,21.66652],[105.63158,21.6679],[105.63239,21.66877],[105.63257,21.67007],[105.63111,21.67139],[105.63013,21.67296],[105.62965,21.67448],[105.63009,21.67598],[105.63128,21.67678],[105.62941,21.67932],[105.62741,21.67974],[105.6265,21.67959],[105.62611,21.68076],[105.62498,21.6799],[105.62304,21.67774],[105.62271,21.67676],[105.62062,21.6764],[105.61848,21.67726],[105.61736,21.67659],[105.61399,21.67627],[105.61244,21.67584],[105.61274,21.67309],[105.61072,21.67285],[105.61379,21.67107],[105.61135,21.67041],[105.60981,21.66904],[105.60906,21.66892],[105.60358,21.66986],[105.60177,21.66874],[105.60007,21.6692],[105.59997,21.66981],[105.6012,21.67049],[105.6016,21.67149],[105.60087,21.67291],[105.59947,21.67326],[105.59803,21.67483],[105.59755,21.67601],[105.59905,21.67692],[105.59954,21.67849],[105.59933,21.6794],[105.59807,21.68032],[105.59805,21.68099],[105.59685,21.68275],[105.59727,21.68408],[105.59686,21.68549],[105.59529,21.68558],[105.59456,21.68683],[105.59355,21.68658],[105.59315,21.68863],[105.59167,21.68925],[105.59101,21.68862],[105.59019,21.68938],[105.58953,21.69136],[105.58672,21.69088],[105.58629,21.69329],[105.58532,21.69444],[105.58477,21.69587],[105.58332,21.69639],[105.58299,21.69792],[105.58203,21.69881],[105.58182,21.70168],[105.58319,21.70412],[105.58429,21.70551]]]},"properties":{"a01_tinh":"diaphanhanhchinhcaptinh_sn.101","a02_xa":"diaphanhanhchinhcapxa_2025.1195","a03_ten":"Xã Phú Thịnh","a04_tentinh":"Tỉnh Thái Nguyên","a05_truocsn":"Xã Bản Ngoại, Xã Phú Cường, Xã Phú Thịnh","a06_trungtamhc":"Trụ sở Đảng ủy, HĐND, UBND xã Bản Ngoại","a07_dt":"45.37","a08_ds":"21333","a09_dthoai":null,"a10_web":null,"ten":"Xã Phú Thịnh","ma":"05800","tentinh":"Tỉnh Thái Nguyên","truocsapnhap":"Xã Bản Ngoại, Xã Phú Cường, Xã Phú Thịnh","dientichkm2":null,"dansonguoi":null},"id":"diaphanhanhchinhcapxa_2025.1195"},
{"type":"Feature","geometry":{"type":"Polygon","coordinates":[[[105.91457,22.28857],[105.91341,22.28962],[105.91106,22.29014],[105.90811,22.29286],[105.90679,22.29333],[105.9058,22.29505],[105.90541,22.29671],[105.90434,22.29774],[105.9038,22.29941],[105.90202,22.30077],[105.90153,22.30166],[105.89722,22.30201],[105.89751,22.30424],[105.89498,22.30583],[105.89311,22.30798],[105.89274,22.31009],[105.89201,22.31211],[105.89004,22.3135],[105.88913,22.31574],[105.88731,22.31769],[105.88433,22.31633],[105.88284,22.31699],[105.8782,22.31693],[105.87646,22.31653],[105.87616,22.31468],[105.87643,22.31351],[105.87606,22.31178],[105.87639,22.31079],[105.87335,22.3068],[105.87135,22.30689],[105.87054,22.30725],[105.86813,22.30714],[105.86662,22.30655],[105.86466,22.30657],[105.86175,22.30547],[105.86088,22.30587],[105.85604,22.30611],[105.85208,22.30594],[105.84939,22.30701],[105.84797,22.30656],[105.84696,22.30551],[105.84628,22.30594],[105.84358,22.30605],[105.84072,22.3073],[105.83788,22.3077],[105.83532,22.30568],[105.83454,22.30553],[105.83166,22.30636],[105.83021,22.30519],[105.82902,22.3049],[105.82746,22.30248],[105.8258,22.3015],[105.82554,22.29963],[105.82403,22.29762],[105.82249,22.2975],[105.82093,22.29692],[105.8196,22.29437],[105.81676,22.29373],[105.81496,22.29392],[105.81389,22.29324],[105.81162,22.29007],[105.80941,22.28847],[105.80724,22.28851],[105.80493,22.28905],[105.80219,22.28888],[105.79852,22.28745],[105.79501,22.28742],[105.79245,22.28658],[105.78748,22.28728],[105.78885,22.28551],[105.78904,22.28336],[105.78808,22.282],[105.78842,22.27956],[105.78815,22.2788],[105.78895,22.27584],[105.79129,22.27378],[105.79354,22.27231],[105.79375,22.2695],[105.79279,22.26599],[105.79409,22.26438],[105.79402,22.26236],[105.79361,22.26093],[105.79382,22.25942],[105.79319,22.25914],[105.79254,22.25735],[105.793,22.2564],[105.79279,22.25475],[105.79119,22.25425],[105.78956,22.25292],[105.78901,22.25096],[105.7891,22.2496],[105.78767,22.24879],[105.78894,22.2478],[105.79001,22.24623],[105.78924,22.244],[105.7899,22.24142],[105.78883,22.23979],[105.78958,22.23593],[105.79075,22.23458],[105.79096,22.23363],[105.79051,22.23166],[105.79127,22.23093],[105.79119,22.22892],[105.79067,22.22747],[105.79211,22.226],[105.79348,22.22573],[105.79394,22.22475],[105.79657,22.22357],[105.79682,22.22026],[105.79793,22.21896],[105.79978,22.21824],[105.8011,22.21724],[105.8026,22.21718],[105.80403,22.21592],[105.80517,22.21556],[105.80754,22.21624],[105.80898,22.21626],[105.81139,22.21881],[105.81567,22.2201],[105.81656,22.22091],[105.8169,22.22212],[105.81865,22.22484],[105.82093,22.2253],[105.82403,22.2268],[105.82522,22.22969],[105.82811,22.23055],[105.83014,22.23212],[105.83185,22.23201],[105.83345,22.23234],[105.83386,22.23195],[105.83641,22.23176],[105.83819,22.23107],[105.84052,22.23146],[105.84211,22.23208],[105.84232,22.23466],[105.84367,22.2363],[105.8428,22.23722],[105.84377,22.23852],[105.84573,22.23779],[105.84635,22.23646],[105.84841,22.23842],[105.84975,22.2386],[105.85017,22.23922],[105.85152,22.23915],[105.85196,22.238],[105.85587,22.23778],[105.85697,22.24027],[105.85643,22.24199],[105.8574,22.2434],[105.85748,22.24433],[105.85837,22.24487],[105.8591,22.24699],[105.85907,22.24775],[105.85781,22.24902],[105.8588,22.25148],[105.86067,22.25137],[105.86249,22.25024],[105.86442,22.24945],[105.86515,22.2495],[105.86884,22.24835],[105.87057,22.24839],[105.87106,22.24653],[105.87264,22.24377],[105.87215,22.24204],[105.8737,22.2416],[105.87428,22.2409],[105.8797,22.23917],[105.87996,22.23808],[105.8792,22.23612],[105.87833,22.23562],[105.87656,22.23551],[105.87545,22.23436],[105.87411,22.23365],[105.87398,22.23234],[105.87514,22.23101],[105.8761,22.22927],[105.87835,22.22881],[105.87908,22.22833],[105.88151,22.22817],[105.88393,22.22867],[105.88528,22.22933],[105.88856,22.22937],[105.89084,22.22997],[105.89224,22.23222],[105.8951,22.23323],[105.89535,22.234],[105.89718,22.23513],[105.89813,22.23728],[105.90096,22.23769],[105.90114,22.23994],[105.90522,22.24111],[105.90612,22.24255],[105.90837,22.24325],[105.90969,22.24398],[105.90981,22.24542],[105.91076,22.24753],[105.91228,22.25003],[105.91369,22.25186],[105.91457,22.25236],[105.91438,22.25408],[105.91391,22.25496],[105.91415,22.25643],[105.91514,22.25802],[105.9152,22.26043],[105.91567,22.26141],[105.91545,22.26318],[105.91443,22.2659],[105.91427,22.26803],[105.9154,22.2715],[105.91533,22.27234],[105.91411,22.27502],[105.91398,22.27706],[105.91272,22.27843],[105.91313,22.28008],[105.91394,22.28103],[105.91289,22.28334],[105.91371,22.28417],[105.915,22.28356],[105.91583,22.28375],[105.91645,22.28481],[105.91618,22.28667],[105.91457,22.28857]]]},"properties":{"a01_tinh":"diaphanhanhchinhcaptinh_sn.101","a02_xa":"diaphanhanhchinhcapxa_2025.1176","a03_ten":"Xã Phủ Thông","a04_tentinh":"Tỉnh Thái Nguyên","a05_truocsn":"Thị trấn Phủ Thông, Xã Vi Hương, Xã Tân Tú, Xã Lục Bình","a06_trungtamhc":"Trụ sở Đảng ủy, HĐND, UBND xã Phủ Thông","a07_dt":"96.94","a08_ds":"1332","a09_dthoai":null,"a10_web":null,"ten":"Xã Phủ Thông","ma":"01969","tentinh":"Tỉnh Thái Nguyên","truocsapnhap":"Thị trấn Phủ Thông, Xã Vi Hương, Xã Tân Tú, Xã Lục Bình","dientichkm2":null,"dansonguoi":null},"id":"diaphanhanhchinhcapxa_2025.1176"},
{"type":"Feature","geometry":{"type":"Polygon","coordinates":[[[105.53,21.7225],[105.52855,21.72261],[105.52756,21.72361],[105.52583,21.7241],[105.52445,21.72595],[105.52395,21.72747],[105.52233,21.73003],[105.52023,21.73146],[105.51886,21.73295],[105.5169,21.73444],[105.51591,21.73698],[105.51588,21.7361],[105.51503,21.73503],[105.51393,21.73461],[105.51229,21.73299],[105.51047,21.73221],[105.50807,21.73047],[105.50697,21.73001],[105.50378,21.72947],[105.50276,21.72751],[105.50301,21.72639],[105.50048,21.72481],[105.49929,21.72307],[105.49965,21.72116],[105.50067,21.71873],[105.50044,21.71759],[105.49819,21.71683],[105.49565,21.71715],[105.49397,21.71604],[105.4934,21.71404],[105.49268,21.71335],[105.49284,21.71149],[105.49213,21.7104],[105.49143,21.70844],[105.4905,21.70722],[105.49106,21.70591],[105.49017,21.70367],[105.48922,21.70267],[105.48642,21.70282],[105.48383,21.70186],[105.48349,21.7009],[105.48181,21.7006],[105.48089,21.69903],[105.47777,21.69822],[105.47723,21.69768],[105.47773,21.69621],[105.47872,21.69525],[105.48157,21.69449],[105.483,21.69347],[105.48437,21.69314],[105.48504,21.69193],[105.48758,21.69048],[105.48797,21.6885],[105.48719,21.6862],[105.48757,21.68426],[105.48725,21.68102],[105.48493,21.67952],[105.4819,21.67879],[105.48078,21.67732],[105.48022,21.67511],[105.47935,21.67442],[105.4808,21.67302],[105.48213,21.6724],[105.48231,21.67011],[105.48209,21.66753],[105.48395,21.66345],[105.4839,21.66161],[105.4834,21.66045],[105.48379,21.65944],[105.48569,21.65746],[105.48598,21.65559],[105.48705,21.65417],[105.48751,21.65276],[105.48902,21.65099],[105.48826,21.64923],[105.49013,21.64636],[105.4903,21.64418],[105.49094,21.64271],[105.49431,21.64052],[105.49627,21.64001],[105.49777,21.6387],[105.49809,21.63543],[105.50006,21.63308],[105.50041,21.63172],[105.50129,21.63039],[105.5024,21.62973],[105.50472,21.62905],[105.50659,21.62925],[105.51226,21.62817],[105.51677,21.62874],[105.52034,21.62856],[105.52205,21.62881],[105.52571,21.63126],[105.52615,21.63205],[105.52666,21.63462],[105.52846,21.63588],[105.53075,21.63805],[105.53281,21.63834],[105.53514,21.63994],[105.53823,21.64272],[105.53867,21.64386],[105.54231,21.64729],[105.54655,21.64933],[105.54739,21.64944],[105.549,21.64855],[105.55087,21.64858],[105.5511,21.6499],[105.55309,21.65061],[105.55331,21.65113],[105.55506,21.65171],[105.55624,21.64984],[105.55799,21.65004],[105.5598,21.65078],[105.56003,21.6513],[105.56191,21.65243],[105.56481,21.65386],[105.56667,21.65454],[105.5703,21.65443],[105.57352,21.65245],[105.57509,21.65289],[105.57519,21.65533],[105.57956,21.65599],[105.5808,21.65682],[105.58242,21.65674],[105.58307,21.65763],[105.58454,21.65801],[105.58579,21.65994],[105.58703,21.66029],[105.58679,21.66141],[105.58567,21.66175],[105.58305,21.66176],[105.57987,21.66353],[105.57786,21.66331],[105.57626,21.66386],[105.57545,21.66331],[105.57451,21.66422],[105.57194,21.66349],[105.5699,21.66323],[105.56679,21.66331],[105.56615,21.66424],[105.56496,21.66415],[105.56434,21.66468],[105.56288,21.66414],[105.56118,21.66657],[105.5624,21.66668],[105.56163,21.66916],[105.56063,21.66947],[105.55936,21.67058],[105.55817,21.6737],[105.55852,21.67666],[105.55732,21.67825],[105.55783,21.67932],[105.55747,21.68076],[105.55881,21.68195],[105.56105,21.68463],[105.56196,21.68488],[105.56234,21.68672],[105.56133,21.68777],[105.56122,21.68867],[105.56175,21.69157],[105.56217,21.69267],[105.56144,21.69315],[105.56149,21.69453],[105.56099,21.69563],[105.56022,21.69558],[105.55836,21.69343],[105.55868,21.69194],[105.55751,21.69151],[105.55513,21.69153],[105.55349,21.68995],[105.55266,21.68978],[105.54878,21.68991],[105.54822,21.69026],[105.54644,21.69298],[105.54515,21.6931],[105.54267,21.69191],[105.54113,21.6921],[105.54065,21.69345],[105.53954,21.6928],[105.53614,21.69482],[105.53572,21.69573],[105.53438,21.69635],[105.53321,21.69558],[105.53383,21.6932],[105.52686,21.69554],[105.52711,21.69662],[105.52818,21.69726],[105.52967,21.69732],[105.5291,21.69841],[105.52972,21.69906],[105.52881,21.70039],[105.52969,21.70266],[105.52915,21.70403],[105.52992,21.70752],[105.52847,21.70919],[105.52671,21.7104],[105.528,21.71213],[105.5285,21.71378],[105.52935,21.71488],[105.52914,21.71782],[105.53001,21.72063],[105.53,21.7225]]]},"properties":{"a01_tinh":"diaphanhanhchinhcaptinh_sn.101","a02_xa":"diaphanhanhchinhcapxa_2025.1228","a03_ten":"Xã Phú Xuyên","a04_tentinh":"Tỉnh Thái Nguyên","a05_truocsn":"Xã Yên Lãng, Xã Phú Xuyên","a06_trungtamhc":"Trụ sở Đảng ủy, HĐND, UBND xã Yên Lãng","a07_dt":"64.58","a08_ds":"23053","a09_dthoai":null,"a10_web":null,"ten":"Xã Phú Xuyên","ma":"05773","tentinh":"Tỉnh Thái Nguyên","truocsapnhap":"Xã Yên Lãng, Xã Phú Xuyên","dientichkm2":null,"dansonguoi":null},"id":"diaphanhanhchinhcapxa_2025.1228"},
{"type":"Feature","geometry":{"type":"Polygon","coordinates":[[[105.90385,22.49556],[105.9035,22.49672],[105.90268,22.49764],[105.90185,22.49974],[105.90033,22.50104],[105.89908,22.50259],[105.8982,22.50421],[105.89817,22.50574],[105.89936,22.50705],[105.89744,22.50762],[105.89433,22.5096],[105.89274,22.50968],[105.88983,22.51123],[105.88619,22.51215],[105.88325,22.51349],[105.88079,22.51357],[105.87934,22.51417],[105.87562,22.51415],[105.87353,22.51508],[105.87104,22.51675],[105.86952,22.51678],[105.86793,22.51783],[105.8672,22.51948],[105.86494,22.52053],[105.86184,22.52057],[105.85998,22.52137],[105.85728,22.52044],[105.85664,22.52099],[105.85362,22.52019],[105.85132,22.51996],[105.85028,22.52025],[105.84858,22.51943],[105.84773,22.51817],[105.84377,22.51583],[105.84166,22.51511],[105.83838,22.51579],[105.83703,22.51635],[105.83413,22.51611],[105.83273,22.51663],[105.83235,22.51747],[105.83263,22.51924],[105.83231,22.52063],[105.83299,22.52251],[105.83291,22.52398],[105.83324,22.52658],[105.83072,22.52653],[105.82965,22.52534],[105.82918,22.52387],[105.8277,22.52349],[105.82446,22.52204],[105.82364,22.52123],[105.82126,22.52026],[105.81878,22.5213],[105.81401,22.52153],[105.81111,22.52203],[105.80977,22.52175],[105.80894,22.52295],[105.80802,22.52349],[105.80676,22.52335],[105.80586,22.52379],[105.80433,22.52341],[105.80355,22.52454],[105.80168,22.52579],[105.80134,22.52786],[105.80001,22.53041],[105.79833,22.53101],[105.79828,22.53272],[105.79768,22.53334],[105.79628,22.53355],[105.79553,22.53456],[105.79428,22.53724],[105.79311,22.53843],[105.79249,22.53991],[105.79307,22.54168],[105.79193,22.54289],[105.79084,22.54477],[105.7911,22.54536],[105.7904,22.54657],[105.78881,22.54691],[105.78736,22.54795],[105.78737,22.55029],[105.78556,22.55137],[105.78319,22.55099],[105.78196,22.54884],[105.77996,22.54916],[105.77886,22.54868],[105.7792,22.54747],[105.77879,22.54512],[105.77723,22.54404],[105.77629,22.54263],[105.77613,22.54155],[105.77495,22.54113],[105.7736,22.54123],[105.77223,22.54025],[105.7709,22.54005],[105.76694,22.53859],[105.76508,22.53632],[105.7625,22.53409],[105.75916,22.53318],[105.75727,22.53202],[105.75647,22.5296],[105.7567,22.52786],[105.75664,22.52478],[105.75739,22.5239],[105.75856,22.52088],[105.75951,22.52027],[105.75954,22.51895],[105.76012,22.51793],[105.76001,22.51653],[105.76087,22.51372],[105.75931,22.51174],[105.76088,22.50871],[105.76063,22.50707],[105.76237,22.50458],[105.76234,22.50237],[105.76293,22.50034],[105.762,22.49648],[105.76207,22.49497],[105.7611,22.49305],[105.76268,22.49142],[105.76218,22.48947],[105.76259,22.48731],[105.76165,22.48638],[105.76309,22.48584],[105.76412,22.48593],[105.76583,22.48356],[105.76503,22.48174],[105.76408,22.48071],[105.76186,22.47201],[105.76393,22.46993],[105.76439,22.46779],[105.76381,22.46596],[105.76446,22.46508],[105.76426,22.46425],[105.76536,22.46303],[105.7651,22.46136],[105.7645,22.46008],[105.76465,22.45897],[105.76237,22.45802],[105.76131,22.45663],[105.76147,22.45505],[105.76112,22.45432],[105.76121,22.45251],[105.76176,22.45158],[105.7615,22.4507],[105.76171,22.44886],[105.76305,22.44773],[105.76455,22.44722],[105.76504,22.44636],[105.76648,22.44618],[105.76796,22.44385],[105.77048,22.44284],[105.77322,22.44122],[105.77407,22.44032],[105.77779,22.43809],[105.77773,22.43674],[105.7785,22.4355],[105.77824,22.4324],[105.77789,22.43109],[105.77839,22.42981],[105.77953,22.43015],[105.78161,22.42937],[105.78327,22.42804],[105.78534,22.42775],[105.78509,22.42667],[105.78589,22.42519],[105.78682,22.42549],[105.78774,22.42383],[105.78812,22.42186],[105.78897,22.42026],[105.79301,22.41781],[105.79388,22.41767],[105.79552,22.4155],[105.79697,22.41491],[105.79632,22.41261],[105.79648,22.41083],[105.79626,22.40917],[105.79764,22.40866],[105.79758,22.40788],[105.79903,22.40654],[105.7996,22.40543],[105.80152,22.40631],[105.80354,22.40616],[105.80513,22.40681],[105.8069,22.40585],[105.80909,22.40569],[105.80984,22.40465],[105.81187,22.40327],[105.81219,22.40077],[105.81454,22.39817],[105.81594,22.39709],[105.81731,22.39777],[105.82058,22.39888],[105.82235,22.3986],[105.82573,22.39979],[105.8305,22.40287],[105.83175,22.40536],[105.83385,22.4058],[105.83524,22.4066],[105.83964,22.40823],[105.83981,22.40606],[105.84048,22.40461],[105.84173,22.40366],[105.84325,22.40325],[105.84551,22.4036],[105.84796,22.40268],[105.84819,22.40153],[105.84919,22.40012],[105.84885,22.39951],[105.84939,22.39835],[105.8491,22.39603],[105.84999,22.39442],[105.85008,22.39258],[105.85287,22.39126],[105.85428,22.38984],[105.85523,22.39212],[105.85674,22.39469],[105.85777,22.3972],[105.85845,22.40009],[105.86012,22.40225],[105.86234,22.40227],[105.86288,22.40285],[105.86565,22.40457],[105.86685,22.40489],[105.86732,22.40611],[105.86959,22.4087],[105.87094,22.411],[105.87133,22.41306],[105.86994,22.41464],[105.86983,22.41677],[105.86919,22.41742],[105.86943,22.4196],[105.86896,22.42205],[105.86906,22.4239],[105.87065,22.42922],[105.87145,22.43119],[105.87217,22.43151],[105.87379,22.43367],[105.87463,22.43545],[105.87486,22.43694],[105.87601,22.43931],[105.87714,22.44028],[105.8783,22.44267],[105.87973,22.44433],[105.88202,22.44636],[105.88248,22.4496],[105.88305,22.45227],[105.88243,22.45425],[105.88341,22.45582],[105.8831,22.45892],[105.88431,22.46067],[105.8832,22.46379],[105.88499,22.4654],[105.88683,22.4691],[105.888,22.46976],[105.88919,22.47173],[105.89085,22.4726],[105.89242,22.47303],[105.89447,22.47488],[105.89661,22.4751],[105.89789,22.47617],[105.90016,22.47853],[105.89924,22.48223],[105.90158,22.48503],[105.90174,22.4862],[105.90254,22.48678],[105.90303,22.48841],[105.90486,22.49193],[105.90374,22.49442],[105.90385,22.49556]]]},"properties":{"a01_tinh":"diaphanhanhchinhcaptinh_sn.101","a02_xa":"diaphanhanhchinhcapxa_2025.1168","a03_ten":"Xã Phúc Lộc","a04_tentinh":"Tỉnh Thái Nguyên","a05_truocsn":"Xã Bành Trạch, Xã Hà Hiệu, Xã Phúc Lộc","a06_trungtamhc":"Trụ sở Đảng ủy, HĐND, UBND xã Phúc Lộc","a07_dt":"163.06","a08_ds":"10354","a09_dthoai":null,"a10_web":null,"ten":"Xã Phúc Lộc","ma":"01894","tentinh":"Tỉnh Thái Nguyên","truocsapnhap":"Xã Bành Trạch, Xã Hà Hiệu, Xã Phúc Lộc","dientichkm2":null,"dansonguoi":null},"id":"diaphanhanhchinhcapxa_2025.1168"},
{"type":"Feature","geometry":{"type":"Polygon","coordinates":[[[105.75413,22.00045],[105.75363,22.00103],[105.75366,22.00656],[105.75194,22.01291],[105.75,22.01403],[105.74703,22.01328],[105.74658,22.01069],[105.74515,22.00988],[105.74525,22.00865],[105.74483,22.00701],[105.74375,22.0064],[105.74285,22.00525],[105.74235,22.00324],[105.74139,22.00328],[105.74119,22.00169],[105.74155,21.99962],[105.73976,21.99824],[105.7401,21.99688],[105.73996,21.99527],[105.74065,21.99362],[105.74175,21.99257],[105.74222,21.99048],[105.74139,21.99009],[105.73961,21.98835],[105.73912,21.9861],[105.7385,21.98505],[105.73634,21.98459],[105.73468,21.98208],[105.73303,21.98187],[105.73251,21.98094],[105.73271,21.97941],[105.72988,21.97869],[105.72991,21.97719],[105.73034,21.97621],[105.7281,21.97312],[105.72339,21.96988],[105.72159,21.96912],[105.71976,21.96707],[105.72008,21.95662],[105.71977,21.95587],[105.71766,21.95561],[105.71633,21.95623],[105.71544,21.95586],[105.71502,21.95375],[105.7141,21.9536],[105.71267,21.95173],[105.71107,21.95062],[105.70954,21.95137],[105.70452,21.95216],[105.70341,21.9527],[105.70194,21.95257],[105.7022,21.95397],[105.70115,21.95471],[105.70003,21.9542],[105.69854,21.95441],[105.69885,21.95548],[105.69832,21.95665],[105.69531,21.9561],[105.69555,21.95462],[105.69609,21.95394],[105.69323,21.95239],[105.69157,21.95288],[105.68938,21.95059],[105.68884,21.94949],[105.68745,21.94942],[105.68517,21.94844],[105.68464,21.94952],[105.68464,21.95082],[105.68294,21.95161],[105.68229,21.95121],[105.68115,21.95179],[105.67887,21.94872],[105.67747,21.94741],[105.67676,21.94562],[105.67656,21.94435],[105.67686,21.94282],[105.67585,21.94141],[105.67534,21.93964],[105.67563,21.93864],[105.67478,21.93798],[105.67365,21.9358],[105.66799,21.93361],[105.66728,21.92827],[105.66608,21.92732],[105.66442,21.92502],[105.66422,21.92385],[105.66266,21.92194],[105.66168,21.9201],[105.66164,21.9193],[105.66035,21.91758],[105.65958,21.91579],[105.65981,21.91494],[105.65899,21.9132],[105.65715,21.91351],[105.65566,21.91235],[105.6553,21.91094],[105.65617,21.91001],[105.65664,21.90781],[105.65564,21.90723],[105.65542,21.90533],[105.65302,21.90482],[105.65259,21.90371],[105.65062,21.9022],[105.65007,21.90103],[105.6476,21.8987],[105.64624,21.89771],[105.64462,21.89485],[105.64377,21.89399],[105.64343,21.89271],[105.64085,21.89059],[105.64009,21.88916],[105.63773,21.8877],[105.6364,21.88763],[105.63554,21.88674],[105.63521,21.88528],[105.6358,21.88401],[105.63687,21.88309],[105.6355,21.8813],[105.63426,21.88079],[105.6341,21.87932],[105.63536,21.87819],[105.63673,21.87819],[105.63745,21.8775],[105.63899,21.87748],[105.63926,21.87572],[105.6405,21.87402],[105.64075,21.87279],[105.64002,21.87128],[105.63857,21.8694],[105.63721,21.86888],[105.63744,21.86816],[105.63652,21.86675],[105.63741,21.86627],[105.63872,21.86445],[105.64154,21.86378],[105.64294,21.86295],[105.64325,21.8622],[105.6425,21.86096],[105.64267,21.85975],[105.64224,21.85812],[105.6434,21.85804],[105.64526,21.85607],[105.64565,21.85493],[105.64514,21.85423],[105.64614,21.85268],[105.64524,21.85165],[105.64585,21.85037],[105.6474,21.85044],[105.64799,21.85103],[105.64958,21.85106],[105.65025,21.85021],[105.65128,21.85034],[105.65211,21.84956],[105.65574,21.85055],[105.65595,21.85221],[105.65554,21.85303],[105.65678,21.85423],[105.65631,21.85481],[105.65638,21.85704],[105.65924,21.85605],[105.66168,21.85653],[105.66193,21.85754],[105.66313,21.85882],[105.6629,21.86064],[105.66379,21.86192],[105.66398,21.86434],[105.66516,21.86385],[105.66651,21.86204],[105.6694,21.86327],[105.67215,21.86252],[105.67255,21.86482],[105.67081,21.86676],[105.6703,21.86847],[105.67075,21.87023],[105.672,21.87142],[105.67611,21.87109],[105.67807,21.87155],[105.68071,21.87072],[105.68215,21.87189],[105.68622,21.87163],[105.68699,21.87254],[105.68692,21.87402],[105.68796,21.87604],[105.69017,21.87748],[105.69077,21.87835],[105.69169,21.87817],[105.69395,21.87956],[105.69533,21.87991],[105.69672,21.88105],[105.69852,21.88147],[105.70057,21.88152],[105.70241,21.88209],[105.70459,21.88555],[105.70249,21.88671],[105.70108,21.88791],[105.69988,21.88952],[105.70118,21.89207],[105.7026,21.89282],[105.70384,21.89412],[105.70539,21.89467],[105.70561,21.89594],[105.70786,21.89563],[105.71014,21.8956],[105.71063,21.89606],[105.71031,21.89825],[105.71219,21.89922],[105.7147,21.89821],[105.71691,21.90049],[105.71835,21.8994],[105.72004,21.90071],[105.72217,21.90119],[105.72343,21.90382],[105.72448,21.90447],[105.72674,21.903],[105.72829,21.90313],[105.72968,21.90565],[105.73127,21.90602],[105.73281,21.90472],[105.73353,21.90503],[105.73463,21.90653],[105.73784,21.90471],[105.73961,21.90417],[105.74188,21.90414],[105.74217,21.90709],[105.7451,21.9086],[105.74595,21.90978],[105.74769,21.91089],[105.74985,21.91092],[105.75061,21.91264],[105.75213,21.9133],[105.75344,21.91325],[105.75466,21.91465],[105.75572,21.91536],[105.75855,21.91579],[105.76258,21.91429],[105.76432,21.91455],[105.76544,21.91561],[105.7669,21.91922],[105.77037,21.92131],[105.77087,21.92244],[105.7705,21.92429],[105.77066,21.9256],[105.7724,21.92621],[105.77436,21.92808],[105.77532,21.92973],[105.77619,21.92992],[105.77739,21.93131],[105.77792,21.93317],[105.77743,21.93485],[105.77561,21.93673],[105.77442,21.9386],[105.77441,21.93985],[105.77614,21.94214],[105.77621,21.94458],[105.77597,21.94564],[105.77433,21.94868],[105.775,21.95061],[105.77537,21.95284],[105.77188,21.95428],[105.77018,21.95563],[105.7688,21.9575],[105.76775,21.96025],[105.76677,21.96137],[105.76564,21.96192],[105.76523,21.96322],[105.76379,21.9645],[105.76305,21.9664],[105.76123,21.96758],[105.76057,21.96874],[105.76076,21.9698],[105.76033,21.97217],[105.76199,21.97295],[105.76079,21.97534],[105.7613,21.97662],[105.76251,21.97802],[105.76173,21.97948],[105.76336,21.98015],[105.76384,21.9809],[105.76339,21.98408],[105.76345,21.98438],[105.76408,21.98607],[105.75995,21.98885],[105.75594,21.98906],[105.75615,21.99508],[105.75553,21.99594],[105.75536,21.99611],[105.75497,21.99769],[105.75566,21.9981],[105.75413,22.00045]]]},"properties":{"a01_tinh":"diaphanhanhchinhcaptinh_sn.101","a02_xa":"diaphanhanhchinhcapxa_2025.1205","a03_ten":"Xã Phượng Tiến","a04_tentinh":"Tỉnh Thái Nguyên","a05_truocsn":"Xã Tân Dương, Xã Tân Thịnh, Xã Phượng Tiến","a06_trungtamhc":"Trụ sở Đảng ủy, HĐND, UBND xã Tân Dương","a07_dt":"102.7","a08_ds":"13312","a09_dthoai":null,"a10_web":null,"ten":"Xã Phượng Tiến","ma":"05563","tentinh":"Tỉnh Thái Nguyên","truocsapnhap":"Xã Tân Dương, Xã Tân Thịnh, Xã Phượng Tiến","dientichkm2":null,"dansonguoi":null},"id":"diaphanhanhchinhcapxa_2025.1205"},
{"type":"Feature","geometry":{"type":"Polygon","coordinates":[[[105.7215,21.5169],[105.72009,21.51659],[105.71833,21.51691],[105.71742,21.51869],[105.714,21.52137],[105.7123,21.5234],[105.71081,21.52329],[105.70827,21.52369],[105.70649,21.525],[105.70399,21.52773],[105.70166,21.52919],[105.70078,21.53047],[105.69947,21.53063],[105.69519,21.53321],[105.69319,21.53415],[105.69056,21.53486],[105.68757,21.5373],[105.68545,21.53766],[105.68199,21.53904],[105.67936,21.53927],[105.67688,21.54015],[105.67529,21.54187],[105.67346,21.54332],[105.67208,21.54401],[105.67103,21.54505],[105.66884,21.546],[105.66865,21.54664],[105.66452,21.54457],[105.66231,21.54183],[105.6615,21.54051],[105.66015,21.53951],[105.65953,21.53736],[105.66007,21.53568],[105.6587,21.53477],[105.65769,21.53331],[105.65757,21.53093],[105.657,21.52975],[105.65517,21.5296],[105.65332,21.52712],[105.65187,21.5255],[105.65083,21.52544],[105.6505,21.52448],[105.64937,21.52372],[105.64945,21.52279],[105.64774,21.52086],[105.64503,21.51997],[105.64281,21.5189],[105.63955,21.51681],[105.63698,21.51497],[105.63667,21.51355],[105.63516,21.51136],[105.63533,21.50904],[105.6339,21.5078],[105.63372,21.5051],[105.63329,21.50436],[105.63177,21.50388],[105.63183,21.50133],[105.62688,21.50043],[105.62587,21.50147],[105.62476,21.5017],[105.6233,21.50103],[105.6219,21.50112],[105.62097,21.50002],[105.61941,21.49902],[105.62032,21.49865],[105.62233,21.49937],[105.62341,21.49771],[105.62449,21.49702],[105.626,21.49675],[105.62852,21.49674],[105.62949,21.4963],[105.63376,21.49345],[105.63502,21.49311],[105.63374,21.491],[105.63366,21.48943],[105.63277,21.48818],[105.63325,21.48634],[105.6322,21.48535],[105.63111,21.48177],[105.63109,21.47909],[105.63283,21.47717],[105.63673,21.4741],[105.63826,21.47394],[105.63991,21.47297],[105.64176,21.47227],[105.6443,21.47002],[105.64523,21.46859],[105.64555,21.46703],[105.64557,21.46494],[105.64629,21.46387],[105.64907,21.46167],[105.65064,21.45904],[105.6519,21.45751],[105.65417,21.45785],[105.6557,21.45841],[105.65864,21.45885],[105.66061,21.45952],[105.66322,21.45968],[105.66635,21.46026],[105.66756,21.45904],[105.66909,21.45817],[105.67165,21.45777],[105.67446,21.45822],[105.67543,21.45787],[105.67803,21.45619],[105.68239,21.44918],[105.68274,21.44836],[105.68395,21.44739],[105.68691,21.44411],[105.68731,21.44236],[105.6893,21.44235],[105.6913,21.44095],[105.69388,21.43993],[105.69559,21.43971],[105.69807,21.43871],[105.69898,21.43876],[105.70004,21.43966],[105.7034,21.44088],[105.70602,21.43983],[105.70667,21.43836],[105.70732,21.43519],[105.7098,21.43394],[105.71004,21.43293],[105.7116,21.43112],[105.71346,21.43028],[105.71294,21.43119],[105.71309,21.43224],[105.71228,21.43424],[105.71159,21.43494],[105.7081,21.43538],[105.70844,21.43682],[105.70739,21.43921],[105.70525,21.44272],[105.7065,21.44583],[105.70816,21.4465],[105.70961,21.44845],[105.71014,21.44977],[105.7118,21.45145],[105.71248,21.45144],[105.71387,21.4539],[105.71295,21.45466],[105.71332,21.4553],[105.71502,21.45648],[105.71532,21.45827],[105.71589,21.45911],[105.7169,21.46202],[105.71766,21.46249],[105.71642,21.46413],[105.71703,21.4645],[105.71719,21.46582],[105.71793,21.46612],[105.71846,21.4675],[105.71988,21.46704],[105.72323,21.46909],[105.72297,21.4721],[105.72217,21.47285],[105.72468,21.47367],[105.72561,21.47443],[105.72715,21.47476],[105.72795,21.47623],[105.72783,21.47815],[105.727,21.48034],[105.72858,21.48147],[105.73146,21.48248],[105.73539,21.48254],[105.73691,21.48291],[105.73648,21.48509],[105.73745,21.48577],[105.73708,21.48648],[105.73748,21.48904],[105.73814,21.49006],[105.73817,21.49109],[105.73636,21.49171],[105.73585,21.49067],[105.73428,21.49177],[105.73568,21.4925],[105.73589,21.49384],[105.73477,21.49488],[105.73544,21.49546],[105.73438,21.49665],[105.7332,21.49634],[105.73268,21.49764],[105.72969,21.49806],[105.72484,21.50227],[105.72185,21.50409],[105.7198,21.50611],[105.71671,21.50775],[105.71363,21.51005],[105.7099,21.51156],[105.71278,21.51302],[105.71364,21.51391],[105.71523,21.51355],[105.7163,21.51267],[105.71774,21.5134],[105.71731,21.5144],[105.71906,21.51558],[105.72106,21.51633],[105.7215,21.5169]]]},"properties":{"a01_tinh":"diaphanhanhchinhcaptinh_sn.101","a02_xa":"diaphanhanhchinhcapxa_2025.1193","a03_ten":"Xã Quân Chu","a04_tentinh":"Tỉnh Thái Nguyên","a05_truocsn":"Thị trấn Quân Chu, Xã Cát Nê","a06_trungtamhc":"Trụ sở Đảng ủy, HĐND, UBND thị trấn Quân Chu","a07_dt":"79.38","a08_ds":"13096","a09_dthoai":null,"a10_web":null,"ten":"Xã Quân Chu","ma":"05851","tentinh":"Tỉnh Thái Nguyên","truocsapnhap":"Thị trấn Quân Chu, Xã Cát Nê","dientichkm2":null,"dansonguoi":null},"id":"diaphanhanhchinhcapxa_2025.1193"},
{"type":"Feature","geometry":{"type":"Polygon","coordinates":[[[105.63613,22.24514],[105.63721,22.24702],[105.63808,22.25029],[105.64071,22.25306],[105.64274,22.25454],[105.64281,22.25547],[105.64383,22.25672],[105.64381,22.25768],[105.64458,22.25842],[105.64589,22.25878],[105.64823,22.26075],[105.64935,22.26228],[105.6503,22.26411],[105.65022,22.26619],[105.65079,22.26747],[105.65172,22.26801],[105.6538,22.2702],[105.65386,22.27088],[105.65314,22.27315],[105.65459,22.27424],[105.65506,22.27595],[105.65433,22.27716],[105.65464,22.27925],[105.65455,22.28125],[105.65515,22.28213],[105.65835,22.28404],[105.65931,22.28559],[105.66053,22.28619],[105.66161,22.2877],[105.66178,22.28934],[105.66075,22.28999],[105.65909,22.2902],[105.6565,22.29202],[105.65494,22.29452],[105.65421,22.294],[105.65294,22.29418],[105.65175,22.2935],[105.65078,22.29381],[105.64838,22.29805],[105.64607,22.29811],[105.64416,22.30015],[105.64513,22.30165],[105.64428,22.30377],[105.64287,22.3049],[105.64171,22.30639],[105.6398,22.30748],[105.63798,22.30723],[105.63603,22.30742],[105.63453,22.30685],[105.63358,22.30705],[105.63152,22.30647],[105.6298,22.30631],[105.628,22.30652],[105.62581,22.30727],[105.62501,22.30799],[105.62376,22.30801],[105.62291,22.30955],[105.62097,22.31125],[105.62144,22.31262],[105.62172,22.31533],[105.62218,22.31618],[105.6208,22.31784],[105.62071,22.32154],[105.61921,22.32187],[105.61662,22.32408],[105.61439,22.32509],[105.61369,22.3261],[105.60956,22.32435],[105.60912,22.31953],[105.60855,22.31857],[105.60896,22.31752],[105.60888,22.31548],[105.60911,22.31384],[105.60751,22.30732],[105.6072,22.30571],[105.60497,22.30436],[105.60187,22.30534],[105.60014,22.30494],[105.59913,22.30352],[105.59834,22.30138],[105.59805,22.29964],[105.59716,22.29735],[105.59757,22.29686],[105.59821,22.29402],[105.59685,22.29226],[105.59606,22.29197],[105.59204,22.29145],[105.59066,22.29253],[105.58808,22.2921],[105.58682,22.29164],[105.58305,22.29223],[105.58023,22.29373],[105.57734,22.29444],[105.57587,22.29383],[105.57465,22.29266],[105.57441,22.29184],[105.5723,22.29132],[105.56865,22.28858],[105.56901,22.28703],[105.5697,22.28615],[105.56875,22.28482],[105.56934,22.28271],[105.56821,22.28141],[105.56724,22.28095],[105.56644,22.27972],[105.56436,22.27962],[105.5633,22.2772],[105.56289,22.27279],[105.56129,22.27219],[105.55937,22.27086],[105.55543,22.2697],[105.55388,22.26808],[105.55241,22.26749],[105.54958,22.26817],[105.54803,22.2675],[105.54661,22.26742],[105.5445,22.2668],[105.54377,22.26731],[105.54079,22.26734],[105.53895,22.26685],[105.53815,22.26568],[105.53849,22.26453],[105.53941,22.26426],[105.54006,22.26158],[105.53904,22.26044],[105.53982,22.25908],[105.53869,22.25462],[105.54087,22.25478],[105.54199,22.25395],[105.54321,22.25203],[105.54447,22.25074],[105.54521,22.2485],[105.54587,22.24754],[105.54793,22.24741],[105.54837,22.24611],[105.55059,22.2419],[105.55057,22.24055],[105.55112,22.23948],[105.55111,22.23774],[105.55052,22.23675],[105.55279,22.23683],[105.55579,22.23789],[105.55664,22.23858],[105.55802,22.23866],[105.56246,22.24079],[105.56686,22.24236],[105.56905,22.24485],[105.5701,22.24503],[105.57114,22.24443],[105.57165,22.24329],[105.57166,22.24188],[105.57319,22.24101],[105.57446,22.24098],[105.57648,22.23811],[105.57618,22.23672],[105.57674,22.23535],[105.57775,22.23538],[105.57911,22.23615],[105.58132,22.23472],[105.58294,22.23511],[105.58482,22.23516],[105.58568,22.23605],[105.58726,22.23536],[105.5886,22.2357],[105.5912,22.23523],[105.59227,22.23307],[105.59523,22.23257],[105.59738,22.23086],[105.59846,22.22801],[105.60034,22.22587],[105.60329,22.22479],[105.60662,22.22559],[105.60883,22.22453],[105.61107,22.22458],[105.61273,22.22283],[105.61447,22.22226],[105.61542,22.22569],[105.61621,22.22661],[105.61684,22.22826],[105.6193,22.22929],[105.62016,22.23052],[105.62092,22.23286],[105.62237,22.2338],[105.62231,22.23679],[105.62421,22.23764],[105.62571,22.23952],[105.62733,22.23998],[105.62707,22.24179],[105.62812,22.24311],[105.6283,22.24443],[105.6304,22.24574],[105.63231,22.24469],[105.63363,22.24447],[105.63523,22.24516],[105.63613,22.24514]]]},"properties":{"a01_tinh":"diaphanhanhchinhcaptinh_sn.101","a02_xa":"diaphanhanhchinhcapxa_2025.1180","a03_ten":"Xã Quảng Bạch","a04_tentinh":"Tỉnh Thái Nguyên","a05_truocsn":"Xã Tân Lập, Xã Quảng Bạch","a06_trungtamhc":"Trụ sở Đảng ủy, HĐND, UBND xã Quảng Bạch","a07_dt":"75.22","a08_ds":"3815","a09_dthoai":null,"a10_web":null,"ten":"Xã Quảng Bạch","ma":"02038","tentinh":"Tỉnh Thái Nguyên","truocsapnhap":"Xã Tân Lập, Xã Quảng Bạch","dientichkm2":null,"dansonguoi":null},"id":"diaphanhanhchinhcapxa_2025.1180"},
{"type":"Feature","geometry":{"type":"Polygon","coordinates":[[[105.86934,21.77037],[105.86675,21.76918],[105.866,21.76523],[105.86503,21.75525],[105.85633,21.75572],[105.85648,21.75472],[105.85365,21.75043],[105.8527,21.74743],[105.85093,21.74072],[105.85101,21.73777],[105.85028,21.73597],[105.84842,21.73437],[105.84678,21.73349],[105.84518,21.73399],[105.84378,21.73355],[105.84342,21.73336],[105.83948,21.73123],[105.83771,21.73107],[105.83693,21.73065],[105.83596,21.72969],[105.83562,21.72948],[105.8352,21.72928],[105.83423,21.72906],[105.83006,21.72492],[105.82972,21.72385],[105.8298,21.72273],[105.82974,21.72202],[105.82941,21.72178],[105.82733,21.72094],[105.82746,21.72013],[105.8272,21.71924],[105.82468,21.71757],[105.82448,21.716],[105.82517,21.71481],[105.82481,21.71305],[105.82352,21.71233],[105.82333,21.71157],[105.82446,21.7111],[105.82372,21.7079],[105.82361,21.70733],[105.82288,21.70646],[105.82287,21.70609],[105.82171,21.70495],[105.82234,21.70427],[105.82391,21.7039],[105.82357,21.70295],[105.82404,21.70197],[105.82582,21.70252],[105.82831,21.70264],[105.83034,21.7025],[105.83255,21.70179],[105.83392,21.70292],[105.83474,21.70259],[105.83688,21.70375],[105.83849,21.70415],[105.83986,21.70372],[105.84278,21.70478],[105.84388,21.70467],[105.84384,21.70328],[105.84486,21.70289],[105.84518,21.70067],[105.8461,21.70083],[105.84729,21.69937],[105.84677,21.69772],[105.84834,21.69716],[105.84977,21.69703],[105.85372,21.69533],[105.8563,21.69493],[105.85698,21.6944],[105.85826,21.69438],[105.86067,21.6935],[105.8629,21.69451],[105.86694,21.69518],[105.86813,21.69467],[105.87033,21.69513],[105.8709,21.69469],[105.87258,21.69494],[105.8743,21.69568],[105.87649,21.69615],[105.87844,21.69863],[105.88338,21.69814],[105.88896,21.69774],[105.88951,21.69268],[105.8916,21.69272],[105.89248,21.69364],[105.89313,21.69331],[105.89457,21.6936],[105.898,21.69177],[105.89884,21.69202],[105.90065,21.69086],[105.90031,21.6937],[105.89912,21.69398],[105.89733,21.69378],[105.89674,21.69604],[105.89686,21.69798],[105.89642,21.69913],[105.89503,21.69948],[105.89433,21.70019],[105.89417,21.70177],[105.89598,21.70228],[105.89564,21.70459],[105.89391,21.70533],[105.89218,21.7052],[105.88947,21.70615],[105.8863,21.70638],[105.88946,21.71247],[105.89171,21.71314],[105.89275,21.71297],[105.89394,21.71361],[105.8944,21.71468],[105.89593,21.71559],[105.89786,21.71586],[105.89722,21.71807],[105.89637,21.71829],[105.89297,21.72011],[105.89273,21.72092],[105.89311,21.72268],[105.89347,21.72745],[105.8948,21.72807],[105.89785,21.72762],[105.90014,21.72885],[105.90132,21.72913],[105.90332,21.73015],[105.90412,21.73019],[105.90626,21.72927],[105.90929,21.72953],[105.91074,21.7291],[105.91253,21.72982],[105.91272,21.73381],[105.9134,21.73424],[105.91372,21.73654],[105.91334,21.73794],[105.91391,21.73888],[105.9156,21.74013],[105.91644,21.74031],[105.9181,21.74182],[105.91934,21.74389],[105.91935,21.74603],[105.92038,21.74673],[105.9217,21.74902],[105.92293,21.75035],[105.92272,21.7569],[105.92459,21.75672],[105.92663,21.75731],[105.92837,21.75822],[105.92734,21.76431],[105.9288,21.76863],[105.92775,21.77286],[105.92812,21.77552],[105.92977,21.77625],[105.92843,21.77708],[105.9279,21.77859],[105.92685,21.77735],[105.92467,21.77599],[105.92293,21.7761],[105.91931,21.77531],[105.91822,21.77618],[105.91689,21.77626],[105.91327,21.77577],[105.90938,21.77574],[105.90754,21.77498],[105.90494,21.77427],[105.90233,21.7726],[105.90004,21.77226],[105.89919,21.77179],[105.89495,21.77283],[105.89255,21.77157],[105.88954,21.77165],[105.88784,21.77089],[105.88498,21.77202],[105.88281,21.77352],[105.88174,21.77527],[105.87841,21.77729],[105.87762,21.77532],[105.87566,21.77411],[105.87398,21.77375],[105.87322,21.77258],[105.87037,21.77094],[105.86934,21.77037]]]},"properties":{"a01_tinh":"diaphanhanhchinhcaptinh_sn.101","a02_xa":"diaphanhanhchinhcapxa_2025.1227","a03_ten":"Xã Quang Sơn","a04_tentinh":"Tỉnh Thái Nguyên","a05_truocsn":"Xã Tân Long, Xã Quang Sơn","a06_trungtamhc":"Trụ sở Đảng ủy, HĐND, UBND xã Quang Sơn","a07_dt":"58.63","a08_ds":"10837","a09_dthoai":null,"a10_web":null,"ten":"Xã Quang Sơn","ma":"05674","tentinh":"Tỉnh Thái Nguyên","truocsapnhap":"Xã Tân Long, Xã Quang Sơn","dientichkm2":null,"dansonguoi":null},"id":"diaphanhanhchinhcapxa_2025.1227"},
{"type":"Feature","geometry":{"type":"Polygon","coordinates":[[[106.06334,21.9417],[106.06035,21.94132],[106.05894,21.94159],[106.05829,21.94277],[106.05519,21.94353],[106.05354,21.94317],[106.05298,21.94368],[106.05342,21.94545],[106.05212,21.94715],[106.05242,21.94858],[106.05168,21.94947],[106.05203,21.95036],[106.05077,21.95287],[106.04913,21.95456],[106.04905,21.95541],[106.04811,21.95724],[106.04665,21.95735],[106.04605,21.95967],[106.04555,21.9601],[106.04373,21.95965],[106.04277,21.96013],[106.04167,21.96206],[106.03932,21.96301],[106.03749,21.96321],[106.03599,21.96383],[106.03307,21.96427],[106.03197,21.96563],[106.03082,21.96779],[106.02794,21.96736],[106.02648,21.9641],[106.02584,21.9637],[106.0257,21.96302],[106.02398,21.96213],[106.02408,21.96138],[106.0229,21.9604],[106.02238,21.95938],[106.02303,21.95889],[106.02269,21.95738],[106.02146,21.95668],[106.02028,21.95543],[106.01945,21.95518],[106.0191,21.95402],[106.01969,21.95296],[106.01905,21.95207],[106.01838,21.94997],[106.01966,21.94839],[106.01896,21.94723],[106.018,21.94679],[106.01723,21.94428],[106.01607,21.94345],[106.01585,21.94247],[106.01504,21.94196],[106.01478,21.94086],[106.01323,21.9396],[106.01249,21.93764],[106.01035,21.93745],[106.00979,21.93656],[106.00794,21.93649],[106.006,21.93573],[106.00337,21.93525],[106.00283,21.93325],[106.00095,21.93167],[106.00071,21.93096],[105.99607,21.93026],[105.99493,21.92966],[105.99391,21.93098],[105.99389,21.93188],[105.99295,21.93315],[105.98998,21.93514],[105.98672,21.93611],[105.98423,21.93629],[105.98337,21.93556],[105.98062,21.9362],[105.9791,21.93795],[105.97816,21.93823],[105.97696,21.93932],[105.97454,21.93933],[105.97181,21.93771],[105.97008,21.93506],[105.97061,21.93319],[105.96966,21.93141],[105.9696,21.92946],[105.9692,21.92886],[105.96938,21.92746],[105.97089,21.92465],[105.96959,21.92346],[105.96797,21.92362],[105.96514,21.92288],[105.9626,21.92289],[105.96107,21.92214],[105.96006,21.92051],[105.96073,21.91901],[105.96004,21.91697],[105.95994,21.91541],[105.95909,21.91363],[105.9589,21.91073],[105.95663,21.90958],[105.95287,21.90742],[105.95099,21.90693],[105.9492,21.90548],[105.94692,21.90275],[105.9464,21.90245],[105.94627,21.90083],[105.94561,21.89961],[105.94661,21.89939],[105.94738,21.89789],[105.94767,21.89636],[105.95012,21.89189],[105.95042,21.88982],[105.95126,21.88889],[105.95214,21.88621],[105.95236,21.88303],[105.95302,21.88083],[105.95342,21.87825],[105.95284,21.87699],[105.95142,21.87569],[105.95139,21.87449],[105.9499,21.87203],[105.95056,21.87024],[105.95133,21.86923],[105.9513,21.86757],[105.95177,21.86625],[105.95047,21.86567],[105.94876,21.86394],[105.94832,21.86261],[105.94578,21.86193],[105.94532,21.86102],[105.94403,21.86042],[105.94397,21.85864],[105.94445,21.85655],[105.94348,21.85576],[105.94464,21.85383],[105.947,21.85171],[105.94762,21.85045],[105.94888,21.8496],[105.95003,21.84822],[105.95203,21.84782],[105.95236,21.84676],[105.95613,21.84587],[105.95846,21.84609],[105.9602,21.84677],[105.96084,21.8477],[105.9629,21.84857],[105.96557,21.84924],[105.96698,21.85049],[105.96808,21.85231],[105.97127,21.85223],[105.97308,21.85259],[105.97365,21.85171],[105.97538,21.85241],[105.97634,21.8522],[105.9777,21.85263],[105.97992,21.85212],[105.98206,21.85267],[105.9842,21.85281],[105.98555,21.85351],[105.98605,21.85439],[105.98767,21.85521],[105.98914,21.85642],[105.98999,21.85785],[105.99191,21.85835],[105.99327,21.85832],[105.99562,21.85655],[105.99705,21.85688],[105.999,21.85594],[106.00155,21.85575],[106.00856,21.85326],[106.01334,21.85146],[106.01669,21.85343],[106.01873,21.85309],[106.01964,21.85448],[106.02048,21.85406],[106.02132,21.8558],[106.02064,21.85659],[106.02092,21.85827],[106.02003,21.85986],[106.02009,21.86163],[106.02211,21.86276],[106.02259,21.86472],[106.02354,21.86424],[106.0243,21.86487],[106.02699,21.86515],[106.02853,21.86497],[106.03388,21.86371],[106.03461,21.86423],[106.0344,21.86664],[106.03532,21.86917],[106.03545,21.87099],[106.03643,21.87178],[106.03692,21.87356],[106.03691,21.87487],[106.03639,21.87582],[106.03602,21.87894],[106.03626,21.88006],[106.03545,21.88449],[106.03568,21.88863],[106.03618,21.89286],[106.03659,21.89486],[106.0375,21.8966],[106.03893,21.897],[106.04194,21.89882],[106.04763,21.8989],[106.04884,21.89966],[106.0516,21.89956],[106.05302,21.89793],[106.05383,21.89876],[106.0541,21.90133],[106.05495,21.90439],[106.05468,21.90713],[106.05543,21.90738],[106.05622,21.90921],[106.05624,21.9104],[106.05697,21.91164],[106.06135,21.91396],[106.06211,21.9153],[106.06407,21.91598],[106.06624,21.91806],[106.06652,21.91931],[106.06506,21.92106],[106.06354,21.92123],[106.0632,21.92231],[106.06207,21.92298],[106.06247,21.92457],[106.06248,21.92633],[106.06173,21.92863],[106.06251,21.92976],[106.06257,21.932],[106.06294,21.93281],[106.06224,21.93434],[106.06268,21.93524],[106.06301,21.93848],[106.06327,21.93908],[106.06334,21.9417]]]},"properties":{"a01_tinh":"diaphanhanhchinhcaptinh_sn.101","a02_xa":"diaphanhanhchinhcapxa_2025.1224","a03_ten":"Xã Sảng Mộc","a04_tentinh":"Tỉnh Thái Nguyên","a05_truocsn":"giữ nguyên","a06_trungtamhc":"Trụ sở Đảng ủy, HĐND, UBND xã Sảng Mộc","a07_dt":"96.79","a08_ds":"3286","a09_dthoai":null,"a10_web":null,"ten":"Xã Sảng Mộc","ma":"05719","tentinh":"Tỉnh Thái Nguyên","truocsapnhap":"giữ nguyên","dientichkm2":null,"dansonguoi":null},"id":"diaphanhanhchinhcapxa_2025.1224"},
{"type":"Feature","geometry":{"type":"Polygon","coordinates":[[[105.81922,21.55209],[105.81881,21.55188],[105.81503,21.55201],[105.81307,21.55076],[105.81243,21.55204],[105.81115,21.55095],[105.80997,21.55245],[105.80857,21.55302],[105.80794,21.55175],[105.80601,21.55153],[105.80365,21.54907],[105.80279,21.54744],[105.80093,21.54881],[105.80005,21.54982],[105.80155,21.55258],[105.80189,21.55584],[105.80166,21.55737],[105.80286,21.55953],[105.8024,21.56068],[105.80111,21.56102],[105.79999,21.56267],[105.79528,21.56517],[105.79349,21.56453],[105.78896,21.56254],[105.78728,21.5614],[105.78647,21.56021],[105.78529,21.55925],[105.78518,21.55651],[105.78457,21.55561],[105.7843,21.55409],[105.78449,21.55104],[105.78361,21.54798],[105.78018,21.54605],[105.77963,21.54507],[105.7784,21.54597],[105.77778,21.5477],[105.77685,21.54822],[105.77705,21.54923],[105.77641,21.54983],[105.77494,21.54927],[105.77379,21.5519],[105.77299,21.5526],[105.7731,21.55367],[105.77166,21.5552],[105.76899,21.5545],[105.76929,21.55326],[105.76818,21.55231],[105.7675,21.55288],[105.76598,21.55294],[105.76529,21.55205],[105.76379,21.5523],[105.76342,21.55123],[105.76236,21.5511],[105.76213,21.55215],[105.75916,21.55076],[105.75832,21.55227],[105.75716,21.55252],[105.7548,21.55167],[105.75391,21.55244],[105.75261,21.55263],[105.75116,21.55238],[105.75118,21.55145],[105.75027,21.55089],[105.74988,21.54786],[105.74945,21.54664],[105.74736,21.54277],[105.7494,21.54096],[105.75049,21.53916],[105.75141,21.53855],[105.75244,21.53689],[105.75093,21.53563],[105.74879,21.53459],[105.74748,21.53443],[105.74602,21.53301],[105.74673,21.53194],[105.74471,21.52955],[105.74431,21.52784],[105.7446,21.52406],[105.74554,21.52369],[105.74842,21.51948],[105.74971,21.51849],[105.75012,21.51686],[105.74894,21.51545],[105.75163,21.51291],[105.75308,21.51015],[105.75352,21.50744],[105.75221,21.5065],[105.755,21.50457],[105.75525,21.50355],[105.75689,21.50194],[105.75852,21.50138],[105.758,21.49799],[105.76077,21.49664],[105.75867,21.49551],[105.75761,21.49384],[105.75844,21.49139],[105.75996,21.4906],[105.76308,21.48804],[105.76568,21.48668],[105.76575,21.48577],[105.76767,21.48456],[105.77001,21.48198],[105.77324,21.48123],[105.77578,21.48015],[105.77523,21.47939],[105.77596,21.47829],[105.77882,21.47744],[105.77938,21.47831],[105.78038,21.47838],[105.78288,21.47721],[105.78345,21.47613],[105.78669,21.47478],[105.78755,21.47317],[105.78883,21.47214],[105.79148,21.47157],[105.79322,21.47096],[105.79326,21.47331],[105.79444,21.47548],[105.79564,21.47568],[105.79647,21.47713],[105.79952,21.47782],[105.80104,21.48067],[105.80186,21.48122],[105.8037,21.48055],[105.80556,21.48238],[105.80671,21.48287],[105.80876,21.48437],[105.80929,21.48315],[105.81092,21.48384],[105.81227,21.48379],[105.81305,21.48257],[105.81403,21.48301],[105.81479,21.48203],[105.81576,21.48218],[105.81639,21.48117],[105.81765,21.48096],[105.81814,21.48229],[105.81889,21.48274],[105.81806,21.48593],[105.81774,21.48901],[105.81809,21.49067],[105.81882,21.491],[105.81954,21.49244],[105.81858,21.49533],[105.81796,21.49633],[105.81671,21.49692],[105.81645,21.49902],[105.81733,21.50066],[105.81948,21.50174],[105.82006,21.50249],[105.82112,21.50511],[105.81873,21.50598],[105.81593,21.50638],[105.8146,21.50748],[105.81197,21.50893],[105.81416,21.51028],[105.81433,21.51128],[105.81379,21.51297],[105.81366,21.51454],[105.81548,21.5161],[105.81531,21.51726],[105.81546,21.52024],[105.81745,21.52026],[105.81859,21.52147],[105.82097,21.52251],[105.82204,21.52158],[105.82263,21.52304],[105.82246,21.52413],[105.82357,21.52464],[105.8233,21.52659],[105.82284,21.52736],[105.82394,21.52964],[105.82405,21.53063],[105.82485,21.53136],[105.82455,21.5324],[105.82524,21.53448],[105.82488,21.53517],[105.82601,21.53599],[105.82553,21.53704],[105.82602,21.53915],[105.82695,21.53982],[105.82828,21.53952],[105.83042,21.54143],[105.83031,21.54274],[105.82954,21.54385],[105.83054,21.54494],[105.82906,21.54703],[105.82666,21.54737],[105.82599,21.5485],[105.82445,21.54987],[105.82216,21.55071],[105.82054,21.55215],[105.81922,21.55209]]]},"properties":{"a01_tinh":"diaphanhanhchinhcaptinh_sn.101","a02_xa":"diaphanhanhchinhcapxa_2025.1191","a03_ten":"Xã Tân Cương","a04_tentinh":"Tỉnh Thái Nguyên","a05_truocsn":"Xã Thịnh Đức, Xã Bình Sơn, Xã Tân Cương","a06_trungtamhc":"Trụ sở Đảng ủy, HĐND, UBND xã Tân Cương","a07_dt":"57.92","a08_ds":"25525","a09_dthoai":null,"a10_web":null,"ten":"Xã Tân Cương","ma":"05503","tentinh":"Tỉnh Thái Nguyên","truocsapnhap":"Xã Thịnh Đức, Xã Bình Sơn, Xã Tân Cương","dientichkm2":null,"dansonguoi":null},"id":"diaphanhanhchinhcapxa_2025.1191"},
{"type":"Feature","geometry":{"type":"Polygon","coordinates":[[[105.93546,21.58466],[105.93396,21.58527],[105.93343,21.58638],[105.93182,21.58574],[105.92691,21.58699],[105.92609,21.58788],[105.92496,21.58722],[105.92308,21.58714],[105.92308,21.58812],[105.92214,21.58908],[105.92106,21.58908],[105.91938,21.58977],[105.91815,21.5898],[105.91608,21.58926],[105.91595,21.58805],[105.91519,21.5879],[105.91384,21.58592],[105.91285,21.58566],[105.91363,21.58425],[105.91289,21.58281],[105.91168,21.58188],[105.9121,21.58006],[105.91341,21.57751],[105.91351,21.57622],[105.91459,21.5753],[105.91477,21.57358],[105.91446,21.57154],[105.91475,21.57036],[105.91618,21.56946],[105.91506,21.56896],[105.91421,21.56691],[105.91302,21.56673],[105.91166,21.56493],[105.91042,21.56534],[105.91008,21.5636],[105.90877,21.56378],[105.90739,21.56309],[105.90979,21.56102],[105.91015,21.55952],[105.90973,21.55799],[105.90952,21.55465],[105.90969,21.55323],[105.91085,21.54886],[105.91091,21.54679],[105.90892,21.54621],[105.90823,21.54634],[105.90701,21.54429],[105.90769,21.54378],[105.90802,21.54205],[105.90787,21.54042],[105.90877,21.53941],[105.90899,21.53765],[105.90834,21.53655],[105.90591,21.53421],[105.90584,21.53164],[105.90731,21.52894],[105.91016,21.52517],[105.91236,21.52326],[105.9137,21.52102],[105.91464,21.51892],[105.91611,21.51682],[105.91796,21.51521],[105.91965,21.51481],[105.92118,21.51498],[105.92588,21.5164],[105.92702,21.51629],[105.92711,21.51474],[105.92618,21.51255],[105.92378,21.50932],[105.92261,21.50831],[105.92068,21.50789],[105.91843,21.50604],[105.91498,21.50189],[105.91437,21.49978],[105.91439,21.49783],[105.91629,21.49605],[105.91962,21.4952],[105.9209,21.49537],[105.92299,21.49753],[105.9261,21.49948],[105.92864,21.50027],[105.93113,21.50008],[105.93145,21.50142],[105.93281,21.50115],[105.93385,21.50298],[105.93438,21.50214],[105.93551,21.50243],[105.93636,21.50365],[105.93577,21.5054],[105.9368,21.50698],[105.93665,21.50822],[105.93571,21.50854],[105.93681,21.50981],[105.93616,21.51078],[105.93623,21.51191],[105.9378,21.51238],[105.93841,21.51191],[105.94035,21.51244],[105.93958,21.51433],[105.94019,21.51473],[105.94279,21.51465],[105.94297,21.51325],[105.94512,21.513],[105.94565,21.51422],[105.94757,21.51438],[105.94891,21.51518],[105.95179,21.51561],[105.9523,21.51771],[105.95294,21.51707],[105.95573,21.51799],[105.95754,21.51716],[105.95916,21.51718],[105.96033,21.51787],[105.96147,21.51755],[105.96189,21.51881],[105.96362,21.52037],[105.96563,21.52398],[105.96728,21.52458],[105.96766,21.52606],[105.9688,21.52651],[105.97032,21.52612],[105.97152,21.52806],[105.97295,21.52834],[105.97329,21.52977],[105.97411,21.53006],[105.97417,21.53164],[105.97353,21.53364],[105.9757,21.53416],[105.97539,21.53579],[105.97587,21.53644],[105.97621,21.53894],[105.97534,21.54033],[105.97525,21.54156],[105.97392,21.54232],[105.97504,21.54512],[105.97696,21.54641],[105.97853,21.54705],[105.98037,21.54715],[105.9814,21.54771],[105.98389,21.5475],[105.9852,21.54816],[105.98554,21.54925],[105.98769,21.55055],[105.98899,21.55099],[105.98928,21.55384],[105.99026,21.55546],[105.99038,21.5568],[105.99206,21.55737],[105.99311,21.55733],[105.99487,21.55837],[105.99489,21.56085],[105.99402,21.56209],[105.9921,21.56277],[105.98888,21.56225],[105.98768,21.56179],[105.98495,21.56236],[105.98284,21.5611],[105.98,21.56115],[105.97754,21.56227],[105.9743,21.5614],[105.97267,21.56146],[105.97092,21.56226],[105.96954,21.56485],[105.96774,21.56459],[105.96734,21.56701],[105.96675,21.56868],[105.96586,21.56856],[105.96515,21.56957],[105.96178,21.57168],[105.9588,21.57215],[105.95743,21.57134],[105.957,21.56795],[105.95518,21.56724],[105.95477,21.56632],[105.95459,21.56425],[105.95346,21.56383],[105.95152,21.56374],[105.94947,21.56466],[105.94881,21.56627],[105.94739,21.56636],[105.94722,21.56733],[105.94565,21.56753],[105.94446,21.56686],[105.94293,21.56472],[105.9401,21.56578],[105.94036,21.56673],[105.93979,21.56768],[105.93945,21.5702],[105.94001,21.5712],[105.93841,21.57417],[105.93863,21.57742],[105.93668,21.5804],[105.93553,21.58116],[105.93546,21.58466]]]},"properties":{"a01_tinh":"diaphanhanhchinhcaptinh_sn.101","a02_xa":"diaphanhanhchinhcapxa_2025.1236","a03_ten":"Xã Tân Khánh","a04_tentinh":"Tỉnh Thái Nguyên","a05_truocsn":"Xã Bàn Đạt, Xã Đào Xá, Xã Tân Khánh","a06_trungtamhc":"Trụ sở Đảng ủy, HĐND, UBND xã Tân Khánh","a07_dt":"48.31","a08_ds":"23724","a09_dthoai":null,"a10_web":null,"ten":"Xã Tân Khánh","ma":"05917","tentinh":"Tỉnh Thái Nguyên","truocsapnhap":"Xã Bàn Đạt, Xã Đào Xá, Xã Tân Khánh","dientichkm2":null,"dansonguoi":null},"id":"diaphanhanhchinhcapxa_2025.1236"},
{"type":"Feature","geometry":{"type":"Polygon","coordinates":[[[105.94561,22.12014],[105.9445,22.1226],[105.94316,22.12402],[105.9403,22.12531],[105.94043,22.12601],[105.93722,22.12758],[105.93672,22.12839],[105.93448,22.12954],[105.9318,22.12975],[105.93077,22.12922],[105.92986,22.12719],[105.92764,22.12492],[105.9268,22.12448],[105.9247,22.12425],[105.92332,22.12255],[105.9239,22.12078],[105.92349,22.11864],[105.92441,22.11718],[105.92462,22.11534],[105.92571,22.11294],[105.9245,22.11147],[105.92278,22.11111],[105.92231,22.11033],[105.92207,22.10812],[105.92249,22.10568],[105.92116,22.10363],[105.9215,22.10235],[105.92128,22.10073],[105.92252,22.09948],[105.92272,22.09796],[105.92345,22.09697],[105.92585,22.09572],[105.92774,22.09398],[105.92771,22.09322],[105.92938,22.09213],[105.92943,22.08999],[105.93079,22.08955],[105.93108,22.0889],[105.93066,22.08754],[105.92957,22.08674],[105.92878,22.08416],[105.92734,22.08334],[105.92675,22.08246],[105.92693,22.08153],[105.92624,22.08067],[105.92377,22.08066],[105.92221,22.08138],[105.92069,22.08404],[105.91919,22.08461],[105.91727,22.08478],[105.91673,22.08409],[105.91527,22.08377],[105.91276,22.08396],[105.91043,22.08158],[105.90913,22.08163],[105.90724,22.08352],[105.90616,22.08416],[105.90374,22.08484],[105.90224,22.08432],[105.89999,22.08203],[105.89921,22.08042],[105.89852,22.07812],[105.89708,22.07511],[105.89604,22.07032],[105.89479,22.06864],[105.8932,22.06977],[105.89079,22.07273],[105.88759,22.07381],[105.88487,22.07565],[105.88261,22.07584],[105.8831,22.07381],[105.88249,22.0724],[105.88093,22.07163],[105.8796,22.06974],[105.87689,22.07119],[105.87535,22.0707],[105.8747,22.0696],[105.87441,22.06774],[105.87357,22.06698],[105.87332,22.06503],[105.87288,22.06422],[105.87078,22.06228],[105.86881,22.0619],[105.86716,22.06292],[105.86727,22.06415],[105.86673,22.06473],[105.8666,22.06609],[105.86386,22.06457],[105.86303,22.06336],[105.85957,22.06347],[105.8597,22.06419],[105.8582,22.0674],[105.85775,22.0695],[105.85679,22.0711],[105.85831,22.07551],[105.85881,22.07745],[105.85903,22.07962],[105.85564,22.08311],[105.85568,22.0845],[105.85669,22.08518],[105.85697,22.08767],[105.85441,22.08979],[105.8521,22.09],[105.84769,22.09163],[105.84505,22.09178],[105.8444,22.0923],[105.84252,22.09262],[105.84154,22.09323],[105.83984,22.09303],[105.83739,22.09196],[105.83651,22.09057],[105.83531,22.08989],[105.83399,22.09045],[105.8328,22.09047],[105.83073,22.08938],[105.82952,22.08727],[105.82862,22.08676],[105.82512,22.08571],[105.82425,22.08587],[105.8233,22.08502],[105.82051,22.08414],[105.82019,22.08321],[105.82112,22.08249],[105.82213,22.08103],[105.82239,22.07869],[105.82547,22.07561],[105.82411,22.07363],[105.82261,22.07232],[105.82069,22.0726],[105.81928,22.07112],[105.82034,22.06715],[105.81978,22.06628],[105.81961,22.0649],[105.81831,22.06458],[105.81711,22.06279],[105.81567,22.06212],[105.81561,22.06085],[105.81506,22.05959],[105.81532,22.05807],[105.81484,22.05758],[105.81422,22.05447],[105.81268,22.05295],[105.81405,22.05094],[105.81533,22.05005],[105.81599,22.04667],[105.81478,22.04652],[105.81139,22.04484],[105.81118,22.04352],[105.80923,22.04068],[105.80964,22.03986],[105.80816,22.03762],[105.80707,22.03653],[105.80668,22.03508],[105.80706,22.03322],[105.80609,22.03156],[105.80701,22.02877],[105.80798,22.02736],[105.80871,22.02563],[105.81019,22.02451],[105.81077,22.02177],[105.81176,22.02042],[105.81233,22.01764],[105.8144,22.01599],[105.81722,22.01336],[105.81966,22.01313],[105.8218,22.01153],[105.82224,22.00942],[105.82297,22.00904],[105.82365,22.00743],[105.82452,22.00727],[105.82534,22.00612],[105.82737,22.00649],[105.82863,22.00549],[105.83039,22.00469],[105.83452,22.00246],[105.83907,22.00131],[105.84222,22.00169],[105.84325,22.00125],[105.84366,21.99902],[105.84466,21.99721],[105.84643,21.99631],[105.84721,21.99484],[105.84725,21.99378],[105.84795,21.99227],[105.84887,21.9912],[105.85187,21.9903],[105.85297,21.99088],[105.85412,21.99056],[105.85609,21.99109],[105.85982,21.99061],[105.8608,21.99106],[105.86251,21.9907],[105.8646,21.99074],[105.866,21.99007],[105.86688,21.99045],[105.86925,21.98973],[105.87149,21.98856],[105.87318,21.98877],[105.87449,21.98769],[105.87615,21.98702],[105.87715,21.9878],[105.88073,21.9872],[105.88201,21.98679],[105.88325,21.98698],[105.884,21.98789],[105.88558,21.98884],[105.88907,21.98896],[105.8906,21.98754],[105.89082,21.98644],[105.89864,21.98423],[105.9028,21.98327],[105.90358,21.98401],[105.90406,21.98592],[105.90387,21.9874],[105.90538,21.9898],[105.90612,21.98992],[105.9092,21.98939],[105.91301,21.99071],[105.91536,21.99045],[105.91816,21.99328],[105.91714,21.99387],[105.91676,21.99506],[105.91565,21.9956],[105.914,21.99725],[105.91381,21.99823],[105.91256,21.99928],[105.91184,22.0008],[105.91332,22.00208],[105.91475,22.0023],[105.91652,22.00306],[105.91864,22.00296],[105.92056,22.00188],[105.9223,22.00217],[105.92435,22.00111],[105.92542,22.0011],[105.92647,22.00176],[105.92814,22.00221],[105.92851,22.00301],[105.93017,22.00396],[105.93094,22.00525],[105.93287,22.0063],[105.93356,22.00846],[105.93605,22.00924],[105.93553,22.01108],[105.93594,22.01272],[105.93767,22.01555],[105.93899,22.01565],[105.94008,22.01746],[105.94002,22.01887],[105.94157,22.02126],[105.94282,22.02212],[105.94334,22.023],[105.94657,22.02298],[105.94852,22.02269],[105.94992,22.02184],[105.95124,22.02181],[105.95193,22.02249],[105.95262,22.02474],[105.95406,22.02635],[105.95496,22.02578],[105.95652,22.02588],[105.95783,22.02716],[105.95921,22.02676],[105.9604,22.027],[105.9618,22.0258],[105.96543,22.02857],[105.96704,22.03049],[105.96723,22.03125],[105.96753,22.03439],[105.96665,22.03589],[105.96423,22.03657],[105.9639,22.0377],[105.96258,22.03823],[105.96166,22.03921],[105.96289,22.04071],[105.9627,22.04249],[105.96503,22.0427],[105.96682,22.04533],[105.966,22.04786],[105.96736,22.04883],[105.96717,22.05031],[105.96583,22.05283],[105.9674,22.0537],[105.96904,22.05595],[105.97049,22.05641],[105.97176,22.05635],[105.97248,22.05711],[105.9722,22.058],[105.97318,22.06004],[105.9733,22.06132],[105.97471,22.06343],[105.97687,22.06518],[105.97923,22.06601],[105.98281,22.06696],[105.98346,22.06776],[105.98638,22.06646],[105.98866,22.06609],[105.98968,22.06789],[105.99229,22.0689],[105.99473,22.0707],[105.99532,22.07334],[105.99485,22.07428],[105.99294,22.07677],[105.99416,22.07977],[105.99612,22.08082],[105.99822,22.08146],[105.99946,22.08218],[105.99845,22.08697],[105.99967,22.08777],[105.99979,22.0903],[105.99807,22.09018],[105.99603,22.09039],[105.99377,22.08939],[105.9923,22.09024],[105.99151,22.09021],[105.98982,22.09128],[105.98647,22.09174],[105.98582,22.0931],[105.98257,22.09342],[105.98107,22.09494],[105.97842,22.0965],[105.97526,22.09773],[105.97199,22.0999],[105.97087,22.09889],[105.96907,22.0996],[105.96795,22.09868],[105.96613,22.0984],[105.96546,22.10001],[105.96424,22.10076],[105.96324,22.10221],[105.95888,22.102],[105.95654,22.10225],[105.95581,22.10367],[105.95236,22.10339],[105.95056,22.10266],[105.9501,22.10388],[105.95125,22.10624],[105.95138,22.10742],[105.94932,22.10972],[105.94724,22.11153],[105.94642,22.11188],[105.94608,22.11298],[105.94362,22.11468],[105.94174,22.11513],[105.94323,22.11588],[105.94379,22.11754],[105.94523,22.11771],[105.94561,22.12014]]]},"properties":{"a01_tinh":"diaphanhanhchinhcaptinh_sn.101","a02_xa":"diaphanhanhchinhcapxa_2025.1243","a03_ten":"Xã Tân Kỳ","a04_tentinh":"Tỉnh Thái Nguyên","a05_truocsn":"Xã Tân Sơn, Xã Cao Kỳ, Xã Hòa Mục","a06_trungtamhc":"Trụ sở Đảng ủy, HĐND, UBND xã Cao Kỳ","a07_dt":"167.82","a08_ds":"7718","a09_dthoai":null,"a10_web":null,"ten":"Xã Tân Kỳ","ma":"02104","tentinh":"Tỉnh Thái Nguyên","truocsapnhap":"Xã Tân Sơn, Xã Cao Kỳ, Xã Hòa Mục","dientichkm2":null,"dansonguoi":null},"id":"diaphanhanhchinhcapxa_2025.1243"},
{"type":"Feature","geometry":{"type":"Polygon","coordinates":[[[106.04369,21.52078],[106.03992,21.52154],[106.03808,21.5217],[106.03783,21.52266],[106.03656,21.52381],[106.03715,21.52521],[106.03673,21.52633],[106.03583,21.52678],[106.03446,21.52895],[106.03373,21.52965],[106.03373,21.53114],[106.03146,21.53133],[106.03057,21.5306],[106.0302,21.53332],[106.03092,21.53446],[106.02968,21.53521],[106.02876,21.53706],[106.02937,21.53912],[106.02802,21.53998],[106.02742,21.54106],[106.02802,21.54352],[106.02878,21.54506],[106.02707,21.54686],[106.02454,21.54773],[106.02331,21.5494],[106.02139,21.55026],[106.02028,21.55172],[106.01792,21.55188],[106.01786,21.55304],[106.01633,21.55478],[106.01494,21.55504],[106.01302,21.55589],[106.01074,21.55722],[106.00846,21.55773],[106.00774,21.55716],[106.00667,21.55532],[106.00555,21.55526],[106.00412,21.5538],[106.00211,21.55516],[106.00092,21.55673],[105.99977,21.55757],[105.9957,21.55757],[105.99487,21.55837],[105.99311,21.55733],[105.99206,21.55737],[105.99038,21.5568],[105.99026,21.55546],[105.98928,21.55384],[105.98899,21.55099],[105.98769,21.55055],[105.98554,21.54925],[105.9852,21.54816],[105.98389,21.5475],[105.9814,21.54771],[105.98037,21.54715],[105.97853,21.54705],[105.97696,21.54641],[105.97504,21.54512],[105.97392,21.54232],[105.97525,21.54156],[105.97534,21.54033],[105.97621,21.53894],[105.97587,21.53644],[105.97539,21.53579],[105.9757,21.53416],[105.97353,21.53364],[105.97417,21.53164],[105.97411,21.53006],[105.97329,21.52977],[105.97295,21.52834],[105.97152,21.52806],[105.97032,21.52612],[105.9688,21.52651],[105.96766,21.52606],[105.96728,21.52458],[105.96563,21.52398],[105.96362,21.52037],[105.96423,21.51859],[105.96505,21.51814],[105.96946,21.51422],[105.96875,21.51358],[105.96881,21.51258],[105.96962,21.51148],[105.97067,21.5113],[105.97136,21.50818],[105.97208,21.50661],[105.97109,21.50618],[105.97029,21.50472],[105.97041,21.50324],[105.96881,21.50127],[105.9682,21.49932],[105.96639,21.4955],[105.96635,21.49491],[105.96508,21.49355],[105.96538,21.49208],[105.96335,21.49136],[105.96335,21.48937],[105.96096,21.48767],[105.96114,21.48639],[105.96072,21.48418],[105.96154,21.48342],[105.96098,21.48125],[105.96517,21.48081],[105.9661,21.47981],[105.96893,21.47982],[105.96954,21.48075],[105.97108,21.48009],[105.97271,21.48066],[105.97305,21.48185],[105.97465,21.4843],[105.97662,21.48423],[105.97766,21.48456],[105.98031,21.48373],[105.9818,21.48431],[105.98274,21.48578],[105.98444,21.48497],[105.98476,21.48358],[105.98595,21.48292],[105.98741,21.48265],[105.98707,21.48096],[105.9884,21.4803],[105.98949,21.47808],[105.99117,21.47716],[105.99199,21.47576],[105.99104,21.47379],[105.99274,21.47108],[105.99247,21.47045],[105.99301,21.46904],[105.9911,21.46769],[105.98982,21.46569],[105.99026,21.46233],[105.9916,21.46208],[105.99577,21.46361],[105.99766,21.46287],[105.99818,21.46151],[105.99971,21.46118],[105.99937,21.46006],[105.99704,21.45654],[105.99877,21.45394],[105.99993,21.45291],[106.0039,21.45194],[106.00593,21.45003],[106.00718,21.44944],[106.01114,21.44863],[106.01572,21.44793],[106.01727,21.44879],[106.01605,21.44997],[106.01665,21.4512],[106.01591,21.45344],[106.01581,21.45477],[106.01685,21.45475],[106.01769,21.45702],[106.01896,21.4581],[106.02021,21.45862],[106.02277,21.4592],[106.02366,21.46012],[106.02562,21.46103],[106.02559,21.46173],[106.02654,21.46259],[106.02752,21.46248],[106.02899,21.46397],[106.0291,21.46475],[106.03031,21.46491],[106.03154,21.46451],[106.03187,21.46609],[106.03267,21.4674],[106.03267,21.46992],[106.03397,21.47113],[106.03368,21.4723],[106.03486,21.47309],[106.03774,21.47357],[106.03786,21.47277],[106.04094,21.47254],[106.04371,21.47403],[106.04468,21.47371],[106.0448,21.47541],[106.04561,21.47555],[106.04605,21.477],[106.04721,21.47805],[106.04721,21.48031],[106.04764,21.48179],[106.04552,21.4834],[106.04523,21.48438],[106.04072,21.48704],[106.03899,21.48969],[106.03792,21.49034],[106.03813,21.49127],[106.0392,21.49148],[106.03952,21.49366],[106.04065,21.49549],[106.04281,21.49718],[106.04331,21.49834],[106.04291,21.50113],[106.04396,21.50452],[106.04516,21.50573],[106.0453,21.50751],[106.04576,21.5082],[106.04456,21.51125],[106.04445,21.51346],[106.04367,21.51401],[106.04195,21.51423],[106.04112,21.5157],[106.04113,21.51656],[106.04256,21.51758],[106.04435,21.51809],[106.04433,21.51914],[106.04369,21.52078]]]},"properties":{"a01_tinh":"diaphanhanhchinhcaptinh_sn.101","a02_xa":"diaphanhanhchinhcapxa_2025.1237","a03_ten":"Xã Tân Thành","a04_tentinh":"Tỉnh Thái Nguyên","a05_truocsn":"Xã Tân Hòa, Xã Tân Kim, Xã Tân Thành","a06_trungtamhc":"Trụ sở Đảng ủy, HĐND, UBND xã Tân Thành","a07_dt":"69.03","a08_ds":"25724","a09_dthoai":null,"a10_web":null,"ten":"Xã Tân Thành","ma":"05923","tentinh":"Tỉnh Thái Nguyên","truocsapnhap":"Xã Tân Hòa, Xã Tân Kim, Xã Tân Thành","dientichkm2":null,"dansonguoi":null},"id":"diaphanhanhchinhcapxa_2025.1237"},
{"type":"Feature","geometry":{"type":"Polygon","coordinates":[[[105.94561,21.89961],[105.94427,21.89875],[105.94267,21.89864],[105.94071,21.90055],[105.93991,21.89988],[105.93822,21.89984],[105.93754,21.89891],[105.93133,21.89662],[105.92865,21.89544],[105.92685,21.89536],[105.91969,21.89571],[105.91786,21.896],[105.9164,21.89584],[105.91258,21.89408],[105.91105,21.89444],[105.90864,21.89359],[105.90074,21.886],[105.89802,21.88272],[105.8958,21.8795],[105.89169,21.87503],[105.89032,21.87214],[105.88892,21.87009],[105.88928,21.86924],[105.88796,21.86643],[105.88673,21.86561],[105.8854,21.86299],[105.88468,21.86241],[105.88296,21.8621],[105.88252,21.86041],[105.88289,21.8582],[105.88137,21.85723],[105.87689,21.85714],[105.8733,21.85576],[105.87152,21.85597],[105.87072,21.85701],[105.86839,21.85899],[105.86727,21.85906],[105.86633,21.8597],[105.86441,21.86009],[105.86322,21.86073],[105.8625,21.8598],[105.86254,21.8589],[105.86392,21.85504],[105.86432,21.85142],[105.86314,21.84981],[105.86453,21.84844],[105.86434,21.8475],[105.86278,21.84573],[105.86315,21.8429],[105.86223,21.84136],[105.8616,21.8394],[105.86106,21.83897],[105.85893,21.83881],[105.8559,21.83679],[105.85453,21.8354],[105.85517,21.83363],[105.85559,21.8311],[105.85526,21.83021],[105.85636,21.82722],[105.8568,21.82662],[105.85629,21.82483],[105.85654,21.82223],[105.85633,21.82119],[105.85685,21.81966],[105.85636,21.81748],[105.85406,21.81771],[105.85145,21.81632],[105.85022,21.81526],[105.84858,21.81322],[105.84899,21.81006],[105.84857,21.80729],[105.8506,21.80552],[105.85101,21.8045],[105.85235,21.80396],[105.85251,21.8028],[105.85384,21.80108],[105.85335,21.79882],[105.85531,21.79568],[105.85883,21.79407],[105.85937,21.79323],[105.85907,21.79034],[105.85756,21.78892],[105.85794,21.78763],[105.85785,21.78573],[105.85871,21.78417],[105.85885,21.78279],[105.85944,21.78161],[105.86096,21.7811],[105.86338,21.78166],[105.86443,21.78154],[105.86825,21.77893],[105.87062,21.7778],[105.87346,21.77724],[105.8766,21.77793],[105.87841,21.77729],[105.88174,21.77527],[105.88281,21.77352],[105.88498,21.77202],[105.88784,21.77089],[105.88954,21.77165],[105.89255,21.77157],[105.89495,21.77283],[105.89919,21.77179],[105.90004,21.77226],[105.90233,21.7726],[105.90494,21.77427],[105.90754,21.77498],[105.90938,21.77574],[105.91327,21.77577],[105.91689,21.77626],[105.91822,21.77618],[105.91931,21.77531],[105.92293,21.7761],[105.92467,21.77599],[105.92685,21.77735],[105.9279,21.77859],[105.92843,21.77708],[105.92977,21.77625],[105.93167,21.77613],[105.93541,21.77774],[105.93566,21.77845],[105.93703,21.77944],[105.937,21.78041],[105.93889,21.78235],[105.94019,21.78072],[105.94223,21.78013],[105.94614,21.78213],[105.94823,21.78252],[105.94884,21.78321],[105.94987,21.78317],[105.95068,21.78384],[105.95656,21.78686],[105.95855,21.78637],[105.96014,21.78638],[105.96181,21.78745],[105.96265,21.78961],[105.96451,21.78963],[105.96556,21.79],[105.9663,21.7914],[105.96779,21.7914],[105.97001,21.79264],[105.97135,21.79292],[105.97283,21.79526],[105.97272,21.79666],[105.97382,21.79777],[105.97481,21.79805],[105.97692,21.80062],[105.97825,21.80163],[105.98005,21.80177],[105.98316,21.80325],[105.98619,21.80533],[105.98858,21.80663],[105.99259,21.80954],[105.99361,21.81123],[105.99584,21.81229],[105.9993,21.81],[106.00104,21.80924],[106.00144,21.81068],[106.00394,21.81353],[106.00358,21.81602],[106.00435,21.81629],[106.00461,21.81753],[106.0056,21.81951],[106.00718,21.82067],[106.00528,21.82261],[106.00554,21.82476],[106.00708,21.8259],[106.0093,21.82638],[106.01116,21.82602],[106.01433,21.82797],[106.01573,21.82912],[106.01583,21.83023],[106.01493,21.83267],[106.01307,21.83356],[106.01265,21.8356],[106.01074,21.83709],[106.01012,21.84071],[106.00813,21.84244],[106.00716,21.84436],[106.0081,21.84554],[106.0091,21.84841],[106.0106,21.84887],[106.01263,21.85034],[106.01334,21.85146],[106.00856,21.85326],[106.00155,21.85575],[105.999,21.85594],[105.99705,21.85688],[105.99562,21.85655],[105.99327,21.85832],[105.99191,21.85835],[105.98999,21.85785],[105.98914,21.85642],[105.98767,21.85521],[105.98605,21.85439],[105.98555,21.85351],[105.9842,21.85281],[105.98206,21.85267],[105.97992,21.85212],[105.9777,21.85263],[105.97634,21.8522],[105.97538,21.85241],[105.97365,21.85171],[105.97308,21.85259],[105.97127,21.85223],[105.96808,21.85231],[105.96698,21.85049],[105.96557,21.84924],[105.9629,21.84857],[105.96084,21.8477],[105.9602,21.84677],[105.95846,21.84609],[105.95613,21.84587],[105.95236,21.84676],[105.95203,21.84782],[105.95003,21.84822],[105.94888,21.8496],[105.94762,21.85045],[105.947,21.85171],[105.94464,21.85383],[105.94348,21.85576],[105.94445,21.85655],[105.94397,21.85864],[105.94403,21.86042],[105.94532,21.86102],[105.94578,21.86193],[105.94832,21.86261],[105.94876,21.86394],[105.95047,21.86567],[105.95177,21.86625],[105.9513,21.86757],[105.95133,21.86923],[105.95056,21.87024],[105.9499,21.87203],[105.95139,21.87449],[105.95142,21.87569],[105.95284,21.87699],[105.95342,21.87825],[105.95302,21.88083],[105.95236,21.88303],[105.95214,21.88621],[105.95126,21.88889],[105.95042,21.88982],[105.95012,21.89189],[105.94767,21.89636],[105.94738,21.89789],[105.94661,21.89939],[105.94561,21.89961]]]},"properties":{"a01_tinh":"diaphanhanhchinhcaptinh_sn.101","a02_xa":"diaphanhanhchinhcapxa_2025.1220","a03_ten":"Xã Thần Sa","a04_tentinh":"Tỉnh Thái Nguyên","a05_truocsn":"Xã Thượng Nung, Xã Thần Xa","a06_trungtamhc":"Trụ sở Đảng ủy, HĐND, UBND xã Thần Sa","a07_dt":"146.08","a08_ds":"601","a09_dthoai":null,"a10_web":null,"ten":"Xã Thần Sa","ma":"05725","tentinh":"Tỉnh Thái Nguyên","truocsapnhap":"Xã Thượng Nung, Xã Thần Xa","dientichkm2":null,"dansonguoi":null},"id":"diaphanhanhchinhcapxa_2025.1220"},
{"type":"Feature","geometry":{"type":"Polygon","coordinates":[[[105.82778,21.41826],[105.82719,21.41645],[105.82605,21.41658],[105.82567,21.41579],[105.82414,21.41461],[105.82315,21.41553],[105.82047,21.41621],[105.81943,21.4148],[105.81832,21.41393],[105.81898,21.41251],[105.81757,21.41254],[105.81665,21.41324],[105.81544,21.41348],[105.81388,21.41269],[105.81239,21.41359],[105.81233,21.41477],[105.80932,21.41481],[105.80836,21.41552],[105.80586,21.41575],[105.80503,21.41512],[105.80302,21.41599],[105.8021,21.41516],[105.80012,21.41497],[105.79801,21.41549],[105.79691,21.41721],[105.79629,21.41909],[105.79507,21.42001],[105.7918,21.41992],[105.79172,21.42084],[105.79064,21.42216],[105.79018,21.4243],[105.7888,21.42411],[105.78572,21.42451],[105.78434,21.42292],[105.78254,21.42374],[105.78129,21.42274],[105.78135,21.42142],[105.7801,21.42076],[105.77789,21.42136],[105.77699,21.42113],[105.77629,21.41969],[105.77196,21.42177],[105.77081,21.42249],[105.7705,21.42354],[105.76931,21.42454],[105.76747,21.42663],[105.76448,21.42787],[105.76289,21.42944],[105.76119,21.42976],[105.75778,21.42674],[105.75693,21.42662],[105.75465,21.42466],[105.75458,21.42365],[105.7526,21.42194],[105.75157,21.42292],[105.75226,21.42384],[105.7522,21.42505],[105.75107,21.42625],[105.75132,21.42755],[105.75062,21.42878],[105.74921,21.42996],[105.74851,21.43009],[105.74725,21.42865],[105.74378,21.42543],[105.74223,21.42461],[105.74055,21.42324],[105.73862,21.4228],[105.73629,21.42122],[105.73381,21.42043],[105.73164,21.41794],[105.72945,21.41681],[105.72898,21.41666],[105.72649,21.41573],[105.72529,21.41599],[105.72375,21.4157],[105.72095,21.41615],[105.72217,21.41378],[105.72691,21.41114],[105.72918,21.40932],[105.73337,21.40995],[105.73614,21.41138],[105.73832,21.41335],[105.73964,21.41483],[105.74353,21.41585],[105.74541,21.41619],[105.74967,21.41604],[105.75188,21.41363],[105.75314,21.4129],[105.7559,21.41054],[105.75573,21.4092],[105.75887,21.40613],[105.76131,21.40296],[105.76302,21.40136],[105.76304,21.40005],[105.76391,21.39838],[105.76358,21.39671],[105.76425,21.39573],[105.76435,21.3942],[105.76549,21.3926],[105.76515,21.39201],[105.76539,21.39043],[105.76591,21.38961],[105.76499,21.38852],[105.76336,21.38744],[105.76217,21.38541],[105.76191,21.38282],[105.76106,21.38076],[105.76041,21.38028],[105.7597,21.37849],[105.76053,21.37716],[105.76204,21.37648],[105.76316,21.37677],[105.76563,21.37601],[105.76649,21.37539],[105.76875,21.37478],[105.76969,21.37242],[105.76983,21.37091],[105.77313,21.37066],[105.77293,21.36965],[105.77482,21.36757],[105.77403,21.36535],[105.7745,21.36484],[105.77521,21.36273],[105.77538,21.36111],[105.77823,21.36042],[105.78017,21.35967],[105.78111,21.36006],[105.78327,21.36008],[105.78467,21.35964],[105.78578,21.3611],[105.78634,21.36335],[105.78646,21.36558],[105.78687,21.36703],[105.78582,21.37045],[105.7869,21.37078],[105.78776,21.37187],[105.78967,21.3733],[105.78808,21.37575],[105.7894,21.37607],[105.79036,21.37807],[105.79108,21.37811],[105.79336,21.37951],[105.79477,21.37985],[105.7953,21.38126],[105.79682,21.38123],[105.79779,21.38237],[105.79907,21.3816],[105.79938,21.38295],[105.80087,21.38539],[105.80158,21.38474],[105.80295,21.38475],[105.8048,21.3824],[105.80564,21.38288],[105.80816,21.3828],[105.81042,21.38182],[105.81156,21.38189],[105.81257,21.38072],[105.81332,21.38087],[105.81354,21.38275],[105.81473,21.38315],[105.81653,21.38295],[105.81659,21.38201],[105.82019,21.37949],[105.82106,21.37941],[105.82133,21.37798],[105.82293,21.3783],[105.82533,21.37678],[105.82664,21.37666],[105.83097,21.37459],[105.83181,21.37333],[105.834,21.37372],[105.83508,21.3734],[105.83603,21.37427],[105.83621,21.37535],[105.83717,21.37621],[105.83855,21.37648],[105.83957,21.37743],[105.84078,21.3772],[105.84169,21.37757],[105.84461,21.37698],[105.84689,21.37742],[105.84632,21.37827],[105.8461,21.38034],[105.84709,21.38097],[105.84801,21.38087],[105.85018,21.37842],[105.85178,21.37807],[105.8522,21.37914],[105.85025,21.38194],[105.85005,21.38282],[105.85013,21.38706],[105.85082,21.39061],[105.85257,21.39247],[105.85342,21.39411],[105.85347,21.39554],[105.85282,21.39616],[105.85195,21.39623],[105.84935,21.39516],[105.84785,21.39505],[105.84599,21.39552],[105.84344,21.39556],[105.8422,21.39622],[105.84202,21.39777],[105.84044,21.39816],[105.83952,21.39664],[105.83857,21.39655],[105.8373,21.39721],[105.8358,21.39907],[105.83465,21.40101],[105.83356,21.40197],[105.83265,21.40429],[105.83412,21.40506],[105.83333,21.40661],[105.83433,21.40815],[105.83164,21.40955],[105.83004,21.41117],[105.82996,21.41294],[105.8294,21.41362],[105.82886,21.41756],[105.82778,21.41826]]]},"properties":{"a01_tinh":"diaphanhanhchinhcaptinh_sn.101","a02_xa":"diaphanhanhchinhcapxa_2025.1233","a03_ten":"Xã Thành Công","a04_tentinh":"Tỉnh Thái Nguyên","a05_truocsn":"Xã Vạn Phái, Xã Thành Công","a06_trungtamhc":"Trụ sở Đảng ủy, HĐND, UBND xã Thành Công","a07_dt":"43.45","a08_ds":"28281","a09_dthoai":null,"a10_web":null,"ten":"Xã Thành Công","ma":"05881","tentinh":"Tỉnh Thái Nguyên","truocsapnhap":"Xã Vạn Phái, Xã Thành Công","dientichkm2":null,"dansonguoi":null},"id":"diaphanhanhchinhcapxa_2025.1233"},
{"type":"Feature","geometry":{"type":"Polygon","coordinates":[[[105.79796,22.10071],[105.79498,22.1011],[105.79216,22.10062],[105.79046,22.09956],[105.78907,22.09908],[105.78493,22.09892],[105.78416,22.09861],[105.7821,22.09871],[105.77913,22.0979],[105.77814,22.09824],[105.77668,22.10043],[105.77564,22.10119],[105.7735,22.10179],[105.77142,22.10088],[105.76796,22.10211],[105.76693,22.10192],[105.76491,22.10067],[105.76329,22.10036],[105.76207,22.10076],[105.75977,22.09978],[105.75795,22.10015],[105.75748,22.09683],[105.75517,22.09635],[105.75261,22.09718],[105.75007,22.09947],[105.74812,22.09882],[105.74687,22.09726],[105.74259,22.09612],[105.7406,22.09611],[105.73811,22.09377],[105.73746,22.09234],[105.73312,22.09348],[105.73167,22.09584],[105.73014,22.09664],[105.7283,22.09625],[105.72671,22.09667],[105.72557,22.09852],[105.72436,22.09954],[105.72184,22.09898],[105.72,22.09832],[105.71739,22.09878],[105.7157,22.09959],[105.71286,22.09862],[105.70978,22.0992],[105.70835,22.1001],[105.70774,22.10104],[105.70634,22.10142],[105.70474,22.10053],[105.7021,22.09569],[105.70145,22.09524],[105.70123,22.09386],[105.7016,22.09069],[105.69936,22.08836],[105.69712,22.08745],[105.69643,22.08627],[105.69605,22.08446],[105.69492,22.08304],[105.69365,22.08252],[105.69452,22.08027],[105.69505,22.07566],[105.69298,22.07367],[105.69324,22.07084],[105.69308,22.06964],[105.69364,22.06766],[105.69492,22.06661],[105.69596,22.06645],[105.69653,22.06497],[105.69837,22.06329],[105.69819,22.06132],[105.6986,22.06064],[105.69831,22.05947],[105.69956,22.05719],[105.70083,22.05634],[105.69963,22.05322],[105.69971,22.05183],[105.69893,22.05108],[105.69467,22.0479],[105.69462,22.04723],[105.69538,22.04485],[105.69631,22.04298],[105.6964,22.04119],[105.69599,22.03913],[105.69638,22.03588],[105.69698,22.03382],[105.69719,22.03108],[105.69871,22.0298],[105.70264,22.02708],[105.70513,22.02561],[105.7079,22.02264],[105.71371,22.02159],[105.71661,22.02213],[105.71913,22.02372],[105.72074,22.02437],[105.72073,22.02552],[105.72264,22.02602],[105.72325,22.02471],[105.72508,22.02306],[105.72637,22.0214],[105.72787,22.02133],[105.7283,22.01919],[105.7289,22.01821],[105.73134,22.01541],[105.73418,22.01626],[105.73574,22.01605],[105.73694,22.01711],[105.7372,22.01857],[105.73972,22.01875],[105.74376,22.01674],[105.74524,22.01661],[105.7471,22.0145],[105.74703,22.01328],[105.75,22.01403],[105.75194,22.01291],[105.75366,22.01285],[105.7557,22.0109],[105.75656,22.01054],[105.75837,22.01195],[105.75936,22.01227],[105.76048,22.0119],[105.76228,22.01031],[105.76278,22.00941],[105.76533,22.01056],[105.76779,22.00945],[105.77138,22.00704],[105.77283,22.00528],[105.77429,22.00439],[105.77482,22.00589],[105.7775,22.0091],[105.77853,22.01006],[105.7805,22.00895],[105.78123,22.00973],[105.78258,22.00957],[105.78427,22.01014],[105.78716,22.00838],[105.79011,22.00582],[105.79154,22.00304],[105.79342,22.00274],[105.79495,22.00188],[105.79666,21.99934],[105.79937,21.99953],[105.8011,21.99884],[105.80256,21.99928],[105.80436,21.99775],[105.80566,22.0009],[105.80599,22.00502],[105.81111,22.00689],[105.81118,22.00992],[105.81484,22.01314],[105.81635,22.01361],[105.81722,22.01336],[105.8144,22.01599],[105.81233,22.01764],[105.81176,22.02042],[105.81077,22.02177],[105.81019,22.02451],[105.80871,22.02563],[105.80798,22.02736],[105.80701,22.02877],[105.80609,22.03156],[105.80706,22.03322],[105.80668,22.03508],[105.80707,22.03653],[105.80816,22.03762],[105.80964,22.03986],[105.80923,22.04068],[105.81118,22.04352],[105.81139,22.04484],[105.81478,22.04652],[105.81599,22.04667],[105.81533,22.05005],[105.81405,22.05094],[105.81268,22.05295],[105.81422,22.05447],[105.81484,22.05758],[105.81532,22.05807],[105.81506,22.05959],[105.81561,22.06085],[105.81567,22.06212],[105.81711,22.06279],[105.81831,22.06458],[105.81961,22.0649],[105.81978,22.06628],[105.82034,22.06715],[105.81928,22.07112],[105.82069,22.0726],[105.82261,22.07232],[105.82411,22.07363],[105.82547,22.07561],[105.82239,22.07869],[105.82213,22.08103],[105.82112,22.08249],[105.82019,22.08321],[105.82051,22.08414],[105.8233,22.08502],[105.82103,22.086],[105.82004,22.08905],[105.81675,22.09079],[105.81617,22.09273],[105.81365,22.09451],[105.81275,22.09393],[105.81208,22.09264],[105.81139,22.09234],[105.80971,22.09295],[105.80754,22.09436],[105.80663,22.09523],[105.80387,22.09553],[105.80115,22.09646],[105.80099,22.09798],[105.79949,22.09894],[105.79796,22.10071]]]},"properties":{"a01_tinh":"diaphanhanhchinhcaptinh_sn.101","a02_xa":"diaphanhanhchinhcapxa_2025.1244","a03_ten":"Xã Thanh Mai","a04_tentinh":"Tỉnh Thái Nguyên","a05_truocsn":"Xã Thanh Vận, Xã Mai Lạp, Xã Thanh Mai","a06_trungtamhc":"Trụ sở Đảng ủy, HĐND, UBND xã Thanh Mai","a07_dt":"111.08","a08_ds":"7406","a09_dthoai":null,"a10_web":null,"ten":"Xã Thanh Mai","ma":"02101","tentinh":"Tỉnh Thái Nguyên","truocsapnhap":"Xã Thanh Vận, Xã Mai Lạp, Xã Thanh Mai","dientichkm2":null,"dansonguoi":null},"id":"diaphanhanhchinhcapxa_2025.1244"},
{"type":"Feature","geometry":{"type":"Polygon","coordinates":[[[105.75194,22.01291],[105.75366,22.00656],[105.75363,22.00103],[105.75413,22.00045],[105.75566,21.9981],[105.75497,21.99769],[105.75536,21.99611],[105.75553,21.99594],[105.75615,21.99508],[105.75594,21.98906],[105.75995,21.98885],[105.76408,21.98607],[105.76345,21.98438],[105.76339,21.98408],[105.76384,21.9809],[105.76336,21.98015],[105.76173,21.97948],[105.76251,21.97802],[105.7613,21.97662],[105.76079,21.97534],[105.76199,21.97295],[105.76033,21.97217],[105.76076,21.9698],[105.76057,21.96874],[105.76123,21.96758],[105.76305,21.9664],[105.76379,21.9645],[105.76523,21.96322],[105.76564,21.96192],[105.76677,21.96137],[105.76775,21.96025],[105.7688,21.9575],[105.77018,21.95563],[105.77188,21.95428],[105.77537,21.95284],[105.775,21.95061],[105.77433,21.94868],[105.77597,21.94564],[105.77621,21.94458],[105.77614,21.94214],[105.77441,21.93985],[105.77442,21.9386],[105.77561,21.93673],[105.77743,21.93485],[105.77792,21.93317],[105.77863,21.93214],[105.78337,21.93181],[105.78518,21.93232],[105.78768,21.93215],[105.78765,21.92927],[105.78711,21.92853],[105.78595,21.92562],[105.78722,21.9227],[105.78649,21.92032],[105.78514,21.9191],[105.78438,21.91888],[105.78391,21.91638],[105.78434,21.91438],[105.78644,21.91298],[105.78649,21.91201],[105.78802,21.91084],[105.78979,21.91007],[105.79279,21.90974],[105.7948,21.90881],[105.79401,21.90752],[105.79469,21.90571],[105.79685,21.9038],[105.79667,21.90281],[105.79738,21.90167],[105.79964,21.90084],[105.8027,21.90198],[105.8033,21.90438],[105.80296,21.90607],[105.80474,21.90616],[105.80697,21.90734],[105.80756,21.90849],[105.80796,21.91238],[105.80944,21.91429],[105.8106,21.91512],[105.81165,21.91509],[105.81322,21.91393],[105.8149,21.91333],[105.81608,21.91253],[105.81901,21.9119],[105.82061,21.91255],[105.82292,21.91209],[105.82438,21.91063],[105.82543,21.9103],[105.82738,21.91031],[105.82832,21.90887],[105.83427,21.90819],[105.83556,21.90862],[105.83702,21.91117],[105.83955,21.91229],[105.84144,21.91266],[105.84093,21.914],[105.84156,21.9171],[105.8432,21.91941],[105.84355,21.92128],[105.84313,21.92259],[105.84216,21.92286],[105.84239,21.92385],[105.84364,21.92587],[105.84323,21.92744],[105.84364,21.92825],[105.84584,21.92859],[105.8467,21.92926],[105.84763,21.93209],[105.84692,21.93372],[105.84782,21.9365],[105.84785,21.9385],[105.85041,21.94176],[105.85062,21.94415],[105.84907,21.94841],[105.85203,21.94889],[105.85467,21.94866],[105.85685,21.94772],[105.85864,21.94638],[105.85886,21.94547],[105.86083,21.94478],[105.86206,21.9425],[105.86286,21.94211],[105.86405,21.94246],[105.86582,21.94226],[105.86731,21.94256],[105.87004,21.94216],[105.87316,21.94037],[105.87377,21.93938],[105.87456,21.93975],[105.87689,21.93998],[105.8807,21.93897],[105.88236,21.93703],[105.88363,21.93887],[105.88433,21.9392],[105.88521,21.94104],[105.8861,21.94198],[105.88732,21.94221],[105.88943,21.94362],[105.89369,21.94531],[105.89353,21.94798],[105.89364,21.95225],[105.89229,21.95263],[105.89168,21.95354],[105.89008,21.95349],[105.88924,21.9555],[105.8895,21.95763],[105.8891,21.95916],[105.8881,21.96069],[105.88921,21.9618],[105.89136,21.96273],[105.8938,21.96574],[105.89581,21.96601],[105.8977,21.96808],[105.89785,21.96932],[105.89739,21.97002],[105.89895,21.97158],[105.9,21.9721],[105.90063,21.97376],[105.89971,21.97582],[105.89974,21.97715],[105.89881,21.97793],[105.89642,21.97802],[105.89594,21.97849],[105.89378,21.97916],[105.89327,21.97973],[105.89082,21.98644],[105.8906,21.98754],[105.88907,21.98896],[105.88558,21.98884],[105.884,21.98789],[105.88325,21.98698],[105.88201,21.98679],[105.88073,21.9872],[105.87715,21.9878],[105.87615,21.98702],[105.87449,21.98769],[105.87318,21.98877],[105.87149,21.98856],[105.86925,21.98973],[105.86688,21.99045],[105.866,21.99007],[105.8646,21.99074],[105.86251,21.9907],[105.8608,21.99106],[105.85982,21.99061],[105.85609,21.99109],[105.85412,21.99056],[105.85297,21.99088],[105.85187,21.9903],[105.84887,21.9912],[105.84795,21.99227],[105.84725,21.99378],[105.84721,21.99484],[105.84643,21.99631],[105.84466,21.99721],[105.84366,21.99902],[105.84325,22.00125],[105.84222,22.00169],[105.83907,22.00131],[105.83452,22.00246],[105.83039,22.00469],[105.82863,22.00549],[105.82737,22.00649],[105.82534,22.00612],[105.82452,22.00727],[105.82365,22.00743],[105.82297,22.00904],[105.82224,22.00942],[105.8218,22.01153],[105.81966,22.01313],[105.81722,22.01336],[105.81635,22.01361],[105.81484,22.01314],[105.81118,22.00992],[105.81111,22.00689],[105.80599,22.00502],[105.80566,22.0009],[105.80436,21.99775],[105.80256,21.99928],[105.8011,21.99884],[105.79937,21.99953],[105.79666,21.99934],[105.79495,22.00188],[105.79342,22.00274],[105.79154,22.00304],[105.79011,22.00582],[105.78716,22.00838],[105.78427,22.01014],[105.78258,22.00957],[105.78123,22.00973],[105.7805,22.00895],[105.77853,22.01006],[105.7775,22.0091],[105.77482,22.00589],[105.77429,22.00439],[105.77283,22.00528],[105.77138,22.00704],[105.76779,22.00945],[105.76533,22.01056],[105.76278,22.00941],[105.76228,22.01031],[105.76048,22.0119],[105.75936,22.01227],[105.75837,22.01195],[105.75656,22.01054],[105.7557,22.0109],[105.75366,22.01285],[105.75194,22.01291]]]},"properties":{"a01_tinh":"diaphanhanhchinhcaptinh_sn.101","a02_xa":"diaphanhanhchinhcapxa_2025.1245","a03_ten":"Xã Thanh Thịnh","a04_tentinh":"Tỉnh Thái Nguyên","a05_truocsn":"Xã Nông Hạ, Xã Thanh Thịnh","a06_trungtamhc":"Trụ sở Đảng ủy, HĐND, UBND xã Nông Hạ","a07_dt":"112.31","a08_ds":"8802","a09_dthoai":null,"a10_web":null,"ten":"Xã Thanh Thịnh","ma":"02107","tentinh":"Tỉnh Thái Nguyên","truocsapnhap":"Xã Nông Hạ, Xã Thanh Thịnh","dientichkm2":null,"dansonguoi":null},"id":"diaphanhanhchinhcapxa_2025.1245"},
{"type":"Feature","geometry":{"type":"Polygon","coordinates":[[[105.85428,22.38984],[105.85287,22.39126],[105.85008,22.39258],[105.84999,22.39442],[105.8491,22.39603],[105.84939,22.39835],[105.84885,22.39951],[105.84919,22.40012],[105.84819,22.40153],[105.84796,22.40268],[105.84551,22.4036],[105.84325,22.40325],[105.84173,22.40366],[105.84048,22.40461],[105.83981,22.40606],[105.83964,22.40823],[105.83524,22.4066],[105.83385,22.4058],[105.83175,22.40536],[105.8305,22.40287],[105.82573,22.39979],[105.82235,22.3986],[105.82058,22.39888],[105.81731,22.39777],[105.81594,22.39709],[105.81454,22.39817],[105.81219,22.40077],[105.81187,22.40327],[105.80984,22.40465],[105.80909,22.40569],[105.8069,22.40585],[105.80513,22.40681],[105.80354,22.40616],[105.80152,22.40631],[105.7996,22.40543],[105.79903,22.40654],[105.79758,22.40788],[105.79764,22.40866],[105.79626,22.40917],[105.79648,22.41083],[105.79632,22.41261],[105.79697,22.41491],[105.79552,22.4155],[105.79388,22.41767],[105.79301,22.41781],[105.78897,22.42026],[105.78812,22.42186],[105.78604,22.42175],[105.78439,22.42119],[105.7823,22.41989],[105.78125,22.4184],[105.77775,22.41822],[105.77531,22.41764],[105.77442,22.41709],[105.77253,22.41365],[105.77167,22.41282],[105.77069,22.41063],[105.76978,22.40953],[105.76957,22.40826],[105.76866,22.40707],[105.76754,22.40673],[105.76471,22.40716],[105.76364,22.40511],[105.76332,22.40327],[105.76225,22.40199],[105.76186,22.3999],[105.76044,22.3996],[105.7582,22.39787],[105.75812,22.39387],[105.75904,22.39307],[105.75736,22.39073],[105.75714,22.38937],[105.75656,22.3888],[105.75442,22.3886],[105.75179,22.38764],[105.74996,22.38663],[105.74701,22.3871],[105.74343,22.38548],[105.7427,22.38378],[105.74077,22.38266],[105.73982,22.38303],[105.73782,22.38219],[105.73413,22.3788],[105.73298,22.37819],[105.73265,22.37582],[105.73405,22.37269],[105.73551,22.37172],[105.738,22.371],[105.73914,22.36886],[105.7415,22.36636],[105.74294,22.3652],[105.74483,22.36496],[105.74588,22.36551],[105.74661,22.36408],[105.74679,22.36127],[105.74741,22.36029],[105.74967,22.35923],[105.75098,22.35785],[105.7533,22.35663],[105.75455,22.35558],[105.75706,22.35575],[105.7576,22.35388],[105.75662,22.35165],[105.75675,22.34823],[105.75781,22.34745],[105.76106,22.3462],[105.7649,22.34538],[105.76612,22.34467],[105.7673,22.34139],[105.76879,22.34081],[105.76989,22.33859],[105.77088,22.33757],[105.77104,22.33648],[105.77176,22.33551],[105.7714,22.33168],[105.77147,22.32865],[105.77178,22.32777],[105.77155,22.32616],[105.77374,22.32549],[105.77541,22.32527],[105.77634,22.32341],[105.77622,22.32159],[105.77662,22.31978],[105.77768,22.31745],[105.77807,22.31465],[105.77879,22.31426],[105.78095,22.31076],[105.78208,22.3101],[105.78376,22.30985],[105.78539,22.30735],[105.78552,22.30481],[105.7853,22.30358],[105.786,22.30315],[105.78711,22.30147],[105.78722,22.29959],[105.78591,22.29846],[105.78609,22.29659],[105.78692,22.29501],[105.787,22.29348],[105.78777,22.29096],[105.78853,22.2896],[105.78791,22.28892],[105.78748,22.28728],[105.79245,22.28658],[105.79501,22.28742],[105.79852,22.28745],[105.80219,22.28888],[105.80493,22.28905],[105.80724,22.28851],[105.80941,22.28847],[105.81162,22.29007],[105.81389,22.29324],[105.81496,22.29392],[105.81676,22.29373],[105.8196,22.29437],[105.82093,22.29692],[105.82249,22.2975],[105.82403,22.29762],[105.82554,22.29963],[105.8258,22.3015],[105.82746,22.30248],[105.82902,22.3049],[105.83021,22.30519],[105.83166,22.30636],[105.83454,22.30553],[105.83532,22.30568],[105.83788,22.3077],[105.84072,22.3073],[105.84358,22.30605],[105.84628,22.30594],[105.84696,22.30551],[105.84797,22.30656],[105.84939,22.30701],[105.85208,22.30594],[105.85604,22.30611],[105.86088,22.30587],[105.86175,22.30547],[105.86466,22.30657],[105.86662,22.30655],[105.86813,22.30714],[105.87054,22.30725],[105.87135,22.30689],[105.87335,22.3068],[105.87639,22.31079],[105.87606,22.31178],[105.87643,22.31351],[105.87616,22.31468],[105.87646,22.31653],[105.8782,22.31693],[105.88284,22.31699],[105.88433,22.31633],[105.88731,22.31769],[105.88783,22.31934],[105.8892,22.32159],[105.88838,22.32367],[105.88799,22.32775],[105.88713,22.32821],[105.88675,22.33042],[105.8856,22.33209],[105.88444,22.33309],[105.884,22.33671],[105.88196,22.3394],[105.87934,22.34063],[105.8789,22.34167],[105.87791,22.34222],[105.87655,22.34653],[105.87488,22.34815],[105.87309,22.34816],[105.87234,22.34777],[105.86553,22.35154],[105.8645,22.35195],[105.8629,22.35385],[105.86302,22.35526],[105.86157,22.35765],[105.86156,22.35897],[105.8599,22.36046],[105.8597,22.36133],[105.85554,22.36229],[105.85453,22.36217],[105.85229,22.36273],[105.85114,22.36443],[105.85187,22.36639],[105.85351,22.36848],[105.85535,22.36961],[105.85628,22.37211],[105.85866,22.37454],[105.85962,22.3751],[105.85949,22.38068],[105.85856,22.38143],[105.85903,22.38258],[105.85835,22.38461],[105.85668,22.38706],[105.85428,22.38984]]]},"properties":{"a01_tinh":"diaphanhanhchinhcaptinh_sn.101","a02_xa":"diaphanhanhchinhcapxa_2025.1170","a03_ten":"Xã Thượng Minh","a04_tentinh":"Tỉnh Thái Nguyên","a05_truocsn":"Xã Yến Dương, Xã Chu Hương, Xã Mỹ Phương","a06_trungtamhc":"Trụ sở Đảng ủy, HĐND, UBND xã Chu Hương","a07_dt":"131.64","a08_ds":"1103","a09_dthoai":null,"a10_web":null,"ten":"Xã Thượng Minh","ma":"01921","tentinh":"Tỉnh Thái Nguyên","truocsapnhap":"Xã Yến Dương, Xã Chu Hương, Xã Mỹ Phương","dientichkm2":null,"dansonguoi":null},"id":"diaphanhanhchinhcapxa_2025.1170"},
{"type":"Feature","geometry":{"type":"Polygon","coordinates":[[[106.09943,22.42941],[106.0984,22.42889],[106.0955,22.42855],[106.09448,22.42912],[106.0926,22.42957],[106.09057,22.42912],[106.08745,22.42975],[106.08592,22.42932],[106.08459,22.42853],[106.08325,22.42828],[106.08005,22.427],[106.07833,22.42753],[106.07713,22.42728],[106.07527,22.42559],[106.07381,22.42694],[106.07312,22.42851],[106.07221,22.42923],[106.07081,22.43296],[106.06831,22.43346],[106.0647,22.43226],[106.06386,22.42969],[106.06221,22.42828],[106.05901,22.4272],[106.05739,22.42642],[106.05545,22.42836],[106.05256,22.42955],[106.04447,22.43062],[106.04301,22.43113],[106.04094,22.43085],[106.03996,22.42935],[106.03887,22.42873],[106.03828,22.4277],[106.0385,22.42607],[106.03666,22.42329],[106.03584,22.4226],[106.03545,22.42067],[106.03232,22.41546],[106.02946,22.4159],[106.02832,22.41562],[106.02639,22.41392],[106.02493,22.4121],[106.02215,22.41106],[106.02099,22.41105],[106.01876,22.41266],[106.01753,22.41266],[106.01525,22.41214],[106.01341,22.41254],[106.01118,22.41136],[106.00866,22.41074],[106.00629,22.40937],[106.00396,22.40718],[106.00278,22.40691],[106.00189,22.40547],[106.00022,22.40469],[105.99818,22.40312],[105.99559,22.40246],[105.99493,22.40133],[105.99329,22.39951],[105.99243,22.399],[105.99058,22.39971],[105.98975,22.39964],[105.988,22.39841],[105.98211,22.39802],[105.9801,22.39937],[105.97717,22.40049],[105.97353,22.40093],[105.97075,22.40204],[105.96786,22.40205],[105.96659,22.40175],[105.96414,22.40177],[105.96159,22.40257],[105.9596,22.40429],[105.95786,22.40471],[105.95641,22.40389],[105.95452,22.40388],[105.95408,22.40349],[105.9543,22.40179],[105.9526,22.39995],[105.95181,22.3995],[105.95203,22.39868],[105.95135,22.39665],[105.95223,22.39533],[105.95328,22.39446],[105.95324,22.39262],[105.95255,22.39208],[105.95277,22.39024],[105.95249,22.3885],[105.95397,22.38706],[105.954,22.3847],[105.95348,22.38308],[105.95378,22.3825],[105.95553,22.3823],[105.95705,22.3813],[105.95809,22.37872],[105.95774,22.3759],[105.95644,22.37456],[105.95539,22.37421],[105.9546,22.37306],[105.95221,22.37096],[105.95042,22.36886],[105.94954,22.36735],[105.94714,22.36642],[105.94767,22.36533],[105.94935,22.36438],[105.95129,22.36517],[105.95336,22.36569],[105.95449,22.36627],[105.95648,22.36589],[105.95936,22.36643],[105.96121,22.36632],[105.96234,22.36517],[105.9643,22.3643],[105.96538,22.36318],[105.96619,22.36102],[105.96814,22.36061],[105.9698,22.35853],[105.97497,22.35637],[105.97571,22.35562],[105.9767,22.35239],[105.97868,22.35072],[105.98267,22.34915],[105.98612,22.34902],[105.98877,22.34816],[105.99059,22.34785],[105.99308,22.34793],[105.99551,22.34969],[105.99998,22.35011],[106.00189,22.35084],[106.00236,22.35067],[106.00526,22.35208],[106.00768,22.35266],[106.00867,22.35317],[106.00948,22.3543],[106.01051,22.35435],[106.01233,22.35283],[106.01427,22.3543],[106.01517,22.35445],[106.01711,22.35589],[106.01816,22.3558],[106.01947,22.3575],[106.021,22.35742],[106.02177,22.35604],[106.02141,22.35505],[106.02299,22.35398],[106.02303,22.35241],[106.02392,22.35085],[106.02519,22.3496],[106.02615,22.34937],[106.02793,22.34793],[106.03124,22.34886],[106.03491,22.34715],[106.03727,22.34651],[106.03859,22.34562],[106.04243,22.34464],[106.04321,22.34534],[106.04617,22.34648],[106.04774,22.34609],[106.04918,22.34366],[106.05045,22.3424],[106.05116,22.3412],[106.05274,22.33952],[106.05373,22.33958],[106.05947,22.33664],[106.06083,22.3362],[106.06213,22.3366],[106.06564,22.33722],[106.06689,22.33538],[106.06732,22.33357],[106.06981,22.33149],[106.07126,22.32831],[106.07229,22.32748],[106.07492,22.32624],[106.07529,22.32493],[106.07495,22.32358],[106.07566,22.32259],[106.07753,22.32284],[106.07985,22.32187],[106.08048,22.32213],[106.08607,22.32204],[106.08767,22.32298],[106.09119,22.32324],[106.09294,22.32156],[106.09575,22.32146],[106.09754,22.32271],[106.09974,22.32155],[106.10108,22.32006],[106.1025,22.3193],[106.10289,22.31784],[106.10377,22.3169],[106.10507,22.31803],[106.10548,22.32029],[106.10781,22.3208],[106.10937,22.32067],[106.10985,22.32171],[106.11092,22.32216],[106.11283,22.3212],[106.11552,22.32273],[106.1154,22.32415],[106.11642,22.3252],[106.11765,22.32744],[106.11748,22.32954],[106.11895,22.33133],[106.1187,22.3325],[106.11889,22.33416],[106.11823,22.33478],[106.11693,22.33756],[106.11674,22.33904],[106.11757,22.3424],[106.11991,22.34387],[106.12149,22.34536],[106.12297,22.34528],[106.12556,22.3463],[106.12626,22.34703],[106.12797,22.34748],[106.12914,22.3484],[106.13114,22.35169],[106.13026,22.35288],[106.13164,22.35309],[106.13241,22.35529],[106.13365,22.35538],[106.13546,22.35624],[106.13757,22.35784],[106.13796,22.35899],[106.13997,22.35791],[106.14169,22.35905],[106.14148,22.3608],[106.14208,22.3623],[106.1438,22.36474],[106.14578,22.36502],[106.14939,22.36756],[106.14962,22.36822],[106.15117,22.36897],[106.15194,22.36978],[106.15425,22.37009],[106.15533,22.37122],[106.15659,22.37134],[106.15927,22.37402],[106.15953,22.37589],[106.1608,22.37671],[106.1611,22.37849],[106.16075,22.38008],[106.16116,22.3815],[106.15936,22.38246],[106.15862,22.38324],[106.15793,22.38569],[106.15679,22.38761],[106.15524,22.38842],[106.1546,22.38953],[106.15293,22.38999],[106.15219,22.3906],[106.15338,22.3927],[106.15404,22.39308],[106.15466,22.39617],[106.15314,22.39808],[106.15101,22.39885],[106.14804,22.4012],[106.14488,22.39899],[106.14255,22.39673],[106.14137,22.39503],[106.13962,22.39431],[106.13819,22.39482],[106.135,22.39504],[106.13442,22.39529],[106.13357,22.3976],[106.13177,22.39925],[106.13118,22.39917],[106.12765,22.40006],[106.12629,22.39957],[106.12413,22.39971],[106.12251,22.39941],[106.12178,22.40015],[106.12263,22.40154],[106.12186,22.40214],[106.11951,22.40251],[106.1163,22.40191],[106.11483,22.4011],[106.11477,22.40023],[106.11335,22.39976],[106.11247,22.39866],[106.11141,22.39873],[106.10917,22.4],[106.10594,22.40095],[106.10422,22.40204],[106.10633,22.40404],[106.10546,22.40633],[106.1056,22.40919],[106.1021,22.41145],[106.10134,22.41256],[106.09919,22.41371],[106.09936,22.41488],[106.10061,22.41653],[106.10115,22.4179],[106.10068,22.41865],[106.10147,22.41993],[106.10142,22.42083],[106.10216,22.42257],[106.10213,22.42398],[106.10164,22.4246],[106.10148,22.42628],[106.10011,22.42721],[106.10043,22.42891],[106.09943,22.42941]]]},"properties":{"a01_tinh":"diaphanhanhchinhcaptinh_sn.101","a02_xa":"diaphanhanhchinhcapxa_2025.1255","a03_ten":"Xã Thượng Quan","a04_tentinh":"Tỉnh Thái Nguyên","a05_truocsn":"giữ nguyên","a06_trungtamhc":"Trụ sở Đảng ủy, HĐND, UBND xã Thượng Quan","a07_dt":"154.86","a08_ds":"3753","a09_dthoai":null,"a10_web":null,"ten":"Xã Thượng Quan","ma":"01957","tentinh":"Tỉnh Thái Nguyên","truocsapnhap":"giữ nguyên","dientichkm2":null,"dansonguoi":null},"id":"diaphanhanhchinhcapxa_2025.1255"},
{"type":"Feature","geometry":{"type":"Polygon","coordinates":[[[106.07406,21.61318],[106.07449,21.61413],[106.07263,21.61551],[106.07165,21.61484],[106.06873,21.61486],[106.06785,21.61569],[106.0667,21.61535],[106.0658,21.6165],[106.06481,21.61649],[106.06397,21.61766],[106.06317,21.61741],[106.06082,21.61759],[106.05965,21.61811],[106.05875,21.61911],[106.05711,21.6202],[106.0557,21.62056],[106.05463,21.62179],[106.0534,21.62224],[106.05154,21.62385],[106.05122,21.62503],[106.05034,21.62564],[106.05046,21.62737],[106.04954,21.62958],[106.05179,21.63212],[106.0507,21.63369],[106.04938,21.63444],[106.04745,21.63609],[106.04661,21.63745],[106.04585,21.6378],[106.04503,21.63956],[106.04333,21.6411],[106.04228,21.64247],[106.04064,21.64244],[106.03926,21.64292],[106.03819,21.64275],[106.03665,21.64362],[106.03492,21.64355],[106.03145,21.64481],[106.0311,21.64386],[106.02977,21.64364],[106.02879,21.64173],[106.02846,21.63939],[106.0276,21.63886],[106.02695,21.63708],[106.027,21.63581],[106.02653,21.63471],[106.0271,21.63196],[106.02499,21.63158],[106.01894,21.63245],[106.01741,21.6324],[106.01262,21.63465],[106.00844,21.63543],[106.0077,21.63604],[106.00585,21.6352],[106.00469,21.63522],[106.00461,21.63358],[106.00418,21.63258],[106.00337,21.63256],[106.00223,21.63131],[106.00099,21.6307],[106.00073,21.62922],[105.99944,21.62679],[105.99842,21.62535],[105.99585,21.62385],[105.99429,21.62241],[105.99308,21.62233],[105.99276,21.61952],[105.99058,21.61601],[105.99065,21.61419],[105.988,21.61134],[105.98773,21.61005],[105.98988,21.60836],[105.99005,21.60643],[105.98912,21.60379],[105.98831,21.60252],[105.98751,21.60304],[105.98431,21.60427],[105.981,21.60376],[105.97962,21.60224],[105.97834,21.60137],[105.97694,21.5992],[105.97708,21.59755],[105.97455,21.59455],[105.97432,21.59372],[105.97519,21.59181],[105.97436,21.59019],[105.97289,21.58922],[105.97024,21.58872],[105.96842,21.58961],[105.96698,21.58941],[105.96484,21.59231],[105.96343,21.5931],[105.96136,21.59317],[105.96015,21.59395],[105.95721,21.59411],[105.95613,21.59552],[105.95475,21.59602],[105.95284,21.59759],[105.95253,21.60063],[105.95372,21.60188],[105.95313,21.60235],[105.95056,21.60199],[105.94722,21.60108],[105.94322,21.60104],[105.94192,21.60058],[105.94208,21.59823],[105.93939,21.59854],[105.93851,21.59917],[105.93734,21.599],[105.93656,21.59968],[105.93576,21.59701],[105.93536,21.5949],[105.93655,21.59409],[105.93665,21.59328],[105.93516,21.59113],[105.93517,21.59056],[105.93658,21.58832],[105.9351,21.5876],[105.93517,21.58649],[105.93584,21.58563],[105.93546,21.58466],[105.93553,21.58116],[105.93668,21.5804],[105.93863,21.57742],[105.93841,21.57417],[105.94001,21.5712],[105.93945,21.5702],[105.93979,21.56768],[105.94036,21.56673],[105.9401,21.56578],[105.94293,21.56472],[105.94446,21.56686],[105.94565,21.56753],[105.94722,21.56733],[105.94739,21.56636],[105.94881,21.56627],[105.94947,21.56466],[105.95152,21.56374],[105.95346,21.56383],[105.95459,21.56425],[105.95477,21.56632],[105.95518,21.56724],[105.957,21.56795],[105.95743,21.57134],[105.9588,21.57215],[105.96178,21.57168],[105.96515,21.56957],[105.96586,21.56856],[105.96675,21.56868],[105.96734,21.56701],[105.96774,21.56459],[105.96954,21.56485],[105.97092,21.56226],[105.97267,21.56146],[105.9743,21.5614],[105.97754,21.56227],[105.98,21.56115],[105.98284,21.5611],[105.98495,21.56236],[105.98768,21.56179],[105.98888,21.56225],[105.9921,21.56277],[105.99402,21.56209],[105.99489,21.56085],[105.99487,21.55837],[105.9957,21.55757],[105.99977,21.55757],[106.00092,21.55673],[106.00211,21.55516],[106.00412,21.5538],[106.00555,21.55526],[106.00667,21.55532],[106.00774,21.55716],[106.00846,21.55773],[106.01074,21.55722],[106.01302,21.55589],[106.01494,21.55504],[106.01633,21.55478],[106.01786,21.55304],[106.01792,21.55188],[106.02028,21.55172],[106.02139,21.55026],[106.02331,21.5494],[106.02454,21.54773],[106.02707,21.54686],[106.02878,21.54506],[106.02802,21.54352],[106.02742,21.54106],[106.02802,21.53998],[106.02937,21.53912],[106.02876,21.53706],[106.02968,21.53521],[106.03092,21.53446],[106.0302,21.53332],[106.03057,21.5306],[106.03146,21.53133],[106.03373,21.53114],[106.03373,21.52965],[106.03446,21.52895],[106.03583,21.52678],[106.03673,21.52633],[106.03715,21.52521],[106.03656,21.52381],[106.03783,21.52266],[106.03808,21.5217],[106.03992,21.52154],[106.04369,21.52078],[106.04452,21.52305],[106.04527,21.52367],[106.046,21.52666],[106.04738,21.53078],[106.04818,21.53148],[106.049,21.53341],[106.05089,21.53366],[106.05136,21.53417],[106.05193,21.53614],[106.05309,21.53811],[106.05257,21.53935],[106.05166,21.54037],[106.05279,21.54289],[106.05198,21.54444],[106.05087,21.54553],[106.05182,21.54589],[106.05156,21.54707],[106.05308,21.54879],[106.05399,21.54938],[106.05461,21.55082],[106.05304,21.55138],[106.05215,21.55279],[106.05124,21.55276],[106.0504,21.55407],[106.04953,21.55456],[106.04996,21.55556],[106.04938,21.5566],[106.04811,21.55735],[106.04789,21.5589],[106.04644,21.55819],[106.04545,21.55882],[106.04449,21.56012],[106.04275,21.56008],[106.04104,21.56102],[106.03933,21.56018],[106.0375,21.56127],[106.03619,21.56122],[106.03503,21.56014],[106.03405,21.56007],[106.0325,21.56066],[106.03043,21.56198],[106.03078,21.56326],[106.03349,21.56416],[106.03304,21.56557],[106.03185,21.56662],[106.03359,21.5681],[106.03365,21.56903],[106.03304,21.57135],[106.03346,21.57238],[106.03486,21.57251],[106.03598,21.5738],[106.03713,21.57358],[106.03859,21.57449],[106.04149,21.57564],[106.0422,21.57669],[106.04427,21.57809],[106.04442,21.5789],[106.04603,21.58037],[106.04733,21.58026],[106.04903,21.58167],[106.05133,21.58803],[106.05319,21.58977],[106.05172,21.59133],[106.05153,21.59237],[106.05264,21.59345],[106.05564,21.59814],[106.05542,21.599],[106.05608,21.60007],[106.05604,21.60115],[106.05688,21.60327],[106.05778,21.60324],[106.06023,21.60458],[106.06264,21.60485],[106.06562,21.60556],[106.06792,21.60502],[106.06868,21.60663],[106.06906,21.6084],[106.07072,21.60988],[106.07426,21.61129],[106.07406,21.61318]]]},"properties":{"a01_tinh":"diaphanhanhchinhcaptinh_sn.101","a02_xa":"diaphanhanhchinhcapxa_2025.1226","a03_ten":"Xã Trại Cau","a04_tentinh":"Tỉnh Thái Nguyên","a05_truocsn":"Thị trấn Trại Cau, Xã Hợp Tiến","a06_trungtamhc":"Trụ sở Đảng ủy, HĐND, UBND thị trấn Trại Cau","a07_dt":"82.85","a08_ds":"17327","a09_dthoai":null,"a10_web":null,"ten":"Xã Trại Cau","ma":"05662","tentinh":"Tỉnh Thái Nguyên","truocsapnhap":"Thị trấn Trại Cau, Xã Hợp Tiến","dientichkm2":null,"dansonguoi":null},"id":"diaphanhanhchinhcapxa_2025.1226"},
{"type":"Feature","geometry":{"type":"Polygon","coordinates":[[[106.19132,22.14381],[106.18883,22.14571],[106.18854,22.14625],[106.18832,22.14902],[106.18737,22.15146],[106.18702,22.15323],[106.18635,22.15422],[106.18635,22.1554],[106.18473,22.157],[106.18511,22.16111],[106.18392,22.16213],[106.18332,22.16362],[106.18235,22.16417],[106.18189,22.16688],[106.18072,22.16839],[106.17765,22.16897],[106.17603,22.17062],[106.17453,22.17092],[106.17257,22.17276],[106.16882,22.17382],[106.16697,22.17379],[106.16674,22.17448],[106.16749,22.17602],[106.1668,22.17912],[106.16559,22.18033],[106.16341,22.18324],[106.16123,22.18084],[106.15857,22.18117],[106.15743,22.18172],[106.15702,22.18041],[106.15526,22.17833],[106.15362,22.17511],[106.15253,22.17398],[106.15171,22.17477],[106.15042,22.17837],[106.14915,22.18085],[106.14614,22.18123],[106.1456,22.18273],[106.14464,22.18418],[106.14506,22.18574],[106.1449,22.1872],[106.14421,22.18966],[106.14668,22.19144],[106.14719,22.19364],[106.14605,22.19363],[106.14494,22.19307],[106.14338,22.19365],[106.14423,22.19469],[106.14474,22.19882],[106.14439,22.20038],[106.14285,22.20094],[106.13938,22.20177],[106.13768,22.20193],[106.1363,22.20373],[106.1342,22.20453],[106.1329,22.20608],[106.13107,22.20659],[106.1292,22.20802],[106.12812,22.20941],[106.12576,22.21187],[106.12479,22.21221],[106.12183,22.21134],[106.12011,22.21158],[106.11956,22.211],[106.11624,22.21096],[106.11404,22.21032],[106.11245,22.21059],[106.11095,22.21198],[106.10992,22.21172],[106.10852,22.20993],[106.10569,22.20884],[106.10483,22.20712],[106.10274,22.20451],[106.10103,22.20383],[106.09982,22.20206],[106.10066,22.20098],[106.09667,22.2],[106.0961,22.19901],[106.09431,22.19854],[106.09414,22.19758],[106.09285,22.19653],[106.0937,22.19544],[106.09377,22.19324],[106.09064,22.19378],[106.08854,22.19283],[106.08837,22.19078],[106.08635,22.18901],[106.08497,22.18686],[106.08411,22.18481],[106.08306,22.18358],[106.08254,22.18184],[106.07979,22.1788],[106.07925,22.17755],[106.07766,22.17664],[106.07531,22.17348],[106.07351,22.16909],[106.07284,22.16713],[106.07179,22.16703],[106.07118,22.16805],[106.0693,22.16857],[106.06765,22.16941],[106.06493,22.17124],[106.06457,22.17092],[106.06248,22.16887],[106.06065,22.16968],[106.05968,22.16851],[106.05772,22.16738],[106.05694,22.16599],[106.0568,22.16381],[106.05542,22.16232],[106.05371,22.16171],[106.05236,22.16087],[106.05164,22.15925],[106.05102,22.15876],[106.05061,22.15633],[106.05081,22.15501],[106.0494,22.15416],[106.04823,22.15275],[106.04682,22.15255],[106.04596,22.15298],[106.0444,22.15244],[106.04624,22.15076],[106.04798,22.14832],[106.04908,22.14579],[106.05042,22.1453],[106.05056,22.14317],[106.0514,22.14136],[106.05353,22.14085],[106.05578,22.13937],[106.05696,22.13926],[106.05841,22.13815],[106.05933,22.1368],[106.06082,22.13552],[106.06063,22.13363],[106.06214,22.13146],[106.06374,22.13042],[106.0644,22.12728],[106.06386,22.12577],[106.0641,22.12459],[106.06352,22.12331],[106.06437,22.12201],[106.06473,22.12007],[106.06557,22.11823],[106.06695,22.11616],[106.06481,22.11199],[106.06417,22.11173],[106.06343,22.1104],[106.0621,22.10922],[106.05983,22.10837],[106.05865,22.10684],[106.05718,22.10622],[106.05621,22.10512],[106.05643,22.10388],[106.0577,22.10285],[106.05791,22.10171],[106.05602,22.0979],[106.05624,22.09652],[106.05767,22.09619],[106.05853,22.09257],[106.05843,22.0903],[106.05728,22.08963],[106.05608,22.0882],[106.05594,22.08721],[106.05507,22.0863],[106.05502,22.08442],[106.05711,22.08325],[106.05837,22.082],[106.05974,22.08258],[106.06192,22.08253],[106.06507,22.08309],[106.06682,22.08444],[106.06807,22.08654],[106.07111,22.08755],[106.07331,22.08663],[106.07778,22.08616],[106.07948,22.08623],[106.08048,22.08588],[106.08267,22.08647],[106.08301,22.08706],[106.08447,22.08743],[106.08611,22.08719],[106.08818,22.08751],[106.09037,22.08642],[106.09437,22.08658],[106.09482,22.08825],[106.10064,22.08844],[106.10393,22.08818],[106.10585,22.08666],[106.10784,22.08651],[106.10865,22.08544],[106.10892,22.08385],[106.10831,22.08105],[106.10842,22.07973],[106.10779,22.07654],[106.10846,22.07529],[106.10938,22.0746],[106.11229,22.0741],[106.11437,22.07294],[106.11553,22.07488],[106.11716,22.07624],[106.1179,22.07728],[106.11896,22.08274],[106.12073,22.08376],[106.12155,22.08486],[106.12298,22.08572],[106.12757,22.08525],[106.12951,22.08552],[106.13148,22.08631],[106.13298,22.08619],[106.13454,22.08684],[106.13536,22.08575],[106.13663,22.08552],[106.13986,22.08637],[106.14054,22.0837],[106.14226,22.08217],[106.14484,22.08206],[106.14575,22.08174],[106.1519,22.08194],[106.15721,22.08176],[106.15758,22.08441],[106.15843,22.08535],[106.15887,22.08744],[106.15993,22.09046],[106.16129,22.09205],[106.16071,22.09641],[106.16214,22.10003],[106.1621,22.10151],[106.16295,22.10331],[106.16436,22.1041],[106.16606,22.10442],[106.16823,22.10634],[106.16846,22.10826],[106.16821,22.11064],[106.16913,22.11148],[106.1724,22.11292],[106.17404,22.11222],[106.1763,22.11034],[106.17714,22.11181],[106.17667,22.11284],[106.17772,22.11381],[106.1795,22.11466],[106.18015,22.11574],[106.18277,22.11673],[106.1857,22.11734],[106.18558,22.11871],[106.18628,22.12072],[106.18526,22.12325],[106.18481,22.12578],[106.18353,22.12642],[106.18275,22.12749],[106.18084,22.12839],[106.18289,22.13146],[106.18551,22.13231],[106.18747,22.13367],[106.18835,22.13478],[106.18963,22.13786],[106.18901,22.13878],[106.189,22.14017],[106.19164,22.14253],[106.19132,22.14381]]]},"properties":{"a01_tinh":"diaphanhanhchinhcaptinh_sn.101","a02_xa":"diaphanhanhchinhcapxa_2025.1250","a03_ten":"Xã Trần Phú","a04_tentinh":"Tỉnh Thái Nguyên","a05_truocsn":"Xã Văn Minh, Xã Cư Lễ, Xã Trần Phú","a06_trungtamhc":"Trụ sở Đảng ủy, HĐND, UBND xã Cư Lễ","a07_dt":"145.29","a08_ds":"7049","a09_dthoai":null,"a10_web":null,"ten":"Xã Trần Phú","ma":"02176","tentinh":"Tỉnh Thái Nguyên","truocsapnhap":"Xã Văn Minh, Xã Cư Lễ, Xã Trần Phú","dientichkm2":null,"dansonguoi":null},"id":"diaphanhanhchinhcapxa_2025.1250"},
{"type":"Feature","geometry":{"type":"Polygon","coordinates":[[[106.14802,21.71269],[106.1465,21.71279],[106.14306,21.71541],[106.14136,21.71598],[106.13826,21.71792],[106.13652,21.71934],[106.13287,21.72279],[106.13202,21.7243],[106.1299,21.72633],[106.1292,21.72665],[106.12756,21.72834],[106.12646,21.72887],[106.12477,21.72857],[106.12251,21.73038],[106.12115,21.73049],[106.11841,21.73164],[106.11748,21.73257],[106.11654,21.7328],[106.1142,21.73434],[106.11288,21.73438],[106.11096,21.73512],[106.10943,21.73457],[106.1059,21.73392],[106.10532,21.73428],[106.10363,21.73272],[106.10177,21.73292],[106.09766,21.73293],[106.09717,21.73335],[106.09606,21.73224],[106.0941,21.73334],[106.09324,21.73487],[106.09354,21.73593],[106.09232,21.73619],[106.09032,21.73573],[106.08898,21.73577],[106.08667,21.73482],[106.08399,21.73335],[106.08321,21.73319],[106.08128,21.7317],[106.07853,21.73466],[106.07753,21.73489],[106.07605,21.73728],[106.07461,21.73712],[106.07245,21.73862],[106.0701,21.73977],[106.06876,21.74142],[106.06841,21.7425],[106.06752,21.74281],[106.06684,21.74406],[106.0655,21.74244],[106.06367,21.74093],[106.06316,21.73988],[106.0623,21.73939],[106.06043,21.74042],[106.05829,21.73852],[106.05677,21.73796],[106.05539,21.73579],[106.05362,21.73567],[106.05183,21.73478],[106.04548,21.73098],[106.04422,21.73074],[106.04312,21.72996],[106.04084,21.72975],[106.0393,21.73009],[106.03882,21.73127],[106.03491,21.73174],[106.03251,21.73132],[106.03016,21.72932],[106.02818,21.72857],[106.02774,21.72617],[106.02643,21.72523],[106.02541,21.72571],[106.02292,21.72589],[106.02045,21.72576],[106.01881,21.72479],[106.01586,21.72539],[106.01422,21.72513],[106.01344,21.72539],[106.01124,21.7248],[106.01006,21.72519],[106.00804,21.72505],[106.00718,21.72398],[106.00553,21.72349],[106.00373,21.72346],[106.00206,21.72287],[106.00099,21.7219],[106.00114,21.72061],[106.00075,21.71962],[105.99814,21.7178],[105.99555,21.71914],[105.99416,21.71927],[105.99274,21.7177],[105.99262,21.71672],[105.99069,21.71557],[105.98969,21.71461],[105.98957,21.7137],[105.98713,21.71191],[105.98577,21.71226],[105.98407,21.71217],[105.98109,21.70978],[105.98189,21.7082],[105.98386,21.70717],[105.98794,21.70639],[105.99081,21.70612],[105.99254,21.70665],[105.99337,21.70562],[105.99353,21.70455],[105.99486,21.70327],[105.99613,21.69994],[105.99688,21.69952],[105.9975,21.69706],[105.9978,21.69469],[105.99855,21.69398],[105.99925,21.69249],[105.9986,21.69075],[105.99921,21.6891],[106.00012,21.68779],[105.99893,21.68299],[105.99975,21.6817],[105.99933,21.68087],[105.99947,21.67914],[106.00295,21.67893],[106.00486,21.67849],[106.00717,21.67871],[106.00942,21.67776],[106.01161,21.67724],[106.01292,21.67554],[106.01589,21.67509],[106.01853,21.67312],[106.01925,21.67179],[106.01922,21.66946],[106.02103,21.66881],[106.02265,21.66917],[106.02397,21.669],[106.02576,21.66823],[106.02747,21.6664],[106.02634,21.66483],[106.02638,21.66386],[106.02723,21.66323],[106.02748,21.66214],[106.02875,21.66157],[106.02849,21.66086],[106.02975,21.65977],[106.03032,21.65873],[106.02935,21.65693],[106.02946,21.65364],[106.02863,21.65291],[106.02971,21.65133],[106.03115,21.65069],[106.03232,21.64812],[106.03146,21.64637],[106.03145,21.64481],[106.03492,21.64355],[106.03665,21.64362],[106.03819,21.64275],[106.03926,21.64292],[106.04064,21.64244],[106.04228,21.64247],[106.04333,21.6411],[106.04503,21.63956],[106.04585,21.6378],[106.04661,21.63745],[106.04745,21.63609],[106.04938,21.63444],[106.0507,21.63369],[106.05179,21.63212],[106.04954,21.62958],[106.05046,21.62737],[106.05034,21.62564],[106.05122,21.62503],[106.05154,21.62385],[106.0534,21.62224],[106.05463,21.62179],[106.0557,21.62056],[106.05711,21.6202],[106.05875,21.61911],[106.05965,21.61811],[106.06082,21.61759],[106.06317,21.61741],[106.06397,21.61766],[106.06481,21.61649],[106.0658,21.6165],[106.0667,21.61535],[106.06785,21.61569],[106.06873,21.61486],[106.07165,21.61484],[106.07263,21.61551],[106.07449,21.61413],[106.07406,21.61318],[106.07503,21.61446],[106.0767,21.6157],[106.07867,21.61861],[106.08093,21.61975],[106.08244,21.62013],[106.08376,21.61962],[106.0859,21.6204],[106.0871,21.62126],[106.08923,21.62214],[106.09047,21.62306],[106.09215,21.6235],[106.09256,21.62453],[106.09186,21.6264],[106.09042,21.6277],[106.08942,21.62981],[106.08942,21.63312],[106.09045,21.63458],[106.09217,21.63622],[106.09267,21.6379],[106.09148,21.63918],[106.09175,21.64004],[106.09103,21.64293],[106.08995,21.6431],[106.08928,21.64388],[106.08803,21.64436],[106.08688,21.6456],[106.0863,21.64746],[106.0864,21.64855],[106.08427,21.64886],[106.0816,21.6499],[106.0798,21.65175],[106.07825,21.65162],[106.07615,21.65321],[106.07561,21.65483],[106.07652,21.65599],[106.0781,21.65727],[106.07923,21.6578],[106.08075,21.65738],[106.08404,21.6593],[106.08476,21.65927],[106.08601,21.66022],[106.08786,21.66043],[106.08912,21.66098],[106.09078,21.66112],[106.09262,21.66045],[106.09381,21.65962],[106.0944,21.6585],[106.09588,21.65878],[106.10067,21.65889],[106.10253,21.6572],[106.10491,21.65619],[106.10969,21.66447],[106.11013,21.66596],[106.11037,21.66979],[106.11101,21.67227],[106.11172,21.67338],[106.11265,21.67342],[106.11273,21.67516],[106.11197,21.67622],[106.11014,21.676],[106.10892,21.67716],[106.10498,21.67836],[106.10253,21.67856],[106.10295,21.68104],[106.10332,21.6816],[106.10944,21.68448],[106.1089,21.68829],[106.10748,21.6907],[106.106,21.69156],[106.10596,21.69538],[106.10672,21.69723],[106.1084,21.69769],[106.11122,21.69737],[106.11206,21.6978],[106.11408,21.69708],[106.11497,21.69809],[106.1182,21.70285],[106.1173,21.70379],[106.11708,21.70623],[106.11802,21.70866],[106.11929,21.70985],[106.12046,21.71011],[106.12193,21.70961],[106.12275,21.70848],[106.12417,21.70742],[106.12448,21.70639],[106.12601,21.70583],[106.12913,21.7059],[106.1309,21.70632],[106.13709,21.7031],[106.13776,21.70397],[106.14057,21.70492],[106.14176,21.70416],[106.14517,21.70434],[106.14674,21.70351],[106.14938,21.7047],[106.15056,21.70488],[106.15099,21.70723],[106.15035,21.70797],[106.14786,21.70984],[106.14802,21.71269]]]},"properties":{"a01_tinh":"diaphanhanhchinhcaptinh_sn.101","a02_xa":"diaphanhanhchinhcapxa_2025.1222","a03_ten":"Xã Tràng Xá","a04_tentinh":"Tỉnh Thái Nguyên","a05_truocsn":"Xã Liên Minh, Xã Tràng Xá","a06_trungtamhc":"Trụ sở Đảng ủy, HĐND, UBND xã Tràng Xá","a07_dt":"119.18","a08_ds":"14609","a09_dthoai":null,"a10_web":null,"ten":"Xã Tràng Xá","ma":"05746","tentinh":"Tỉnh Thái Nguyên","truocsapnhap":"Xã Liên Minh, Xã Tràng Xá","dientichkm2":null,"dansonguoi":null},"id":"diaphanhanhchinhcapxa_2025.1222"},
{"type":"Feature","geometry":{"type":"Polygon","coordinates":[[[105.6364,21.88763],[105.63341,21.88781],[105.63335,21.88936],[105.63168,21.88924],[105.63045,21.88798],[105.62967,21.88801],[105.62824,21.88999],[105.6271,21.89015],[105.62534,21.888],[105.62376,21.88808],[105.62406,21.88684],[105.62506,21.88544],[105.62396,21.88384],[105.62419,21.8828],[105.62297,21.88173],[105.62263,21.87963],[105.6211,21.87907],[105.61718,21.87546],[105.6153,21.87562],[105.61474,21.87486],[105.6141,21.87272],[105.61499,21.87084],[105.61649,21.86916],[105.61766,21.86906],[105.61787,21.86809],[105.61739,21.86631],[105.61605,21.86562],[105.61646,21.86298],[105.61634,21.86185],[105.61733,21.86123],[105.61732,21.85933],[105.61918,21.85715],[105.61984,21.85682],[105.62017,21.85532],[105.62048,21.85181],[105.61896,21.85194],[105.61836,21.85152],[105.61849,21.85015],[105.61765,21.84936],[105.61943,21.84794],[105.62206,21.84838],[105.62263,21.84721],[105.62341,21.84443],[105.62438,21.84389],[105.62526,21.84268],[105.62572,21.84068],[105.62706,21.83771],[105.62555,21.83722],[105.62288,21.83522],[105.6215,21.83575],[105.61846,21.83556],[105.61803,21.83449],[105.6166,21.83417],[105.61686,21.83201],[105.61613,21.82986],[105.61732,21.82776],[105.61676,21.82581],[105.61495,21.8227],[105.61299,21.82349],[105.61191,21.82424],[105.60963,21.8245],[105.60811,21.82327],[105.6073,21.82376],[105.60542,21.82343],[105.60299,21.8245],[105.60306,21.82309],[105.60231,21.82074],[105.60106,21.81954],[105.5997,21.81899],[105.60026,21.81737],[105.59937,21.81662],[105.59717,21.81683],[105.59689,21.81628],[105.59777,21.81512],[105.60057,21.81525],[105.60088,21.81462],[105.60248,21.81497],[105.603,21.81458],[105.60247,21.81207],[105.60335,21.81105],[105.60471,21.81137],[105.60599,21.80944],[105.60592,21.80802],[105.60414,21.80845],[105.60279,21.80842],[105.59942,21.8056],[105.59868,21.80298],[105.59626,21.80326],[105.59452,21.80258],[105.59427,21.80072],[105.59341,21.79986],[105.58983,21.79817],[105.59052,21.79651],[105.59038,21.79571],[105.59104,21.79348],[105.59021,21.79192],[105.59038,21.79114],[105.59251,21.78934],[105.59361,21.7898],[105.59404,21.78839],[105.59533,21.78721],[105.59962,21.78674],[105.60362,21.78694],[105.60445,21.78754],[105.60757,21.78527],[105.60659,21.78114],[105.60493,21.77975],[105.60249,21.77907],[105.6013,21.77832],[105.59961,21.77494],[105.59704,21.77363],[105.59716,21.77208],[105.5967,21.77046],[105.59815,21.76755],[105.59805,21.76677],[105.60266,21.76667],[105.60689,21.76615],[105.60824,21.7674],[105.60908,21.76714],[105.61068,21.76818],[105.61295,21.76902],[105.61341,21.76953],[105.61491,21.76928],[105.61518,21.77092],[105.61579,21.77194],[105.61908,21.7726],[105.62178,21.77342],[105.62313,21.77298],[105.62403,21.77327],[105.62457,21.77246],[105.62364,21.77442],[105.62443,21.77639],[105.62604,21.77685],[105.62535,21.77851],[105.62582,21.7792],[105.62607,21.78102],[105.62599,21.78361],[105.6264,21.78417],[105.62648,21.78722],[105.62859,21.79233],[105.6302,21.79293],[105.63361,21.79235],[105.63418,21.79381],[105.63609,21.79403],[105.63743,21.7946],[105.63794,21.79628],[105.63992,21.79956],[105.63997,21.80147],[105.641,21.80187],[105.64099,21.80265],[105.64205,21.80387],[105.643,21.80409],[105.64502,21.80313],[105.64627,21.80297],[105.64665,21.80479],[105.64798,21.80665],[105.64991,21.80622],[105.65241,21.8071],[105.65537,21.80673],[105.6569,21.80688],[105.65751,21.80512],[105.65869,21.80453],[105.65988,21.80295],[105.6615,21.8018],[105.66261,21.79798],[105.66333,21.7986],[105.66529,21.79716],[105.66748,21.79645],[105.66893,21.79636],[105.67072,21.79754],[105.67209,21.79764],[105.67276,21.79844],[105.67489,21.79935],[105.67515,21.80022],[105.67631,21.80112],[105.67536,21.80208],[105.67565,21.80421],[105.67692,21.80615],[105.6754,21.80704],[105.67432,21.80862],[105.67457,21.8097],[105.67768,21.80996],[105.67962,21.81283],[105.67918,21.8141],[105.68166,21.81758],[105.68306,21.8191],[105.6844,21.8193],[105.68494,21.82033],[105.68439,21.821],[105.68449,21.8246],[105.68242,21.82705],[105.68276,21.82771],[105.68125,21.82942],[105.67965,21.83026],[105.67831,21.83011],[105.67664,21.83287],[105.6755,21.83412],[105.67482,21.83318],[105.67337,21.83287],[105.67266,21.83172],[105.67136,21.83204],[105.6695,21.83087],[105.66744,21.83031],[105.66629,21.83093],[105.66497,21.83304],[105.66302,21.83384],[105.6624,21.83499],[105.66289,21.83553],[105.66254,21.83667],[105.66161,21.83748],[105.65877,21.83817],[105.65871,21.83944],[105.65672,21.83968],[105.65535,21.84144],[105.65564,21.84304],[105.65544,21.84422],[105.65656,21.84479],[105.65589,21.84736],[105.65615,21.84897],[105.65574,21.85055],[105.65211,21.84956],[105.65128,21.85034],[105.65025,21.85021],[105.64958,21.85106],[105.64799,21.85103],[105.6474,21.85044],[105.64585,21.85037],[105.64524,21.85165],[105.64614,21.85268],[105.64514,21.85423],[105.64565,21.85493],[105.64526,21.85607],[105.6434,21.85804],[105.64224,21.85812],[105.64267,21.85975],[105.6425,21.86096],[105.64325,21.8622],[105.64294,21.86295],[105.64154,21.86378],[105.63872,21.86445],[105.63741,21.86627],[105.63652,21.86675],[105.63744,21.86816],[105.63721,21.86888],[105.63857,21.8694],[105.64002,21.87128],[105.64075,21.87279],[105.6405,21.87402],[105.63926,21.87572],[105.63899,21.87748],[105.63745,21.8775],[105.63673,21.87819],[105.63536,21.87819],[105.6341,21.87932],[105.63426,21.88079],[105.6355,21.8813],[105.63687,21.88309],[105.6358,21.88401],[105.63521,21.88528],[105.63554,21.88674],[105.6364,21.88763]]]},"properties":{"a01_tinh":"diaphanhanhchinhcaptinh_sn.101","a02_xa":"diaphanhanhchinhcapxa_2025.1206","a03_ten":"Xã Trung Hội","a04_tentinh":"Tỉnh Thái Nguyên","a05_truocsn":"Xã Phú Tiến, Xã Bộc Nhiêu, Xã Trung Hội","a06_trungtamhc":"Trụ sở Đảng ủy, HĐND, UBND xã Trung Hội","a07_dt":"54.21","a08_ds":"13863","a09_dthoai":null,"a10_web":null,"ten":"Xã Trung Hội","ma":"05581","tentinh":"Tỉnh Thái Nguyên","truocsapnhap":"Xã Phú Tiến, Xã Bộc Nhiêu, Xã Trung Hội","dientichkm2":null,"dansonguoi":null},"id":"diaphanhanhchinhcapxa_2025.1206"},
{"type":"Feature","geometry":{"type":"Polygon","coordinates":[[[105.98109,21.70978],[105.97938,21.71043],[105.97768,21.71033],[105.97608,21.71069],[105.97504,21.71042],[105.97171,21.70876],[105.97024,21.70913],[105.96821,21.70818],[105.96413,21.70836],[105.96234,21.70801],[105.96147,21.70875],[105.9593,21.70809],[105.95864,21.70875],[105.95729,21.70815],[105.95522,21.70786],[105.95446,21.70708],[105.95213,21.7063],[105.95166,21.70494],[105.9489,21.70477],[105.9452,21.7034],[105.94125,21.7025],[105.93763,21.7027],[105.93518,21.70186],[105.93642,21.69966],[105.936,21.69888],[105.93606,21.69736],[105.93364,21.69539],[105.93346,21.69495],[105.93138,21.69569],[105.92914,21.69533],[105.92346,21.69469],[105.9211,21.69398],[105.91857,21.6937],[105.91736,21.69383],[105.91493,21.6946],[105.91261,21.69301],[105.91155,21.69325],[105.9087,21.69314],[105.90739,21.69244],[105.90442,21.69149],[105.90065,21.69086],[105.89884,21.69202],[105.898,21.69177],[105.89457,21.6936],[105.89313,21.69331],[105.89248,21.69364],[105.8916,21.69272],[105.88951,21.69268],[105.88973,21.69054],[105.8888,21.68959],[105.88683,21.68902],[105.88694,21.68751],[105.88658,21.68671],[105.88506,21.68639],[105.88479,21.68751],[105.88332,21.68812],[105.88135,21.6872],[105.88115,21.68627],[105.88307,21.68496],[105.88227,21.68286],[105.88309,21.68225],[105.88275,21.68138],[105.88451,21.68123],[105.88481,21.67979],[105.88422,21.67842],[105.88428,21.67713],[105.88301,21.6744],[105.88123,21.67523],[105.87962,21.67701],[105.87681,21.67781],[105.87651,21.67662],[105.87559,21.67493],[105.87365,21.67336],[105.87335,21.67208],[105.87212,21.67244],[105.87099,21.67135],[105.86981,21.6714],[105.86825,21.6731],[105.86812,21.67428],[105.86678,21.67585],[105.86605,21.67572],[105.86419,21.67657],[105.86421,21.67787],[105.86321,21.67827],[105.86261,21.67737],[105.86312,21.67595],[105.861,21.67544],[105.86043,21.67345],[105.86133,21.6725],[105.86008,21.67218],[105.85916,21.66961],[105.85928,21.66832],[105.85862,21.6672],[105.86136,21.66737],[105.8635,21.6669],[105.8641,21.66461],[105.86537,21.66309],[105.86309,21.66079],[105.86144,21.66013],[105.86045,21.66104],[105.85856,21.66184],[105.85776,21.66138],[105.8566,21.65937],[105.85666,21.65799],[105.85572,21.65726],[105.85362,21.65764],[105.85329,21.65592],[105.85439,21.65496],[105.85441,21.65354],[105.85626,21.65307],[105.85738,21.65228],[105.85712,21.65102],[105.85604,21.64965],[105.85705,21.64852],[105.85887,21.6484],[105.85934,21.64757],[105.85868,21.64599],[105.85952,21.64481],[105.86222,21.64471],[105.8625,21.64291],[105.86085,21.64186],[105.8599,21.64068],[105.85869,21.64066],[105.85744,21.6414],[105.85535,21.6407],[105.85555,21.63975],[105.8568,21.63848],[105.85685,21.63756],[105.85616,21.63571],[105.85692,21.63526],[105.85871,21.6367],[105.86241,21.63579],[105.86289,21.63416],[105.86429,21.63272],[105.86665,21.63248],[105.86925,21.63319],[105.87021,21.63221],[105.87314,21.63187],[105.87425,21.63136],[105.87482,21.63015],[105.87781,21.63015],[105.87882,21.62992],[105.88025,21.62878],[105.88277,21.62858],[105.88446,21.62919],[105.88591,21.62934],[105.88799,21.63051],[105.88921,21.63079],[105.892,21.62827],[105.89306,21.62687],[105.89409,21.62617],[105.89721,21.62644],[105.89957,21.62615],[105.90132,21.62541],[105.90189,21.62456],[105.90359,21.62433],[105.90406,21.62523],[105.90346,21.62632],[105.90343,21.62831],[105.90449,21.63043],[105.90561,21.63109],[105.90699,21.63043],[105.90859,21.63067],[105.90928,21.62939],[105.91186,21.62855],[105.91357,21.62972],[105.91372,21.63043],[105.9156,21.63075],[105.91671,21.62957],[105.91679,21.62877],[105.91826,21.62866],[105.92078,21.62668],[105.92026,21.62576],[105.92129,21.62423],[105.92055,21.62367],[105.92167,21.62224],[105.9251,21.6229],[105.92714,21.62152],[105.92919,21.62149],[105.93126,21.62026],[105.93085,21.61903],[105.93226,21.6189],[105.93368,21.6193],[105.93499,21.62018],[105.93685,21.62293],[105.93626,21.62401],[105.93773,21.62424],[105.93769,21.62552],[105.93883,21.62623],[105.93921,21.62733],[105.94096,21.62703],[105.94251,21.62799],[105.94414,21.62795],[105.94478,21.62739],[105.94725,21.628],[105.94814,21.62756],[105.94811,21.62649],[105.94875,21.6253],[105.95019,21.62429],[105.95125,21.62285],[105.95149,21.62177],[105.95292,21.62097],[105.95501,21.62164],[105.9568,21.62309],[105.95763,21.62328],[105.95905,21.62473],[105.9616,21.62827],[105.96432,21.6294],[105.96534,21.63285],[105.96623,21.63321],[105.96688,21.63474],[105.96815,21.63646],[105.96862,21.63805],[105.96968,21.63915],[105.96984,21.64099],[105.96912,21.64396],[105.97244,21.64461],[105.97438,21.64626],[105.97662,21.64598],[105.97749,21.64618],[105.97757,21.64781],[105.97665,21.64978],[105.97657,21.65194],[105.97733,21.65324],[105.979,21.65447],[105.97926,21.65561],[105.978,21.65675],[105.97725,21.65846],[105.97711,21.66025],[105.97871,21.66308],[105.97848,21.66482],[105.97775,21.66545],[105.97776,21.66725],[105.9798,21.66723],[105.98184,21.66866],[105.98392,21.66974],[105.98713,21.6722],[105.98922,21.67405],[105.9901,21.67593],[105.99311,21.67698],[105.99414,21.67836],[105.99525,21.67876],[105.99947,21.67914],[105.99933,21.68087],[105.99975,21.6817],[105.99893,21.68299],[106.00012,21.68779],[105.99921,21.6891],[105.9986,21.69075],[105.99925,21.69249],[105.99855,21.69398],[105.9978,21.69469],[105.9975,21.69706],[105.99688,21.69952],[105.99613,21.69994],[105.99486,21.70327],[105.99353,21.70455],[105.99337,21.70562],[105.99254,21.70665],[105.99081,21.70612],[105.98794,21.70639],[105.98386,21.70717],[105.98189,21.7082],[105.98109,21.70978]]]},"properties":{"a01_tinh":"diaphanhanhchinhcaptinh_sn.101","a02_xa":"diaphanhanhchinhcapxa_2025.1212","a03_ten":"Xã Văn Hán","a04_tentinh":"Tỉnh Thái Nguyên","a05_truocsn":"Xã Khe Mo, Xã Văn Hán","a06_trungtamhc":"Trụ sở Đảng ủy, HĐND, UBND xã Văn Hán","a07_dt":"96.26","a08_ds":"19935","a09_dthoai":null,"a10_web":null,"ten":"Xã Văn Hán","ma":"05680","tentinh":"Tỉnh Thái Nguyên","truocsapnhap":"Xã Khe Mo, Xã Văn Hán","dientichkm2":null,"dansonguoi":null},"id":"diaphanhanhchinhcapxa_2025.1212"},
{"type":"Feature","geometry":{"type":"Polygon","coordinates":[[[106.11283,22.3212],[106.11092,22.32216],[106.10985,22.32171],[106.10937,22.32067],[106.10781,22.3208],[106.10548,22.32029],[106.10507,22.31803],[106.10377,22.3169],[106.10289,22.31784],[106.1025,22.3193],[106.10108,22.32006],[106.09974,22.32155],[106.09754,22.32271],[106.09575,22.32146],[106.09294,22.32156],[106.09119,22.32324],[106.08767,22.32298],[106.08607,22.32204],[106.08048,22.32213],[106.07985,22.32187],[106.07753,22.32284],[106.07566,22.32259],[106.0752,22.32175],[106.07349,22.32036],[106.07176,22.32088],[106.07095,22.32075],[106.06894,22.31921],[106.06761,22.31735],[106.06655,22.31515],[106.06576,22.3151],[106.06226,22.31378],[106.06163,22.31227],[106.05805,22.31109],[106.05679,22.31043],[106.05437,22.31055],[106.05289,22.31024],[106.05144,22.31045],[106.04962,22.31169],[106.04801,22.31322],[106.04588,22.31314],[106.04478,22.31345],[106.04183,22.31557],[106.03962,22.3145],[106.03748,22.31465],[106.0365,22.31442],[106.03526,22.31515],[106.03368,22.31277],[106.03219,22.31246],[106.03014,22.31118],[106.02894,22.31099],[106.02562,22.31105],[106.02474,22.31149],[106.02235,22.31133],[106.01984,22.31203],[106.01759,22.31145],[106.01534,22.31043],[106.01425,22.30888],[106.01208,22.30756],[106.01024,22.30498],[106.00899,22.30451],[106.00794,22.30471],[106.00548,22.30406],[106.0028,22.30468],[106.00113,22.30379],[105.99865,22.30387],[105.99689,22.30302],[105.9959,22.30292],[105.99563,22.3015],[105.99399,22.30047],[105.99293,22.30042],[105.98955,22.30096],[105.9886,22.30045],[105.98759,22.30091],[105.98544,22.30088],[105.98484,22.30143],[105.98211,22.30255],[105.98096,22.30238],[105.97988,22.30159],[105.97653,22.3024],[105.97429,22.30112],[105.97426,22.29954],[105.97322,22.29737],[105.97228,22.29638],[105.97179,22.29484],[105.97247,22.2939],[105.97313,22.29176],[105.97564,22.2893],[105.97565,22.28861],[105.97854,22.28619],[105.97918,22.28369],[105.98068,22.28324],[105.98289,22.28167],[105.98322,22.28094],[105.98289,22.27953],[105.98336,22.27706],[105.98334,22.27568],[105.98441,22.27409],[105.98523,22.27345],[105.98626,22.27167],[105.98822,22.26997],[105.9886,22.26872],[105.98706,22.26525],[105.9873,22.26389],[105.98296,22.25564],[105.98073,22.25355],[105.98023,22.25204],[105.98147,22.25151],[105.98239,22.25004],[105.98442,22.24876],[105.9851,22.2478],[105.988,22.24714],[105.99072,22.24519],[105.99148,22.2432],[105.99336,22.242],[105.99449,22.24162],[105.99513,22.23981],[105.99457,22.23792],[105.99531,22.23737],[105.99686,22.2374],[106.00079,22.23468],[106.00332,22.23241],[106.00525,22.2313],[106.00558,22.23243],[106.00682,22.23362],[106.00796,22.23335],[106.00774,22.23472],[106.00804,22.236],[106.00905,22.23682],[106.0109,22.23702],[106.01298,22.23693],[106.01396,22.23724],[106.01551,22.23583],[106.01564,22.23527],[106.01735,22.23346],[106.01966,22.23362],[106.02074,22.23224],[106.02137,22.23035],[106.02282,22.23164],[106.02362,22.23065],[106.02537,22.23033],[106.02677,22.22873],[106.02689,22.22715],[106.02822,22.22633],[106.02854,22.22561],[106.03018,22.22457],[106.03442,22.22372],[106.03562,22.22323],[106.03754,22.22117],[106.03867,22.22035],[106.04024,22.21829],[106.04276,22.21621],[106.04341,22.2162],[106.04593,22.21291],[106.04702,22.21289],[106.04841,22.21182],[106.04913,22.2102],[106.04798,22.20828],[106.04586,22.20826],[106.04447,22.20692],[106.04462,22.20551],[106.0436,22.20385],[106.04249,22.20301],[106.04149,22.20073],[106.04072,22.19998],[106.03942,22.19754],[106.03713,22.1967],[106.03501,22.19673],[106.03405,22.19638],[106.03341,22.19523],[106.03248,22.1954],[106.03132,22.19456],[106.03061,22.19324],[106.02889,22.19214],[106.02749,22.19049],[106.02568,22.19045],[106.02461,22.19092],[106.02334,22.19083],[106.02143,22.19004],[106.02116,22.18873],[106.01923,22.18773],[106.01835,22.1879],[106.01711,22.18693],[106.01643,22.18535],[106.01445,22.18508],[106.01371,22.18414],[106.01294,22.18226],[106.01271,22.18057],[106.01155,22.17931],[106.01153,22.17794],[106.01428,22.1779],[106.01615,22.17734],[106.01915,22.17723],[106.0205,22.17632],[106.02308,22.17616],[106.0245,22.17565],[106.02489,22.17373],[106.02738,22.1753],[106.0287,22.17652],[106.0297,22.17794],[106.0312,22.1781],[106.03269,22.1777],[106.03487,22.17909],[106.03756,22.17924],[106.03817,22.18042],[106.0393,22.18133],[106.03924,22.18249],[106.04096,22.18378],[106.04127,22.18209],[106.04321,22.18167],[106.0471,22.18255],[106.04829,22.18324],[106.04857,22.18422],[106.04984,22.18419],[106.04996,22.18502],[106.05359,22.18844],[106.05578,22.18727],[106.05753,22.18521],[106.05929,22.18511],[106.0613,22.18648],[106.06163,22.18494],[106.06071,22.18147],[106.06138,22.17801],[106.06247,22.17765],[106.06278,22.17631],[106.06369,22.17454],[106.06328,22.17352],[106.06331,22.17201],[106.06457,22.17092],[106.06493,22.17124],[106.06765,22.16941],[106.0693,22.16857],[106.07118,22.16805],[106.07179,22.16703],[106.07284,22.16713],[106.07351,22.16909],[106.07531,22.17348],[106.07766,22.17664],[106.07925,22.17755],[106.07979,22.1788],[106.08254,22.18184],[106.08306,22.18358],[106.08411,22.18481],[106.08497,22.18686],[106.08635,22.18901],[106.08837,22.19078],[106.08854,22.19283],[106.09064,22.19378],[106.09377,22.19324],[106.0937,22.19544],[106.09285,22.19653],[106.09269,22.20219],[106.09364,22.20379],[106.09242,22.20651],[106.09259,22.20872],[106.09376,22.21055],[106.09395,22.21296],[106.09472,22.21321],[106.09631,22.21497],[106.09851,22.21683],[106.09928,22.21934],[106.10015,22.21946],[106.10081,22.22039],[106.1044,22.22375],[106.1046,22.22491],[106.10586,22.22663],[106.10817,22.22846],[106.10808,22.23112],[106.10856,22.23194],[106.10982,22.2356],[106.11144,22.23546],[106.11295,22.23622],[106.11543,22.23832],[106.11808,22.24129],[106.1191,22.24293],[106.12064,22.24272],[106.1207,22.24417],[106.12224,22.246],[106.12298,22.24789],[106.12285,22.24845],[106.12428,22.24986],[106.12651,22.25009],[106.13113,22.24949],[106.13334,22.24823],[106.13458,22.24674],[106.13613,22.2462],[106.13832,22.24396],[106.13997,22.24299],[106.14008,22.24204],[106.14141,22.24209],[106.14103,22.24449],[106.14269,22.24554],[106.14266,22.24763],[106.14331,22.25],[106.144,22.25154],[106.1461,22.25312],[106.14623,22.25521],[106.1457,22.25664],[106.14694,22.25649],[106.14792,22.25718],[106.14919,22.25888],[106.15247,22.25954],[106.15119,22.25986],[106.14916,22.26221],[106.14814,22.26423],[106.14758,22.26682],[106.1465,22.26793],[106.1453,22.26784],[106.14349,22.27027],[106.14152,22.27107],[106.14021,22.2707],[106.13714,22.27121],[106.13646,22.27171],[106.13498,22.27157],[106.13243,22.27207],[106.13166,22.27297],[106.12944,22.27429],[106.1261,22.2759],[106.1249,22.27581],[106.1217,22.27691],[106.12255,22.27804],[106.1243,22.27967],[106.12428,22.28203],[106.12502,22.28436],[106.12444,22.2855],[106.12506,22.28619],[106.12672,22.28673],[106.12813,22.28671],[106.12945,22.28796],[106.1291,22.29044],[106.13132,22.29324],[106.13112,22.29563],[106.12998,22.29614],[106.13133,22.29798],[106.13026,22.29929],[106.12935,22.30099],[106.12777,22.30047],[106.12586,22.30046],[106.12473,22.29981],[106.1241,22.2985],[106.12259,22.29931],[106.12193,22.30029],[106.12011,22.30104],[106.12006,22.30219],[106.11892,22.30289],[106.11686,22.30477],[106.11473,22.30576],[106.11405,22.3076],[106.11278,22.30855],[106.11283,22.31084],[106.11221,22.3126],[106.11241,22.31399],[106.11309,22.31518],[106.11303,22.317],[106.1126,22.31844],[106.11326,22.31979],[106.11283,22.3212]]]},"properties":{"a01_tinh":"diaphanhanhchinhcaptinh_sn.101","a02_xa":"diaphanhanhchinhcapxa_2025.1247","a03_ten":"Xã Văn Lang","a04_tentinh":"Tỉnh Thái Nguyên","a05_truocsn":"Xã Kim Hỷ, Xã Lương Thượng, Xã Văn Lang","a06_trungtamhc":"Trụ sở Đảng ủy, HĐND, UBND xã Văn Lang","a07_dt":"171.59","a08_ds":"7558","a09_dthoai":null,"a10_web":null,"ten":"Xã Văn Lang","ma":"02143","tentinh":"Tỉnh Thái Nguyên","truocsapnhap":"Xã Kim Hỷ, Xã Lương Thượng, Xã Văn Lang","dientichkm2":null,"dansonguoi":null},"id":"diaphanhanhchinhcapxa_2025.1247"},
{"type":"Feature","geometry":{"type":"Polygon","coordinates":[[[105.87037,21.77094],[105.87322,21.77258],[105.87398,21.77375],[105.87566,21.77411],[105.87762,21.77532],[105.87841,21.77729],[105.8766,21.77793],[105.87346,21.77724],[105.87062,21.7778],[105.86825,21.77893],[105.86443,21.78154],[105.86338,21.78166],[105.86096,21.7811],[105.85944,21.78161],[105.85885,21.78279],[105.85871,21.78417],[105.85785,21.78573],[105.85794,21.78763],[105.85756,21.78892],[105.85907,21.79034],[105.85937,21.79323],[105.85883,21.79407],[105.85531,21.79568],[105.85335,21.79882],[105.85384,21.80108],[105.85251,21.8028],[105.85235,21.80396],[105.85101,21.8045],[105.8506,21.80552],[105.84857,21.80729],[105.84899,21.81006],[105.84858,21.81322],[105.85022,21.81526],[105.85145,21.81632],[105.85406,21.81771],[105.85636,21.81748],[105.85685,21.81966],[105.85633,21.82119],[105.85654,21.82223],[105.85629,21.82483],[105.8568,21.82662],[105.85636,21.82722],[105.85526,21.83021],[105.85559,21.8311],[105.85517,21.83363],[105.85453,21.8354],[105.8559,21.83679],[105.85893,21.83881],[105.86106,21.83897],[105.8616,21.8394],[105.86223,21.84136],[105.86315,21.8429],[105.86278,21.84573],[105.86434,21.8475],[105.86453,21.84844],[105.86314,21.84981],[105.86243,21.84953],[105.86217,21.84821],[105.86038,21.84596],[105.85875,21.84546],[105.85679,21.84529],[105.85502,21.84558],[105.85436,21.84442],[105.85321,21.84362],[105.85244,21.84405],[105.84823,21.84396],[105.84628,21.84467],[105.84257,21.84516],[105.83856,21.84516],[105.83524,21.84614],[105.83264,21.84576],[105.83082,21.8459],[105.83017,21.84643],[105.8222,21.84679],[105.81959,21.8456],[105.81868,21.84555],[105.81567,21.84471],[105.81507,21.84379],[105.81218,21.84264],[105.80976,21.83984],[105.80882,21.83786],[105.80749,21.8369],[105.80691,21.83519],[105.80505,21.83427],[105.80502,21.83288],[105.80399,21.8278],[105.80139,21.82251],[105.80378,21.8192],[105.80297,21.81415],[105.80118,21.81233],[105.80018,21.80902],[105.80072,21.80784],[105.80067,21.80658],[105.79926,21.80511],[105.79764,21.80397],[105.79695,21.80298],[105.79691,21.80143],[105.79478,21.79966],[105.79707,21.79472],[105.79781,21.7942],[105.7981,21.78961],[105.79288,21.78245],[105.79158,21.7794],[105.79028,21.77768],[105.78956,21.77545],[105.78987,21.77355],[105.79123,21.77247],[105.79623,21.77018],[105.79998,21.76868],[105.80056,21.7679],[105.80201,21.76473],[105.80349,21.76323],[105.80323,21.76236],[105.80068,21.76186],[105.79959,21.7599],[105.79701,21.75777],[105.79711,21.75645],[105.79437,21.75446],[105.79028,21.75251],[105.79273,21.75145],[105.79575,21.75107],[105.79876,21.75143],[105.80017,21.75125],[105.80154,21.74921],[105.80272,21.74892],[105.80376,21.74764],[105.80448,21.7474],[105.80548,21.7462],[105.80823,21.7438],[105.80918,21.7424],[105.80961,21.73907],[105.80855,21.73625],[105.80971,21.7346],[105.81128,21.73362],[105.81263,21.73463],[105.81448,21.73414],[105.81604,21.73407],[105.81717,21.73342],[105.81901,21.73134],[105.82075,21.72873],[105.82193,21.72756],[105.82119,21.72627],[105.82176,21.72441],[105.8232,21.72326],[105.82216,21.71963],[105.82089,21.71821],[105.81822,21.71731],[105.817,21.71594],[105.81591,21.71209],[105.81514,21.71035],[105.81568,21.70972],[105.8155,21.70837],[105.8142,21.70722],[105.81383,21.70641],[105.81734,21.70494],[105.81821,21.70483],[105.8197,21.70569],[105.82171,21.70495],[105.82287,21.70609],[105.82288,21.70646],[105.82361,21.70733],[105.82372,21.7079],[105.82446,21.7111],[105.82333,21.71157],[105.82352,21.71233],[105.82481,21.71305],[105.82517,21.71481],[105.82448,21.716],[105.82468,21.71757],[105.8272,21.71924],[105.82746,21.72013],[105.82733,21.72094],[105.82941,21.72178],[105.82974,21.72202],[105.8298,21.72273],[105.82972,21.72385],[105.83006,21.72492],[105.83423,21.72906],[105.8352,21.72928],[105.83562,21.72948],[105.83596,21.72969],[105.83693,21.73065],[105.83771,21.73107],[105.83948,21.73123],[105.84342,21.73336],[105.84378,21.73355],[105.84518,21.73399],[105.84678,21.73349],[105.84842,21.73437],[105.85028,21.73597],[105.85101,21.73777],[105.85093,21.74072],[105.8527,21.74743],[105.85365,21.75043],[105.85648,21.75472],[105.85633,21.75572],[105.86503,21.75525],[105.866,21.76523],[105.86675,21.76918],[105.86934,21.77037],[105.87037,21.77094]]]},"properties":{"a01_tinh":"diaphanhanhchinhcaptinh_sn.101","a02_xa":"diaphanhanhchinhcapxa_2025.1211","a03_ten":"Xã Văn Lăng","a04_tentinh":"Tỉnh Thái Nguyên","a05_truocsn":"Xã Hòa Bình, Xã Văn Lăng","a06_trungtamhc":"Trụ sở Đảng ủy, HĐND, UBND xã Văn Lăng","a07_dt":"75.27","a08_ds":"9503","a09_dthoai":null,"a10_web":null,"ten":"Xã Văn Lăng","ma":"05665","tentinh":"Tỉnh Thái Nguyên","truocsapnhap":"Xã Hòa Bình, Xã Văn Lăng","dientichkm2":null,"dansonguoi":null},"id":"diaphanhanhchinhcapxa_2025.1211"},
{"type":"Feature","geometry":{"type":"Polygon","coordinates":[[[105.66865,21.54664],[105.66763,21.54751],[105.66673,21.55026],[105.66693,21.55209],[105.66765,21.55285],[105.66766,21.55572],[105.66825,21.55633],[105.6686,21.55811],[105.66917,21.55874],[105.67,21.56154],[105.67184,21.56312],[105.67125,21.56646],[105.67113,21.56843],[105.67263,21.57063],[105.67469,21.57154],[105.67575,21.57164],[105.67844,21.57253],[105.67873,21.57308],[105.68097,21.57371],[105.68217,21.57364],[105.68305,21.57292],[105.68455,21.57306],[105.68565,21.574],[105.68804,21.57492],[105.68942,21.575],[105.69176,21.57412],[105.69609,21.57477],[105.69774,21.57557],[105.70215,21.57687],[105.69906,21.57863],[105.68954,21.58309],[105.68553,21.58539],[105.68054,21.58864],[105.67787,21.59001],[105.67454,21.58558],[105.67322,21.58442],[105.67244,21.58306],[105.66915,21.58088],[105.66667,21.58092],[105.66299,21.58161],[105.65856,21.5833],[105.65752,21.58151],[105.65869,21.58031],[105.65813,21.57926],[105.65605,21.57829],[105.65201,21.57872],[105.65039,21.57944],[105.64959,21.58118],[105.64734,21.58199],[105.64594,21.58182],[105.64557,21.58273],[105.64611,21.58461],[105.64381,21.5848],[105.64307,21.58426],[105.6406,21.58386],[105.63967,21.58417],[105.63607,21.58298],[105.63509,21.58335],[105.63346,21.58334],[105.63149,21.58226],[105.6282,21.58221],[105.62725,21.5818],[105.62612,21.58037],[105.62354,21.57979],[105.62064,21.58077],[105.61877,21.58217],[105.61656,21.5823],[105.61522,21.58199],[105.61467,21.5809],[105.61312,21.57943],[105.61154,21.57951],[105.60994,21.57858],[105.60867,21.57707],[105.60637,21.57694],[105.60593,21.57587],[105.60676,21.57388],[105.60581,21.57315],[105.60595,21.57231],[105.60762,21.57166],[105.61134,21.57134],[105.61176,21.57043],[105.61147,21.56918],[105.61246,21.56845],[105.61213,21.56674],[105.61238,21.56592],[105.61131,21.56536],[105.61122,21.56338],[105.60916,21.56128],[105.60902,21.56042],[105.60743,21.55952],[105.6067,21.55752],[105.60466,21.55733],[105.60337,21.55689],[105.60236,21.55529],[105.60098,21.55451],[105.60046,21.55348],[105.60027,21.55184],[105.60042,21.54837],[105.59979,21.54636],[105.60048,21.5439],[105.59686,21.53368],[105.59805,21.53269],[105.59989,21.53226],[105.60124,21.53113],[105.60143,21.5303],[105.60394,21.52914],[105.60585,21.52573],[105.6067,21.52514],[105.6074,21.5227],[105.60674,21.52025],[105.60683,21.51711],[105.60787,21.51633],[105.61151,21.51273],[105.61158,21.51081],[105.611,21.50989],[105.61151,21.50601],[105.61464,21.50432],[105.61646,21.50366],[105.61794,21.50199],[105.61792,21.49962],[105.61941,21.49902],[105.62097,21.50002],[105.6219,21.50112],[105.6233,21.50103],[105.62476,21.5017],[105.62587,21.50147],[105.62688,21.50043],[105.63183,21.50133],[105.63177,21.50388],[105.63329,21.50436],[105.63372,21.5051],[105.6339,21.5078],[105.63533,21.50904],[105.63516,21.51136],[105.63667,21.51355],[105.63698,21.51497],[105.63955,21.51681],[105.64281,21.5189],[105.64503,21.51997],[105.64774,21.52086],[105.64945,21.52279],[105.64937,21.52372],[105.6505,21.52448],[105.65083,21.52544],[105.65187,21.5255],[105.65332,21.52712],[105.65517,21.5296],[105.657,21.52975],[105.65757,21.53093],[105.65769,21.53331],[105.6587,21.53477],[105.66007,21.53568],[105.65953,21.53736],[105.66015,21.53951],[105.6615,21.54051],[105.66231,21.54183],[105.66452,21.54457],[105.66865,21.54664]]]},"properties":{"a01_tinh":"diaphanhanhchinhcaptinh_sn.101","a02_xa":"diaphanhanhchinhcapxa_2025.1229","a03_ten":"Xã Vạn Phú","a04_tentinh":"Tỉnh Thái Nguyên","a05_truocsn":"Xã Văn Yên, Xã Vạn Phú","a06_trungtamhc":"Trụ sở Đảng ủy, HĐND, UBND xã Vạn Phú","a07_dt":"51.2","a08_ds":"22062","a09_dthoai":null,"a10_web":null,"ten":"Xã Vạn Phú","ma":"05845","tentinh":"Tỉnh Thái Nguyên","truocsapnhap":"Xã Văn Yên, Xã Vạn Phú","dientichkm2":null,"dansonguoi":null},"id":"diaphanhanhchinhcapxa_2025.1229"},
{"type":"Feature","geometry":{"type":"Polygon","coordinates":[[[105.97179,22.29484],[105.96996,22.29402],[105.96976,22.29329],[105.96812,22.29167],[105.96751,22.28981],[105.96512,22.29042],[105.96351,22.28941],[105.96283,22.28779],[105.9619,22.28724],[105.95958,22.28763],[105.95724,22.29008],[105.95709,22.29122],[105.95613,22.29247],[105.95416,22.29388],[105.95191,22.29438],[105.94867,22.29412],[105.94722,22.29479],[105.94652,22.29579],[105.94402,22.29526],[105.94193,22.29648],[105.94054,22.29689],[105.9395,22.29882],[105.9384,22.29907],[105.9369,22.3006],[105.93474,22.30014],[105.93416,22.29925],[105.93237,22.29828],[105.93205,22.29706],[105.93066,22.29482],[105.9291,22.29348],[105.92981,22.29089],[105.93076,22.28899],[105.93137,22.287],[105.93096,22.28619],[105.92843,22.28518],[105.92722,22.28516],[105.92534,22.28449],[105.92361,22.28472],[105.92247,22.28569],[105.92054,22.2864],[105.9187,22.2879],[105.9174,22.28818],[105.917,22.28921],[105.91457,22.28857],[105.91618,22.28667],[105.91645,22.28481],[105.91583,22.28375],[105.915,22.28356],[105.91371,22.28417],[105.91289,22.28334],[105.91394,22.28103],[105.91313,22.28008],[105.91272,22.27843],[105.91398,22.27706],[105.91411,22.27502],[105.91533,22.27234],[105.9154,22.2715],[105.91427,22.26803],[105.91443,22.2659],[105.91545,22.26318],[105.91567,22.26141],[105.9152,22.26043],[105.91514,22.25802],[105.91415,22.25643],[105.91391,22.25496],[105.91438,22.25408],[105.91457,22.25236],[105.91458,22.25035],[105.915,22.2496],[105.9164,22.24883],[105.91638,22.24782],[105.91725,22.24633],[105.91833,22.24555],[105.91995,22.24249],[105.92086,22.24179],[105.92165,22.2403],[105.92096,22.23812],[105.9211,22.23654],[105.92205,22.23377],[105.92157,22.23286],[105.9232,22.23031],[105.92335,22.22934],[105.92644,22.22753],[105.92767,22.22567],[105.92608,22.22362],[105.92606,22.22226],[105.92743,22.21895],[105.92721,22.21749],[105.92739,22.21543],[105.92644,22.21224],[105.92666,22.21034],[105.93005,22.20978],[105.93609,22.20834],[105.9383,22.20916],[105.93961,22.21011],[105.94116,22.2104],[105.94174,22.20985],[105.94298,22.20985],[105.94542,22.2116],[105.94751,22.2113],[105.94868,22.21059],[105.94807,22.20723],[105.94885,22.20526],[105.94775,22.20257],[105.94775,22.20088],[105.94603,22.19941],[105.94492,22.19805],[105.94512,22.19702],[105.94392,22.19357],[105.94345,22.19098],[105.94232,22.1898],[105.94139,22.1863],[105.93971,22.18361],[105.93947,22.18199],[105.93794,22.17973],[105.93798,22.17628],[105.93728,22.17538],[105.93638,22.17305],[105.93653,22.17152],[105.93576,22.17012],[105.93317,22.16764],[105.93693,22.16679],[105.93894,22.16452],[105.93779,22.16352],[105.93671,22.16357],[105.9358,22.16251],[105.93718,22.16189],[105.93613,22.16026],[105.93903,22.15976],[105.9403,22.1583],[105.94215,22.15723],[105.94362,22.15484],[105.94402,22.15338],[105.94503,22.15125],[105.94513,22.1486],[105.94675,22.14696],[105.94735,22.14514],[105.94751,22.14357],[105.94844,22.14141],[105.94822,22.13894],[105.94855,22.13754],[105.95015,22.13704],[105.95194,22.13728],[105.95303,22.13662],[105.95447,22.13473],[105.9573,22.13473],[105.9595,22.13394],[105.95998,22.13267],[105.96333,22.13143],[105.9629,22.13479],[105.9632,22.1363],[105.9626,22.13869],[105.9628,22.14002],[105.96462,22.14012],[105.96529,22.14096],[105.96657,22.1414],[105.96853,22.14099],[105.96955,22.14211],[105.9701,22.14393],[105.97032,22.14586],[105.97244,22.14775],[105.97364,22.14841],[105.97425,22.15043],[105.97549,22.15247],[105.97327,22.15507],[105.97292,22.15641],[105.97409,22.15813],[105.97475,22.1601],[105.9766,22.16154],[105.97699,22.16345],[105.97788,22.16517],[105.97758,22.16591],[105.97935,22.16849],[105.98112,22.16808],[105.98127,22.16728],[105.98272,22.16747],[105.98518,22.16346],[105.98864,22.15982],[105.99013,22.15907],[105.992,22.15928],[105.99431,22.15853],[105.99534,22.15744],[105.99693,22.15658],[106.00001,22.15822],[106.00189,22.15896],[106.0043,22.1595],[106.00633,22.16067],[106.00854,22.16074],[106.01036,22.16135],[106.00965,22.16199],[106.00983,22.1631],[106.00922,22.16389],[106.00908,22.16604],[106.00996,22.16749],[106.01171,22.16934],[106.01143,22.17141],[106.01198,22.17424],[106.0124,22.17523],[106.01116,22.17612],[106.01153,22.17794],[106.01155,22.17931],[106.01271,22.18057],[106.01294,22.18226],[106.01371,22.18414],[106.01445,22.18508],[106.01643,22.18535],[106.01711,22.18693],[106.01835,22.1879],[106.01923,22.18773],[106.02116,22.18873],[106.02143,22.19004],[106.02334,22.19083],[106.02461,22.19092],[106.02568,22.19045],[106.02749,22.19049],[106.02889,22.19214],[106.03061,22.19324],[106.03132,22.19456],[106.03248,22.1954],[106.03341,22.19523],[106.03405,22.19638],[106.03501,22.19673],[106.03713,22.1967],[106.03942,22.19754],[106.04072,22.19998],[106.04149,22.20073],[106.04249,22.20301],[106.0436,22.20385],[106.04462,22.20551],[106.04447,22.20692],[106.04586,22.20826],[106.04798,22.20828],[106.04913,22.2102],[106.04841,22.21182],[106.04702,22.21289],[106.04593,22.21291],[106.04341,22.2162],[106.04276,22.21621],[106.04024,22.21829],[106.03867,22.22035],[106.03754,22.22117],[106.03562,22.22323],[106.03442,22.22372],[106.03018,22.22457],[106.02854,22.22561],[106.02822,22.22633],[106.02689,22.22715],[106.02677,22.22873],[106.02537,22.23033],[106.02362,22.23065],[106.02282,22.23164],[106.02137,22.23035],[106.02074,22.23224],[106.01966,22.23362],[106.01735,22.23346],[106.01564,22.23527],[106.01551,22.23583],[106.01396,22.23724],[106.01298,22.23693],[106.0109,22.23702],[106.00905,22.23682],[106.00804,22.236],[106.00774,22.23472],[106.00796,22.23335],[106.00682,22.23362],[106.00558,22.23243],[106.00525,22.2313],[106.00332,22.23241],[106.00079,22.23468],[105.99686,22.2374],[105.99531,22.23737],[105.99457,22.23792],[105.99513,22.23981],[105.99449,22.24162],[105.99336,22.242],[105.99148,22.2432],[105.99072,22.24519],[105.988,22.24714],[105.9851,22.2478],[105.98442,22.24876],[105.98239,22.25004],[105.98147,22.25151],[105.98023,22.25204],[105.98073,22.25355],[105.98296,22.25564],[105.9873,22.26389],[105.98706,22.26525],[105.9886,22.26872],[105.98822,22.26997],[105.98626,22.27167],[105.98523,22.27345],[105.98441,22.27409],[105.98334,22.27568],[105.98336,22.27706],[105.98289,22.27953],[105.98322,22.28094],[105.98289,22.28167],[105.98068,22.28324],[105.97918,22.28369],[105.97854,22.28619],[105.97565,22.28861],[105.97564,22.2893],[105.97313,22.29176],[105.97247,22.2939],[105.97179,22.29484]]]},"properties":{"a01_tinh":"diaphanhanhchinhcaptinh_sn.101","a02_xa":"diaphanhanhchinhcapxa_2025.1252","a03_ten":"Xã Vĩnh Thông","a04_tentinh":"Tỉnh Thái Nguyên","a05_truocsn":"Xã Sỹ Bình, Xã Vũ Muộn, Xã Cao Sơn","a06_trungtamhc":"Trụ sở Đảng ủy, HĐND, UBND xã Vũ Muộn","a07_dt":"129.55","a08_ds":"4631","a09_dthoai":null,"a10_web":null,"ten":"Xã Vĩnh Thông","ma":"01981","tentinh":"Tỉnh Thái Nguyên","truocsapnhap":"Xã Sỹ Bình, Xã Vũ Muộn, Xã Cao Sơn","dientichkm2":null,"dansonguoi":null},"id":"diaphanhanhchinhcapxa_2025.1252"},
{"type":"Feature","geometry":{"type":"Polygon","coordinates":[[[106.09811,21.81299],[106.0962,21.81269],[106.09378,21.81324],[106.09117,21.81245],[106.08677,21.81208],[106.08554,21.81076],[106.08331,21.80988],[106.08183,21.81009],[106.08118,21.80884],[106.07808,21.80672],[106.07696,21.80451],[106.07879,21.80304],[106.07878,21.80192],[106.08066,21.79947],[106.08043,21.79822],[106.07974,21.79736],[106.07836,21.7936],[106.07652,21.79338],[106.07521,21.79225],[106.07464,21.79085],[106.07332,21.78982],[106.07145,21.78924],[106.07089,21.7881],[106.07016,21.78786],[106.06782,21.78496],[106.06636,21.78387],[106.06445,21.78375],[106.06272,21.7827],[106.05977,21.7817],[106.05718,21.77876],[106.05591,21.7778],[106.05463,21.77631],[106.05282,21.77336],[106.05135,21.77256],[106.05052,21.77069],[106.04896,21.77024],[106.04845,21.7694],[106.04805,21.76735],[106.04682,21.76612],[106.0458,21.76455],[106.04451,21.76364],[106.03965,21.76277],[106.03726,21.76272],[106.03572,21.76338],[106.03532,21.76413],[106.0336,21.7628],[106.03179,21.76348],[106.02967,21.76346],[106.0282,21.76377],[106.02634,21.76323],[106.02405,21.76384],[106.0235,21.76282],[106.02252,21.7626],[106.02015,21.76364],[106.01658,21.76389],[106.01475,21.76438],[106.01206,21.76306],[106.0109,21.76382],[106.00973,21.76399],[106.00685,21.76367],[106.00545,21.76296],[106.00494,21.76108],[106.00322,21.7603],[106.00295,21.75835],[106.00206,21.75774],[106.00057,21.75518],[105.99619,21.75126],[105.99541,21.74993],[105.99338,21.74749],[105.99281,21.74723],[105.99091,21.74762],[105.98914,21.74656],[105.98866,21.74561],[105.98684,21.74478],[105.98555,21.74559],[105.98518,21.74663],[105.98407,21.74719],[105.98138,21.74757],[105.98092,21.74657],[105.97959,21.74631],[105.97744,21.74519],[105.97654,21.74359],[105.97519,21.74271],[105.97124,21.73879],[105.96921,21.73763],[105.97124,21.73407],[105.97326,21.73154],[105.97316,21.72811],[105.97348,21.72566],[105.97518,21.7222],[105.97361,21.72049],[105.97521,21.71783],[105.97574,21.71482],[105.97504,21.71042],[105.97608,21.71069],[105.97768,21.71033],[105.97938,21.71043],[105.98109,21.70978],[105.98407,21.71217],[105.98577,21.71226],[105.98713,21.71191],[105.98957,21.7137],[105.98969,21.71461],[105.99069,21.71557],[105.99262,21.71672],[105.99274,21.7177],[105.99416,21.71927],[105.99555,21.71914],[105.99814,21.7178],[106.00075,21.71962],[106.00114,21.72061],[106.00099,21.7219],[106.00206,21.72287],[106.00373,21.72346],[106.00553,21.72349],[106.00718,21.72398],[106.00804,21.72505],[106.01006,21.72519],[106.01124,21.7248],[106.01344,21.72539],[106.01422,21.72513],[106.01586,21.72539],[106.01881,21.72479],[106.02045,21.72576],[106.02292,21.72589],[106.02541,21.72571],[106.02643,21.72523],[106.02774,21.72617],[106.02818,21.72857],[106.03016,21.72932],[106.03251,21.73132],[106.03491,21.73174],[106.03882,21.73127],[106.0393,21.73009],[106.04084,21.72975],[106.04312,21.72996],[106.04422,21.73074],[106.04548,21.73098],[106.05183,21.73478],[106.05362,21.73567],[106.05539,21.73579],[106.05677,21.73796],[106.05829,21.73852],[106.06043,21.74042],[106.0623,21.73939],[106.06316,21.73988],[106.06367,21.74093],[106.0655,21.74244],[106.06684,21.74406],[106.06752,21.74281],[106.06841,21.7425],[106.06876,21.74142],[106.0701,21.73977],[106.07245,21.73862],[106.07461,21.73712],[106.07605,21.73728],[106.07753,21.73489],[106.07853,21.73466],[106.08128,21.7317],[106.08321,21.73319],[106.08399,21.73335],[106.08667,21.73482],[106.08898,21.73577],[106.09032,21.73573],[106.09232,21.73619],[106.09354,21.73593],[106.09324,21.73487],[106.0941,21.73334],[106.09606,21.73224],[106.09717,21.73335],[106.09766,21.73293],[106.10177,21.73292],[106.10363,21.73272],[106.10532,21.73428],[106.1059,21.73392],[106.10943,21.73457],[106.11096,21.73512],[106.11288,21.73438],[106.1142,21.73434],[106.11654,21.7328],[106.11748,21.73257],[106.11841,21.73164],[106.12115,21.73049],[106.12251,21.73038],[106.12477,21.72857],[106.12646,21.72887],[106.12756,21.72834],[106.1292,21.72665],[106.1299,21.72633],[106.13202,21.7243],[106.13287,21.72279],[106.13652,21.71934],[106.13826,21.71792],[106.14136,21.71598],[106.14306,21.71541],[106.1465,21.71279],[106.14802,21.71269],[106.14892,21.71377],[106.14898,21.71528],[106.14992,21.71624],[106.15068,21.71814],[106.14899,21.72064],[106.14806,21.72418],[106.14871,21.72637],[106.14877,21.7279],[106.14934,21.72917],[106.14914,21.72996],[106.15088,21.73345],[106.15203,21.73356],[106.15365,21.73536],[106.15367,21.73581],[106.15692,21.73704],[106.15655,21.73865],[106.15673,21.73973],[106.15554,21.74094],[106.1554,21.74239],[106.15615,21.74319],[106.15571,21.74466],[106.1584,21.74664],[106.15827,21.74844],[106.15696,21.75035],[106.15689,21.75148],[106.15811,21.75184],[106.15899,21.75358],[106.16015,21.75518],[106.15983,21.75592],[106.15846,21.7571],[106.15782,21.75855],[106.15492,21.76099],[106.15345,21.7605],[106.15144,21.76041],[106.14972,21.76101],[106.14839,21.7651],[106.14871,21.76709],[106.14818,21.76779],[106.14591,21.76906],[106.14487,21.77192],[106.14394,21.77326],[106.14398,21.77396],[106.14166,21.77549],[106.13938,21.77787],[106.13891,21.78018],[106.13756,21.78268],[106.13786,21.78469],[106.13667,21.78461],[106.13519,21.7854],[106.13313,21.78552],[106.13225,21.78473],[106.13002,21.78465],[106.12774,21.783],[106.12639,21.78288],[106.12533,21.78331],[106.12271,21.7832],[106.12144,21.78345],[106.11952,21.78133],[106.11865,21.78091],[106.11799,21.78217],[106.11592,21.78238],[106.11349,21.78151],[106.11115,21.78188],[106.11244,21.78344],[106.11207,21.78562],[106.11094,21.78852],[106.10855,21.78901],[106.10652,21.79045],[106.10609,21.79229],[106.10681,21.79322],[106.10632,21.7977],[106.1063,21.79958],[106.1069,21.80175],[106.10773,21.80309],[106.10611,21.80405],[106.10613,21.80498],[106.10501,21.80578],[106.10386,21.80723],[106.10311,21.80881],[106.10104,21.81088],[106.09811,21.81299]]]},"properties":{"a01_tinh":"diaphanhanhchinhcaptinh_sn.101","a02_xa":"diaphanhanhchinhcapxa_2025.1218","a03_ten":"Xã Võ Nhai","a04_tentinh":"Tỉnh Thái Nguyên","a05_truocsn":"Thị trấn Đình Cả, Xã Phú Thượng, Xã Lâu Thượng","a06_trungtamhc":"Trụ sở Đảng ủy, HĐND, UBND huyện Võ Nhai hiện nay","a07_dt":"99.78","a08_ds":"17509","a09_dthoai":null,"a10_web":null,"ten":"Xã Võ Nhai","ma":"05716","tentinh":"Tỉnh Thái Nguyên","truocsapnhap":"Thị trấn Đình Cả, Xã Phú Thượng, Xã Lâu Thượng","dientichkm2":null,"dansonguoi":null},"id":"diaphanhanhchinhcapxa_2025.1218"},
{"type":"Feature","geometry":{"type":"Polygon","coordinates":[[[105.81514,21.71035],[105.81591,21.71209],[105.817,21.71594],[105.81822,21.71731],[105.82089,21.71821],[105.82216,21.71963],[105.8232,21.72326],[105.82176,21.72441],[105.82119,21.72627],[105.82193,21.72756],[105.82075,21.72873],[105.81901,21.73134],[105.81717,21.73342],[105.81604,21.73407],[105.81448,21.73414],[105.81263,21.73463],[105.81128,21.73362],[105.80971,21.7346],[105.80855,21.73625],[105.80961,21.73907],[105.80918,21.7424],[105.80823,21.7438],[105.80548,21.7462],[105.80448,21.7474],[105.80376,21.74764],[105.80272,21.74892],[105.80154,21.74921],[105.80017,21.75125],[105.79876,21.75143],[105.79575,21.75107],[105.79273,21.75145],[105.79028,21.75251],[105.79437,21.75446],[105.79711,21.75645],[105.79701,21.75777],[105.79959,21.7599],[105.80068,21.76186],[105.80323,21.76236],[105.80349,21.76323],[105.80201,21.76473],[105.80056,21.7679],[105.79998,21.76868],[105.79623,21.77018],[105.79123,21.77247],[105.78987,21.77355],[105.78956,21.77545],[105.7881,21.77708],[105.78787,21.77911],[105.7848,21.77858],[105.78104,21.77757],[105.77983,21.77671],[105.7796,21.77505],[105.77871,21.77448],[105.77726,21.77233],[105.77614,21.77185],[105.77376,21.76979],[105.77249,21.76937],[105.77136,21.76979],[105.77083,21.76805],[105.7694,21.76719],[105.76825,21.76509],[105.76681,21.765],[105.76539,21.76088],[105.76239,21.75902],[105.76128,21.75928],[105.75735,21.75881],[105.7573,21.75683],[105.75633,21.75621],[105.75469,21.75608],[105.75394,21.75448],[105.75363,21.7526],[105.75393,21.75178],[105.75545,21.75074],[105.7571,21.75056],[105.75764,21.74965],[105.75646,21.74715],[105.75657,21.74623],[105.75755,21.74575],[105.75765,21.74481],[105.75638,21.74402],[105.75684,21.74153],[105.75516,21.7404],[105.7554,21.73951],[105.75492,21.73847],[105.75527,21.73678],[105.75497,21.73567],[105.75375,21.73387],[105.75414,21.73294],[105.75226,21.73323],[105.75096,21.73225],[105.74843,21.73303],[105.74799,21.73218],[105.74649,21.73192],[105.74652,21.73096],[105.74477,21.72769],[105.74248,21.72642],[105.74268,21.72485],[105.74117,21.72364],[105.74126,21.72246],[105.74202,21.72101],[105.74129,21.71985],[105.73808,21.71925],[105.73535,21.71788],[105.73363,21.71836],[105.73233,21.71621],[105.73358,21.71515],[105.73332,21.71416],[105.73426,21.71313],[105.73356,21.71209],[105.7344,21.71099],[105.73484,21.70957],[105.73437,21.70835],[105.7346,21.70699],[105.73904,21.70442],[105.74106,21.70438],[105.74029,21.70309],[105.73857,21.70269],[105.73748,21.70126],[105.73803,21.69988],[105.73722,21.69968],[105.73802,21.69733],[105.7391,21.69667],[105.73839,21.69412],[105.73848,21.69253],[105.73796,21.69184],[105.73994,21.69119],[105.74107,21.69149],[105.74145,21.68993],[105.74052,21.68941],[105.74039,21.68853],[105.73941,21.68815],[105.73832,21.68701],[105.73804,21.68587],[105.73879,21.68427],[105.73814,21.68375],[105.73943,21.68162],[105.73855,21.68131],[105.73759,21.68011],[105.73954,21.67863],[105.73975,21.67687],[105.74218,21.67555],[105.74341,21.67297],[105.74454,21.67288],[105.74375,21.67156],[105.74262,21.67144],[105.74175,21.66964],[105.74012,21.66858],[105.73987,21.66697],[105.73867,21.66671],[105.73863,21.66769],[105.73934,21.6686],[105.73793,21.66895],[105.73721,21.6669],[105.73744,21.66601],[105.73526,21.66527],[105.7351,21.66397],[105.73305,21.66413],[105.7315,21.66394],[105.73096,21.66299],[105.73133,21.66175],[105.73211,21.6614],[105.73359,21.6595],[105.73269,21.65877],[105.73286,21.65785],[105.73155,21.65774],[105.73057,21.65644],[105.73142,21.65566],[105.73172,21.65459],[105.73132,21.65355],[105.73221,21.65272],[105.73288,21.6509],[105.73503,21.64949],[105.7378,21.64929],[105.73923,21.64803],[105.74086,21.64764],[105.7416,21.64656],[105.7414,21.64551],[105.74224,21.64515],[105.7434,21.64254],[105.74209,21.6408],[105.74214,21.6399],[105.74431,21.6391],[105.74473,21.63737],[105.74439,21.63512],[105.74538,21.63425],[105.74601,21.63295],[105.74718,21.6327],[105.74782,21.63178],[105.74955,21.63266],[105.7499,21.63399],[105.75052,21.63435],[105.75247,21.6339],[105.75366,21.63275],[105.75506,21.63216],[105.75459,21.63058],[105.75617,21.63019],[105.75666,21.62762],[105.7591,21.62659],[105.76074,21.62297],[105.76246,21.62293],[105.76372,21.62385],[105.76444,21.62507],[105.76411,21.626],[105.76484,21.62648],[105.766,21.62607],[105.76779,21.62668],[105.76843,21.62827],[105.76984,21.62858],[105.77046,21.62924],[105.76966,21.62998],[105.7706,21.63114],[105.77255,21.63237],[105.76804,21.63444],[105.76873,21.6356],[105.76872,21.63684],[105.76973,21.63743],[105.77052,21.63877],[105.77127,21.63857],[105.77259,21.63957],[105.77218,21.64125],[105.77395,21.64121],[105.77546,21.6427],[105.77507,21.64355],[105.77626,21.64569],[105.77842,21.64522],[105.7785,21.64711],[105.7782,21.64947],[105.77716,21.64959],[105.7766,21.65157],[105.77506,21.65153],[105.77448,21.65197],[105.77656,21.65521],[105.77763,21.65593],[105.7776,21.65674],[105.77519,21.65632],[105.77476,21.65793],[105.77658,21.65971],[105.77833,21.66043],[105.77811,21.66154],[105.77945,21.66371],[105.78092,21.66387],[105.78268,21.66489],[105.7839,21.66481],[105.78521,21.66597],[105.78537,21.6672],[105.7874,21.66742],[105.78789,21.66654],[105.78935,21.66692],[105.79122,21.66644],[105.79113,21.6674],[105.79171,21.6699],[105.7937,21.67308],[105.79373,21.67499],[105.79223,21.67874],[105.79233,21.68108],[105.79334,21.68332],[105.79347,21.68488],[105.79115,21.68746],[105.78963,21.68976],[105.78684,21.69258],[105.78664,21.69461],[105.78762,21.69557],[105.79087,21.69623],[105.79191,21.69735],[105.79346,21.69988],[105.79487,21.70178],[105.79703,21.70393],[105.79856,21.70478],[105.80145,21.70482],[105.80285,21.70521],[105.80377,21.70592],[105.80532,21.70779],[105.8072,21.70871],[105.81198,21.70958],[105.81424,21.70946],[105.81514,21.71035]]]},"properties":{"a01_tinh":"diaphanhanhchinhcaptinh_sn.101","a02_xa":"diaphanhanhchinhcapxa_2025.1210","a03_ten":"Xã Vô Tranh","a04_tentinh":"Tỉnh Thái Nguyên","a05_truocsn":"Xã Tức Tranh, Xã Cổ Lũng, Xã Phú Đô, Xã Vô Tranh","a06_trungtamhc":"Trụ sở Đảng ủy, HĐND, UBND xã Tức Tranh","a07_dt":"83.53","a08_ds":"38253","a09_dthoai":null,"a10_web":null,"ten":"Xã Vô Tranh","ma":"05641","tentinh":"Tỉnh Thái Nguyên","truocsapnhap":"Xã Tức Tranh, Xã Cổ Lũng, Xã Phú Đô, Xã Vô Tranh","dientichkm2":null,"dansonguoi":null},"id":"diaphanhanhchinhcapxa_2025.1210"},
{"type":"Feature","geometry":{"type":"Polygon","coordinates":[[[106.10117,22.04045],[106.08363,22.04655],[106.08036,22.04799],[106.07895,22.04666],[106.07821,22.04711],[106.0773,22.04878],[106.07733,22.05054],[106.07394,22.04985],[106.0717,22.04829],[106.06637,22.0472],[106.06522,22.04671],[106.06288,22.04638],[106.06134,22.04537],[106.05959,22.04587],[106.05757,22.04432],[106.05733,22.04298],[106.05243,22.04189],[106.05154,22.04219],[106.05006,22.04167],[106.04627,22.04176],[106.04384,22.0433],[106.04244,22.04319],[106.04127,22.04358],[106.03951,22.04291],[106.03702,22.04406],[106.03705,22.04539],[106.03516,22.04747],[106.03479,22.04855],[106.0334,22.05028],[106.03195,22.05062],[106.02943,22.04965],[106.02729,22.04961],[106.02389,22.05004],[106.01998,22.05091],[106.01763,22.05123],[106.01549,22.05123],[106.01441,22.05046],[106.01406,22.04904],[106.0093,22.04968],[106.00314,22.05324],[106.00114,22.05287],[106.00003,22.05053],[105.99977,22.04911],[105.99864,22.0483],[105.99874,22.04738],[105.99794,22.04557],[105.99593,22.04445],[105.99233,22.04538],[105.98774,22.04124],[105.98628,22.03825],[105.98477,22.03579],[105.98315,22.03705],[105.98131,22.03675],[105.97992,22.03718],[105.97746,22.03677],[105.9759,22.03622],[105.97385,22.03659],[105.96991,22.03558],[105.96723,22.03125],[105.96704,22.03049],[105.96543,22.02857],[105.9618,22.0258],[105.9604,22.027],[105.95921,22.02676],[105.95783,22.02716],[105.95652,22.02588],[105.95496,22.02578],[105.95406,22.02635],[105.95262,22.02474],[105.95193,22.02249],[105.95124,22.02181],[105.94992,22.02184],[105.94852,22.02269],[105.94657,22.02298],[105.94334,22.023],[105.94282,22.02212],[105.94157,22.02126],[105.94002,22.01887],[105.94008,22.01746],[105.93899,22.01565],[105.93767,22.01555],[105.93594,22.01272],[105.93553,22.01108],[105.93605,22.00924],[105.93695,22.00603],[105.93725,22.0032],[105.93407,21.99987],[105.93424,21.99902],[105.93287,21.99792],[105.93228,21.99696],[105.93254,21.99505],[105.93061,21.9942],[105.92989,21.99301],[105.92902,21.99279],[105.92764,21.99105],[105.92721,21.98987],[105.92758,21.98762],[105.93156,21.98727],[105.9321,21.98539],[105.93302,21.98471],[105.93464,21.98429],[105.93577,21.98442],[105.93804,21.98254],[105.93789,21.9815],[105.93827,21.97947],[105.93929,21.97888],[105.94217,21.97862],[105.94476,21.97927],[105.94649,21.98048],[105.94779,21.9793],[105.94988,21.97861],[105.95105,21.97782],[105.95266,21.97881],[105.95343,21.97977],[105.9548,21.98003],[105.95873,21.97956],[105.96027,21.98046],[105.96361,21.98013],[105.96509,21.98053],[105.96733,21.98019],[105.96768,21.97927],[105.96863,21.97877],[105.97006,21.97972],[105.97105,21.97995],[105.97164,21.98096],[105.97282,21.98118],[105.97437,21.97832],[105.97629,21.97716],[105.97674,21.97554],[105.97843,21.97405],[105.98039,21.97324],[105.98205,21.97079],[105.98533,21.96821],[105.98729,21.96805],[105.98866,21.9668],[105.98869,21.96589],[105.98959,21.96476],[105.98994,21.96322],[105.9923,21.96123],[105.99256,21.95955],[105.99377,21.95839],[105.99678,21.95689],[105.99927,21.95822],[106.0003,21.9599],[106.00163,21.96031],[106.00317,21.96129],[106.00467,21.96167],[106.00773,21.96046],[106.0089,21.96083],[106.01172,21.96098],[106.01253,21.96176],[106.01429,21.96226],[106.01457,21.96365],[106.01538,21.96521],[106.01728,21.96652],[106.0184,21.96639],[106.02034,21.96744],[106.02088,21.96845],[106.02291,21.96951],[106.02422,21.96844],[106.02399,21.96704],[106.02468,21.96608],[106.02503,21.96415],[106.02584,21.9637],[106.02648,21.9641],[106.02794,21.96736],[106.03082,21.96779],[106.03197,21.96563],[106.03307,21.96427],[106.03599,21.96383],[106.03749,21.96321],[106.03932,21.96301],[106.04167,21.96206],[106.04277,21.96013],[106.04373,21.95965],[106.04555,21.9601],[106.04605,21.95967],[106.04665,21.95735],[106.04811,21.95724],[106.04905,21.95541],[106.04913,21.95456],[106.05077,21.95287],[106.05203,21.95036],[106.05168,21.94947],[106.05242,21.94858],[106.05212,21.94715],[106.05342,21.94545],[106.05298,21.94368],[106.05354,21.94317],[106.05519,21.94353],[106.05829,21.94277],[106.05894,21.94159],[106.06035,21.94132],[106.06334,21.9417],[106.06647,21.94245],[106.06929,21.94268],[106.07158,21.9409],[106.07529,21.94068],[106.07575,21.94122],[106.08042,21.94272],[106.08363,21.94258],[106.08468,21.94158],[106.08639,21.94078],[106.0879,21.94069],[106.08898,21.9402],[106.09188,21.93952],[106.09454,21.94161],[106.0952,21.9415],[106.09708,21.9396],[106.0979,21.93844],[106.09877,21.93861],[106.10022,21.93964],[106.10271,21.94029],[106.10365,21.94178],[106.10504,21.94207],[106.10647,21.94337],[106.10818,21.94535],[106.11096,21.94633],[106.11187,21.94747],[106.11267,21.9497],[106.11146,21.95057],[106.11094,21.95189],[106.10917,21.95241],[106.10683,21.95217],[106.10499,21.95253],[106.10364,21.95325],[106.10249,21.9529],[106.10157,21.95203],[106.09918,21.95077],[106.09812,21.95209],[106.09799,21.95383],[106.09894,21.95823],[106.09878,21.95921],[106.10079,21.96035],[106.1047,21.9606],[106.10545,21.96226],[106.10683,21.96279],[106.10951,21.96277],[106.11133,21.96163],[106.11285,21.9635],[106.11232,21.96549],[106.11351,21.96623],[106.11447,21.96764],[106.11392,21.97],[106.11455,21.97084],[106.11322,21.9731],[106.11312,21.97571],[106.11554,21.97796],[106.11478,21.97985],[106.11366,21.98137],[106.11315,21.98338],[106.11398,21.98628],[106.11305,21.98769],[106.11267,21.98895],[106.11457,21.99115],[106.11464,21.99298],[106.11336,21.99486],[106.11035,21.99666],[106.10773,21.99731],[106.10797,21.99778],[106.1101,21.99802],[106.10963,21.99956],[106.11001,22.00056],[106.10983,22.00462],[106.10949,22.00576],[106.11074,22.00696],[106.11069,22.00938],[106.11034,22.01211],[106.11141,22.0127],[106.11005,22.01715],[106.10926,22.0179],[106.10924,22.01927],[106.10858,22.02135],[106.10657,22.02296],[106.10544,22.02339],[106.1023,22.02769],[106.10096,22.02802],[106.09824,22.02971],[106.09692,22.03012],[106.09678,22.03185],[106.09583,22.03408],[106.09597,22.03627],[106.09859,22.03744],[106.09999,22.03952],[106.10117,22.04045]]]},"properties":{"a01_tinh":"diaphanhanhchinhcaptinh_sn.101","a02_xa":"diaphanhanhchinhcapxa_2025.1251","a03_ten":"Xã Xuân Dương","a04_tentinh":"Tỉnh Thái Nguyên","a05_truocsn":"Xã Đổng Xá, Xã Liêm Thủy, Xã Xuân Dương","a06_trungtamhc":"Trụ sở Đảng ủy, HĐND, UBND xã Xuân Dương","a07_dt":"160.15","a08_ds":"7012","a09_dthoai":null,"a10_web":null,"ten":"Xã Xuân Dương","ma":"02191","tentinh":"Tỉnh Thái Nguyên","truocsapnhap":"Xã Đổng Xá, Xã Liêm Thủy, Xã Xuân Dương","dientichkm2":null,"dansonguoi":null},"id":"diaphanhanhchinhcapxa_2025.1251"},
{"type":"Feature","geometry":{"type":"Polygon","coordinates":[[[105.98866,21.9668],[105.98729,21.96805],[105.98533,21.96821],[105.98205,21.97079],[105.98039,21.97324],[105.97843,21.97405],[105.97674,21.97554],[105.97629,21.97716],[105.97437,21.97832],[105.97282,21.98118],[105.97164,21.98096],[105.97105,21.97995],[105.97006,21.97972],[105.96863,21.97877],[105.96768,21.97927],[105.96733,21.98019],[105.96509,21.98053],[105.96361,21.98013],[105.96027,21.98046],[105.95873,21.97956],[105.9548,21.98003],[105.95343,21.97977],[105.95266,21.97881],[105.95105,21.97782],[105.94988,21.97861],[105.94779,21.9793],[105.94649,21.98048],[105.94476,21.97927],[105.94217,21.97862],[105.93929,21.97888],[105.93827,21.97947],[105.93789,21.9815],[105.93804,21.98254],[105.93577,21.98442],[105.93464,21.98429],[105.93302,21.98471],[105.9321,21.98539],[105.93156,21.98727],[105.92758,21.98762],[105.92721,21.98987],[105.92764,21.99105],[105.92902,21.99279],[105.92989,21.99301],[105.93061,21.9942],[105.93254,21.99505],[105.93228,21.99696],[105.93287,21.99792],[105.93424,21.99902],[105.93407,21.99987],[105.93725,22.0032],[105.93695,22.00603],[105.93605,22.00924],[105.93356,22.00846],[105.93287,22.0063],[105.93094,22.00525],[105.93017,22.00396],[105.92851,22.00301],[105.92814,22.00221],[105.92647,22.00176],[105.92542,22.0011],[105.92435,22.00111],[105.9223,22.00217],[105.92056,22.00188],[105.91864,22.00296],[105.91652,22.00306],[105.91475,22.0023],[105.91332,22.00208],[105.91184,22.0008],[105.91256,21.99928],[105.91381,21.99823],[105.914,21.99725],[105.91565,21.9956],[105.91676,21.99506],[105.91714,21.99387],[105.91816,21.99328],[105.91536,21.99045],[105.91301,21.99071],[105.9092,21.98939],[105.90612,21.98992],[105.90538,21.9898],[105.90387,21.9874],[105.90406,21.98592],[105.90358,21.98401],[105.9028,21.98327],[105.89864,21.98423],[105.89082,21.98644],[105.89327,21.97973],[105.89378,21.97916],[105.89594,21.97849],[105.89642,21.97802],[105.89881,21.97793],[105.89974,21.97715],[105.89971,21.97582],[105.90063,21.97376],[105.9,21.9721],[105.89895,21.97158],[105.89739,21.97002],[105.89785,21.96932],[105.8977,21.96808],[105.89581,21.96601],[105.8938,21.96574],[105.89136,21.96273],[105.88921,21.9618],[105.8881,21.96069],[105.8891,21.95916],[105.8895,21.95763],[105.88924,21.9555],[105.89008,21.95349],[105.89168,21.95354],[105.89229,21.95263],[105.89364,21.95225],[105.89353,21.94798],[105.89369,21.94531],[105.88943,21.94362],[105.88732,21.94221],[105.8861,21.94198],[105.88521,21.94104],[105.88433,21.9392],[105.88363,21.93887],[105.88236,21.93703],[105.88318,21.93551],[105.8831,21.93435],[105.88087,21.93191],[105.88053,21.92959],[105.88094,21.92632],[105.88063,21.92389],[105.8795,21.92368],[105.87733,21.92188],[105.87583,21.92162],[105.87494,21.91989],[105.87543,21.91918],[105.87576,21.91609],[105.87513,21.91512],[105.87704,21.9125],[105.87843,21.91133],[105.8797,21.90968],[105.8724,21.90872],[105.86962,21.90653],[105.86825,21.90293],[105.86843,21.9014],[105.86949,21.89986],[105.86971,21.89796],[105.87274,21.89797],[105.87374,21.89762],[105.87497,21.89808],[105.87689,21.89823],[105.87795,21.89772],[105.87951,21.89776],[105.88178,21.89638],[105.88316,21.8965],[105.88451,21.89409],[105.8878,21.894],[105.8895,21.89477],[105.89226,21.89477],[105.89232,21.8958],[105.89338,21.89619],[105.89544,21.89569],[105.89987,21.89503],[105.90096,21.89418],[105.90302,21.89451],[105.90661,21.89407],[105.90757,21.89345],[105.90864,21.89359],[105.91105,21.89444],[105.91258,21.89408],[105.9164,21.89584],[105.91786,21.896],[105.91969,21.89571],[105.92685,21.89536],[105.92865,21.89544],[105.93133,21.89662],[105.93754,21.89891],[105.93822,21.89984],[105.93991,21.89988],[105.94071,21.90055],[105.94267,21.89864],[105.94427,21.89875],[105.94561,21.89961],[105.94627,21.90083],[105.9464,21.90245],[105.94692,21.90275],[105.9492,21.90548],[105.95099,21.90693],[105.95287,21.90742],[105.95663,21.90958],[105.9589,21.91073],[105.95909,21.91363],[105.95994,21.91541],[105.96004,21.91697],[105.96073,21.91901],[105.96006,21.92051],[105.96107,21.92214],[105.9626,21.92289],[105.96514,21.92288],[105.96797,21.92362],[105.96959,21.92346],[105.97089,21.92465],[105.96938,21.92746],[105.9692,21.92886],[105.9696,21.92946],[105.96966,21.93141],[105.97061,21.93319],[105.97008,21.93506],[105.97181,21.93771],[105.97454,21.93933],[105.97696,21.93932],[105.97816,21.93823],[105.9791,21.93795],[105.98062,21.9362],[105.98337,21.93556],[105.98423,21.93629],[105.98672,21.93611],[105.98998,21.93514],[105.99295,21.93315],[105.99389,21.93188],[105.99391,21.93098],[105.99493,21.92966],[105.99607,21.93026],[106.00071,21.93096],[106.00095,21.93167],[106.00283,21.93325],[106.00337,21.93525],[106.006,21.93573],[106.00794,21.93649],[106.00979,21.93656],[106.01035,21.93745],[106.01249,21.93764],[106.01323,21.9396],[106.01478,21.94086],[106.01504,21.94196],[106.01585,21.94247],[106.01607,21.94345],[106.01723,21.94428],[106.018,21.94679],[106.01896,21.94723],[106.01966,21.94839],[106.01838,21.94997],[106.01905,21.95207],[106.01969,21.95296],[106.0191,21.95402],[106.01945,21.95518],[106.02028,21.95543],[106.02146,21.95668],[106.02269,21.95738],[106.02303,21.95889],[106.02238,21.95938],[106.0229,21.9604],[106.02408,21.96138],[106.02398,21.96213],[106.0257,21.96302],[106.02584,21.9637],[106.02503,21.96415],[106.02468,21.96608],[106.02399,21.96704],[106.02422,21.96844],[106.02291,21.96951],[106.02088,21.96845],[106.02034,21.96744],[106.0184,21.96639],[106.01728,21.96652],[106.01538,21.96521],[106.01457,21.96365],[106.01429,21.96226],[106.01253,21.96176],[106.01172,21.96098],[106.0089,21.96083],[106.00773,21.96046],[106.00467,21.96167],[106.00317,21.96129],[106.00163,21.96031],[106.0003,21.9599],[105.99927,21.95822],[105.99678,21.95689],[105.99377,21.95839],[105.99256,21.95955],[105.9923,21.96123],[105.98994,21.96322],[105.98959,21.96476],[105.98869,21.96589],[105.98866,21.9668]]]},"properties":{"a01_tinh":"diaphanhanhchinhcaptinh_sn.101","a02_xa":"diaphanhanhchinhcapxa_2025.1184","a03_ten":"Xã Yên Bình","a04_tentinh":"Tỉnh Thái Nguyên","a05_truocsn":"Xã Yên Cư, Xã Bình Văn, Xã Yên Hân","a06_trungtamhc":"Trụ sở Đảng ủy, HĐND, UBND xã Yên Hân","a07_dt":"100.71","a08_ds":"7036","a09_dthoai":null,"a10_web":null,"ten":"Xã Yên Bình","ma":"02116","tentinh":"Tỉnh Thái Nguyên","truocsapnhap":"Xã Yên Cư, Xã Bình Văn, Xã Yên Hân","dientichkm2":null,"dansonguoi":null},"id":"diaphanhanhchinhcapxa_2025.1184"},
{"type":"Feature","geometry":{"type":"Polygon","coordinates":[[[105.64046,22.15987],[105.63744,22.16058],[105.63608,22.16008],[105.63533,22.16071],[105.63379,22.16031],[105.63197,22.15877],[105.63189,22.15806],[105.63023,22.15728],[105.62901,22.15632],[105.62666,22.15761],[105.62536,22.15805],[105.62302,22.15748],[105.62101,22.15745],[105.61767,22.15443],[105.61586,22.15411],[105.61443,22.15339],[105.6124,22.15194],[105.61238,22.15089],[105.61012,22.14855],[105.60927,22.14807],[105.61032,22.14644],[105.61029,22.14467],[105.61097,22.14407],[105.61055,22.1425],[105.61124,22.14201],[105.61258,22.14014],[105.6107,22.13792],[105.61089,22.13607],[105.61062,22.13413],[105.60933,22.13201],[105.60804,22.13156],[105.60686,22.13055],[105.60633,22.12871],[105.60906,22.1264],[105.61155,22.12353],[105.61181,22.12259],[105.61373,22.1204],[105.61022,22.11742],[105.60917,22.1162],[105.60764,22.11516],[105.60539,22.11534],[105.60377,22.11317],[105.60182,22.1128],[105.5999,22.11089],[105.59988,22.10913],[105.60072,22.10824],[105.60207,22.10536],[105.60157,22.10405],[105.60236,22.1031],[105.60256,22.10185],[105.6041,22.09823],[105.60239,22.09679],[105.59938,22.09636],[105.59819,22.09659],[105.59746,22.09567],[105.59585,22.09584],[105.59373,22.09561],[105.59284,22.09391],[105.59146,22.09253],[105.58941,22.0915],[105.5883,22.09164],[105.58612,22.09087],[105.58537,22.09511],[105.58564,22.0962],[105.5834,22.09829],[105.58046,22.09963],[105.5822,22.09694],[105.58189,22.09322],[105.58129,22.09048],[105.58033,22.08915],[105.58104,22.08819],[105.57977,22.08643],[105.57978,22.08507],[105.57656,22.08508],[105.57657,22.08369],[105.57448,22.08212],[105.57428,22.08106],[105.57269,22.07725],[105.57167,22.07364],[105.5708,22.07196],[105.5712,22.06953],[105.5723,22.06947],[105.57289,22.06626],[105.57473,22.06673],[105.57604,22.06473],[105.57663,22.06316],[105.57627,22.06161],[105.57718,22.06118],[105.57814,22.05822],[105.57903,22.05756],[105.57992,22.05574],[105.57894,22.05507],[105.57811,22.05359],[105.57765,22.05193],[105.57758,22.05018],[105.57902,22.04849],[105.57792,22.04731],[105.57778,22.04609],[105.57816,22.04432],[105.57746,22.0431],[105.57855,22.04073],[105.57819,22.03755],[105.57947,22.03635],[105.58055,22.03467],[105.58086,22.03308],[105.58275,22.03162],[105.58298,22.03012],[105.58423,22.02909],[105.58705,22.02739],[105.58716,22.02634],[105.58842,22.02478],[105.58855,22.02411],[105.59065,22.02254],[105.59202,22.02209],[105.59468,22.02259],[105.59556,22.02189],[105.59568,22.0205],[105.59643,22.01947],[105.5957,22.01839],[105.59468,22.01831],[105.59325,22.01687],[105.59283,22.01483],[105.59409,22.01269],[105.59388,22.01156],[105.59291,22.01116],[105.59216,22.00996],[105.59043,22.0086],[105.59274,22.0077],[105.59683,22.00866],[105.59892,22.01007],[105.60114,22.011],[105.60059,22.01258],[105.6018,22.01409],[105.60453,22.01245],[105.60494,22.01222],[105.60686,22.0118],[105.60721,22.01149],[105.60776,22.01112],[105.61087,22.01188],[105.61292,22.01364],[105.61431,22.01339],[105.6165,22.01249],[105.61714,22.01367],[105.61821,22.0142],[105.61948,22.01706],[105.62078,22.01849],[105.62457,22.01698],[105.62794,22.01705],[105.62958,22.01735],[105.63027,22.01709],[105.63128,22.01684],[105.63347,22.01709],[105.63605,22.01798],[105.63614,22.01917],[105.63534,22.0212],[105.6374,22.02127],[105.63744,22.02239],[105.63846,22.02395],[105.63867,22.02523],[105.63977,22.02559],[105.64078,22.02673],[105.64261,22.02592],[105.64434,22.02576],[105.64622,22.02482],[105.64756,22.0251],[105.64898,22.02473],[105.65073,22.02536],[105.65333,22.02488],[105.65518,22.02724],[105.65838,22.02962],[105.6601,22.02946],[105.66114,22.03141],[105.66074,22.03318],[105.66226,22.03451],[105.66321,22.03601],[105.66371,22.03995],[105.66552,22.04112],[105.66589,22.04226],[105.66712,22.04257],[105.66843,22.04368],[105.66784,22.04649],[105.6685,22.04752],[105.67273,22.04791],[105.67404,22.04743],[105.67777,22.04497],[105.68031,22.04423],[105.68157,22.04459],[105.68286,22.04389],[105.68419,22.04241],[105.68741,22.0409],[105.6894,22.04069],[105.69274,22.03933],[105.69487,22.03786],[105.69638,22.03588],[105.69599,22.03913],[105.6964,22.04119],[105.69631,22.04298],[105.69538,22.04485],[105.69462,22.04723],[105.69467,22.0479],[105.69893,22.05108],[105.69971,22.05183],[105.69963,22.05322],[105.70083,22.05634],[105.69956,22.05719],[105.69831,22.05947],[105.6986,22.06064],[105.69819,22.06132],[105.69837,22.06329],[105.69653,22.06497],[105.69596,22.06645],[105.69492,22.06661],[105.69364,22.06766],[105.69308,22.06964],[105.69324,22.07084],[105.69298,22.07367],[105.69505,22.07566],[105.69452,22.08027],[105.69365,22.08252],[105.69492,22.08304],[105.69605,22.08446],[105.69519,22.08667],[105.69408,22.0875],[105.69326,22.08957],[105.68764,22.09008],[105.68478,22.08937],[105.68374,22.0905],[105.68247,22.09112],[105.6813,22.09021],[105.67897,22.091],[105.67771,22.09038],[105.67651,22.089],[105.6752,22.08884],[105.67316,22.08913],[105.67187,22.09009],[105.66895,22.09044],[105.66854,22.09117],[105.66733,22.0912],[105.66731,22.09013],[105.6657,22.09013],[105.66347,22.08956],[105.66218,22.0907],[105.66174,22.09241],[105.6609,22.0937],[105.66092,22.09512],[105.66044,22.09583],[105.65863,22.09557],[105.65836,22.09689],[105.65714,22.09811],[105.65429,22.09894],[105.65348,22.10042],[105.65254,22.1011],[105.65173,22.10282],[105.65322,22.10531],[105.65329,22.10583],[105.65204,22.10771],[105.6522,22.10944],[105.6518,22.11037],[105.65183,22.11223],[105.65229,22.11299],[105.65118,22.11416],[105.65038,22.11437],[105.65085,22.11563],[105.65056,22.11627],[105.64825,22.11712],[105.64702,22.11841],[105.64176,22.11936],[105.64027,22.12172],[105.63766,22.1215],[105.63659,22.12079],[105.63503,22.12101],[105.63483,22.12207],[105.63345,22.12336],[105.63352,22.12471],[105.63263,22.12656],[105.63386,22.12912],[105.63418,22.13554],[105.63635,22.1367],[105.63791,22.13965],[105.63809,22.14074],[105.64067,22.1428],[105.64013,22.14497],[105.6405,22.14691],[105.64148,22.14797],[105.64203,22.14963],[105.64065,22.15094],[105.6401,22.15258],[105.63977,22.15559],[105.63985,22.15746],[105.64046,22.15987]]]},"properties":{"a01_tinh":"diaphanhanhchinhcaptinh_sn.101","a02_xa":"diaphanhanhchinhcapxa_2025.1182","a03_ten":"Xã Yên Phong","a04_tentinh":"Tỉnh Thái Nguyên","a05_truocsn":"Xã Đại Sảo, Xã Yên Mỹ, Xã Yên Phong","a06_trungtamhc":"Trụ sở Đảng ủy, HĐND, UBND xã Yên Phong","a07_dt":"115.98","a08_ds":"7379","a09_dthoai":null,"a10_web":null,"ten":"Xã Yên Phong","ma":"02083","tentinh":"Tỉnh Thái Nguyên","truocsapnhap":"Xã Đại Sảo, Xã Yên Mỹ, Xã Yên Phong","dientichkm2":null,"dansonguoi":null},"id":"diaphanhanhchinhcapxa_2025.1182"},
{"type":"Feature","geometry":{"type":"Polygon","coordinates":[[[105.54958,22.26817],[105.55033,22.26937],[105.5503,22.27088],[105.54929,22.27325],[105.55077,22.27832],[105.54806,22.28355],[105.54733,22.28435],[105.54658,22.28708],[105.54654,22.28807],[105.54833,22.28904],[105.54911,22.29036],[105.54847,22.29351],[105.54867,22.29655],[105.54902,22.29831],[105.54541,22.29964],[105.54379,22.29989],[105.54201,22.29936],[105.53996,22.29828],[105.53779,22.29903],[105.53636,22.29771],[105.53429,22.29653],[105.53245,22.29637],[105.53,22.29457],[105.52887,22.29297],[105.5281,22.2925],[105.52717,22.29079],[105.52407,22.28962],[105.52305,22.29064],[105.52209,22.29056],[105.51928,22.28898],[105.51806,22.28783],[105.51621,22.28791],[105.5147,22.28923],[105.512,22.28905],[105.51129,22.28861],[105.50912,22.2884],[105.50758,22.28867],[105.50461,22.28868],[105.50371,22.29022],[105.50241,22.2907],[105.50145,22.29479],[105.49882,22.29503],[105.49749,22.29451],[105.49579,22.29466],[105.49322,22.29371],[105.49145,22.29343],[105.48806,22.29322],[105.48619,22.29246],[105.48165,22.28976],[105.48027,22.28817],[105.4781,22.2879],[105.47348,22.28676],[105.47209,22.28564],[105.4703,22.28528],[105.46769,22.28528],[105.46683,22.28447],[105.46488,22.28465],[105.46392,22.28426],[105.46118,22.28443],[105.46015,22.28324],[105.46099,22.2814],[105.46212,22.2807],[105.46528,22.2796],[105.46649,22.27957],[105.4665,22.27864],[105.46984,22.27682],[105.47144,22.275],[105.47233,22.27475],[105.47325,22.27287],[105.47071,22.27198],[105.46829,22.26971],[105.46762,22.26842],[105.46575,22.26764],[105.46512,22.26704],[105.464,22.2647],[105.46294,22.26468],[105.46015,22.26581],[105.45851,22.26723],[105.45695,22.26753],[105.45541,22.26891],[105.45456,22.26892],[105.45345,22.26787],[105.45352,22.26665],[105.45284,22.26576],[105.45176,22.26547],[105.45054,22.26454],[105.44828,22.26511],[105.44375,22.26431],[105.4428,22.26289],[105.43985,22.26098],[105.43839,22.26136],[105.43689,22.26064],[105.43559,22.25842],[105.43652,22.25741],[105.43689,22.25574],[105.43885,22.25479],[105.43752,22.25268],[105.4373,22.25151],[105.43835,22.24957],[105.43801,22.24844],[105.43812,22.24553],[105.43849,22.24393],[105.43719,22.24341],[105.43658,22.24216],[105.43668,22.24094],[105.43604,22.23962],[105.43759,22.23845],[105.4398,22.23763],[105.43978,22.2368],[105.44087,22.23412],[105.44131,22.23211],[105.44102,22.23073],[105.43944,22.23063],[105.43869,22.22987],[105.43564,22.2281],[105.43528,22.2267],[105.43551,22.22223],[105.43408,22.21949],[105.43474,22.21785],[105.43415,22.21595],[105.43277,22.21662],[105.4315,22.21637],[105.43085,22.21439],[105.43223,22.21277],[105.43299,22.21073],[105.43459,22.20994],[105.43606,22.20796],[105.43783,22.20717],[105.4388,22.20573],[105.44369,22.20056],[105.44521,22.19819],[105.44523,22.19716],[105.44724,22.19508],[105.4485,22.19446],[105.44935,22.19151],[105.45159,22.18956],[105.4546,22.1879],[105.45611,22.18774],[105.45872,22.18955],[105.46081,22.19],[105.46021,22.18714],[105.46039,22.1854],[105.46226,22.18425],[105.46309,22.18234],[105.46424,22.18123],[105.46329,22.18069],[105.46218,22.17899],[105.46138,22.17837],[105.46151,22.1764],[105.46103,22.17359],[105.46117,22.17286],[105.46306,22.17097],[105.46232,22.16989],[105.46264,22.16856],[105.46593,22.16597],[105.46698,22.1639],[105.46758,22.16345],[105.46918,22.16106],[105.47005,22.16017],[105.47108,22.16061],[105.47291,22.1621],[105.47495,22.16195],[105.47596,22.16337],[105.47856,22.16326],[105.47977,22.16221],[105.48263,22.16146],[105.48349,22.16199],[105.48568,22.1601],[105.4876,22.1592],[105.49086,22.15832],[105.49229,22.15858],[105.49346,22.15771],[105.49351,22.15626],[105.49204,22.15411],[105.49313,22.15279],[105.49377,22.15069],[105.4948,22.14968],[105.49545,22.14667],[105.49781,22.14508],[105.49955,22.14418],[105.50061,22.14312],[105.50254,22.14408],[105.50641,22.14375],[105.50909,22.14483],[105.5108,22.14581],[105.51194,22.14554],[105.5161,22.1463],[105.5199,22.14556],[105.52081,22.14512],[105.52193,22.14366],[105.52407,22.14342],[105.52482,22.14302],[105.52654,22.14319],[105.52663,22.141],[105.5259,22.13992],[105.52563,22.13789],[105.5262,22.13582],[105.52745,22.13438],[105.52719,22.13307],[105.52861,22.12972],[105.53023,22.12785],[105.5315,22.12712],[105.53272,22.1273],[105.53529,22.12637],[105.53599,22.12524],[105.53766,22.12547],[105.54108,22.1267],[105.54296,22.12649],[105.54483,22.12661],[105.54638,22.12624],[105.54711,22.12558],[105.54855,22.12556],[105.54968,22.12689],[105.55002,22.1282],[105.55142,22.1297],[105.55165,22.13122],[105.55254,22.1325],[105.55265,22.13364],[105.55344,22.13562],[105.55322,22.13774],[105.55456,22.13928],[105.55589,22.13948],[105.55747,22.1428],[105.55708,22.14521],[105.55703,22.14712],[105.55834,22.14933],[105.55624,22.15006],[105.55436,22.15157],[105.55294,22.15316],[105.55508,22.15587],[105.55528,22.15771],[105.55442,22.16001],[105.55508,22.16141],[105.55432,22.16221],[105.55312,22.16534],[105.55224,22.16593],[105.55312,22.16798],[105.55451,22.16974],[105.55553,22.17446],[105.55558,22.17805],[105.55505,22.18099],[105.55667,22.18222],[105.55751,22.18357],[105.55627,22.18758],[105.55655,22.18873],[105.55612,22.19143],[105.55503,22.19297],[105.55401,22.19366],[105.55386,22.19531],[105.55172,22.19691],[105.55088,22.19963],[105.54895,22.20057],[105.54833,22.202],[105.54847,22.20296],[105.55142,22.20351],[105.55281,22.20445],[105.55143,22.20551],[105.54988,22.20745],[105.54759,22.20934],[105.54724,22.21205],[105.54794,22.21309],[105.54802,22.21491],[105.54917,22.21618],[105.54883,22.21667],[105.54665,22.21668],[105.54627,22.21751],[105.5435,22.21963],[105.54431,22.22135],[105.54615,22.22407],[105.54684,22.22584],[105.54678,22.22682],[105.54801,22.22835],[105.54781,22.23149],[105.54906,22.23316],[105.54868,22.23397],[105.55061,22.23622],[105.55052,22.23675],[105.55111,22.23774],[105.55112,22.23948],[105.55057,22.24055],[105.55059,22.2419],[105.54837,22.24611],[105.54793,22.24741],[105.54587,22.24754],[105.54521,22.2485],[105.54447,22.25074],[105.54321,22.25203],[105.54199,22.25395],[105.54087,22.25478],[105.53869,22.25462],[105.53982,22.25908],[105.53904,22.26044],[105.54006,22.26158],[105.53941,22.26426],[105.53849,22.26453],[105.53815,22.26568],[105.53895,22.26685],[105.54079,22.26734],[105.54377,22.26731],[105.5445,22.2668],[105.54661,22.26742],[105.54803,22.2675],[105.54958,22.26817]]]},"properties":{"a01_tinh":"diaphanhanhchinhcaptinh_sn.101","a02_xa":"diaphanhanhchinhcapxa_2025.1181","a03_ten":"Xã Yên Thịnh","a04_tentinh":"Tỉnh Thái Nguyên","a05_truocsn":"Xã Bản Thi, Xã Yên Thượng, Xã Yên Thịnh","a06_trungtamhc":"Trụ sở Đảng ủy, HĐND, UBND xã Yên Thịnh","a07_dt":"165.8","a08_ds":"5476","a09_dthoai":null,"a10_web":null,"ten":"Xã Yên Thịnh","ma":"02044","tentinh":"Tỉnh Thái Nguyên","truocsapnhap":"Xã Bản Thi, Xã Yên Thượng, Xã Yên Thịnh","dientichkm2":null,"dansonguoi":null},"id":"diaphanhanhchinhcapxa_2025.1181"},
{"type":"Feature","geometry":{"type":"Polygon","coordinates":[[[105.76432,21.91455],[105.76258,21.91429],[105.75855,21.91579],[105.75572,21.91536],[105.75466,21.91465],[105.75344,21.91325],[105.75213,21.9133],[105.75061,21.91264],[105.74985,21.91092],[105.74769,21.91089],[105.74595,21.90978],[105.7451,21.9086],[105.74217,21.90709],[105.74188,21.90414],[105.73961,21.90417],[105.73784,21.90471],[105.73463,21.90653],[105.73353,21.90503],[105.73281,21.90472],[105.73127,21.90602],[105.72968,21.90565],[105.72829,21.90313],[105.72674,21.903],[105.72448,21.90447],[105.72343,21.90382],[105.72217,21.90119],[105.72004,21.90071],[105.71835,21.8994],[105.71691,21.90049],[105.7147,21.89821],[105.71219,21.89922],[105.71031,21.89825],[105.71063,21.89606],[105.71014,21.8956],[105.70786,21.89563],[105.70561,21.89594],[105.70539,21.89467],[105.70384,21.89412],[105.7026,21.89282],[105.70118,21.89207],[105.69988,21.88952],[105.70108,21.88791],[105.70249,21.88671],[105.70459,21.88555],[105.70241,21.88209],[105.70057,21.88152],[105.69852,21.88147],[105.69672,21.88105],[105.69533,21.87991],[105.69395,21.87956],[105.69169,21.87817],[105.69077,21.87835],[105.69017,21.87748],[105.68796,21.87604],[105.68692,21.87402],[105.68699,21.87254],[105.68622,21.87163],[105.68215,21.87189],[105.68071,21.87072],[105.67807,21.87155],[105.67611,21.87109],[105.672,21.87142],[105.67075,21.87023],[105.6703,21.86847],[105.67081,21.86676],[105.67255,21.86482],[105.67215,21.86252],[105.6694,21.86327],[105.66651,21.86204],[105.66516,21.86385],[105.66398,21.86434],[105.66379,21.86192],[105.6629,21.86064],[105.66313,21.85882],[105.66193,21.85754],[105.66168,21.85653],[105.65924,21.85605],[105.65638,21.85704],[105.65631,21.85481],[105.65678,21.85423],[105.65554,21.85303],[105.65595,21.85221],[105.65574,21.85055],[105.65615,21.84897],[105.65589,21.84736],[105.65656,21.84479],[105.65544,21.84422],[105.65564,21.84304],[105.65535,21.84144],[105.65672,21.83968],[105.65871,21.83944],[105.65877,21.83817],[105.66161,21.83748],[105.66254,21.83667],[105.66289,21.83553],[105.6624,21.83499],[105.66302,21.83384],[105.66497,21.83304],[105.66629,21.83093],[105.66744,21.83031],[105.6695,21.83087],[105.67136,21.83204],[105.67266,21.83172],[105.67337,21.83287],[105.67482,21.83318],[105.6755,21.83412],[105.67664,21.83287],[105.67831,21.83011],[105.67965,21.83026],[105.68125,21.82942],[105.68276,21.82771],[105.68242,21.82705],[105.68449,21.8246],[105.68439,21.821],[105.68494,21.82033],[105.6844,21.8193],[105.68306,21.8191],[105.68166,21.81758],[105.67918,21.8141],[105.67962,21.81283],[105.67768,21.80996],[105.67457,21.8097],[105.67432,21.80862],[105.6754,21.80704],[105.67692,21.80615],[105.67565,21.80421],[105.67536,21.80208],[105.67631,21.80112],[105.67515,21.80022],[105.67489,21.79935],[105.67276,21.79844],[105.67209,21.79764],[105.67072,21.79754],[105.67137,21.79613],[105.67103,21.79506],[105.67337,21.79449],[105.67518,21.7935],[105.67759,21.79172],[105.67824,21.79175],[105.68037,21.79067],[105.68354,21.79013],[105.68563,21.79087],[105.68702,21.79048],[105.68755,21.78942],[105.68663,21.78888],[105.68729,21.7858],[105.68631,21.78559],[105.68584,21.78438],[105.68619,21.78356],[105.68732,21.78355],[105.6889,21.78283],[105.68868,21.78166],[105.68992,21.78028],[105.68986,21.77905],[105.69109,21.77826],[105.69167,21.77721],[105.69181,21.77515],[105.69132,21.77371],[105.68934,21.77211],[105.68917,21.77064],[105.68952,21.7697],[105.6879,21.76716],[105.68758,21.76519],[105.68764,21.76277],[105.68853,21.76193],[105.68844,21.76122],[105.68921,21.7598],[105.68999,21.75917],[105.69057,21.75792],[105.69314,21.75843],[105.69585,21.75816],[105.6972,21.75666],[105.69754,21.75762],[105.6966,21.7596],[105.69735,21.7602],[105.69719,21.76127],[105.69893,21.76172],[105.69866,21.7632],[105.69747,21.76412],[105.69765,21.76611],[105.69933,21.76636],[105.7007,21.76834],[105.70189,21.76905],[105.70416,21.76887],[105.70537,21.76969],[105.70565,21.77111],[105.70545,21.77273],[105.70621,21.77413],[105.70726,21.77391],[105.70826,21.7749],[105.70807,21.77593],[105.71028,21.77746],[105.7107,21.77909],[105.7116,21.77936],[105.71161,21.78034],[105.71073,21.78298],[105.71171,21.78451],[105.71344,21.78518],[105.714,21.78501],[105.71524,21.78661],[105.71718,21.78707],[105.71742,21.78806],[105.71978,21.79034],[105.72048,21.79154],[105.72251,21.79349],[105.72336,21.79636],[105.7265,21.79948],[105.72778,21.79879],[105.72933,21.80071],[105.73093,21.80113],[105.73213,21.80077],[105.73326,21.80109],[105.73502,21.80087],[105.73657,21.80194],[105.73706,21.80113],[105.73917,21.80105],[105.73986,21.8002],[105.74164,21.80169],[105.74142,21.80448],[105.74179,21.8077],[105.74332,21.8089],[105.74673,21.81064],[105.74814,21.81315],[105.74816,21.81368],[105.74699,21.81616],[105.74672,21.81752],[105.74796,21.81838],[105.7486,21.82032],[105.74734,21.82244],[105.7495,21.82554],[105.75119,21.82622],[105.75411,21.82989],[105.75438,21.83107],[105.75562,21.83189],[105.75778,21.83165],[105.758,21.8324],[105.75783,21.83491],[105.75902,21.83663],[105.76143,21.83744],[105.76103,21.83959],[105.76055,21.84058],[105.76046,21.84354],[105.76363,21.84519],[105.76426,21.84838],[105.76502,21.84884],[105.76598,21.85058],[105.76523,21.85159],[105.76564,21.85352],[105.76675,21.85493],[105.76893,21.85642],[105.76957,21.85904],[105.76986,21.86144],[105.76875,21.86295],[105.76835,21.8645],[105.76889,21.8656],[105.7683,21.86619],[105.76825,21.86787],[105.76875,21.86984],[105.77015,21.87052],[105.7705,21.87203],[105.77029,21.87334],[105.77189,21.87444],[105.77294,21.87652],[105.77284,21.87852],[105.77241,21.88057],[105.77097,21.88249],[105.77134,21.88482],[105.77027,21.88488],[105.77141,21.88678],[105.77289,21.88771],[105.77443,21.88757],[105.77583,21.88704],[105.77719,21.8886],[105.77871,21.8884],[105.78071,21.88886],[105.78105,21.88952],[105.77796,21.89216],[105.77703,21.89329],[105.77457,21.89548],[105.77333,21.89764],[105.77168,21.9022],[105.77178,21.90495],[105.77122,21.90623],[105.7717,21.90869],[105.77108,21.91014],[105.7684,21.91212],[105.76745,21.91215],[105.76635,21.91316],[105.76512,21.91352],[105.76432,21.91455]]]},"properties":{"a01_tinh":"diaphanhanhchinhcaptinh_sn.101","a02_xa":"diaphanhanhchinhcapxa_2025.1208","a03_ten":"Xã Yên Trạch","a04_tentinh":"Tỉnh Thái Nguyên","a05_truocsn":"Xã Yên Ninh, Xã Yên Đổ, Xã Yên Trạch","a06_trungtamhc":"Trụ sở Đảng ủy, HĐND, UBND xã Yên Đổ","a07_dt":"112.68","a08_ds":"23543","a09_dthoai":null,"a10_web":null,"ten":"Xã Yên Trạch","ma":"05620","tentinh":"Tỉnh Thái Nguyên","truocsapnhap":"Xã Yên Ninh, Xã Yên Đổ, Xã Yên Trạch","dientichkm2":null,"dansonguoi":null},"id":"diaphanhanhchinhcapxa_2025.1208"}
]}