{"type":"FeatureCollection", "features": [
{"type":"Feature","geometry":{"type":"MultiPolygon","coordinates":[[[[112.24152,15.694],[112.25254,15.69583],[112.2709,15.70777],[112.27825,15.72246],[112.27733,15.7344],[112.26998,15.7399],[112.2608,15.73899],[112.24519,15.73348],[112.22591,15.71512],[112.22407,15.70043],[112.23142,15.69308],[112.24152,15.694]]],[[[111.21592,15.78243],[111.21007,15.78312],[111.20249,15.78105],[111.19629,15.78174],[111.18941,15.78312],[111.18528,15.78174],[111.18528,15.77623],[111.18803,15.76866],[111.19182,15.76763],[111.19834,15.76672],[111.20352,15.76728],[111.20731,15.76797],[111.21144,15.76659],[111.21523,15.76831],[111.21626,15.77141],[111.22005,15.77485],[111.22074,15.77967],[111.21592,15.78243]]],[[[111.22315,15.79069],[111.22418,15.79482],[111.22143,15.7993],[111.21799,15.80205],[111.21179,15.80205],[111.20766,15.80033],[111.20525,15.79758],[111.20548,15.79263],[111.20869,15.79035],[111.2173,15.78966],[111.22315,15.79069]]],[[[112.44526,16.02947],[112.4436,16.03155],[112.4407,16.03404],[112.43862,16.03674],[112.43883,16.04047],[112.43676,16.04441],[112.43468,16.04462],[112.43427,16.04255],[112.4353,16.03674],[112.43738,16.03197],[112.44215,16.02699],[112.44537,16.02601],[112.44526,16.02947]]],[[[111.81779,16.03584],[111.84831,16.04092],[111.8517,16.05788],[111.84661,16.07314],[111.79745,16.07823],[111.77202,16.07145],[111.76693,16.0528],[111.76523,16.03245],[111.78219,16.03076],[111.81779,16.03584]]],[[[112.54002,16.00187],[112.60105,16.01204],[112.63327,16.03407],[112.63666,16.05442],[112.6214,16.06798],[112.60784,16.06968],[112.57732,16.0646],[112.49425,16.04595],[112.47899,16.03748],[112.46712,16.02391],[112.46881,16.00866],[112.48916,16.00018],[112.54002,16.00187]]],[[[111.56432,16.18781],[111.57236,16.20567],[111.59738,16.22086],[111.63132,16.24497],[111.63456,16.2461],[111.63311,16.25301],[111.62953,16.26015],[111.6215,16.26283],[111.6127,16.26284],[111.60814,16.26027],[111.60292,16.25453],[111.59457,16.25349],[111.59144,16.24566],[111.58727,16.23888],[111.57579,16.23731],[111.57161,16.22845],[111.56796,16.22323],[111.55753,16.21488],[111.55179,16.2081],[111.54396,16.20236],[111.5377,16.19506],[111.53718,16.18932],[111.53948,16.1833],[111.54083,16.17158],[111.55178,16.16532],[111.56117,16.16479],[111.57317,16.16323],[111.581,16.16271],[111.58987,16.16427],[111.59248,16.15905],[111.60396,16.16009],[111.61283,16.16166],[111.62117,16.15957],[111.629,16.16479],[111.64413,16.17209],[111.66135,16.17887],[111.6697,16.18357],[111.68013,16.182],[111.69109,16.18617],[111.70413,16.18409],[111.71241,16.18167],[111.71795,16.19316],[111.71748,16.20029],[111.71349,16.2012],[111.67865,16.20567],[111.65186,16.19852],[111.62863,16.1887],[111.6063,16.17977],[111.57683,16.17888],[111.56432,16.18781]]],[[[111.69892,16.28635],[111.68275,16.28635],[111.67149,16.28402],[111.67062,16.27355],[111.67419,16.26104],[111.67548,16.25905],[111.70724,16.26283],[111.72778,16.25747],[111.76619,16.2521],[111.78763,16.24585],[111.79924,16.23602],[111.79655,16.22173],[111.78316,16.2128],[111.75993,16.20119],[111.74117,16.19494],[111.73839,16.19557],[111.73671,16.19137],[111.73939,16.1869],[111.74448,16.18204],[111.74848,16.18304],[111.75683,16.18408],[111.7657,16.18721],[111.77196,16.18825],[111.77665,16.18564],[111.785,16.1893],[111.79596,16.19608],[111.80535,16.19608],[111.80953,16.20182],[111.81683,16.20808],[111.82309,16.21851],[111.82466,16.22268],[111.82205,16.23051],[111.82257,16.23521],[111.82257,16.24408],[111.81684,16.25086],[111.80588,16.25817],[111.80066,16.25973],[111.79336,16.26756],[111.78553,16.27695],[111.77353,16.28008],[111.75266,16.28165],[111.72605,16.28113],[111.71249,16.27957],[111.69892,16.28635]]],[[[112.41626,16.28767],[112.41521,16.2895],[112.41325,16.29003],[112.41246,16.28623],[112.40958,16.28479],[112.39335,16.28113],[112.38799,16.28034],[112.38406,16.27877],[112.38419,16.27773],[112.38745,16.2758],[112.38864,16.27341],[112.38982,16.27236],[112.39139,16.27184],[112.39309,16.27223],[112.39558,16.27393],[112.3978,16.27602],[112.40003,16.27773],[112.40225,16.27786],[112.40696,16.27642],[112.40932,16.27668],[112.41338,16.28008],[112.41586,16.28309],[112.41966,16.28466],[112.42332,16.28649],[112.42202,16.28819],[112.41874,16.28754],[112.41626,16.28767]]],[[[112.37634,16.29186],[112.37909,16.2933],[112.37922,16.29474],[112.37647,16.29736],[112.37032,16.30024],[112.36757,16.30024],[112.36469,16.2988],[112.36364,16.2971],[112.36273,16.29357],[112.36181,16.2916],[112.36024,16.29095],[112.35762,16.29409],[112.35605,16.29448],[112.35173,16.29357],[112.35042,16.29239],[112.34872,16.28872],[112.34702,16.2865],[112.34571,16.2865],[112.34283,16.28872],[112.34008,16.28859],[112.33249,16.28637],[112.33197,16.28454],[112.33328,16.28035],[112.33616,16.27551],[112.33747,16.27446],[112.34113,16.27564],[112.3444,16.27851],[112.3499,16.28022],[112.35396,16.28048],[112.3571,16.28179],[112.36089,16.28545],[112.37634,16.29186]]],[[[112.52392,16.29512],[112.5235,16.30551],[112.52286,16.30721],[112.52159,16.30763],[112.51777,16.30678],[112.51502,16.30445],[112.50717,16.30212],[112.50145,16.30021],[112.49763,16.29682],[112.49403,16.29534],[112.48597,16.29322],[112.47983,16.29004],[112.47919,16.28707],[112.48067,16.28326],[112.48309,16.27829],[112.48788,16.27626],[112.49382,16.27584],[112.49827,16.27774],[112.50039,16.28029],[112.50251,16.2822],[112.50442,16.28347],[112.50823,16.28114],[112.51226,16.28029],[112.51501,16.28198],[112.5165,16.2841],[112.51586,16.28898],[112.51586,16.29131],[112.51798,16.29279],[112.52116,16.29046],[112.52265,16.29194],[112.52392,16.29512]]],[[[112.01929,16.36964],[112.01574,16.37141],[112.01264,16.37407],[112.00799,16.37429],[112.00445,16.37296],[112.00179,16.37163],[112.00046,16.36875],[111.99824,16.36676],[111.99581,16.36809],[111.99271,16.37119],[111.99027,16.37119],[111.98651,16.36964],[111.98318,16.36632],[111.97875,16.36056],[111.97632,16.35968],[111.97189,16.35901],[111.96679,16.35702],[111.96494,16.35545],[111.96361,16.35147],[111.96295,16.34583],[111.96096,16.34052],[111.95897,16.33389],[111.95911,16.32751],[111.96125,16.32468],[111.96657,16.32247],[111.97033,16.32247],[111.9741,16.32424],[111.97654,16.32645],[111.97786,16.32955],[111.98052,16.33],[111.98407,16.3269],[111.98584,16.3249],[111.98916,16.32534],[111.99226,16.32778],[111.99514,16.32867],[111.9978,16.32601],[112.00046,16.32401],[112.00356,16.32446],[112.00688,16.32689],[112.01109,16.32822],[112.01397,16.32734],[112.01529,16.3249],[112.01839,16.32313],[112.0226,16.32357],[112.02548,16.32667],[112.02881,16.33176],[112.03124,16.33221],[112.03323,16.3311],[112.03523,16.3249],[112.03944,16.32357],[112.0432,16.32423],[112.04697,16.32689],[112.05007,16.32844],[112.05317,16.32556],[112.05605,16.32423],[112.06203,16.32445],[112.06712,16.32755],[112.0813,16.3404],[112.08462,16.34394],[112.08484,16.34682],[112.07997,16.35103],[112.07665,16.35191],[112.07399,16.35347],[112.07355,16.35612],[112.07222,16.36033],[112.07,16.3621],[112.06602,16.36321],[112.06181,16.36232],[112.05871,16.3641],[112.05716,16.36764],[112.05517,16.37008],[112.05096,16.37008],[112.04697,16.36919],[112.04387,16.36631],[112.04077,16.3672],[112.03568,16.37097],[112.03058,16.37362],[112.02748,16.37362],[112.02482,16.37207],[112.02216,16.36919],[112.01929,16.36964]]],[[[112.50391,16.34097],[112.50614,16.34474],[112.5074,16.34585],[112.51619,16.34767],[112.51758,16.34948],[112.51814,16.35325],[112.518,16.35897],[112.51535,16.35897],[112.51326,16.35813],[112.50935,16.35771],[112.50656,16.3552],[112.50335,16.35269],[112.48954,16.34781],[112.48717,16.34655],[112.48675,16.34502],[112.48996,16.34348],[112.49568,16.34041],[112.49773,16.33991],[112.50112,16.33985],[112.50391,16.34097]]],[[[112.51159,16.37683],[112.51005,16.37892],[112.50573,16.37948],[112.50071,16.37934],[112.49833,16.37878],[112.49568,16.37529],[112.49401,16.37404],[112.48899,16.3746],[112.4862,16.37404],[112.48215,16.37041],[112.48075,16.3679],[112.4795,16.36092],[112.47992,16.35981],[112.48131,16.35953],[112.4848,16.36023],[112.48759,16.36148],[112.49722,16.3626],[112.50029,16.36427],[112.50461,16.3658],[112.51242,16.36762],[112.51424,16.36845],[112.51424,16.37041],[112.51159,16.37683]]],[[[112.66624,16.37598],[112.66664,16.3806],[112.66583,16.39206],[112.66403,16.39408],[112.6596,16.39428],[112.65719,16.39327],[112.65779,16.39026],[112.66061,16.38442],[112.66322,16.37698],[112.66463,16.37517],[112.66624,16.37598]]],[[[111.52852,16.43485],[111.51946,16.43679],[111.51024,16.43889],[111.50376,16.44116],[111.50101,16.44084],[111.50166,16.43485],[111.50279,16.43356],[111.50603,16.43161],[111.50862,16.43097],[111.51315,16.43097],[111.51638,16.43016],[111.51832,16.42579],[111.52124,16.4253],[111.52609,16.42563],[111.52916,16.42773],[111.53062,16.42805],[111.53175,16.42627],[111.53353,16.42498],[111.5379,16.4232],[111.5413,16.42417],[111.54356,16.4274],[111.54421,16.42902],[111.54178,16.43032],[111.52852,16.43485]]],[[[112.6413,16.35989],[112.64673,16.3627],[112.65055,16.36492],[112.65115,16.36874],[112.65397,16.40252],[112.65276,16.40494],[112.63828,16.40635],[112.63426,16.40595],[112.63074,16.40407],[112.62944,16.39971],[112.62984,16.39589],[112.62883,16.39307],[112.62702,16.38966],[112.62783,16.38704],[112.62782,16.38201],[112.62963,16.37859],[112.63265,16.37397],[112.63426,16.37115],[112.63305,16.36572],[112.63446,16.36291],[112.63868,16.35909],[112.6413,16.35989]]],[[[111.51493,16.45669],[111.51299,16.45847],[111.50943,16.45879],[111.50587,16.45879],[111.50263,16.45685],[111.50081,16.45338],[111.50231,16.452],[111.51461,16.45022],[111.52561,16.44763],[111.53224,16.44456],[111.54082,16.44326],[111.54502,16.44326],[111.54648,16.44472],[111.54486,16.45086],[111.5426,16.45362],[111.53985,16.45523],[111.53645,16.45475],[111.53273,16.45265],[111.53111,16.45345],[111.52868,16.45588],[111.52528,16.45653],[111.5214,16.45621],[111.51978,16.45475],[111.51671,16.45426],[111.51493,16.45669]]],[[[111.6112,16.44859],[111.6044,16.45248],[111.59696,16.45766],[111.59291,16.46121],[111.58628,16.46558],[111.58143,16.46736],[111.57771,16.47125],[111.57593,16.474],[111.57221,16.47594],[111.5701,16.47529],[111.5701,16.47141],[111.57043,16.46494],[111.57188,16.45992],[111.57431,16.45636],[111.57576,16.4562],[111.57965,16.45507],[111.58094,16.45377],[111.58191,16.44892],[111.5845,16.44665],[111.58757,16.44584],[111.59194,16.44698],[111.59777,16.44762],[111.60181,16.44714],[111.60408,16.44617],[111.60586,16.44293],[111.60974,16.44018],[111.61293,16.43891],[111.61556,16.43824],[111.61815,16.43872],[111.61961,16.43986],[111.61993,16.44147],[111.61686,16.44325],[111.6112,16.44859]]],[[[112.56046,16.43612],[112.56167,16.44336],[112.56106,16.44597],[112.55865,16.44637],[112.55704,16.44436],[112.55061,16.44316],[112.54759,16.44074],[112.54276,16.43733],[112.53874,16.43592],[112.5325,16.43331],[112.52949,16.43049],[112.52426,16.42788],[112.51963,16.42687],[112.51621,16.42406],[112.51561,16.42204],[112.51742,16.42023],[112.52003,16.41682],[112.52808,16.4134],[112.5325,16.4136],[112.53451,16.41702],[112.53773,16.42164],[112.53994,16.42285],[112.54115,16.42063],[112.54517,16.42043],[112.5494,16.42305],[112.55101,16.42586],[112.55282,16.43129],[112.55282,16.43411],[112.55402,16.43431],[112.55624,16.4319],[112.55885,16.4325],[112.56046,16.43612]]],[[[111.61858,16.45852],[111.6201,16.45943],[111.62026,16.46526],[111.62058,16.46882],[111.61864,16.47496],[111.61557,16.4761],[111.61298,16.47675],[111.6112,16.48095],[111.6099,16.48532],[111.60651,16.48759],[111.60343,16.48823],[111.60004,16.48742],[111.59712,16.48613],[111.59648,16.485],[111.5968,16.48257],[111.60602,16.47286],[111.61282,16.46526],[111.61573,16.46089],[111.61702,16.45846],[111.61858,16.45852]]],[[[112.66162,16.4343],[112.66524,16.44315],[112.66463,16.44757],[112.66303,16.4526],[112.659,16.45441],[112.65317,16.45461],[112.65015,16.45341],[112.64695,16.45131],[112.64714,16.44818],[112.65116,16.44476],[112.65317,16.44154],[112.65357,16.43812],[112.65981,16.4343],[112.66162,16.4343]]],[[[111.59421,16.49098],[111.59583,16.49163],[111.59664,16.49341],[111.59534,16.49519],[111.59292,16.49568],[111.59081,16.49568],[111.58871,16.49471],[111.58839,16.49309],[111.58936,16.49179],[111.59162,16.49082],[111.59421,16.49098]]],[[[112.51924,16.49022],[112.51803,16.49243],[112.51542,16.49444],[112.5124,16.49967],[112.50999,16.5053],[112.50717,16.50551],[112.50617,16.5039],[112.50476,16.50048],[112.50375,16.49646],[112.50556,16.49304],[112.50999,16.49163],[112.51542,16.48881],[112.51823,16.48821],[112.51924,16.49022]]],[[[112.57555,16.47614],[112.57897,16.47714],[112.58057,16.48036],[112.58279,16.48277],[112.59164,16.4876],[112.59284,16.49283],[112.59405,16.49665],[112.59184,16.50107],[112.58943,16.50228],[112.58581,16.50308],[112.58259,16.50208],[112.57615,16.49685],[112.57032,16.49363],[112.56589,16.49022],[112.56328,16.4868],[112.56529,16.48378],[112.56549,16.48076],[112.5665,16.47795],[112.57032,16.47533],[112.57555,16.47614]]],[[[112.54076,16.49987],[112.54257,16.50731],[112.54277,16.51013],[112.54116,16.51174],[112.53834,16.51274],[112.53674,16.51455],[112.53674,16.51878],[112.53714,16.52219],[112.53533,16.52421],[112.5303,16.52642],[112.52427,16.52682],[112.51944,16.52481],[112.51763,16.523],[112.51763,16.52119],[112.52045,16.51858],[112.52547,16.51234],[112.52929,16.50611],[112.53131,16.50229],[112.53231,16.49967],[112.53492,16.49746],[112.53673,16.49686],[112.54076,16.49987]]],[[[111.74826,16.55057],[111.74273,16.55564],[111.73583,16.5561],[111.73075,16.55317],[111.73076,16.54597],[111.73536,16.53538],[111.73997,16.52386],[111.74043,16.51649],[111.74641,16.50268],[111.75148,16.49208],[111.75148,16.48425],[111.74917,16.47781],[111.7395,16.46537],[111.72753,16.45202],[111.72292,16.44557],[111.72476,16.4382],[111.73167,16.43866],[111.73858,16.44234],[111.74411,16.45248],[111.75009,16.4534],[111.75562,16.45892],[111.75746,16.46399],[111.76115,16.46767],[111.76483,16.4755],[111.76299,16.48057],[111.76668,16.48563],[111.7699,16.49576],[111.77082,16.51188],[111.77635,16.52063],[111.77819,16.52616],[111.77451,16.52985],[111.77313,16.53768],[111.77267,16.54228],[111.76622,16.54735],[111.75563,16.54735],[111.74826,16.55057]]],[[[111.66785,16.56881],[111.6691,16.58329],[111.6686,16.58578],[111.66661,16.58678],[111.66336,16.58753],[111.65986,16.58703],[111.65487,16.58504],[111.65237,16.58104],[111.64988,16.57655],[111.64588,16.57405],[111.64114,16.57081],[111.64064,16.56781],[111.64189,16.56432],[111.64538,16.56182],[111.64888,16.56182],[111.65062,16.55907],[111.65312,16.55408],[111.65587,16.55358],[111.66061,16.55483],[111.66422,16.55729],[111.66785,16.56881]]],[[[111.70205,16.55932],[111.7058,16.56007],[111.70904,16.56206],[111.71079,16.56556],[111.71129,16.5688],[111.71054,16.5718],[111.70879,16.57579],[111.71129,16.58104],[111.71079,16.58478],[111.7073,16.58803],[111.7028,16.58977],[111.70006,16.58928],[111.69931,16.58553],[111.69806,16.5738],[111.69706,16.56256],[111.69747,16.55873],[111.70205,16.55932]]],[[[112.7124,16.55977],[112.71305,16.56239],[112.71131,16.5687],[112.7137,16.57914],[112.71066,16.59111],[112.71131,16.59698],[112.71175,16.6046],[112.71022,16.61178],[112.7087,16.61482],[112.70413,16.61504],[112.69913,16.61352],[112.69478,16.61134],[112.69282,16.6059],[112.69303,16.60242],[112.69586,16.59959],[112.69869,16.59568],[112.69869,16.59459],[112.69673,16.59285],[112.69412,16.59002],[112.6939,16.58632],[112.69564,16.58327],[112.69869,16.58197],[112.70152,16.5811],[112.70087,16.57892],[112.69717,16.57784],[112.69521,16.57392],[112.69673,16.56761],[112.69847,16.5626],[112.7013,16.56021],[112.71,16.55847],[112.7124,16.55977]]],[[[112.70849,16.64246],[112.70239,16.64398],[112.69761,16.64724],[112.69434,16.65007],[112.68782,16.65268],[112.68281,16.65551],[112.67999,16.6566],[112.6789,16.65551],[112.67824,16.65312],[112.67803,16.64855],[112.6789,16.64529],[112.68695,16.64181],[112.69173,16.64224],[112.695,16.64159],[112.69783,16.63789],[112.70065,16.63571],[112.70457,16.63462],[112.70805,16.63484],[112.70979,16.63353],[112.71305,16.6294],[112.71741,16.62657],[112.7248,16.62744],[112.7272,16.62962],[112.72676,16.63158],[112.72219,16.63419],[112.71806,16.63723],[112.70849,16.64246]]],[[[112.71478,16.65744],[112.71626,16.66604],[112.71478,16.67464],[112.70885,16.67897],[112.69403,16.67473],[112.697,16.66468],[112.70589,16.65604],[112.71478,16.65744]]],[[[112.72089,16.68249],[112.71981,16.68532],[112.71719,16.68793],[112.71023,16.68858],[112.70827,16.69076],[112.70588,16.69555],[112.70414,16.6975],[112.69761,16.69859],[112.69326,16.69816],[112.68826,16.69642],[112.6863,16.69468],[112.68717,16.69337],[112.68913,16.69207],[112.69283,16.6912],[112.69957,16.68815],[112.70088,16.68554],[112.70719,16.68249],[112.71349,16.68031],[112.72242,16.67531],[112.72764,16.67161],[112.73438,16.66791],[112.73612,16.66856],[112.7359,16.6703],[112.73351,16.67618],[112.7296,16.68053],[112.72677,16.68118],[112.72307,16.68118],[112.72089,16.68249]]],[[[112.22685,16.73777],[112.22763,16.73971],[112.22413,16.74341],[112.21907,16.74847],[112.20799,16.76033],[112.20468,16.76266],[112.2008,16.75877],[112.19963,16.75508],[112.19963,16.75061],[112.2006,16.74827],[112.20468,16.74691],[112.21227,16.74613],[112.21363,16.7403],[112.21538,16.73777],[112.21829,16.73699],[112.22685,16.73777]]],[[[112.27015,16.75062],[112.27817,16.7541],[112.28191,16.76024],[112.28378,16.76746],[112.28111,16.77654],[112.24477,16.79418],[112.23434,16.79445],[112.229,16.79231],[112.22339,16.78483],[112.22312,16.77949],[112.22392,16.77388],[112.22846,16.76933],[112.2477,16.7565],[112.26133,16.75009],[112.27015,16.75062]]],[[[112.30486,16.81204],[112.31128,16.81963],[112.31646,16.83146],[112.31997,16.84008],[112.32563,16.84467],[112.32914,16.84898],[112.33129,16.85303],[112.33076,16.8595],[112.32968,16.86462],[112.31943,16.8711],[112.31053,16.8684],[112.29085,16.84359],[112.29219,16.84088],[112.29165,16.8382],[112.29327,16.83496],[112.29489,16.83119],[112.29219,16.82741],[112.29273,16.82337],[112.29381,16.8169],[112.29704,16.81285],[112.3019,16.8115],[112.30486,16.81204]]],[[[112.36449,16.82626],[112.36769,16.83037],[112.37021,16.83449],[112.37044,16.83837],[112.36952,16.84112],[112.36541,16.84363],[112.36335,16.84775],[112.36244,16.85529],[112.36015,16.85918],[112.35718,16.86124],[112.3565,16.86444],[112.35718,16.86924],[112.35558,16.87404],[112.35193,16.87953],[112.3501,16.87998],[112.34964,16.87815],[112.34941,16.87175],[112.35055,16.86855],[112.35055,16.86558],[112.34918,16.86101],[112.35055,16.85621],[112.35421,16.85209],[112.35489,16.84752],[112.35467,16.84386],[112.35878,16.83769],[112.35878,16.83312],[112.35786,16.82854],[112.36038,16.82443],[112.36449,16.82626]]],[[[112.2264,16.88917],[112.22236,16.89295],[112.21292,16.89915],[112.20537,16.90185],[112.19809,16.90643],[112.19189,16.91075],[112.18838,16.91264],[112.18488,16.91129],[112.18191,16.90374],[112.18137,16.89942],[112.18569,16.89511],[112.19162,16.89268],[112.19404,16.89106],[112.19539,16.88702],[112.19593,16.88378],[112.19755,16.88189],[112.20186,16.88216],[112.20726,16.88405],[112.20995,16.88459],[112.21265,16.88297],[112.21535,16.88054],[112.21912,16.8765],[112.22397,16.87515],[112.22883,16.87515],[112.23368,16.87623],[112.23723,16.88113],[112.2264,16.88917]]],[[[112.32159,16.90211],[112.32483,16.90238],[112.32429,16.90507],[112.30487,16.92098],[112.29867,16.92557],[112.29733,16.92503],[112.29706,16.9226],[112.29801,16.91398],[112.30191,16.90939],[112.30595,16.90777],[112.30838,16.9075],[112.30919,16.90211],[112.31377,16.90157],[112.32159,16.90211]]],[[[112.23935,16.928],[112.23908,16.9307],[112.20915,16.93879],[112.20699,16.93879],[112.20672,16.93582],[112.20861,16.93043],[112.21832,16.92719],[112.22775,16.92612],[112.23746,16.92557],[112.23935,16.928]]],[[[112.33588,16.91181],[112.33777,16.9199],[112.33562,16.92206],[112.33535,16.92557],[112.33697,16.93473],[112.3367,16.93878],[112.33184,16.94067],[112.32726,16.9404],[112.32321,16.93905],[112.32025,16.93743],[112.3224,16.93123],[112.32591,16.92422],[112.32618,16.92017],[112.32591,16.91559],[112.32995,16.911],[112.33215,16.90816],[112.33588,16.91181]]],[[[112.28465,16.93609],[112.28519,16.93878],[112.28169,16.95604],[112.27926,16.95604],[112.2771,16.95469],[112.27117,16.94607],[112.27123,16.94274],[112.27441,16.93717],[112.27818,16.93474],[112.28196,16.93366],[112.28465,16.93609]]],[[[112.23268,16.99777],[112.22901,16.9985],[112.22292,16.99773],[112.21608,16.99615],[112.20872,16.99773],[112.20557,16.99721],[112.20031,16.99353],[112.19611,16.99195],[112.19032,16.99037],[112.18664,16.98407],[112.18454,16.97776],[112.17928,16.97566],[112.17455,16.97093],[112.17455,16.96462],[112.18296,16.95726],[112.19637,16.95313],[112.21983,16.94968],[112.22497,16.95445],[112.22901,16.95665],[112.23415,16.95518],[112.24149,16.95518],[112.24296,16.95885],[112.2481,16.95922],[112.25544,16.96105],[112.25911,16.96619],[112.26609,16.96619],[112.27233,16.96913],[112.2716,16.97317],[112.26499,16.975],[112.25911,16.97757],[112.25985,16.98161],[112.26315,16.98638],[112.26646,16.98859],[112.26609,16.99189],[112.26132,16.9952],[112.25434,16.99593],[112.247,16.9963],[112.24113,16.99299],[112.23709,16.99299],[112.23268,16.99777]]],[[[111.53957,17.08659],[111.54015,17.09363],[111.53939,17.09458],[111.53786,17.09477],[111.51407,17.08278],[111.51388,17.08183],[111.5154,17.08069],[111.52225,17.07783],[111.52416,17.07859],[111.52853,17.08487],[111.5293,17.08564],[111.53158,17.08525],[111.53482,17.08373],[111.5371,17.0843],[111.53957,17.08659]]],[[[111.49599,17.10848],[111.49446,17.10962],[111.48723,17.1121],[111.48514,17.11153],[111.48381,17.11039],[111.48209,17.10772],[111.47943,17.10734],[111.47714,17.10829],[111.47429,17.10734],[111.46839,17.1043],[111.46572,17.10144],[111.46458,17.0982],[111.4621,17.09573],[111.4562,17.09402],[111.45182,17.09192],[111.44973,17.08869],[111.44668,17.07118],[111.44821,17.06737],[111.45049,17.06585],[111.4543,17.06528],[111.45753,17.06527],[111.49408,17.09877],[111.4958,17.10125],[111.49599,17.10848]]],[[[111.53577,17.11742],[111.53368,17.11971],[111.53025,17.12009],[111.52625,17.12028],[111.52302,17.118],[111.52054,17.1159],[111.51826,17.11685],[111.5154,17.11704],[111.50512,17.11229],[111.50417,17.11038],[111.5055,17.10962],[111.51445,17.11],[111.53653,17.11285],[111.53729,17.11419],[111.53577,17.11742]]]]},"properties":{"a01_tinh":"diaphanhanhchinhcaptinh_sn.132","a02_xa":"diaphanhanhchinhcapxa_2025.3293","a03_ten":"Đặc khu Hoàng Sa","a04_tentinh":"Thành phố Đà Nẵng","a05_truocsn":"Huyện Hoàng Sa","a06_trungtamhc":"Đường Hoàng Sa, phường Sơn Trà","a07_dt":"350","a08_ds":null,"a09_dthoai":null,"a10_web":null,"ten":"Đặc khu Hoàng Sa","ma":"20333","tentinh":"Thành Phố Đà Nẵng","truocsapnhap":"Huyện Hoàng Sa","dientichkm2":null,"dansonguoi":null},"id":"diaphanhanhchinhcapxa_2025.3293"},
{"type":"Feature","geometry":{"type":"Polygon","coordinates":[[[108.24756,16.07996],[108.24647,16.07979],[108.24485,16.08041],[108.24596,16.08321],[108.2426,16.08449],[108.24213,16.08283],[108.23968,16.08385],[108.24001,16.08596],[108.23678,16.08893],[108.2326,16.08466],[108.23193,16.0854],[108.22963,16.08353],[108.22956,16.07876],[108.22643,16.07873],[108.2271,16.06583],[108.22687,16.05678],[108.22685,16.05403],[108.22884,16.05106],[108.23185,16.05148],[108.23435,16.05122],[108.23555,16.05186],[108.23664,16.0532],[108.23818,16.05394],[108.2479,16.05671],[108.24698,16.06094],[108.24666,16.06381],[108.24673,16.07366],[108.24724,16.07623],[108.24756,16.07996]]]},"properties":{"a01_tinh":"diaphanhanhchinhcaptinh_sn.132","a02_xa":"diaphanhanhchinhcapxa_2025.1909","a03_ten":"Phường An Hải","a04_tentinh":"Thành phố Đà Nẵng","a05_truocsn":"Phường Phước Mỹ, Phường An Hải Bắc, Phường An Hải Nam","a06_trungtamhc":"Số 289 đường Nguyễn Công Trứ, phường An Hải","a07_dt":"7.37","a08_ds":"82635","a09_dthoai":null,"a10_web":null,"ten":"Phường An Hải","ma":"20275","tentinh":"Thành Phố Đà Nẵng","truocsapnhap":"Phường Phước Mỹ, Phường An Hải Bắc, Phường An Hải Nam","dientichkm2":null,"dansonguoi":null},"id":"diaphanhanhchinhcapxa_2025.1909"},
{"type":"Feature","geometry":{"type":"Polygon","coordinates":[[[108.18883,16.0528],[108.18338,16.06524],[108.17881,16.06203],[108.17331,16.05824],[108.17365,16.05702],[108.17122,16.05605],[108.17149,16.05423],[108.1704,16.05399],[108.17187,16.05074],[108.17097,16.05044],[108.17151,16.04883],[108.1712,16.04787],[108.17183,16.04586],[108.16872,16.04248],[108.16754,16.04064],[108.16598,16.04011],[108.16325,16.03758],[108.16221,16.03497],[108.16348,16.0327],[108.16339,16.03156],[108.16426,16.0301],[108.16464,16.02804],[108.16396,16.0272],[108.16215,16.02664],[108.16026,16.02398],[108.16262,16.02409],[108.16544,16.02188],[108.16541,16.02054],[108.16651,16.01862],[108.16911,16.01752],[108.17065,16.01573],[108.17391,16.01708],[108.17627,16.01964],[108.17813,16.01981],[108.1799,16.01676],[108.1826,16.01604],[108.18562,16.01723],[108.18604,16.01849],[108.18724,16.01936],[108.1888,16.01841],[108.19018,16.01873],[108.19193,16.01424],[108.19292,16.01423],[108.19313,16.01569],[108.19494,16.01793],[108.19491,16.01914],[108.19672,16.01924],[108.19709,16.02066],[108.19879,16.0213],[108.19843,16.02272],[108.1974,16.02269],[108.19586,16.02135],[108.194,16.02192],[108.19278,16.02314],[108.1913,16.02536],[108.18905,16.03205],[108.18911,16.03269],[108.19135,16.03386],[108.1964,16.03567],[108.18883,16.0528]]]},"properties":{"a01_tinh":"diaphanhanhchinhcaptinh_sn.132","a02_xa":"diaphanhanhchinhcapxa_2025.1905","a03_ten":"Phường An Khê","a04_tentinh":"Thành phố Đà Nẵng","a05_truocsn":"Phường Hòa An, Phường Hòa Phát, Phường An Khê","a06_trungtamhc":"Số 916 đường Tôn Đản, phường An Khê","a07_dt":"12.36","a08_ds":"93625","a09_dthoai":null,"a10_web":null,"ten":"Phường An Khê","ma":"20305","tentinh":"Thành Phố Đà Nẵng","truocsapnhap":"Phường Hòa An, Phường Hòa Phát, Phường An Khê","dientichkm2":null,"dansonguoi":null},"id":"diaphanhanhchinhcapxa_2025.1905"},
{"type":"Feature","geometry":{"type":"Polygon","coordinates":[[[108.23561,15.93082],[108.23415,15.93184],[108.23265,15.93096],[108.23107,15.92899],[108.2271,15.92919],[108.22674,15.9305],[108.22778,15.93238],[108.22673,15.93449],[108.22607,15.93416],[108.22411,15.93495],[108.22272,15.93499],[108.22162,15.93703],[108.21729,15.93874],[108.21429,15.9385],[108.21309,15.93804],[108.21078,15.93801],[108.20973,15.93632],[108.20772,15.93625],[108.20803,15.9336],[108.20668,15.93263],[108.20436,15.93276],[108.20285,15.93119],[108.20241,15.92808],[108.20298,15.92803],[108.20202,15.92453],[108.20258,15.92305],[108.20231,15.92046],[108.20391,15.92058],[108.20394,15.91785],[108.20494,15.91735],[108.20665,15.91455],[108.21275,15.91429],[108.21327,15.91228],[108.21137,15.91038],[108.21222,15.90879],[108.21326,15.90981],[108.21413,15.90937],[108.21435,15.90772],[108.21531,15.90567],[108.21635,15.90191],[108.21281,15.90112],[108.21297,15.9003],[108.21085,15.89961],[108.21095,15.89846],[108.21677,15.89847],[108.21841,15.89877],[108.2211,15.89999],[108.22177,15.89765],[108.22078,15.89749],[108.22196,15.89504],[108.22226,15.89224],[108.22109,15.88945],[108.21731,15.8886],[108.21733,15.88709],[108.21302,15.88631],[108.21407,15.88486],[108.21273,15.88349],[108.21283,15.88101],[108.21484,15.8808],[108.21526,15.88001],[108.21957,15.87934],[108.22041,15.88241],[108.22442,15.88419],[108.2247,15.88333],[108.22632,15.88322],[108.22594,15.88132],[108.22671,15.87799],[108.22598,15.8767],[108.22419,15.87664],[108.2207,15.87739],[108.21904,15.87691],[108.21885,15.8755],[108.22175,15.87509],[108.22628,15.87318],[108.22796,15.87277],[108.22892,15.87581],[108.23017,15.87612],[108.23267,15.87785],[108.23352,15.88022],[108.2359,15.88151],[108.23936,15.88508],[108.24252,15.88937],[108.24189,15.89007],[108.24222,15.8917],[108.2412,15.89249],[108.23893,15.89245],[108.23889,15.89505],[108.24247,15.89504],[108.24361,15.89712],[108.24665,15.89756],[108.24849,15.89693],[108.24865,15.89934],[108.2479,15.90116],[108.24751,15.90682],[108.24023,15.90687],[108.23825,15.90674],[108.23707,15.90919],[108.23868,15.91009],[108.2393,15.91135],[108.23887,15.91253],[108.24662,15.91228],[108.24651,15.91411],[108.23855,15.91339],[108.23682,15.91802],[108.24355,15.92132],[108.24224,15.92561],[108.24663,15.92675],[108.24693,15.92974],[108.2414,15.92772],[108.23949,15.92776],[108.23907,15.93056],[108.23746,15.93135],[108.23561,15.93082]]]},"properties":{"a01_tinh":"diaphanhanhchinhcaptinh_sn.132","a02_xa":"diaphanhanhchinhcapxa_2025.1939","a03_ten":"Phường An Thắng","a04_tentinh":"Thành phố Đà Nẵng","a05_truocsn":"Phường Điện An, Phường Điện Thắng Nam, Phường Điện Thắng Trung","a06_trungtamhc":"Khối phố Phong Nhị, phường An Thắng","a07_dt":"19.64","a08_ds":"34176","a09_dthoai":null,"a10_web":null,"ten":"Phường An Thắng","ma":"20575","tentinh":"Thành Phố Đà Nẵng","truocsapnhap":"Phường Điện An, Phường Điện Thắng Nam, Phường Điện Thắng Trung","dientichkm2":null,"dansonguoi":null},"id":"diaphanhanhchinhcapxa_2025.1939"},
{"type":"Feature","geometry":{"type":"Polygon","coordinates":[[[108.48899,15.57114],[108.4929,15.57313],[108.49307,15.57396],[108.49188,15.57672],[108.49229,15.57724],[108.49201,15.57976],[108.49143,15.58064],[108.49171,15.58242],[108.49295,15.5837],[108.48998,15.58578],[108.48562,15.58764],[108.48321,15.58779],[108.48105,15.58722],[108.47853,15.58713],[108.4769,15.58933],[108.47581,15.59017],[108.47153,15.59085],[108.47297,15.59288],[108.47307,15.59437],[108.47244,15.59508],[108.47346,15.59757],[108.4734,15.59915],[108.47593,15.60252],[108.47539,15.60368],[108.47826,15.60514],[108.47989,15.60526],[108.48295,15.60686],[108.4857,15.60675],[108.48947,15.60471],[108.49433,15.60977],[108.49539,15.60967],[108.49708,15.61109],[108.49824,15.61331],[108.5,15.61746],[108.50181,15.61902],[108.50767,15.62252],[108.51157,15.61581],[108.51645,15.61101],[108.52422,15.61709],[108.52254,15.61918],[108.52091,15.62183],[108.51844,15.62798],[108.51814,15.63111],[108.51762,15.63255],[108.51379,15.63514],[108.51043,15.63667],[108.50787,15.63883],[108.50613,15.64238],[108.50292,15.64113],[108.49212,15.63251],[108.48986,15.63033],[108.48934,15.63121],[108.48482,15.63594],[108.482,15.63468],[108.48052,15.63461],[108.47572,15.63233],[108.47241,15.63201],[108.4672,15.63076],[108.46315,15.62999],[108.4592,15.63093],[108.45823,15.6303],[108.4559,15.63008],[108.45425,15.63195],[108.45131,15.63029],[108.44945,15.63006],[108.44836,15.63129],[108.44686,15.63131],[108.44575,15.63059],[108.44356,15.63362],[108.44179,15.63157],[108.44384,15.62964],[108.44241,15.62883],[108.44323,15.62781],[108.44487,15.62693],[108.4446,15.62566],[108.44677,15.62366],[108.44713,15.62079],[108.44871,15.61939],[108.45039,15.61713],[108.4515,15.61472],[108.45264,15.61413],[108.45331,15.61206],[108.45345,15.61026],[108.45438,15.60857],[108.45925,15.60403],[108.46174,15.60383],[108.46418,15.60269],[108.46331,15.60185],[108.46523,15.60063],[108.46639,15.59884],[108.46382,15.59751],[108.4615,15.59449],[108.46114,15.5922],[108.45905,15.59],[108.45826,15.58703],[108.45746,15.58625],[108.45683,15.58439],[108.45517,15.5836],[108.45567,15.58121],[108.45489,15.57906],[108.45367,15.57718],[108.45431,15.57611],[108.45274,15.57468],[108.4505,15.57451],[108.45013,15.57142],[108.44853,15.57035],[108.44923,15.56951],[108.44866,15.56804],[108.44975,15.56576],[108.44943,15.56272],[108.44818,15.56128],[108.44762,15.55914],[108.44784,15.55816],[108.44602,15.55733],[108.44508,15.55524],[108.44653,15.55243],[108.44757,15.55133],[108.44936,15.5511],[108.45046,15.55039],[108.45323,15.5538],[108.45498,15.55395],[108.45609,15.55296],[108.45836,15.54999],[108.45982,15.55089],[108.45852,15.55228],[108.45766,15.55416],[108.45668,15.55505],[108.45849,15.55599],[108.45963,15.55473],[108.46165,15.55704],[108.46487,15.55802],[108.46936,15.55897],[108.46887,15.56121],[108.47211,15.56158],[108.47299,15.56295],[108.46848,15.56538],[108.4741,15.57256],[108.48237,15.57363],[108.48439,15.57212],[108.48577,15.57352],[108.48665,15.57345],[108.48899,15.57114]]]},"properties":{"a01_tinh":"diaphanhanhchinhcaptinh_sn.132","a02_xa":"diaphanhanhchinhcapxa_2025.1971","a03_ten":"Phường Bàn Thạch","a04_tentinh":"Thành phố Đà Nẵng","a05_truocsn":"Phường Tân Thạnh, Phường Hòa Thuận, Xã Tam Thăng","a06_trungtamhc":"Số 268 đường Trưng Nữ Vương, phường Bàn Thạch","a07_dt":"34.77","a08_ds":"368","a09_dthoai":null,"a10_web":null,"ten":"Phường Bàn Thạch","ma":"20335","tentinh":"Thành Phố Đà Nẵng","truocsapnhap":"Phường Tân Thạnh, Phường Hòa Thuận, Xã Tam Thăng","dientichkm2":null,"dansonguoi":null},"id":"diaphanhanhchinhcapxa_2025.1971"},
{"type":"Feature","geometry":{"type":"Polygon","coordinates":[[[108.22146,16.02255],[108.21828,16.02422],[108.21798,16.02566],[108.21705,16.0272],[108.21592,16.03],[108.21489,16.03099],[108.2143,16.03591],[108.20796,16.03735],[108.20816,16.03442],[108.20745,16.03379],[108.20802,16.03152],[108.20833,16.02524],[108.20606,16.024],[108.20245,16.02347],[108.20184,16.02379],[108.19981,16.02274],[108.19843,16.02272],[108.19879,16.0213],[108.19709,16.02066],[108.19672,16.01924],[108.19491,16.01914],[108.19494,16.01793],[108.19313,16.01569],[108.19292,16.01423],[108.19193,16.01424],[108.19018,16.01873],[108.1888,16.01841],[108.18724,16.01936],[108.18604,16.01849],[108.18562,16.01723],[108.1826,16.01604],[108.1799,16.01676],[108.17813,16.01981],[108.17627,16.01964],[108.17391,16.01708],[108.17065,16.01573],[108.16829,16.01391],[108.16649,16.01193],[108.16,16.00921],[108.1592,16.00689],[108.15807,16.00072],[108.15752,15.99957],[108.15754,15.9968],[108.15804,15.99589],[108.158,15.99392],[108.15928,15.99478],[108.16145,15.99469],[108.16436,15.99377],[108.16828,15.99341],[108.16823,15.99408],[108.17011,15.99505],[108.17124,15.99507],[108.17348,15.9939],[108.17702,15.99416],[108.1821,15.99352],[108.18421,15.99372],[108.18638,15.99514],[108.18524,15.99608],[108.18396,15.99613],[108.18338,15.99753],[108.18743,15.99845],[108.18849,15.99795],[108.18975,15.99898],[108.1976,16.00169],[108.2003,16.00333],[108.20172,16.00481],[108.20437,16.00626],[108.20717,16.00832],[108.21039,16.01146],[108.21481,16.01695],[108.22071,16.02164],[108.22146,16.02255]]]},"properties":{"a01_tinh":"diaphanhanhchinhcaptinh_sn.132","a02_xa":"diaphanhanhchinhcapxa_2025.1902","a03_ten":"Phường Cẩm Lệ","a04_tentinh":"Thành phố Đà Nẵng","a05_truocsn":"Phường Hòa Thọ Tây, Phường Hòa Thọ Đông, Phường Khuê Trung","a06_trungtamhc":"Số 135 đường Ông Ích Đường, phường Cẩm Lệ","a07_dt":"14.05","a08_ds":"78837","a09_dthoai":null,"a10_web":null,"ten":"Phường Cẩm Lệ","ma":"20260","tentinh":"Thành Phố Đà Nẵng","truocsapnhap":"Phường Hòa Thọ Tây, Phường Hòa Thọ Đông, Phường Khuê Trung","dientichkm2":null,"dansonguoi":null},"id":"diaphanhanhchinhcapxa_2025.1902"},
{"type":"Feature","geometry":{"type":"Polygon","coordinates":[[[108.28959,15.88639],[108.28755,15.88778],[108.28482,15.88851],[108.28472,15.88929],[108.28208,15.88931],[108.27718,15.89033],[108.27715,15.8889],[108.27195,15.88865],[108.27011,15.8883],[108.2683,15.88853],[108.26759,15.89118],[108.26594,15.89086],[108.26472,15.89236],[108.26455,15.89368],[108.26259,15.89616],[108.2625,15.8971],[108.26048,15.89855],[108.26102,15.9004],[108.25855,15.90099],[108.25888,15.90258],[108.25833,15.90488],[108.25706,15.90392],[108.25681,15.90296],[108.2555,15.90243],[108.25487,15.90356],[108.25362,15.90276],[108.25183,15.90339],[108.2508,15.90231],[108.24942,15.89932],[108.24865,15.89934],[108.24849,15.89693],[108.24665,15.89756],[108.24361,15.89712],[108.24247,15.89504],[108.23889,15.89505],[108.23893,15.89245],[108.2412,15.89249],[108.24222,15.8917],[108.24189,15.89007],[108.24252,15.88937],[108.23936,15.88508],[108.2359,15.88151],[108.23702,15.88002],[108.23938,15.88012],[108.24135,15.87958],[108.24307,15.87745],[108.2435,15.87576],[108.24311,15.87413],[108.24195,15.87307],[108.23936,15.87228],[108.23822,15.86857],[108.23925,15.86639],[108.24835,15.86944],[108.24976,15.86695],[108.25066,15.86746],[108.25221,15.86619],[108.26288,15.86015],[108.27189,15.86226],[108.27362,15.86394],[108.27682,15.86573],[108.27788,15.86516],[108.28142,15.86712],[108.28355,15.86756],[108.28762,15.86751],[108.30585,15.86788],[108.30944,15.86796],[108.31159,15.87059],[108.3131,15.87401],[108.31319,15.8752],[108.30978,15.87247],[108.30885,15.87283],[108.30541,15.87263],[108.30309,15.87309],[108.3044,15.87534],[108.30274,15.87618],[108.29648,15.87612],[108.29714,15.87769],[108.29652,15.88058],[108.29533,15.88206],[108.2929,15.88437],[108.28959,15.88639]]]},"properties":{"a01_tinh":"diaphanhanhchinhcaptinh_sn.132","a02_xa":"diaphanhanhchinhcapxa_2025.1948","a03_ten":"Phường Điện Bàn","a04_tentinh":"Thành phố Đà Nẵng","a05_truocsn":"Phường Điện Phương, Phường Điện Minh, Phường Vĩnh Điện","a06_trungtamhc":"Số 22 đường Hoàng Diệu, khối 3, phường Điện Bàn","a07_dt":"19.78","a08_ds":"4127","a09_dthoai":null,"a10_web":null,"ten":"Phường Điện Bàn","ma":"20551","tentinh":"Thành Phố Đà Nẵng","truocsapnhap":"Phường Điện Phương, Phường Điện Minh, Phường Vĩnh Điện","dientichkm2":null,"dansonguoi":null},"id":"diaphanhanhchinhcapxa_2025.1948"},
{"type":"Feature","geometry":{"type":"Polygon","coordinates":[[[108.22256,15.94754],[108.22208,15.94701],[108.21943,15.9461],[108.21812,15.94689],[108.21786,15.94943],[108.21617,15.94932],[108.21651,15.9462],[108.21453,15.94561],[108.21274,15.94372],[108.2109,15.9436],[108.2085,15.94567],[108.2059,15.94691],[108.20599,15.94814],[108.20477,15.9486],[108.20565,15.95112],[108.20448,15.95147],[108.20551,15.9547],[108.20311,15.95697],[108.20436,15.95835],[108.20509,15.9607],[108.2049,15.96223],[108.20274,15.96391],[108.19781,15.96296],[108.19737,15.96448],[108.19523,15.9642],[108.19514,15.96289],[108.19153,15.96312],[108.19127,15.96197],[108.1891,15.96248],[108.18808,15.96201],[108.18647,15.96219],[108.18699,15.96373],[108.18641,15.96552],[108.18464,15.96551],[108.18419,15.96142],[108.18454,15.95944],[108.1838,15.95873],[108.18334,15.95699],[108.18072,15.95486],[108.18014,15.95333],[108.18013,15.95145],[108.17918,15.9512],[108.18136,15.94679],[108.18058,15.94626],[108.17924,15.94102],[108.17912,15.93961],[108.1767,15.93929],[108.17312,15.94034],[108.17195,15.9397],[108.16856,15.94158],[108.1676,15.94354],[108.16682,15.94661],[108.16571,15.94649],[108.16505,15.94916],[108.16527,15.95033],[108.16454,15.95181],[108.16233,15.9502],[108.16067,15.95024],[108.15742,15.95191],[108.15373,15.95284],[108.15141,15.95071],[108.15009,15.94767],[108.14964,15.94399],[108.14952,15.94043],[108.14858,15.93637],[108.14733,15.93445],[108.14703,15.93307],[108.14791,15.9317],[108.14887,15.93148],[108.14984,15.93243],[108.15112,15.93242],[108.15177,15.9315],[108.1525,15.9281],[108.15166,15.92541],[108.14821,15.92108],[108.1463,15.92024],[108.14096,15.91899],[108.13955,15.9183],[108.1363,15.91566],[108.13422,15.91544],[108.13324,15.91378],[108.13359,15.91154],[108.1344,15.90942],[108.13542,15.90814],[108.13787,15.90608],[108.13859,15.90449],[108.13837,15.90336],[108.13932,15.90254],[108.14015,15.90083],[108.14164,15.89858],[108.14374,15.89784],[108.14501,15.89552],[108.146,15.89513],[108.14719,15.89593],[108.14763,15.89733],[108.14755,15.89932],[108.14953,15.90055],[108.15253,15.90181],[108.15397,15.90297],[108.15514,15.90539],[108.15593,15.9061],[108.15853,15.9073],[108.16328,15.90901],[108.16678,15.90949],[108.168,15.91032],[108.16751,15.91166],[108.1678,15.91321],[108.16946,15.91551],[108.16784,15.91713],[108.16543,15.91776],[108.16346,15.91909],[108.16533,15.92159],[108.1665,15.92222],[108.16948,15.92251],[108.17486,15.92478],[108.17615,15.92658],[108.1771,15.92628],[108.17854,15.9269],[108.18122,15.92723],[108.18281,15.92706],[108.18311,15.92841],[108.18406,15.92841],[108.18337,15.9253],[108.18245,15.92402],[108.18383,15.92273],[108.18413,15.92099],[108.18536,15.9198],[108.18552,15.91794],[108.18458,15.91046],[108.18617,15.90953],[108.18773,15.90805],[108.18944,15.90706],[108.1879,15.904],[108.18793,15.90241],[108.19136,15.9028],[108.1914,15.90391],[108.19652,15.90466],[108.19861,15.90479],[108.19907,15.90068],[108.20109,15.90109],[108.20109,15.90188],[108.2063,15.90252],[108.20726,15.90156],[108.20752,15.89987],[108.20843,15.89882],[108.21036,15.90034],[108.21281,15.90112],[108.21635,15.90191],[108.21531,15.90567],[108.21435,15.90772],[108.21413,15.90937],[108.21326,15.90981],[108.21222,15.90879],[108.21137,15.91038],[108.21327,15.91228],[108.21275,15.91429],[108.20665,15.91455],[108.20494,15.91735],[108.20394,15.91785],[108.20391,15.92058],[108.20231,15.92046],[108.20258,15.92305],[108.20202,15.92453],[108.20298,15.92803],[108.20241,15.92808],[108.20285,15.93119],[108.20436,15.93276],[108.20668,15.93263],[108.20803,15.9336],[108.20772,15.93625],[108.20973,15.93632],[108.21078,15.93801],[108.21309,15.93804],[108.21429,15.9385],[108.21729,15.93874],[108.22162,15.93703],[108.22272,15.93499],[108.22411,15.93495],[108.22607,15.93416],[108.22673,15.93449],[108.22778,15.93238],[108.22674,15.9305],[108.2271,15.92919],[108.23107,15.92899],[108.23265,15.93096],[108.23415,15.93184],[108.23561,15.93082],[108.23517,15.9321],[108.23545,15.93365],[108.23628,15.93386],[108.23632,15.93637],[108.23796,15.93701],[108.23763,15.93817],[108.23649,15.93879],[108.23519,15.94184],[108.23422,15.94308],[108.23387,15.94456],[108.23363,15.94851],[108.23038,15.94972],[108.22917,15.9496],[108.22578,15.94777],[108.22408,15.94714],[108.22256,15.94754]]]},"properties":{"a01_tinh":"diaphanhanhchinhcaptinh_sn.132","a02_xa":"diaphanhanhchinhcapxa_2025.1946","a03_ten":"Phường Điện Bàn Bắc","a04_tentinh":"Thành phố Đà Nẵng","a05_truocsn":"Phường Điện Thắng Bắc, Xã Điện Hòa, Xã Điện Tiến","a06_trungtamhc":"Thôn Xóm Bùng, phường Điện Bàn Bắc","a07_dt":"36.39","a08_ds":"3078","a09_dthoai":null,"a10_web":null,"ten":"Phường Điện Bàn Bắc","ma":"20557","tentinh":"Thành Phố Đà Nẵng","truocsapnhap":"Phường Điện Thắng Bắc, Xã Điện Hòa, Xã Điện Tiến","dientichkm2":null,"dansonguoi":null},"id":"diaphanhanhchinhcapxa_2025.1946"},
{"type":"Feature","geometry":{"type":"Polygon","coordinates":[[[108.29131,15.96417],[108.27917,15.96153],[108.27505,15.96249],[108.27447,15.96182],[108.27181,15.96247],[108.26919,15.96233],[108.26874,15.96241],[108.26751,15.96403],[108.26761,15.9651],[108.26152,15.96276],[108.26058,15.9633],[108.25971,15.96539],[108.2593,15.9674],[108.25937,15.9697],[108.25998,15.9709],[108.25879,15.9716],[108.25475,15.97278],[108.24893,15.9713],[108.24454,15.96897],[108.24259,15.96766],[108.24301,15.96643],[108.24174,15.96621],[108.23907,15.9649],[108.23811,15.96483],[108.23142,15.9624],[108.23148,15.96174],[108.22927,15.96069],[108.23024,15.95789],[108.22883,15.95658],[108.22568,15.956],[108.22451,15.95646],[108.22199,15.95028],[108.22256,15.94754],[108.22408,15.94714],[108.22578,15.94777],[108.22917,15.9496],[108.23038,15.94972],[108.23363,15.94851],[108.23387,15.94456],[108.23422,15.94308],[108.23519,15.94184],[108.23649,15.93879],[108.23763,15.93817],[108.23796,15.93701],[108.23632,15.93637],[108.23628,15.93386],[108.23545,15.93365],[108.23517,15.9321],[108.23561,15.93082],[108.23746,15.93135],[108.23907,15.93056],[108.23949,15.92776],[108.2414,15.92772],[108.24693,15.92974],[108.24663,15.92675],[108.24224,15.92561],[108.24355,15.92132],[108.23682,15.91802],[108.23855,15.91339],[108.24651,15.91411],[108.24662,15.91228],[108.23887,15.91253],[108.2393,15.91135],[108.23868,15.91009],[108.23707,15.90919],[108.23825,15.90674],[108.24023,15.90687],[108.24751,15.90682],[108.2479,15.90116],[108.24865,15.89934],[108.24942,15.89932],[108.2508,15.90231],[108.25183,15.90339],[108.25362,15.90276],[108.25487,15.90356],[108.2555,15.90243],[108.25681,15.90296],[108.25706,15.90392],[108.25833,15.90488],[108.25888,15.90258],[108.25855,15.90099],[108.26102,15.9004],[108.26048,15.89855],[108.2625,15.8971],[108.26259,15.89616],[108.26455,15.89368],[108.26472,15.89236],[108.26594,15.89086],[108.26759,15.89118],[108.2683,15.88853],[108.27011,15.8883],[108.27195,15.88865],[108.27715,15.8889],[108.27718,15.89033],[108.28208,15.88931],[108.28472,15.88929],[108.28482,15.88851],[108.28755,15.88778],[108.28959,15.88639],[108.29161,15.88846],[108.29235,15.89015],[108.29271,15.89253],[108.2928,15.89772],[108.29347,15.89993],[108.2946,15.9009],[108.29637,15.90087],[108.29722,15.90191],[108.30272,15.90502],[108.30519,15.90707],[108.30634,15.90732],[108.30816,15.90943],[108.3088,15.90941],[108.31055,15.91178],[108.31322,15.91336],[108.31519,15.91284],[108.31676,15.90892],[108.32002,15.90698],[108.32226,15.90691],[108.3252,15.90781],[108.32437,15.90931],[108.32501,15.91191],[108.32603,15.91197],[108.32849,15.91118],[108.32987,15.9127],[108.32836,15.91387],[108.32734,15.91382],[108.32861,15.921],[108.32946,15.92208],[108.32353,15.9268],[108.31904,15.93079],[108.31576,15.93393],[108.30808,15.94172],[108.30079,15.95059],[108.29502,15.95856],[108.29131,15.96417]]]},"properties":{"a01_tinh":"diaphanhanhchinhcaptinh_sn.132","a02_xa":"diaphanhanhchinhcapxa_2025.1949","a03_ten":"Phường Điện Bàn Đông","a04_tentinh":"Thành phố Đà Nẵng","a05_truocsn":"Phường Điện Nam Đông, Phường Điện Nam Trung, Phường Điện Dương, Phường Điện Ngọc, Phường Điện Nam Bắc","a06_trungtamhc":"Số 845 đường Trần Thủ Độ, Khối phố Quảng Lăng B","a07_dt":"61.02","a08_ds":"72273","a09_dthoai":null,"a10_web":null,"ten":"Phường Điện Bàn Đông","ma":"20579","tentinh":"Thành Phố Đà Nẵng","truocsapnhap":"Phường Điện Nam Đông, Phường Điện Nam Trung, Phường Điện Dương, Phường Điện Ngọc, Phường Điện Nam Bắc","dientichkm2":null,"dansonguoi":null},"id":"diaphanhanhchinhcapxa_2025.1949"},
{"type":"Feature","geometry":{"type":"Polygon","coordinates":[[[108.22185,16.09587],[108.21762,16.09374],[108.21485,16.09627],[108.21302,16.0913],[108.21032,16.08945],[108.20707,16.08888],[108.20749,16.0868],[108.20717,16.08347],[108.20658,16.08162],[108.20527,16.07898],[108.20745,16.07673],[108.20929,16.0755],[108.20989,16.07428],[108.21228,16.0762],[108.21389,16.06809],[108.21459,16.06546],[108.21267,16.05589],[108.21529,16.05653],[108.22021,16.05741],[108.22022,16.05651],[108.2223,16.05637],[108.22257,16.05772],[108.22687,16.05678],[108.2271,16.06583],[108.22643,16.07873],[108.22621,16.08184],[108.2256,16.08485],[108.22426,16.08938],[108.22203,16.09492],[108.22185,16.09587]]]},"properties":{"a01_tinh":"diaphanhanhchinhcaptinh_sn.132","a02_xa":"diaphanhanhchinhcapxa_2025.1908","a03_ten":"Phường Hải Châu","a04_tentinh":"Thành phố Đà Nẵng","a05_truocsn":"Phường Thanh Bình, Phường Thuận Phước, Phường Thạch Thang, Phường Phước Ninh, Phường Hải Châu","a06_trungtamhc":"Số 15 đường Lê Hồng Phong, phường Hải Châu","a07_dt":"7.58","a08_ds":"131427","a09_dthoai":null,"a10_web":null,"ten":"Phường Hải Châu","ma":"20242","tentinh":"Thành Phố Đà Nẵng","truocsapnhap":"Phường Thanh Bình, Phường Thuận Phước, Phường Thạch Thang, Phường Phước Ninh, Phường Hải Châu","dientichkm2":null,"dansonguoi":null},"id":"diaphanhanhchinhcapxa_2025.1908"},
{"type":"Feature","geometry":{"type":"Polygon","coordinates":[[[108.03887,16.10724],[108.04072,16.10574],[108.0423,16.1057],[108.04388,16.10658],[108.04812,16.10751],[108.05083,16.10681],[108.05537,16.10739],[108.05699,16.10806],[108.05955,16.10804],[108.06172,16.10636],[108.06363,16.10578],[108.06381,16.10907],[108.0645,16.11022],[108.06477,16.1122],[108.06544,16.11265],[108.06978,16.11073],[108.07539,16.11021],[108.08091,16.11026],[108.08366,16.10993],[108.08827,16.1077],[108.0911,16.10654],[108.09382,16.10687],[108.0955,16.10806],[108.09682,16.10972],[108.09824,16.11275],[108.09872,16.11301],[108.09988,16.10888],[108.10047,16.10792],[108.10224,16.10699],[108.10246,16.10513],[108.10465,16.10553],[108.10752,16.1071],[108.11022,16.10809],[108.11126,16.10917],[108.11279,16.11239],[108.11465,16.11327],[108.11642,16.11351],[108.11842,16.11431],[108.11959,16.11386],[108.11919,16.11274],[108.11978,16.11171],[108.11913,16.11039],[108.11595,16.1084],[108.11814,16.10518],[108.11407,16.10264],[108.11445,16.10218],[108.11252,16.1001],[108.11463,16.09845],[108.1163,16.10028],[108.11848,16.09784],[108.11667,16.09605],[108.1167,16.09527],[108.11826,16.09383],[108.11948,16.09407],[108.12116,16.09242],[108.12472,16.08989],[108.13196,16.08396],[108.13346,16.08578],[108.13411,16.08541],[108.13799,16.08821],[108.13927,16.08671],[108.14081,16.08618],[108.14187,16.08714],[108.14124,16.0882],[108.14363,16.08873],[108.14528,16.09001],[108.14401,16.09114],[108.14746,16.095],[108.1445,16.09763],[108.13827,16.10437],[108.13544,16.10781],[108.13166,16.11292],[108.13108,16.11452],[108.13202,16.11725],[108.1339,16.11692],[108.13401,16.11837],[108.13264,16.1189],[108.1308,16.11885],[108.12957,16.11973],[108.12703,16.12323],[108.12593,16.12221],[108.12424,16.12206],[108.12329,16.12341],[108.12541,16.12468],[108.12533,16.12585],[108.12324,16.13093],[108.12376,16.13119],[108.1231,16.13487],[108.12388,16.13949],[108.12664,16.14248],[108.13014,16.14081],[108.13139,16.1412],[108.13354,16.14037],[108.13619,16.1411],[108.13794,16.14399],[108.13911,16.14455],[108.13961,16.14638],[108.1384,16.14796],[108.13691,16.15199],[108.1368,16.1575],[108.13704,16.15932],[108.13864,16.1621],[108.14093,16.16411],[108.14235,16.16469],[108.14569,16.16477],[108.14681,16.16396],[108.14671,16.16268],[108.14739,16.16161],[108.14981,16.16049],[108.15197,16.16075],[108.15339,16.16137],[108.15397,16.16306],[108.15367,16.16482],[108.15192,16.16537],[108.15107,16.16813],[108.15398,16.1722],[108.15271,16.17626],[108.15348,16.17953],[108.15271,16.18081],[108.15308,16.18359],[108.15453,16.18826],[108.14313,16.19235],[108.13987,16.19367],[108.13839,16.19368],[108.13684,16.19258],[108.13546,16.19053],[108.13246,16.18896],[108.13194,16.18818],[108.12473,16.18301],[108.1206,16.1816],[108.11854,16.18135],[108.11708,16.18246],[108.11563,16.18278],[108.11363,16.18218],[108.11102,16.18208],[108.1093,16.18399],[108.10763,16.18513],[108.10487,16.18631],[108.10348,16.18577],[108.10051,16.18713],[108.09919,16.18661],[108.09459,16.18342],[108.0938,16.18257],[108.09353,16.18066],[108.09153,16.18033],[108.08931,16.18173],[108.08779,16.18172],[108.08612,16.18261],[108.08445,16.18162],[108.08138,16.18288],[108.07926,16.18265],[108.07546,16.18355],[108.07382,16.18232],[108.07076,16.18214],[108.06733,16.18336],[108.06419,16.18415],[108.06269,16.18248],[108.06176,16.18073],[108.05973,16.17922],[108.05845,16.17928],[108.05583,16.18038],[108.05248,16.18295],[108.04985,16.18383],[108.04815,16.18518],[108.04434,16.18733],[108.04287,16.18774],[108.03979,16.18996],[108.03846,16.19011],[108.03675,16.19144],[108.03438,16.19137],[108.03299,16.19082],[108.03175,16.19126],[108.02824,16.1933],[108.02511,16.19303],[108.01779,16.19462],[108.01617,16.19401],[108.01432,16.1946],[108.01026,16.19837],[108.00844,16.20109],[108.00841,16.20176],[108.00686,16.20396],[108.00545,16.20531],[108.0038,16.20501],[107.9998,16.20739],[107.99602,16.20921],[107.99519,16.20989],[107.99362,16.20974],[107.99112,16.21216],[107.98822,16.21422],[107.98751,16.21325],[107.9827,16.20981],[107.98188,16.2083],[107.98088,16.2082],[107.97919,16.20558],[107.97937,16.20341],[107.97669,16.20086],[107.97391,16.19932],[107.97206,16.19903],[107.97109,16.19688],[107.97004,16.19598],[107.96967,16.19416],[107.96726,16.1931],[107.96524,16.19314],[107.96331,16.19196],[107.96042,16.19153],[107.95599,16.18918],[107.95119,16.19012],[107.94923,16.19099],[107.94605,16.19354],[107.94384,16.19461],[107.93861,16.19469],[107.93789,16.19543],[107.93611,16.19507],[107.93432,16.19544],[107.93219,16.19719],[107.92962,16.19752],[107.92797,16.2006],[107.92664,16.20149],[107.92468,16.20199],[107.92385,16.20322],[107.92185,16.20495],[107.92096,16.20649],[107.918,16.20825],[107.9135,16.21454],[107.9112,16.21555],[107.91011,16.21551],[107.90852,16.21412],[107.90607,16.2145],[107.90477,16.21367],[107.90418,16.21118],[107.90328,16.21008],[107.90021,16.20891],[107.8955,16.20524],[107.89469,16.20511],[107.89133,16.20631],[107.88997,16.20625],[107.88986,16.20361],[107.88846,16.20236],[107.88813,16.20035],[107.88686,16.19973],[107.88387,16.20007],[107.87898,16.19851],[107.87763,16.19722],[107.8756,16.19691],[107.87479,16.19494],[107.876,16.19377],[107.87734,16.18999],[107.87735,16.18904],[107.87624,16.18816],[107.86743,16.18294],[107.86814,16.18123],[107.86917,16.18096],[107.87223,16.17795],[107.87399,16.17369],[107.87589,16.17064],[107.87638,16.16929],[107.87594,16.16818],[107.87617,16.16586],[107.87506,16.16088],[107.87348,16.15792],[107.86841,16.15752],[107.86523,16.1571],[107.86387,16.15564],[107.86137,16.15522],[107.85986,16.15455],[107.85866,16.15244],[107.85935,16.14969],[107.86047,16.1473],[107.85997,16.14538],[107.85832,16.14377],[107.8577,16.14035],[107.8579,16.13775],[107.85953,16.13645],[107.8602,16.13518],[107.85932,16.13412],[107.85732,16.12866],[107.85596,16.12771],[107.85589,16.12655],[107.85501,16.12536],[107.85435,16.12245],[107.85595,16.12033],[107.85618,16.11443],[107.85367,16.11204],[107.85101,16.1109],[107.84962,16.10972],[107.84847,16.10779],[107.84574,16.10573],[107.84537,16.10458],[107.84129,16.10339],[107.83935,16.10204],[107.83728,16.10125],[107.8364,16.10003],[107.83366,16.09775],[107.83225,16.09555],[107.83229,16.09297],[107.82904,16.09186],[107.82688,16.09004],[107.82551,16.08688],[107.8256,16.08495],[107.8229,16.08354],[107.82165,16.07782],[107.82213,16.07642],[107.82438,16.07305],[107.82485,16.07067],[107.82428,16.0693],[107.82221,16.06763],[107.82013,16.06511],[107.82021,16.06226],[107.81862,16.05924],[107.81876,16.05739],[107.81674,16.05524],[107.81862,16.05565],[107.82223,16.05596],[107.82474,16.0558],[107.82535,16.05529],[107.82818,16.05522],[107.83183,16.05449],[107.8334,16.05517],[107.83384,16.05705],[107.83617,16.05832],[107.83823,16.0589],[107.83993,16.0604],[107.84205,16.06028],[107.84391,16.06104],[107.84613,16.06036],[107.84792,16.06025],[107.84881,16.05905],[107.85017,16.0589],[107.85237,16.06135],[107.85622,16.0604],[107.86084,16.06108],[107.86274,16.06192],[107.86558,16.05887],[107.86745,16.05929],[107.86844,16.05758],[107.86965,16.05717],[107.87076,16.05504],[107.87176,16.05401],[107.87563,16.05173],[107.87792,16.05197],[107.8789,16.0515],[107.88082,16.05153],[107.88328,16.04878],[107.88614,16.04727],[107.88782,16.04818],[107.88976,16.04754],[107.89218,16.04768],[107.8922,16.04595],[107.89275,16.04347],[107.8937,16.04186],[107.8931,16.04014],[107.89731,16.03907],[107.89856,16.03656],[107.90076,16.03531],[107.90148,16.03359],[107.90576,16.03667],[107.91303,16.04306],[107.91776,16.04616],[107.92011,16.04644],[107.92133,16.04758],[107.92756,16.05095],[107.92976,16.05181],[107.93265,16.05343],[107.93382,16.05455],[107.93764,16.05614],[107.93824,16.05689],[107.94043,16.05803],[107.94272,16.05872],[107.9433,16.0593],[107.94812,16.06121],[107.95107,16.06201],[107.95402,16.06337],[107.9584,16.06464],[107.96109,16.06437],[107.96275,16.06502],[107.96514,16.06442],[107.96564,16.06491],[107.97051,16.0655],[107.97167,16.06468],[107.97379,16.06489],[107.97483,16.06585],[107.97792,16.06565],[107.98071,16.06764],[107.98292,16.06745],[107.98617,16.0677],[107.98701,16.06859],[107.98998,16.06903],[107.99221,16.06771],[107.9935,16.06808],[107.9964,16.07005],[108.00141,16.07073],[108.0024,16.07224],[108.0059,16.07396],[108.00636,16.07529],[108.00586,16.0795],[108.00637,16.08323],[108.00706,16.08417],[108.00554,16.0884],[108.00618,16.08954],[108.00831,16.09134],[108.01188,16.0926],[108.0126,16.09193],[108.01584,16.09102],[108.01693,16.09124],[108.01979,16.093],[108.02176,16.09369],[108.0235,16.09559],[108.02853,16.09903],[108.02974,16.10067],[108.03329,16.104],[108.03467,16.10504],[108.03678,16.10563],[108.03887,16.10724]]]},"properties":{"a01_tinh":"diaphanhanhchinhcaptinh_sn.132","a02_xa":"diaphanhanhchinhcapxa_2025.1912","a03_ten":"Phường Hải Vân","a04_tentinh":"Thành phố Đà Nẵng","a05_truocsn":"Phường Hòa Hiệp Bắc, Phường Hòa Hiệp Nam, Xã Hòa Bắc, Xã Hòa Liên","a06_trungtamhc":"Lô 1-2 đường Nguyễn Tất Thành, phường Hải Vân","a07_dt":"406.09","a08_ds":"48992","a09_dthoai":null,"a10_web":null,"ten":"Phường Hải Vân","ma":"20194","tentinh":"Thành Phố Đà Nẵng","truocsapnhap":"Phường Hòa Hiệp Bắc, Phường Hòa Hiệp Nam, Xã Hòa Bắc, Xã Hòa Liên","dientichkm2":null,"dansonguoi":null},"id":"diaphanhanhchinhcapxa_2025.1912"},
{"type":"Feature","geometry":{"type":"Polygon","coordinates":[[[108.21267,16.05589],[108.2105,16.05244],[108.21005,16.05273],[108.20952,16.05568],[108.20852,16.05641],[108.20632,16.05664],[108.20463,16.06041],[108.20246,16.06418],[108.20194,16.06468],[108.19364,16.06432],[108.19309,16.06374],[108.19318,16.06188],[108.19049,16.05893],[108.1909,16.05719],[108.1895,16.0563],[108.19068,16.05355],[108.18883,16.0528],[108.1964,16.03567],[108.19135,16.03386],[108.18911,16.03269],[108.18905,16.03205],[108.1913,16.02536],[108.19278,16.02314],[108.194,16.02192],[108.19586,16.02135],[108.1974,16.02269],[108.19843,16.02272],[108.19981,16.02274],[108.20184,16.02379],[108.20245,16.02347],[108.20606,16.024],[108.20833,16.02524],[108.20802,16.03152],[108.20745,16.03379],[108.20816,16.03442],[108.20796,16.03735],[108.2143,16.03591],[108.21489,16.03099],[108.21592,16.03],[108.21705,16.0272],[108.21798,16.02566],[108.21828,16.02422],[108.22146,16.02255],[108.2238,16.02531],[108.22706,16.02747],[108.22852,16.02802],[108.23241,16.02864],[108.234,16.02922],[108.23452,16.03019],[108.23574,16.03445],[108.23575,16.03676],[108.23435,16.04246],[108.23295,16.04611],[108.23098,16.04893],[108.22884,16.05106],[108.22685,16.05403],[108.22687,16.05678],[108.22257,16.05772],[108.2223,16.05637],[108.22022,16.05651],[108.22021,16.05741],[108.21529,16.05653],[108.21267,16.05589]]]},"properties":{"a01_tinh":"diaphanhanhchinhcaptinh_sn.132","a02_xa":"diaphanhanhchinhcapxa_2025.1904","a03_ten":"Phường Hòa Cường","a04_tentinh":"Thành phố Đà Nẵng","a05_truocsn":"Phường Bình Thuận, Phường Hòa Thuận Tây, Phường Hòa Cường Bắc, Phường Hòa Cường Nam","a06_trungtamhc":"Số 338 đường Núi Thành, phường Hòa Cường","a07_dt":"15.72","a08_ds":"119363","a09_dthoai":null,"a10_web":null,"ten":"Phường Hòa Cường","ma":"20257","tentinh":"Thành Phố Đà Nẵng","truocsapnhap":"Phường Bình Thuận, Phường Hòa Thuận Tây, Phường Hòa Cường Bắc, Phường Hòa Cường Nam","dientichkm2":null,"dansonguoi":null},"id":"diaphanhanhchinhcapxa_2025.1904"},
{"type":"Feature","geometry":{"type":"Polygon","coordinates":[[[108.17881,16.06203],[108.17624,16.06372],[108.17439,16.06914],[108.17546,16.07074],[108.17386,16.07131],[108.1749,16.07286],[108.16891,16.07657],[108.16825,16.07561],[108.16654,16.07671],[108.16903,16.08046],[108.16491,16.08264],[108.16028,16.08535],[108.15439,16.08947],[108.1528,16.08778],[108.15336,16.08729],[108.1502,16.08383],[108.15423,16.07684],[108.15491,16.07517],[108.1558,16.07133],[108.15159,16.06926],[108.1481,16.0678],[108.14692,16.06804],[108.14521,16.06518],[108.13995,16.06473],[108.13789,16.06423],[108.13573,16.06431],[108.13507,16.06349],[108.13345,16.06403],[108.13123,16.06326],[108.12763,16.06633],[108.12642,16.06624],[108.12522,16.06713],[108.12281,16.06726],[108.12005,16.06798],[108.1176,16.06783],[108.11758,16.07161],[108.11718,16.07368],[108.11765,16.07504],[108.11743,16.07722],[108.11677,16.07768],[108.11567,16.0799],[108.11349,16.08176],[108.11243,16.08121],[108.10962,16.07818],[108.1082,16.07986],[108.10533,16.0808],[108.10543,16.07914],[108.10254,16.07819],[108.10201,16.07685],[108.10102,16.07617],[108.09899,16.0731],[108.09745,16.07264],[108.09707,16.07164],[108.09576,16.0716],[108.09259,16.07021],[108.09153,16.06926],[108.09162,16.06718],[108.09214,16.0659],[108.09081,16.06389],[108.09134,16.06215],[108.09006,16.06072],[108.09096,16.05901],[108.0905,16.05824],[108.09234,16.0531],[108.09109,16.05154],[108.0892,16.05025],[108.08755,16.04962],[108.08748,16.0483],[108.08616,16.0462],[108.08487,16.04505],[108.08457,16.04239],[108.08492,16.04096],[108.08415,16.03983],[108.08445,16.03772],[108.08415,16.03527],[108.0865,16.03363],[108.09068,16.03431],[108.09332,16.03282],[108.09569,16.03112],[108.09697,16.02981],[108.09949,16.02878],[108.10133,16.02697],[108.10224,16.02434],[108.10376,16.02356],[108.1049,16.02127],[108.10584,16.02114],[108.10722,16.02208],[108.11072,16.02295],[108.11137,16.02414],[108.11186,16.0264],[108.11337,16.02679],[108.11411,16.02566],[108.11633,16.02487],[108.11882,16.02592],[108.1207,16.02377],[108.12208,16.0249],[108.12219,16.02614],[108.12406,16.02801],[108.12389,16.02898],[108.12526,16.02968],[108.12711,16.02936],[108.12952,16.03087],[108.13195,16.03074],[108.13454,16.03168],[108.13683,16.03193],[108.13804,16.03253],[108.14079,16.03316],[108.1415,16.0341],[108.14403,16.03407],[108.14493,16.03512],[108.14635,16.0349],[108.14831,16.03556],[108.14926,16.03529],[108.15229,16.03545],[108.15312,16.03455],[108.15506,16.03486],[108.1593,16.03304],[108.16077,16.03333],[108.16221,16.03497],[108.16325,16.03758],[108.16598,16.04011],[108.16754,16.04064],[108.16872,16.04248],[108.17183,16.04586],[108.1712,16.04787],[108.17151,16.04883],[108.17097,16.05044],[108.17187,16.05074],[108.1704,16.05399],[108.17149,16.05423],[108.17122,16.05605],[108.17365,16.05702],[108.17331,16.05824],[108.17881,16.06203]]]},"properties":{"a01_tinh":"diaphanhanhchinhcaptinh_sn.132","a02_xa":"diaphanhanhchinhcapxa_2025.1906","a03_ten":"Phường Hòa Khánh","a04_tentinh":"Thành phố Đà Nẵng","a05_truocsn":"Phường Hòa Khánh Nam, Phường Hòa Minh, Xã Hòa Sơn","a06_trungtamhc":"Số 168 đường Nguyễn Sinh Sắc, phường Hòa Khánh","a07_dt":"40.93","a08_ds":"112518","a09_dthoai":null,"a10_web":null,"ten":"Phường Hòa Khánh","ma":"20200","tentinh":"Thành Phố Đà Nẵng","truocsapnhap":"Phường Hòa Khánh Nam, Phường Hòa Minh, Xã Hòa Sơn","dientichkm2":null,"dansonguoi":null},"id":"diaphanhanhchinhcapxa_2025.1906"},
{"type":"Feature","geometry":{"type":"Polygon","coordinates":[[[108.22451,15.95646],[108.22494,15.95894],[108.22412,15.96151],[108.22322,15.96227],[108.22048,15.96329],[108.21935,15.96477],[108.21717,15.96919],[108.21701,15.97186],[108.2181,15.97386],[108.2215,15.97782],[108.22258,15.98054],[108.22268,15.98193],[108.22135,15.98445],[108.22105,15.98642],[108.22772,15.99107],[108.22887,15.99273],[108.23007,15.99594],[108.22917,15.99943],[108.22917,16.0012],[108.23235,16.00573],[108.23265,16.00723],[108.23264,16.01011],[108.23363,16.01324],[108.23562,16.01569],[108.23796,16.01805],[108.23897,16.02002],[108.23908,16.02175],[108.23837,16.02309],[108.23241,16.02864],[108.22852,16.02802],[108.22706,16.02747],[108.2238,16.02531],[108.22146,16.02255],[108.22071,16.02164],[108.21481,16.01695],[108.21039,16.01146],[108.20717,16.00832],[108.20437,16.00626],[108.20172,16.00481],[108.2003,16.00333],[108.1976,16.00169],[108.18975,15.99898],[108.18849,15.99795],[108.18743,15.99845],[108.18338,15.99753],[108.18396,15.99613],[108.18524,15.99608],[108.18638,15.99514],[108.18421,15.99372],[108.18304,15.99123],[108.18393,15.99087],[108.18439,15.98873],[108.18407,15.98581],[108.18525,15.98521],[108.18615,15.98391],[108.18515,15.98203],[108.18555,15.98053],[108.18472,15.98004],[108.18474,15.97872],[108.1839,15.9779],[108.18443,15.9767],[108.18371,15.97419],[108.18163,15.96526],[108.18464,15.96551],[108.18641,15.96552],[108.18699,15.96373],[108.18647,15.96219],[108.18808,15.96201],[108.1891,15.96248],[108.19127,15.96197],[108.19153,15.96312],[108.19514,15.96289],[108.19523,15.9642],[108.19737,15.96448],[108.19781,15.96296],[108.20274,15.96391],[108.2049,15.96223],[108.20509,15.9607],[108.20436,15.95835],[108.20311,15.95697],[108.20551,15.9547],[108.20448,15.95147],[108.20565,15.95112],[108.20477,15.9486],[108.20599,15.94814],[108.2059,15.94691],[108.2085,15.94567],[108.2109,15.9436],[108.21274,15.94372],[108.21453,15.94561],[108.21651,15.9462],[108.21617,15.94932],[108.21786,15.94943],[108.21812,15.94689],[108.21943,15.9461],[108.22208,15.94701],[108.22256,15.94754],[108.22199,15.95028],[108.22451,15.95646]]]},"properties":{"a01_tinh":"diaphanhanhchinhcaptinh_sn.132","a02_xa":"diaphanhanhchinhcapxa_2025.1903","a03_ten":"Phường Hòa Xuân","a04_tentinh":"Thành phố Đà Nẵng","a05_truocsn":"Phường Hòa Xuân, Xã Hòa Châu, Xã Hòa Phước","a06_trungtamhc":"Số 111 đường Hoàng Ngân, phường Hòa Xuân","a07_dt":"27.96","a08_ds":"8558","a09_dthoai":null,"a10_web":null,"ten":"Phường Hòa Xuân","ma":"20314","tentinh":"Thành Phố Đà Nẵng","truocsapnhap":"Phường Hòa Xuân, Xã Hòa Châu, Xã Hòa Phước","dientichkm2":null,"dansonguoi":null},"id":"diaphanhanhchinhcapxa_2025.1903"},
{"type":"Feature","geometry":{"type":"Polygon","coordinates":[[[108.33111,15.88553],[108.32976,15.88289],[108.32665,15.88383],[108.32453,15.88493],[108.32121,15.88609],[108.32011,15.88424],[108.31715,15.88328],[108.31759,15.87844],[108.31847,15.87799],[108.31824,15.87603],[108.31753,15.87562],[108.31319,15.8752],[108.3131,15.87401],[108.31159,15.87059],[108.30944,15.86796],[108.30585,15.86788],[108.30392,15.86127],[108.30376,15.85926],[108.30549,15.85939],[108.30717,15.86067],[108.31137,15.85919],[108.31454,15.85661],[108.3198,15.85458],[108.32113,15.85642],[108.31999,15.85794],[108.32499,15.85909],[108.3263,15.86075],[108.32846,15.86084],[108.33404,15.85968],[108.33439,15.86017],[108.3367,15.86017],[108.33811,15.86056],[108.34098,15.8598],[108.34273,15.86034],[108.34544,15.86248],[108.34659,15.86291],[108.351,15.86377],[108.35528,15.86302],[108.35795,15.86186],[108.36017,15.86518],[108.3612,15.86795],[108.35844,15.86841],[108.35691,15.86906],[108.35402,15.87116],[108.35467,15.87342],[108.35287,15.87425],[108.34964,15.87475],[108.34768,15.87441],[108.34337,15.87453],[108.34137,15.87618],[108.33791,15.87651],[108.33789,15.87785],[108.33939,15.87821],[108.3389,15.88062],[108.33956,15.88359],[108.33708,15.88478],[108.33536,15.88429],[108.33502,15.88348],[108.33111,15.88553]]]},"properties":{"a01_tinh":"diaphanhanhchinhcaptinh_sn.132","a02_xa":"diaphanhanhchinhcapxa_2025.1935","a03_ten":"Phường Hội An","a04_tentinh":"Thành phố Đà Nẵng","a05_truocsn":"Phường Minh An, Phường Cẩm Phô, Phường Sơn Phong, Phường Cẩm Nam, Xã Cẩm Kim","a06_trungtamhc":"Số 09 đường Trần Hưng Đạo, phường Hội An","a07_dt":"10.81","a08_ds":"37222","a09_dthoai":null,"a10_web":null,"ten":"Phường Hội An","ma":"20410","tentinh":"Thành Phố Đà Nẵng","truocsapnhap":"Phường Minh An, Phường Cẩm Phô, Phường Sơn Phong, Phường Cẩm Nam, Xã Cẩm Kim","dientichkm2":null,"dansonguoi":null},"id":"diaphanhanhchinhcapxa_2025.1935"},
{"type":"Feature","geometry":{"type":"Polygon","coordinates":[[[108.3629,15.90019],[108.36192,15.89873],[108.36085,15.89594],[108.35703,15.89791],[108.35444,15.89899],[108.35184,15.90052],[108.34849,15.90194],[108.34659,15.90318],[108.3425,15.9015],[108.34141,15.90031],[108.34095,15.89884],[108.34087,15.89645],[108.33886,15.8951],[108.33806,15.8961],[108.33711,15.89544],[108.3341,15.89517],[108.32967,15.89147],[108.32856,15.88923],[108.33053,15.88807],[108.33025,15.88582],[108.33111,15.88553],[108.33502,15.88348],[108.33536,15.88429],[108.33708,15.88478],[108.33956,15.88359],[108.3389,15.88062],[108.33939,15.87821],[108.33789,15.87785],[108.33791,15.87651],[108.34137,15.87618],[108.34337,15.87453],[108.34768,15.87441],[108.34964,15.87475],[108.35287,15.87425],[108.35467,15.87342],[108.35402,15.87116],[108.35691,15.86906],[108.35844,15.86841],[108.3612,15.86795],[108.36017,15.86518],[108.35795,15.86186],[108.36485,15.85902],[108.36629,15.85866],[108.37056,15.85959],[108.37405,15.86146],[108.37681,15.86553],[108.38401,15.86926],[108.38919,15.87173],[108.38893,15.87602],[108.39004,15.87659],[108.39028,15.88071],[108.38937,15.88196],[108.38781,15.88302],[108.38592,15.88513],[108.37988,15.88971],[108.37843,15.89127],[108.3777,15.89111],[108.37609,15.89255],[108.37298,15.89398],[108.37155,15.89523],[108.36918,15.89644],[108.3629,15.90019]]]},"properties":{"a01_tinh":"diaphanhanhchinhcaptinh_sn.132","a02_xa":"diaphanhanhchinhcapxa_2025.1947","a03_ten":"Phường Hội An Đông","a04_tentinh":"Thành phố Đà Nẵng","a05_truocsn":"Phường Cẩm Châu, Phường Cửa Đại, Xã Cẩm Thanh","a06_trungtamhc":"Số 456 đường Cửa Đại, phường Hội An Đông,","a07_dt":"18.22","a08_ds":"31109","a09_dthoai":null,"a10_web":null,"ten":"Phường Hội An Đông","ma":"20413","tentinh":"Thành Phố Đà Nẵng","truocsapnhap":"Phường Cẩm Châu, Phường Cửa Đại, Xã Cẩm Thanh","dientichkm2":null,"dansonguoi":null},"id":"diaphanhanhchinhcapxa_2025.1947"},
{"type":"Feature","geometry":{"type":"Polygon","coordinates":[[[108.3629,15.90019],[108.35877,15.90249],[108.353,15.90609],[108.34953,15.90849],[108.34142,15.91346],[108.33972,15.9148],[108.33322,15.91924],[108.32946,15.92208],[108.32861,15.921],[108.32734,15.91382],[108.32836,15.91387],[108.32987,15.9127],[108.32849,15.91118],[108.32603,15.91197],[108.32501,15.91191],[108.32437,15.90931],[108.3252,15.90781],[108.32226,15.90691],[108.32002,15.90698],[108.31676,15.90892],[108.31519,15.91284],[108.31322,15.91336],[108.31055,15.91178],[108.3088,15.90941],[108.30816,15.90943],[108.30634,15.90732],[108.30519,15.90707],[108.30272,15.90502],[108.29722,15.90191],[108.29637,15.90087],[108.2946,15.9009],[108.29347,15.89993],[108.2928,15.89772],[108.29271,15.89253],[108.29235,15.89015],[108.29161,15.88846],[108.28959,15.88639],[108.2929,15.88437],[108.29533,15.88206],[108.29652,15.88058],[108.29714,15.87769],[108.29648,15.87612],[108.30274,15.87618],[108.3044,15.87534],[108.30309,15.87309],[108.30541,15.87263],[108.30885,15.87283],[108.30978,15.87247],[108.31319,15.8752],[108.31753,15.87562],[108.31824,15.87603],[108.31847,15.87799],[108.31759,15.87844],[108.31715,15.88328],[108.32011,15.88424],[108.32121,15.88609],[108.32453,15.88493],[108.32665,15.88383],[108.32976,15.88289],[108.33111,15.88553],[108.33025,15.88582],[108.33053,15.88807],[108.32856,15.88923],[108.32967,15.89147],[108.3341,15.89517],[108.33711,15.89544],[108.33806,15.8961],[108.33886,15.8951],[108.34087,15.89645],[108.34095,15.89884],[108.34141,15.90031],[108.3425,15.9015],[108.34659,15.90318],[108.34849,15.90194],[108.35184,15.90052],[108.35444,15.89899],[108.35703,15.89791],[108.36085,15.89594],[108.36192,15.89873],[108.3629,15.90019]]]},"properties":{"a01_tinh":"diaphanhanhchinhcaptinh_sn.132","a02_xa":"diaphanhanhchinhcapxa_2025.1945","a03_ten":"Phường Hội An Tây","a04_tentinh":"Thành phố Đà Nẵng","a05_truocsn":"Phường Thanh Hà, Phường Tân An, Phường Cẩm An, Xã Cẩm Hà","a06_trungtamhc":"Số 54 đường Nguyễn Công Trứ, phường Hội An Tây","a07_dt":"18.09","a08_ds":"4237","a09_dthoai":null,"a10_web":null,"ten":"Phường Hội An Tây","ma":"20401","tentinh":"Thành Phố Đà Nẵng","truocsapnhap":"Phường Thanh Hà, Phường Tân An, Phường Cẩm An, Xã Cẩm Hà","dientichkm2":null,"dansonguoi":null},"id":"diaphanhanhchinhcapxa_2025.1945"},
{"type":"Feature","geometry":{"type":"Polygon","coordinates":[[[108.52444,15.56945],[108.52264,15.57003],[108.52018,15.57288],[108.51863,15.57325],[108.5147,15.572],[108.51227,15.57028],[108.51142,15.56782],[108.51011,15.56672],[108.50762,15.56642],[108.50218,15.56705],[108.50017,15.56581],[108.49797,15.56619],[108.497,15.56341],[108.49407,15.56547],[108.49081,15.56244],[108.48664,15.55636],[108.48645,15.55575],[108.48815,15.55428],[108.49258,15.54965],[108.49092,15.54858],[108.48327,15.54645],[108.48259,15.54653],[108.4799,15.54279],[108.47657,15.54239],[108.47407,15.54107],[108.47147,15.54097],[108.47009,15.5414],[108.46997,15.53808],[108.47121,15.53583],[108.47113,15.53391],[108.47248,15.53182],[108.47115,15.53071],[108.47216,15.53055],[108.4727,15.5279],[108.47407,15.52541],[108.47583,15.52583],[108.47589,15.52309],[108.47681,15.52286],[108.47694,15.52121],[108.47653,15.5191],[108.47539,15.51777],[108.47314,15.51703],[108.47315,15.51578],[108.47233,15.51372],[108.47305,15.51274],[108.4756,15.51138],[108.47782,15.5106],[108.47906,15.50931],[108.48039,15.50892],[108.48039,15.50686],[108.48293,15.50694],[108.48327,15.50994],[108.48413,15.51369],[108.48406,15.51571],[108.48462,15.51842],[108.48455,15.51974],[108.48532,15.52041],[108.48456,15.52243],[108.48532,15.52355],[108.48771,15.5243],[108.49066,15.52447],[108.49248,15.5252],[108.49823,15.52849],[108.49894,15.52943],[108.49839,15.53189],[108.49756,15.53345],[108.49605,15.53515],[108.49556,15.53838],[108.49737,15.54166],[108.50023,15.5443],[108.50181,15.5463],[108.50212,15.54829],[108.50209,15.55244],[108.50312,15.55433],[108.50416,15.55479],[108.50853,15.5542],[108.5131,15.55281],[108.51592,15.55331],[108.52037,15.55527],[108.52252,15.55734],[108.52439,15.56045],[108.52471,15.56318],[108.52392,15.5665],[108.52385,15.56839],[108.52444,15.56945]]]},"properties":{"a01_tinh":"diaphanhanhchinhcaptinh_sn.132","a02_xa":"diaphanhanhchinhcapxa_2025.1979","a03_ten":"Phường Hương Trà","a04_tentinh":"Thành phố Đà Nẵng","a05_truocsn":"Phường An Sơn, Phường Hòa Hương, Xã Tam Ngọc","a06_trungtamhc":"Số 510 đường Hùng Vương, phường Hương Trà","a07_dt":"14.64","a08_ds":"33523","a09_dthoai":null,"a10_web":null,"ten":"Phường Hương Trà","ma":"20350","tentinh":"Thành Phố Đà Nẵng","truocsapnhap":"Phường An Sơn, Phường Hòa Hương, Xã Tam Ngọc","dientichkm2":null,"dansonguoi":null},"id":"diaphanhanhchinhcapxa_2025.1979"},
{"type":"Feature","geometry":{"type":"Polygon","coordinates":[[[108.14746,16.095],[108.14401,16.09114],[108.14528,16.09001],[108.14363,16.08873],[108.14124,16.0882],[108.14187,16.08714],[108.14081,16.08618],[108.13927,16.08671],[108.13799,16.08821],[108.13411,16.08541],[108.13346,16.08578],[108.13196,16.08396],[108.12472,16.08989],[108.12116,16.09242],[108.11948,16.09407],[108.11826,16.09383],[108.1167,16.09527],[108.11667,16.09605],[108.11848,16.09784],[108.1163,16.10028],[108.11463,16.09845],[108.11252,16.1001],[108.11445,16.10218],[108.11407,16.10264],[108.11814,16.10518],[108.11595,16.1084],[108.11913,16.11039],[108.11978,16.11171],[108.11919,16.11274],[108.11959,16.11386],[108.11842,16.11431],[108.11642,16.11351],[108.11465,16.11327],[108.11279,16.11239],[108.11126,16.10917],[108.11022,16.10809],[108.10752,16.1071],[108.10465,16.10553],[108.10246,16.10513],[108.10224,16.10699],[108.10047,16.10792],[108.09988,16.10888],[108.09872,16.11301],[108.09824,16.11275],[108.09682,16.10972],[108.0955,16.10806],[108.09382,16.10687],[108.0911,16.10654],[108.08827,16.1077],[108.08366,16.10993],[108.08091,16.11026],[108.07539,16.11021],[108.06978,16.11073],[108.06544,16.11265],[108.06477,16.1122],[108.0645,16.11022],[108.06381,16.10907],[108.06363,16.10578],[108.06172,16.10636],[108.05955,16.10804],[108.05699,16.10806],[108.05537,16.10739],[108.05083,16.10681],[108.04812,16.10751],[108.04388,16.10658],[108.0423,16.1057],[108.04072,16.10574],[108.03887,16.10724],[108.04054,16.10385],[108.04061,16.10218],[108.04307,16.09696],[108.0429,16.09536],[108.04335,16.09166],[108.0445,16.09096],[108.04547,16.08818],[108.04744,16.08657],[108.04715,16.08471],[108.0475,16.08319],[108.05182,16.08069],[108.05184,16.07982],[108.05411,16.07919],[108.05673,16.07579],[108.05973,16.07358],[108.06322,16.07308],[108.0683,16.07281],[108.07528,16.07302],[108.07415,16.07098],[108.07446,16.06682],[108.07554,16.0641],[108.07772,16.06202],[108.08318,16.06222],[108.08698,16.06185],[108.09134,16.06215],[108.09081,16.06389],[108.09214,16.0659],[108.09162,16.06718],[108.09153,16.06926],[108.09259,16.07021],[108.09576,16.0716],[108.09707,16.07164],[108.09745,16.07264],[108.09899,16.0731],[108.10102,16.07617],[108.10201,16.07685],[108.10254,16.07819],[108.10543,16.07914],[108.10533,16.0808],[108.1082,16.07986],[108.10962,16.07818],[108.11243,16.08121],[108.11349,16.08176],[108.11567,16.0799],[108.11677,16.07768],[108.11743,16.07722],[108.11765,16.07504],[108.11718,16.07368],[108.11758,16.07161],[108.1176,16.06783],[108.12005,16.06798],[108.12281,16.06726],[108.12522,16.06713],[108.12642,16.06624],[108.12763,16.06633],[108.13123,16.06326],[108.13345,16.06403],[108.13507,16.06349],[108.13573,16.06431],[108.13789,16.06423],[108.13995,16.06473],[108.14521,16.06518],[108.14692,16.06804],[108.1481,16.0678],[108.15159,16.06926],[108.1558,16.07133],[108.15491,16.07517],[108.15423,16.07684],[108.1502,16.08383],[108.15336,16.08729],[108.1528,16.08778],[108.15439,16.08947],[108.14967,16.09307],[108.14746,16.095]]]},"properties":{"a01_tinh":"diaphanhanhchinhcaptinh_sn.132","a02_xa":"diaphanhanhchinhcapxa_2025.1911","a03_ten":"Phường Liên Chiểu","a04_tentinh":"Thành phố Đà Nẵng","a05_truocsn":"Phường Hòa Khánh Bắc, Xã Hòa Liên (phần còn lại sau khi sáp nhập vào phường Hải Vân)","a06_trungtamhc":"Số 68 đường Lạc Long Quân, phường Liên Chiểu","a07_dt":"41.19","a08_ds":"70628","a09_dthoai":null,"a10_web":null,"ten":"Phường Liên Chiểu","ma":"20197","tentinh":"Thành Phố Đà Nẵng","truocsapnhap":"Phường Hòa Khánh Bắc, Xã Hòa Liên (phần còn lại sau khi sáp nhập vào phường Hải Vân)","dientichkm2":null,"dansonguoi":null},"id":"diaphanhanhchinhcapxa_2025.1911"},
{"type":"Feature","geometry":{"type":"Polygon","coordinates":[[[108.29131,15.96417],[108.28659,15.97149],[108.28654,15.97233],[108.28358,15.97715],[108.28228,15.9799],[108.28106,15.9818],[108.27862,15.98673],[108.27674,15.98968],[108.27434,15.99505],[108.27073,16.00171],[108.27003,16.00375],[108.26867,16.00598],[108.26816,16.00767],[108.2658,16.01293],[108.26509,16.01379],[108.26275,16.0191],[108.26171,16.02104],[108.26018,16.02482],[108.25816,16.02838],[108.25758,16.03044],[108.25671,16.03186],[108.25473,16.03679],[108.25326,16.0396],[108.25227,16.04211],[108.24965,16.04961],[108.24875,16.05259],[108.2479,16.05671],[108.23818,16.05394],[108.23664,16.0532],[108.23555,16.05186],[108.23435,16.05122],[108.23185,16.05148],[108.22884,16.05106],[108.23098,16.04893],[108.23295,16.04611],[108.23435,16.04246],[108.23575,16.03676],[108.23574,16.03445],[108.23452,16.03019],[108.234,16.02922],[108.23241,16.02864],[108.23837,16.02309],[108.23908,16.02175],[108.23897,16.02002],[108.23796,16.01805],[108.23562,16.01569],[108.23363,16.01324],[108.23264,16.01011],[108.23265,16.00723],[108.23235,16.00573],[108.22917,16.0012],[108.22917,15.99943],[108.23007,15.99594],[108.22887,15.99273],[108.22772,15.99107],[108.22105,15.98642],[108.22135,15.98445],[108.22268,15.98193],[108.22258,15.98054],[108.2215,15.97782],[108.2181,15.97386],[108.21701,15.97186],[108.21717,15.96919],[108.21935,15.96477],[108.22048,15.96329],[108.22322,15.96227],[108.22412,15.96151],[108.22494,15.95894],[108.22451,15.95646],[108.22568,15.956],[108.22883,15.95658],[108.23024,15.95789],[108.22927,15.96069],[108.23148,15.96174],[108.23142,15.9624],[108.23811,15.96483],[108.23907,15.9649],[108.24174,15.96621],[108.24301,15.96643],[108.24259,15.96766],[108.24454,15.96897],[108.24893,15.9713],[108.25475,15.97278],[108.25879,15.9716],[108.25998,15.9709],[108.25937,15.9697],[108.2593,15.9674],[108.25971,15.96539],[108.26058,15.9633],[108.26152,15.96276],[108.26761,15.9651],[108.26751,15.96403],[108.26874,15.96241],[108.26919,15.96233],[108.27181,15.96247],[108.27447,15.96182],[108.27505,15.96249],[108.27917,15.96153],[108.29131,15.96417]]]},"properties":{"a01_tinh":"diaphanhanhchinhcaptinh_sn.132","a02_xa":"diaphanhanhchinhcapxa_2025.1901","a03_ten":"Phường Ngũ Hành Sơn","a04_tentinh":"Thành phố Đà Nẵng","a05_truocsn":"Phường Mỹ An, Phường Khuê Mỹ, Phường Hòa Hải, Phường Hòa Quý","a06_trungtamhc":"Số 486 đường Lê Văn Hiến, phường Ngũ Hành Sơn","a07_dt":"40.19","a08_ds":"115944","a09_dthoai":null,"a10_web":null,"ten":"Phường Ngũ Hành Sơn","ma":"20285","tentinh":"Thành Phố Đà Nẵng","truocsapnhap":"Phường Mỹ An, Phường Khuê Mỹ, Phường Hòa Hải, Phường Hòa Quý","dientichkm2":null,"dansonguoi":null},"id":"diaphanhanhchinhcapxa_2025.1901"},
{"type":"Feature","geometry":{"type":"Polygon","coordinates":[[[108.55673,15.58704],[108.5545,15.58951],[108.55405,15.59056],[108.55112,15.59408],[108.5495,15.59663],[108.54673,15.59973],[108.54589,15.60147],[108.54295,15.60534],[108.54218,15.6059],[108.54117,15.60798],[108.53838,15.61111],[108.53761,15.61268],[108.53518,15.61586],[108.53467,15.61702],[108.53266,15.61926],[108.53017,15.62261],[108.52945,15.62397],[108.52563,15.62931],[108.52385,15.63221],[108.52162,15.63493],[108.51645,15.64292],[108.5144,15.64579],[108.51026,15.64371],[108.50613,15.64238],[108.50787,15.63883],[108.51043,15.63667],[108.51379,15.63514],[108.51762,15.63255],[108.51814,15.63111],[108.51844,15.62798],[108.52091,15.62183],[108.52254,15.61918],[108.52422,15.61709],[108.51645,15.61101],[108.51157,15.61581],[108.50767,15.62252],[108.50181,15.61902],[108.5,15.61746],[108.49824,15.61331],[108.49708,15.61109],[108.49539,15.60967],[108.49433,15.60977],[108.48947,15.60471],[108.4857,15.60675],[108.48295,15.60686],[108.47989,15.60526],[108.47826,15.60514],[108.47539,15.60368],[108.47593,15.60252],[108.4734,15.59915],[108.47346,15.59757],[108.47244,15.59508],[108.47307,15.59437],[108.47297,15.59288],[108.47153,15.59085],[108.47581,15.59017],[108.4769,15.58933],[108.47853,15.58713],[108.48105,15.58722],[108.48321,15.58779],[108.48562,15.58764],[108.48998,15.58578],[108.49295,15.5837],[108.49171,15.58242],[108.49143,15.58064],[108.49201,15.57976],[108.49229,15.57724],[108.49188,15.57672],[108.49307,15.57396],[108.4929,15.57313],[108.48899,15.57114],[108.49001,15.57007],[108.49223,15.56894],[108.49331,15.56888],[108.49565,15.57058],[108.49935,15.5689],[108.50218,15.56705],[108.50762,15.56642],[108.51011,15.56672],[108.51142,15.56782],[108.51227,15.57028],[108.5147,15.572],[108.51863,15.57325],[108.52018,15.57288],[108.52264,15.57003],[108.52444,15.56945],[108.52533,15.5699],[108.52891,15.57012],[108.53245,15.56901],[108.53386,15.56783],[108.53607,15.56486],[108.53721,15.56548],[108.537,15.56667],[108.53796,15.56833],[108.54244,15.57289],[108.54567,15.5757],[108.54672,15.57631],[108.5418,15.58276],[108.54835,15.58766],[108.549,15.58565],[108.55159,15.58347],[108.55673,15.58704]]]},"properties":{"a01_tinh":"diaphanhanhchinhcaptinh_sn.132","a02_xa":"diaphanhanhchinhcapxa_2025.1972","a03_ten":"Phường Quảng Phú","a04_tentinh":"Thành phố Đà Nẵng","a05_truocsn":"Phường An Phú, Xã Tam Thanh, Xã Tam Phú","a06_trungtamhc":"Khối phố Phú Thạnh, Phường Quảng Phú","a07_dt":"36.21","a08_ds":"29401","a09_dthoai":null,"a10_web":null,"ten":"Phường Quảng Phú","ma":"20356","tentinh":"Thành Phố Đà Nẵng","truocsapnhap":"Phường An Phú, Xã Tam Thanh, Xã Tam Phú","dientichkm2":null,"dansonguoi":null},"id":"diaphanhanhchinhcapxa_2025.1972"},
{"type":"Feature","geometry":{"type":"Polygon","coordinates":[[[108.24756,16.07996],[108.24787,16.08063],[108.24881,16.08572],[108.2503,16.08951],[108.25179,16.09176],[108.25277,16.09532],[108.25526,16.09885],[108.25796,16.10088],[108.26079,16.10194],[108.26226,16.10203],[108.26449,16.10156],[108.26435,16.10004],[108.26611,16.09731],[108.26823,16.09526],[108.26926,16.0954],[108.27018,16.09768],[108.27372,16.0988],[108.27502,16.09783],[108.27678,16.0973],[108.27772,16.09776],[108.28022,16.09734],[108.28242,16.09941],[108.28378,16.10125],[108.28607,16.10368],[108.28734,16.10436],[108.28889,16.10443],[108.29184,16.10566],[108.2932,16.10519],[108.29466,16.1057],[108.29915,16.10441],[108.29992,16.10389],[108.30098,16.1008],[108.30064,16.09885],[108.30219,16.09785],[108.30295,16.09677],[108.30448,16.09599],[108.30627,16.09583],[108.30826,16.09674],[108.30989,16.09812],[108.31021,16.09921],[108.30953,16.1021],[108.30986,16.103],[108.3092,16.105],[108.30944,16.1073],[108.31031,16.11021],[108.3114,16.11218],[108.31289,16.11285],[108.3146,16.11241],[108.31693,16.11323],[108.31999,16.11634],[108.32078,16.1167],[108.32368,16.11578],[108.32635,16.11535],[108.32974,16.11626],[108.33195,16.11835],[108.33513,16.11831],[108.33787,16.11768],[108.33821,16.11995],[108.33785,16.12121],[108.33615,16.12206],[108.33339,16.12592],[108.33096,16.12804],[108.32973,16.13159],[108.32762,16.13515],[108.32572,16.13731],[108.32405,16.14074],[108.32189,16.14161],[108.32066,16.14315],[108.31824,16.14351],[108.31773,16.14442],[108.31637,16.14473],[108.31432,16.14238],[108.31286,16.14203],[108.31233,16.14045],[108.31239,16.13732],[108.31272,16.13578],[108.31188,16.13499],[108.31122,16.1332],[108.30994,16.13194],[108.30958,16.12947],[108.3104,16.12505],[108.30943,16.12425],[108.30553,16.12313],[108.30295,16.1247],[108.30022,16.125],[108.29725,16.12821],[108.29649,16.1306],[108.29565,16.13103],[108.29307,16.134],[108.29005,16.13558],[108.28908,16.13571],[108.28778,16.13695],[108.28513,16.13715],[108.28289,16.13768],[108.28052,16.1366],[108.27875,16.1362],[108.27713,16.13521],[108.27637,16.13384],[108.27502,16.13322],[108.27079,16.1352],[108.26987,16.13827],[108.26971,16.13999],[108.2686,16.13984],[108.26554,16.14196],[108.26401,16.1445],[108.26277,16.14532],[108.26176,16.14701],[108.26165,16.14842],[108.26045,16.15098],[108.25859,16.15247],[108.2563,16.15379],[108.25492,16.15371],[108.25346,16.15452],[108.25161,16.15449],[108.24916,16.1556],[108.24579,16.15483],[108.24179,16.15172],[108.24178,16.15066],[108.2398,16.14913],[108.23758,16.14997],[108.23706,16.14893],[108.23403,16.14764],[108.23194,16.15002],[108.23015,16.14912],[108.23155,16.14584],[108.23122,16.14379],[108.23165,16.14244],[108.22954,16.14121],[108.22928,16.13932],[108.22954,16.13754],[108.22732,16.1342],[108.22578,16.13488],[108.22461,16.13462],[108.22439,16.13316],[108.22205,16.13131],[108.22047,16.12869],[108.221,16.12694],[108.22055,16.12457],[108.21876,16.12395],[108.21637,16.12509],[108.21426,16.12437],[108.21369,16.12241],[108.21791,16.11014],[108.21997,16.10874],[108.22185,16.09587],[108.22203,16.09492],[108.22426,16.08938],[108.2256,16.08485],[108.22621,16.08184],[108.22643,16.07873],[108.22956,16.07876],[108.22963,16.08353],[108.23193,16.0854],[108.2326,16.08466],[108.23678,16.08893],[108.24001,16.08596],[108.23968,16.08385],[108.24213,16.08283],[108.2426,16.08449],[108.24596,16.08321],[108.24485,16.08041],[108.24647,16.07979],[108.24756,16.07996]]]},"properties":{"a01_tinh":"diaphanhanhchinhcaptinh_sn.132","a02_xa":"diaphanhanhchinhcapxa_2025.1910","a03_ten":"Phường Sơn Trà","a04_tentinh":"Thành phố Đà Nẵng","a05_truocsn":"Phường Thọ Quang, Phường Nại Hiên Đông, Phường Mân Thái","a06_trungtamhc":"Số 06 đường Nguyễn Phan Vinh, phường Sơn Trà","a07_dt":"56.03","a08_ds":"8689","a09_dthoai":null,"a10_web":null,"ten":"Phường Sơn Trà","ma":"20263","tentinh":"Thành Phố Đà Nẵng","truocsapnhap":"Phường Thọ Quang, Phường Nại Hiên Đông, Phường Mân Thái","dientichkm2":null,"dansonguoi":null},"id":"diaphanhanhchinhcapxa_2025.1910"},
{"type":"Feature","geometry":{"type":"Polygon","coordinates":[[[108.48899,15.57114],[108.48665,15.57345],[108.48577,15.57352],[108.48439,15.57212],[108.48237,15.57363],[108.4741,15.57256],[108.46848,15.56538],[108.47299,15.56295],[108.47211,15.56158],[108.46887,15.56121],[108.46936,15.55897],[108.46487,15.55802],[108.46165,15.55704],[108.45963,15.55473],[108.45849,15.55599],[108.45668,15.55505],[108.45766,15.55416],[108.45852,15.55228],[108.45982,15.55089],[108.46088,15.55108],[108.46299,15.55008],[108.4645,15.54988],[108.46775,15.54773],[108.4672,15.54595],[108.46943,15.5459],[108.47009,15.5414],[108.47147,15.54097],[108.47407,15.54107],[108.47657,15.54239],[108.4799,15.54279],[108.48259,15.54653],[108.48327,15.54645],[108.49092,15.54858],[108.49258,15.54965],[108.48815,15.55428],[108.48645,15.55575],[108.48664,15.55636],[108.49081,15.56244],[108.49407,15.56547],[108.497,15.56341],[108.49797,15.56619],[108.50017,15.56581],[108.50218,15.56705],[108.49935,15.5689],[108.49565,15.57058],[108.49331,15.56888],[108.49223,15.56894],[108.49001,15.57007],[108.48899,15.57114]]]},"properties":{"a01_tinh":"diaphanhanhchinhcaptinh_sn.132","a02_xa":"diaphanhanhchinhcapxa_2025.1974","a03_ten":"Phường Tam Kỳ","a04_tentinh":"Thành phố Đà Nẵng","a05_truocsn":"Phường An Mỹ, Phường An Xuân, Phường Trường Xuân","a06_trungtamhc":"Số 70 đường Hùng Vương, phường Tam Kỳ","a07_dt":"8.36","a08_ds":"44075","a09_dthoai":null,"a10_web":null,"ten":"Phường Tam Kỳ","ma":"20341","tentinh":"Thành Phố Đà Nẵng","truocsapnhap":"Phường An Mỹ, Phường An Xuân, Phường Trường Xuân","dientichkm2":null,"dansonguoi":null},"id":"diaphanhanhchinhcapxa_2025.1974"},
{"type":"Feature","geometry":{"type":"Polygon","coordinates":[[[108.20527,16.07898],[108.20343,16.07638],[108.20134,16.07404],[108.19599,16.07309],[108.1928,16.07317],[108.18601,16.07417],[108.17941,16.0759],[108.17055,16.07965],[108.16903,16.08046],[108.16654,16.07671],[108.16825,16.07561],[108.16891,16.07657],[108.1749,16.07286],[108.17386,16.07131],[108.17546,16.07074],[108.17439,16.06914],[108.17624,16.06372],[108.17881,16.06203],[108.18338,16.06524],[108.18883,16.0528],[108.19068,16.05355],[108.1895,16.0563],[108.1909,16.05719],[108.19049,16.05893],[108.19318,16.06188],[108.19309,16.06374],[108.19364,16.06432],[108.20194,16.06468],[108.20246,16.06418],[108.20463,16.06041],[108.20632,16.05664],[108.20852,16.05641],[108.20952,16.05568],[108.21005,16.05273],[108.2105,16.05244],[108.21267,16.05589],[108.21459,16.06546],[108.21389,16.06809],[108.21228,16.0762],[108.20989,16.07428],[108.20929,16.0755],[108.20745,16.07673],[108.20527,16.07898]]]},"properties":{"a01_tinh":"diaphanhanhchinhcaptinh_sn.132","a02_xa":"diaphanhanhchinhcapxa_2025.1907","a03_ten":"Phường Thanh Khê","a04_tentinh":"Thành phố Đà Nẵng","a05_truocsn":"Phường Xuân Hà, Phường Chính Gián, Phường Thạc Gián, Phường Thanh Khê Tây, Phường Thanh Khê Đông","a06_trungtamhc":"Số 503 đường Trần Cao Vân, phường Thanh Khê","a07_dt":"7.92","a08_ds":"20124","a09_dthoai":null,"a10_web":null,"ten":"Phường Thanh Khê","ma":"20209","tentinh":"Thành Phố Đà Nẵng","truocsapnhap":"Phường Xuân Hà, Phường Chính Gián, Phường Thạc Gián, Phường Thanh Khê Tây, Phường Thanh Khê Đông","dientichkm2":null,"dansonguoi":null},"id":"diaphanhanhchinhcapxa_2025.1907"},
{"type":"Feature","geometry":{"type":"Polygon","coordinates":[[[107.65628,16.01948],[107.65103,16.01917],[107.64758,16.02345],[107.64474,16.02397],[107.64103,16.0263],[107.64095,16.02711],[107.63872,16.02798],[107.63552,16.02864],[107.63532,16.02939],[107.63231,16.03101],[107.62973,16.03049],[107.62727,16.03157],[107.6241,16.03224],[107.62281,16.0311],[107.62129,16.03206],[107.62017,16.03416],[107.62002,16.03863],[107.62171,16.04049],[107.62365,16.04434],[107.62539,16.04611],[107.62535,16.0474],[107.62611,16.04928],[107.62537,16.05033],[107.62556,16.0528],[107.62486,16.05563],[107.62254,16.05957],[107.62138,16.06208],[107.61973,16.06406],[107.61554,16.063],[107.61129,16.06077],[107.61005,16.0608],[107.60609,16.06003],[107.60478,16.05886],[107.6038,16.05908],[107.60168,16.05761],[107.59973,16.05706],[107.59685,16.05712],[107.59575,16.05623],[107.59261,16.05718],[107.58914,16.05671],[107.58669,16.0568],[107.57885,16.05478],[107.57462,16.05432],[107.57249,16.05553],[107.57142,16.05531],[107.56869,16.05368],[107.56662,16.05195],[107.56539,16.052],[107.56186,16.05075],[107.55786,16.04757],[107.55756,16.04558],[107.5565,16.04484],[107.55318,16.04462],[107.55225,16.04179],[107.55349,16.04076],[107.55416,16.03898],[107.55588,16.0374],[107.55675,16.03554],[107.55729,16.0328],[107.55849,16.03171],[107.56021,16.03143],[107.56022,16.02944],[107.55952,16.02714],[107.55839,16.02537],[107.5596,16.02377],[107.55991,16.02233],[107.55759,16.01763],[107.55585,16.01735],[107.55399,16.0146],[107.55159,16.01528],[107.5507,16.01498],[107.54977,16.01134],[107.54637,16.01067],[107.54439,16.01066],[107.53981,16.01196],[107.53876,16.01198],[107.53791,16.01301],[107.53434,16.01332],[107.532,16.01524],[107.5299,16.01517],[107.52866,16.01574],[107.52607,16.016],[107.52519,16.0165],[107.52254,16.01653],[107.51963,16.01491],[107.51735,16.01478],[107.51283,16.01606],[107.50921,16.01866],[107.50707,16.02166],[107.50633,16.02197],[107.50621,16.02401],[107.5054,16.02706],[107.50448,16.02781],[107.50514,16.02957],[107.50323,16.03072],[107.5024,16.033],[107.50073,16.03459],[107.49805,16.03452],[107.49694,16.03806],[107.49615,16.03915],[107.49395,16.03925],[107.49047,16.04066],[107.48864,16.04111],[107.48658,16.04086],[107.4865,16.03954],[107.48546,16.03884],[107.48535,16.0372],[107.48429,16.03549],[107.48138,16.03471],[107.4795,16.03576],[107.47707,16.03518],[107.47538,16.0336],[107.47337,16.03302],[107.47233,16.03078],[107.47004,16.02775],[107.46967,16.02676],[107.46799,16.02556],[107.46647,16.0234],[107.46561,16.02312],[107.4656,16.01996],[107.46418,16.01512],[107.46543,16.01395],[107.4661,16.01226],[107.46825,16.01011],[107.46981,16.00907],[107.47031,16.00814],[107.47342,16.00475],[107.47491,16.00371],[107.47619,16.00368],[107.47863,16.00203],[107.47985,15.99992],[107.48256,15.99997],[107.48723,15.99895],[107.48857,15.99818],[107.4896,15.99527],[107.49243,15.99366],[107.49388,15.99337],[107.4947,15.98922],[107.49154,15.98601],[107.49035,15.9854],[107.48895,15.98389],[107.4883,15.98155],[107.48922,15.98026],[107.48896,15.97809],[107.4903,15.97621],[107.48971,15.96915],[107.49067,15.9665],[107.49076,15.96483],[107.48986,15.96355],[107.49067,15.96225],[107.49203,15.96193],[107.49269,15.96057],[107.49156,15.95724],[107.49285,15.95617],[107.49429,15.95325],[107.49731,15.95116],[107.50021,15.95084],[107.50209,15.95148],[107.50353,15.95147],[107.5067,15.94977],[107.50805,15.94648],[107.51007,15.94538],[107.50943,15.94351],[107.50889,15.93904],[107.50886,15.93651],[107.51005,15.93486],[107.51015,15.93396],[107.51235,15.93149],[107.51111,15.92969],[107.50958,15.92819],[107.51133,15.92655],[107.51318,15.9239],[107.51281,15.92188],[107.51166,15.92012],[107.51087,15.91789],[107.51203,15.91523],[107.51371,15.91341],[107.51406,15.91105],[107.51278,15.9102],[107.51233,15.90848],[107.51297,15.90689],[107.51315,15.90502],[107.51598,15.90548],[107.51779,15.90442],[107.51979,15.90376],[107.51977,15.90313],[107.52178,15.90093],[107.52244,15.89892],[107.52215,15.89745],[107.5228,15.89656],[107.52247,15.89494],[107.52494,15.89483],[107.52594,15.89571],[107.52727,15.89499],[107.52962,15.89478],[107.53069,15.89587],[107.53313,15.89592],[107.53462,15.89723],[107.53455,15.89831],[107.53975,15.89712],[107.54277,15.89459],[107.54378,15.89561],[107.54516,15.89449],[107.54637,15.89572],[107.54926,15.89637],[107.55338,15.89807],[107.55567,15.89365],[107.55549,15.89243],[107.55749,15.88794],[107.55843,15.88748],[107.55989,15.88508],[107.56232,15.88424],[107.5642,15.88246],[107.56565,15.87775],[107.57163,15.87651],[107.57354,15.87715],[107.57758,15.87689],[107.58104,15.87742],[107.584,15.87751],[107.58411,15.88047],[107.58581,15.88245],[107.58747,15.8836],[107.58755,15.88428],[107.58868,15.88504],[107.58871,15.88597],[107.5901,15.88752],[107.59058,15.88899],[107.59269,15.8916],[107.59272,15.89315],[107.59476,15.89486],[107.59852,15.89603],[107.59933,15.89764],[107.6039,15.89952],[107.60542,15.90061],[107.61002,15.90327],[107.61136,15.90443],[107.61115,15.90863],[107.61062,15.91038],[107.6102,15.91558],[107.61143,15.91764],[107.61348,15.91956],[107.61177,15.91964],[107.61082,15.92035],[107.60745,15.92028],[107.60709,15.92284],[107.60891,15.92535],[107.6115,15.92737],[107.61462,15.92889],[107.61514,15.93099],[107.61661,15.93267],[107.61401,15.93434],[107.61207,15.93518],[107.61219,15.93683],[107.61431,15.93898],[107.61454,15.93999],[107.61159,15.9444],[107.61088,15.94635],[107.60997,15.95085],[107.61126,15.95335],[107.61316,15.95517],[107.61406,15.9567],[107.61407,15.95914],[107.6152,15.96283],[107.61501,15.96442],[107.61741,15.96736],[107.61876,15.96829],[107.61937,15.96946],[107.62165,15.97097],[107.62301,15.97505],[107.62512,15.97734],[107.62564,15.97867],[107.6271,15.9784],[107.62847,15.98067],[107.62711,15.98199],[107.62646,15.98449],[107.62645,15.98671],[107.62768,15.98704],[107.62941,15.98857],[107.63064,15.98856],[107.63115,15.99081],[107.63272,15.99167],[107.63245,15.99256],[107.63375,15.99388],[107.63454,15.99387],[107.63634,15.99536],[107.63862,15.99473],[107.63951,15.99609],[107.64406,15.9974],[107.6453,15.99883],[107.64636,15.99899],[107.64726,16.001],[107.64849,16.00203],[107.64782,16.00383],[107.64935,16.00785],[107.65121,16.00935],[107.65328,16.00925],[107.65504,16.01034],[107.65512,16.01238],[107.65637,16.01285],[107.65625,16.01429],[107.65499,16.01577],[107.65611,16.01757],[107.65628,16.01948]]]},"properties":{"a01_tinh":"diaphanhanhchinhcaptinh_sn.132","a02_xa":"diaphanhanhchinhcapxa_2025.1922","a03_ten":"Xã Avương","a04_tentinh":"Thành phố Đà Nẵng","a05_truocsn":"Xã Bhalêê, Xã Avương","a06_trungtamhc":"đang cập nhật","a07_dt":"225.3","a08_ds":"5463","a09_dthoai":null,"a10_web":null,"ten":"Xã Avương","ma":"20458","tentinh":"Thành Phố Đà Nẵng","truocsapnhap":"Xã Bhalêê, Xã Avương","dientichkm2":null,"dansonguoi":null},"id":"diaphanhanhchinhcapxa_2025.1922"},
{"type":"Feature","geometry":{"type":"Polygon","coordinates":[[[108.09134,16.06215],[108.08698,16.06185],[108.08318,16.06222],[108.07772,16.06202],[108.07554,16.0641],[108.07446,16.06682],[108.07415,16.07098],[108.07528,16.07302],[108.0683,16.07281],[108.06322,16.07308],[108.05973,16.07358],[108.05673,16.07579],[108.05411,16.07919],[108.05184,16.07982],[108.05182,16.08069],[108.0475,16.08319],[108.04715,16.08471],[108.04744,16.08657],[108.04547,16.08818],[108.0445,16.09096],[108.04335,16.09166],[108.0429,16.09536],[108.04307,16.09696],[108.04061,16.10218],[108.04054,16.10385],[108.03887,16.10724],[108.03678,16.10563],[108.03467,16.10504],[108.03329,16.104],[108.02974,16.10067],[108.02853,16.09903],[108.0235,16.09559],[108.02176,16.09369],[108.01979,16.093],[108.01693,16.09124],[108.01584,16.09102],[108.0126,16.09193],[108.01188,16.0926],[108.00831,16.09134],[108.00618,16.08954],[108.00554,16.0884],[108.00706,16.08417],[108.00637,16.08323],[108.00586,16.0795],[108.00636,16.07529],[108.0059,16.07396],[108.0024,16.07224],[108.00141,16.07073],[107.9964,16.07005],[107.9935,16.06808],[107.99221,16.06771],[107.98998,16.06903],[107.98701,16.06859],[107.98617,16.0677],[107.98292,16.06745],[107.98071,16.06764],[107.97792,16.06565],[107.97483,16.06585],[107.97379,16.06489],[107.97167,16.06468],[107.97051,16.0655],[107.96564,16.06491],[107.96514,16.06442],[107.96275,16.06502],[107.96109,16.06437],[107.96077,16.06208],[107.96156,16.05998],[107.96077,16.05573],[107.96071,16.0532],[107.96003,16.05228],[107.9594,16.04991],[107.9585,16.04852],[107.95818,16.04592],[107.9585,16.0416],[107.95806,16.03691],[107.95983,16.03589],[107.96118,16.03236],[107.96358,16.03146],[107.96499,16.03048],[107.96587,16.0291],[107.96845,16.02805],[107.96985,16.02581],[107.96933,16.02402],[107.97009,16.02242],[107.97002,16.02013],[107.9712,16.0191],[107.97302,16.01849],[107.97458,16.0168],[107.97555,16.01644],[107.97777,16.01392],[107.97975,16.01275],[107.9835,16.0119],[107.98283,16.00907],[107.98134,16.00579],[107.9822,16.00485],[107.9823,16.00301],[107.98134,16.00184],[107.98078,15.99961],[107.98187,15.99667],[107.98635,15.99778],[107.98805,15.99554],[107.9897,15.99537],[107.99076,15.99431],[107.99209,15.99542],[107.99379,15.99587],[107.99675,15.99429],[107.99816,15.99418],[107.99951,15.99472],[108.00016,15.9957],[108.00182,15.99598],[108.00412,15.99536],[108.0074,15.99518],[108.01922,15.99541],[108.02723,15.99608],[108.02939,15.99695],[108.03277,15.99724],[108.03534,16.00157],[108.03666,16.00309],[108.04043,16.00372],[108.04335,16.00699],[108.04568,16.00792],[108.04675,16.0073],[108.04924,16.0075],[108.05145,16.00951],[108.05108,16.01062],[108.05133,16.01229],[108.06475,16.02027],[108.06917,16.02263],[108.07017,16.02197],[108.06997,16.02032],[108.07118,16.01859],[108.07201,16.01828],[108.07518,16.01868],[108.07402,16.01148],[108.07251,16.00951],[108.07089,16.00905],[108.07075,16.0068],[108.07147,16.00578],[108.07361,16.00573],[108.07489,16.00515],[108.07495,16.00366],[108.07433,16.00286],[108.07482,16.00086],[108.07606,15.99892],[108.07682,15.99944],[108.07848,15.99931],[108.08099,16.00091],[108.08308,16.00108],[108.08519,16.00304],[108.08617,16.00332],[108.0871,16.00227],[108.0853,16.00061],[108.08814,15.99734],[108.08984,15.99699],[108.094,15.99703],[108.0973,15.99753],[108.09936,15.99898],[108.10282,16.00092],[108.1057,16.00074],[108.10831,15.99926],[108.10987,15.99918],[108.11217,15.99978],[108.11565,16.00171],[108.11702,16.00176],[108.11914,16.00042],[108.12031,16.00021],[108.12332,16.00065],[108.12462,16.00121],[108.1266,16.00345],[108.12943,16.00423],[108.13449,16.00358],[108.13526,16.00252],[108.13477,15.99996],[108.13602,15.99838],[108.1376,15.99853],[108.13797,16.00077],[108.13885,16.00143],[108.14089,16.00043],[108.14159,15.99846],[108.14115,15.99599],[108.14156,15.99378],[108.14226,15.99316],[108.14566,15.99296],[108.14894,15.99372],[108.15158,15.99467],[108.158,15.99392],[108.15804,15.99589],[108.15754,15.9968],[108.15752,15.99957],[108.15807,16.00072],[108.1592,16.00689],[108.16,16.00921],[108.16649,16.01193],[108.16829,16.01391],[108.17065,16.01573],[108.16911,16.01752],[108.16651,16.01862],[108.16541,16.02054],[108.16544,16.02188],[108.16262,16.02409],[108.16026,16.02398],[108.16215,16.02664],[108.16396,16.0272],[108.16464,16.02804],[108.16426,16.0301],[108.16339,16.03156],[108.16348,16.0327],[108.16221,16.03497],[108.16077,16.03333],[108.1593,16.03304],[108.15506,16.03486],[108.15312,16.03455],[108.15229,16.03545],[108.14926,16.03529],[108.14831,16.03556],[108.14635,16.0349],[108.14493,16.03512],[108.14403,16.03407],[108.1415,16.0341],[108.14079,16.03316],[108.13804,16.03253],[108.13683,16.03193],[108.13454,16.03168],[108.13195,16.03074],[108.12952,16.03087],[108.12711,16.02936],[108.12526,16.02968],[108.12389,16.02898],[108.12406,16.02801],[108.12219,16.02614],[108.12208,16.0249],[108.1207,16.02377],[108.11882,16.02592],[108.11633,16.02487],[108.11411,16.02566],[108.11337,16.02679],[108.11186,16.0264],[108.11137,16.02414],[108.11072,16.02295],[108.10722,16.02208],[108.10584,16.02114],[108.1049,16.02127],[108.10376,16.02356],[108.10224,16.02434],[108.10133,16.02697],[108.09949,16.02878],[108.09697,16.02981],[108.09569,16.03112],[108.09332,16.03282],[108.09068,16.03431],[108.0865,16.03363],[108.08415,16.03527],[108.08445,16.03772],[108.08415,16.03983],[108.08492,16.04096],[108.08457,16.04239],[108.08487,16.04505],[108.08616,16.0462],[108.08748,16.0483],[108.08755,16.04962],[108.0892,16.05025],[108.09109,16.05154],[108.09234,16.0531],[108.0905,16.05824],[108.09096,16.05901],[108.09006,16.06072],[108.09134,16.06215]]]},"properties":{"a01_tinh":"diaphanhanhchinhcaptinh_sn.132","a02_xa":"diaphanhanhchinhcapxa_2025.1913","a03_ten":"Xã Bà Nà","a04_tentinh":"Thành phố Đà Nẵng","a05_truocsn":"Xã Hòa Ninh, Xã Hòa Nhơn","a06_trungtamhc":"Đường ĐH 2, thôn Thạch Nham Tây, xã Bà Nà","a07_dt":"136.41","a08_ds":"25267","a09_dthoai":null,"a10_web":null,"ten":"Xã Bà Nà","ma":"20308","tentinh":"Thành Phố Đà Nẵng","truocsapnhap":"Xã Hòa Ninh, Xã Hòa Nhơn","dientichkm2":null,"dansonguoi":null},"id":"diaphanhanhchinhcapxa_2025.1913"},
{"type":"Feature","geometry":{"type":"Polygon","coordinates":[[[107.58825,15.76911],[107.5869,15.77219],[107.58472,15.77318],[107.5843,15.77461],[107.58258,15.77606],[107.58088,15.7764],[107.57974,15.77727],[107.57654,15.77591],[107.57467,15.77564],[107.57232,15.77419],[107.57037,15.77365],[107.56646,15.77454],[107.5658,15.77431],[107.56405,15.77019],[107.56265,15.7693],[107.55767,15.76895],[107.55517,15.76956],[107.55199,15.76864],[107.54841,15.76851],[107.54616,15.77001],[107.546,15.77218],[107.54453,15.77354],[107.54429,15.77524],[107.54303,15.77637],[107.54071,15.77258],[107.53994,15.77171],[107.5397,15.76773],[107.53567,15.76458],[107.53631,15.7629],[107.53443,15.76278],[107.53406,15.76125],[107.53277,15.75991],[107.53025,15.75979],[107.52742,15.75672],[107.52808,15.75539],[107.52779,15.75275],[107.52628,15.75159],[107.52632,15.75052],[107.52489,15.7485],[107.52549,15.74495],[107.52545,15.7425],[107.525,15.74126],[107.52721,15.73948],[107.52692,15.73679],[107.52636,15.73604],[107.52658,15.73421],[107.52804,15.72915],[107.52974,15.72764],[107.53115,15.72529],[107.53333,15.7246],[107.53589,15.72529],[107.539,15.72545],[107.54093,15.72346],[107.54349,15.72303],[107.54986,15.71624],[107.55192,15.71358],[107.55375,15.7086],[107.55368,15.7078],[107.55196,15.70677],[107.55044,15.70487],[107.54712,15.70345],[107.54591,15.70248],[107.54546,15.70081],[107.54286,15.69613],[107.54296,15.69412],[107.53979,15.69104],[107.53989,15.68966],[107.54203,15.688],[107.54258,15.68565],[107.54376,15.68289],[107.54545,15.68146],[107.54647,15.68113],[107.54803,15.68162],[107.55135,15.68197],[107.55417,15.68178],[107.5572,15.6833],[107.55851,15.68442],[107.56123,15.68411],[107.56578,15.68727],[107.56691,15.68742],[107.56877,15.68654],[107.57041,15.68666],[107.57209,15.68534],[107.57387,15.68487],[107.57693,15.68462],[107.58006,15.68265],[107.58186,15.68038],[107.58483,15.67819],[107.58609,15.67838],[107.58868,15.67961],[107.59281,15.67833],[107.59571,15.67846],[107.59816,15.68001],[107.60312,15.67922],[107.60545,15.67853],[107.60699,15.6773],[107.60863,15.67232],[107.60978,15.66984],[107.61078,15.66913],[107.61237,15.66893],[107.61445,15.668],[107.61621,15.66547],[107.61742,15.662],[107.61879,15.6593],[107.61865,15.65801],[107.6198,15.65499],[107.61969,15.65336],[107.62043,15.65136],[107.61723,15.65045],[107.61588,15.65054],[107.61392,15.65237],[107.61252,15.65261],[107.61095,15.65463],[107.60846,15.65437],[107.6074,15.65463],[107.6048,15.65387],[107.60419,15.65477],[107.60287,15.65423],[107.60249,15.65189],[107.60025,15.65095],[107.59998,15.64716],[107.59943,15.64604],[107.59704,15.64418],[107.5979,15.64145],[107.59738,15.64058],[107.59503,15.64013],[107.59611,15.63833],[107.59559,15.6374],[107.59291,15.63772],[107.5942,15.6355],[107.59291,15.6347],[107.59296,15.63346],[107.59429,15.63364],[107.59499,15.63227],[107.59649,15.63126],[107.59405,15.62923],[107.59382,15.62766],[107.59213,15.62738],[107.58976,15.6277],[107.5891,15.6264],[107.58926,15.62451],[107.58981,15.62398],[107.59025,15.62183],[107.58976,15.62001],[107.58846,15.61781],[107.58863,15.61687],[107.59102,15.61596],[107.5919,15.61455],[107.59339,15.61405],[107.59426,15.613],[107.60118,15.61254],[107.60265,15.61117],[107.60326,15.60928],[107.60438,15.6094],[107.60618,15.60778],[107.61086,15.60788],[107.61334,15.60731],[107.61528,15.60648],[107.61722,15.60708],[107.61907,15.60853],[107.62258,15.6072],[107.62456,15.60488],[107.62751,15.60354],[107.62962,15.60408],[107.63202,15.60255],[107.63347,15.60254],[107.6358,15.60183],[107.63828,15.60387],[107.63996,15.60437],[107.64165,15.60326],[107.64351,15.60343],[107.64508,15.60577],[107.64618,15.60655],[107.64904,15.60753],[107.65198,15.60964],[107.65362,15.61156],[107.65336,15.61388],[107.65522,15.61378],[107.65825,15.6116],[107.66049,15.60898],[107.66392,15.60669],[107.66502,15.60494],[107.66601,15.6025],[107.66624,15.60065],[107.6669,15.59966],[107.66743,15.59698],[107.66709,15.59318],[107.66799,15.59224],[107.66842,15.58977],[107.67014,15.58927],[107.67147,15.58746],[107.67386,15.58647],[107.67412,15.58456],[107.67504,15.58249],[107.67636,15.58235],[107.67698,15.58112],[107.67616,15.57966],[107.67852,15.5767],[107.67959,15.57638],[107.68008,15.57498],[107.68129,15.57397],[107.68168,15.57116],[107.68591,15.56493],[107.68568,15.56429],[107.68674,15.56265],[107.68796,15.56219],[107.68817,15.56089],[107.68971,15.55999],[107.68856,15.55926],[107.68835,15.55826],[107.6915,15.55702],[107.69189,15.55783],[107.69356,15.55837],[107.69418,15.55999],[107.69514,15.56048],[107.69712,15.56209],[107.70051,15.55988],[107.7022,15.55933],[107.70465,15.55792],[107.7083,15.55705],[107.71074,15.55731],[107.71292,15.55871],[107.71449,15.56084],[107.71648,15.56102],[107.719,15.5603],[107.72068,15.56121],[107.72242,15.56079],[107.72419,15.5611],[107.72826,15.56394],[107.73123,15.56446],[107.73081,15.56549],[107.73186,15.56788],[107.73445,15.56885],[107.7365,15.56851],[107.73784,15.56878],[107.74292,15.56843],[107.74441,15.56896],[107.74587,15.57115],[107.74891,15.57171],[107.75136,15.57502],[107.75383,15.57583],[107.75557,15.57575],[107.75685,15.57439],[107.7594,15.57312],[107.76199,15.5715],[107.76424,15.57173],[107.76663,15.57271],[107.76901,15.57269],[107.77159,15.57367],[107.77222,15.57479],[107.77677,15.57661],[107.77891,15.57639],[107.77954,15.5771],[107.77867,15.57994],[107.77969,15.58097],[107.78273,15.5797],[107.78443,15.57946],[107.78526,15.57752],[107.7867,15.57861],[107.78702,15.57976],[107.78931,15.5789],[107.79184,15.58022],[107.79362,15.58035],[107.79687,15.58],[107.79814,15.58076],[107.79895,15.57956],[107.80083,15.57934],[107.80214,15.57976],[107.80371,15.5789],[107.80601,15.57921],[107.80635,15.58016],[107.80887,15.58051],[107.81048,15.57937],[107.8123,15.5801],[107.81318,15.57929],[107.81497,15.57922],[107.81643,15.57977],[107.8176,15.581],[107.81857,15.58022],[107.81976,15.58033],[107.82095,15.57899],[107.82283,15.57992],[107.82336,15.57753],[107.82299,15.57469],[107.82324,15.57347],[107.82572,15.57172],[107.82696,15.57283],[107.82795,15.572],[107.82804,15.57043],[107.8289,15.56966],[107.83319,15.56988],[107.83528,15.56961],[107.83649,15.56798],[107.83826,15.56695],[107.84017,15.56658],[107.84279,15.56514],[107.84377,15.56376],[107.84409,15.56234],[107.84523,15.56051],[107.8513,15.55967],[107.85365,15.55857],[107.85501,15.55872],[107.85616,15.55769],[107.8598,15.55784],[107.85784,15.55967],[107.85496,15.56302],[107.85357,15.56408],[107.85317,15.56551],[107.85429,15.56754],[107.85408,15.56879],[107.85301,15.56952],[107.85357,15.57315],[107.85234,15.5752],[107.85441,15.57834],[107.85703,15.57814],[107.85838,15.57949],[107.86038,15.57988],[107.86144,15.58092],[107.86482,15.58036],[107.86574,15.57958],[107.8677,15.57958],[107.86799,15.58287],[107.86654,15.58505],[107.8673,15.58585],[107.86724,15.5907],[107.86632,15.59165],[107.86485,15.59208],[107.86499,15.59486],[107.86683,15.59775],[107.86976,15.59862],[107.87026,15.60022],[107.86957,15.60226],[107.87086,15.60737],[107.87159,15.60836],[107.87333,15.60924],[107.8751,15.60882],[107.87708,15.61045],[107.87979,15.61499],[107.88147,15.61561],[107.88283,15.61683],[107.8844,15.61954],[107.88544,15.62234],[107.88526,15.62398],[107.88349,15.62721],[107.88349,15.62879],[107.88236,15.63129],[107.88027,15.63354],[107.87828,15.63471],[107.87736,15.63575],[107.87738,15.6371],[107.87868,15.63796],[107.87858,15.64106],[107.87577,15.6421],[107.87346,15.64408],[107.87345,15.64523],[107.8749,15.64662],[107.87493,15.64904],[107.87241,15.64883],[107.87053,15.64918],[107.86851,15.64865],[107.86681,15.64964],[107.86626,15.65196],[107.86456,15.65296],[107.86375,15.65513],[107.86228,15.65648],[107.86172,15.65793],[107.86054,15.65807],[107.85815,15.65981],[107.85573,15.66029],[107.8553,15.66164],[107.85436,15.662],[107.85448,15.66387],[107.85349,15.66557],[107.85213,15.66654],[107.85167,15.66887],[107.84823,15.67359],[107.84248,15.67965],[107.8374,15.68267],[107.83566,15.683],[107.83077,15.68553],[107.82966,15.68649],[107.82928,15.68804],[107.82816,15.68913],[107.82383,15.691],[107.82221,15.69207],[107.82008,15.69412],[107.81969,15.69501],[107.82025,15.69643],[107.81967,15.69748],[107.81734,15.6984],[107.81632,15.70119],[107.8175,15.704],[107.82047,15.70696],[107.82094,15.71005],[107.82038,15.71361],[107.81912,15.71482],[107.81863,15.71634],[107.81887,15.7184],[107.81852,15.71964],[107.81951,15.72263],[107.81883,15.72389],[107.81923,15.7256],[107.81524,15.72517],[107.81376,15.72561],[107.81186,15.72946],[107.81246,15.7322],[107.81097,15.73283],[107.81169,15.73504],[107.81135,15.73641],[107.81264,15.7383],[107.81183,15.73903],[107.8094,15.74002],[107.8075,15.74019],[107.80672,15.741],[107.80548,15.74358],[107.80278,15.74499],[107.79813,15.74349],[107.79588,15.74169],[107.79239,15.74344],[107.79168,15.74306],[107.79037,15.74422],[107.78783,15.7433],[107.78705,15.74227],[107.78508,15.74365],[107.78347,15.74313],[107.77901,15.74034],[107.77595,15.73928],[107.77259,15.73616],[107.76897,15.7346],[107.76694,15.73289],[107.76575,15.73097],[107.76419,15.73009],[107.76297,15.72732],[107.76217,15.727],[107.76146,15.72541],[107.75895,15.72468],[107.75624,15.72488],[107.75441,15.72182],[107.75307,15.72025],[107.75309,15.71815],[107.75111,15.71729],[107.74975,15.71757],[107.7473,15.71608],[107.74505,15.71511],[107.7429,15.71519],[107.74121,15.71458],[107.7389,15.71513],[107.73667,15.71428],[107.73541,15.71301],[107.73471,15.7135],[107.73269,15.71341],[107.73054,15.71225],[107.7299,15.71136],[107.72752,15.71015],[107.72471,15.71061],[107.72378,15.71013],[107.72108,15.70967],[107.72002,15.70861],[107.72012,15.71435],[107.721,15.71771],[107.72091,15.7204],[107.72173,15.72202],[107.72156,15.72467],[107.72089,15.72551],[107.71739,15.72781],[107.718,15.72864],[107.7184,15.73157],[107.71923,15.73325],[107.71892,15.73406],[107.71432,15.73712],[107.71088,15.73636],[107.70986,15.73804],[107.7077,15.73922],[107.70658,15.74083],[107.70416,15.74217],[107.70325,15.74495],[107.7034,15.74624],[107.70229,15.74759],[107.70069,15.74849],[107.69802,15.74923],[107.69703,15.7503],[107.69575,15.75012],[107.69541,15.74812],[107.69346,15.74637],[107.69146,15.74104],[107.68686,15.7355],[107.68567,15.73214],[107.68407,15.73019],[107.68231,15.72925],[107.68113,15.7273],[107.67827,15.7264],[107.67396,15.72433],[107.67272,15.72342],[107.67156,15.72375],[107.66711,15.72372],[107.66436,15.72314],[107.66218,15.72416],[107.66163,15.72543],[107.66001,15.72583],[107.65541,15.72854],[107.654,15.72968],[107.65295,15.73164],[107.65365,15.73335],[107.65341,15.73441],[107.65196,15.73677],[107.65216,15.74174],[107.65202,15.74389],[107.65235,15.74718],[107.65131,15.75177],[107.65297,15.75328],[107.6533,15.75807],[107.65284,15.76147],[107.65038,15.75959],[107.64671,15.75909],[107.64542,15.75991],[107.6432,15.76059],[107.64099,15.76028],[107.63944,15.75932],[107.63828,15.75941],[107.63527,15.75816],[107.63099,15.75739],[107.62963,15.75903],[107.62834,15.7595],[107.62622,15.75896],[107.62056,15.76022],[107.61751,15.76145],[107.61196,15.76296],[107.60815,15.76436],[107.60528,15.76564],[107.60019,15.76734],[107.5987,15.76871],[107.59374,15.76888],[107.59213,15.76983],[107.59021,15.76909],[107.58825,15.76911]]]},"properties":{"a01_tinh":"diaphanhanhchinhcaptinh_sn.132","a02_xa":"diaphanhanhchinhcapxa_2025.1950","a03_ten":"Xã Bến Giằng","a04_tentinh":"Thành phố Đà Nẵng","a05_truocsn":"Xã Cà Dy, Xã Tà Bhing, Xã Tà Pơơ","a06_trungtamhc":"Thôn Bến Giằng, xã Bến Giằng","a07_dt":"535.96","a08_ds":"8277","a09_dthoai":null,"a10_web":null,"ten":"Xã Bến Giằng","ma":"20710","tentinh":"Thành Phố Đà Nẵng","truocsapnhap":"Xã Cà Dy, Xã Tà Bhing, Xã Tà Pơơ","dientichkm2":null,"dansonguoi":null},"id":"diaphanhanhchinhcapxa_2025.1950"},
{"type":"Feature","geometry":{"type":"Polygon","coordinates":[[[107.84952,15.93536],[107.84637,15.93633],[107.84576,15.93585],[107.84303,15.93727],[107.83982,15.93797],[107.83883,15.93774],[107.83808,15.93641],[107.8363,15.93537],[107.8344,15.93492],[107.83227,15.93511],[107.83136,15.93565],[107.82802,15.93457],[107.82672,15.93333],[107.82458,15.93344],[107.82321,15.93259],[107.82333,15.93091],[107.82148,15.92621],[107.81986,15.92508],[107.82011,15.92337],[107.81833,15.92104],[107.81741,15.91913],[107.81564,15.91866],[107.81414,15.91759],[107.80861,15.91591],[107.80377,15.91238],[107.80291,15.91063],[107.80033,15.9077],[107.79751,15.90801],[107.7957,15.90917],[107.79465,15.90924],[107.79297,15.90776],[107.79328,15.90592],[107.79224,15.904],[107.79072,15.90276],[107.78792,15.90336],[107.78655,15.90231],[107.78381,15.90283],[107.78159,15.90219],[107.77996,15.90084],[107.77864,15.89914],[107.77663,15.89922],[107.77407,15.898],[107.77133,15.89768],[107.77056,15.89649],[107.76944,15.89626],[107.76742,15.89479],[107.76527,15.89247],[107.76356,15.8896],[107.76149,15.88815],[107.75861,15.88935],[107.75661,15.8873],[107.75464,15.88766],[107.75297,15.88661],[107.7522,15.88669],[107.75152,15.889],[107.75046,15.88984],[107.7488,15.89273],[107.74774,15.8935],[107.74713,15.89538],[107.74808,15.89655],[107.74709,15.89842],[107.74506,15.89904],[107.74091,15.90168],[107.73913,15.90195],[107.73731,15.90306],[107.73547,15.90365],[107.73387,15.90353],[107.73279,15.90557],[107.73201,15.90523],[107.72874,15.90688],[107.72504,15.90618],[107.72403,15.90559],[107.72198,15.90577],[107.72037,15.9043],[107.71915,15.90381],[107.7177,15.90294],[107.7161,15.90263],[107.71481,15.90115],[107.71287,15.90132],[107.71203,15.90014],[107.70964,15.89816],[107.70784,15.89744],[107.70532,15.89464],[107.70041,15.89082],[107.69662,15.88621],[107.69574,15.8845],[107.69677,15.88168],[107.69613,15.88023],[107.69187,15.879],[107.6894,15.87853],[107.6883,15.87904],[107.68694,15.88056],[107.6849,15.88033],[107.68334,15.88086],[107.68121,15.88256],[107.67998,15.88297],[107.67924,15.88191],[107.67621,15.88289],[107.674,15.88112],[107.67423,15.87961],[107.67363,15.87791],[107.67179,15.87463],[107.67218,15.87198],[107.67182,15.87117],[107.67451,15.86721],[107.67363,15.86655],[107.67407,15.86352],[107.67289,15.8628],[107.66979,15.8637],[107.66722,15.86166],[107.66534,15.86134],[107.66355,15.86004],[107.66076,15.86058],[107.65808,15.85975],[107.65364,15.86108],[107.65332,15.86407],[107.65353,15.86687],[107.65234,15.86833],[107.65149,15.87206],[107.64987,15.87342],[107.64635,15.87388],[107.64519,15.87348],[107.64577,15.8696],[107.6445,15.86837],[107.64165,15.86805],[107.64097,15.86715],[107.63812,15.86624],[107.63686,15.86411],[107.63693,15.86282],[107.63484,15.86069],[107.63517,15.85866],[107.63377,15.85671],[107.63175,15.85304],[107.62975,15.85202],[107.62732,15.84965],[107.6251,15.84815],[107.62388,15.84617],[107.62086,15.84644],[107.61813,15.84513],[107.61732,15.84432],[107.61468,15.84341],[107.61181,15.84087],[107.61319,15.83798],[107.61285,15.836],[107.60841,15.83284],[107.6077,15.83128],[107.60694,15.82819],[107.60664,15.82519],[107.60621,15.81729],[107.60816,15.81472],[107.606,15.81365],[107.60745,15.81008],[107.60705,15.80863],[107.608,15.80599],[107.6099,15.8054],[107.61009,15.80294],[107.61182,15.7994],[107.60774,15.79928],[107.60602,15.79875],[107.60289,15.79855],[107.60105,15.79733],[107.59909,15.79716],[107.59549,15.79499],[107.59337,15.79443],[107.59225,15.79307],[107.59523,15.7913],[107.59916,15.78799],[107.60545,15.78513],[107.60605,15.78326],[107.60359,15.78263],[107.6025,15.7817],[107.60188,15.78033],[107.6,15.77838],[107.59749,15.77737],[107.59464,15.77529],[107.59402,15.77433],[107.5923,15.7738],[107.59024,15.77189],[107.58825,15.76911],[107.59021,15.76909],[107.59213,15.76983],[107.59374,15.76888],[107.5987,15.76871],[107.60019,15.76734],[107.60528,15.76564],[107.60815,15.76436],[107.61196,15.76296],[107.61751,15.76145],[107.62056,15.76022],[107.62622,15.75896],[107.62834,15.7595],[107.62963,15.75903],[107.63099,15.75739],[107.63527,15.75816],[107.63828,15.75941],[107.63944,15.75932],[107.64099,15.76028],[107.6432,15.76059],[107.64542,15.75991],[107.64671,15.75909],[107.65038,15.75959],[107.65284,15.76147],[107.65433,15.76244],[107.65804,15.76614],[107.6594,15.76622],[107.66082,15.76797],[107.66173,15.77276],[107.66151,15.77379],[107.66205,15.77535],[107.66468,15.77762],[107.66607,15.77791],[107.6674,15.77713],[107.67044,15.77706],[107.67329,15.77615],[107.67543,15.77587],[107.67713,15.7762],[107.67841,15.77565],[107.68005,15.77577],[107.68032,15.77448],[107.68255,15.77309],[107.68387,15.775],[107.68696,15.77443],[107.68892,15.77594],[107.69148,15.77741],[107.69364,15.77795],[107.69795,15.77784],[107.70233,15.77858],[107.70667,15.77908],[107.70935,15.77972],[107.71031,15.77804],[107.71158,15.77695],[107.71345,15.77679],[107.71698,15.77757],[107.71914,15.77895],[107.72188,15.78279],[107.72222,15.78378],[107.7244,15.78547],[107.72636,15.78603],[107.72724,15.78852],[107.72777,15.79157],[107.72873,15.79338],[107.73032,15.79468],[107.73231,15.79488],[107.73354,15.79616],[107.73405,15.79823],[107.73598,15.80213],[107.73741,15.80394],[107.73784,15.80711],[107.73875,15.80859],[107.7402,15.80685],[107.74186,15.80662],[107.74608,15.80755],[107.75159,15.80832],[107.75442,15.8095],[107.75524,15.81197],[107.75609,15.81312],[107.75975,15.81497],[107.76176,15.81516],[107.76563,15.81674],[107.7696,15.81718],[107.7739,15.81677],[107.77657,15.81709],[107.78015,15.81928],[107.78064,15.82046],[107.7825,15.82154],[107.78511,15.82239],[107.78779,15.82382],[107.78954,15.82644],[107.79091,15.82748],[107.79296,15.82775],[107.79644,15.82685],[107.80101,15.82765],[107.80275,15.83017],[107.80349,15.8336],[107.80534,15.83587],[107.80667,15.83664],[107.80852,15.83857],[107.81097,15.83879],[107.81101,15.83992],[107.81234,15.84111],[107.81517,15.84454],[107.81329,15.84591],[107.8108,15.84874],[107.81065,15.85248],[107.80872,15.8542],[107.80984,15.8547],[107.81173,15.85469],[107.81429,15.85355],[107.81728,15.85352],[107.82253,15.85531],[107.82637,15.85886],[107.82877,15.85894],[107.8303,15.85955],[107.83076,15.86037],[107.83029,15.8629],[107.83163,15.86521],[107.83183,15.86774],[107.83373,15.86958],[107.83573,15.87364],[107.83539,15.87505],[107.8362,15.87668],[107.83685,15.88135],[107.83808,15.88636],[107.83792,15.88834],[107.83725,15.88901],[107.83725,15.8928],[107.837,15.89524],[107.83618,15.89596],[107.83734,15.89972],[107.8371,15.90082],[107.83606,15.90159],[107.83565,15.90633],[107.83677,15.90891],[107.83794,15.90889],[107.83888,15.91022],[107.84105,15.91088],[107.84455,15.91533],[107.84655,15.916],[107.84636,15.91735],[107.84671,15.92005],[107.84646,15.92198],[107.84714,15.92444],[107.84745,15.92737],[107.84697,15.92895],[107.84755,15.93083],[107.84732,15.9325],[107.84795,15.93406],[107.84952,15.93536]]]},"properties":{"a01_tinh":"diaphanhanhchinhcaptinh_sn.132","a02_xa":"diaphanhanhchinhcapxa_2025.1927","a03_ten":"Xã Bến Hiên","a04_tentinh":"Thành phố Đà Nẵng","a05_truocsn":"Xã Kà Dăng, Xã Mà Cooih","a06_trungtamhc":"Thôn AXờ, xã Bến Hiên","a07_dt":"255.85","a08_ds":"4588","a09_dthoai":null,"a10_web":null,"ten":"Xã Bến Hiên","ma":"20494","tentinh":"Thành Phố Đà Nẵng","truocsapnhap":"Xã Kà Dăng, Xã Mà Cooih","dientichkm2":null,"dansonguoi":null},"id":"diaphanhanhchinhcapxa_2025.1927"},
{"type":"Feature","geometry":{"type":"Polygon","coordinates":[[[108.45982,15.55089],[108.45836,15.54999],[108.45609,15.55296],[108.45498,15.55395],[108.45323,15.5538],[108.45046,15.55039],[108.44936,15.5511],[108.44757,15.55133],[108.44653,15.55243],[108.44508,15.55524],[108.44602,15.55733],[108.44784,15.55816],[108.44762,15.55914],[108.44818,15.56128],[108.44943,15.56272],[108.44975,15.56576],[108.44866,15.56804],[108.44923,15.56951],[108.44853,15.57035],[108.45013,15.57142],[108.4505,15.57451],[108.45274,15.57468],[108.45431,15.57611],[108.45367,15.57718],[108.45489,15.57906],[108.45567,15.58121],[108.45517,15.5836],[108.45683,15.58439],[108.45746,15.58625],[108.45826,15.58703],[108.45905,15.59],[108.46114,15.5922],[108.4615,15.59449],[108.46382,15.59751],[108.46639,15.59884],[108.46523,15.60063],[108.46331,15.60185],[108.46418,15.60269],[108.46174,15.60383],[108.45925,15.60403],[108.45438,15.60857],[108.45189,15.60789],[108.44919,15.60557],[108.4491,15.60337],[108.4474,15.60131],[108.44799,15.60021],[108.44613,15.59665],[108.44386,15.59569],[108.44353,15.59353],[108.44228,15.59291],[108.44154,15.59141],[108.43919,15.59155],[108.43906,15.59251],[108.4366,15.59277],[108.43475,15.59038],[108.43373,15.59071],[108.43095,15.5895],[108.43073,15.58886],[108.43171,15.58685],[108.42926,15.58523],[108.4272,15.58438],[108.42593,15.58462],[108.42363,15.58405],[108.42067,15.58387],[108.41833,15.58245],[108.41905,15.58096],[108.4186,15.57927],[108.41675,15.57681],[108.41662,15.57259],[108.41539,15.57125],[108.41523,15.56967],[108.41563,15.56779],[108.41466,15.56674],[108.41435,15.56468],[108.41472,15.56355],[108.41376,15.56195],[108.41016,15.5625],[108.40909,15.56151],[108.40559,15.56051],[108.40246,15.56218],[108.40033,15.56138],[108.39986,15.56265],[108.39786,15.56377],[108.39685,15.56616],[108.39529,15.56657],[108.3948,15.56764],[108.38895,15.56622],[108.38732,15.56791],[108.3855,15.56727],[108.38305,15.5674],[108.38293,15.56417],[108.38347,15.56325],[108.38277,15.56173],[108.383,15.56014],[108.38462,15.55637],[108.38444,15.55481],[108.38247,15.55428],[108.38008,15.5559],[108.37843,15.55649],[108.37653,15.55652],[108.37367,15.55358],[108.37061,15.55287],[108.36923,15.55006],[108.36839,15.54938],[108.36954,15.54866],[108.36996,15.54738],[108.37303,15.54346],[108.37097,15.5422],[108.36965,15.54241],[108.36819,15.53992],[108.36842,15.53832],[108.3692,15.53757],[108.37138,15.5368],[108.37241,15.53578],[108.37236,15.53419],[108.37375,15.53282],[108.37317,15.53085],[108.37238,15.52982],[108.36968,15.5277],[108.36849,15.52563],[108.36849,15.52484],[108.37015,15.52288],[108.37037,15.52201],[108.37181,15.52193],[108.3725,15.5212],[108.37617,15.52129],[108.37947,15.52095],[108.38099,15.51892],[108.38347,15.52012],[108.38437,15.52153],[108.38849,15.5227],[108.38965,15.52501],[108.39084,15.52659],[108.39428,15.5273],[108.39463,15.5281],[108.39445,15.53215],[108.3985,15.53269],[108.39977,15.53153],[108.40377,15.53225],[108.40528,15.53205],[108.40714,15.53111],[108.40892,15.53117],[108.41036,15.53268],[108.41382,15.53368],[108.416,15.53626],[108.41717,15.53682],[108.41728,15.53873],[108.41941,15.54022],[108.42106,15.5438],[108.42112,15.5453],[108.42018,15.54698],[108.42049,15.54868],[108.42444,15.55153],[108.42566,15.54835],[108.42659,15.54688],[108.42819,15.54616],[108.42725,15.54475],[108.42823,15.54365],[108.43082,15.54327],[108.43208,15.54153],[108.43349,15.54159],[108.4369,15.53881],[108.43749,15.53501],[108.43603,15.53388],[108.43593,15.53224],[108.4346,15.52958],[108.43264,15.52834],[108.43153,15.52719],[108.43129,15.52519],[108.43344,15.52375],[108.43449,15.52213],[108.43886,15.5199],[108.44099,15.51922],[108.44276,15.52083],[108.44345,15.52215],[108.44579,15.52321],[108.44688,15.52306],[108.44835,15.524],[108.44931,15.52521],[108.45118,15.52471],[108.45243,15.52376],[108.45395,15.52418],[108.45239,15.52628],[108.45379,15.52699],[108.45513,15.52982],[108.45499,15.53191],[108.45748,15.53244],[108.46061,15.53206],[108.46342,15.53347],[108.46425,15.53431],[108.46592,15.53364],[108.46631,15.53226],[108.46886,15.53197],[108.47115,15.53071],[108.47248,15.53182],[108.47113,15.53391],[108.47121,15.53583],[108.46997,15.53808],[108.47009,15.5414],[108.46943,15.5459],[108.4672,15.54595],[108.46775,15.54773],[108.4645,15.54988],[108.46299,15.55008],[108.46088,15.55108],[108.45982,15.55089]]]},"properties":{"a01_tinh":"diaphanhanhchinhcaptinh_sn.132","a02_xa":"diaphanhanhchinhcapxa_2025.1973","a03_ten":"Xã Chiên Đàn","a04_tentinh":"Thành phố Đà Nẵng","a05_truocsn":"Thị trấn Phú Thịnh, Xã Tam Đàn, Xã Tam Thái","a06_trungtamhc":"Số 01 đường Hà Đông, xã Chiên Đàn","a07_dt":"48.63","a08_ds":"32145","a09_dthoai":null,"a10_web":null,"ten":"Xã Chiên Đàn","ma":"20364","tentinh":"Thành Phố Đà Nẵng","truocsapnhap":"Thị trấn Phú Thịnh, Xã Tam Đàn, Xã Tam Thái","dientichkm2":null,"dansonguoi":null},"id":"diaphanhanhchinhcapxa_2025.1973"},
{"type":"Feature","geometry":{"type":"Polygon","coordinates":[[[107.69514,15.56048],[107.69418,15.55999],[107.69356,15.55837],[107.69189,15.55783],[107.6915,15.55702],[107.68835,15.55826],[107.68856,15.55926],[107.68971,15.55999],[107.68817,15.56089],[107.68796,15.56219],[107.68674,15.56265],[107.68568,15.56429],[107.68591,15.56493],[107.68168,15.57116],[107.68129,15.57397],[107.68008,15.57498],[107.67959,15.57638],[107.67852,15.5767],[107.67616,15.57966],[107.67698,15.58112],[107.67636,15.58235],[107.67504,15.58249],[107.67412,15.58456],[107.67386,15.58647],[107.67147,15.58746],[107.67014,15.58927],[107.66842,15.58977],[107.66799,15.59224],[107.66709,15.59318],[107.66743,15.59698],[107.6669,15.59966],[107.66624,15.60065],[107.66601,15.6025],[107.66502,15.60494],[107.66392,15.60669],[107.66049,15.60898],[107.65825,15.6116],[107.65522,15.61378],[107.65336,15.61388],[107.65362,15.61156],[107.65198,15.60964],[107.64904,15.60753],[107.64618,15.60655],[107.64508,15.60577],[107.64351,15.60343],[107.64165,15.60326],[107.63996,15.60437],[107.63828,15.60387],[107.6358,15.60183],[107.63347,15.60254],[107.63202,15.60255],[107.62962,15.60408],[107.62751,15.60354],[107.62456,15.60488],[107.62258,15.6072],[107.61907,15.60853],[107.61722,15.60708],[107.61528,15.60648],[107.61334,15.60731],[107.61086,15.60788],[107.60618,15.60778],[107.60438,15.6094],[107.60326,15.60928],[107.60265,15.61117],[107.60118,15.61254],[107.59426,15.613],[107.59167,15.61169],[107.59137,15.61092],[107.58795,15.60876],[107.5857,15.6092],[107.58437,15.60867],[107.58404,15.60735],[107.58272,15.60709],[107.58168,15.60613],[107.58016,15.60557],[107.57765,15.60393],[107.57614,15.60253],[107.57421,15.60252],[107.57138,15.59961],[107.56812,15.5991],[107.56648,15.60074],[107.56033,15.60159],[107.55895,15.60532],[107.55464,15.60637],[107.5544,15.60536],[107.55229,15.60457],[107.55054,15.60473],[107.549,15.60408],[107.54677,15.60473],[107.54612,15.60394],[107.54298,15.60323],[107.54215,15.60206],[107.5409,15.59855],[107.54044,15.59839],[107.53854,15.59759],[107.5372,15.59584],[107.53511,15.59562],[107.53274,15.59424],[107.53238,15.59172],[107.53006,15.59142],[107.52933,15.5907],[107.5286,15.58834],[107.52765,15.58661],[107.52474,15.58482],[107.52313,15.58546],[107.52188,15.58523],[107.52061,15.58257],[107.51956,15.58156],[107.52088,15.58035],[107.52063,15.57777],[107.52115,15.57645],[107.51956,15.57608],[107.51959,15.57456],[107.52136,15.57133],[107.52139,15.56953],[107.52356,15.56789],[107.52256,15.56607],[107.52016,15.56507],[107.52196,15.56271],[107.52011,15.56179],[107.52119,15.55952],[107.52114,15.55808],[107.52026,15.55752],[107.51755,15.55414],[107.51502,15.55042],[107.51542,15.54832],[107.51389,15.54723],[107.51268,15.54727],[107.51258,15.54503],[107.51143,15.54375],[107.50973,15.54445],[107.50772,15.54148],[107.50834,15.54058],[107.50653,15.5395],[107.50729,15.53257],[107.50679,15.53143],[107.50702,15.52968],[107.5065,15.52632],[107.5037,15.52551],[107.50318,15.52476],[107.50136,15.52417],[107.50081,15.52306],[107.49819,15.52291],[107.49737,15.52229],[107.49491,15.52189],[107.49362,15.52111],[107.49417,15.51563],[107.49208,15.51419],[107.49165,15.51122],[107.49045,15.50993],[107.49048,15.50845],[107.4918,15.50769],[107.49204,15.50658],[107.49073,15.50472],[107.49159,15.50309],[107.4915,15.50144],[107.49479,15.4984],[107.49419,15.49644],[107.49641,15.49438],[107.4962,15.49224],[107.49721,15.49208],[107.49765,15.49052],[107.49846,15.48978],[107.50024,15.48654],[107.50393,15.48351],[107.50484,15.48345],[107.50555,15.48208],[107.50513,15.47939],[107.50664,15.47716],[107.50736,15.47464],[107.5101,15.47429],[107.51182,15.47334],[107.5128,15.47373],[107.51388,15.47287],[107.51395,15.47072],[107.51491,15.4686],[107.51539,15.46522],[107.51753,15.46468],[107.51777,15.46359],[107.51611,15.46207],[107.51613,15.46024],[107.51824,15.46086],[107.52005,15.45964],[107.52032,15.45835],[107.52253,15.4571],[107.52276,15.45376],[107.52196,15.45195],[107.52282,15.45062],[107.52215,15.44746],[107.52236,15.4462],[107.52453,15.44447],[107.52538,15.44292],[107.52724,15.44222],[107.52627,15.44009],[107.52723,15.4377],[107.5242,15.4348],[107.52339,15.43303],[107.52274,15.42902],[107.52272,15.42751],[107.52173,15.42644],[107.51925,15.42502],[107.51919,15.42233],[107.51834,15.41812],[107.51849,15.41614],[107.5204,15.41418],[107.52365,15.41157],[107.52689,15.41048],[107.52952,15.40784],[107.53067,15.40546],[107.53136,15.40517],[107.53365,15.40611],[107.53607,15.4045],[107.53816,15.40559],[107.54105,15.40514],[107.54315,15.40588],[107.54638,15.40534],[107.54694,15.40373],[107.54806,15.40351],[107.55072,15.40049],[107.55448,15.39801],[107.55886,15.39624],[107.56102,15.39443],[107.5652,15.39479],[107.56956,15.39645],[107.57111,15.39811],[107.57348,15.39771],[107.57454,15.39875],[107.57466,15.39981],[107.57656,15.40131],[107.58134,15.40581],[107.5836,15.40753],[107.58975,15.41302],[107.59389,15.41352],[107.595,15.41291],[107.59731,15.41404],[107.59966,15.41457],[107.60163,15.41675],[107.60161,15.41883],[107.60379,15.42143],[107.60908,15.42019],[107.61032,15.41756],[107.61152,15.41731],[107.61403,15.41762],[107.6166,15.41727],[107.6211,15.41762],[107.6234,15.41612],[107.62401,15.41453],[107.62702,15.41468],[107.62966,15.41551],[107.63129,15.4175],[107.63536,15.41613],[107.63682,15.4163],[107.63842,15.41509],[107.63905,15.41197],[107.64096,15.40926],[107.6426,15.40779],[107.64246,15.40597],[107.64562,15.40435],[107.64974,15.4011],[107.65239,15.3987],[107.65404,15.39815],[107.65541,15.39653],[107.65557,15.39334],[107.65681,15.3913],[107.66021,15.38838],[107.66044,15.38681],[107.66119,15.38583],[107.6618,15.38801],[107.66186,15.3904],[107.66375,15.3927],[107.6646,15.39324],[107.6652,15.39591],[107.66645,15.39736],[107.66743,15.39747],[107.66853,15.39868],[107.6691,15.40052],[107.66829,15.40219],[107.66908,15.40478],[107.66774,15.40666],[107.66851,15.40759],[107.67018,15.40746],[107.67049,15.40877],[107.6724,15.41053],[107.6747,15.41177],[107.6771,15.41639],[107.67819,15.41669],[107.67734,15.41844],[107.67795,15.41961],[107.67926,15.4205],[107.67957,15.42144],[107.67873,15.42375],[107.67781,15.42481],[107.67801,15.42602],[107.67741,15.42833],[107.67849,15.43123],[107.67829,15.43244],[107.67702,15.43324],[107.67754,15.43443],[107.67869,15.43512],[107.67877,15.4381],[107.67972,15.44122],[107.68092,15.44208],[107.68165,15.4439],[107.68065,15.44513],[107.68237,15.44765],[107.68167,15.44942],[107.68208,15.45073],[107.68194,15.45378],[107.68364,15.45476],[107.68543,15.45864],[107.68922,15.46131],[107.69096,15.46354],[107.69193,15.46361],[107.69427,15.46187],[107.69586,15.46461],[107.69576,15.46549],[107.69371,15.46696],[107.69471,15.46874],[107.69678,15.46918],[107.69921,15.47128],[107.69964,15.47376],[107.70171,15.47378],[107.70172,15.47547],[107.70279,15.47671],[107.70398,15.479],[107.70677,15.48064],[107.70529,15.48359],[107.70283,15.48334],[107.70156,15.48402],[107.69656,15.4877],[107.69638,15.48991],[107.69786,15.49158],[107.69938,15.49231],[107.70133,15.49254],[107.70322,15.49395],[107.70314,15.49499],[107.70183,15.49641],[107.70148,15.49812],[107.70224,15.50092],[107.70472,15.50185],[107.70501,15.50362],[107.70313,15.50583],[107.70346,15.50841],[107.70454,15.51051],[107.70667,15.51316],[107.70677,15.51486],[107.7031,15.51682],[107.70278,15.51768],[107.70377,15.51917],[107.70359,15.52094],[107.70188,15.52336],[107.70013,15.52423],[107.70027,15.52872],[107.70069,15.52951],[107.70246,15.52954],[107.70447,15.5288],[107.7049,15.52975],[107.70247,15.5315],[107.70113,15.53579],[107.70126,15.53745],[107.6994,15.53853],[107.69837,15.53996],[107.6988,15.54146],[107.69794,15.54327],[107.69934,15.54422],[107.69842,15.54614],[107.69645,15.54527],[107.69475,15.54596],[107.69577,15.54788],[107.6957,15.54985],[107.69807,15.55046],[107.69837,15.55195],[107.6975,15.55446],[107.69594,15.55645],[107.6948,15.55907],[107.69514,15.56048]]]},"properties":{"a01_tinh":"diaphanhanhchinhcaptinh_sn.132","a02_xa":"diaphanhanhchinhcapxa_2025.1920","a03_ten":"Xã Đắc Pring","a04_tentinh":"Thành phố Đà Nẵng","a05_truocsn":"Xã Đắc Pre, Xã Đắc Pring","a06_trungtamhc":"Thôn 56B, xã Đắc Pring","a07_dt":"412.49","a08_ds":"306","a09_dthoai":null,"a10_web":null,"ten":"Xã Đắc Pring","ma":"20716","tentinh":"Thành Phố Đà Nẵng","truocsapnhap":"Xã Đắc Pre, Xã Đắc Pring","dientichkm2":null,"dansonguoi":null},"id":"diaphanhanhchinhcapxa_2025.1920"},
{"type":"Feature","geometry":{"type":"Polygon","coordinates":[[[108.14703,15.93307],[108.1442,15.93334],[108.14321,15.93257],[108.1421,15.93294],[108.14141,15.93133],[108.13849,15.93113],[108.13763,15.93052],[108.13468,15.93202],[108.13096,15.93325],[108.12657,15.93571],[108.12656,15.93657],[108.12514,15.9375],[108.12457,15.93853],[108.12222,15.94004],[108.11965,15.94063],[108.11844,15.94158],[108.11577,15.94255],[108.11512,15.94452],[108.1141,15.9455],[108.11179,15.94641],[108.10955,15.94802],[108.10788,15.94704],[108.10692,15.94577],[108.10351,15.94348],[108.10187,15.94275],[108.101,15.94101],[108.0997,15.94151],[108.09738,15.94111],[108.09547,15.93969],[108.09329,15.93627],[108.08928,15.93464],[108.08845,15.93485],[108.08758,15.93277],[108.088,15.93203],[108.08798,15.92989],[108.08711,15.92911],[108.08659,15.92757],[108.08483,15.92693],[108.08269,15.92697],[108.08046,15.92547],[108.0766,15.92538],[108.07244,15.92619],[108.06861,15.92612],[108.06686,15.92786],[108.06193,15.9293],[108.06131,15.93212],[108.06061,15.93388],[108.05724,15.93328],[108.0568,15.93256],[108.05497,15.93318],[108.05217,15.93288],[108.05146,15.93212],[108.04732,15.93291],[108.04532,15.93262],[108.04407,15.93306],[108.04227,15.93455],[108.04111,15.93464],[108.03933,15.93083],[108.03711,15.92757],[108.03296,15.91995],[108.03339,15.91806],[108.03511,15.91692],[108.03637,15.91532],[108.0395,15.91336],[108.04074,15.91329],[108.04296,15.91389],[108.04423,15.91382],[108.04713,15.91562],[108.0508,15.91481],[108.05272,15.91354],[108.0531,15.9126],[108.05594,15.91029],[108.05626,15.90903],[108.05821,15.90726],[108.06037,15.90627],[108.06235,15.90395],[108.06387,15.90337],[108.06538,15.9034],[108.06775,15.9008],[108.069,15.89851],[108.07144,15.89572],[108.07252,15.89637],[108.07538,15.89523],[108.07577,15.8941],[108.0772,15.89333],[108.07698,15.89148],[108.07737,15.88979],[108.0783,15.88886],[108.0796,15.88904],[108.08015,15.88808],[108.08206,15.88772],[108.08263,15.88652],[108.08228,15.8848],[108.07984,15.88115],[108.07853,15.87998],[108.07806,15.878],[108.07717,15.87668],[108.07917,15.87589],[108.08191,15.87194],[108.07699,15.86817],[108.07926,15.86576],[108.08008,15.86608],[108.08091,15.86401],[108.08265,15.86463],[108.08644,15.86509],[108.09142,15.8645],[108.09249,15.86495],[108.09582,15.86783],[108.09684,15.86963],[108.09821,15.87103],[108.09955,15.8713],[108.10124,15.87075],[108.10331,15.87079],[108.1053,15.86551],[108.10336,15.86516],[108.10149,15.86423],[108.10182,15.86337],[108.10351,15.86373],[108.10261,15.86027],[108.10208,15.85976],[108.09856,15.85896],[108.09931,15.85541],[108.09906,15.85123],[108.10017,15.84921],[108.10108,15.84874],[108.10544,15.84807],[108.10847,15.8474],[108.11433,15.84347],[108.11493,15.84274],[108.11786,15.84458],[108.11925,15.84504],[108.12681,15.84581],[108.12942,15.84634],[108.13693,15.84713],[108.14199,15.8481],[108.14534,15.84896],[108.14674,15.84958],[108.14756,15.85064],[108.14812,15.85197],[108.14809,15.85455],[108.14847,15.85603],[108.14591,15.85661],[108.14536,15.86077],[108.14538,15.86246],[108.14738,15.86316],[108.14755,15.86566],[108.14607,15.86536],[108.14391,15.86624],[108.14094,15.86607],[108.13973,15.8664],[108.13874,15.86756],[108.13614,15.8686],[108.13369,15.86864],[108.13357,15.87259],[108.13553,15.87324],[108.13541,15.87468],[108.1371,15.87547],[108.13577,15.87948],[108.13504,15.8794],[108.13411,15.88259],[108.13615,15.88322],[108.13558,15.88555],[108.13394,15.88499],[108.13274,15.8859],[108.13213,15.8901],[108.13021,15.89],[108.12945,15.89155],[108.13122,15.89441],[108.13335,15.89479],[108.13427,15.89446],[108.13639,15.89272],[108.1382,15.89263],[108.13872,15.89344],[108.13835,15.89505],[108.13847,15.89852],[108.13771,15.90017],[108.14015,15.90083],[108.13932,15.90254],[108.13837,15.90336],[108.13859,15.90449],[108.13787,15.90608],[108.13542,15.90814],[108.1344,15.90942],[108.13359,15.91154],[108.13324,15.91378],[108.13422,15.91544],[108.1363,15.91566],[108.13955,15.9183],[108.14096,15.91899],[108.1463,15.92024],[108.14821,15.92108],[108.15166,15.92541],[108.1525,15.9281],[108.15177,15.9315],[108.15112,15.93242],[108.14984,15.93243],[108.14887,15.93148],[108.14791,15.9317],[108.14703,15.93307]]]},"properties":{"a01_tinh":"diaphanhanhchinhcaptinh_sn.132","a02_xa":"diaphanhanhchinhcapxa_2025.1941","a03_ten":"Xã Đại Lộc","a04_tentinh":"Thành phố Đà Nẵng","a05_truocsn":"Thị trấn Ái Nghĩa, Xã Đại Hiệp, Xã Đại Hòa, Xã Đại An, Xã Đại Nghĩa","a06_trungtamhc":"Số 15 đường Hùng Vương, xã Đại Lộc","a07_dt":"73.97","a08_ds":"61217","a09_dthoai":null,"a10_web":null,"ten":"Xã Đại Lộc","ma":"20500","tentinh":"Thành Phố Đà Nẵng","truocsapnhap":"Thị trấn Ái Nghĩa, Xã Đại Hiệp, Xã Đại Hòa, Xã Đại An, Xã Đại Nghĩa","dientichkm2":null,"dansonguoi":null},"id":"diaphanhanhchinhcapxa_2025.1941"},
{"type":"Feature","geometry":{"type":"Polygon","coordinates":[[[108.21281,15.90112],[108.21036,15.90034],[108.20843,15.89882],[108.20752,15.89987],[108.20726,15.90156],[108.2063,15.90252],[108.20109,15.90188],[108.20109,15.90109],[108.19907,15.90068],[108.19861,15.90479],[108.19652,15.90466],[108.1914,15.90391],[108.19136,15.9028],[108.18793,15.90241],[108.1879,15.904],[108.18944,15.90706],[108.18773,15.90805],[108.18617,15.90953],[108.18458,15.91046],[108.18552,15.91794],[108.18536,15.9198],[108.18413,15.92099],[108.18383,15.92273],[108.18245,15.92402],[108.18337,15.9253],[108.18406,15.92841],[108.18311,15.92841],[108.18281,15.92706],[108.18122,15.92723],[108.17854,15.9269],[108.1771,15.92628],[108.17615,15.92658],[108.17486,15.92478],[108.16948,15.92251],[108.1665,15.92222],[108.16533,15.92159],[108.16346,15.91909],[108.16543,15.91776],[108.16784,15.91713],[108.16946,15.91551],[108.1678,15.91321],[108.16751,15.91166],[108.168,15.91032],[108.16678,15.90949],[108.16328,15.90901],[108.15853,15.9073],[108.15593,15.9061],[108.15514,15.90539],[108.15397,15.90297],[108.15253,15.90181],[108.14953,15.90055],[108.14755,15.89932],[108.14763,15.89733],[108.14719,15.89593],[108.146,15.89513],[108.14501,15.89552],[108.14374,15.89784],[108.14164,15.89858],[108.14015,15.90083],[108.13771,15.90017],[108.13847,15.89852],[108.13835,15.89505],[108.13872,15.89344],[108.1382,15.89263],[108.13639,15.89272],[108.13427,15.89446],[108.13335,15.89479],[108.13122,15.89441],[108.12945,15.89155],[108.13021,15.89],[108.13213,15.8901],[108.13274,15.8859],[108.13394,15.88499],[108.13558,15.88555],[108.13615,15.88322],[108.13411,15.88259],[108.13504,15.8794],[108.13577,15.87948],[108.1371,15.87547],[108.13541,15.87468],[108.13553,15.87324],[108.13357,15.87259],[108.13369,15.86864],[108.13614,15.8686],[108.13874,15.86756],[108.13973,15.8664],[108.14094,15.86607],[108.14391,15.86624],[108.14607,15.86536],[108.14755,15.86566],[108.14738,15.86316],[108.14538,15.86246],[108.14536,15.86077],[108.14591,15.85661],[108.14847,15.85603],[108.14928,15.85776],[108.15308,15.86215],[108.15672,15.86476],[108.16013,15.86672],[108.16164,15.86718],[108.16628,15.86718],[108.16802,15.86736],[108.17333,15.86912],[108.1768,15.86902],[108.17831,15.86778],[108.18171,15.86296],[108.18249,15.86055],[108.17978,15.85853],[108.18731,15.85181],[108.18961,15.84987],[108.19085,15.85253],[108.19112,15.85599],[108.19416,15.8573],[108.19629,15.85898],[108.20075,15.86473],[108.20248,15.86771],[108.20381,15.86893],[108.20701,15.87026],[108.21329,15.87097],[108.2148,15.87062],[108.21922,15.86896],[108.22545,15.869],[108.22648,15.87114],[108.22796,15.87277],[108.22628,15.87318],[108.22175,15.87509],[108.21885,15.8755],[108.21904,15.87691],[108.2207,15.87739],[108.22419,15.87664],[108.22598,15.8767],[108.22671,15.87799],[108.22594,15.88132],[108.22632,15.88322],[108.2247,15.88333],[108.22442,15.88419],[108.22041,15.88241],[108.21957,15.87934],[108.21526,15.88001],[108.21484,15.8808],[108.21283,15.88101],[108.21273,15.88349],[108.21407,15.88486],[108.21302,15.88631],[108.21733,15.88709],[108.21731,15.8886],[108.22109,15.88945],[108.22226,15.89224],[108.22196,15.89504],[108.22078,15.89749],[108.22177,15.89765],[108.2211,15.89999],[108.21841,15.89877],[108.21677,15.89847],[108.21095,15.89846],[108.21085,15.89961],[108.21297,15.9003],[108.21281,15.90112]]]},"properties":{"a01_tinh":"diaphanhanhchinhcaptinh_sn.132","a02_xa":"diaphanhanhchinhcapxa_2025.1940","a03_ten":"Xã Điện Bàn Tây","a04_tentinh":"Thành phố Đà Nẵng","a05_truocsn":"Xã Điện Hồng, Xã Điện Thọ, Xã Điện Phước","a06_trungtamhc":"Thôn Phong Thử 1, xã Điện Bàn Tây","a07_dt":"43.31","a08_ds":"44473","a09_dthoai":null,"a10_web":null,"ten":"Xã Điện Bàn Tây","ma":"20569","tentinh":"Thành Phố Đà Nẵng","truocsapnhap":"Xã Điện Hồng, Xã Điện Thọ, Xã Điện Phước","dientichkm2":null,"dansonguoi":null},"id":"diaphanhanhchinhcapxa_2025.1940"},
{"type":"Feature","geometry":{"type":"Polygon","coordinates":[[[108.24965,15.64918],[108.24904,15.64667],[108.24628,15.64532],[108.24147,15.64559],[108.23991,15.64488],[108.24066,15.64347],[108.23957,15.64188],[108.24062,15.64021],[108.23844,15.64014],[108.23618,15.63935],[108.23516,15.63838],[108.235,15.63718],[108.23385,15.63512],[108.23027,15.63413],[108.22894,15.63269],[108.22778,15.62975],[108.22716,15.62934],[108.22636,15.62612],[108.22481,15.62672],[108.2238,15.62519],[108.22285,15.62491],[108.22011,15.62288],[108.21762,15.62268],[108.21927,15.6206],[108.22267,15.61937],[108.22523,15.61989],[108.22906,15.62146],[108.23109,15.62116],[108.23271,15.61985],[108.23205,15.61783],[108.22936,15.61631],[108.22962,15.61449],[108.23307,15.61457],[108.23404,15.61425],[108.23645,15.61243],[108.23842,15.61145],[108.23783,15.60974],[108.23819,15.60883],[108.23998,15.60836],[108.24175,15.60694],[108.24526,15.60803],[108.24935,15.60675],[108.25181,15.60691],[108.25384,15.60397],[108.25477,15.60376],[108.25581,15.60099],[108.25694,15.60072],[108.2578,15.59968],[108.2564,15.59897],[108.25504,15.59587],[108.2546,15.59413],[108.25358,15.59341],[108.25369,15.5924],[108.25296,15.59029],[108.25482,15.59032],[108.25829,15.59127],[108.26106,15.59094],[108.26279,15.59211],[108.26355,15.59204],[108.26496,15.59342],[108.26653,15.59384],[108.26885,15.59501],[108.26942,15.59593],[108.27194,15.5967],[108.27307,15.5981],[108.27733,15.59867],[108.27852,15.60115],[108.28067,15.6015],[108.28238,15.60245],[108.28487,15.60216],[108.28715,15.60233],[108.29234,15.60377],[108.29364,15.60366],[108.2963,15.60675],[108.29743,15.60928],[108.29889,15.60978],[108.29938,15.61092],[108.30477,15.61641],[108.30795,15.61825],[108.30935,15.61954],[108.31205,15.61989],[108.31445,15.62155],[108.31606,15.62398],[108.31774,15.6252],[108.31827,15.62674],[108.3211,15.62794],[108.32082,15.63058],[108.32116,15.63164],[108.31699,15.63375],[108.31764,15.63537],[108.31706,15.63604],[108.31676,15.63853],[108.31778,15.64179],[108.31981,15.64104],[108.32154,15.64154],[108.32272,15.64354],[108.32559,15.64281],[108.32666,15.64458],[108.32938,15.64451],[108.33032,15.64663],[108.33208,15.64751],[108.33239,15.64923],[108.33451,15.64981],[108.3356,15.65065],[108.33506,15.65194],[108.33603,15.6536],[108.33837,15.65618],[108.33946,15.65591],[108.3397,15.66029],[108.34096,15.66089],[108.34111,15.66211],[108.33877,15.66267],[108.33698,15.66361],[108.33573,15.66578],[108.3342,15.66645],[108.33307,15.66545],[108.33194,15.66591],[108.33225,15.66712],[108.33179,15.66912],[108.33064,15.66998],[108.32968,15.67248],[108.3284,15.67372],[108.31967,15.67741],[108.31904,15.67743],[108.31642,15.6754],[108.31517,15.67757],[108.315,15.68061],[108.31222,15.68075],[108.31159,15.6814],[108.31358,15.68604],[108.31825,15.69048],[108.31694,15.69069],[108.31452,15.69245],[108.31246,15.69315],[108.31073,15.69496],[108.3125,15.69705],[108.31052,15.69819],[108.30952,15.6971],[108.30925,15.69547],[108.30717,15.69376],[108.30538,15.69512],[108.29961,15.69797],[108.29817,15.69821],[108.29891,15.69994],[108.29814,15.70086],[108.29836,15.70212],[108.2972,15.70233],[108.29666,15.70096],[108.29413,15.70062],[108.29245,15.70166],[108.28699,15.70256],[108.28534,15.70223],[108.28264,15.70098],[108.28125,15.70085],[108.27534,15.69748],[108.27609,15.69414],[108.2756,15.69158],[108.27641,15.68968],[108.27898,15.68938],[108.27957,15.68844],[108.27961,15.68486],[108.28269,15.6846],[108.28386,15.6841],[108.28716,15.68617],[108.28787,15.68518],[108.28743,15.68333],[108.28846,15.68195],[108.28738,15.68038],[108.28494,15.67952],[108.28377,15.67714],[108.28271,15.67704],[108.28033,15.67506],[108.2767,15.6737],[108.27562,15.67243],[108.27248,15.66998],[108.27152,15.66888],[108.26801,15.66665],[108.26508,15.66219],[108.26342,15.66202],[108.26235,15.66081],[108.26232,15.66075],[108.26031,15.65951],[108.2605,15.65788],[108.26153,15.65711],[108.26036,15.65493],[108.24965,15.64918]]]},"properties":{"a01_tinh":"diaphanhanhchinhcaptinh_sn.132","a02_xa":"diaphanhanhchinhcapxa_2025.1958","a03_ten":"Xã Đồng Dương","a04_tentinh":"Thành phố Đà Nẵng","a05_truocsn":"Xã Bình Lãnh, Xã Bình Trị, Xã Bình Định","a06_trungtamhc":"Thôn Châu Lâm, xã Đồng Dương","a07_dt":"76.49","a08_ds":"24773","a09_dthoai":null,"a10_web":null,"ten":"Xã Đồng Dương","ma":"20818","tentinh":"Thành Phố Đà Nẵng","truocsapnhap":"Xã Bình Lãnh, Xã Bình Trị, Xã Bình Định","dientichkm2":null,"dansonguoi":null},"id":"diaphanhanhchinhcapxa_2025.1958"},
{"type":"Feature","geometry":{"type":"Polygon","coordinates":[[[107.72459,16.00816],[107.72004,16.00511],[107.71783,16.00271],[107.71457,16.00071],[107.70943,15.99877],[107.70777,15.99689],[107.70757,15.99538],[107.7052,15.9947],[107.70337,15.99545],[107.70127,15.99487],[107.69958,15.99518],[107.69596,15.99473],[107.69208,15.99553],[107.69121,15.99652],[107.68726,15.9967],[107.68497,15.9974],[107.68222,15.99734],[107.68164,15.99796],[107.67703,15.9991],[107.67638,16.00016],[107.67651,16.00429],[107.67581,16.00518],[107.67285,16.00646],[107.67208,16.00941],[107.67219,16.01185],[107.66941,16.01289],[107.66796,16.01467],[107.66492,16.01675],[107.66409,16.01866],[107.65795,16.01956],[107.65628,16.01948],[107.65611,16.01757],[107.65499,16.01577],[107.65625,16.01429],[107.65637,16.01285],[107.65512,16.01238],[107.65504,16.01034],[107.65328,16.00925],[107.65121,16.00935],[107.64935,16.00785],[107.64782,16.00383],[107.64849,16.00203],[107.64726,16.001],[107.64636,15.99899],[107.6453,15.99883],[107.64406,15.9974],[107.63951,15.99609],[107.63862,15.99473],[107.63634,15.99536],[107.63454,15.99387],[107.63375,15.99388],[107.63245,15.99256],[107.63272,15.99167],[107.63115,15.99081],[107.63064,15.98856],[107.62941,15.98857],[107.62768,15.98704],[107.62645,15.98671],[107.62646,15.98449],[107.62711,15.98199],[107.62847,15.98067],[107.6271,15.9784],[107.62564,15.97867],[107.62512,15.97734],[107.62301,15.97505],[107.62165,15.97097],[107.61937,15.96946],[107.61876,15.96829],[107.61741,15.96736],[107.61501,15.96442],[107.6152,15.96283],[107.61407,15.95914],[107.61406,15.9567],[107.61316,15.95517],[107.61126,15.95335],[107.60997,15.95085],[107.61088,15.94635],[107.61159,15.9444],[107.61454,15.93999],[107.61431,15.93898],[107.61219,15.93683],[107.61207,15.93518],[107.61401,15.93434],[107.61661,15.93267],[107.61514,15.93099],[107.61462,15.92889],[107.6115,15.92737],[107.60891,15.92535],[107.60709,15.92284],[107.60745,15.92028],[107.61082,15.92035],[107.61177,15.91964],[107.61348,15.91956],[107.61143,15.91764],[107.6102,15.91558],[107.61062,15.91038],[107.61115,15.90863],[107.61136,15.90443],[107.61002,15.90327],[107.60542,15.90061],[107.6039,15.89952],[107.59933,15.89764],[107.59852,15.89603],[107.59476,15.89486],[107.59272,15.89315],[107.59269,15.8916],[107.59058,15.88899],[107.5901,15.88752],[107.58871,15.88597],[107.58868,15.88504],[107.58755,15.88428],[107.58944,15.88394],[107.59351,15.88163],[107.59654,15.878],[107.59881,15.87639],[107.59932,15.87405],[107.59813,15.86852],[107.59762,15.86772],[107.59365,15.86622],[107.59486,15.86425],[107.59648,15.86003],[107.59742,15.85936],[107.59952,15.8553],[107.60258,15.85505],[107.60397,15.85276],[107.60528,15.85203],[107.60646,15.84733],[107.60829,15.84634],[107.60988,15.84402],[107.61125,15.84295],[107.61181,15.84087],[107.61468,15.84341],[107.61732,15.84432],[107.61813,15.84513],[107.62086,15.84644],[107.62388,15.84617],[107.6251,15.84815],[107.62732,15.84965],[107.62975,15.85202],[107.63175,15.85304],[107.63377,15.85671],[107.63517,15.85866],[107.63484,15.86069],[107.63693,15.86282],[107.63686,15.86411],[107.63812,15.86624],[107.64097,15.86715],[107.64165,15.86805],[107.6445,15.86837],[107.64577,15.8696],[107.64519,15.87348],[107.64635,15.87388],[107.64987,15.87342],[107.65149,15.87206],[107.65234,15.86833],[107.65353,15.86687],[107.65332,15.86407],[107.65364,15.86108],[107.65808,15.85975],[107.66076,15.86058],[107.66355,15.86004],[107.66534,15.86134],[107.66722,15.86166],[107.66979,15.8637],[107.67289,15.8628],[107.67407,15.86352],[107.67363,15.86655],[107.67451,15.86721],[107.67182,15.87117],[107.67218,15.87198],[107.67179,15.87463],[107.67363,15.87791],[107.67423,15.87961],[107.674,15.88112],[107.67621,15.88289],[107.67924,15.88191],[107.67998,15.88297],[107.68121,15.88256],[107.68334,15.88086],[107.6849,15.88033],[107.68694,15.88056],[107.6883,15.87904],[107.6894,15.87853],[107.69187,15.879],[107.69613,15.88023],[107.69677,15.88168],[107.69574,15.8845],[107.69662,15.88621],[107.70041,15.89082],[107.70532,15.89464],[107.70784,15.89744],[107.70964,15.89816],[107.71203,15.90014],[107.71287,15.90132],[107.71481,15.90115],[107.7161,15.90263],[107.7177,15.90294],[107.71915,15.90381],[107.71789,15.90539],[107.71785,15.9082],[107.71728,15.90992],[107.7174,15.91324],[107.71661,15.91403],[107.71544,15.91751],[107.71783,15.92008],[107.71898,15.92437],[107.71623,15.92686],[107.71348,15.92971],[107.71181,15.9304],[107.71136,15.93269],[107.71157,15.93419],[107.71032,15.93739],[107.71054,15.93837],[107.7122,15.94084],[107.71208,15.94286],[107.71134,15.94612],[107.70962,15.94777],[107.70918,15.94931],[107.70927,15.95122],[107.70882,15.95342],[107.7096,15.95397],[107.70966,15.95606],[107.71052,15.95784],[107.71239,15.96007],[107.71319,15.96219],[107.71483,15.96292],[107.71499,15.96415],[107.71628,15.96508],[107.71751,15.96514],[107.71845,15.96751],[107.71968,15.9696],[107.71686,15.97462],[107.72233,15.97744],[107.72447,15.97813],[107.72616,15.97822],[107.72718,15.98139],[107.72787,15.98184],[107.72943,15.98507],[107.73198,15.98627],[107.73298,15.98638],[107.7354,15.98541],[107.73635,15.98762],[107.73878,15.98958],[107.73896,15.99041],[107.73756,15.99252],[107.73713,15.99385],[107.73531,15.9946],[107.7318,15.99668],[107.73069,15.9966],[107.72779,15.99839],[107.72739,16.00047],[107.72655,16.00238],[107.72631,16.00428],[107.7253,16.00564],[107.72459,16.00816]]]},"properties":{"a01_tinh":"diaphanhanhchinhcaptinh_sn.132","a02_xa":"diaphanhanhchinhcapxa_2025.1923","a03_ten":"Xã Đông Giang","a04_tentinh":"Thành phố Đà Nẵng","a05_truocsn":"Thị trấn Prao, Xã Tà Lu, Xã A Rooi, Xã Zà Hung","a06_trungtamhc":"Thôn Ngã Ba, Xã Đông Giang","a07_dt":"169.43","a08_ds":"887","a09_dthoai":null,"a10_web":null,"ten":"Xã Đông Giang","ma":"20467","tentinh":"Thành Phố Đà Nẵng","truocsapnhap":"Thị trấn Prao, Xã Tà Lu, Xã A Rooi, Xã Zà Hung","dientichkm2":null,"dansonguoi":null},"id":"diaphanhanhchinhcapxa_2025.1923"},
{"type":"Feature","geometry":{"type":"Polygon","coordinates":[[[108.53273,15.48341],[108.5327,15.48227],[108.52988,15.48116],[108.52789,15.48226],[108.52674,15.48334],[108.52333,15.48415],[108.52265,15.48556],[108.52075,15.48718],[108.51957,15.48773],[108.51564,15.48761],[108.51361,15.49032],[108.51275,15.4907],[108.50915,15.48986],[108.50837,15.48843],[108.50486,15.48397],[108.50343,15.48617],[108.50082,15.48811],[108.49804,15.48277],[108.49669,15.48369],[108.49463,15.4843],[108.48459,15.47634],[108.48152,15.47721],[108.48146,15.47785],[108.47959,15.47881],[108.4773,15.47859],[108.47567,15.47994],[108.47452,15.47977],[108.47245,15.48064],[108.47104,15.48038],[108.47169,15.47904],[108.47382,15.47816],[108.47252,15.47614],[108.47101,15.47687],[108.46875,15.47597],[108.47056,15.47515],[108.47035,15.47321],[108.47171,15.47346],[108.47167,15.47166],[108.4729,15.47027],[108.47127,15.47012],[108.47078,15.46864],[108.4712,15.46788],[108.46979,15.46657],[108.4725,15.46616],[108.47271,15.4649],[108.47048,15.46444],[108.47063,15.46291],[108.47251,15.46313],[108.47389,15.46212],[108.47518,15.46006],[108.47681,15.45903],[108.47692,15.44877],[108.47631,15.44841],[108.47466,15.45054],[108.47312,15.45011],[108.47258,15.45174],[108.47018,15.45092],[108.46883,15.45223],[108.46943,15.45358],[108.46793,15.45606],[108.46442,15.45878],[108.46154,15.45863],[108.45947,15.45803],[108.45705,15.45839],[108.45378,15.45729],[108.45202,15.45737],[108.44951,15.45817],[108.44529,15.4577],[108.44313,15.45846],[108.4383,15.45817],[108.43424,15.45841],[108.43208,15.45767],[108.42984,15.45568],[108.4283,15.45644],[108.42256,15.45468],[108.42272,15.45179],[108.42395,15.44775],[108.42175,15.44268],[108.4225,15.44039],[108.42347,15.43909],[108.42349,15.43558],[108.4231,15.43351],[108.42344,15.43276],[108.42603,15.43159],[108.42755,15.42966],[108.42833,15.42709],[108.4312,15.4256],[108.43303,15.42389],[108.43388,15.42167],[108.4358,15.41892],[108.43645,15.41688],[108.43869,15.41649],[108.43951,15.41403],[108.44315,15.41348],[108.44453,15.41396],[108.44826,15.416],[108.44935,15.41631],[108.45203,15.4157],[108.45528,15.41424],[108.45517,15.41163],[108.45677,15.4105],[108.4574,15.40754],[108.45967,15.40516],[108.45947,15.40416],[108.46052,15.40266],[108.46288,15.40098],[108.46629,15.39985],[108.46665,15.40094],[108.46591,15.40354],[108.46819,15.40657],[108.4714,15.40557],[108.47334,15.4058],[108.47777,15.4039],[108.48003,15.40457],[108.4804,15.40556],[108.48531,15.40569],[108.48847,15.4047],[108.48952,15.40475],[108.49114,15.40365],[108.49252,15.40431],[108.4958,15.40324],[108.49701,15.40205],[108.49913,15.40289],[108.49913,15.40662],[108.50172,15.40803],[108.5027,15.4073],[108.50454,15.40745],[108.50593,15.40821],[108.50646,15.40923],[108.50815,15.41058],[108.50908,15.40924],[108.51061,15.40863],[108.51225,15.40631],[108.51331,15.40638],[108.51406,15.40758],[108.51614,15.40665],[108.51713,15.40555],[108.51903,15.4069],[108.52079,15.40721],[108.52203,15.40821],[108.52332,15.40837],[108.52465,15.40675],[108.52645,15.40615],[108.5282,15.4065],[108.5303,15.40624],[108.53346,15.407],[108.53528,15.40597],[108.53669,15.40348],[108.53748,15.40285],[108.53849,15.40068],[108.54193,15.40081],[108.54334,15.40151],[108.5452,15.40162],[108.54803,15.40092],[108.54851,15.39975],[108.5503,15.39911],[108.55082,15.39818],[108.55285,15.39675],[108.55665,15.39541],[108.55793,15.39683],[108.56264,15.39732],[108.56126,15.39852],[108.56047,15.40235],[108.56135,15.40436],[108.56106,15.40556],[108.56231,15.40713],[108.56233,15.40963],[108.56393,15.41056],[108.56583,15.41018],[108.56632,15.41106],[108.56609,15.41303],[108.56644,15.41462],[108.56809,15.41604],[108.57088,15.41631],[108.57184,15.41756],[108.57381,15.41757],[108.57497,15.41693],[108.57865,15.41725],[108.57801,15.41872],[108.57833,15.41957],[108.57756,15.42179],[108.57772,15.42303],[108.57692,15.42534],[108.57563,15.42664],[108.57249,15.42659],[108.57421,15.4281],[108.57351,15.42953],[108.57067,15.42994],[108.57022,15.43118],[108.57054,15.43243],[108.57247,15.43218],[108.57329,15.43413],[108.57444,15.43253],[108.57615,15.43253],[108.57666,15.43484],[108.58075,15.43298],[108.58285,15.43278],[108.58293,15.43458],[108.58186,15.43528],[108.58149,15.43657],[108.5794,15.43535],[108.57894,15.43659],[108.57753,15.43712],[108.57506,15.4398],[108.57336,15.44222],[108.5707,15.44488],[108.56996,15.44474],[108.56744,15.4467],[108.56597,15.44845],[108.56409,15.44997],[108.56211,15.45271],[108.56163,15.45481],[108.56021,15.45617],[108.5589,15.45674],[108.55659,15.45981],[108.55479,15.46126],[108.55438,15.46215],[108.55178,15.46409],[108.55019,15.46718],[108.54596,15.46914],[108.54287,15.47244],[108.54054,15.47195],[108.53792,15.47284],[108.5364,15.4747],[108.53621,15.47617],[108.53687,15.47802],[108.5382,15.48019],[108.53729,15.48198],[108.53491,15.48223],[108.53273,15.48341]]]},"properties":{"a01_tinh":"diaphanhanhchinhcaptinh_sn.132","a02_xa":"diaphanhanhchinhcapxa_2025.1966","a03_ten":"Xã Đức Phú","a04_tentinh":"Thành phố Đà Nẵng","a05_truocsn":"Xã Tam Sơn, Xã Tam Thạnh","a06_trungtamhc":"Thôn Thuận Yên Đông, xã Đức Phú","a07_dt":"108.97","a08_ds":"924","a09_dthoai":null,"a10_web":null,"ten":"Xã Đức Phú","ma":"20977","tentinh":"Thành Phố Đà Nẵng","truocsapnhap":"Xã Tam Sơn, Xã Tam Thạnh","dientichkm2":null,"dansonguoi":null},"id":"diaphanhanhchinhcapxa_2025.1966"},
{"type":"Feature","geometry":{"type":"Polygon","coordinates":[[[108.41252,15.81975],[108.41094,15.82458],[108.40875,15.8327],[108.40847,15.83445],[108.40696,15.8397],[108.40636,15.84393],[108.40554,15.84622],[108.40489,15.85069],[108.40461,15.85131],[108.40443,15.8551],[108.40391,15.8584],[108.40395,15.86059],[108.40504,15.865],[108.40532,15.86715],[108.40327,15.86715],[108.40145,15.8689],[108.39981,15.86995],[108.39632,15.87116],[108.39316,15.87063],[108.39185,15.86909],[108.3895,15.86844],[108.38919,15.87173],[108.38401,15.86926],[108.37681,15.86553],[108.37405,15.86146],[108.37056,15.85959],[108.36629,15.85866],[108.36481,15.85744],[108.36207,15.85602],[108.35711,15.85473],[108.35593,15.85359],[108.3544,15.8497],[108.3534,15.84528],[108.35188,15.84139],[108.35072,15.8392],[108.34602,15.83934],[108.34294,15.83863],[108.34041,15.83883],[108.33799,15.8386],[108.33686,15.84036],[108.33668,15.84296],[108.33581,15.84312],[108.33368,15.84148],[108.32985,15.83698],[108.32931,15.83606],[108.32896,15.83375],[108.32662,15.83408],[108.32398,15.83509],[108.32251,15.83332],[108.31981,15.83251],[108.31695,15.83404],[108.31106,15.83515],[108.31096,15.83615],[108.30806,15.83766],[108.30603,15.83741],[108.30469,15.83666],[108.30131,15.83609],[108.30091,15.83512],[108.29642,15.83359],[108.29401,15.83365],[108.29348,15.83181],[108.29043,15.83137],[108.29072,15.82942],[108.2915,15.82837],[108.29284,15.829],[108.29593,15.82875],[108.29606,15.82941],[108.29888,15.82865],[108.3,15.82727],[108.30021,15.82469],[108.30319,15.82467],[108.30605,15.82368],[108.30721,15.82284],[108.30845,15.82092],[108.31143,15.8205],[108.31261,15.81969],[108.31144,15.81815],[108.31146,15.81538],[108.31251,15.81473],[108.31321,15.81656],[108.31282,15.81877],[108.31313,15.81977],[108.31559,15.82156],[108.31756,15.82028],[108.31989,15.82005],[108.31998,15.81684],[108.32113,15.81448],[108.32229,15.81413],[108.32501,15.81198],[108.32589,15.81406],[108.33005,15.81484],[108.33048,15.81544],[108.33142,15.81751],[108.33081,15.81839],[108.333,15.82049],[108.33291,15.82485],[108.33532,15.8239],[108.33725,15.826],[108.33722,15.82693],[108.33959,15.82889],[108.34069,15.82938],[108.34589,15.82939],[108.34671,15.82697],[108.34891,15.82567],[108.35089,15.82557],[108.3536,15.82631],[108.35602,15.82578],[108.35715,15.82688],[108.35901,15.82623],[108.36105,15.82658],[108.36511,15.8279],[108.36914,15.82849],[108.37215,15.82569],[108.37505,15.82394],[108.37594,15.82449],[108.37779,15.8229],[108.37983,15.82459],[108.3825,15.82569],[108.38163,15.8296],[108.38324,15.83015],[108.38301,15.83121],[108.38559,15.83192],[108.3861,15.83081],[108.38861,15.83059],[108.39072,15.82709],[108.39313,15.82803],[108.39415,15.82626],[108.39306,15.82399],[108.39361,15.82237],[108.3946,15.82254],[108.39579,15.81895],[108.39645,15.81908],[108.39774,15.8148],[108.39856,15.8135],[108.40001,15.80989],[108.40255,15.81205],[108.40429,15.81465],[108.4056,15.81601],[108.40881,15.81817],[108.41252,15.81975]]]},"properties":{"a01_tinh":"diaphanhanhchinhcaptinh_sn.132","a02_xa":"diaphanhanhchinhcapxa_2025.1931","a03_ten":"Xã Duy Nghĩa","a04_tentinh":"Thành phố Đà Nẵng","a05_truocsn":"Xã Duy Thành, Xã Duy Hải, Xã Duy Nghĩa","a06_trungtamhc":"Thôn Thuận An, xã Duy Nghĩa","a07_dt":"35.36","a08_ds":"32143","a09_dthoai":null,"a10_web":null,"ten":"Xã Duy Nghĩa","ma":"20635","tentinh":"Thành Phố Đà Nẵng","truocsapnhap":"Xã Duy Thành, Xã Duy Hải, Xã Duy Nghĩa","dientichkm2":null,"dansonguoi":null},"id":"diaphanhanhchinhcapxa_2025.1931"},
{"type":"Feature","geometry":{"type":"Polygon","coordinates":[[[108.24783,15.82972],[108.24532,15.83138],[108.24524,15.82996],[108.24287,15.83077],[108.24085,15.83317],[108.24019,15.83487],[108.24149,15.83675],[108.24285,15.83798],[108.24572,15.83889],[108.24836,15.84098],[108.24788,15.84239],[108.24698,15.84312],[108.24288,15.84438],[108.24167,15.84561],[108.23871,15.84695],[108.23882,15.84827],[108.23675,15.84916],[108.23435,15.84832],[108.23307,15.84652],[108.23284,15.84485],[108.23139,15.84385],[108.23133,15.84152],[108.22875,15.8412],[108.22714,15.84209],[108.22501,15.84245],[108.22389,15.84188],[108.22335,15.84017],[108.22172,15.8401],[108.21946,15.83831],[108.21427,15.83714],[108.21337,15.84003],[108.21042,15.83878],[108.20984,15.83775],[108.21066,15.83542],[108.20944,15.83491],[108.2044,15.83524],[108.2035,15.8361],[108.19611,15.83489],[108.19137,15.8347],[108.19077,15.83256],[108.19027,15.82879],[108.19112,15.82733],[108.18759,15.82395],[108.18361,15.82144],[108.18217,15.81989],[108.17976,15.8192],[108.17753,15.81821],[108.17547,15.81644],[108.1738,15.81453],[108.17286,15.81408],[108.17231,15.81252],[108.16897,15.80855],[108.16696,15.80838],[108.16478,15.80599],[108.16605,15.80287],[108.15981,15.79892],[108.1554,15.7965],[108.15196,15.79366],[108.14384,15.78913],[108.14359,15.787],[108.14221,15.78524],[108.14307,15.78281],[108.14252,15.78062],[108.14174,15.7793],[108.14012,15.77786],[108.13848,15.77574],[108.13765,15.77346],[108.13472,15.77089],[108.13628,15.76729],[108.13525,15.7639],[108.13571,15.76081],[108.13694,15.75992],[108.13842,15.75774],[108.13878,15.75499],[108.13816,15.7539],[108.13521,15.75177],[108.13747,15.74775],[108.1362,15.74351],[108.13654,15.74221],[108.13556,15.73991],[108.13512,15.73611],[108.13712,15.73616],[108.13932,15.73499],[108.14142,15.7307],[108.14203,15.72829],[108.14394,15.72764],[108.14679,15.72545],[108.14836,15.72569],[108.14839,15.724],[108.15012,15.72224],[108.15279,15.72183],[108.15431,15.72031],[108.15596,15.72073],[108.15896,15.72095],[108.16016,15.7198],[108.16244,15.71944],[108.16618,15.71666],[108.16792,15.71459],[108.16821,15.71646],[108.16934,15.71783],[108.16925,15.71955],[108.17097,15.72067],[108.17171,15.72235],[108.17139,15.72377],[108.17207,15.72669],[108.17399,15.72925],[108.17541,15.73169],[108.17613,15.73183],[108.17779,15.73349],[108.17993,15.7349],[108.18035,15.73576],[108.18222,15.73625],[108.1835,15.73547],[108.18351,15.73384],[108.18784,15.73398],[108.18969,15.73538],[108.19047,15.73727],[108.19268,15.73795],[108.19312,15.73895],[108.19272,15.74147],[108.19266,15.74445],[108.19493,15.74675],[108.19708,15.74737],[108.19862,15.74673],[108.20036,15.74688],[108.20329,15.74623],[108.2054,15.74403],[108.20804,15.74204],[108.20813,15.74092],[108.2093,15.73921],[108.21082,15.73846],[108.21262,15.73922],[108.217,15.73819],[108.21963,15.73878],[108.22254,15.73991],[108.22337,15.73986],[108.22644,15.74293],[108.22774,15.74377],[108.22868,15.7433],[108.23239,15.74647],[108.23263,15.74708],[108.23512,15.74856],[108.24092,15.75294],[108.24311,15.75349],[108.24308,15.75424],[108.24479,15.75523],[108.24601,15.75424],[108.24948,15.75551],[108.25042,15.7553],[108.25245,15.757],[108.25276,15.75869],[108.25423,15.75953],[108.25579,15.76158],[108.25846,15.76304],[108.25982,15.76305],[108.26103,15.76431],[108.26103,15.76583],[108.26105,15.767],[108.26341,15.76818],[108.26725,15.76899],[108.26734,15.77078],[108.26855,15.77139],[108.26746,15.77696],[108.26672,15.77756],[108.26639,15.78142],[108.26668,15.78285],[108.26171,15.78681],[108.26264,15.79023],[108.26135,15.79216],[108.26273,15.79297],[108.26452,15.79648],[108.2666,15.7958],[108.26797,15.79959],[108.26852,15.79933],[108.27191,15.80223],[108.27262,15.80375],[108.27165,15.80496],[108.27143,15.8104],[108.2729,15.81131],[108.27264,15.81561],[108.27461,15.81569],[108.27424,15.81698],[108.27294,15.81727],[108.27242,15.81884],[108.27017,15.81666],[108.26754,15.8162],[108.26668,15.81419],[108.26435,15.81313],[108.26082,15.81376],[108.26065,15.81233],[108.25763,15.81281],[108.2559,15.81421],[108.25468,15.81636],[108.25457,15.81796],[108.25519,15.81978],[108.25393,15.82083],[108.25273,15.82407],[108.24864,15.82586],[108.24694,15.82591],[108.24801,15.82736],[108.24783,15.82972]]]},"properties":{"a01_tinh":"diaphanhanhchinhcaptinh_sn.132","a02_xa":"diaphanhanhchinhcapxa_2025.1937","a03_ten":"Xã Duy Xuyên","a04_tentinh":"Thành phố Đà Nẵng","a05_truocsn":"Xã Duy Trung, Xã Duy Sơn, Xã Duy Trinh","a06_trungtamhc":"Thôn An Hòa, xã Duy Xuyên","a07_dt":"125.78","a08_ds":"32243","a09_dthoai":null,"a10_web":null,"ten":"Xã Duy Xuyên","ma":"20623","tentinh":"Thành Phố Đà Nẵng","truocsapnhap":"Xã Duy Trung, Xã Duy Sơn, Xã Duy Trinh","dientichkm2":null,"dansonguoi":null},"id":"diaphanhanhchinhcapxa_2025.1937"},
{"type":"Feature","geometry":{"type":"Polygon","coordinates":[[[108.26288,15.86015],[108.25221,15.86619],[108.25066,15.86746],[108.24976,15.86695],[108.24835,15.86944],[108.23925,15.86639],[108.23822,15.86857],[108.23936,15.87228],[108.24195,15.87307],[108.24311,15.87413],[108.2435,15.87576],[108.24307,15.87745],[108.24135,15.87958],[108.23938,15.88012],[108.23702,15.88002],[108.2359,15.88151],[108.23352,15.88022],[108.23267,15.87785],[108.23017,15.87612],[108.22892,15.87581],[108.22796,15.87277],[108.22648,15.87114],[108.22545,15.869],[108.21922,15.86896],[108.2148,15.87062],[108.21329,15.87097],[108.20701,15.87026],[108.20381,15.86893],[108.20248,15.86771],[108.20075,15.86473],[108.19629,15.85898],[108.19416,15.8573],[108.19112,15.85599],[108.19085,15.85253],[108.18961,15.84987],[108.18731,15.85181],[108.17978,15.85853],[108.18249,15.86055],[108.18171,15.86296],[108.17831,15.86778],[108.1768,15.86902],[108.17333,15.86912],[108.16802,15.86736],[108.16628,15.86718],[108.16164,15.86718],[108.16013,15.86672],[108.15672,15.86476],[108.15308,15.86215],[108.14928,15.85776],[108.14847,15.85603],[108.14809,15.85455],[108.14812,15.85197],[108.14756,15.85064],[108.14913,15.8518],[108.15154,15.85243],[108.15296,15.85215],[108.15714,15.8495],[108.16043,15.84622],[108.16231,15.84377],[108.16601,15.83962],[108.16738,15.83745],[108.16751,15.83495],[108.16792,15.83399],[108.17065,15.83226],[108.17345,15.83114],[108.17562,15.83143],[108.1825,15.83301],[108.18589,15.8335],[108.19137,15.8347],[108.19611,15.83489],[108.2035,15.8361],[108.2044,15.83524],[108.20944,15.83491],[108.21066,15.83542],[108.20984,15.83775],[108.21042,15.83878],[108.21337,15.84003],[108.21427,15.83714],[108.21946,15.83831],[108.22172,15.8401],[108.22335,15.84017],[108.22389,15.84188],[108.22501,15.84245],[108.22714,15.84209],[108.22875,15.8412],[108.23133,15.84152],[108.23139,15.84385],[108.23284,15.84485],[108.23307,15.84652],[108.23435,15.84832],[108.23675,15.84916],[108.23882,15.84827],[108.23871,15.84695],[108.24167,15.84561],[108.24288,15.84438],[108.24698,15.84312],[108.24788,15.84239],[108.24836,15.84098],[108.24572,15.83889],[108.24285,15.83798],[108.24149,15.83675],[108.24019,15.83487],[108.24085,15.83317],[108.24287,15.83077],[108.24524,15.82996],[108.24532,15.83138],[108.24783,15.82972],[108.24701,15.83225],[108.24675,15.83511],[108.25151,15.83842],[108.25416,15.84229],[108.2549,15.84548],[108.25494,15.84931],[108.25693,15.85154],[108.25762,15.85307],[108.25824,15.85652],[108.26288,15.86015]]]},"properties":{"a01_tinh":"diaphanhanhchinhcaptinh_sn.132","a02_xa":"diaphanhanhchinhcapxa_2025.1938","a03_ten":"Xã Gò Nổi","a04_tentinh":"Thành phố Đà Nẵng","a05_truocsn":"Xã Điện Phong, Xã Điện Trung, Xã Điện Quang","a06_trungtamhc":"Thôn Đông Lãnh, xã Gò Nổi","a07_dt":"36.2","a08_ds":"29968","a09_dthoai":null,"a10_web":null,"ten":"Xã Gò Nổi","ma":"20587","tentinh":"Thành Phố Đà Nẵng","truocsapnhap":"Xã Điện Phong, Xã Điện Trung, Xã Điện Quang","dientichkm2":null,"dansonguoi":null},"id":"diaphanhanhchinhcapxa_2025.1938"},
{"type":"Feature","geometry":{"type":"Polygon","coordinates":[[[108.07699,15.86817],[108.08191,15.87194],[108.07917,15.87589],[108.07717,15.87668],[108.07806,15.878],[108.07853,15.87998],[108.07984,15.88115],[108.08228,15.8848],[108.08263,15.88652],[108.08206,15.88772],[108.08015,15.88808],[108.0796,15.88904],[108.0783,15.88886],[108.07737,15.88979],[108.07698,15.89148],[108.0772,15.89333],[108.07577,15.8941],[108.07538,15.89523],[108.07252,15.89637],[108.07144,15.89572],[108.069,15.89851],[108.06775,15.9008],[108.06538,15.9034],[108.06387,15.90337],[108.06235,15.90395],[108.06037,15.90627],[108.05821,15.90726],[108.05626,15.90903],[108.05594,15.91029],[108.0531,15.9126],[108.05272,15.91354],[108.0508,15.91481],[108.04713,15.91562],[108.04423,15.91382],[108.04296,15.91389],[108.04074,15.91329],[108.0395,15.91336],[108.03637,15.91532],[108.03511,15.91692],[108.03339,15.91806],[108.03296,15.91995],[108.03711,15.92757],[108.03933,15.93083],[108.04111,15.93464],[108.03743,15.93346],[108.03449,15.93329],[108.03305,15.93267],[108.02952,15.93032],[108.02441,15.92877],[108.02229,15.92896],[108.01962,15.93003],[108.01903,15.92885],[108.01672,15.92808],[108.01541,15.92681],[108.01315,15.92665],[108.01174,15.92477],[108.00914,15.9231],[108.00585,15.92135],[108.00319,15.92195],[108.00034,15.92064],[107.99682,15.92085],[107.99567,15.92122],[107.99471,15.91961],[107.9932,15.9182],[107.98998,15.9199],[107.98629,15.91868],[107.98407,15.9193],[107.98093,15.91819],[107.97905,15.91913],[107.9763,15.9191],[107.97227,15.92138],[107.9709,15.92425],[107.96837,15.92589],[107.96701,15.92605],[107.96633,15.92468],[107.96482,15.92436],[107.96063,15.92196],[107.95909,15.92219],[107.95611,15.92192],[107.95674,15.9206],[107.95574,15.91764],[107.95688,15.9163],[107.9582,15.91575],[107.96006,15.91375],[107.96197,15.90934],[107.96292,15.90639],[107.96492,15.9053],[107.96744,15.90544],[107.97012,15.90176],[107.96903,15.89909],[107.96617,15.89539],[107.96565,15.89242],[107.9647,15.89061],[107.96375,15.88995],[107.96311,15.88807],[107.96345,15.88733],[107.96199,15.88201],[107.96292,15.87948],[107.96312,15.87798],[107.96273,15.87577],[107.96377,15.87459],[107.96422,15.87321],[107.9679,15.87008],[107.96672,15.86935],[107.96734,15.86803],[107.96731,15.86361],[107.96873,15.86116],[107.96745,15.8604],[107.96785,15.85871],[107.97032,15.85877],[107.9707,15.85816],[107.9694,15.85647],[107.9678,15.85658],[107.96771,15.85048],[107.96693,15.85045],[107.96074,15.85186],[107.95553,15.8517],[107.95376,15.85137],[107.94985,15.84983],[107.94407,15.84626],[107.94145,15.84135],[107.93309,15.83496],[107.92907,15.83236],[107.92665,15.83127],[107.92382,15.83059],[107.92099,15.83026],[107.91173,15.82599],[107.91038,15.82492],[107.90943,15.8235],[107.90864,15.82096],[107.90703,15.81899],[107.90268,15.81215],[107.90155,15.81144],[107.90198,15.80934],[107.89977,15.80845],[107.89759,15.80547],[107.89749,15.80402],[107.89829,15.80103],[107.89955,15.80099],[107.90061,15.80013],[107.90195,15.80003],[107.90272,15.79875],[107.9062,15.79516],[107.90721,15.79269],[107.90981,15.79133],[107.91076,15.78944],[107.91071,15.78829],[107.91182,15.78785],[107.91286,15.78626],[107.91465,15.78584],[107.91678,15.7844],[107.91799,15.78446],[107.91983,15.78683],[107.92033,15.78813],[107.9214,15.78889],[107.92281,15.78838],[107.92401,15.78921],[107.92548,15.7893],[107.92639,15.79033],[107.92651,15.79191],[107.92937,15.79253],[107.93006,15.79389],[107.93248,15.79478],[107.93393,15.79486],[107.93504,15.79312],[107.93777,15.79438],[107.94022,15.79463],[107.94045,15.79183],[107.9423,15.79228],[107.9438,15.79357],[107.94523,15.79544],[107.94739,15.79638],[107.94841,15.79607],[107.95091,15.79699],[107.95334,15.79716],[107.95542,15.79904],[107.95701,15.79993],[107.95958,15.80072],[107.96355,15.8042],[107.96607,15.80563],[107.96695,15.80741],[107.96989,15.80916],[107.97124,15.80941],[107.9732,15.81086],[107.97536,15.81335],[107.97798,15.81536],[107.97978,15.81609],[107.98172,15.81527],[107.98434,15.81501],[107.98667,15.81521],[107.98774,15.81571],[107.9903,15.81597],[107.99217,15.81753],[107.99415,15.82027],[107.99629,15.82171],[107.99676,15.82257],[108.00092,15.82651],[108.00434,15.83006],[108.0062,15.83225],[108.00703,15.83374],[108.00837,15.83497],[108.00913,15.83705],[108.01182,15.83989],[108.01441,15.84208],[108.01356,15.84279],[108.01297,15.84439],[108.01416,15.84819],[108.02004,15.85018],[108.02238,15.8515],[108.0247,15.85397],[108.02591,15.85481],[108.0278,15.85535],[108.02955,15.85142],[108.03182,15.85073],[108.03515,15.85128],[108.03641,15.85285],[108.03639,15.85482],[108.03552,15.8578],[108.04447,15.85572],[108.04596,15.85558],[108.051,15.85641],[108.05196,15.857],[108.04857,15.86115],[108.04709,15.86204],[108.0493,15.8659],[108.0514,15.86503],[108.05365,15.86648],[108.05437,15.86602],[108.05585,15.86708],[108.05935,15.86748],[108.05952,15.86875],[108.06106,15.86927],[108.06136,15.87052],[108.06069,15.87173],[108.06426,15.87393],[108.06628,15.87468],[108.06819,15.87348],[108.06977,15.87497],[108.0751,15.87306],[108.07766,15.87193],[108.07696,15.87084],[108.0777,15.86962],[108.07699,15.86817]]]},"properties":{"a01_tinh":"diaphanhanhchinhcaptinh_sn.132","a02_xa":"diaphanhanhchinhcapxa_2025.1926","a03_ten":"Xã Hà Nha","a04_tentinh":"Thành phố Đà Nẵng","a05_truocsn":"Xã Đại Đồng, Xã Đại Hồng, Xã Đại Quang","a06_trungtamhc":"Thôn Hà Nha, xã Hà Nha","a07_dt":"132.69","a08_ds":"38199","a09_dthoai":null,"a10_web":null,"ten":"Xã Hà Nha","ma":"20515","tentinh":"Thành Phố Đà Nẵng","truocsapnhap":"Xã Đại Đồng, Xã Đại Hồng, Xã Đại Quang","dientichkm2":null,"dansonguoi":null},"id":"diaphanhanhchinhcapxa_2025.1926"},
{"type":"Feature","geometry":{"type":"Polygon","coordinates":[[[108.13296,15.50153],[108.13214,15.50425],[108.13039,15.50797],[108.12892,15.50959],[108.12681,15.5111],[108.12564,15.5126],[108.12536,15.51398],[108.12585,15.51667],[108.12681,15.51728],[108.12863,15.51992],[108.12987,15.52059],[108.13149,15.52057],[108.13674,15.52197],[108.13894,15.52338],[108.14139,15.52319],[108.14441,15.52383],[108.14635,15.52481],[108.1474,15.52619],[108.14905,15.52745],[108.15043,15.52785],[108.15234,15.53012],[108.15311,15.5321],[108.15482,15.53437],[108.1545,15.53695],[108.15352,15.53988],[108.15006,15.53983],[108.1485,15.54026],[108.14669,15.54186],[108.14504,15.54267],[108.14279,15.5425],[108.13555,15.54109],[108.13338,15.54126],[108.13204,15.54059],[108.13071,15.53849],[108.1285,15.538],[108.12731,15.53871],[108.12579,15.54076],[108.12412,15.54526],[108.12144,15.54903],[108.12009,15.55155],[108.12005,15.55457],[108.12076,15.55663],[108.12086,15.55994],[108.1215,15.56321],[108.12184,15.56854],[108.12359,15.56842],[108.12681,15.5687],[108.13084,15.56952],[108.13094,15.57152],[108.13152,15.57399],[108.13241,15.57474],[108.13173,15.57662],[108.13201,15.5779],[108.1338,15.57829],[108.13582,15.58033],[108.13247,15.58121],[108.13151,15.58107],[108.12966,15.58248],[108.12804,15.58262],[108.12853,15.58643],[108.12616,15.5878],[108.1269,15.58992],[108.12652,15.59277],[108.12492,15.5952],[108.12339,15.59516],[108.12185,15.5937],[108.12006,15.59292],[108.11623,15.58929],[108.11558,15.59105],[108.11364,15.59086],[108.11199,15.59383],[108.11237,15.59451],[108.11158,15.59709],[108.10972,15.59743],[108.10907,15.59874],[108.10782,15.59902],[108.106,15.6007],[108.10549,15.6048],[108.1047,15.60729],[108.10129,15.60846],[108.10026,15.60912],[108.10086,15.61012],[108.10138,15.61293],[108.10324,15.61628],[108.10367,15.61912],[108.10322,15.62131],[108.1041,15.62417],[108.10533,15.62537],[108.10636,15.62838],[108.10671,15.63403],[108.10558,15.63568],[108.10392,15.63672],[108.10319,15.6379],[108.10075,15.63934],[108.10008,15.64207],[108.10147,15.64321],[108.09653,15.64283],[108.09566,15.6423],[108.09493,15.64024],[108.09347,15.63914],[108.09144,15.6387],[108.08951,15.63721],[108.08703,15.63662],[108.08537,15.63509],[108.08203,15.63511],[108.07983,15.6356],[108.07734,15.63296],[108.07415,15.63143],[108.07191,15.63121],[108.07109,15.62882],[108.06942,15.62915],[108.06712,15.62899],[108.0642,15.62771],[108.06217,15.62751],[108.06112,15.62631],[108.0581,15.62667],[108.05583,15.62623],[108.05248,15.62417],[108.05084,15.62094],[108.0489,15.62068],[108.047,15.62136],[108.04502,15.62149],[108.04408,15.62088],[108.0417,15.6206],[108.04008,15.61974],[108.03865,15.61984],[108.03672,15.61912],[108.03479,15.61774],[108.03246,15.61668],[108.0323,15.61552],[108.026,15.61684],[108.02478,15.61435],[108.0246,15.61293],[108.02296,15.61131],[108.01663,15.60786],[108.01378,15.60845],[108.01219,15.6075],[108.00874,15.60622],[108.00579,15.60626],[108.00473,15.60355],[108.00157,15.60105],[107.9983,15.59891],[107.99782,15.59733],[107.99572,15.59501],[107.99445,15.59455],[107.99372,15.59314],[107.99149,15.59308],[107.98944,15.59204],[107.98671,15.58981],[107.98398,15.58897],[107.98354,15.58805],[107.9812,15.58681],[107.9785,15.5826],[107.9788,15.58114],[107.97825,15.57989],[107.97579,15.57717],[107.97435,15.57411],[107.97239,15.57203],[107.96689,15.56796],[107.96569,15.56793],[107.96223,15.56582],[107.96004,15.56362],[107.95581,15.56461],[107.95312,15.5645],[107.94996,15.56386],[107.94824,15.56291],[107.94967,15.56151],[107.95024,15.55991],[107.95212,15.55668],[107.954,15.55672],[107.95604,15.55565],[107.96049,15.55455],[107.96136,15.55383],[107.9664,15.55351],[107.96745,15.55456],[107.96947,15.5552],[107.97004,15.55673],[107.97127,15.55753],[107.97281,15.55985],[107.97215,15.56077],[107.97302,15.56225],[107.97442,15.56308],[107.97534,15.56462],[107.97571,15.5662],[107.9778,15.56664],[107.98012,15.56788],[107.98134,15.56772],[107.98346,15.56914],[107.98397,15.57016],[107.98581,15.57173],[107.98883,15.57271],[107.98996,15.57351],[107.99232,15.57372],[107.99433,15.57489],[107.99447,15.57285],[107.99588,15.57067],[107.99592,15.56889],[107.99345,15.56656],[107.99142,15.56633],[107.98976,15.56447],[107.9875,15.56275],[107.98574,15.55993],[107.98499,15.55789],[107.98524,15.55606],[107.98494,15.55412],[107.98699,15.55257],[107.98893,15.55247],[107.99102,15.55181],[107.99101,15.54876],[107.9914,15.54717],[107.99355,15.54711],[107.99539,15.54767],[107.99728,15.54745],[107.9986,15.54874],[108.00044,15.5481],[108.00198,15.54941],[108.00335,15.54948],[108.00549,15.55076],[108.00743,15.55036],[108.00944,15.55207],[108.0117,15.55282],[108.01285,15.55115],[108.01242,15.54976],[108.01267,15.54815],[108.01368,15.54576],[108.01526,15.54592],[108.01773,15.5476],[108.02015,15.54769],[108.02066,15.5485],[108.02257,15.5487],[108.0239,15.54817],[108.02475,15.54552],[108.02452,15.54227],[108.02695,15.54307],[108.02966,15.54257],[108.031,15.54337],[108.03009,15.54524],[108.03105,15.54663],[108.035,15.54631],[108.03718,15.54773],[108.03743,15.5485],[108.03664,15.55039],[108.03893,15.55176],[108.04286,15.55452],[108.04554,15.55435],[108.04581,15.55553],[108.04541,15.55782],[108.04611,15.55829],[108.04963,15.55879],[108.05142,15.55738],[108.05006,15.55674],[108.04905,15.55559],[108.0501,15.55346],[108.05165,15.55174],[108.05273,15.55124],[108.05194,15.54964],[108.05466,15.54685],[108.05758,15.54522],[108.05762,15.54229],[108.05993,15.54325],[108.06253,15.54307],[108.06244,15.54172],[108.0614,15.54095],[108.06444,15.54038],[108.06303,15.53821],[108.06276,15.53689],[108.06128,15.53521],[108.06286,15.53471],[108.06388,15.53087],[108.06517,15.53043],[108.06437,15.52911],[108.06614,15.52876],[108.06623,15.52681],[108.06701,15.52512],[108.06773,15.52515],[108.0696,15.52348],[108.07075,15.52383],[108.07225,15.52347],[108.07516,15.52125],[108.07811,15.52056],[108.07947,15.51878],[108.08113,15.51826],[108.08319,15.51817],[108.08546,15.51746],[108.08716,15.51626],[108.08971,15.51258],[108.09174,15.5114],[108.094,15.50967],[108.09769,15.50608],[108.10127,15.5046],[108.1032,15.50231],[108.10633,15.50237],[108.10724,15.50158],[108.10961,15.50096],[108.1106,15.50143],[108.11376,15.50146],[108.1177,15.49819],[108.11952,15.49864],[108.12194,15.49863],[108.1279,15.50037],[108.13003,15.50158],[108.13296,15.50153]]]},"properties":{"a01_tinh":"diaphanhanhchinhcaptinh_sn.132","a02_xa":"diaphanhanhchinhcapxa_2025.1956","a03_ten":"Xã Hiệp Đức","a04_tentinh":"Thành phố Đà Nẵng","a05_truocsn":"Thị trấn Tân Bình, Xã Quế Tân, Xã Quế Lưu","a06_trungtamhc":"Số 125, đường Hùng Vương, xã Hiệp Đức","a07_dt":"150.47","a08_ds":"14931","a09_dthoai":null,"a10_web":null,"ten":"Xã Hiệp Đức","ma":"20779","tentinh":"Thành Phố Đà Nẵng","truocsapnhap":"Thị trấn Tân Bình, Xã Quế Tân, Xã Quế Lưu","dientichkm2":null,"dansonguoi":null},"id":"diaphanhanhchinhcapxa_2025.1956"},
{"type":"Feature","geometry":{"type":"Polygon","coordinates":[[[108.18421,15.99372],[108.1821,15.99352],[108.17702,15.99416],[108.17348,15.9939],[108.17124,15.99507],[108.17011,15.99505],[108.16823,15.99408],[108.16828,15.99341],[108.16436,15.99377],[108.16308,15.99124],[108.16343,15.98989],[108.16233,15.9878],[108.15952,15.98652],[108.15851,15.98545],[108.15824,15.98391],[108.15626,15.98167],[108.15502,15.97972],[108.15298,15.97829],[108.15128,15.97863],[108.15035,15.97756],[108.1483,15.97734],[108.14687,15.97781],[108.14602,15.97657],[108.14427,15.97703],[108.14277,15.97644],[108.14326,15.97447],[108.14219,15.97421],[108.14114,15.97275],[108.13941,15.97268],[108.1394,15.97055],[108.13607,15.97124],[108.13519,15.97311],[108.13196,15.97224],[108.12964,15.97236],[108.12976,15.97425],[108.12604,15.9754],[108.12431,15.97534],[108.12041,15.97399],[108.11877,15.97296],[108.11424,15.97226],[108.10838,15.97292],[108.10323,15.97304],[108.10324,15.9719],[108.10001,15.97172],[108.09687,15.96964],[108.09633,15.96739],[108.0936,15.96484],[108.09018,15.96382],[108.08195,15.96105],[108.07951,15.95943],[108.07496,15.95836],[108.071,15.96072],[108.06952,15.96108],[108.06808,15.96203],[108.06559,15.96228],[108.06303,15.96015],[108.06141,15.95933],[108.05576,15.95934],[108.05322,15.96012],[108.04622,15.95866],[108.04328,15.95736],[108.04198,15.95554],[108.03878,15.95502],[108.0365,15.95493],[108.03521,15.95593],[108.03188,15.955],[108.01325,15.94687],[108.01315,15.92665],[108.01541,15.92681],[108.01672,15.92808],[108.01903,15.92885],[108.01962,15.93003],[108.02229,15.92896],[108.02441,15.92877],[108.02952,15.93032],[108.03305,15.93267],[108.03449,15.93329],[108.03743,15.93346],[108.04111,15.93464],[108.04227,15.93455],[108.04407,15.93306],[108.04532,15.93262],[108.04732,15.93291],[108.05146,15.93212],[108.05217,15.93288],[108.05497,15.93318],[108.0568,15.93256],[108.05724,15.93328],[108.06061,15.93388],[108.06131,15.93212],[108.06193,15.9293],[108.06686,15.92786],[108.06861,15.92612],[108.07244,15.92619],[108.0766,15.92538],[108.08046,15.92547],[108.08269,15.92697],[108.08483,15.92693],[108.08659,15.92757],[108.08711,15.92911],[108.08798,15.92989],[108.088,15.93203],[108.08758,15.93277],[108.08845,15.93485],[108.08928,15.93464],[108.09329,15.93627],[108.09547,15.93969],[108.09738,15.94111],[108.0997,15.94151],[108.101,15.94101],[108.10187,15.94275],[108.10351,15.94348],[108.10692,15.94577],[108.10788,15.94704],[108.10955,15.94802],[108.11179,15.94641],[108.1141,15.9455],[108.11512,15.94452],[108.11577,15.94255],[108.11844,15.94158],[108.11965,15.94063],[108.12222,15.94004],[108.12457,15.93853],[108.12514,15.9375],[108.12656,15.93657],[108.12657,15.93571],[108.13096,15.93325],[108.13468,15.93202],[108.13763,15.93052],[108.13849,15.93113],[108.14141,15.93133],[108.1421,15.93294],[108.14321,15.93257],[108.1442,15.93334],[108.14703,15.93307],[108.14733,15.93445],[108.14858,15.93637],[108.14952,15.94043],[108.14964,15.94399],[108.15009,15.94767],[108.15141,15.95071],[108.15373,15.95284],[108.15742,15.95191],[108.16067,15.95024],[108.16233,15.9502],[108.16454,15.95181],[108.16527,15.95033],[108.16505,15.94916],[108.16571,15.94649],[108.16682,15.94661],[108.1676,15.94354],[108.16856,15.94158],[108.17195,15.9397],[108.17312,15.94034],[108.1767,15.93929],[108.17912,15.93961],[108.17924,15.94102],[108.18058,15.94626],[108.18136,15.94679],[108.17918,15.9512],[108.18013,15.95145],[108.18014,15.95333],[108.18072,15.95486],[108.18334,15.95699],[108.1838,15.95873],[108.18454,15.95944],[108.18419,15.96142],[108.18464,15.96551],[108.18163,15.96526],[108.18371,15.97419],[108.18443,15.9767],[108.1839,15.9779],[108.18474,15.97872],[108.18472,15.98004],[108.18555,15.98053],[108.18515,15.98203],[108.18615,15.98391],[108.18525,15.98521],[108.18407,15.98581],[108.18439,15.98873],[108.18393,15.99087],[108.18304,15.99123],[108.18421,15.99372]]]},"properties":{"a01_tinh":"diaphanhanhchinhcaptinh_sn.132","a02_xa":"diaphanhanhchinhcapxa_2025.1914","a03_ten":"Xã Hòa Tiến","a04_tentinh":"Thành phố Đà Nẵng","a05_truocsn":"Xã Hòa Khương, Xã Hòa Tiến","a06_trungtamhc":"Thôn Phú Sơn Tây (Quốc lộ 14B), xã Hòa Tiến","a07_dt":"65.9","a08_ds":"38823","a09_dthoai":null,"a10_web":null,"ten":"Xã Hòa Tiến","ma":"20332","tentinh":"Thành Phố Đà Nẵng","truocsapnhap":"Xã Hòa Khương, Xã Hòa Tiến","dientichkm2":null,"dansonguoi":null},"id":"diaphanhanhchinhcapxa_2025.1914"},
{"type":"Feature","geometry":{"type":"Polygon","coordinates":[[[108.158,15.99392],[108.15158,15.99467],[108.14894,15.99372],[108.14566,15.99296],[108.14226,15.99316],[108.14156,15.99378],[108.14115,15.99599],[108.14159,15.99846],[108.14089,16.00043],[108.13885,16.00143],[108.13797,16.00077],[108.1376,15.99853],[108.13602,15.99838],[108.13477,15.99996],[108.13526,16.00252],[108.13449,16.00358],[108.12943,16.00423],[108.1266,16.00345],[108.12462,16.00121],[108.12332,16.00065],[108.12031,16.00021],[108.11914,16.00042],[108.11702,16.00176],[108.11565,16.00171],[108.11217,15.99978],[108.10987,15.99918],[108.10831,15.99926],[108.1057,16.00074],[108.10282,16.00092],[108.09936,15.99898],[108.0973,15.99753],[108.094,15.99703],[108.08984,15.99699],[108.08814,15.99734],[108.0853,16.00061],[108.0871,16.00227],[108.08617,16.00332],[108.08519,16.00304],[108.08308,16.00108],[108.08099,16.00091],[108.07848,15.99931],[108.07682,15.99944],[108.07606,15.99892],[108.07482,16.00086],[108.07433,16.00286],[108.07495,16.00366],[108.07489,16.00515],[108.07361,16.00573],[108.07147,16.00578],[108.07075,16.0068],[108.07089,16.00905],[108.07251,16.00951],[108.07402,16.01148],[108.07518,16.01868],[108.07201,16.01828],[108.07118,16.01859],[108.06997,16.02032],[108.07017,16.02197],[108.06917,16.02263],[108.06475,16.02027],[108.05133,16.01229],[108.05108,16.01062],[108.05145,16.00951],[108.04924,16.0075],[108.04675,16.0073],[108.04568,16.00792],[108.04335,16.00699],[108.04043,16.00372],[108.03666,16.00309],[108.03534,16.00157],[108.03277,15.99724],[108.02939,15.99695],[108.02723,15.99608],[108.01922,15.99541],[108.0074,15.99518],[108.00412,15.99536],[108.00182,15.99598],[108.00016,15.9957],[107.99951,15.99472],[107.99816,15.99418],[107.99675,15.99429],[107.99379,15.99587],[107.99209,15.99542],[107.99076,15.99431],[107.9897,15.99537],[107.98805,15.99554],[107.98635,15.99778],[107.98187,15.99667],[107.98116,15.99569],[107.98053,15.99351],[107.98056,15.99129],[107.98104,15.98869],[107.98017,15.98764],[107.97895,15.98753],[107.97853,15.98614],[107.97641,15.98554],[107.9743,15.98333],[107.97226,15.98033],[107.97153,15.97874],[107.96963,15.97791],[107.96645,15.97588],[107.96359,15.97344],[107.96221,15.973],[107.96052,15.97059],[107.95897,15.9702],[107.95834,15.96909],[107.95687,15.96885],[107.95508,15.96572],[107.9563,15.96422],[107.9558,15.95845],[107.95321,15.9578],[107.95264,15.95714],[107.9508,15.95131],[107.94927,15.95026],[107.94941,15.94869],[107.95191,15.94734],[107.95482,15.9425],[107.95717,15.9419],[107.95937,15.93975],[107.96118,15.93671],[107.96397,15.9337],[107.97194,15.92841],[107.976,15.92536],[107.98167,15.91995],[107.98407,15.9193],[107.98629,15.91868],[107.98998,15.9199],[107.9932,15.9182],[107.99471,15.91961],[107.99567,15.92122],[107.99682,15.92085],[108.00034,15.92064],[108.00319,15.92195],[108.00585,15.92135],[108.00914,15.9231],[108.01174,15.92477],[108.01315,15.92665],[108.01325,15.94687],[108.03188,15.955],[108.03521,15.95593],[108.0365,15.95493],[108.03878,15.95502],[108.04198,15.95554],[108.04328,15.95736],[108.04622,15.95866],[108.05322,15.96012],[108.05576,15.95934],[108.06141,15.95933],[108.06303,15.96015],[108.06559,15.96228],[108.06808,15.96203],[108.06952,15.96108],[108.071,15.96072],[108.07496,15.95836],[108.07951,15.95943],[108.08195,15.96105],[108.09018,15.96382],[108.0936,15.96484],[108.09633,15.96739],[108.09687,15.96964],[108.10001,15.97172],[108.10324,15.9719],[108.10323,15.97304],[108.10838,15.97292],[108.11424,15.97226],[108.11877,15.97296],[108.12041,15.97399],[108.12431,15.97534],[108.12604,15.9754],[108.12976,15.97425],[108.12964,15.97236],[108.13196,15.97224],[108.13519,15.97311],[108.13607,15.97124],[108.1394,15.97055],[108.13941,15.97268],[108.14114,15.97275],[108.14219,15.97421],[108.14326,15.97447],[108.14277,15.97644],[108.14427,15.97703],[108.14602,15.97657],[108.14687,15.97781],[108.1483,15.97734],[108.15035,15.97756],[108.15128,15.97863],[108.15298,15.97829],[108.15502,15.97972],[108.15626,15.98167],[108.15824,15.98391],[108.15851,15.98545],[108.15952,15.98652],[108.16233,15.9878],[108.16343,15.98989],[108.16308,15.99124],[108.16436,15.99377],[108.16145,15.99469],[108.15928,15.99478],[108.158,15.99392]]]},"properties":{"a01_tinh":"diaphanhanhchinhcaptinh_sn.132","a02_xa":"diaphanhanhchinhcapxa_2025.1900","a03_ten":"Xã Hòa Vang","a04_tentinh":"Thành phố Đà Nẵng","a05_truocsn":"Xã Hòa Phong, Xã Hòa Phú","a06_trungtamhc":"Thôn Dương Lâm 1, xã Hòa Vang","a07_dt":"107.61","a08_ds":"26712","a09_dthoai":null,"a10_web":null,"ten":"Xã Hòa Vang","ma":"20320","tentinh":"Thành Phố Đà Nẵng","truocsapnhap":"Xã Hòa Phong, Xã Hòa Phú","dientichkm2":null,"dansonguoi":null},"id":"diaphanhanhchinhcapxa_2025.1900"},
{"type":"Feature","geometry":{"type":"Polygon","coordinates":[[[107.38465,15.88735],[107.38312,15.88856],[107.38031,15.88877],[107.38061,15.88965],[107.3788,15.89045],[107.37913,15.89212],[107.37772,15.89206],[107.37682,15.89329],[107.37523,15.89416],[107.37512,15.89524],[107.37146,15.89794],[107.3677,15.89683],[107.36658,15.89595],[107.36449,15.89594],[107.36494,15.89454],[107.36407,15.89383],[107.36466,15.8928],[107.36216,15.8916],[107.36016,15.89298],[107.35884,15.8921],[107.35416,15.89285],[107.35278,15.8922],[107.35183,15.89334],[107.34781,15.89387],[107.34296,15.89049],[107.34167,15.89034],[107.34024,15.89093],[107.33868,15.89085],[107.33568,15.88937],[107.33326,15.88783],[107.32881,15.8901],[107.32532,15.88832],[107.32355,15.8871],[107.32118,15.88701],[107.31896,15.88424],[107.31716,15.88371],[107.31611,15.8847],[107.31546,15.88353],[107.31588,15.88259],[107.31574,15.88039],[107.3143,15.87823],[107.31205,15.87626],[107.31214,15.87327],[107.31005,15.87175],[107.30967,15.87053],[107.30544,15.86778],[107.30174,15.86649],[107.30133,15.86728],[107.29862,15.86928],[107.29797,15.86835],[107.29484,15.86605],[107.29189,15.86533],[107.28985,15.86565],[107.28895,15.86455],[107.28897,15.863],[107.28779,15.86086],[107.285,15.85972],[107.28322,15.85784],[107.28145,15.85771],[107.27811,15.85832],[107.27706,15.86118],[107.27567,15.86159],[107.27361,15.85999],[107.27113,15.85898],[107.27175,15.85699],[107.27143,15.85312],[107.26961,15.85113],[107.26254,15.84983],[107.26179,15.85041],[107.25907,15.84884],[107.25728,15.84857],[107.25599,15.8476],[107.2553,15.84593],[107.25398,15.84496],[107.2511,15.84182],[107.25081,15.84025],[107.24735,15.83855],[107.24582,15.83959],[107.24318,15.83955],[107.242,15.83995],[107.23958,15.84169],[107.23495,15.84367],[107.2336,15.84358],[107.23299,15.84265],[107.23239,15.84028],[107.23236,15.8385],[107.23142,15.8377],[107.22973,15.83852],[107.22749,15.83723],[107.22669,15.83621],[107.22134,15.83562],[107.22155,15.83352],[107.22075,15.83269],[107.22149,15.83104],[107.21941,15.82914],[107.21752,15.82868],[107.21615,15.82986],[107.21312,15.82753],[107.21076,15.82673],[107.21077,15.82568],[107.2126,15.82459],[107.21489,15.824],[107.21638,15.82259],[107.22143,15.81347],[107.22164,15.81152],[107.22361,15.80871],[107.22613,15.80569],[107.22899,15.80432],[107.22877,15.80324],[107.22582,15.80057],[107.22622,15.7994],[107.22658,15.79395],[107.22738,15.79287],[107.22733,15.79131],[107.22805,15.79031],[107.2287,15.78646],[107.22987,15.78342],[107.22877,15.78272],[107.22706,15.78329],[107.2259,15.7829],[107.22279,15.78059],[107.22038,15.77768],[107.21896,15.77654],[107.21971,15.77279],[107.21831,15.77027],[107.21821,15.76712],[107.21873,15.76666],[107.2183,15.76433],[107.21731,15.76255],[107.21698,15.75969],[107.21455,15.75811],[107.21256,15.75818],[107.21174,15.75725],[107.21118,15.75434],[107.21178,15.7519],[107.21166,15.7491],[107.21233,15.74605],[107.21311,15.74456],[107.21293,15.74259],[107.21355,15.73867],[107.21631,15.74056],[107.21753,15.73914],[107.22028,15.74034],[107.22313,15.74287],[107.22735,15.74258],[107.23016,15.74277],[107.23256,15.74326],[107.23404,15.7443],[107.23581,15.74325],[107.23784,15.74375],[107.23978,15.74475],[107.24217,15.7445],[107.24326,15.74526],[107.24542,15.74529],[107.24817,15.74485],[107.25001,15.74346],[107.25014,15.74209],[107.25182,15.7408],[107.25271,15.7395],[107.25438,15.73847],[107.25367,15.73518],[107.25253,15.73367],[107.2508,15.73224],[107.25182,15.7299],[107.25402,15.73049],[107.25619,15.72993],[107.25684,15.72859],[107.2579,15.72878],[107.26124,15.73056],[107.26119,15.73162],[107.26267,15.73517],[107.26451,15.73563],[107.26631,15.73891],[107.26808,15.73873],[107.26943,15.73734],[107.27189,15.73736],[107.2747,15.7364],[107.27539,15.73487],[107.27636,15.73429],[107.27841,15.73508],[107.28069,15.7369],[107.28181,15.73561],[107.28548,15.73577],[107.28648,15.73558],[107.28766,15.73428],[107.28917,15.73476],[107.29103,15.73424],[107.2927,15.73484],[107.29403,15.73595],[107.2951,15.73536],[107.29678,15.73564],[107.29932,15.73491],[107.30165,15.7359],[107.30322,15.73531],[107.30437,15.73735],[107.30615,15.73946],[107.30735,15.74198],[107.30832,15.74303],[107.3104,15.74407],[107.30892,15.74548],[107.30962,15.74739],[107.30856,15.74899],[107.30991,15.7506],[107.31331,15.74955],[107.31457,15.7515],[107.31839,15.74918],[107.32281,15.75116],[107.32368,15.75062],[107.32507,15.75114],[107.33002,15.74915],[107.3307,15.74839],[107.33274,15.74899],[107.33505,15.74831],[107.33684,15.74945],[107.33833,15.7479],[107.33824,15.74626],[107.34008,15.74429],[107.34108,15.74378],[107.34257,15.74178],[107.34424,15.7414],[107.34486,15.74259],[107.34747,15.74318],[107.3481,15.74242],[107.34829,15.7405],[107.34788,15.73888],[107.34519,15.73805],[107.34641,15.73519],[107.34858,15.72849],[107.34987,15.72803],[107.35051,15.73014],[107.3534,15.73183],[107.35403,15.73332],[107.35572,15.73458],[107.356,15.73587],[107.35876,15.73755],[107.35982,15.73711],[107.36187,15.73406],[107.363,15.73143],[107.36466,15.72986],[107.36675,15.72608],[107.36832,15.7251],[107.37049,15.72627],[107.3729,15.72647],[107.37496,15.72717],[107.3774,15.72722],[107.3783,15.72904],[107.38024,15.72747],[107.38343,15.73009],[107.38565,15.73257],[107.38618,15.73407],[107.38839,15.73533],[107.39003,15.73568],[107.39063,15.73752],[107.39452,15.73884],[107.39687,15.74058],[107.39836,15.74074],[107.40107,15.74195],[107.40219,15.74202],[107.40223,15.74472],[107.40064,15.74564],[107.40039,15.74746],[107.40111,15.74861],[107.39942,15.75039],[107.39856,15.75197],[107.3981,15.75459],[107.39748,15.7559],[107.39818,15.75782],[107.39992,15.75904],[107.39908,15.76137],[107.39832,15.76216],[107.39777,15.7655],[107.39589,15.76887],[107.39715,15.77285],[107.39796,15.77393],[107.39883,15.77705],[107.39802,15.77878],[107.39825,15.78073],[107.39963,15.78226],[107.39706,15.78447],[107.39717,15.78713],[107.3964,15.78874],[107.39809,15.79545],[107.39724,15.79693],[107.39678,15.79896],[107.39486,15.80057],[107.39394,15.80272],[107.39201,15.80471],[107.39169,15.80756],[107.39036,15.81076],[107.38723,15.81088],[107.38483,15.81196],[107.38222,15.81671],[107.38015,15.81767],[107.37824,15.82053],[107.38036,15.82251],[107.38176,15.82322],[107.37988,15.82547],[107.37827,15.82688],[107.37808,15.8284],[107.37692,15.83112],[107.37802,15.83309],[107.38128,15.83401],[107.38172,15.83472],[107.38187,15.83809],[107.38153,15.83889],[107.38275,15.84032],[107.38243,15.84256],[107.3831,15.84346],[107.38252,15.845],[107.38334,15.84757],[107.38526,15.85004],[107.38541,15.85164],[107.38771,15.85546],[107.38769,15.85753],[107.38845,15.859],[107.38834,15.86231],[107.38674,15.86555],[107.38401,15.86732],[107.38314,15.86742],[107.38157,15.86986],[107.38163,15.87056],[107.37987,15.87147],[107.37797,15.87344],[107.37878,15.87448],[107.37809,15.87599],[107.37868,15.87674],[107.37779,15.87779],[107.37998,15.87881],[107.38066,15.88017],[107.38017,15.88174],[107.38386,15.88489],[107.38465,15.88735]]]},"properties":{"a01_tinh":"diaphanhanhchinhcaptinh_sn.132","a02_xa":"diaphanhanhchinhcapxa_2025.1917","a03_ten":"Xã Hùng Sơn","a04_tentinh":"Thành phố Đà Nẵng","a05_truocsn":"Xã Ch’ơm, Xã Gari, Xã Tr’hy, Xã Axan","a06_trungtamhc":"Thôn Arâng, xã Hùng Sơn","a07_dt":"287.95","a08_ds":"7958","a09_dthoai":null,"a10_web":null,"ten":"Xã Hùng Sơn","ma":"20443","tentinh":"Thành Phố Đà Nẵng","truocsapnhap":"Xã Ch’ơm, Xã Gari, Xã Tr’hy, Xã Axan","dientichkm2":null,"dansonguoi":null},"id":"diaphanhanhchinhcapxa_2025.1917"},
{"type":"Feature","geometry":{"type":"Polygon","coordinates":[[[107.8289,15.56966],[107.82804,15.57043],[107.82795,15.572],[107.82696,15.57283],[107.82572,15.57172],[107.82324,15.57347],[107.82299,15.57469],[107.82336,15.57753],[107.82283,15.57992],[107.82095,15.57899],[107.81976,15.58033],[107.81857,15.58022],[107.8176,15.581],[107.81643,15.57977],[107.81497,15.57922],[107.81318,15.57929],[107.8123,15.5801],[107.81048,15.57937],[107.80887,15.58051],[107.80635,15.58016],[107.80601,15.57921],[107.80371,15.5789],[107.80214,15.57976],[107.80083,15.57934],[107.79895,15.57956],[107.79814,15.58076],[107.79687,15.58],[107.79362,15.58035],[107.79184,15.58022],[107.78931,15.5789],[107.78702,15.57976],[107.7867,15.57861],[107.78526,15.57752],[107.78443,15.57946],[107.78273,15.5797],[107.77969,15.58097],[107.77867,15.57994],[107.77954,15.5771],[107.77891,15.57639],[107.77677,15.57661],[107.77222,15.57479],[107.77159,15.57367],[107.76901,15.57269],[107.76663,15.57271],[107.76424,15.57173],[107.76199,15.5715],[107.7594,15.57312],[107.75685,15.57439],[107.75557,15.57575],[107.75383,15.57583],[107.75136,15.57502],[107.74891,15.57171],[107.74587,15.57115],[107.74441,15.56896],[107.74292,15.56843],[107.73784,15.56878],[107.7365,15.56851],[107.73445,15.56885],[107.73186,15.56788],[107.73081,15.56549],[107.73123,15.56446],[107.72826,15.56394],[107.72419,15.5611],[107.72242,15.56079],[107.72068,15.56121],[107.719,15.5603],[107.71648,15.56102],[107.71449,15.56084],[107.71292,15.55871],[107.71074,15.55731],[107.7083,15.55705],[107.70465,15.55792],[107.7022,15.55933],[107.70051,15.55988],[107.69712,15.56209],[107.69514,15.56048],[107.6948,15.55907],[107.69594,15.55645],[107.6975,15.55446],[107.69837,15.55195],[107.69807,15.55046],[107.6957,15.54985],[107.69577,15.54788],[107.69475,15.54596],[107.69645,15.54527],[107.69842,15.54614],[107.69934,15.54422],[107.69794,15.54327],[107.6988,15.54146],[107.69837,15.53996],[107.6994,15.53853],[107.70126,15.53745],[107.70113,15.53579],[107.70247,15.5315],[107.7049,15.52975],[107.70447,15.5288],[107.70246,15.52954],[107.70069,15.52951],[107.70027,15.52872],[107.70013,15.52423],[107.70188,15.52336],[107.70359,15.52094],[107.70377,15.51917],[107.70278,15.51768],[107.7031,15.51682],[107.70677,15.51486],[107.70667,15.51316],[107.70454,15.51051],[107.70595,15.50919],[107.70633,15.50722],[107.70819,15.5072],[107.71125,15.50558],[107.71337,15.50586],[107.71536,15.50552],[107.71657,15.50411],[107.7168,15.50217],[107.71881,15.50114],[107.71863,15.49963],[107.72029,15.49712],[107.72266,15.49635],[107.72309,15.49504],[107.72437,15.49439],[107.72644,15.49213],[107.72893,15.49125],[107.73104,15.48972],[107.73102,15.48889],[107.73213,15.48724],[107.73506,15.48726],[107.73781,15.48794],[107.73831,15.48921],[107.74092,15.48986],[107.7419,15.48973],[107.74256,15.48846],[107.74502,15.48794],[107.74764,15.48837],[107.74891,15.4891],[107.75113,15.48793],[107.75352,15.48471],[107.75596,15.48254],[107.75766,15.48178],[107.75811,15.48072],[107.75925,15.48048],[107.76192,15.47884],[107.76665,15.47919],[107.76764,15.47569],[107.76841,15.47401],[107.76832,15.47299],[107.76563,15.47171],[107.76678,15.46887],[107.76711,15.46633],[107.76819,15.46548],[107.76968,15.462],[107.77041,15.45802],[107.77258,15.45274],[107.77448,15.45316],[107.77614,15.45162],[107.77753,15.45114],[107.77867,15.45141],[107.77977,15.45051],[107.77941,15.44885],[107.78024,15.44757],[107.78083,15.44448],[107.77986,15.44226],[107.78001,15.44082],[107.77874,15.43827],[107.77781,15.43505],[107.77697,15.43327],[107.77804,15.4312],[107.77826,15.42766],[107.78095,15.42474],[107.78078,15.42289],[107.78301,15.42131],[107.7849,15.42081],[107.78706,15.42164],[107.78816,15.42123],[107.78883,15.42364],[107.79002,15.42454],[107.79735,15.42799],[107.80275,15.43005],[107.80462,15.42986],[107.80585,15.42894],[107.809,15.42576],[107.81112,15.42576],[107.81165,15.42683],[107.8131,15.42736],[107.81525,15.42549],[107.81652,15.42647],[107.81895,15.43091],[107.81966,15.43184],[107.81992,15.43419],[107.82048,15.43512],[107.82241,15.43661],[107.82457,15.43769],[107.82968,15.43911],[107.83203,15.44026],[107.83352,15.44224],[107.8343,15.44399],[107.83381,15.4453],[107.83181,15.44654],[107.83159,15.44759],[107.83227,15.45283],[107.83162,15.45392],[107.82943,15.45561],[107.82993,15.45825],[107.82946,15.45908],[107.82932,15.46126],[107.82997,15.46225],[107.83676,15.46177],[107.83938,15.46543],[107.83989,15.46751],[107.8428,15.47134],[107.84402,15.47935],[107.84352,15.48084],[107.83856,15.48444],[107.83623,15.48576],[107.83506,15.48702],[107.83275,15.4874],[107.83151,15.48973],[107.82938,15.49093],[107.82596,15.49136],[107.82362,15.49458],[107.81902,15.49692],[107.81673,15.49899],[107.81728,15.50301],[107.81821,15.50506],[107.81831,15.5079],[107.81739,15.5096],[107.81605,15.50997],[107.81422,15.51126],[107.81293,15.51386],[107.81347,15.51522],[107.81494,15.51575],[107.81721,15.51724],[107.8172,15.51934],[107.81842,15.5208],[107.81948,15.52464],[107.8191,15.52644],[107.8208,15.52883],[107.8211,15.5302],[107.82304,15.5329],[107.82249,15.53502],[107.82343,15.53825],[107.82524,15.54136],[107.82654,15.54419],[107.82615,15.5453],[107.82661,15.54946],[107.82775,15.55107],[107.82889,15.55419],[107.82505,15.55849],[107.82289,15.55976],[107.82207,15.56404],[107.82253,15.56679],[107.82453,15.56888],[107.82753,15.56881],[107.8289,15.56966]]]},"properties":{"a01_tinh":"diaphanhanhchinhcaptinh_sn.132","a02_xa":"diaphanhanhchinhcapxa_2025.1952","a03_ten":"Xã Khâm Đức","a04_tentinh":"Thành phố Đà Nẵng","a05_truocsn":"Thị trấn Khâm Đức, Xã Phước Xuân","a06_trungtamhc":"Số 48 đường Hồ Chí Minh, Xã Khâm Đức","a07_dt":"161.98","a08_ds":"9741","a09_dthoai":null,"a10_web":null,"ten":"Xã Khâm Đức","ma":"20722","tentinh":"Thành Phố Đà Nẵng","truocsapnhap":"Thị trấn Khâm Đức, Xã Phước Xuân","dientichkm2":null,"dansonguoi":null},"id":"diaphanhanhchinhcapxa_2025.1952"},
{"type":"Feature","geometry":{"type":"Polygon","coordinates":[[[107.54044,15.59839],[107.54032,15.59995],[107.53891,15.6008],[107.5365,15.60128],[107.53575,15.60086],[107.53412,15.60369],[107.53454,15.60519],[107.53221,15.60511],[107.53191,15.60454],[107.52906,15.60382],[107.52771,15.60383],[107.52431,15.60295],[107.52153,15.60276],[107.5203,15.6032],[107.51876,15.60262],[107.51584,15.60253],[107.51329,15.60337],[107.51155,15.6036],[107.50893,15.60448],[107.50644,15.60442],[107.50555,15.60558],[107.50365,15.60512],[107.50245,15.6039],[107.50259,15.60312],[107.501,15.60218],[107.501,15.60044],[107.4986,15.59845],[107.49858,15.59634],[107.49618,15.5965],[107.49549,15.59527],[107.49449,15.59544],[107.49397,15.59378],[107.49416,15.59123],[107.49336,15.5898],[107.48388,15.58252],[107.47885,15.57846],[107.47602,15.57649],[107.47034,15.57195],[107.46873,15.57134],[107.46271,15.57027],[107.46221,15.57149],[107.46306,15.57251],[107.46287,15.57436],[107.4603,15.58007],[107.46073,15.58162],[107.46196,15.58249],[107.46289,15.58452],[107.4641,15.58434],[107.46588,15.58542],[107.46801,15.58582],[107.46973,15.5857],[107.47037,15.58753],[107.4715,15.58817],[107.47277,15.59035],[107.47414,15.59062],[107.47624,15.58908],[107.47758,15.58939],[107.47924,15.589],[107.48089,15.59243],[107.4816,15.59555],[107.48105,15.59671],[107.4805,15.60055],[107.48125,15.60215],[107.48302,15.60209],[107.48534,15.60454],[107.48506,15.60942],[107.48343,15.61118],[107.48172,15.6123],[107.48169,15.61304],[107.4765,15.61436],[107.47583,15.61539],[107.47436,15.61595],[107.47263,15.61535],[107.47024,15.61745],[107.46799,15.62036],[107.46478,15.62093],[107.4545,15.62521],[107.44873,15.6251],[107.44621,15.62485],[107.43957,15.62508],[107.43714,15.62683],[107.43549,15.62721],[107.43388,15.6297],[107.43317,15.63142],[107.43186,15.63236],[107.4284,15.63171],[107.42685,15.63029],[107.42631,15.62632],[107.42761,15.62435],[107.42539,15.62375],[107.42478,15.62088],[107.42381,15.62068],[107.42192,15.6223],[107.41803,15.62352],[107.41717,15.62303],[107.41715,15.62173],[107.41601,15.61993],[107.41356,15.61867],[107.41343,15.61565],[107.41212,15.61554],[107.41229,15.61418],[107.409,15.61122],[107.40981,15.60968],[107.40989,15.60839],[107.40833,15.60673],[107.40668,15.60604],[107.406,15.60404],[107.40432,15.60378],[107.40348,15.60298],[107.40158,15.60382],[107.40049,15.60221],[107.40148,15.60145],[107.40076,15.59957],[107.39808,15.59889],[107.39632,15.59922],[107.39703,15.59634],[107.39958,15.5964],[107.4013,15.59488],[107.40341,15.59459],[107.40351,15.59267],[107.40481,15.59239],[107.40524,15.59031],[107.40377,15.58974],[107.40248,15.58747],[107.40079,15.58766],[107.39857,15.58713],[107.39719,15.58445],[107.39576,15.58421],[107.39493,15.58312],[107.396,15.5811],[107.39512,15.57928],[107.39606,15.57848],[107.39629,15.57684],[107.39192,15.57409],[107.39051,15.57417],[107.38892,15.57353],[107.38673,15.57193],[107.38485,15.57203],[107.38189,15.57018],[107.38063,15.57062],[107.37977,15.57003],[107.37549,15.57006],[107.37278,15.56791],[107.37101,15.56761],[107.37007,15.56813],[107.36799,15.56816],[107.36716,15.56917],[107.36636,15.5715],[107.36691,15.57318],[107.36559,15.574],[107.36312,15.57462],[107.36106,15.57464],[107.35986,15.57399],[107.35955,15.57242],[107.36165,15.57083],[107.36474,15.57031],[107.36497,15.56931],[107.3645,15.56692],[107.36611,15.56099],[107.36602,15.56011],[107.36335,15.5586],[107.36358,15.55607],[107.36477,15.555],[107.36482,15.55197],[107.36595,15.54972],[107.36455,15.54774],[107.36655,15.546],[107.36737,15.54446],[107.36731,15.54287],[107.37017,15.54133],[107.37146,15.53799],[107.37237,15.5377],[107.37298,15.53559],[107.37311,15.53244],[107.37433,15.53162],[107.37494,15.52796],[107.37422,15.52523],[107.37499,15.52441],[107.3746,15.52181],[107.37819,15.51777],[107.37851,15.51644],[107.37762,15.5123],[107.37976,15.51098],[107.38029,15.50836],[107.37978,15.5057],[107.38057,15.50443],[107.37855,15.50134],[107.38008,15.5007],[107.38226,15.49804],[107.38166,15.49417],[107.3819,15.49349],[107.38601,15.49288],[107.38667,15.49434],[107.38822,15.49453],[107.38895,15.49574],[107.39055,15.49547],[107.39235,15.49589],[107.39263,15.49438],[107.39504,15.49502],[107.39594,15.49362],[107.39914,15.49249],[107.40047,15.49342],[107.40201,15.49306],[107.4065,15.49372],[107.40774,15.49423],[107.40995,15.49154],[107.41194,15.49302],[107.4141,15.49522],[107.41554,15.49482],[107.41601,15.49344],[107.41539,15.49155],[107.41569,15.49068],[107.41923,15.49097],[107.42057,15.49241],[107.42232,15.4935],[107.42412,15.49248],[107.42544,15.49099],[107.42703,15.49021],[107.42831,15.49063],[107.42929,15.49015],[107.43165,15.49167],[107.43186,15.49387],[107.43134,15.49569],[107.43184,15.49711],[107.43061,15.49835],[107.43042,15.49985],[107.43236,15.50218],[107.43392,15.50298],[107.43812,15.50369],[107.43996,15.50317],[107.44214,15.50316],[107.44321,15.50209],[107.44505,15.50194],[107.4469,15.50367],[107.44813,15.50296],[107.44974,15.50319],[107.451,15.50397],[107.4526,15.50312],[107.45396,15.50358],[107.45567,15.50289],[107.45727,15.50138],[107.45873,15.50067],[107.4599,15.49879],[107.46168,15.49805],[107.46248,15.49985],[107.46455,15.49913],[107.46612,15.49916],[107.46721,15.49846],[107.47058,15.49875],[107.47073,15.49699],[107.47269,15.49646],[107.47627,15.49346],[107.47758,15.49148],[107.4788,15.49091],[107.48007,15.49174],[107.48139,15.49079],[107.48117,15.48947],[107.48249,15.48758],[107.48158,15.48339],[107.47988,15.48235],[107.47758,15.48146],[107.47756,15.47859],[107.47836,15.47781],[107.47998,15.47781],[107.48099,15.47704],[107.48247,15.47725],[107.48339,15.47804],[107.48548,15.47848],[107.48755,15.47832],[107.48916,15.47879],[107.49291,15.47912],[107.49371,15.47841],[107.49545,15.47858],[107.49784,15.47567],[107.4989,15.47584],[107.50074,15.47516],[107.50442,15.47533],[107.50736,15.47464],[107.50664,15.47716],[107.50513,15.47939],[107.50555,15.48208],[107.50484,15.48345],[107.50393,15.48351],[107.50024,15.48654],[107.49846,15.48978],[107.49765,15.49052],[107.49721,15.49208],[107.4962,15.49224],[107.49641,15.49438],[107.49419,15.49644],[107.49479,15.4984],[107.4915,15.50144],[107.49159,15.50309],[107.49073,15.50472],[107.49204,15.50658],[107.4918,15.50769],[107.49048,15.50845],[107.49045,15.50993],[107.49165,15.51122],[107.49208,15.51419],[107.49417,15.51563],[107.49362,15.52111],[107.49491,15.52189],[107.49737,15.52229],[107.49819,15.52291],[107.50081,15.52306],[107.50136,15.52417],[107.50318,15.52476],[107.5037,15.52551],[107.5065,15.52632],[107.50702,15.52968],[107.50679,15.53143],[107.50729,15.53257],[107.50653,15.5395],[107.50834,15.54058],[107.50772,15.54148],[107.50973,15.54445],[107.51143,15.54375],[107.51258,15.54503],[107.51268,15.54727],[107.51389,15.54723],[107.51542,15.54832],[107.51502,15.55042],[107.51755,15.55414],[107.52026,15.55752],[107.52114,15.55808],[107.52119,15.55952],[107.52011,15.56179],[107.52196,15.56271],[107.52016,15.56507],[107.52256,15.56607],[107.52356,15.56789],[107.52139,15.56953],[107.52136,15.57133],[107.51959,15.57456],[107.51956,15.57608],[107.52115,15.57645],[107.52063,15.57777],[107.52088,15.58035],[107.51956,15.58156],[107.52061,15.58257],[107.52188,15.58523],[107.52313,15.58546],[107.52474,15.58482],[107.52765,15.58661],[107.5286,15.58834],[107.52933,15.5907],[107.53006,15.59142],[107.53238,15.59172],[107.53274,15.59424],[107.53511,15.59562],[107.5372,15.59584],[107.53854,15.59759],[107.54044,15.59839]]]},"properties":{"a01_tinh":"diaphanhanhchinhcaptinh_sn.132","a02_xa":"diaphanhanhchinhcapxa_2025.1918","a03_ten":"Xã La Dêê","a04_tentinh":"Thành phố Đà Nẵng","a05_truocsn":"Xã Đắc Tôi, Xã La Dêê","a06_trungtamhc":"Thôn Đắc Ốc, xã La Dêê","a07_dt":"184.81","a08_ds":"293","a09_dthoai":null,"a10_web":null,"ten":"Xã La Dêê","ma":"20704","tentinh":"Thành Phố Đà Nẵng","truocsapnhap":"Xã Đắc Tôi, Xã La Dêê","dientichkm2":null,"dansonguoi":null},"id":"diaphanhanhchinhcapxa_2025.1918"},
{"type":"Feature","geometry":{"type":"Polygon","coordinates":[[[107.40219,15.74202],[107.40107,15.74195],[107.39836,15.74074],[107.39687,15.74058],[107.39452,15.73884],[107.39063,15.73752],[107.39003,15.73568],[107.38839,15.73533],[107.38618,15.73407],[107.38565,15.73257],[107.38343,15.73009],[107.38024,15.72747],[107.3783,15.72904],[107.3774,15.72722],[107.37496,15.72717],[107.3729,15.72647],[107.37049,15.72627],[107.36832,15.7251],[107.36675,15.72608],[107.36466,15.72986],[107.363,15.73143],[107.36187,15.73406],[107.35982,15.73711],[107.35876,15.73755],[107.356,15.73587],[107.35572,15.73458],[107.35403,15.73332],[107.3534,15.73183],[107.35051,15.73014],[107.34987,15.72803],[107.34858,15.72849],[107.34641,15.73519],[107.34519,15.73805],[107.34788,15.73888],[107.34829,15.7405],[107.3481,15.74242],[107.34747,15.74318],[107.34486,15.74259],[107.34424,15.7414],[107.34257,15.74178],[107.34108,15.74378],[107.34008,15.74429],[107.33824,15.74626],[107.33833,15.7479],[107.33684,15.74945],[107.33505,15.74831],[107.33274,15.74899],[107.3307,15.74839],[107.33002,15.74915],[107.32507,15.75114],[107.32368,15.75062],[107.32281,15.75116],[107.31839,15.74918],[107.31457,15.7515],[107.31331,15.74955],[107.30991,15.7506],[107.30856,15.74899],[107.30962,15.74739],[107.30892,15.74548],[107.3104,15.74407],[107.30832,15.74303],[107.30735,15.74198],[107.30615,15.73946],[107.30437,15.73735],[107.30322,15.73531],[107.30165,15.7359],[107.29932,15.73491],[107.29678,15.73564],[107.2951,15.73536],[107.29403,15.73595],[107.2927,15.73484],[107.29103,15.73424],[107.28917,15.73476],[107.28766,15.73428],[107.28648,15.73558],[107.28548,15.73577],[107.28181,15.73561],[107.28069,15.7369],[107.27841,15.73508],[107.27636,15.73429],[107.27539,15.73487],[107.2747,15.7364],[107.27189,15.73736],[107.26943,15.73734],[107.26808,15.73873],[107.26631,15.73891],[107.26451,15.73563],[107.26267,15.73517],[107.26119,15.73162],[107.26124,15.73056],[107.2579,15.72878],[107.25684,15.72859],[107.25619,15.72993],[107.25402,15.73049],[107.25182,15.7299],[107.2508,15.73224],[107.24969,15.73161],[107.24997,15.73003],[107.24944,15.72904],[107.25064,15.72711],[107.24946,15.7259],[107.25016,15.72442],[107.25174,15.723],[107.25252,15.72173],[107.25489,15.72123],[107.25653,15.72143],[107.25776,15.72223],[107.25966,15.721],[107.26299,15.71972],[107.26495,15.72046],[107.26657,15.72053],[107.26693,15.71816],[107.26632,15.71696],[107.26635,15.71213],[107.26551,15.71118],[107.2689,15.70993],[107.27083,15.70777],[107.27111,15.70683],[107.27246,15.70647],[107.27412,15.70793],[107.27653,15.70709],[107.27657,15.70491],[107.27501,15.7033],[107.27355,15.70311],[107.27207,15.70207],[107.27271,15.70052],[107.2749,15.70036],[107.27649,15.69957],[107.27648,15.69754],[107.27721,15.6957],[107.27424,15.6919],[107.27438,15.69042],[107.273,15.68799],[107.27378,15.68553],[107.27634,15.68394],[107.2763,15.68188],[107.27475,15.67947],[107.27462,15.67839],[107.27211,15.67607],[107.2708,15.67216],[107.26719,15.67048],[107.26812,15.66936],[107.26758,15.66859],[107.26706,15.66554],[107.26517,15.66321],[107.26571,15.66123],[107.26409,15.65846],[107.265,15.65778],[107.26517,15.65581],[107.26483,15.65435],[107.26818,15.65389],[107.27022,15.65414],[107.27224,15.65353],[107.27294,15.65225],[107.27438,15.65236],[107.27617,15.65344],[107.27771,15.65243],[107.27749,15.65085],[107.27827,15.65013],[107.27768,15.6479],[107.27603,15.64611],[107.27575,15.64496],[107.27448,15.64405],[107.27652,15.64164],[107.27565,15.64038],[107.27541,15.63884],[107.27611,15.63752],[107.27563,15.63521],[107.27725,15.63312],[107.27918,15.6319],[107.28317,15.62998],[107.28425,15.62785],[107.28554,15.62642],[107.28792,15.62474],[107.28909,15.62453],[107.29206,15.62316],[107.29379,15.62368],[107.29883,15.62391],[107.30089,15.62376],[107.30341,15.62545],[107.30457,15.62492],[107.3101,15.6248],[107.31308,15.62514],[107.31652,15.62641],[107.31869,15.62599],[107.3218,15.62415],[107.32385,15.62423],[107.32521,15.62308],[107.32639,15.62418],[107.3279,15.62399],[107.32862,15.62327],[107.33115,15.62313],[107.33354,15.62258],[107.33638,15.62086],[107.33673,15.61935],[107.33796,15.61835],[107.33859,15.61621],[107.34082,15.61448],[107.34329,15.61419],[107.34278,15.61176],[107.34307,15.60966],[107.34236,15.60578],[107.34171,15.60352],[107.34241,15.60299],[107.34515,15.60318],[107.34812,15.60219],[107.35079,15.5988],[107.35102,15.59633],[107.35177,15.59549],[107.35291,15.59262],[107.35356,15.59188],[107.35302,15.58825],[107.34967,15.58702],[107.34759,15.58584],[107.34587,15.58422],[107.3457,15.5825],[107.34469,15.58045],[107.34668,15.57972],[107.3455,15.57824],[107.34256,15.57758],[107.34274,15.57547],[107.34423,15.57408],[107.34496,15.57264],[107.34827,15.57399],[107.35085,15.57342],[107.3521,15.57151],[107.35163,15.56995],[107.35308,15.56896],[107.35728,15.5702],[107.35955,15.57242],[107.35986,15.57399],[107.36106,15.57464],[107.36312,15.57462],[107.36559,15.574],[107.36691,15.57318],[107.36636,15.5715],[107.36716,15.56917],[107.36799,15.56816],[107.37007,15.56813],[107.37101,15.56761],[107.37278,15.56791],[107.37549,15.57006],[107.37977,15.57003],[107.38063,15.57062],[107.38189,15.57018],[107.38485,15.57203],[107.38673,15.57193],[107.38892,15.57353],[107.39051,15.57417],[107.39192,15.57409],[107.39629,15.57684],[107.39606,15.57848],[107.39512,15.57928],[107.396,15.5811],[107.39493,15.58312],[107.39576,15.58421],[107.39719,15.58445],[107.39857,15.58713],[107.40079,15.58766],[107.40248,15.58747],[107.40377,15.58974],[107.40524,15.59031],[107.40481,15.59239],[107.40351,15.59267],[107.40341,15.59459],[107.4013,15.59488],[107.39958,15.5964],[107.39703,15.59634],[107.39632,15.59922],[107.39808,15.59889],[107.40076,15.59957],[107.40148,15.60145],[107.40049,15.60221],[107.40158,15.60382],[107.40348,15.60298],[107.40432,15.60378],[107.406,15.60404],[107.40668,15.60604],[107.40833,15.60673],[107.40989,15.60839],[107.40981,15.60968],[107.409,15.61122],[107.41229,15.61418],[107.41212,15.61554],[107.41343,15.61565],[107.41356,15.61867],[107.41601,15.61993],[107.41715,15.62173],[107.41717,15.62303],[107.41803,15.62352],[107.42192,15.6223],[107.42381,15.62068],[107.42478,15.62088],[107.42539,15.62375],[107.42761,15.62435],[107.42631,15.62632],[107.42685,15.63029],[107.4284,15.63171],[107.43186,15.63236],[107.4343,15.63474],[107.43577,15.63697],[107.43585,15.63892],[107.43658,15.63976],[107.43892,15.63922],[107.44243,15.63989],[107.44352,15.64232],[107.4461,15.64439],[107.4478,15.64483],[107.44548,15.64795],[107.4445,15.64871],[107.44214,15.65149],[107.44228,15.65692],[107.43999,15.65946],[107.43884,15.66201],[107.43905,15.66424],[107.43755,15.66531],[107.43766,15.66645],[107.43575,15.66689],[107.43214,15.66581],[107.42876,15.66569],[107.42703,15.66694],[107.42394,15.66981],[107.42099,15.67026],[107.41933,15.67123],[107.41869,15.67383],[107.41867,15.67614],[107.41821,15.67822],[107.41925,15.68043],[107.41849,15.68322],[107.41849,15.68493],[107.41694,15.68572],[107.41495,15.6877],[107.41473,15.68877],[107.41556,15.6909],[107.41387,15.69223],[107.41366,15.69333],[107.41487,15.69456],[107.41434,15.6967],[107.41469,15.69826],[107.41353,15.69906],[107.41355,15.70128],[107.4141,15.70263],[107.41246,15.70367],[107.41367,15.70504],[107.41354,15.709],[107.41057,15.71147],[107.41045,15.71213],[107.41156,15.7154],[107.41108,15.71679],[107.40994,15.71807],[107.40972,15.71979],[107.40901,15.7212],[107.40917,15.72333],[107.40806,15.72572],[107.40819,15.72667],[107.40991,15.72878],[107.40933,15.72978],[107.40973,15.73165],[107.40898,15.73289],[107.4095,15.73419],[107.40881,15.73523],[107.40929,15.73767],[107.41022,15.73819],[107.40855,15.73965],[107.4072,15.7393],[107.4049,15.74055],[107.40293,15.74088],[107.40219,15.74202]]]},"properties":{"a01_tinh":"diaphanhanhchinhcaptinh_sn.132","a02_xa":"diaphanhanhchinhcapxa_2025.1916","a03_ten":"Xã La Êê","a04_tentinh":"Thành phố Đà Nẵng","a05_truocsn":"Xã Chơ Chun, Xã La Êê","a06_trungtamhc":"Thôn Pà Ooi, xã La Êê","a07_dt":"243.12","a08_ds":"2371","a09_dthoai":null,"a10_web":null,"ten":"Xã La Êê","ma":"20698","tentinh":"Thành Phố Đà Nẵng","truocsapnhap":"Xã Chơ Chun, Xã La Êê","dientichkm2":null,"dansonguoi":null},"id":"diaphanhanhchinhcapxa_2025.1916"},
{"type":"Feature","geometry":{"type":"Polygon","coordinates":[[[108.22121,15.49572],[108.22026,15.49561],[108.21801,15.49428],[108.21646,15.49409],[108.21411,15.4917],[108.21296,15.49152],[108.2108,15.49273],[108.20829,15.49478],[108.20653,15.49546],[108.2055,15.49653],[108.20242,15.49724],[108.2017,15.49795],[108.19857,15.4991],[108.19569,15.49964],[108.19184,15.50076],[108.18794,15.49992],[108.18366,15.50172],[108.18068,15.50442],[108.17744,15.50504],[108.17515,15.50619],[108.17363,15.50648],[108.17092,15.50843],[108.17071,15.50515],[108.17124,15.50408],[108.17087,15.50061],[108.16869,15.49931],[108.16715,15.49782],[108.16513,15.49802],[108.16388,15.49714],[108.16217,15.4983],[108.16024,15.49906],[108.15981,15.5],[108.15678,15.50182],[108.15393,15.50228],[108.15252,15.50205],[108.14911,15.50315],[108.14776,15.50457],[108.14729,15.50584],[108.1429,15.5073],[108.14001,15.50691],[108.13516,15.50425],[108.13296,15.50153],[108.13262,15.50021],[108.13278,15.498],[108.13025,15.49335],[108.12913,15.49283],[108.12743,15.4911],[108.12642,15.48854],[108.12809,15.48644],[108.12884,15.48484],[108.13072,15.48431],[108.13324,15.48588],[108.13574,15.4864],[108.13887,15.48497],[108.14085,15.4835],[108.14479,15.47931],[108.14546,15.47789],[108.14698,15.47698],[108.14886,15.47674],[108.15108,15.47453],[108.15112,15.47284],[108.14993,15.47033],[108.14922,15.46716],[108.14815,15.4644],[108.14796,15.46256],[108.14811,15.4578],[108.14863,15.4502],[108.1478,15.44848],[108.14599,15.44781],[108.14279,15.44427],[108.13772,15.44041],[108.13498,15.43998],[108.13381,15.43883],[108.13355,15.43661],[108.13465,15.4343],[108.13553,15.43361],[108.14057,15.4324],[108.14239,15.43152],[108.14483,15.42912],[108.14501,15.42776],[108.14405,15.42448],[108.14178,15.42096],[108.14125,15.41938],[108.14136,15.41786],[108.1425,15.41479],[108.14542,15.41261],[108.14647,15.41152],[108.14834,15.4071],[108.14844,15.4028],[108.14965,15.39981],[108.15049,15.39697],[108.15201,15.39543],[108.15666,15.3931],[108.15683,15.39185],[108.15831,15.39147],[108.15911,15.39037],[108.1611,15.38886],[108.16205,15.38669],[108.16608,15.38509],[108.16814,15.38242],[108.17037,15.3816],[108.17117,15.3817],[108.17328,15.38047],[108.17474,15.38009],[108.17577,15.38076],[108.17715,15.38002],[108.18031,15.38099],[108.18319,15.38058],[108.1861,15.37943],[108.187,15.37974],[108.18916,15.382],[108.19025,15.38411],[108.19375,15.38764],[108.19392,15.38866],[108.19587,15.39008],[108.19767,15.39003],[108.19989,15.38851],[108.20215,15.38821],[108.20501,15.38681],[108.20749,15.38879],[108.21212,15.38732],[108.21791,15.387],[108.22007,15.38826],[108.22368,15.38736],[108.22565,15.3859],[108.22789,15.38597],[108.23106,15.38652],[108.23216,15.38821],[108.23495,15.38933],[108.23608,15.39128],[108.23861,15.39383],[108.23923,15.39673],[108.2404,15.39758],[108.24393,15.39777],[108.24579,15.3973],[108.24663,15.39775],[108.24849,15.39662],[108.2495,15.39536],[108.25147,15.39535],[108.25282,15.39473],[108.25489,15.39499],[108.25749,15.39641],[108.25815,15.39711],[108.26054,15.39692],[108.26158,15.39645],[108.26386,15.39745],[108.2661,15.39739],[108.26871,15.398],[108.26991,15.39717],[108.27329,15.39697],[108.27597,15.39888],[108.27716,15.39882],[108.27812,15.39969],[108.28018,15.39951],[108.28274,15.39977],[108.28444,15.40166],[108.28656,15.40139],[108.28795,15.4061],[108.287,15.40678],[108.28655,15.40916],[108.28737,15.41077],[108.28893,15.41145],[108.28875,15.41283],[108.28429,15.41358],[108.28359,15.41332],[108.2826,15.41525],[108.28069,15.41528],[108.27796,15.41628],[108.27832,15.41845],[108.27964,15.41945],[108.28118,15.4215],[108.28091,15.42537],[108.27971,15.42656],[108.27748,15.42704],[108.27712,15.42861],[108.27707,15.43404],[108.27597,15.43644],[108.27393,15.43742],[108.27271,15.4371],[108.27064,15.43864],[108.26853,15.44197],[108.26753,15.44211],[108.26562,15.44353],[108.26286,15.44357],[108.26458,15.44712],[108.26694,15.44909],[108.2671,15.45004],[108.26559,15.45296],[108.26668,15.45402],[108.26627,15.45625],[108.26658,15.45756],[108.26618,15.45906],[108.26378,15.46046],[108.26184,15.46201],[108.26248,15.46457],[108.26245,15.46739],[108.26082,15.47083],[108.25939,15.47196],[108.25823,15.4731],[108.25516,15.4744],[108.2529,15.47446],[108.25102,15.47598],[108.24911,15.47653],[108.24787,15.47769],[108.24733,15.47909],[108.24717,15.4812],[108.24398,15.48407],[108.2415,15.4834],[108.24124,15.48549],[108.24056,15.48717],[108.23847,15.4886],[108.23811,15.49012],[108.23532,15.49105],[108.2341,15.49274],[108.23144,15.49372],[108.22969,15.49355],[108.22877,15.49241],[108.22765,15.49253],[108.22632,15.49356],[108.22469,15.49387],[108.22121,15.49572]]]},"properties":{"a01_tinh":"diaphanhanhchinhcaptinh_sn.132","a02_xa":"diaphanhanhchinhcapxa_2025.1968","a03_ten":"Xã Lãnh Ngọc","a04_tentinh":"Thành phố Đà Nẵng","a05_truocsn":"Xã Tiên Lãnh, Xã Tiên Ngọc, Xã Tiên Hiệp","a06_trungtamhc":"Thôn 4, Xã Lãnh Ngọc","a07_dt":"161.14","a08_ds":"14847","a09_dthoai":null,"a10_web":null,"ten":"Xã Lãnh Ngọc","ma":"20875","tentinh":"Thành Phố Đà Nẵng","truocsapnhap":"Xã Tiên Lãnh, Xã Tiên Ngọc, Xã Tiên Hiệp","dientichkm2":null,"dansonguoi":null},"id":"diaphanhanhchinhcapxa_2025.1968"},
{"type":"Feature","geometry":{"type":"Polygon","coordinates":[[[107.54303,15.77637],[107.54144,15.77801],[107.53937,15.77624],[107.53714,15.77607],[107.53363,15.77687],[107.53137,15.77651],[107.52706,15.77472],[107.52463,15.77328],[107.52202,15.77397],[107.52262,15.77197],[107.52059,15.77077],[107.51764,15.76777],[107.51676,15.7659],[107.51581,15.76499],[107.5123,15.76584],[107.50896,15.76758],[107.50797,15.76746],[107.5063,15.76624],[107.5046,15.764],[107.5,15.76274],[107.49585,15.76327],[107.49498,15.76265],[107.49275,15.76215],[107.4887,15.76254],[107.48749,15.76333],[107.48601,15.76301],[107.48443,15.76337],[107.48173,15.76561],[107.47923,15.76628],[107.4751,15.76567],[107.47248,15.76604],[107.47164,15.76793],[107.47044,15.76761],[107.46941,15.76857],[107.46699,15.76844],[107.4656,15.76745],[107.4627,15.7673],[107.46191,15.76483],[107.46245,15.7632],[107.46067,15.76225],[107.45981,15.76028],[107.45892,15.75982],[107.45744,15.76034],[107.45627,15.75981],[107.4544,15.7567],[107.45493,15.75524],[107.45451,15.75351],[107.45567,15.75121],[107.45433,15.75013],[107.45277,15.74778],[107.45162,15.74714],[107.44703,15.74743],[107.44544,15.74715],[107.4442,15.74635],[107.4406,15.74567],[107.43947,15.74448],[107.43834,15.74416],[107.43797,15.74308],[107.43646,15.74162],[107.43257,15.74166],[107.4314,15.741],[107.42808,15.74057],[107.42648,15.73923],[107.42544,15.73904],[107.42364,15.73696],[107.4221,15.73654],[107.41838,15.73659],[107.41673,15.73706],[107.41496,15.73666],[107.41356,15.73697],[107.41123,15.7368],[107.41022,15.73819],[107.40929,15.73767],[107.40881,15.73523],[107.4095,15.73419],[107.40898,15.73289],[107.40973,15.73165],[107.40933,15.72978],[107.40991,15.72878],[107.40819,15.72667],[107.40806,15.72572],[107.40917,15.72333],[107.40901,15.7212],[107.40972,15.71979],[107.40994,15.71807],[107.41108,15.71679],[107.41156,15.7154],[107.41045,15.71213],[107.41057,15.71147],[107.41354,15.709],[107.41367,15.70504],[107.41246,15.70367],[107.4141,15.70263],[107.41355,15.70128],[107.41353,15.69906],[107.41469,15.69826],[107.41434,15.6967],[107.41487,15.69456],[107.41366,15.69333],[107.41387,15.69223],[107.41556,15.6909],[107.41473,15.68877],[107.41495,15.6877],[107.41694,15.68572],[107.41849,15.68493],[107.41849,15.68322],[107.41925,15.68043],[107.41821,15.67822],[107.41867,15.67614],[107.41869,15.67383],[107.41933,15.67123],[107.42099,15.67026],[107.42394,15.66981],[107.42703,15.66694],[107.42876,15.66569],[107.43214,15.66581],[107.43575,15.66689],[107.43766,15.66645],[107.43755,15.66531],[107.43905,15.66424],[107.43884,15.66201],[107.43999,15.65946],[107.44228,15.65692],[107.44214,15.65149],[107.4445,15.64871],[107.44548,15.64795],[107.4478,15.64483],[107.4461,15.64439],[107.44352,15.64232],[107.44243,15.63989],[107.43892,15.63922],[107.43658,15.63976],[107.43585,15.63892],[107.43577,15.63697],[107.4343,15.63474],[107.43186,15.63236],[107.43317,15.63142],[107.43388,15.6297],[107.43549,15.62721],[107.43714,15.62683],[107.43957,15.62508],[107.44621,15.62485],[107.44873,15.6251],[107.4545,15.62521],[107.46478,15.62093],[107.46799,15.62036],[107.47024,15.61745],[107.47263,15.61535],[107.47436,15.61595],[107.47583,15.61539],[107.4765,15.61436],[107.48169,15.61304],[107.48172,15.6123],[107.48343,15.61118],[107.48506,15.60942],[107.48534,15.60454],[107.48302,15.60209],[107.48125,15.60215],[107.4805,15.60055],[107.48105,15.59671],[107.4816,15.59555],[107.48089,15.59243],[107.47924,15.589],[107.47758,15.58939],[107.47624,15.58908],[107.47414,15.59062],[107.47277,15.59035],[107.4715,15.58817],[107.47037,15.58753],[107.46973,15.5857],[107.46801,15.58582],[107.46588,15.58542],[107.4641,15.58434],[107.46289,15.58452],[107.46196,15.58249],[107.46073,15.58162],[107.4603,15.58007],[107.46287,15.57436],[107.46306,15.57251],[107.46221,15.57149],[107.46271,15.57027],[107.46873,15.57134],[107.47034,15.57195],[107.47602,15.57649],[107.47885,15.57846],[107.48388,15.58252],[107.49336,15.5898],[107.49416,15.59123],[107.49397,15.59378],[107.49449,15.59544],[107.49549,15.59527],[107.49618,15.5965],[107.49858,15.59634],[107.4986,15.59845],[107.501,15.60044],[107.501,15.60218],[107.50259,15.60312],[107.50245,15.6039],[107.50365,15.60512],[107.50555,15.60558],[107.50644,15.60442],[107.50893,15.60448],[107.51155,15.6036],[107.51329,15.60337],[107.51584,15.60253],[107.51876,15.60262],[107.5203,15.6032],[107.52153,15.60276],[107.52431,15.60295],[107.52771,15.60383],[107.52906,15.60382],[107.53191,15.60454],[107.53221,15.60511],[107.53454,15.60519],[107.53412,15.60369],[107.53575,15.60086],[107.5365,15.60128],[107.53891,15.6008],[107.54032,15.59995],[107.54044,15.59839],[107.5409,15.59855],[107.54215,15.60206],[107.54298,15.60323],[107.54612,15.60394],[107.54677,15.60473],[107.549,15.60408],[107.55054,15.60473],[107.55229,15.60457],[107.5544,15.60536],[107.55464,15.60637],[107.55895,15.60532],[107.56033,15.60159],[107.56648,15.60074],[107.56812,15.5991],[107.57138,15.59961],[107.57421,15.60252],[107.57614,15.60253],[107.57765,15.60393],[107.58016,15.60557],[107.58168,15.60613],[107.58272,15.60709],[107.58404,15.60735],[107.58437,15.60867],[107.5857,15.6092],[107.58795,15.60876],[107.59137,15.61092],[107.59167,15.61169],[107.59426,15.613],[107.59339,15.61405],[107.5919,15.61455],[107.59102,15.61596],[107.58863,15.61687],[107.58846,15.61781],[107.58976,15.62001],[107.59025,15.62183],[107.58981,15.62398],[107.58926,15.62451],[107.5891,15.6264],[107.58976,15.6277],[107.59213,15.62738],[107.59382,15.62766],[107.59405,15.62923],[107.59649,15.63126],[107.59499,15.63227],[107.59429,15.63364],[107.59296,15.63346],[107.59291,15.6347],[107.5942,15.6355],[107.59291,15.63772],[107.59559,15.6374],[107.59611,15.63833],[107.59503,15.64013],[107.59738,15.64058],[107.5979,15.64145],[107.59704,15.64418],[107.59943,15.64604],[107.59998,15.64716],[107.60025,15.65095],[107.60249,15.65189],[107.60287,15.65423],[107.60419,15.65477],[107.6048,15.65387],[107.6074,15.65463],[107.60846,15.65437],[107.61095,15.65463],[107.61252,15.65261],[107.61392,15.65237],[107.61588,15.65054],[107.61723,15.65045],[107.62043,15.65136],[107.61969,15.65336],[107.6198,15.65499],[107.61865,15.65801],[107.61879,15.6593],[107.61742,15.662],[107.61621,15.66547],[107.61445,15.668],[107.61237,15.66893],[107.61078,15.66913],[107.60978,15.66984],[107.60863,15.67232],[107.60699,15.6773],[107.60545,15.67853],[107.60312,15.67922],[107.59816,15.68001],[107.59571,15.67846],[107.59281,15.67833],[107.58868,15.67961],[107.58609,15.67838],[107.58483,15.67819],[107.58186,15.68038],[107.58006,15.68265],[107.57693,15.68462],[107.57387,15.68487],[107.57209,15.68534],[107.57041,15.68666],[107.56877,15.68654],[107.56691,15.68742],[107.56578,15.68727],[107.56123,15.68411],[107.55851,15.68442],[107.5572,15.6833],[107.55417,15.68178],[107.55135,15.68197],[107.54803,15.68162],[107.54647,15.68113],[107.54545,15.68146],[107.54376,15.68289],[107.54258,15.68565],[107.54203,15.688],[107.53989,15.68966],[107.53979,15.69104],[107.54296,15.69412],[107.54286,15.69613],[107.54546,15.70081],[107.54591,15.70248],[107.54712,15.70345],[107.55044,15.70487],[107.55196,15.70677],[107.55368,15.7078],[107.55375,15.7086],[107.55192,15.71358],[107.54986,15.71624],[107.54349,15.72303],[107.54093,15.72346],[107.539,15.72545],[107.53589,15.72529],[107.53333,15.7246],[107.53115,15.72529],[107.52974,15.72764],[107.52804,15.72915],[107.52658,15.73421],[107.52636,15.73604],[107.52692,15.73679],[107.52721,15.73948],[107.525,15.74126],[107.52545,15.7425],[107.52549,15.74495],[107.52489,15.7485],[107.52632,15.75052],[107.52628,15.75159],[107.52779,15.75275],[107.52808,15.75539],[107.52742,15.75672],[107.53025,15.75979],[107.53277,15.75991],[107.53406,15.76125],[107.53443,15.76278],[107.53631,15.7629],[107.53567,15.76458],[107.5397,15.76773],[107.53994,15.77171],[107.54071,15.77258],[107.54303,15.77637]]]},"properties":{"a01_tinh":"diaphanhanhchinhcaptinh_sn.132","a02_xa":"diaphanhanhchinhcapxa_2025.1919","a03_ten":"Xã Nam Giang","a04_tentinh":"Thành phố Đà Nẵng","a05_truocsn":"Xã Zuôih, Xã Chà Vàl","a06_trungtamhc":"Thôn A Bát, xã Chà Vàl","a07_dt":"262.94","a08_ds":"4979","a09_dthoai":null,"a10_web":null,"ten":"Xã Nam Giang","ma":"20707","tentinh":"Thành Phố Đà Nẵng","truocsapnhap":"Xã Zuôih, Xã Chà Vàl","dientichkm2":null,"dansonguoi":null},"id":"diaphanhanhchinhcapxa_2025.1919"},
{"type":"Feature","geometry":{"type":"Polygon","coordinates":[[[108.30585,15.86788],[108.28762,15.86751],[108.28355,15.86756],[108.28142,15.86712],[108.27788,15.86516],[108.27682,15.86573],[108.27362,15.86394],[108.27189,15.86226],[108.26288,15.86015],[108.25824,15.85652],[108.25762,15.85307],[108.25693,15.85154],[108.25494,15.84931],[108.2549,15.84548],[108.25416,15.84229],[108.25151,15.83842],[108.24675,15.83511],[108.24701,15.83225],[108.24783,15.82972],[108.24801,15.82736],[108.24694,15.82591],[108.24864,15.82586],[108.25273,15.82407],[108.25393,15.82083],[108.25519,15.81978],[108.25457,15.81796],[108.25468,15.81636],[108.2559,15.81421],[108.25763,15.81281],[108.26065,15.81233],[108.26082,15.81376],[108.26435,15.81313],[108.26668,15.81419],[108.26754,15.8162],[108.27017,15.81666],[108.27242,15.81884],[108.2748,15.82117],[108.27931,15.8225],[108.27918,15.82412],[108.28369,15.82487],[108.28347,15.82873],[108.28565,15.82723],[108.28832,15.8247],[108.28937,15.82442],[108.28957,15.82671],[108.291,15.82708],[108.2915,15.82837],[108.29072,15.82942],[108.29043,15.83137],[108.29348,15.83181],[108.29401,15.83365],[108.29642,15.83359],[108.30091,15.83512],[108.30131,15.83609],[108.30469,15.83666],[108.30603,15.83741],[108.30806,15.83766],[108.31096,15.83615],[108.31106,15.83515],[108.31695,15.83404],[108.31981,15.83251],[108.32251,15.83332],[108.32398,15.83509],[108.32662,15.83408],[108.32896,15.83375],[108.32931,15.83606],[108.32985,15.83698],[108.33368,15.84148],[108.33581,15.84312],[108.33668,15.84296],[108.33686,15.84036],[108.33799,15.8386],[108.34041,15.83883],[108.34294,15.83863],[108.34602,15.83934],[108.35072,15.8392],[108.35188,15.84139],[108.3534,15.84528],[108.3544,15.8497],[108.35593,15.85359],[108.35711,15.85473],[108.36207,15.85602],[108.36481,15.85744],[108.36629,15.85866],[108.36485,15.85902],[108.35795,15.86186],[108.35528,15.86302],[108.351,15.86377],[108.34659,15.86291],[108.34544,15.86248],[108.34273,15.86034],[108.34098,15.8598],[108.33811,15.86056],[108.3367,15.86017],[108.33439,15.86017],[108.33404,15.85968],[108.32846,15.86084],[108.3263,15.86075],[108.32499,15.85909],[108.31999,15.85794],[108.32113,15.85642],[108.3198,15.85458],[108.31454,15.85661],[108.31137,15.85919],[108.30717,15.86067],[108.30549,15.85939],[108.30376,15.85926],[108.30392,15.86127],[108.30585,15.86788]]]},"properties":{"a01_tinh":"diaphanhanhchinhcaptinh_sn.132","a02_xa":"diaphanhanhchinhcapxa_2025.1934","a03_ten":"Xã Nam Phước","a04_tentinh":"Thành phố Đà Nẵng","a05_truocsn":"Thị trấn Nam Phước, Xã Duy Phước, Xã Duy Vinh","a06_trungtamhc":"Số 468 đường Hùng Vương, xã Nam Phước","a07_dt":"38.85","a08_ds":"53498","a09_dthoai":null,"a10_web":null,"ten":"Xã Nam Phước","ma":"20599","tentinh":"Thành Phố Đà Nẵng","truocsapnhap":"Thị trấn Nam Phước, Xã Duy Phước, Xã Duy Vinh","dientichkm2":null,"dansonguoi":null},"id":"diaphanhanhchinhcapxa_2025.1934"},
{"type":"Feature","geometry":{"type":"Polygon","coordinates":[[[108.21112,15.19572],[108.21089,15.19304],[108.20924,15.19062],[108.20578,15.18771],[108.20486,15.18634],[108.20198,15.18607],[108.20009,15.18554],[108.19846,15.18449],[108.19799,15.18292],[108.19704,15.18281],[108.19551,15.18147],[108.19544,15.18006],[108.19447,15.17861],[108.19461,15.17764],[108.19173,15.17599],[108.19083,15.1751],[108.19034,15.17308],[108.18848,15.17322],[108.18893,15.17542],[108.18665,15.17666],[108.18477,15.17831],[108.1806,15.183],[108.17909,15.18298],[108.1772,15.18626],[108.17562,15.18643],[108.17436,15.1876],[108.17312,15.18772],[108.17206,15.18681],[108.16931,15.188],[108.17004,15.18966],[108.16901,15.19068],[108.16995,15.19326],[108.16833,15.19463],[108.16613,15.19556],[108.16395,15.19741],[108.16367,15.19882],[108.16094,15.19921],[108.15945,15.2001],[108.15913,15.20115],[108.16028,15.20247],[108.15933,15.20306],[108.15676,15.20322],[108.15673,15.20459],[108.15473,15.20424],[108.15264,15.20677],[108.1507,15.20679],[108.14912,15.20846],[108.14949,15.20983],[108.14761,15.21125],[108.14595,15.21025],[108.14518,15.21044],[108.14371,15.21224],[108.1434,15.2149],[108.14084,15.21624],[108.14001,15.21515],[108.13662,15.21679],[108.13175,15.21782],[108.13068,15.21655],[108.12939,15.21655],[108.12752,15.21756],[108.12709,15.21954],[108.12455,15.21983],[108.12387,15.22154],[108.12237,15.22188],[108.12043,15.2201],[108.11961,15.22085],[108.11933,15.22248],[108.12069,15.22341],[108.12048,15.22539],[108.11885,15.22671],[108.11657,15.22954],[108.11719,15.23256],[108.11551,15.23517],[108.11557,15.23855],[108.11502,15.24093],[108.11603,15.24255],[108.11522,15.24398],[108.1139,15.24506],[108.11433,15.24768],[108.11229,15.2474],[108.11033,15.2483],[108.10438,15.24839],[108.09861,15.24868],[108.09713,15.24861],[108.09606,15.24787],[108.09492,15.24577],[108.0943,15.24377],[108.09429,15.23979],[108.09393,15.23818],[108.09404,15.23576],[108.09374,15.23332],[108.09429,15.23221],[108.0928,15.22912],[108.09379,15.22717],[108.0945,15.22654],[108.09368,15.22273],[108.09395,15.22208],[108.09377,15.21847],[108.09664,15.21299],[108.09765,15.2092],[108.0998,15.20571],[108.10186,15.20302],[108.10477,15.20077],[108.10664,15.20062],[108.10765,15.19985],[108.10931,15.19766],[108.1142,15.19315],[108.11514,15.19111],[108.11573,15.18653],[108.11502,15.18126],[108.11423,15.17906],[108.11306,15.17404],[108.11237,15.17254],[108.11212,15.16784],[108.11245,15.16572],[108.11173,15.16322],[108.11198,15.15994],[108.10948,15.15914],[108.10864,15.15809],[108.10824,15.15534],[108.11071,15.1528],[108.11022,15.15154],[108.10873,15.15078],[108.10871,15.14789],[108.10927,15.14614],[108.1082,15.14407],[108.10876,15.14184],[108.11056,15.13963],[108.10646,15.13506],[108.10687,15.13376],[108.1097,15.13326],[108.11186,15.13357],[108.11452,15.13078],[108.11574,15.12852],[108.11701,15.12727],[108.11917,15.12673],[108.11909,15.12593],[108.11693,15.12398],[108.11547,15.12114],[108.11635,15.11826],[108.11712,15.1178],[108.11667,15.11636],[108.11438,15.11449],[108.11253,15.11233],[108.11078,15.11157],[108.10968,15.10989],[108.10944,15.1077],[108.10767,15.10355],[108.10692,15.10261],[108.10356,15.10151],[108.10219,15.09961],[108.10093,15.09611],[108.09799,15.09561],[108.09754,15.09266],[108.09895,15.09108],[108.09865,15.09024],[108.09629,15.08826],[108.09711,15.08526],[108.09701,15.08429],[108.0938,15.07915],[108.09289,15.07176],[108.09306,15.06917],[108.09253,15.06597],[108.09159,15.06434],[108.08945,15.06212],[108.08889,15.06066],[108.08961,15.05932],[108.09119,15.05776],[108.09126,15.05648],[108.09006,15.0551],[108.08982,15.05285],[108.08893,15.04867],[108.09049,15.04726],[108.09258,15.04867],[108.09465,15.04643],[108.099,15.04636],[108.1005,15.04478],[108.10187,15.04438],[108.10426,15.04444],[108.10501,15.04355],[108.10579,15.04118],[108.10569,15.03823],[108.10727,15.03721],[108.10691,15.0352],[108.10895,15.03454],[108.11156,15.03215],[108.11327,15.03114],[108.11376,15.02958],[108.11461,15.02871],[108.11578,15.02905],[108.11792,15.02653],[108.11796,15.02437],[108.11841,15.02307],[108.11989,15.02179],[108.12068,15.02025],[108.12076,15.0188],[108.122,15.01724],[108.12243,15.01575],[108.12388,15.01283],[108.12789,15.00865],[108.12953,15.00765],[108.13225,15.00722],[108.15037,15.00248],[108.15141,15.00332],[108.15118,15.00641],[108.15206,15.00946],[108.15143,15.01055],[108.15133,15.01302],[108.14941,15.01772],[108.14935,15.02122],[108.14905,15.02265],[108.15034,15.02337],[108.15302,15.02767],[108.15102,15.0295],[108.15036,15.03136],[108.15054,15.03232],[108.14981,15.03402],[108.15169,15.03595],[108.15179,15.0374],[108.15045,15.03865],[108.14935,15.04036],[108.14927,15.04165],[108.14785,15.04324],[108.14628,15.04359],[108.14628,15.04572],[108.14696,15.04641],[108.14898,15.04659],[108.14861,15.04896],[108.14969,15.05078],[108.15076,15.05072],[108.15228,15.05173],[108.15415,15.05198],[108.15683,15.05416],[108.15784,15.05605],[108.1577,15.0573],[108.15954,15.05978],[108.1607,15.05997],[108.16243,15.06113],[108.16692,15.06493],[108.16828,15.06791],[108.1695,15.069],[108.17011,15.07066],[108.17158,15.07303],[108.17262,15.07374],[108.17352,15.07529],[108.17656,15.07836],[108.17781,15.08112],[108.17904,15.08173],[108.17819,15.08395],[108.17926,15.08508],[108.17928,15.08686],[108.17754,15.09052],[108.17634,15.09173],[108.1741,15.09566],[108.17264,15.09656],[108.1729,15.09907],[108.17092,15.10084],[108.16927,15.10113],[108.16758,15.1005],[108.16713,15.09942],[108.16489,15.09857],[108.16331,15.09886],[108.16169,15.10045],[108.16094,15.10182],[108.1589,15.10217],[108.15736,15.10288],[108.1556,15.10585],[108.15419,15.10603],[108.15367,15.10732],[108.14986,15.10909],[108.14854,15.10791],[108.14669,15.1079],[108.14624,15.11147],[108.14542,15.11207],[108.1454,15.11399],[108.14644,15.11547],[108.1478,15.11639],[108.14902,15.11821],[108.15021,15.12094],[108.15174,15.12299],[108.15307,15.12354],[108.15637,15.12353],[108.16034,15.12252],[108.162,15.12232],[108.16502,15.12111],[108.16746,15.12154],[108.17227,15.12058],[108.17462,15.11957],[108.17625,15.121],[108.17676,15.1224],[108.17896,15.12398],[108.18296,15.12511],[108.18518,15.12538],[108.18668,15.12688],[108.18907,15.13088],[108.19013,15.13202],[108.19121,15.13013],[108.19192,15.12987],[108.19263,15.12814],[108.19468,15.12739],[108.1956,15.12611],[108.19762,15.12454],[108.20016,15.12606],[108.20048,15.12716],[108.20203,15.12829],[108.20257,15.12961],[108.20522,15.13096],[108.20746,15.13363],[108.21052,15.13551],[108.212,15.13845],[108.21361,15.13898],[108.2157,15.14576],[108.21692,15.14905],[108.21678,15.15152],[108.21769,15.15933],[108.21753,15.16281],[108.21824,15.1655],[108.21742,15.16765],[108.21733,15.16953],[108.21846,15.16977],[108.21971,15.17158],[108.22002,15.17345],[108.22261,15.17643],[108.22131,15.17763],[108.22106,15.1798],[108.21608,15.181],[108.21529,15.18324],[108.2141,15.18467],[108.21424,15.18613],[108.21232,15.18802],[108.21257,15.18917],[108.21173,15.19033],[108.21301,15.19242],[108.21265,15.19533],[108.21112,15.19572]]]},"properties":{"a01_tinh":"diaphanhanhchinhcaptinh_sn.132","a02_xa":"diaphanhanhchinhcapxa_2025.1983","a03_ten":"Xã Nam Trà My","a04_tentinh":"Thành phố Đà Nẵng","a05_truocsn":"Xã Trà Mai, Xã Trà Don","a06_trungtamhc":"Thôn 1, xã Nam Trà My","a07_dt":"178.31","a08_ds":"7395","a09_dthoai":null,"a10_web":null,"ten":"Xã Nam Trà My","ma":"20944","tentinh":"Thành Phố Đà Nẵng","truocsapnhap":"Xã Trà Mai, Xã Trà Don","dientichkm2":null,"dansonguoi":null},"id":"diaphanhanhchinhcapxa_2025.1983"},
{"type":"Feature","geometry":{"type":"Polygon","coordinates":[[[108.04624,15.76458],[108.04564,15.76371],[108.0444,15.76044],[108.04192,15.75841],[108.03939,15.75427],[108.03676,15.75211],[108.03503,15.75209],[108.03307,15.74899],[108.03178,15.7481],[108.02851,15.74456],[108.02806,15.74348],[108.02463,15.74471],[108.02405,15.74531],[108.02174,15.74608],[108.01954,15.74537],[108.01663,15.74268],[108.01575,15.74234],[108.01371,15.73993],[108.01184,15.73827],[108.00669,15.73142],[108.00646,15.73079],[108.00753,15.72921],[108.00951,15.72797],[108.01247,15.72545],[108.01433,15.72329],[108.01536,15.72121],[108.01542,15.71966],[108.01755,15.71649],[108.02007,15.71353],[108.02067,15.71187],[108.02202,15.7098],[108.0225,15.70645],[108.02245,15.70491],[108.02468,15.70233],[108.02753,15.70161],[108.02899,15.70172],[108.03152,15.70286],[108.03324,15.7024],[108.03804,15.70237],[108.04168,15.70122],[108.04351,15.70178],[108.04454,15.70131],[108.04683,15.70199],[108.04799,15.70109],[108.04936,15.70138],[108.05167,15.69989],[108.05253,15.69876],[108.05536,15.69742],[108.05651,15.6963],[108.0567,15.69507],[108.05828,15.69462],[108.05962,15.69327],[108.06074,15.69343],[108.06367,15.69261],[108.06771,15.69198],[108.06954,15.69053],[108.06926,15.68913],[108.07209,15.68534],[108.07489,15.68481],[108.07713,15.68346],[108.07828,15.6835],[108.07946,15.68234],[108.08036,15.68014],[108.0843,15.6769],[108.08548,15.67638],[108.08622,15.67449],[108.08772,15.67392],[108.08899,15.67262],[108.09015,15.67214],[108.0916,15.67054],[108.0944,15.66927],[108.09594,15.66689],[108.09799,15.66593],[108.0989,15.66457],[108.09974,15.66152],[108.09933,15.66054],[108.09749,15.65874],[108.09835,15.65721],[108.09808,15.65522],[108.09649,15.65333],[108.09455,15.65206],[108.09324,15.64868],[108.09345,15.64788],[108.09288,15.64449],[108.0937,15.64335],[108.09566,15.6423],[108.09653,15.64283],[108.10147,15.64321],[108.10309,15.64438],[108.10555,15.64325],[108.10707,15.64176],[108.10844,15.64111],[108.10959,15.63992],[108.11141,15.64018],[108.11289,15.64164],[108.11732,15.64416],[108.1196,15.64413],[108.12134,15.64792],[108.12188,15.64962],[108.12672,15.65474],[108.12996,15.65743],[108.13081,15.6588],[108.134,15.65979],[108.1347,15.66225],[108.13612,15.663],[108.13788,15.66576],[108.14052,15.66692],[108.14197,15.66687],[108.14594,15.67093],[108.14632,15.67239],[108.14995,15.67685],[108.14992,15.67884],[108.15094,15.68145],[108.15222,15.68231],[108.15324,15.68508],[108.15597,15.6859],[108.15786,15.68588],[108.15881,15.68726],[108.15872,15.68887],[108.15932,15.6912],[108.16099,15.69388],[108.16143,15.69549],[108.16254,15.6957],[108.16386,15.69764],[108.16426,15.69926],[108.1672,15.70246],[108.16696,15.70343],[108.16756,15.70545],[108.16741,15.70701],[108.1666,15.70849],[108.16693,15.71073],[108.16792,15.71459],[108.16618,15.71666],[108.16244,15.71944],[108.16016,15.7198],[108.15896,15.72095],[108.15596,15.72073],[108.15431,15.72031],[108.15279,15.72183],[108.15012,15.72224],[108.14839,15.724],[108.14836,15.72569],[108.14679,15.72545],[108.14394,15.72764],[108.14203,15.72829],[108.14142,15.7307],[108.13932,15.73499],[108.13712,15.73616],[108.13512,15.73611],[108.13407,15.73681],[108.13357,15.73914],[108.13141,15.73892],[108.12998,15.73963],[108.12849,15.73806],[108.12772,15.73655],[108.12664,15.73617],[108.12127,15.73717],[108.11747,15.73927],[108.11281,15.73798],[108.1122,15.7371],[108.10816,15.734],[108.10575,15.7331],[108.1043,15.73328],[108.10257,15.73264],[108.10021,15.73269],[108.09643,15.73148],[108.09444,15.7322],[108.09233,15.73183],[108.088,15.73267],[108.08384,15.73517],[108.08146,15.73634],[108.07807,15.73593],[108.07635,15.73672],[108.07707,15.73882],[108.07606,15.74036],[108.07689,15.74131],[108.07609,15.74279],[108.07483,15.74387],[108.07469,15.74552],[108.07392,15.74654],[108.07282,15.74927],[108.07105,15.74973],[108.07001,15.75096],[108.07151,15.75299],[108.07237,15.75351],[108.07089,15.75634],[108.07126,15.75755],[108.06951,15.75954],[108.06884,15.76123],[108.06701,15.76249],[108.06438,15.76379],[108.06141,15.76314],[108.05973,15.76328],[108.05661,15.7643],[108.05519,15.76427],[108.04681,15.76473],[108.04624,15.76458]]]},"properties":{"a01_tinh":"diaphanhanhchinhcaptinh_sn.132","a02_xa":"diaphanhanhchinhcapxa_2025.1943","a03_ten":"Xã Nông Sơn","a04_tentinh":"Thành phố Đà Nẵng","a05_truocsn":"Thị trấn Trung Phước, Xã Quế Lộc","a06_trungtamhc":"Thôn Trung Hạ, xã Nông Sơn","a07_dt":"112.53","a08_ds":"21018","a09_dthoai":null,"a10_web":null,"ten":"Xã Nông Sơn","ma":"20656","tentinh":"Thành Phố Đà Nẵng","truocsapnhap":"Thị trấn Trung Phước, Xã Quế Lộc","dientichkm2":null,"dansonguoi":null},"id":"diaphanhanhchinhcapxa_2025.1943"},
{"type":"Feature","geometry":{"type":"Polygon","coordinates":[[[108.72109,15.37397],[108.7232,15.37552],[108.72322,15.37722],[108.73012,15.38565],[108.73627,15.39368],[108.73729,15.39663],[108.73929,15.39864],[108.73658,15.40059],[108.73055,15.40555],[108.72656,15.40922],[108.72318,15.41293],[108.72245,15.4134],[108.71906,15.41691],[108.71382,15.42173],[108.70466,15.43113],[108.70383,15.43242],[108.69809,15.43874],[108.69674,15.44113],[108.69591,15.4434],[108.69591,15.44463],[108.69667,15.44699],[108.69744,15.44729],[108.69772,15.45064],[108.69741,15.45205],[108.69847,15.45336],[108.69966,15.4568],[108.70118,15.45669],[108.70166,15.45822],[108.70016,15.46165],[108.7005,15.46309],[108.69842,15.46412],[108.6981,15.46505],[108.69822,15.46774],[108.69638,15.46937],[108.69623,15.47176],[108.69456,15.47191],[108.69191,15.48052],[108.69227,15.48253],[108.6897,15.48383],[108.68909,15.48561],[108.68657,15.48615],[108.68594,15.48482],[108.68489,15.48489],[108.68261,15.48273],[108.68059,15.48205],[108.68307,15.4799],[108.68394,15.47829],[108.68363,15.47592],[108.68191,15.47404],[108.67685,15.47244],[108.6724,15.47413],[108.66807,15.47712],[108.66469,15.47865],[108.66106,15.47934],[108.65944,15.47931],[108.65701,15.47826],[108.65195,15.47657],[108.64854,15.47563],[108.646,15.4753],[108.64181,15.47633],[108.62784,15.47946],[108.62533,15.47947],[108.61994,15.47858],[108.61804,15.47871],[108.61597,15.48036],[108.61345,15.48347],[108.61066,15.48439],[108.60877,15.48366],[108.60651,15.48178],[108.60537,15.47985],[108.6047,15.47654],[108.603,15.47454],[108.60152,15.47376],[108.60214,15.47279],[108.60421,15.472],[108.60521,15.47117],[108.6057,15.46942],[108.60516,15.46849],[108.60298,15.46822],[108.60113,15.46702],[108.60005,15.46576],[108.59984,15.46453],[108.59849,15.46333],[108.59788,15.46145],[108.59903,15.46011],[108.60109,15.46013],[108.60163,15.45945],[108.60102,15.45776],[108.60159,15.45624],[108.59928,15.45573],[108.59781,15.45818],[108.59602,15.45771],[108.59749,15.45587],[108.59694,15.45471],[108.59588,15.45488],[108.59601,15.45623],[108.59428,15.45611],[108.59454,15.45474],[108.59302,15.4535],[108.59267,15.45158],[108.59045,15.44814],[108.58767,15.44701],[108.58701,15.44592],[108.58764,15.4442],[108.58645,15.44388],[108.58541,15.44233],[108.58551,15.43996],[108.58415,15.43818],[108.58371,15.43611],[108.58293,15.43458],[108.58285,15.43278],[108.58075,15.43298],[108.57666,15.43484],[108.57615,15.43253],[108.57444,15.43253],[108.57329,15.43413],[108.57247,15.43218],[108.57054,15.43243],[108.57022,15.43118],[108.57067,15.42994],[108.57351,15.42953],[108.57421,15.4281],[108.57249,15.42659],[108.57563,15.42664],[108.57692,15.42534],[108.57772,15.42303],[108.57756,15.42179],[108.57833,15.41957],[108.57801,15.41872],[108.57865,15.41725],[108.57497,15.41693],[108.57381,15.41757],[108.57184,15.41756],[108.57088,15.41631],[108.56809,15.41604],[108.56644,15.41462],[108.56609,15.41303],[108.56632,15.41106],[108.56583,15.41018],[108.56393,15.41056],[108.56233,15.40963],[108.56231,15.40713],[108.56106,15.40556],[108.56135,15.40436],[108.56047,15.40235],[108.56126,15.39852],[108.56264,15.39732],[108.56433,15.39781],[108.56543,15.39756],[108.56776,15.3979],[108.56996,15.39634],[108.5709,15.39501],[108.57774,15.39733],[108.57854,15.39852],[108.58028,15.39958],[108.58063,15.40082],[108.58208,15.4019],[108.5845,15.40242],[108.58613,15.40415],[108.58825,15.40443],[108.59043,15.40711],[108.59104,15.40826],[108.59258,15.40954],[108.59254,15.41119],[108.59129,15.41378],[108.5893,15.41635],[108.58868,15.41783],[108.58886,15.4192],[108.59171,15.42084],[108.59604,15.42284],[108.60053,15.42162],[108.60075,15.42111],[108.60315,15.4208],[108.60415,15.41967],[108.60559,15.41932],[108.6059,15.42198],[108.60656,15.42396],[108.61146,15.42731],[108.61379,15.42718],[108.61763,15.42327],[108.61952,15.42326],[108.62288,15.42172],[108.62238,15.42073],[108.62088,15.42035],[108.62069,15.41887],[108.62336,15.41768],[108.62538,15.41753],[108.62699,15.41821],[108.62743,15.42115],[108.62895,15.42266],[108.63136,15.42173],[108.63356,15.42288],[108.63444,15.42401],[108.63594,15.42347],[108.63813,15.42401],[108.63808,15.42153],[108.6389,15.42073],[108.6407,15.42122],[108.64351,15.4204],[108.6451,15.41897],[108.64536,15.4175],[108.64761,15.41781],[108.6492,15.41898],[108.65108,15.42181],[108.6547,15.4211],[108.65442,15.41963],[108.65724,15.41783],[108.65679,15.41685],[108.66035,15.41588],[108.65844,15.40966],[108.65863,15.40772],[108.65919,15.40714],[108.65783,15.40414],[108.65622,15.40392],[108.6526,15.4048],[108.65214,15.40358],[108.65317,15.39917],[108.65307,15.39771],[108.65585,15.39479],[108.65891,15.39418],[108.65901,15.39079],[108.65621,15.38845],[108.65566,15.38838],[108.65477,15.38466],[108.65811,15.38465],[108.65864,15.38186],[108.65832,15.38002],[108.65485,15.37397],[108.6544,15.37074],[108.65506,15.36882],[108.65512,15.36747],[108.65614,15.36623],[108.65956,15.36608],[108.66049,15.36686],[108.66198,15.3699],[108.66305,15.36816],[108.66538,15.36609],[108.66786,15.36503],[108.67004,15.36518],[108.6716,15.36383],[108.67318,15.36475],[108.67443,15.36727],[108.67649,15.36921],[108.67975,15.36958],[108.68026,15.36687],[108.68472,15.3676],[108.68653,15.36908],[108.68859,15.36912],[108.69021,15.36828],[108.69289,15.36824],[108.69518,15.37018],[108.69853,15.36971],[108.70034,15.37121],[108.7002,15.37215],[108.70129,15.37317],[108.70282,15.37193],[108.70409,15.37207],[108.70669,15.37102],[108.71016,15.37083],[108.71348,15.37221],[108.71554,15.37173],[108.71685,15.37237],[108.71886,15.37251],[108.72109,15.37397]]]},"properties":{"a01_tinh":"diaphanhanhchinhcaptinh_sn.132","a02_xa":"diaphanhanhchinhcapxa_2025.1975","a03_ten":"Xã Núi Thành","a04_tentinh":"Thành phố Đà Nẵng","a05_truocsn":"Thị trấn Núi Thành, Xã Tam Quang, Xã Tam Nghĩa, Xã Tam Hiệp, Xã Tam Giang","a06_trungtamhc":"Khối 3, xã Núi Thành","a07_dt":"124.75","a08_ds":"69406","a09_dthoai":null,"a10_web":null,"ten":"Xã Núi Thành","ma":"20965","tentinh":"Thành Phố Đà Nẵng","truocsapnhap":"Thị trấn Núi Thành, Xã Tam Quang, Xã Tam Nghĩa, Xã Tam Hiệp, Xã Tam Giang","dientichkm2":null,"dansonguoi":null},"id":"diaphanhanhchinhcapxa_2025.1975"},
{"type":"Feature","geometry":{"type":"Polygon","coordinates":[[[108.47115,15.53071],[108.46886,15.53197],[108.46631,15.53226],[108.46592,15.53364],[108.46425,15.53431],[108.46342,15.53347],[108.46061,15.53206],[108.45748,15.53244],[108.45499,15.53191],[108.45513,15.52982],[108.45379,15.52699],[108.45239,15.52628],[108.45395,15.52418],[108.45243,15.52376],[108.45118,15.52471],[108.44931,15.52521],[108.44835,15.524],[108.44688,15.52306],[108.44579,15.52321],[108.44345,15.52215],[108.44276,15.52083],[108.44099,15.51922],[108.43886,15.5199],[108.43449,15.52213],[108.43344,15.52375],[108.43129,15.52519],[108.43153,15.52719],[108.43264,15.52834],[108.4346,15.52958],[108.43593,15.53224],[108.43603,15.53388],[108.43749,15.53501],[108.4369,15.53881],[108.43349,15.54159],[108.43208,15.54153],[108.43082,15.54327],[108.42823,15.54365],[108.42725,15.54475],[108.42819,15.54616],[108.42659,15.54688],[108.42566,15.54835],[108.42444,15.55153],[108.42049,15.54868],[108.42018,15.54698],[108.42112,15.5453],[108.42106,15.5438],[108.41941,15.54022],[108.41728,15.53873],[108.41717,15.53682],[108.416,15.53626],[108.41382,15.53368],[108.41036,15.53268],[108.40892,15.53117],[108.40714,15.53111],[108.40528,15.53205],[108.40377,15.53225],[108.39977,15.53153],[108.3985,15.53269],[108.39445,15.53215],[108.39463,15.5281],[108.39428,15.5273],[108.39084,15.52659],[108.38965,15.52501],[108.38849,15.5227],[108.38437,15.52153],[108.38347,15.52012],[108.38099,15.51892],[108.37868,15.51781],[108.37946,15.51583],[108.37893,15.51315],[108.37671,15.50883],[108.37841,15.50764],[108.37854,15.50686],[108.37691,15.50568],[108.37866,15.50479],[108.3797,15.50497],[108.38097,15.50269],[108.38092,15.50089],[108.38032,15.49977],[108.38303,15.49752],[108.38242,15.49538],[108.38325,15.49339],[108.38311,15.49083],[108.38432,15.48928],[108.38738,15.48829],[108.3878,15.48635],[108.39035,15.48476],[108.3899,15.4832],[108.39127,15.47973],[108.39245,15.4785],[108.39207,15.47441],[108.39255,15.47268],[108.39204,15.47151],[108.39279,15.46916],[108.39188,15.46589],[108.3921,15.46265],[108.39054,15.4592],[108.38906,15.45889],[108.38787,15.45695],[108.387,15.45358],[108.38576,15.45251],[108.3863,15.45082],[108.38588,15.4496],[108.38414,15.44943],[108.38212,15.44702],[108.38149,15.44443],[108.38059,15.44335],[108.37854,15.44245],[108.37776,15.44063],[108.37688,15.44049],[108.37642,15.43915],[108.3766,15.4371],[108.37455,15.43462],[108.37707,15.43442],[108.37948,15.43358],[108.38053,15.43266],[108.38097,15.42991],[108.37869,15.4293],[108.37543,15.42517],[108.3776,15.42309],[108.37953,15.42313],[108.38027,15.42232],[108.37917,15.42123],[108.37753,15.42123],[108.37419,15.41999],[108.3725,15.41782],[108.37248,15.41692],[108.37127,15.41458],[108.37201,15.41307],[108.37411,15.41105],[108.37589,15.40808],[108.37735,15.40646],[108.37793,15.40435],[108.37763,15.40237],[108.37861,15.39995],[108.38034,15.39821],[108.38095,15.3969],[108.38136,15.39443],[108.38205,15.39471],[108.38517,15.39354],[108.38599,15.39267],[108.38814,15.39247],[108.38945,15.39343],[108.39217,15.39289],[108.39485,15.39295],[108.39826,15.39343],[108.39952,15.39308],[108.4018,15.39173],[108.40375,15.39212],[108.40765,15.39358],[108.41052,15.39195],[108.41178,15.39173],[108.4144,15.39284],[108.41507,15.39353],[108.41684,15.39337],[108.418,15.39435],[108.42152,15.39423],[108.42231,15.39237],[108.42391,15.39224],[108.42472,15.39328],[108.42674,15.39305],[108.42987,15.39397],[108.43209,15.39294],[108.43548,15.39319],[108.43619,15.39278],[108.43791,15.3936],[108.44034,15.39385],[108.44443,15.39342],[108.44538,15.39455],[108.44804,15.39633],[108.4504,15.39578],[108.45627,15.39524],[108.46071,15.39667],[108.46629,15.39985],[108.46288,15.40098],[108.46052,15.40266],[108.45947,15.40416],[108.45967,15.40516],[108.4574,15.40754],[108.45677,15.4105],[108.45517,15.41163],[108.45528,15.41424],[108.45203,15.4157],[108.44935,15.41631],[108.44826,15.416],[108.44453,15.41396],[108.44315,15.41348],[108.43951,15.41403],[108.43869,15.41649],[108.43645,15.41688],[108.4358,15.41892],[108.43388,15.42167],[108.43303,15.42389],[108.4312,15.4256],[108.42833,15.42709],[108.42755,15.42966],[108.42603,15.43159],[108.42344,15.43276],[108.4231,15.43351],[108.42349,15.43558],[108.42347,15.43909],[108.4225,15.44039],[108.42175,15.44268],[108.42395,15.44775],[108.42272,15.45179],[108.42256,15.45468],[108.4283,15.45644],[108.42984,15.45568],[108.43208,15.45767],[108.43424,15.45841],[108.4383,15.45817],[108.44313,15.45846],[108.44529,15.4577],[108.44951,15.45817],[108.45202,15.45737],[108.45378,15.45729],[108.45705,15.45839],[108.45947,15.45803],[108.46154,15.45863],[108.46442,15.45878],[108.46793,15.45606],[108.46943,15.45358],[108.46883,15.45223],[108.47018,15.45092],[108.47258,15.45174],[108.47312,15.45011],[108.47466,15.45054],[108.47631,15.44841],[108.47692,15.44877],[108.47681,15.45903],[108.47518,15.46006],[108.47389,15.46212],[108.47251,15.46313],[108.47063,15.46291],[108.47048,15.46444],[108.47271,15.4649],[108.4725,15.46616],[108.46979,15.46657],[108.4712,15.46788],[108.47078,15.46864],[108.47127,15.47012],[108.4729,15.47027],[108.47167,15.47166],[108.47171,15.47346],[108.47035,15.47321],[108.47056,15.47515],[108.46875,15.47597],[108.47101,15.47687],[108.47252,15.47614],[108.47382,15.47816],[108.47169,15.47904],[108.47104,15.48038],[108.47245,15.48064],[108.47452,15.47977],[108.47567,15.47994],[108.4773,15.47859],[108.47959,15.47881],[108.48146,15.47785],[108.48152,15.47721],[108.48459,15.47634],[108.49463,15.4843],[108.49669,15.48369],[108.49804,15.48277],[108.50082,15.48811],[108.50343,15.48617],[108.50486,15.48397],[108.50837,15.48843],[108.50915,15.48986],[108.50695,15.49102],[108.50607,15.49227],[108.50192,15.49458],[108.50034,15.49703],[108.50181,15.49814],[108.50294,15.49771],[108.50386,15.4993],[108.50629,15.50088],[108.50541,15.50181],[108.50382,15.50208],[108.50093,15.49993],[108.50049,15.50169],[108.49931,15.50186],[108.49881,15.50376],[108.4977,15.50319],[108.49708,15.50181],[108.49536,15.50168],[108.49252,15.50294],[108.48907,15.50378],[108.48791,15.50492],[108.48738,15.50752],[108.48583,15.50798],[108.48501,15.50733],[108.48293,15.50694],[108.48039,15.50686],[108.48039,15.50892],[108.47906,15.50931],[108.47782,15.5106],[108.4756,15.51138],[108.47305,15.51274],[108.47233,15.51372],[108.47315,15.51578],[108.47314,15.51703],[108.47539,15.51777],[108.47653,15.5191],[108.47694,15.52121],[108.47681,15.52286],[108.47589,15.52309],[108.47583,15.52583],[108.47407,15.52541],[108.4727,15.5279],[108.47216,15.53055],[108.47115,15.53071]]]},"properties":{"a01_tinh":"diaphanhanhchinhcaptinh_sn.132","a02_xa":"diaphanhanhchinhcapxa_2025.1963","a03_ten":"Xã Phú Ninh","a04_tentinh":"Thành phố Đà Nẵng","a05_truocsn":"Xã Tam Dân, Xã Tam Đại, Xã Tam Lãnh","a06_trungtamhc":"Thôn Cây Sanh, xã Phú Ninh","a07_dt":"131.35","a08_ds":"26954","a09_dthoai":null,"a10_web":null,"ten":"Xã Phú Ninh","ma":"20392","tentinh":"Thành Phố Đà Nẵng","truocsapnhap":"Xã Tam Dân, Xã Tam Đại, Xã Tam Lãnh","dientichkm2":null,"dansonguoi":null},"id":"diaphanhanhchinhcapxa_2025.1963"},
{"type":"Feature","geometry":{"type":"Polygon","coordinates":[[[108.10517,15.83388],[108.10086,15.83373],[108.09971,15.83442],[108.09947,15.83637],[108.09822,15.83687],[108.0956,15.83691],[108.09414,15.83656],[108.09393,15.83762],[108.09013,15.83886],[108.08852,15.83874],[108.08861,15.8373],[108.08672,15.83719],[108.08675,15.83613],[108.08416,15.83467],[108.08213,15.834],[108.08112,15.84073],[108.07283,15.84036],[108.0721,15.84173],[108.06955,15.84086],[108.06411,15.83984],[108.06013,15.83858],[108.05541,15.83904],[108.05609,15.84182],[108.05081,15.84281],[108.05096,15.84387],[108.04871,15.84422],[108.04889,15.84523],[108.0465,15.84561],[108.04608,15.84611],[108.04261,15.84652],[108.04221,15.84462],[108.03941,15.84527],[108.03895,15.8412],[108.03662,15.83974],[108.03409,15.83965],[108.03215,15.83865],[108.03075,15.83706],[108.02573,15.83814],[108.02255,15.84102],[108.02044,15.84232],[108.01793,15.84211],[108.01605,15.84105],[108.01434,15.84125],[108.01441,15.84208],[108.01182,15.83989],[108.00913,15.83705],[108.00837,15.83497],[108.00703,15.83374],[108.0062,15.83225],[108.00434,15.83006],[108.00092,15.82651],[107.99676,15.82257],[107.99629,15.82171],[107.99415,15.82027],[107.99217,15.81753],[107.9903,15.81597],[107.98774,15.81571],[107.98667,15.81521],[107.98434,15.81501],[107.98172,15.81527],[107.97978,15.81609],[107.97798,15.81536],[107.97536,15.81335],[107.9732,15.81086],[107.97124,15.80941],[107.96989,15.80916],[107.96695,15.80741],[107.96607,15.80563],[107.96355,15.8042],[107.95958,15.80072],[107.95701,15.79993],[107.95542,15.79904],[107.95334,15.79716],[107.95091,15.79699],[107.94841,15.79607],[107.94739,15.79638],[107.94523,15.79544],[107.9438,15.79357],[107.9423,15.79228],[107.94045,15.79183],[107.94309,15.7869],[107.94241,15.78484],[107.94314,15.78241],[107.942,15.77879],[107.94033,15.77793],[107.9398,15.7767],[107.93832,15.77635],[107.93735,15.77532],[107.93763,15.77402],[107.93655,15.77216],[107.93703,15.77003],[107.93544,15.76691],[107.93647,15.76621],[107.93579,15.76396],[107.93632,15.7598],[107.9353,15.75838],[107.9362,15.75736],[107.93659,15.75506],[107.93519,15.75484],[107.93545,15.75157],[107.93401,15.75114],[107.93652,15.74817],[107.9366,15.74623],[107.9354,15.74648],[107.93298,15.74487],[107.93342,15.74352],[107.9306,15.74208],[107.93116,15.73997],[107.92851,15.73712],[107.92837,15.73584],[107.93089,15.73296],[107.9308,15.73231],[107.92904,15.73081],[107.92971,15.73021],[107.93291,15.72964],[107.93526,15.72807],[107.93899,15.72649],[107.94112,15.72594],[107.94441,15.7258],[107.94749,15.72527],[107.94848,15.72566],[107.95041,15.72752],[107.95125,15.72879],[107.95418,15.73032],[107.95571,15.72945],[107.95708,15.72765],[107.95758,15.72616],[107.95887,15.72516],[107.96076,15.72488],[107.96068,15.724],[107.96208,15.72146],[107.96358,15.71992],[107.96704,15.72095],[107.96807,15.72388],[107.96967,15.72508],[107.97233,15.72543],[107.97472,15.72491],[107.97704,15.72535],[107.9809,15.72514],[107.98335,15.72468],[107.98533,15.72524],[107.98685,15.72514],[107.98907,15.72825],[107.99117,15.72841],[107.99428,15.72782],[107.99576,15.72885],[107.99829,15.73174],[107.99986,15.73144],[108.00294,15.73308],[108.00646,15.73079],[108.00669,15.73142],[108.01184,15.73827],[108.01371,15.73993],[108.01575,15.74234],[108.01663,15.74268],[108.01954,15.74537],[108.02174,15.74608],[108.02405,15.74531],[108.02463,15.74471],[108.02806,15.74348],[108.02851,15.74456],[108.03178,15.7481],[108.03307,15.74899],[108.03503,15.75209],[108.03676,15.75211],[108.03939,15.75427],[108.04192,15.75841],[108.0444,15.76044],[108.04564,15.76371],[108.04624,15.76458],[108.04664,15.76493],[108.04436,15.76736],[108.04122,15.77148],[108.03995,15.77394],[108.04,15.77592],[108.04049,15.77803],[108.0427,15.78149],[108.04437,15.78285],[108.0505,15.78669],[108.05157,15.7875],[108.05713,15.79037],[108.05986,15.79244],[108.0636,15.79747],[108.06723,15.80323],[108.06901,15.80753],[108.06954,15.80978],[108.0708,15.81241],[108.07153,15.81535],[108.07513,15.8188],[108.07755,15.81977],[108.08072,15.82203],[108.08488,15.82411],[108.08759,15.82461],[108.08906,15.8241],[108.09231,15.82418],[108.09452,15.825],[108.09679,15.82675],[108.09925,15.8291],[108.10094,15.82987],[108.10517,15.83388]]]},"properties":{"a01_tinh":"diaphanhanhchinhcaptinh_sn.132","a02_xa":"diaphanhanhchinhcapxa_2025.1944","a03_ten":"Xã Phú Thuận","a04_tentinh":"Thành phố Đà Nẵng","a05_truocsn":"Xã Đại Tân, Xã Đại Thắng, Xã Đại Chánh, Xã Đại Thạnh","a06_trungtamhc":"Số 204 Đường ĐH4.ĐL, xã Phú Thuận","a07_dt":"130.89","a08_ds":"27575","a09_dthoai":null,"a10_web":null,"ten":"Xã Phú Thuận","ma":"20542","tentinh":"Thành Phố Đà Nẵng","truocsapnhap":"Xã Đại Tân, Xã Đại Thắng, Xã Đại Chánh, Xã Đại Thạnh","dientichkm2":null,"dansonguoi":null},"id":"diaphanhanhchinhcapxa_2025.1944"},
{"type":"Feature","geometry":{"type":"Polygon","coordinates":[[[107.82092,15.21533],[107.82125,15.21737],[107.81899,15.21898],[107.81686,15.21928],[107.81609,15.21993],[107.81519,15.22412],[107.81652,15.22588],[107.81681,15.22727],[107.8156,15.22853],[107.81296,15.2305],[107.8108,15.23377],[107.81107,15.23632],[107.81013,15.23821],[107.80891,15.24237],[107.80803,15.24376],[107.80545,15.24546],[107.80426,15.24679],[107.80429,15.25128],[107.80348,15.25236],[107.80112,15.25345],[107.80038,15.25686],[107.7971,15.26252],[107.79636,15.26773],[107.79697,15.26906],[107.79852,15.27084],[107.79956,15.27144],[107.79996,15.27288],[107.79968,15.27651],[107.80016,15.27984],[107.80011,15.28242],[107.80044,15.28379],[107.80134,15.28438],[107.80343,15.28412],[107.80533,15.28323],[107.80717,15.28147],[107.80892,15.2816],[107.8111,15.28419],[107.81027,15.28744],[107.81142,15.28985],[107.81403,15.29146],[107.81534,15.29333],[107.81758,15.29469],[107.8194,15.29663],[107.81919,15.29819],[107.81824,15.29954],[107.81891,15.30219],[107.81734,15.30442],[107.81865,15.30666],[107.8171,15.31084],[107.81693,15.31349],[107.8185,15.31695],[107.81988,15.31727],[107.82258,15.31936],[107.82494,15.31834],[107.82592,15.32097],[107.82679,15.32047],[107.8295,15.32032],[107.83138,15.32128],[107.83124,15.32247],[107.8322,15.32452],[107.83405,15.3262],[107.83443,15.32724],[107.83437,15.32938],[107.8339,15.33219],[107.83606,15.33371],[107.83635,15.33521],[107.83527,15.33624],[107.83342,15.33701],[107.83049,15.3399],[107.83054,15.34179],[107.83263,15.34458],[107.83409,15.34742],[107.8364,15.34914],[107.84216,15.34891],[107.84287,15.34998],[107.84289,15.35157],[107.84367,15.35344],[107.84492,15.35362],[107.84772,15.35313],[107.84974,15.35319],[107.85127,15.35446],[107.85241,15.35768],[107.85217,15.35844],[107.84807,15.363],[107.84389,15.36644],[107.83964,15.37019],[107.837,15.37151],[107.83593,15.37314],[107.83526,15.37565],[107.83495,15.3797],[107.83361,15.38317],[107.83409,15.38561],[107.83728,15.38901],[107.83746,15.39133],[107.83508,15.39563],[107.83123,15.39837],[107.82881,15.39962],[107.82678,15.40265],[107.82599,15.4065],[107.82541,15.41057],[107.82465,15.41273],[107.82326,15.41454],[107.82265,15.41671],[107.82266,15.41887],[107.82103,15.42191],[107.81973,15.42701],[107.81988,15.42908],[107.81966,15.43184],[107.81895,15.43091],[107.81652,15.42647],[107.81525,15.42549],[107.8131,15.42736],[107.81165,15.42683],[107.81112,15.42576],[107.809,15.42576],[107.80585,15.42894],[107.80462,15.42986],[107.80275,15.43005],[107.79735,15.42799],[107.79002,15.42454],[107.78883,15.42364],[107.78816,15.42123],[107.78866,15.41853],[107.7899,15.41702],[107.79286,15.41709],[107.79522,15.41433],[107.79157,15.41113],[107.78862,15.41163],[107.79051,15.4081],[107.79213,15.40729],[107.79287,15.40581],[107.79244,15.40436],[107.79058,15.40199],[107.79024,15.39794],[107.79214,15.39637],[107.79102,15.3953],[107.78728,15.39375],[107.786,15.39284],[107.7848,15.39021],[107.78529,15.38887],[107.78706,15.38813],[107.78789,15.38668],[107.78944,15.38581],[107.79022,15.38249],[107.7912,15.38222],[107.79125,15.38043],[107.79204,15.37863],[107.79154,15.37792],[107.79042,15.37436],[107.7906,15.37335],[107.79285,15.37054],[107.79274,15.36858],[107.79416,15.36506],[107.79329,15.3643],[107.7931,15.36246],[107.79174,15.35947],[107.79032,15.35796],[107.79021,15.35687],[107.7909,15.35452],[107.79028,15.35314],[107.78832,15.3514],[107.78919,15.35037],[107.78982,15.34814],[107.78966,15.34727],[107.78434,15.34296],[107.78239,15.33995],[107.77941,15.34054],[107.77694,15.33726],[107.77664,15.3357],[107.77711,15.33384],[107.77795,15.33273],[107.77767,15.32983],[107.77514,15.32706],[107.77501,15.32462],[107.7761,15.32207],[107.77642,15.31983],[107.77803,15.31758],[107.77824,15.31419],[107.7799,15.31187],[107.77877,15.30872],[107.77956,15.30666],[107.77924,15.30543],[107.77762,15.30424],[107.77487,15.30294],[107.77283,15.29855],[107.77152,15.29619],[107.77175,15.295],[107.77103,15.29318],[107.77122,15.29041],[107.77039,15.28846],[107.77052,15.28671],[107.76875,15.28292],[107.76786,15.28233],[107.76382,15.28153],[107.76196,15.27871],[107.76148,15.27675],[107.76437,15.2728],[107.76472,15.27142],[107.76402,15.26674],[107.76279,15.26495],[107.7622,15.26319],[107.76048,15.26123],[107.76068,15.25947],[107.75961,15.25729],[107.76092,15.25598],[107.76156,15.25374],[107.76278,15.25361],[107.76478,15.25258],[107.76493,15.25066],[107.76795,15.25041],[107.76898,15.24971],[107.77057,15.24735],[107.77202,15.24621],[107.77194,15.24471],[107.77256,15.23996],[107.77378,15.23829],[107.77349,15.23715],[107.77421,15.23566],[107.77238,15.23334],[107.77182,15.23083],[107.77152,15.23024],[107.77204,15.22688],[107.77339,15.22596],[107.77448,15.2234],[107.77721,15.22181],[107.77794,15.22085],[107.78066,15.21906],[107.78567,15.21824],[107.78855,15.21921],[107.79137,15.21765],[107.79405,15.21702],[107.79617,15.21705],[107.79977,15.21589],[107.80222,15.21378],[107.80672,15.21304],[107.80896,15.21181],[107.81147,15.21283],[107.81247,15.2136],[107.81332,15.21302],[107.81522,15.21319],[107.81663,15.21508],[107.81814,15.21612],[107.81931,15.2162],[107.82092,15.21533]]]},"properties":{"a01_tinh":"diaphanhanhchinhcaptinh_sn.132","a02_xa":"diaphanhanhchinhcapxa_2025.1990","a03_ten":"Xã Phước Chánh","a04_tentinh":"Thành phố Đà Nẵng","a05_truocsn":"Xã Phước Công, Xã Phước Chánh","a06_trungtamhc":"Thôn 3, xã Phước Chánh","a07_dt":"107.56","a08_ds":"4466","a09_dthoai":null,"a10_web":null,"ten":"Xã Phước Chánh","ma":"20740","tentinh":"Thành Phố Đà Nẵng","truocsapnhap":"Xã Phước Công, Xã Phước Chánh","dientichkm2":null,"dansonguoi":null},"id":"diaphanhanhchinhcapxa_2025.1990"},
{"type":"Feature","geometry":{"type":"Polygon","coordinates":[[[107.8598,15.55784],[107.85616,15.55769],[107.85501,15.55872],[107.85365,15.55857],[107.8513,15.55967],[107.84523,15.56051],[107.84409,15.56234],[107.84377,15.56376],[107.84279,15.56514],[107.84017,15.56658],[107.83826,15.56695],[107.83649,15.56798],[107.83528,15.56961],[107.83319,15.56988],[107.8289,15.56966],[107.82753,15.56881],[107.82453,15.56888],[107.82253,15.56679],[107.82207,15.56404],[107.82289,15.55976],[107.82505,15.55849],[107.82889,15.55419],[107.82775,15.55107],[107.82661,15.54946],[107.82615,15.5453],[107.82654,15.54419],[107.82524,15.54136],[107.82343,15.53825],[107.82249,15.53502],[107.82304,15.5329],[107.8211,15.5302],[107.8208,15.52883],[107.8191,15.52644],[107.81948,15.52464],[107.81842,15.5208],[107.8172,15.51934],[107.81721,15.51724],[107.81494,15.51575],[107.81347,15.51522],[107.81293,15.51386],[107.81422,15.51126],[107.81605,15.50997],[107.81739,15.5096],[107.81831,15.5079],[107.81821,15.50506],[107.81728,15.50301],[107.81673,15.49899],[107.81902,15.49692],[107.82362,15.49458],[107.82596,15.49136],[107.82938,15.49093],[107.83151,15.48973],[107.83275,15.4874],[107.83506,15.48702],[107.83623,15.48576],[107.83856,15.48444],[107.84352,15.48084],[107.84402,15.47935],[107.8428,15.47134],[107.83989,15.46751],[107.83938,15.46543],[107.83676,15.46177],[107.82997,15.46225],[107.82932,15.46126],[107.82946,15.45908],[107.82993,15.45825],[107.82943,15.45561],[107.83162,15.45392],[107.83227,15.45283],[107.83159,15.44759],[107.83181,15.44654],[107.83381,15.4453],[107.8343,15.44399],[107.83352,15.44224],[107.83203,15.44026],[107.82968,15.43911],[107.82457,15.43769],[107.82241,15.43661],[107.82048,15.43512],[107.81992,15.43419],[107.82176,15.43319],[107.82384,15.4308],[107.82589,15.42973],[107.8263,15.42842],[107.82848,15.42513],[107.83008,15.42392],[107.83186,15.42168],[107.83477,15.42061],[107.83591,15.41955],[107.83869,15.41918],[107.84014,15.41695],[107.84315,15.41675],[107.84476,15.41597],[107.84606,15.41317],[107.85138,15.40944],[107.85422,15.40901],[107.85578,15.40836],[107.85704,15.40853],[107.85989,15.40752],[107.86178,15.40833],[107.8632,15.40818],[107.86538,15.40866],[107.86643,15.4096],[107.8686,15.40796],[107.87161,15.40641],[107.87407,15.40572],[107.87594,15.40437],[107.87935,15.39995],[107.88153,15.39845],[107.88321,15.3989],[107.88425,15.39846],[107.88843,15.39844],[107.88978,15.39879],[107.89154,15.39771],[107.89228,15.39827],[107.89611,15.39769],[107.89917,15.39681],[107.89963,15.39494],[107.90274,15.39429],[107.90402,15.39354],[107.90675,15.38968],[107.9087,15.38872],[107.91065,15.38662],[107.91541,15.38534],[107.91858,15.38555],[107.92525,15.3888],[107.92691,15.39022],[107.92869,15.38849],[107.93203,15.38791],[107.93462,15.38935],[107.93855,15.38894],[107.94008,15.387],[107.94014,15.38373],[107.94059,15.37974],[107.93972,15.37791],[107.94088,15.37567],[107.94252,15.37503],[107.94461,15.37524],[107.94631,15.37447],[107.94906,15.37093],[107.95006,15.36808],[107.95299,15.36695],[107.95475,15.36698],[107.95872,15.36819],[107.96174,15.36819],[107.96536,15.36853],[107.96732,15.36776],[107.97044,15.36799],[107.97331,15.36764],[107.97522,15.36692],[107.97729,15.36689],[107.97867,15.36745],[107.98154,15.36743],[107.98239,15.36681],[107.98685,15.36697],[107.99029,15.36775],[107.99188,15.36773],[107.99559,15.36974],[107.99653,15.37085],[107.99938,15.3703],[108.00266,15.37131],[108.00386,15.37229],[108.00587,15.37275],[108.00763,15.37246],[108.011,15.37363],[108.01334,15.37289],[108.01744,15.37363],[108.01812,15.37665],[108.01937,15.3794],[108.01881,15.38038],[108.01638,15.3812],[108.01397,15.38336],[108.01357,15.38478],[108.01214,15.38634],[108.01218,15.39016],[108.01182,15.39196],[108.01424,15.39218],[108.0169,15.39185],[108.01927,15.39468],[108.0194,15.39561],[108.02136,15.39774],[108.02119,15.39924],[108.02036,15.40011],[108.01997,15.40219],[108.01867,15.40476],[108.01801,15.40741],[108.01796,15.41072],[108.01825,15.41341],[108.01742,15.41642],[108.01861,15.41817],[108.0217,15.4187],[108.02303,15.42029],[108.02294,15.42305],[108.019,15.42433],[108.018,15.42561],[108.01628,15.42667],[108.01482,15.43025],[108.01561,15.43633],[108.01518,15.43887],[108.0127,15.4404],[108.00825,15.44445],[108.00796,15.44706],[108.00707,15.44898],[108.00538,15.45055],[108.00502,15.45263],[108.00549,15.45438],[108.0051,15.45535],[108.00356,15.4566],[108.00181,15.45937],[107.99941,15.46105],[107.9981,15.46295],[107.9981,15.46414],[107.99674,15.46666],[107.99492,15.46832],[107.99335,15.46857],[107.99132,15.47036],[107.99158,15.47283],[107.99221,15.47497],[107.9914,15.47622],[107.99082,15.48074],[107.98876,15.48604],[107.99116,15.48622],[107.99267,15.48699],[107.99321,15.48913],[107.9958,15.49224],[107.99867,15.49252],[107.99977,15.4936],[108.00156,15.49434],[108.0029,15.49415],[108.00397,15.49623],[108.00218,15.49761],[108.00303,15.49882],[108.00341,15.50059],[108.00266,15.50141],[108.00259,15.50289],[108.00169,15.50512],[107.99866,15.50725],[107.99529,15.50857],[107.99528,15.51011],[107.99404,15.51055],[107.99447,15.51314],[107.99262,15.51414],[107.9909,15.51812],[107.99207,15.51936],[107.99271,15.52149],[107.99184,15.52336],[107.99346,15.52728],[107.99353,15.52854],[107.99215,15.52993],[107.99125,15.53252],[107.98913,15.53334],[107.98664,15.53367],[107.98404,15.53335],[107.98301,15.53367],[107.98078,15.53537],[107.98012,15.53665],[107.97774,15.53861],[107.97555,15.53868],[107.97426,15.54017],[107.97454,15.54124],[107.97212,15.54301],[107.97243,15.5448],[107.97179,15.54622],[107.97043,15.54606],[107.97005,15.54828],[107.96929,15.5502],[107.9668,15.55216],[107.9664,15.55351],[107.96136,15.55383],[107.96049,15.55455],[107.95604,15.55565],[107.954,15.55672],[107.95212,15.55668],[107.95024,15.55991],[107.94967,15.56151],[107.94824,15.56291],[107.94683,15.5629],[107.94432,15.56374],[107.94115,15.56275],[107.93914,15.56166],[107.93737,15.5618],[107.93553,15.56256],[107.93221,15.56232],[107.93054,15.56058],[107.92509,15.55838],[107.92424,15.5568],[107.92284,15.55652],[107.91964,15.55504],[107.91958,15.55199],[107.91751,15.55225],[107.91637,15.55115],[107.91747,15.54798],[107.91819,15.54711],[107.91778,15.54528],[107.9161,15.54405],[107.91526,15.54174],[107.91315,15.54255],[107.91164,15.54224],[107.91008,15.53996],[107.90776,15.53949],[107.90504,15.53667],[107.905,15.53793],[107.90581,15.54014],[107.9017,15.54371],[107.90088,15.54511],[107.89674,15.54632],[107.89449,15.54787],[107.89345,15.54741],[107.8894,15.54732],[107.88718,15.54865],[107.88517,15.54781],[107.8834,15.54783],[107.88166,15.54679],[107.88046,15.54674],[107.87809,15.5453],[107.87771,15.54415],[107.87846,15.54276],[107.87645,15.54131],[107.87398,15.54163],[107.87303,15.54121],[107.87287,15.53889],[107.87178,15.53807],[107.87033,15.53803],[107.86871,15.53869],[107.86644,15.53894],[107.86464,15.53844],[107.86233,15.54005],[107.86156,15.54306],[107.86196,15.54492],[107.86034,15.54629],[107.85799,15.54742],[107.85666,15.54877],[107.85458,15.54869],[107.8542,15.55102],[107.8564,15.55422],[107.85639,15.55535],[107.85844,15.55658],[107.8598,15.55784]]]},"properties":{"a01_tinh":"diaphanhanhchinhcaptinh_sn.132","a02_xa":"diaphanhanhchinhcapxa_2025.1954","a03_ten":"Xã Phước Hiệp","a04_tentinh":"Thành phố Đà Nẵng","a05_truocsn":"Xã Phước Hòa, Xã Phước Hiệp","a06_trungtamhc":"Thôn 1, xã Phước Hiệp","a07_dt":"340.05","a08_ds":"4529","a09_dthoai":null,"a10_web":null,"ten":"Xã Phước Hiệp","ma":"20728","tentinh":"Thành Phố Đà Nẵng","truocsapnhap":"Xã Phước Hòa, Xã Phước Hiệp","dientichkm2":null,"dansonguoi":null},"id":"diaphanhanhchinhcapxa_2025.1954"},
{"type":"Feature","geometry":{"type":"Polygon","coordinates":[[[107.78816,15.42123],[107.78706,15.42164],[107.7849,15.42081],[107.78301,15.42131],[107.78078,15.42289],[107.78095,15.42474],[107.77826,15.42766],[107.77804,15.4312],[107.77697,15.43327],[107.77781,15.43505],[107.77874,15.43827],[107.78001,15.44082],[107.77986,15.44226],[107.78083,15.44448],[107.78024,15.44757],[107.77941,15.44885],[107.77977,15.45051],[107.77867,15.45141],[107.77753,15.45114],[107.77614,15.45162],[107.77448,15.45316],[107.77258,15.45274],[107.77041,15.45802],[107.76968,15.462],[107.76819,15.46548],[107.76711,15.46633],[107.76678,15.46887],[107.76563,15.47171],[107.76832,15.47299],[107.76841,15.47401],[107.76764,15.47569],[107.76665,15.47919],[107.76192,15.47884],[107.75925,15.48048],[107.75811,15.48072],[107.75766,15.48178],[107.75596,15.48254],[107.75352,15.48471],[107.75113,15.48793],[107.74891,15.4891],[107.74764,15.48837],[107.74502,15.48794],[107.74256,15.48846],[107.7419,15.48973],[107.74092,15.48986],[107.73831,15.48921],[107.73781,15.48794],[107.73506,15.48726],[107.73213,15.48724],[107.73102,15.48889],[107.73104,15.48972],[107.72893,15.49125],[107.72644,15.49213],[107.72437,15.49439],[107.72309,15.49504],[107.72266,15.49635],[107.72029,15.49712],[107.71863,15.49963],[107.71881,15.50114],[107.7168,15.50217],[107.71657,15.50411],[107.71536,15.50552],[107.71337,15.50586],[107.71125,15.50558],[107.70819,15.5072],[107.70633,15.50722],[107.70595,15.50919],[107.70454,15.51051],[107.70346,15.50841],[107.70313,15.50583],[107.70501,15.50362],[107.70472,15.50185],[107.70224,15.50092],[107.70148,15.49812],[107.70183,15.49641],[107.70314,15.49499],[107.70322,15.49395],[107.70133,15.49254],[107.69938,15.49231],[107.69786,15.49158],[107.69638,15.48991],[107.69656,15.4877],[107.70156,15.48402],[107.70283,15.48334],[107.70529,15.48359],[107.70677,15.48064],[107.70398,15.479],[107.70279,15.47671],[107.70172,15.47547],[107.70171,15.47378],[107.69964,15.47376],[107.69921,15.47128],[107.69678,15.46918],[107.69471,15.46874],[107.69371,15.46696],[107.69576,15.46549],[107.69586,15.46461],[107.69427,15.46187],[107.69193,15.46361],[107.69096,15.46354],[107.68922,15.46131],[107.68543,15.45864],[107.68364,15.45476],[107.68194,15.45378],[107.68208,15.45073],[107.68167,15.44942],[107.68237,15.44765],[107.68065,15.44513],[107.68165,15.4439],[107.68092,15.44208],[107.67972,15.44122],[107.67877,15.4381],[107.67869,15.43512],[107.67754,15.43443],[107.67702,15.43324],[107.67829,15.43244],[107.67849,15.43123],[107.67741,15.42833],[107.67801,15.42602],[107.67781,15.42481],[107.67873,15.42375],[107.67957,15.42144],[107.67926,15.4205],[107.67795,15.41961],[107.67734,15.41844],[107.67819,15.41669],[107.6771,15.41639],[107.6747,15.41177],[107.6724,15.41053],[107.67049,15.40877],[107.67018,15.40746],[107.66851,15.40759],[107.66774,15.40666],[107.66908,15.40478],[107.66829,15.40219],[107.6691,15.40052],[107.66853,15.39868],[107.66743,15.39747],[107.66645,15.39736],[107.6652,15.39591],[107.6646,15.39324],[107.66375,15.3927],[107.66186,15.3904],[107.6618,15.38801],[107.66119,15.38583],[107.66159,15.38355],[107.66112,15.38082],[107.66137,15.37859],[107.65978,15.37513],[107.65946,15.37296],[107.66104,15.37029],[107.66287,15.3683],[107.66405,15.36506],[107.6636,15.36408],[107.664,15.36166],[107.66231,15.3577],[107.66283,15.35466],[107.66696,15.34903],[107.66865,15.34835],[107.66892,15.34554],[107.67093,15.34447],[107.6745,15.34313],[107.67682,15.34402],[107.67769,15.3422],[107.67916,15.34014],[107.67948,15.3385],[107.67887,15.33683],[107.6791,15.33454],[107.68151,15.33326],[107.6833,15.33075],[107.6845,15.33026],[107.68654,15.32668],[107.6902,15.32605],[107.69164,15.3248],[107.69202,15.32156],[107.69267,15.31983],[107.69288,15.31749],[107.69668,15.31482],[107.69755,15.31344],[107.70134,15.31177],[107.70491,15.30783],[107.70563,15.30602],[107.70761,15.30394],[107.7079,15.30298],[107.71132,15.30456],[107.71313,15.30478],[107.7144,15.30559],[107.72047,15.30553],[107.72397,15.30795],[107.72765,15.30825],[107.73039,15.30802],[107.73096,15.30713],[107.73088,15.30483],[107.72988,15.30473],[107.72788,15.30318],[107.72848,15.30031],[107.72987,15.29956],[107.7294,15.29853],[107.72994,15.29538],[107.72864,15.29403],[107.72823,15.29142],[107.72706,15.28859],[107.72859,15.28647],[107.72828,15.28409],[107.72936,15.28093],[107.72891,15.27839],[107.72903,15.27702],[107.73009,15.27367],[107.73027,15.27049],[107.7287,15.26915],[107.72711,15.26863],[107.72716,15.26761],[107.729,15.26739],[107.7299,15.26451],[107.72972,15.26295],[107.73219,15.261],[107.73228,15.25795],[107.7319,15.25696],[107.73269,15.25559],[107.73216,15.2549],[107.73258,15.25323],[107.73416,15.25261],[107.73369,15.25112],[107.73466,15.25064],[107.73462,15.2492],[107.73552,15.24544],[107.73525,15.24161],[107.73655,15.24034],[107.73704,15.23791],[107.73912,15.23742],[107.73865,15.23639],[107.73663,15.23458],[107.73468,15.23548],[107.73372,15.23451],[107.73374,15.23175],[107.73502,15.23056],[107.73628,15.23082],[107.73827,15.22906],[107.7404,15.23002],[107.74235,15.23032],[107.74661,15.22973],[107.7485,15.23114],[107.75032,15.23201],[107.75199,15.2345],[107.75414,15.23504],[107.75566,15.23673],[107.75703,15.23531],[107.76032,15.23547],[107.76226,15.23506],[107.764,15.23421],[107.76608,15.23405],[107.76834,15.23326],[107.77107,15.23101],[107.77182,15.23083],[107.77238,15.23334],[107.77421,15.23566],[107.77349,15.23715],[107.77378,15.23829],[107.77256,15.23996],[107.77194,15.24471],[107.77202,15.24621],[107.77057,15.24735],[107.76898,15.24971],[107.76795,15.25041],[107.76493,15.25066],[107.76478,15.25258],[107.76278,15.25361],[107.76156,15.25374],[107.76092,15.25598],[107.75961,15.25729],[107.76068,15.25947],[107.76048,15.26123],[107.7622,15.26319],[107.76279,15.26495],[107.76402,15.26674],[107.76472,15.27142],[107.76437,15.2728],[107.76148,15.27675],[107.76196,15.27871],[107.76382,15.28153],[107.76786,15.28233],[107.76875,15.28292],[107.77052,15.28671],[107.77039,15.28846],[107.77122,15.29041],[107.77103,15.29318],[107.77175,15.295],[107.77152,15.29619],[107.77283,15.29855],[107.77487,15.30294],[107.77762,15.30424],[107.77924,15.30543],[107.77956,15.30666],[107.77877,15.30872],[107.7799,15.31187],[107.77824,15.31419],[107.77803,15.31758],[107.77642,15.31983],[107.7761,15.32207],[107.77501,15.32462],[107.77514,15.32706],[107.77767,15.32983],[107.77795,15.33273],[107.77711,15.33384],[107.77664,15.3357],[107.77694,15.33726],[107.77941,15.34054],[107.78239,15.33995],[107.78434,15.34296],[107.78966,15.34727],[107.78982,15.34814],[107.78919,15.35037],[107.78832,15.3514],[107.79028,15.35314],[107.7909,15.35452],[107.79021,15.35687],[107.79032,15.35796],[107.79174,15.35947],[107.7931,15.36246],[107.79329,15.3643],[107.79416,15.36506],[107.79274,15.36858],[107.79285,15.37054],[107.7906,15.37335],[107.79042,15.37436],[107.79154,15.37792],[107.79204,15.37863],[107.79125,15.38043],[107.7912,15.38222],[107.79022,15.38249],[107.78944,15.38581],[107.78789,15.38668],[107.78706,15.38813],[107.78529,15.38887],[107.7848,15.39021],[107.786,15.39284],[107.78728,15.39375],[107.79102,15.3953],[107.79214,15.39637],[107.79024,15.39794],[107.79058,15.40199],[107.79244,15.40436],[107.79287,15.40581],[107.79213,15.40729],[107.79051,15.4081],[107.78862,15.41163],[107.79157,15.41113],[107.79522,15.41433],[107.79286,15.41709],[107.7899,15.41702],[107.78866,15.41853],[107.78816,15.42123]]]},"properties":{"a01_tinh":"diaphanhanhchinhcaptinh_sn.132","a02_xa":"diaphanhanhchinhcapxa_2025.1989","a03_ten":"Xã Phước Năng","a04_tentinh":"Thành phố Đà Nẵng","a05_truocsn":"Xã Phước Đức, Xã Phước Mỹ, Xã Phước Năng","a06_trungtamhc":"Thôn 2, xã Phước Năng","a07_dt":"257.1","a08_ds":"8452","a09_dthoai":null,"a10_web":null,"ten":"Xã Phước Năng","ma":"20734","tentinh":"Thành Phố Đà Nẵng","truocsapnhap":"Xã Phước Đức, Xã Phước Mỹ, Xã Phước Năng","dientichkm2":null,"dansonguoi":null},"id":"diaphanhanhchinhcapxa_2025.1989"},
{"type":"Feature","geometry":{"type":"Polygon","coordinates":[[[107.95475,15.36698],[107.95299,15.36695],[107.95006,15.36808],[107.94906,15.37093],[107.94631,15.37447],[107.94461,15.37524],[107.94252,15.37503],[107.94088,15.37567],[107.93972,15.37791],[107.94059,15.37974],[107.94014,15.38373],[107.94008,15.387],[107.93855,15.38894],[107.93462,15.38935],[107.93203,15.38791],[107.92869,15.38849],[107.92691,15.39022],[107.92525,15.3888],[107.91858,15.38555],[107.91541,15.38534],[107.91065,15.38662],[107.9087,15.38872],[107.90675,15.38968],[107.90402,15.39354],[107.90274,15.39429],[107.89963,15.39494],[107.89917,15.39681],[107.89611,15.39769],[107.89228,15.39827],[107.89154,15.39771],[107.88978,15.39879],[107.88843,15.39844],[107.88425,15.39846],[107.88321,15.3989],[107.88153,15.39845],[107.87935,15.39995],[107.87594,15.40437],[107.87407,15.40572],[107.87161,15.40641],[107.8686,15.40796],[107.86643,15.4096],[107.86538,15.40866],[107.8632,15.40818],[107.86178,15.40833],[107.85989,15.40752],[107.85704,15.40853],[107.85578,15.40836],[107.85422,15.40901],[107.85138,15.40944],[107.84606,15.41317],[107.84476,15.41597],[107.84315,15.41675],[107.84014,15.41695],[107.83869,15.41918],[107.83591,15.41955],[107.83477,15.42061],[107.83186,15.42168],[107.83008,15.42392],[107.82848,15.42513],[107.8263,15.42842],[107.82589,15.42973],[107.82384,15.4308],[107.82176,15.43319],[107.81992,15.43419],[107.81966,15.43184],[107.81988,15.42908],[107.81973,15.42701],[107.82103,15.42191],[107.82266,15.41887],[107.82265,15.41671],[107.82326,15.41454],[107.82465,15.41273],[107.82541,15.41057],[107.82599,15.4065],[107.82678,15.40265],[107.82881,15.39962],[107.83123,15.39837],[107.83508,15.39563],[107.83746,15.39133],[107.83728,15.38901],[107.83409,15.38561],[107.83361,15.38317],[107.83495,15.3797],[107.83526,15.37565],[107.83593,15.37314],[107.837,15.37151],[107.83964,15.37019],[107.84389,15.36644],[107.84807,15.363],[107.85217,15.35844],[107.85241,15.35768],[107.85127,15.35446],[107.84974,15.35319],[107.84772,15.35313],[107.84492,15.35362],[107.84367,15.35344],[107.84289,15.35157],[107.84287,15.34998],[107.84216,15.34891],[107.8364,15.34914],[107.83409,15.34742],[107.83263,15.34458],[107.83054,15.34179],[107.83049,15.3399],[107.83342,15.33701],[107.83527,15.33624],[107.83635,15.33521],[107.83606,15.33371],[107.8339,15.33219],[107.83437,15.32938],[107.83443,15.32724],[107.83405,15.3262],[107.8322,15.32452],[107.83124,15.32247],[107.83138,15.32128],[107.8295,15.32032],[107.82679,15.32047],[107.82592,15.32097],[107.82494,15.31834],[107.82258,15.31936],[107.81988,15.31727],[107.8185,15.31695],[107.81693,15.31349],[107.8171,15.31084],[107.81865,15.30666],[107.81734,15.30442],[107.81891,15.30219],[107.81824,15.29954],[107.81919,15.29819],[107.8194,15.29663],[107.81758,15.29469],[107.81534,15.29333],[107.81403,15.29146],[107.81142,15.28985],[107.81027,15.28744],[107.8111,15.28419],[107.80892,15.2816],[107.80717,15.28147],[107.80533,15.28323],[107.80343,15.28412],[107.80134,15.28438],[107.80044,15.28379],[107.80011,15.28242],[107.80016,15.27984],[107.79968,15.27651],[107.79996,15.27288],[107.79956,15.27144],[107.79852,15.27084],[107.79697,15.26906],[107.79636,15.26773],[107.7971,15.26252],[107.80038,15.25686],[107.80112,15.25345],[107.80348,15.25236],[107.80429,15.25128],[107.80426,15.24679],[107.80545,15.24546],[107.80803,15.24376],[107.80891,15.24237],[107.81013,15.23821],[107.81107,15.23632],[107.8108,15.23377],[107.81296,15.2305],[107.8156,15.22853],[107.81681,15.22727],[107.81652,15.22588],[107.81519,15.22412],[107.81609,15.21993],[107.81686,15.21928],[107.81899,15.21898],[107.82125,15.21737],[107.82092,15.21533],[107.82207,15.21399],[107.82662,15.21183],[107.82885,15.20923],[107.82996,15.20853],[107.83256,15.20813],[107.83497,15.20842],[107.83777,15.20714],[107.83844,15.20797],[107.84036,15.20887],[107.84243,15.20782],[107.84478,15.20738],[107.8468,15.20742],[107.84754,15.20683],[107.84927,15.20741],[107.85086,15.20745],[107.85489,15.21027],[107.8565,15.20929],[107.85842,15.20927],[107.86123,15.2105],[107.86419,15.21009],[107.86592,15.2103],[107.86708,15.20987],[107.8699,15.21052],[107.87226,15.21029],[107.87313,15.20977],[107.87593,15.20541],[107.87769,15.20425],[107.87922,15.20159],[107.87945,15.20023],[107.87898,15.19902],[107.88008,15.19715],[107.88501,15.19646],[107.88983,15.19379],[107.89278,15.19492],[107.89451,15.19786],[107.89768,15.20129],[107.89849,15.20343],[107.8995,15.20494],[107.90143,15.20598],[107.90327,15.20651],[107.90564,15.2061],[107.90839,15.20661],[107.90893,15.20602],[107.91133,15.20683],[107.91184,15.20865],[107.91322,15.20949],[107.91443,15.21195],[107.91935,15.21088],[107.9224,15.21001],[107.92808,15.20977],[107.92878,15.21378],[107.92723,15.21582],[107.92686,15.21728],[107.92763,15.21944],[107.92873,15.22082],[107.92973,15.22306],[107.93157,15.22359],[107.93323,15.22518],[107.9334,15.2282],[107.93547,15.23086],[107.93682,15.23182],[107.9349,15.23288],[107.93433,15.23514],[107.93538,15.23801],[107.93421,15.24082],[107.93458,15.24215],[107.93649,15.24387],[107.93866,15.24479],[107.94065,15.2461],[107.94181,15.2508],[107.94089,15.25402],[107.94124,15.25536],[107.94279,15.25565],[107.94375,15.25642],[107.94563,15.25639],[107.94773,15.25735],[107.94829,15.25928],[107.94657,15.26533],[107.94687,15.26816],[107.94649,15.26957],[107.94518,15.27195],[107.9441,15.27269],[107.94325,15.27622],[107.94163,15.2765],[107.94223,15.27804],[107.94202,15.27956],[107.94235,15.28151],[107.9387,15.2855],[107.93833,15.28652],[107.93993,15.29091],[107.94117,15.29259],[107.94377,15.29403],[107.94646,15.2961],[107.94817,15.29813],[107.94804,15.30029],[107.94622,15.30386],[107.94589,15.30619],[107.94497,15.30798],[107.94764,15.30999],[107.9496,15.30994],[107.95076,15.31042],[107.95223,15.31276],[107.95404,15.31291],[107.95557,15.31434],[107.95777,15.31578],[107.95951,15.31808],[107.95972,15.32013],[107.96145,15.32082],[107.96293,15.32256],[107.96456,15.32318],[107.96446,15.32458],[107.96357,15.32592],[107.96386,15.32722],[107.96327,15.32898],[107.96171,15.33008],[107.95924,15.33285],[107.9584,15.3366],[107.95643,15.33787],[107.95563,15.33938],[107.95366,15.34087],[107.95298,15.34207],[107.95391,15.34322],[107.95485,15.34686],[107.95555,15.34812],[107.95279,15.35047],[107.95221,15.35353],[107.95294,15.35707],[107.95394,15.35831],[107.95339,15.36371],[107.95475,15.36698]]]},"properties":{"a01_tinh":"diaphanhanhchinhcaptinh_sn.132","a02_xa":"diaphanhanhchinhcapxa_2025.1988","a03_ten":"Xã Phước Thành","a04_tentinh":"Thành phố Đà Nẵng","a05_truocsn":"Xã Phước Lộc, Xã Phước Kim, Xã Phước Thành","a06_trungtamhc":"Thôn 2, xã Phước Thành","a07_dt":"286.65","a08_ds":"4651","a09_dthoai":null,"a10_web":null,"ten":"Xã Phước Thành","ma":"20752","tentinh":"Thành Phố Đà Nẵng","truocsapnhap":"Xã Phước Lộc, Xã Phước Kim, Xã Phước Thành","dientichkm2":null,"dansonguoi":null},"id":"diaphanhanhchinhcapxa_2025.1988"},
{"type":"Feature","geometry":{"type":"Polygon","coordinates":[[[108.13296,15.50153],[108.13003,15.50158],[108.1279,15.50037],[108.12194,15.49863],[108.11952,15.49864],[108.1177,15.49819],[108.11376,15.50146],[108.1106,15.50143],[108.10961,15.50096],[108.10724,15.50158],[108.10633,15.50237],[108.1032,15.50231],[108.10127,15.5046],[108.09769,15.50608],[108.094,15.50967],[108.09174,15.5114],[108.08971,15.51258],[108.08716,15.51626],[108.08546,15.51746],[108.08319,15.51817],[108.08113,15.51826],[108.07947,15.51878],[108.07811,15.52056],[108.07516,15.52125],[108.07225,15.52347],[108.07075,15.52383],[108.0696,15.52348],[108.06773,15.52515],[108.06701,15.52512],[108.06623,15.52681],[108.06614,15.52876],[108.06437,15.52911],[108.06517,15.53043],[108.06388,15.53087],[108.06286,15.53471],[108.06128,15.53521],[108.06276,15.53689],[108.06303,15.53821],[108.06444,15.54038],[108.0614,15.54095],[108.06244,15.54172],[108.06253,15.54307],[108.05993,15.54325],[108.05762,15.54229],[108.05758,15.54522],[108.05466,15.54685],[108.05194,15.54964],[108.05273,15.55124],[108.05165,15.55174],[108.0501,15.55346],[108.04905,15.55559],[108.05006,15.55674],[108.05142,15.55738],[108.04963,15.55879],[108.04611,15.55829],[108.04541,15.55782],[108.04581,15.55553],[108.04554,15.55435],[108.04286,15.55452],[108.03893,15.55176],[108.03664,15.55039],[108.03743,15.5485],[108.03718,15.54773],[108.035,15.54631],[108.03105,15.54663],[108.03009,15.54524],[108.031,15.54337],[108.02966,15.54257],[108.02695,15.54307],[108.02452,15.54227],[108.02475,15.54552],[108.0239,15.54817],[108.02257,15.5487],[108.02066,15.5485],[108.02015,15.54769],[108.01773,15.5476],[108.01526,15.54592],[108.01368,15.54576],[108.01267,15.54815],[108.01242,15.54976],[108.01285,15.55115],[108.0117,15.55282],[108.00944,15.55207],[108.00743,15.55036],[108.00549,15.55076],[108.00335,15.54948],[108.00198,15.54941],[108.00044,15.5481],[107.9986,15.54874],[107.99728,15.54745],[107.99539,15.54767],[107.99355,15.54711],[107.9914,15.54717],[107.99101,15.54876],[107.99102,15.55181],[107.98893,15.55247],[107.98699,15.55257],[107.98494,15.55412],[107.98524,15.55606],[107.98499,15.55789],[107.98574,15.55993],[107.9875,15.56275],[107.98976,15.56447],[107.99142,15.56633],[107.99345,15.56656],[107.99592,15.56889],[107.99588,15.57067],[107.99447,15.57285],[107.99433,15.57489],[107.99232,15.57372],[107.98996,15.57351],[107.98883,15.57271],[107.98581,15.57173],[107.98397,15.57016],[107.98346,15.56914],[107.98134,15.56772],[107.98012,15.56788],[107.9778,15.56664],[107.97571,15.5662],[107.97534,15.56462],[107.97442,15.56308],[107.97302,15.56225],[107.97215,15.56077],[107.97281,15.55985],[107.97127,15.55753],[107.97004,15.55673],[107.96947,15.5552],[107.96745,15.55456],[107.9664,15.55351],[107.9668,15.55216],[107.96929,15.5502],[107.97005,15.54828],[107.97043,15.54606],[107.97179,15.54622],[107.97243,15.5448],[107.97212,15.54301],[107.97454,15.54124],[107.97426,15.54017],[107.97555,15.53868],[107.97774,15.53861],[107.98012,15.53665],[107.98078,15.53537],[107.98301,15.53367],[107.98404,15.53335],[107.98664,15.53367],[107.98913,15.53334],[107.99125,15.53252],[107.99215,15.52993],[107.99353,15.52854],[107.99346,15.52728],[107.99184,15.52336],[107.99271,15.52149],[107.99207,15.51936],[107.9909,15.51812],[107.99262,15.51414],[107.99447,15.51314],[107.99404,15.51055],[107.99528,15.51011],[107.99529,15.50857],[107.99866,15.50725],[108.00169,15.50512],[108.00259,15.50289],[108.00266,15.50141],[108.00341,15.50059],[108.00303,15.49882],[108.00218,15.49761],[108.00397,15.49623],[108.0029,15.49415],[108.00156,15.49434],[107.99977,15.4936],[107.99867,15.49252],[107.9958,15.49224],[107.99321,15.48913],[107.99267,15.48699],[107.99116,15.48622],[107.98876,15.48604],[107.99082,15.48074],[107.9914,15.47622],[107.99221,15.47497],[107.99158,15.47283],[107.99132,15.47036],[107.99335,15.46857],[107.99492,15.46832],[107.99674,15.46666],[107.9981,15.46414],[107.9981,15.46295],[107.99941,15.46105],[108.00181,15.45937],[108.00356,15.4566],[108.0051,15.45535],[108.00549,15.45438],[108.00502,15.45263],[108.00538,15.45055],[108.00707,15.44898],[108.00796,15.44706],[108.00825,15.44445],[108.0127,15.4404],[108.01518,15.43887],[108.01561,15.43633],[108.01482,15.43025],[108.01628,15.42667],[108.018,15.42561],[108.019,15.42433],[108.02294,15.42305],[108.02303,15.42029],[108.02446,15.41791],[108.02567,15.4166],[108.02729,15.41636],[108.02851,15.41679],[108.03068,15.41576],[108.03093,15.41318],[108.03304,15.41077],[108.03489,15.40982],[108.03736,15.41004],[108.04042,15.40791],[108.04143,15.40628],[108.04525,15.40427],[108.04937,15.40452],[108.05233,15.40428],[108.05407,15.40478],[108.0563,15.40715],[108.05933,15.40641],[108.06331,15.40396],[108.06612,15.40144],[108.06756,15.3989],[108.07159,15.39537],[108.07393,15.39546],[108.07532,15.39513],[108.0771,15.39384],[108.07819,15.39453],[108.08099,15.39402],[108.08219,15.39285],[108.08451,15.39199],[108.08651,15.39214],[108.08784,15.3935],[108.08926,15.3941],[108.0904,15.39542],[108.09251,15.39658],[108.0932,15.39837],[108.09492,15.39921],[108.09554,15.40016],[108.09912,15.40211],[108.09762,15.40397],[108.09754,15.40536],[108.09605,15.40949],[108.09493,15.41057],[108.09577,15.41241],[108.09567,15.41585],[108.09661,15.4182],[108.09792,15.41878],[108.10102,15.41903],[108.1025,15.42129],[108.10323,15.42357],[108.10254,15.42543],[108.1045,15.42821],[108.1067,15.43036],[108.10785,15.43209],[108.11042,15.43299],[108.11231,15.43293],[108.11547,15.43418],[108.11651,15.43302],[108.11939,15.43138],[108.1206,15.42911],[108.12388,15.42773],[108.12465,15.42964],[108.1259,15.42972],[108.12893,15.43086],[108.13465,15.4343],[108.13355,15.43661],[108.13381,15.43883],[108.13498,15.43998],[108.13772,15.44041],[108.14279,15.44427],[108.14599,15.44781],[108.1478,15.44848],[108.14863,15.4502],[108.14811,15.4578],[108.14796,15.46256],[108.14815,15.4644],[108.14922,15.46716],[108.14993,15.47033],[108.15112,15.47284],[108.15108,15.47453],[108.14886,15.47674],[108.14698,15.47698],[108.14546,15.47789],[108.14479,15.47931],[108.14085,15.4835],[108.13887,15.48497],[108.13574,15.4864],[108.13324,15.48588],[108.13072,15.48431],[108.12884,15.48484],[108.12809,15.48644],[108.12642,15.48854],[108.12743,15.4911],[108.12913,15.49283],[108.13025,15.49335],[108.13278,15.498],[108.13262,15.50021],[108.13296,15.50153]]]},"properties":{"a01_tinh":"diaphanhanhchinhcaptinh_sn.132","a02_xa":"diaphanhanhchinhcapxa_2025.1955","a03_ten":"Xã Phước Trà","a04_tentinh":"Thành phố Đà Nẵng","a05_truocsn":"Xã Sông Trà, Xã Phước Gia, Xã Phước Trà","a06_trungtamhc":"Thôn Trà Sơn, xã Phước Trà","a07_dt":"196.22","a08_ds":"6933","a09_dthoai":null,"a10_web":null,"ten":"Xã Phước Trà","ma":"20770","tentinh":"Thành Phố Đà Nẵng","truocsapnhap":"Xã Sông Trà, Xã Phước Gia, Xã Phước Trà","dientichkm2":null,"dansonguoi":null},"id":"diaphanhanhchinhcapxa_2025.1955"},
{"type":"Feature","geometry":{"type":"Polygon","coordinates":[[[107.92837,15.73584],[107.92686,15.73629],[107.92305,15.73912],[107.9222,15.74006],[107.92082,15.73972],[107.92059,15.74125],[107.9195,15.74161],[107.91633,15.74117],[107.91569,15.74044],[107.9084,15.74075],[107.90603,15.74193],[107.90239,15.74319],[107.89925,15.74525],[107.89739,15.74593],[107.89649,15.74546],[107.89681,15.74412],[107.89492,15.7429],[107.89209,15.74277],[107.88909,15.74161],[107.88852,15.7409],[107.88573,15.73934],[107.88553,15.73762],[107.88618,15.73542],[107.88794,15.73249],[107.88715,15.73104],[107.8866,15.72861],[107.88501,15.72742],[107.88391,15.72574],[107.88493,15.72481],[107.885,15.72243],[107.88323,15.71858],[107.88375,15.71451],[107.88149,15.71376],[107.87863,15.71179],[107.87845,15.70731],[107.87967,15.70479],[107.87848,15.70327],[107.87656,15.70362],[107.87444,15.70257],[107.87196,15.70269],[107.87131,15.70202],[107.8704,15.6995],[107.86941,15.69819],[107.86644,15.69788],[107.86608,15.69605],[107.86432,15.69513],[107.8628,15.69608],[107.86111,15.69646],[107.86041,15.6956],[107.85842,15.69464],[107.8573,15.69354],[107.85554,15.69278],[107.85423,15.69122],[107.85341,15.68936],[107.84988,15.68812],[107.8462,15.68849],[107.84375,15.68796],[107.84192,15.6883],[107.84087,15.68782],[107.83863,15.68812],[107.83801,15.68771],[107.83866,15.6853],[107.8374,15.68267],[107.84248,15.67965],[107.84823,15.67359],[107.85167,15.66887],[107.85213,15.66654],[107.85349,15.66557],[107.85448,15.66387],[107.85436,15.662],[107.8553,15.66164],[107.85573,15.66029],[107.85815,15.65981],[107.86054,15.65807],[107.86172,15.65793],[107.86228,15.65648],[107.86375,15.65513],[107.86456,15.65296],[107.86626,15.65196],[107.86681,15.64964],[107.86851,15.64865],[107.87053,15.64918],[107.87241,15.64883],[107.87493,15.64904],[107.8749,15.64662],[107.87345,15.64523],[107.87346,15.64408],[107.87577,15.6421],[107.87858,15.64106],[107.87868,15.63796],[107.87738,15.6371],[107.87736,15.63575],[107.87828,15.63471],[107.88027,15.63354],[107.88236,15.63129],[107.88349,15.62879],[107.88349,15.62721],[107.88526,15.62398],[107.88544,15.62234],[107.8844,15.61954],[107.88283,15.61683],[107.88147,15.61561],[107.87979,15.61499],[107.87708,15.61045],[107.8751,15.60882],[107.87333,15.60924],[107.87159,15.60836],[107.87086,15.60737],[107.86957,15.60226],[107.87026,15.60022],[107.86976,15.59862],[107.86683,15.59775],[107.86499,15.59486],[107.86485,15.59208],[107.86632,15.59165],[107.86724,15.5907],[107.8673,15.58585],[107.86654,15.58505],[107.86799,15.58287],[107.8677,15.57958],[107.86574,15.57958],[107.86482,15.58036],[107.86144,15.58092],[107.86038,15.57988],[107.85838,15.57949],[107.85703,15.57814],[107.85441,15.57834],[107.85234,15.5752],[107.85357,15.57315],[107.85301,15.56952],[107.85408,15.56879],[107.85429,15.56754],[107.85317,15.56551],[107.85357,15.56408],[107.85496,15.56302],[107.85784,15.55967],[107.8598,15.55784],[107.85844,15.55658],[107.85639,15.55535],[107.8564,15.55422],[107.8542,15.55102],[107.85458,15.54869],[107.85666,15.54877],[107.85799,15.54742],[107.86034,15.54629],[107.86196,15.54492],[107.86156,15.54306],[107.86233,15.54005],[107.86464,15.53844],[107.86644,15.53894],[107.86871,15.53869],[107.87033,15.53803],[107.87178,15.53807],[107.87287,15.53889],[107.87303,15.54121],[107.87398,15.54163],[107.87645,15.54131],[107.87846,15.54276],[107.87771,15.54415],[107.87809,15.5453],[107.88046,15.54674],[107.88166,15.54679],[107.8834,15.54783],[107.88517,15.54781],[107.88718,15.54865],[107.8894,15.54732],[107.89345,15.54741],[107.89449,15.54787],[107.89674,15.54632],[107.90088,15.54511],[107.9017,15.54371],[107.90581,15.54014],[107.905,15.53793],[107.90504,15.53667],[107.90776,15.53949],[107.91008,15.53996],[107.91164,15.54224],[107.91315,15.54255],[107.91526,15.54174],[107.9161,15.54405],[107.91778,15.54528],[107.91819,15.54711],[107.91747,15.54798],[107.91637,15.55115],[107.91751,15.55225],[107.91958,15.55199],[107.91964,15.55504],[107.92284,15.55652],[107.92424,15.5568],[107.92509,15.55838],[107.93054,15.56058],[107.93221,15.56232],[107.93553,15.56256],[107.93737,15.5618],[107.93914,15.56166],[107.94115,15.56275],[107.94432,15.56374],[107.94683,15.5629],[107.94824,15.56291],[107.94996,15.56386],[107.95312,15.5645],[107.95581,15.56461],[107.96004,15.56362],[107.96223,15.56582],[107.96569,15.56793],[107.96689,15.56796],[107.97239,15.57203],[107.97435,15.57411],[107.97579,15.57717],[107.97825,15.57989],[107.9788,15.58114],[107.9785,15.5826],[107.9812,15.58681],[107.98354,15.58805],[107.98398,15.58897],[107.98671,15.58981],[107.98944,15.59204],[107.99149,15.59308],[107.99372,15.59314],[107.99445,15.59455],[107.99572,15.59501],[107.99782,15.59733],[107.9983,15.59891],[108.00157,15.60105],[108.00473,15.60355],[108.00579,15.60626],[108.00874,15.60622],[108.01219,15.6075],[108.01378,15.60845],[108.01663,15.60786],[108.02296,15.61131],[108.0246,15.61293],[108.02478,15.61435],[108.026,15.61684],[108.0323,15.61552],[108.03246,15.61668],[108.03479,15.61774],[108.03672,15.61912],[108.03865,15.61984],[108.04008,15.61974],[108.0417,15.6206],[108.04408,15.62088],[108.04502,15.62149],[108.047,15.62136],[108.0489,15.62068],[108.05084,15.62094],[108.05248,15.62417],[108.05583,15.62623],[108.0581,15.62667],[108.06112,15.62631],[108.06217,15.62751],[108.0642,15.62771],[108.06712,15.62899],[108.06942,15.62915],[108.07109,15.62882],[108.07191,15.63121],[108.07415,15.63143],[108.07734,15.63296],[108.07983,15.6356],[108.08203,15.63511],[108.08537,15.63509],[108.08703,15.63662],[108.08951,15.63721],[108.09144,15.6387],[108.09347,15.63914],[108.09493,15.64024],[108.09566,15.6423],[108.0937,15.64335],[108.09288,15.64449],[108.09345,15.64788],[108.09324,15.64868],[108.09455,15.65206],[108.09649,15.65333],[108.09808,15.65522],[108.09835,15.65721],[108.09749,15.65874],[108.09933,15.66054],[108.09974,15.66152],[108.0989,15.66457],[108.09799,15.66593],[108.09594,15.66689],[108.0944,15.66927],[108.0916,15.67054],[108.09015,15.67214],[108.08899,15.67262],[108.08772,15.67392],[108.08622,15.67449],[108.08548,15.67638],[108.0843,15.6769],[108.08036,15.68014],[108.07946,15.68234],[108.07828,15.6835],[108.07713,15.68346],[108.07489,15.68481],[108.07209,15.68534],[108.06926,15.68913],[108.06954,15.69053],[108.06771,15.69198],[108.06367,15.69261],[108.06074,15.69343],[108.05962,15.69327],[108.05828,15.69462],[108.0567,15.69507],[108.05651,15.6963],[108.05536,15.69742],[108.05253,15.69876],[108.05167,15.69989],[108.04936,15.70138],[108.04799,15.70109],[108.04683,15.70199],[108.04454,15.70131],[108.04351,15.70178],[108.04168,15.70122],[108.03804,15.70237],[108.03324,15.7024],[108.03152,15.70286],[108.02899,15.70172],[108.02753,15.70161],[108.02468,15.70233],[108.02245,15.70491],[108.0225,15.70645],[108.02202,15.7098],[108.02067,15.71187],[108.02007,15.71353],[108.01755,15.71649],[108.01542,15.71966],[108.01536,15.72121],[108.01433,15.72329],[108.01247,15.72545],[108.00951,15.72797],[108.00753,15.72921],[108.00646,15.73079],[108.00294,15.73308],[107.99986,15.73144],[107.99829,15.73174],[107.99576,15.72885],[107.99428,15.72782],[107.99117,15.72841],[107.98907,15.72825],[107.98685,15.72514],[107.98533,15.72524],[107.98335,15.72468],[107.9809,15.72514],[107.97704,15.72535],[107.97472,15.72491],[107.97233,15.72543],[107.96967,15.72508],[107.96807,15.72388],[107.96704,15.72095],[107.96358,15.71992],[107.96208,15.72146],[107.96068,15.724],[107.96076,15.72488],[107.95887,15.72516],[107.95758,15.72616],[107.95708,15.72765],[107.95571,15.72945],[107.95418,15.73032],[107.95125,15.72879],[107.95041,15.72752],[107.94848,15.72566],[107.94749,15.72527],[107.94441,15.7258],[107.94112,15.72594],[107.93899,15.72649],[107.93526,15.72807],[107.93291,15.72964],[107.92971,15.73021],[107.92904,15.73081],[107.9308,15.73231],[107.93089,15.73296],[107.92837,15.73584]]]},"properties":{"a01_tinh":"diaphanhanhchinhcaptinh_sn.132","a02_xa":"diaphanhanhchinhcapxa_2025.1951","a03_ten":"Xã Quế Phước","a04_tentinh":"Thành phố Đà Nẵng","a05_truocsn":"Xã Quế Lâm, Xã Phước Ninh, Xã Ninh Phước","a06_trungtamhc":"Thôn Bình Yên, xã Quế Phước","a07_dt":"359.11","a08_ds":"14162","a09_dthoai":null,"a10_web":null,"ten":"Xã Quế Phước","ma":"20669","tentinh":"Thành Phố Đà Nẵng","truocsapnhap":"Xã Quế Lâm, Xã Phước Ninh, Xã Ninh Phước","dientichkm2":null,"dansonguoi":null},"id":"diaphanhanhchinhcapxa_2025.1951"},
{"type":"Feature","geometry":{"type":"Polygon","coordinates":[[[108.24965,15.64918],[108.24788,15.65462],[108.24777,15.65644],[108.24711,15.6588],[108.24761,15.66036],[108.24659,15.66264],[108.24611,15.6649],[108.24351,15.66723],[108.24007,15.66832],[108.24101,15.66936],[108.24048,15.67012],[108.24115,15.67177],[108.23989,15.67173],[108.23997,15.67507],[108.24107,15.67706],[108.24206,15.67765],[108.24031,15.67966],[108.23726,15.68004],[108.2362,15.6824],[108.23719,15.68302],[108.23842,15.68487],[108.24031,15.68675],[108.23919,15.68772],[108.23815,15.68986],[108.2387,15.69251],[108.23851,15.69385],[108.23905,15.69499],[108.2389,15.69669],[108.23737,15.69888],[108.23819,15.70031],[108.23418,15.70264],[108.23309,15.70044],[108.22904,15.69988],[108.22815,15.70046],[108.2259,15.70005],[108.22394,15.69917],[108.22062,15.69934],[108.21921,15.70006],[108.21587,15.70062],[108.21344,15.70268],[108.21165,15.70195],[108.21096,15.70072],[108.20853,15.69956],[108.20668,15.70039],[108.20583,15.69943],[108.20263,15.69739],[108.19764,15.69952],[108.19484,15.70438],[108.19497,15.70583],[108.19424,15.70679],[108.19168,15.70852],[108.18965,15.709],[108.18878,15.70987],[108.18516,15.71111],[108.1833,15.71067],[108.18181,15.71144],[108.18075,15.71135],[108.18016,15.71243],[108.17838,15.71334],[108.17675,15.71341],[108.17463,15.7123],[108.17194,15.71369],[108.16993,15.71388],[108.16792,15.71459],[108.16693,15.71073],[108.1666,15.70849],[108.16741,15.70701],[108.16756,15.70545],[108.16696,15.70343],[108.1672,15.70246],[108.16426,15.69926],[108.16386,15.69764],[108.16254,15.6957],[108.16143,15.69549],[108.16099,15.69388],[108.15932,15.6912],[108.15872,15.68887],[108.15881,15.68726],[108.15786,15.68588],[108.15597,15.6859],[108.15324,15.68508],[108.15222,15.68231],[108.15094,15.68145],[108.14992,15.67884],[108.14995,15.67685],[108.14632,15.67239],[108.14594,15.67093],[108.14197,15.66687],[108.14052,15.66692],[108.13788,15.66576],[108.13612,15.663],[108.1347,15.66225],[108.134,15.65979],[108.13081,15.6588],[108.12996,15.65743],[108.12672,15.65474],[108.12188,15.64962],[108.12134,15.64792],[108.1196,15.64413],[108.12097,15.64269],[108.1255,15.64261],[108.12725,15.64303],[108.12804,15.6421],[108.13056,15.64051],[108.13104,15.63715],[108.13504,15.63443],[108.13713,15.63267],[108.13903,15.63177],[108.14063,15.62982],[108.14114,15.62821],[108.14212,15.62855],[108.14347,15.62802],[108.14595,15.62524],[108.14799,15.62614],[108.15025,15.62437],[108.15327,15.62301],[108.1543,15.62067],[108.15529,15.61979],[108.15998,15.6193],[108.1616,15.62259],[108.16391,15.62322],[108.16621,15.62261],[108.16915,15.62339],[108.17029,15.62328],[108.17192,15.62228],[108.17351,15.62043],[108.17716,15.61988],[108.17895,15.62171],[108.18236,15.62034],[108.1852,15.62082],[108.18752,15.6226],[108.19023,15.62284],[108.19187,15.6238],[108.19342,15.62345],[108.19421,15.62263],[108.19698,15.62216],[108.19698,15.62298],[108.19948,15.62205],[108.20293,15.62195],[108.20572,15.62161],[108.20633,15.62082],[108.2084,15.62138],[108.20869,15.62077],[108.21265,15.62165],[108.21439,15.62119],[108.21595,15.62253],[108.21762,15.62268],[108.22011,15.62288],[108.22285,15.62491],[108.2238,15.62519],[108.22481,15.62672],[108.22636,15.62612],[108.22716,15.62934],[108.22778,15.62975],[108.22894,15.63269],[108.23027,15.63413],[108.23385,15.63512],[108.235,15.63718],[108.23516,15.63838],[108.23618,15.63935],[108.23844,15.64014],[108.24062,15.64021],[108.23957,15.64188],[108.24066,15.64347],[108.23991,15.64488],[108.24147,15.64559],[108.24628,15.64532],[108.24904,15.64667],[108.24965,15.64918]]]},"properties":{"a01_tinh":"diaphanhanhchinhcaptinh_sn.132","a02_xa":"diaphanhanhchinhcapxa_2025.1957","a03_ten":"Xã Quế Sơn","a04_tentinh":"Thành phố Đà Nẵng","a05_truocsn":"Thị trấn Đông Phú, Xã Quế Minh, Xã Quế An, Xã Quế Long, Xã Quế Phong","a06_trungtamhc":"Số 02 đường Tôn Đức Thắng, xã Quế Sơn","a07_dt":"94.1","a08_ds":"34122","a09_dthoai":null,"a10_web":null,"ten":"Xã Quế Sơn","ma":"20641","tentinh":"Thành Phố Đà Nẵng","truocsapnhap":"Thị trấn Đông Phú, Xã Quế Minh, Xã Quế An, Xã Quế Long, Xã Quế Phong","dientichkm2":null,"dansonguoi":null},"id":"diaphanhanhchinhcapxa_2025.1957"},
{"type":"Feature","geometry":{"type":"Polygon","coordinates":[[[108.24965,15.64918],[108.26036,15.65493],[108.26153,15.65711],[108.2605,15.65788],[108.26031,15.65951],[108.26232,15.66075],[108.26235,15.66081],[108.26342,15.66202],[108.26508,15.66219],[108.26801,15.66665],[108.27152,15.66888],[108.27248,15.66998],[108.27562,15.67243],[108.2767,15.6737],[108.28033,15.67506],[108.28271,15.67704],[108.28377,15.67714],[108.28494,15.67952],[108.28738,15.68038],[108.28846,15.68195],[108.28743,15.68333],[108.28787,15.68518],[108.28716,15.68617],[108.28386,15.6841],[108.28269,15.6846],[108.27961,15.68486],[108.27957,15.68844],[108.27898,15.68938],[108.27641,15.68968],[108.2756,15.69158],[108.27609,15.69414],[108.27534,15.69748],[108.28125,15.70085],[108.28264,15.70098],[108.28534,15.70223],[108.28699,15.70256],[108.29245,15.70166],[108.29413,15.70062],[108.29666,15.70096],[108.2972,15.70233],[108.29836,15.70212],[108.29814,15.70086],[108.29891,15.69994],[108.29817,15.69821],[108.29961,15.69797],[108.30538,15.69512],[108.30717,15.69376],[108.30925,15.69547],[108.30952,15.6971],[108.31052,15.69819],[108.31236,15.69942],[108.3162,15.69929],[108.31784,15.70017],[108.31742,15.70138],[108.31814,15.70302],[108.31845,15.70598],[108.31966,15.70827],[108.31993,15.71108],[108.32105,15.71246],[108.3225,15.71313],[108.32425,15.71625],[108.3246,15.71976],[108.32353,15.7238],[108.32268,15.72498],[108.32264,15.72699],[108.32322,15.72786],[108.32305,15.72984],[108.32354,15.73128],[108.32459,15.73239],[108.32476,15.73345],[108.32601,15.73437],[108.32633,15.7369],[108.32762,15.73735],[108.3288,15.7386],[108.32877,15.74071],[108.33071,15.744],[108.33104,15.74518],[108.33021,15.74834],[108.33104,15.74996],[108.33394,15.75344],[108.3355,15.75709],[108.33637,15.75986],[108.33606,15.76132],[108.33636,15.76385],[108.33613,15.76563],[108.33541,15.7676],[108.33264,15.77121],[108.33199,15.77301],[108.32907,15.77258],[108.32579,15.77312],[108.32343,15.77143],[108.32294,15.76998],[108.32188,15.76939],[108.31948,15.76723],[108.31816,15.76794],[108.31676,15.76789],[108.31213,15.76614],[108.31142,15.76681],[108.30839,15.76692],[108.30736,15.76739],[108.29406,15.76148],[108.28976,15.75935],[108.29159,15.7572],[108.28991,15.75544],[108.28834,15.75476],[108.28489,15.75481],[108.28407,15.75543],[108.28088,15.75511],[108.27781,15.75418],[108.27598,15.75395],[108.2737,15.75277],[108.27215,15.75284],[108.26948,15.7539],[108.26809,15.75803],[108.26244,15.76405],[108.26103,15.76583],[108.26103,15.76431],[108.25982,15.76305],[108.25846,15.76304],[108.25579,15.76158],[108.25423,15.75953],[108.25276,15.75869],[108.25245,15.757],[108.25042,15.7553],[108.24948,15.75551],[108.24601,15.75424],[108.24479,15.75523],[108.24308,15.75424],[108.24311,15.75349],[108.24092,15.75294],[108.23512,15.74856],[108.23263,15.74708],[108.23239,15.74647],[108.22868,15.7433],[108.22774,15.74377],[108.22644,15.74293],[108.22337,15.73986],[108.22254,15.73991],[108.21963,15.73878],[108.217,15.73819],[108.21262,15.73922],[108.21082,15.73846],[108.2093,15.73921],[108.20813,15.74092],[108.20804,15.74204],[108.2054,15.74403],[108.20329,15.74623],[108.20036,15.74688],[108.19862,15.74673],[108.19708,15.74737],[108.19493,15.74675],[108.19266,15.74445],[108.19272,15.74147],[108.19312,15.73895],[108.19268,15.73795],[108.19047,15.73727],[108.18969,15.73538],[108.18784,15.73398],[108.18351,15.73384],[108.1835,15.73547],[108.18222,15.73625],[108.18035,15.73576],[108.17993,15.7349],[108.17779,15.73349],[108.17613,15.73183],[108.17541,15.73169],[108.17399,15.72925],[108.17207,15.72669],[108.17139,15.72377],[108.17171,15.72235],[108.17097,15.72067],[108.16925,15.71955],[108.16934,15.71783],[108.16821,15.71646],[108.16792,15.71459],[108.16993,15.71388],[108.17194,15.71369],[108.17463,15.7123],[108.17675,15.71341],[108.17838,15.71334],[108.18016,15.71243],[108.18075,15.71135],[108.18181,15.71144],[108.1833,15.71067],[108.18516,15.71111],[108.18878,15.70987],[108.18965,15.709],[108.19168,15.70852],[108.19424,15.70679],[108.19497,15.70583],[108.19484,15.70438],[108.19764,15.69952],[108.20263,15.69739],[108.20583,15.69943],[108.20668,15.70039],[108.20853,15.69956],[108.21096,15.70072],[108.21165,15.70195],[108.21344,15.70268],[108.21587,15.70062],[108.21921,15.70006],[108.22062,15.69934],[108.22394,15.69917],[108.2259,15.70005],[108.22815,15.70046],[108.22904,15.69988],[108.23309,15.70044],[108.23418,15.70264],[108.23819,15.70031],[108.23737,15.69888],[108.2389,15.69669],[108.23905,15.69499],[108.23851,15.69385],[108.2387,15.69251],[108.23815,15.68986],[108.23919,15.68772],[108.24031,15.68675],[108.23842,15.68487],[108.23719,15.68302],[108.2362,15.6824],[108.23726,15.68004],[108.24031,15.67966],[108.24206,15.67765],[108.24107,15.67706],[108.23997,15.67507],[108.23989,15.67173],[108.24115,15.67177],[108.24048,15.67012],[108.24101,15.66936],[108.24007,15.66832],[108.24351,15.66723],[108.24611,15.6649],[108.24659,15.66264],[108.24761,15.66036],[108.24711,15.6588],[108.24777,15.65644],[108.24788,15.65462],[108.24965,15.64918]]]},"properties":{"a01_tinh":"diaphanhanhchinhcaptinh_sn.132","a02_xa":"diaphanhanhchinhcapxa_2025.1932","a03_ten":"Xã Quế Sơn Trung","a04_tentinh":"Thành phố Đà Nẵng","a05_truocsn":"Xã Quế Mỹ, Xã Quế Hiệp, Xã Quế Thuận, Xã Quế Châu","a06_trungtamhc":"Thôn Phước Dương, xã Quế Sơn Trung","a07_dt":"111.37","a08_ds":"333","a09_dthoai":null,"a10_web":null,"ten":"Xã Quế Sơn Trung","ma":"20662","tentinh":"Thành Phố Đà Nẵng","truocsapnhap":"Xã Quế Mỹ, Xã Quế Hiệp, Xã Quế Thuận, Xã Quế Châu","dientichkm2":null,"dansonguoi":null},"id":"diaphanhanhchinhcapxa_2025.1932"},
{"type":"Feature","geometry":{"type":"Polygon","coordinates":[[[108.32266,15.58571],[108.32104,15.5853],[108.31508,15.58596],[108.3124,15.58858],[108.30945,15.58874],[108.30762,15.58735],[108.30474,15.5862],[108.30283,15.5839],[108.30131,15.58334],[108.29968,15.58378],[108.29845,15.58503],[108.29604,15.58633],[108.29503,15.58801],[108.29541,15.59172],[108.29613,15.59376],[108.29607,15.5961],[108.29474,15.59937],[108.29478,15.60239],[108.29364,15.60366],[108.29234,15.60377],[108.28715,15.60233],[108.28487,15.60216],[108.28238,15.60245],[108.28067,15.6015],[108.27852,15.60115],[108.27733,15.59867],[108.27307,15.5981],[108.27194,15.5967],[108.26942,15.59593],[108.26885,15.59501],[108.26653,15.59384],[108.26496,15.59342],[108.26355,15.59204],[108.26279,15.59211],[108.26106,15.59094],[108.25829,15.59127],[108.25482,15.59032],[108.25296,15.59029],[108.25028,15.58907],[108.24599,15.5882],[108.24425,15.58729],[108.24129,15.58378],[108.2395,15.58333],[108.23739,15.58208],[108.23623,15.58049],[108.2362,15.57742],[108.23276,15.57823],[108.23033,15.57692],[108.22833,15.5745],[108.22488,15.57332],[108.22391,15.57231],[108.22137,15.57201],[108.21827,15.57304],[108.21747,15.5709],[108.21751,15.56887],[108.21665,15.56607],[108.21711,15.5651],[108.21961,15.5654],[108.21991,15.5635],[108.22187,15.56267],[108.22028,15.56137],[108.21931,15.56193],[108.21796,15.56102],[108.21646,15.56148],[108.21505,15.56014],[108.21244,15.55931],[108.21198,15.55811],[108.21051,15.55743],[108.20799,15.55769],[108.20601,15.55608],[108.20433,15.55419],[108.20704,15.55147],[108.20477,15.54946],[108.20483,15.54816],[108.20612,15.54752],[108.20535,15.54645],[108.2055,15.54474],[108.20307,15.5447],[108.20167,15.54348],[108.20173,15.54032],[108.20348,15.53828],[108.20371,15.53595],[108.20337,15.53481],[108.20224,15.5347],[108.20124,15.53364],[108.20232,15.53196],[108.20451,15.53098],[108.20486,15.52908],[108.20672,15.52879],[108.20833,15.53075],[108.20925,15.52945],[108.2085,15.52845],[108.20952,15.52605],[108.21082,15.52753],[108.21266,15.52611],[108.21242,15.52396],[108.21363,15.52263],[108.21324,15.52196],[108.21535,15.51604],[108.21591,15.51374],[108.21623,15.51079],[108.21483,15.50769],[108.21522,15.50574],[108.21586,15.50524],[108.21818,15.50142],[108.21726,15.49933],[108.21784,15.49815],[108.21905,15.4977],[108.22121,15.49572],[108.22469,15.49387],[108.22632,15.49356],[108.22765,15.49253],[108.22877,15.49241],[108.22969,15.49355],[108.23144,15.49372],[108.2341,15.49274],[108.23532,15.49105],[108.23811,15.49012],[108.23847,15.4886],[108.24056,15.48717],[108.24124,15.48549],[108.2415,15.4834],[108.24398,15.48407],[108.24717,15.4812],[108.24733,15.47909],[108.24787,15.47769],[108.24911,15.47653],[108.25102,15.47598],[108.2529,15.47446],[108.25516,15.4744],[108.25823,15.4731],[108.25939,15.47196],[108.26254,15.47368],[108.26432,15.47524],[108.26586,15.47514],[108.26779,15.47673],[108.27,15.4767],[108.27141,15.47794],[108.27392,15.47745],[108.27709,15.47797],[108.2765,15.4812],[108.2758,15.48171],[108.27509,15.48384],[108.27473,15.48681],[108.275,15.48745],[108.2741,15.48924],[108.27256,15.49093],[108.27673,15.49276],[108.27998,15.49513],[108.28178,15.49583],[108.28349,15.49508],[108.28475,15.49506],[108.28639,15.49427],[108.28658,15.49636],[108.28842,15.49687],[108.291,15.4963],[108.29059,15.49978],[108.29177,15.50195],[108.29175,15.50378],[108.29236,15.50478],[108.29491,15.50427],[108.29624,15.50444],[108.29767,15.50551],[108.30007,15.50523],[108.30193,15.50638],[108.30336,15.50556],[108.30645,15.50602],[108.30766,15.50843],[108.30637,15.50921],[108.30566,15.51083],[108.30331,15.51232],[108.3023,15.51354],[108.30206,15.51652],[108.30142,15.51799],[108.30317,15.51954],[108.30333,15.52113],[108.30243,15.52214],[108.30202,15.52447],[108.30382,15.52572],[108.30475,15.52782],[108.30453,15.52901],[108.30314,15.52919],[108.30298,15.53279],[108.30257,15.5336],[108.30555,15.53537],[108.30574,15.53618],[108.30737,15.53755],[108.30827,15.53978],[108.30909,15.54084],[108.31189,15.54179],[108.3139,15.54377],[108.31668,15.54438],[108.31812,15.54537],[108.3208,15.54634],[108.31986,15.5489],[108.3217,15.5508],[108.32305,15.55281],[108.32332,15.55697],[108.32254,15.5617],[108.3218,15.56321],[108.31974,15.56421],[108.31927,15.56545],[108.31769,15.56675],[108.31913,15.56738],[108.32096,15.56707],[108.3231,15.56983],[108.32406,15.57021],[108.32492,15.57155],[108.32876,15.57465],[108.33026,15.577],[108.32831,15.57958],[108.32802,15.58146],[108.32696,15.58205],[108.3254,15.58198],[108.32446,15.58286],[108.32428,15.58505],[108.32266,15.58571]]]},"properties":{"a01_tinh":"diaphanhanhchinhcaptinh_sn.132","a02_xa":"diaphanhanhchinhcapxa_2025.1959","a03_ten":"Xã Sơn Cẩm Hà","a04_tentinh":"Thành phố Đà Nẵng","a05_truocsn":"Xã Tiên Sơn, Xã Tiên Hà, Xã Tiên Châu","a06_trungtamhc":"Thôn Cẩm Tây, xã Sơn Cẩm Hà","a07_dt":"118.75","a08_ds":"17608","a09_dthoai":null,"a10_web":null,"ten":"Xã Sơn Cẩm Hà","ma":"20857","tentinh":"Thành Phố Đà Nẵng","truocsapnhap":"Xã Tiên Sơn, Xã Tiên Hà, Xã Tiên Châu","dientichkm2":null,"dansonguoi":null},"id":"diaphanhanhchinhcapxa_2025.1959"},
{"type":"Feature","geometry":{"type":"Polygon","coordinates":[[[107.81627,16.05404],[107.81565,16.05325],[107.81284,16.05275],[107.8085,16.05318],[107.80583,16.05516],[107.80465,16.05682],[107.80264,16.05812],[107.80112,16.06073],[107.79634,16.06243],[107.79355,16.06283],[107.79312,16.06412],[107.79068,16.06565],[107.78886,16.06774],[107.78708,16.06792],[107.78526,16.06626],[107.78294,16.06474],[107.78155,16.06237],[107.77888,16.06345],[107.77865,16.0644],[107.77692,16.06552],[107.77523,16.0646],[107.77553,16.0633],[107.77517,16.06007],[107.77446,16.05876],[107.77185,16.05688],[107.77074,16.05573],[107.77008,16.0519],[107.76946,16.05116],[107.76706,16.05149],[107.76504,16.05036],[107.76147,16.04949],[107.75938,16.04706],[107.75729,16.04341],[107.75636,16.04324],[107.75448,16.04401],[107.75343,16.04292],[107.74972,16.04299],[107.74776,16.04267],[107.7438,16.04154],[107.74329,16.04043],[107.74087,16.03881],[107.73898,16.03858],[107.7357,16.03648],[107.73367,16.03594],[107.73042,16.0329],[107.73014,16.03176],[107.72825,16.0308],[107.72681,16.03061],[107.72564,16.02748],[107.72586,16.02614],[107.72766,16.0242],[107.72815,16.02199],[107.72785,16.02088],[107.72819,16.01871],[107.72683,16.01672],[107.72649,16.01544],[107.7273,16.01328],[107.72524,16.0099],[107.72459,16.00816],[107.7253,16.00564],[107.72631,16.00428],[107.72655,16.00238],[107.72739,16.00047],[107.72779,15.99839],[107.73069,15.9966],[107.7318,15.99668],[107.73531,15.9946],[107.73713,15.99385],[107.73756,15.99252],[107.73896,15.99041],[107.73878,15.98958],[107.73635,15.98762],[107.7354,15.98541],[107.73298,15.98638],[107.73198,15.98627],[107.72943,15.98507],[107.72787,15.98184],[107.72718,15.98139],[107.72616,15.97822],[107.72447,15.97813],[107.72233,15.97744],[107.71686,15.97462],[107.71968,15.9696],[107.71845,15.96751],[107.71751,15.96514],[107.71628,15.96508],[107.71499,15.96415],[107.71483,15.96292],[107.71319,15.96219],[107.71239,15.96007],[107.71052,15.95784],[107.70966,15.95606],[107.7096,15.95397],[107.70882,15.95342],[107.70927,15.95122],[107.70918,15.94931],[107.70962,15.94777],[107.71134,15.94612],[107.71208,15.94286],[107.7122,15.94084],[107.71054,15.93837],[107.71032,15.93739],[107.71157,15.93419],[107.71136,15.93269],[107.71181,15.9304],[107.71348,15.92971],[107.71623,15.92686],[107.71898,15.92437],[107.71783,15.92008],[107.71544,15.91751],[107.71661,15.91403],[107.7174,15.91324],[107.71728,15.90992],[107.71785,15.9082],[107.71789,15.90539],[107.71915,15.90381],[107.72037,15.9043],[107.72198,15.90577],[107.72403,15.90559],[107.72504,15.90618],[107.72874,15.90688],[107.73201,15.90523],[107.73279,15.90557],[107.73387,15.90353],[107.73547,15.90365],[107.73731,15.90306],[107.73913,15.90195],[107.74091,15.90168],[107.74506,15.89904],[107.74709,15.89842],[107.74808,15.89655],[107.74713,15.89538],[107.74774,15.8935],[107.7488,15.89273],[107.75046,15.88984],[107.75152,15.889],[107.7522,15.88669],[107.75297,15.88661],[107.75464,15.88766],[107.75661,15.8873],[107.75861,15.88935],[107.76149,15.88815],[107.76356,15.8896],[107.76527,15.89247],[107.76742,15.89479],[107.76944,15.89626],[107.77056,15.89649],[107.77133,15.89768],[107.77407,15.898],[107.77663,15.89922],[107.77864,15.89914],[107.77996,15.90084],[107.78159,15.90219],[107.78381,15.90283],[107.78655,15.90231],[107.78792,15.90336],[107.79072,15.90276],[107.79224,15.904],[107.79328,15.90592],[107.79297,15.90776],[107.79465,15.90924],[107.7957,15.90917],[107.79751,15.90801],[107.80033,15.9077],[107.80291,15.91063],[107.80377,15.91238],[107.80861,15.91591],[107.81414,15.91759],[107.81564,15.91866],[107.81741,15.91913],[107.81833,15.92104],[107.82011,15.92337],[107.81986,15.92508],[107.82148,15.92621],[107.82333,15.93091],[107.82321,15.93259],[107.82458,15.93344],[107.82672,15.93333],[107.82802,15.93457],[107.83136,15.93565],[107.83227,15.93511],[107.8344,15.93492],[107.8363,15.93537],[107.83808,15.93641],[107.83883,15.93774],[107.83982,15.93797],[107.84303,15.93727],[107.84576,15.93585],[107.84637,15.93633],[107.84952,15.93536],[107.85247,15.9342],[107.85392,15.93549],[107.85546,15.93577],[107.85802,15.93704],[107.86067,15.93717],[107.86529,15.93456],[107.86736,15.93527],[107.8678,15.93851],[107.86689,15.94053],[107.86782,15.94169],[107.86556,15.94406],[107.8647,15.94705],[107.86463,15.94872],[107.86377,15.95302],[107.86151,15.95421],[107.86032,15.95673],[107.85929,15.9582],[107.85717,15.95776],[107.85523,15.95814],[107.85711,15.95989],[107.85812,15.96291],[107.85624,15.96529],[107.85562,15.96724],[107.85597,15.9706],[107.85851,15.97258],[107.85884,15.9749],[107.85819,15.97614],[107.8569,15.97703],[107.85685,15.97803],[107.85501,15.97978],[107.85519,15.98112],[107.85777,15.98367],[107.85974,15.98871],[107.86005,15.9944],[107.85826,15.99512],[107.85529,15.99787],[107.85417,15.99939],[107.85355,16.00238],[107.85347,16.00507],[107.85405,16.00811],[107.85206,16.00836],[107.85057,16.00783],[107.84701,16.00826],[107.84367,16.0109],[107.84206,16.01319],[107.84203,16.01503],[107.83853,16.01741],[107.83736,16.01967],[107.83461,16.02175],[107.83144,16.02286],[107.82986,16.02563],[107.82994,16.02741],[107.82837,16.03141],[107.82805,16.0341],[107.82884,16.03639],[107.82753,16.03887],[107.82254,16.03923],[107.81928,16.03895],[107.81953,16.04051],[107.81894,16.04598],[107.8186,16.0473],[107.81745,16.04883],[107.81725,16.0514],[107.81627,16.05404]]]},"properties":{"a01_tinh":"diaphanhanhchinhcaptinh_sn.132","a02_xa":"diaphanhanhchinhcapxa_2025.1921","a03_ten":"Xã Sông Kôn","a04_tentinh":"Thành phố Đà Nẵng","a05_truocsn":"Xã A Ting, Xã Jơ Ngây, Xã Sông Kôn","a06_trungtamhc":"Thôn Ra Lang, xã Sông Kôn","a07_dt":"212.94","a08_ds":"8746","a09_dthoai":null,"a10_web":null,"ten":"Xã Sông Kôn","ma":"20476","tentinh":"Thành Phố Đà Nẵng","truocsapnhap":"Xã A Ting, Xã Jơ Ngây, Xã Sông Kôn","dientichkm2":null,"dansonguoi":null},"id":"diaphanhanhchinhcapxa_2025.1921"},
{"type":"Feature","geometry":{"type":"Polygon","coordinates":[[[107.96109,16.06437],[107.9584,16.06464],[107.95402,16.06337],[107.95107,16.06201],[107.94812,16.06121],[107.9433,16.0593],[107.94272,16.05872],[107.94043,16.05803],[107.93824,16.05689],[107.93764,16.05614],[107.93382,16.05455],[107.93265,16.05343],[107.92976,16.05181],[107.92756,16.05095],[107.92133,16.04758],[107.92011,16.04644],[107.91776,16.04616],[107.91303,16.04306],[107.90576,16.03667],[107.90148,16.03359],[107.90076,16.03531],[107.89856,16.03656],[107.89731,16.03907],[107.8931,16.04014],[107.8937,16.04186],[107.89275,16.04347],[107.8922,16.04595],[107.89218,16.04768],[107.88976,16.04754],[107.88782,16.04818],[107.88614,16.04727],[107.88328,16.04878],[107.88082,16.05153],[107.8789,16.0515],[107.87792,16.05197],[107.87563,16.05173],[107.87176,16.05401],[107.87076,16.05504],[107.86965,16.05717],[107.86844,16.05758],[107.86745,16.05929],[107.86558,16.05887],[107.86274,16.06192],[107.86084,16.06108],[107.85622,16.0604],[107.85237,16.06135],[107.85017,16.0589],[107.84881,16.05905],[107.84792,16.06025],[107.84613,16.06036],[107.84391,16.06104],[107.84205,16.06028],[107.83993,16.0604],[107.83823,16.0589],[107.83617,16.05832],[107.83384,16.05705],[107.8334,16.05517],[107.83183,16.05449],[107.82818,16.05522],[107.82535,16.05529],[107.82474,16.0558],[107.82223,16.05596],[107.81862,16.05565],[107.81674,16.05524],[107.81627,16.05404],[107.81725,16.0514],[107.81745,16.04883],[107.8186,16.0473],[107.81894,16.04598],[107.81953,16.04051],[107.81928,16.03895],[107.82254,16.03923],[107.82753,16.03887],[107.82884,16.03639],[107.82805,16.0341],[107.82837,16.03141],[107.82994,16.02741],[107.82986,16.02563],[107.83144,16.02286],[107.83461,16.02175],[107.83736,16.01967],[107.83853,16.01741],[107.84203,16.01503],[107.84206,16.01319],[107.84367,16.0109],[107.84701,16.00826],[107.85057,16.00783],[107.85206,16.00836],[107.85405,16.00811],[107.85347,16.00507],[107.85355,16.00238],[107.85417,15.99939],[107.85529,15.99787],[107.85826,15.99512],[107.86005,15.9944],[107.85974,15.98871],[107.85777,15.98367],[107.85519,15.98112],[107.85501,15.97978],[107.85685,15.97803],[107.8569,15.97703],[107.85819,15.97614],[107.85884,15.9749],[107.85851,15.97258],[107.85597,15.9706],[107.85562,15.96724],[107.85624,15.96529],[107.85812,15.96291],[107.85711,15.95989],[107.85523,15.95814],[107.85717,15.95776],[107.85929,15.9582],[107.86032,15.95673],[107.86151,15.95421],[107.86377,15.95302],[107.86463,15.94872],[107.8647,15.94705],[107.86556,15.94406],[107.86782,15.94169],[107.86689,15.94053],[107.8678,15.93851],[107.86736,15.93527],[107.86779,15.93291],[107.86894,15.93199],[107.87158,15.93136],[107.87682,15.93056],[107.87814,15.93158],[107.87998,15.93173],[107.88034,15.93048],[107.88511,15.93075],[107.88782,15.9284],[107.8894,15.92785],[107.88942,15.9271],[107.89112,15.9242],[107.89256,15.92395],[107.89368,15.92197],[107.89547,15.92099],[107.89605,15.91923],[107.89712,15.91812],[107.89904,15.91749],[107.89974,15.91646],[107.90366,15.91484],[107.90588,15.9144],[107.91106,15.91235],[107.91252,15.91105],[107.91373,15.91067],[107.91732,15.91106],[107.91993,15.91239],[107.92168,15.91274],[107.92576,15.91148],[107.92844,15.91218],[107.93052,15.91312],[107.9309,15.91582],[107.93242,15.91644],[107.93161,15.91891],[107.93247,15.91975],[107.93218,15.92279],[107.93445,15.9215],[107.93731,15.92069],[107.94002,15.91801],[107.94095,15.91891],[107.94261,15.91851],[107.94299,15.91921],[107.94621,15.92014],[107.94772,15.92021],[107.95176,15.92208],[107.95374,15.92253],[107.95611,15.92192],[107.95909,15.92219],[107.96063,15.92196],[107.96482,15.92436],[107.96633,15.92468],[107.96701,15.92605],[107.96837,15.92589],[107.9709,15.92425],[107.97227,15.92138],[107.9763,15.9191],[107.97905,15.91913],[107.98093,15.91819],[107.98407,15.9193],[107.98167,15.91995],[107.976,15.92536],[107.97194,15.92841],[107.96397,15.9337],[107.96118,15.93671],[107.95937,15.93975],[107.95717,15.9419],[107.95482,15.9425],[107.95191,15.94734],[107.94941,15.94869],[107.94927,15.95026],[107.9508,15.95131],[107.95264,15.95714],[107.95321,15.9578],[107.9558,15.95845],[107.9563,15.96422],[107.95508,15.96572],[107.95687,15.96885],[107.95834,15.96909],[107.95897,15.9702],[107.96052,15.97059],[107.96221,15.973],[107.96359,15.97344],[107.96645,15.97588],[107.96963,15.97791],[107.97153,15.97874],[107.97226,15.98033],[107.9743,15.98333],[107.97641,15.98554],[107.97853,15.98614],[107.97895,15.98753],[107.98017,15.98764],[107.98104,15.98869],[107.98056,15.99129],[107.98053,15.99351],[107.98116,15.99569],[107.98187,15.99667],[107.98078,15.99961],[107.98134,16.00184],[107.9823,16.00301],[107.9822,16.00485],[107.98134,16.00579],[107.98283,16.00907],[107.9835,16.0119],[107.97975,16.01275],[107.97777,16.01392],[107.97555,16.01644],[107.97458,16.0168],[107.97302,16.01849],[107.9712,16.0191],[107.97002,16.02013],[107.97009,16.02242],[107.96933,16.02402],[107.96985,16.02581],[107.96845,16.02805],[107.96587,16.0291],[107.96499,16.03048],[107.96358,16.03146],[107.96118,16.03236],[107.95983,16.03589],[107.95806,16.03691],[107.9585,16.0416],[107.95818,16.04592],[107.9585,16.04852],[107.9594,16.04991],[107.96003,16.05228],[107.96071,16.0532],[107.96077,16.05573],[107.96156,16.05998],[107.96077,16.06208],[107.96109,16.06437]]]},"properties":{"a01_tinh":"diaphanhanhchinhcaptinh_sn.132","a02_xa":"diaphanhanhchinhcapxa_2025.1924","a03_ten":"Xã Sông Vàng","a04_tentinh":"Thành phố Đà Nẵng","a05_truocsn":"Xã Tư, Xã Ba","a06_trungtamhc":"Thôn Ban Mai, Xã Sông Vàng","a07_dt":"183.63","a08_ds":"7024","a09_dthoai":null,"a10_web":null,"ten":"Xã Sông Vàng","ma":"20485","tentinh":"Thành Phố Đà Nẵng","truocsapnhap":"Xã Tư, Xã Ba","dientichkm2":null,"dansonguoi":null},"id":"diaphanhanhchinhcapxa_2025.1924"},
{"type":"Feature","geometry":{"type":"Polygon","coordinates":[[[108.60417,15.52997],[108.59628,15.52445],[108.59769,15.52212],[108.59623,15.52033],[108.59484,15.51772],[108.59353,15.51702],[108.59161,15.51744],[108.59026,15.5184],[108.58974,15.52087],[108.58877,15.5224],[108.58612,15.52447],[108.57745,15.5302],[108.57561,15.53125],[108.57185,15.53242],[108.57141,15.53158],[108.56934,15.52957],[108.56615,15.5284],[108.56407,15.528],[108.56047,15.52823],[108.55825,15.5276],[108.55415,15.52436],[108.55002,15.52346],[108.5481,15.52355],[108.54495,15.52476],[108.5433,15.5244],[108.54259,15.52368],[108.54236,15.52191],[108.54348,15.5177],[108.54365,15.5161],[108.5431,15.51468],[108.54205,15.51374],[108.54006,15.51423],[108.54003,15.51292],[108.53814,15.51178],[108.53868,15.50951],[108.53724,15.50935],[108.53637,15.50842],[108.53612,15.50706],[108.53806,15.50368],[108.53777,15.50301],[108.53906,15.50115],[108.53832,15.49897],[108.53754,15.49808],[108.53909,15.49694],[108.53807,15.49539],[108.53538,15.49369],[108.53515,15.49247],[108.53584,15.491],[108.5341,15.48889],[108.53303,15.48621],[108.53273,15.48341],[108.53491,15.48223],[108.53729,15.48198],[108.5382,15.48019],[108.53687,15.47802],[108.53621,15.47617],[108.5364,15.4747],[108.53792,15.47284],[108.54054,15.47195],[108.54287,15.47244],[108.54596,15.46914],[108.55019,15.46718],[108.55178,15.46409],[108.55438,15.46215],[108.55479,15.46126],[108.55659,15.45981],[108.5589,15.45674],[108.56021,15.45617],[108.56163,15.45481],[108.56211,15.45271],[108.56409,15.44997],[108.56597,15.44845],[108.56744,15.4467],[108.56996,15.44474],[108.5707,15.44488],[108.57336,15.44222],[108.57506,15.4398],[108.57753,15.43712],[108.57894,15.43659],[108.5794,15.43535],[108.58149,15.43657],[108.58186,15.43528],[108.58293,15.43458],[108.58371,15.43611],[108.58415,15.43818],[108.58551,15.43996],[108.58541,15.44233],[108.58645,15.44388],[108.58764,15.4442],[108.58701,15.44592],[108.58767,15.44701],[108.59045,15.44814],[108.59267,15.45158],[108.59302,15.4535],[108.59454,15.45474],[108.59428,15.45611],[108.59601,15.45623],[108.59588,15.45488],[108.59694,15.45471],[108.59749,15.45587],[108.59602,15.45771],[108.59781,15.45818],[108.59928,15.45573],[108.60159,15.45624],[108.60102,15.45776],[108.60163,15.45945],[108.60109,15.46013],[108.59903,15.46011],[108.59788,15.46145],[108.59849,15.46333],[108.59984,15.46453],[108.60005,15.46576],[108.60113,15.46702],[108.60298,15.46822],[108.60516,15.46849],[108.6057,15.46942],[108.60521,15.47117],[108.60421,15.472],[108.60214,15.47279],[108.60152,15.47376],[108.603,15.47454],[108.6047,15.47654],[108.60537,15.47985],[108.60651,15.48178],[108.60877,15.48366],[108.61066,15.48439],[108.61345,15.48347],[108.61597,15.48036],[108.61804,15.47871],[108.61994,15.47858],[108.62533,15.47947],[108.62784,15.47946],[108.62765,15.48137],[108.62951,15.48522],[108.631,15.48742],[108.63404,15.48689],[108.63533,15.49254],[108.63714,15.4969],[108.63975,15.50195],[108.63305,15.50478],[108.62762,15.50794],[108.6215,15.51204],[108.61431,15.51817],[108.60829,15.5253],[108.60641,15.5272],[108.60417,15.52997]]]},"properties":{"a01_tinh":"diaphanhanhchinhcaptinh_sn.132","a02_xa":"diaphanhanhchinhcapxa_2025.1977","a03_ten":"Xã Tam Anh","a04_tentinh":"Thành phố Đà Nẵng","a05_truocsn":"Xã Tam Hòa, Xã Tam Anh Bắc, Xã Tam Anh Nam","a06_trungtamhc":"Thôn Nam Định, xã Tam Anh","a07_dt":"68.84","a08_ds":"31026","a09_dthoai":null,"a10_web":null,"ten":"Xã Tam Anh","ma":"20984","tentinh":"Thành Phố Đà Nẵng","truocsapnhap":"Xã Tam Hòa, Xã Tam Anh Bắc, Xã Tam Anh Nam","dientichkm2":null,"dansonguoi":null},"id":"diaphanhanhchinhcapxa_2025.1977"},
{"type":"Feature","geometry":{"type":"MultiPolygon","coordinates":[[[[108.68953,15.50063],[108.68874,15.5011],[108.68731,15.50008],[108.68841,15.4993],[108.68953,15.50063]]],[[[108.68059,15.48205],[108.67776,15.48108],[108.67539,15.4847],[108.67359,15.48917],[108.67335,15.4916],[108.67435,15.49605],[108.67695,15.50316],[108.67903,15.50597],[108.68156,15.50498],[108.6824,15.506],[108.68116,15.50898],[108.67994,15.50905],[108.67918,15.51141],[108.67656,15.51324],[108.67443,15.51532],[108.67347,15.51539],[108.67299,15.51362],[108.67512,15.50915],[108.67438,15.50688],[108.67183,15.50339],[108.66822,15.50099],[108.66346,15.49924],[108.6629,15.49714],[108.65929,15.49578],[108.65891,15.49708],[108.65682,15.49817],[108.65379,15.49833],[108.64816,15.49949],[108.6435,15.50065],[108.63975,15.50195],[108.63714,15.4969],[108.63533,15.49254],[108.63404,15.48689],[108.631,15.48742],[108.62951,15.48522],[108.62765,15.48137],[108.62784,15.47946],[108.64181,15.47633],[108.646,15.4753],[108.64854,15.47563],[108.65195,15.47657],[108.65701,15.47826],[108.65944,15.47931],[108.66106,15.47934],[108.66469,15.47865],[108.66807,15.47712],[108.6724,15.47413],[108.67685,15.47244],[108.68191,15.47404],[108.68363,15.47592],[108.68394,15.47829],[108.68307,15.4799],[108.68059,15.48205]]]]},"properties":{"a01_tinh":"diaphanhanhchinhcaptinh_sn.132","a02_xa":"diaphanhanhchinhcapxa_2025.1976","a03_ten":"Xã Tam Hải","a04_tentinh":"Thành phố Đà Nẵng","a05_truocsn":"giữ nguyên","a06_trungtamhc":"thôn Tân Lập, xã Tam Hải","a07_dt":"13.32","a08_ds":"10312","a09_dthoai":null,"a10_web":null,"ten":"Xã Tam Hải","ma":"20992","tentinh":"Thành Phố Đà Nẵng","truocsapnhap":"giữ nguyên","dientichkm2":null,"dansonguoi":null},"id":"diaphanhanhchinhcapxa_2025.1976"},
{"type":"Feature","geometry":{"type":"Polygon","coordinates":[[[108.65506,15.36882],[108.6544,15.37074],[108.65485,15.37397],[108.65832,15.38002],[108.65864,15.38186],[108.65811,15.38465],[108.65477,15.38466],[108.65566,15.38838],[108.65621,15.38845],[108.65901,15.39079],[108.65891,15.39418],[108.65585,15.39479],[108.65307,15.39771],[108.65317,15.39917],[108.65214,15.40358],[108.6526,15.4048],[108.65622,15.40392],[108.65783,15.40414],[108.65919,15.40714],[108.65863,15.40772],[108.65844,15.40966],[108.66035,15.41588],[108.65679,15.41685],[108.65724,15.41783],[108.65442,15.41963],[108.6547,15.4211],[108.65108,15.42181],[108.6492,15.41898],[108.64761,15.41781],[108.64536,15.4175],[108.6451,15.41897],[108.64351,15.4204],[108.6407,15.42122],[108.6389,15.42073],[108.63808,15.42153],[108.63813,15.42401],[108.63594,15.42347],[108.63444,15.42401],[108.63356,15.42288],[108.63136,15.42173],[108.62895,15.42266],[108.62743,15.42115],[108.62699,15.41821],[108.62538,15.41753],[108.62336,15.41768],[108.62069,15.41887],[108.62088,15.42035],[108.62238,15.42073],[108.62288,15.42172],[108.61952,15.42326],[108.61763,15.42327],[108.61379,15.42718],[108.61146,15.42731],[108.60656,15.42396],[108.6059,15.42198],[108.60559,15.41932],[108.60415,15.41967],[108.60315,15.4208],[108.60075,15.42111],[108.60053,15.42162],[108.59604,15.42284],[108.59171,15.42084],[108.58886,15.4192],[108.58868,15.41783],[108.5893,15.41635],[108.59129,15.41378],[108.59254,15.41119],[108.59258,15.40954],[108.59104,15.40826],[108.59043,15.40711],[108.58825,15.40443],[108.58613,15.40415],[108.5845,15.40242],[108.58208,15.4019],[108.58063,15.40082],[108.58028,15.39958],[108.57854,15.39852],[108.57774,15.39733],[108.5709,15.39501],[108.56996,15.39634],[108.56776,15.3979],[108.56543,15.39756],[108.56433,15.39781],[108.56264,15.39732],[108.55793,15.39683],[108.55665,15.39541],[108.55285,15.39675],[108.55082,15.39818],[108.5503,15.39911],[108.54851,15.39975],[108.54803,15.40092],[108.5452,15.40162],[108.54334,15.40151],[108.54193,15.40081],[108.53849,15.40068],[108.53748,15.40285],[108.53669,15.40348],[108.53528,15.40597],[108.53346,15.407],[108.5303,15.40624],[108.5282,15.4065],[108.52645,15.40615],[108.52465,15.40675],[108.52332,15.40837],[108.52203,15.40821],[108.52079,15.40721],[108.51903,15.4069],[108.51713,15.40555],[108.51614,15.40665],[108.51406,15.40758],[108.51331,15.40638],[108.51225,15.40631],[108.51061,15.40863],[108.50908,15.40924],[108.50815,15.41058],[108.50646,15.40923],[108.50593,15.40821],[108.50454,15.40745],[108.5027,15.4073],[108.50172,15.40803],[108.49913,15.40662],[108.49913,15.40289],[108.49701,15.40205],[108.4958,15.40324],[108.49252,15.40431],[108.49114,15.40365],[108.48952,15.40475],[108.48847,15.4047],[108.48531,15.40569],[108.4804,15.40556],[108.48003,15.40457],[108.47777,15.4039],[108.47334,15.4058],[108.4714,15.40557],[108.46819,15.40657],[108.46591,15.40354],[108.46665,15.40094],[108.46629,15.39985],[108.46649,15.39808],[108.46418,15.395],[108.46529,15.39274],[108.46645,15.39147],[108.46635,15.39051],[108.46814,15.38653],[108.46851,15.3851],[108.4676,15.3838],[108.46793,15.38089],[108.46773,15.37956],[108.46596,15.37909],[108.46603,15.37821],[108.46734,15.37611],[108.46754,15.3738],[108.46844,15.37239],[108.46833,15.37119],[108.46952,15.36972],[108.46869,15.36734],[108.46791,15.36675],[108.46808,15.36456],[108.46736,15.35731],[108.46435,15.35517],[108.46434,15.35237],[108.46342,15.34994],[108.46185,15.34929],[108.45873,15.3487],[108.45624,15.34604],[108.45625,15.34477],[108.45522,15.34351],[108.45525,15.34165],[108.45625,15.33994],[108.45292,15.33676],[108.44981,15.33656],[108.44713,15.33405],[108.44549,15.33419],[108.44377,15.33339],[108.44224,15.33182],[108.43924,15.33154],[108.4365,15.32915],[108.43624,15.32813],[108.43408,15.32888],[108.43299,15.32855],[108.43134,15.32676],[108.42852,15.32528],[108.42813,15.32223],[108.43055,15.32556],[108.43156,15.32592],[108.43413,15.32586],[108.4355,15.32168],[108.43582,15.31978],[108.43543,15.31886],[108.43566,15.3165],[108.43744,15.31338],[108.44256,15.31263],[108.44433,15.3119],[108.44598,15.31244],[108.44821,15.31205],[108.45062,15.30995],[108.45178,15.31044],[108.4548,15.31038],[108.45706,15.30971],[108.45808,15.31049],[108.46069,15.30947],[108.46424,15.3096],[108.46572,15.31064],[108.46843,15.31074],[108.47039,15.30981],[108.47414,15.31046],[108.47519,15.31011],[108.47718,15.31167],[108.47846,15.30941],[108.48079,15.30811],[108.48423,15.30802],[108.48587,15.30844],[108.48807,15.31016],[108.48853,15.31134],[108.49142,15.31341],[108.49464,15.31475],[108.49584,15.31722],[108.49704,15.31843],[108.49769,15.32205],[108.49933,15.32386],[108.50251,15.32521],[108.50797,15.32609],[108.50907,15.32501],[108.51234,15.3235],[108.51394,15.32314],[108.51548,15.32173],[108.51743,15.32279],[108.5196,15.32281],[108.52168,15.32208],[108.52568,15.32008],[108.52669,15.32014],[108.52871,15.32359],[108.53029,15.32417],[108.5307,15.32523],[108.53322,15.32755],[108.53324,15.33162],[108.53566,15.33056],[108.53781,15.33048],[108.53893,15.3313],[108.54088,15.33139],[108.54114,15.33233],[108.5434,15.33286],[108.54413,15.3346],[108.54626,15.33447],[108.54793,15.33509],[108.54978,15.33496],[108.55252,15.33659],[108.55642,15.33445],[108.55908,15.33416],[108.5628,15.33575],[108.56472,15.33707],[108.56802,15.33861],[108.57326,15.34165],[108.57629,15.34243],[108.57703,15.34391],[108.58029,15.34528],[108.58292,15.344],[108.58512,15.34395],[108.58821,15.34299],[108.59186,15.34684],[108.59467,15.34467],[108.59655,15.34395],[108.60274,15.34572],[108.60177,15.35011],[108.60302,15.35253],[108.60687,15.35213],[108.6082,15.35288],[108.61048,15.35247],[108.61107,15.35319],[108.61511,15.35311],[108.61737,15.35436],[108.6192,15.35589],[108.62077,15.35576],[108.62266,15.35755],[108.62493,15.35751],[108.62817,15.35614],[108.63057,15.35755],[108.6328,15.35988],[108.63442,15.363],[108.63782,15.36334],[108.64017,15.36422],[108.64099,15.36522],[108.64187,15.36787],[108.64483,15.36808],[108.64768,15.36697],[108.64873,15.36622],[108.6506,15.36613],[108.65179,15.36746],[108.65506,15.36882]]]},"properties":{"a01_tinh":"diaphanhanhchinhcaptinh_sn.132","a02_xa":"diaphanhanhchinhcapxa_2025.1965","a03_ten":"Xã Tam Mỹ","a04_tentinh":"Thành phố Đà Nẵng","a05_truocsn":"Xã Tam Mỹ Đông, Xã Tam Mỹ Tây, Xã Tam Trà","a06_trungtamhc":"Thôn Tịnh Sơn, xã Tam Mỹ","a07_dt":"173.14","a08_ds":"18064","a09_dthoai":null,"a10_web":null,"ten":"Xã Tam Mỹ","ma":"21004","tentinh":"Thành Phố Đà Nẵng","truocsapnhap":"Xã Tam Mỹ Đông, Xã Tam Mỹ Tây, Xã Tam Trà","dientichkm2":null,"dansonguoi":null},"id":"diaphanhanhchinhcapxa_2025.1965"},
{"type":"Feature","geometry":{"type":"Polygon","coordinates":[[[108.55673,15.58704],[108.55159,15.58347],[108.549,15.58565],[108.54835,15.58766],[108.5418,15.58276],[108.54672,15.57631],[108.54567,15.5757],[108.54244,15.57289],[108.53796,15.56833],[108.537,15.56667],[108.53721,15.56548],[108.53607,15.56486],[108.53386,15.56783],[108.53245,15.56901],[108.52891,15.57012],[108.52533,15.5699],[108.52444,15.56945],[108.52385,15.56839],[108.52392,15.5665],[108.52471,15.56318],[108.52439,15.56045],[108.52252,15.55734],[108.52037,15.55527],[108.51592,15.55331],[108.5131,15.55281],[108.50853,15.5542],[108.50416,15.55479],[108.50312,15.55433],[108.50209,15.55244],[108.50212,15.54829],[108.50181,15.5463],[108.50023,15.5443],[108.49737,15.54166],[108.49556,15.53838],[108.49605,15.53515],[108.49756,15.53345],[108.49839,15.53189],[108.49894,15.52943],[108.49823,15.52849],[108.49248,15.5252],[108.49066,15.52447],[108.48771,15.5243],[108.48532,15.52355],[108.48456,15.52243],[108.48532,15.52041],[108.48455,15.51974],[108.48462,15.51842],[108.48406,15.51571],[108.48413,15.51369],[108.48327,15.50994],[108.48293,15.50694],[108.48501,15.50733],[108.48583,15.50798],[108.48738,15.50752],[108.48791,15.50492],[108.48907,15.50378],[108.49252,15.50294],[108.49536,15.50168],[108.49708,15.50181],[108.4977,15.50319],[108.49881,15.50376],[108.49931,15.50186],[108.50049,15.50169],[108.50093,15.49993],[108.50382,15.50208],[108.50541,15.50181],[108.50629,15.50088],[108.50386,15.4993],[108.50294,15.49771],[108.50181,15.49814],[108.50034,15.49703],[108.50192,15.49458],[108.50607,15.49227],[108.50695,15.49102],[108.50915,15.48986],[108.51275,15.4907],[108.51361,15.49032],[108.51564,15.48761],[108.51957,15.48773],[108.52075,15.48718],[108.52265,15.48556],[108.52333,15.48415],[108.52674,15.48334],[108.52789,15.48226],[108.52988,15.48116],[108.5327,15.48227],[108.53273,15.48341],[108.53303,15.48621],[108.5341,15.48889],[108.53584,15.491],[108.53515,15.49247],[108.53538,15.49369],[108.53807,15.49539],[108.53909,15.49694],[108.53754,15.49808],[108.53832,15.49897],[108.53906,15.50115],[108.53777,15.50301],[108.53806,15.50368],[108.53612,15.50706],[108.53637,15.50842],[108.53724,15.50935],[108.53868,15.50951],[108.53814,15.51178],[108.54003,15.51292],[108.54006,15.51423],[108.54205,15.51374],[108.5431,15.51468],[108.54365,15.5161],[108.54348,15.5177],[108.54236,15.52191],[108.54259,15.52368],[108.5433,15.5244],[108.54495,15.52476],[108.5481,15.52355],[108.55002,15.52346],[108.55415,15.52436],[108.55825,15.5276],[108.56047,15.52823],[108.56407,15.528],[108.56615,15.5284],[108.56934,15.52957],[108.57141,15.53158],[108.57185,15.53242],[108.57561,15.53125],[108.57745,15.5302],[108.58612,15.52447],[108.58877,15.5224],[108.58974,15.52087],[108.59026,15.5184],[108.59161,15.51744],[108.59353,15.51702],[108.59484,15.51772],[108.59623,15.52033],[108.59769,15.52212],[108.59628,15.52445],[108.60417,15.52997],[108.60092,15.53408],[108.59817,15.53666],[108.5974,15.53777],[108.59411,15.54106],[108.59326,15.5424],[108.59067,15.54503],[108.58843,15.54836],[108.58581,15.55048],[108.58452,15.5523],[108.58152,15.55534],[108.58081,15.55665],[108.57869,15.5586],[108.57712,15.56103],[108.57567,15.56249],[108.57348,15.56554],[108.56964,15.57039],[108.56758,15.57264],[108.56707,15.57369],[108.56314,15.5786],[108.56217,15.57943],[108.56086,15.58162],[108.55767,15.58524],[108.55673,15.58704]]]},"properties":{"a01_tinh":"diaphanhanhchinhcaptinh_sn.132","a02_xa":"diaphanhanhchinhcapxa_2025.1978","a03_ten":"Xã Tam Xuân","a04_tentinh":"Thành phố Đà Nẵng","a05_truocsn":"Xã Tam Xuân I, Xã Tam Xuân II, Xã Tam Tiến","a06_trungtamhc":"Thôn Phú Khê, xã Tam Xuân","a07_dt":"66.92","a08_ds":"42834","a09_dthoai":null,"a10_web":null,"ten":"Xã Tam Xuân","ma":"20971","tentinh":"Thành Phố Đà Nẵng","truocsapnhap":"Xã Tam Xuân I, Xã Tam Xuân II, Xã Tam Tiến","dientichkm2":null,"dansonguoi":null},"id":"diaphanhanhchinhcapxa_2025.1978"},
{"type":"Feature","geometry":{"type":"MultiPolygon","coordinates":[[[[108.6976,15.81162],[108.69846,15.81301],[108.69811,15.81383],[108.69535,15.81617],[108.69279,15.81788],[108.69145,15.81742],[108.69095,15.8143],[108.69017,15.81225],[108.69056,15.81134],[108.69259,15.81157],[108.6976,15.81162]]],[[[108.54282,15.90381],[108.54174,15.90457],[108.54086,15.90851],[108.54166,15.91106],[108.54315,15.91201],[108.54243,15.9141],[108.54142,15.91378],[108.54002,15.91171],[108.53618,15.91047],[108.53509,15.90976],[108.53393,15.90811],[108.5325,15.90698],[108.53204,15.90496],[108.53287,15.90312],[108.5358,15.90204],[108.54006,15.9038],[108.54136,15.9027],[108.54282,15.90381]]],[[[108.47401,15.93108],[108.47603,15.93143],[108.47651,15.9322],[108.47527,15.93318],[108.47246,15.93391],[108.47207,15.93179],[108.47401,15.93108]]],[[[108.47968,15.93836],[108.48042,15.93881],[108.48274,15.94167],[108.48463,15.94605],[108.4849,15.94832],[108.4821,15.94861],[108.48007,15.94769],[108.47814,15.94597],[108.47676,15.94414],[108.47686,15.94258],[108.47838,15.93899],[108.47968,15.93836]]],[[[108.42301,15.97186],[108.42345,15.97289],[108.4215,15.97401],[108.42056,15.97319],[108.42301,15.97186]]],[[[108.44776,15.96762],[108.44912,15.96933],[108.45032,15.97218],[108.45211,15.97485],[108.45204,15.97766],[108.45118,15.97916],[108.44971,15.97983],[108.44778,15.97713],[108.44445,15.97411],[108.44302,15.97249],[108.44275,15.97077],[108.44363,15.96985],[108.44644,15.96789],[108.44776,15.96762]]],[[[108.50335,15.97937],[108.50222,15.97978],[108.50182,15.97829],[108.50002,15.97655],[108.49798,15.97526],[108.49401,15.97412],[108.49258,15.97291],[108.4913,15.96968],[108.48925,15.96785],[108.4866,15.96777],[108.48407,15.96676],[108.48394,15.96489],[108.48604,15.96296],[108.48901,15.96256],[108.49028,15.96115],[108.49282,15.95631],[108.4942,15.95605],[108.49541,15.95677],[108.4974,15.95953],[108.49987,15.96012],[108.50255,15.95933],[108.5038,15.96056],[108.50454,15.95986],[108.50296,15.95876],[108.504,15.95759],[108.50574,15.95785],[108.50678,15.95739],[108.5076,15.95564],[108.50746,15.95398],[108.50826,15.95215],[108.50881,15.94617],[108.50733,15.94501],[108.50777,15.94403],[108.51115,15.94329],[108.51239,15.94248],[108.5128,15.94002],[108.51381,15.93865],[108.51504,15.93851],[108.51846,15.93886],[108.51941,15.93841],[108.5212,15.93615],[108.52251,15.93396],[108.52457,15.9324],[108.5272,15.93219],[108.52928,15.93053],[108.53038,15.92811],[108.53072,15.92627],[108.53239,15.92549],[108.53388,15.92421],[108.53439,15.9224],[108.53506,15.92201],[108.53979,15.92298],[108.54002,15.92394],[108.53759,15.92811],[108.53711,15.92953],[108.53741,15.93171],[108.53826,15.93414],[108.54016,15.93662],[108.53869,15.93837],[108.53714,15.94292],[108.53662,15.94553],[108.53664,15.9504],[108.53857,15.95504],[108.5386,15.9565],[108.53706,15.9577],[108.53467,15.95834],[108.53221,15.95837],[108.52842,15.95926],[108.5268,15.95989],[108.52119,15.96143],[108.51849,15.96283],[108.51656,15.96288],[108.51222,15.96506],[108.5113,15.96606],[108.50985,15.96864],[108.50961,15.97032],[108.5105,15.97238],[108.51051,15.97375],[108.50518,15.97732],[108.50461,15.97897],[108.50335,15.97937]]]]},"properties":{"a01_tinh":"diaphanhanhchinhcaptinh_sn.132","a02_xa":"diaphanhanhchinhcapxa_2025.3311","a03_ten":"Xã Tân Hiệp","a04_tentinh":"Thành phố Đà Nẵng","a05_truocsn":"giữ nguyên","a06_trungtamhc":"Thôn Bãi Làng, xã Tân Hiệp","a07_dt":"16.43","a08_ds":"2614","a09_dthoai":null,"a10_web":null,"ten":"Xã Tân Hiệp","ma":"20434","tentinh":"Thành Phố Đà Nẵng","truocsapnhap":"giữ nguyên","dientichkm2":null,"dansonguoi":null},"id":"diaphanhanhchinhcapxa_2025.3311"},
{"type":"Feature","geometry":{"type":"Polygon","coordinates":[[[107.58755,15.88428],[107.58747,15.8836],[107.58581,15.88245],[107.58411,15.88047],[107.584,15.87751],[107.58104,15.87742],[107.57758,15.87689],[107.57354,15.87715],[107.57163,15.87651],[107.56565,15.87775],[107.5642,15.88246],[107.56232,15.88424],[107.55989,15.88508],[107.55843,15.88748],[107.55749,15.88794],[107.55549,15.89243],[107.55567,15.89365],[107.55338,15.89807],[107.54926,15.89637],[107.54637,15.89572],[107.54516,15.89449],[107.54378,15.89561],[107.54277,15.89459],[107.53975,15.89712],[107.53455,15.89831],[107.53462,15.89723],[107.53313,15.89592],[107.53069,15.89587],[107.52962,15.89478],[107.52727,15.89499],[107.52594,15.89571],[107.52494,15.89483],[107.52247,15.89494],[107.5228,15.89656],[107.52215,15.89745],[107.52244,15.89892],[107.52178,15.90093],[107.51977,15.90313],[107.51979,15.90376],[107.51779,15.90442],[107.51598,15.90548],[107.51315,15.90502],[107.51297,15.90689],[107.51233,15.90848],[107.51278,15.9102],[107.51406,15.91105],[107.51371,15.91341],[107.51203,15.91523],[107.51087,15.91789],[107.51166,15.92012],[107.51281,15.92188],[107.51318,15.9239],[107.51133,15.92655],[107.50958,15.92819],[107.51111,15.92969],[107.51235,15.93149],[107.51015,15.93396],[107.51005,15.93486],[107.50886,15.93651],[107.50889,15.93904],[107.50943,15.94351],[107.51007,15.94538],[107.50805,15.94648],[107.5067,15.94977],[107.50353,15.95147],[107.50209,15.95148],[107.50021,15.95084],[107.49731,15.95116],[107.49429,15.95325],[107.49285,15.95617],[107.49156,15.95724],[107.49269,15.96057],[107.49203,15.96193],[107.49067,15.96225],[107.48986,15.96355],[107.49076,15.96483],[107.49067,15.9665],[107.48971,15.96915],[107.4903,15.97621],[107.48896,15.97809],[107.48922,15.98026],[107.4883,15.98155],[107.48895,15.98389],[107.49035,15.9854],[107.49154,15.98601],[107.4947,15.98922],[107.49388,15.99337],[107.49243,15.99366],[107.4896,15.99527],[107.48857,15.99818],[107.48723,15.99895],[107.48256,15.99997],[107.47985,15.99992],[107.47863,16.00203],[107.47619,16.00368],[107.47491,16.00371],[107.47342,16.00475],[107.47031,16.00814],[107.46981,16.00907],[107.46825,16.01011],[107.4661,16.01226],[107.46543,16.01395],[107.46418,16.01512],[107.4616,16.01272],[107.46118,16.01112],[107.45827,16.00908],[107.45856,16.00789],[107.45739,16.00616],[107.45619,16.00548],[107.45564,16.00227],[107.45561,15.99911],[107.45396,15.99814],[107.45372,15.99545],[107.45308,15.99411],[107.4517,15.99346],[107.45094,15.99159],[107.44886,15.9901],[107.44692,15.99003],[107.44452,15.99089],[107.44356,15.99066],[107.44384,15.98772],[107.44727,15.98264],[107.4468,15.98075],[107.4449,15.97922],[107.44346,15.97621],[107.44268,15.97559],[107.44142,15.97176],[107.44002,15.9705],[107.44005,15.96893],[107.43867,15.96686],[107.43895,15.96477],[107.43649,15.96317],[107.43608,15.96184],[107.43503,15.96088],[107.43434,15.95699],[107.43255,15.95673],[107.4328,15.95427],[107.43176,15.95067],[107.43159,15.94792],[107.42967,15.94123],[107.42681,15.93641],[107.42872,15.93393],[107.42835,15.93084],[107.42321,15.92653],[107.42236,15.92622],[107.41984,15.92661],[107.41903,15.92515],[107.41847,15.92297],[107.41883,15.92058],[107.41777,15.91927],[107.41667,15.91675],[107.41629,15.914],[107.41525,15.91208],[107.41045,15.91081],[107.40926,15.90982],[107.40907,15.90844],[107.40719,15.90451],[107.40605,15.90318],[107.40671,15.90111],[107.40202,15.89947],[107.39907,15.89423],[107.39827,15.89373],[107.39509,15.89361],[107.39429,15.89249],[107.39195,15.89259],[107.38959,15.8918],[107.38745,15.88934],[107.38608,15.88909],[107.38533,15.88697],[107.38465,15.88735],[107.38386,15.88489],[107.38017,15.88174],[107.38066,15.88017],[107.37998,15.87881],[107.37779,15.87779],[107.37868,15.87674],[107.37809,15.87599],[107.37878,15.87448],[107.37797,15.87344],[107.37987,15.87147],[107.38163,15.87056],[107.38157,15.86986],[107.38314,15.86742],[107.38401,15.86732],[107.38674,15.86555],[107.38834,15.86231],[107.38845,15.859],[107.38769,15.85753],[107.38771,15.85546],[107.38541,15.85164],[107.38526,15.85004],[107.38334,15.84757],[107.38252,15.845],[107.3831,15.84346],[107.38243,15.84256],[107.38275,15.84032],[107.38153,15.83889],[107.38187,15.83809],[107.38172,15.83472],[107.38128,15.83401],[107.37802,15.83309],[107.37692,15.83112],[107.37808,15.8284],[107.37827,15.82688],[107.37988,15.82547],[107.38176,15.82322],[107.38036,15.82251],[107.37824,15.82053],[107.38015,15.81767],[107.38222,15.81671],[107.38483,15.81196],[107.38723,15.81088],[107.39036,15.81076],[107.39169,15.80756],[107.39201,15.80471],[107.39394,15.80272],[107.39486,15.80057],[107.39678,15.79896],[107.39724,15.79693],[107.39809,15.79545],[107.3964,15.78874],[107.39717,15.78713],[107.39706,15.78447],[107.39963,15.78226],[107.39825,15.78073],[107.39802,15.77878],[107.39883,15.77705],[107.39796,15.77393],[107.39715,15.77285],[107.39589,15.76887],[107.39777,15.7655],[107.39832,15.76216],[107.39908,15.76137],[107.39992,15.75904],[107.39818,15.75782],[107.39748,15.7559],[107.3981,15.75459],[107.39856,15.75197],[107.39942,15.75039],[107.40111,15.74861],[107.40039,15.74746],[107.40064,15.74564],[107.40223,15.74472],[107.40219,15.74202],[107.40293,15.74088],[107.4049,15.74055],[107.4072,15.7393],[107.40855,15.73965],[107.41022,15.73819],[107.41123,15.7368],[107.41356,15.73697],[107.41496,15.73666],[107.41673,15.73706],[107.41838,15.73659],[107.4221,15.73654],[107.42364,15.73696],[107.42544,15.73904],[107.42648,15.73923],[107.42808,15.74057],[107.4314,15.741],[107.43257,15.74166],[107.43646,15.74162],[107.43797,15.74308],[107.43834,15.74416],[107.43947,15.74448],[107.4406,15.74567],[107.4442,15.74635],[107.44544,15.74715],[107.44703,15.74743],[107.45162,15.74714],[107.45277,15.74778],[107.45433,15.75013],[107.45567,15.75121],[107.45451,15.75351],[107.45493,15.75524],[107.4544,15.7567],[107.45627,15.75981],[107.45744,15.76034],[107.45892,15.75982],[107.45981,15.76028],[107.46067,15.76225],[107.46245,15.7632],[107.46191,15.76483],[107.4627,15.7673],[107.4656,15.76745],[107.46699,15.76844],[107.46941,15.76857],[107.47044,15.76761],[107.47164,15.76793],[107.47248,15.76604],[107.4751,15.76567],[107.47923,15.76628],[107.48173,15.76561],[107.48443,15.76337],[107.48601,15.76301],[107.48749,15.76333],[107.4887,15.76254],[107.49275,15.76215],[107.49498,15.76265],[107.49585,15.76327],[107.5,15.76274],[107.5046,15.764],[107.5063,15.76624],[107.50797,15.76746],[107.50896,15.76758],[107.5123,15.76584],[107.51581,15.76499],[107.51676,15.7659],[107.51764,15.76777],[107.52059,15.77077],[107.52262,15.77197],[107.52202,15.77397],[107.52463,15.77328],[107.52706,15.77472],[107.53137,15.77651],[107.53363,15.77687],[107.53714,15.77607],[107.53937,15.77624],[107.54144,15.77801],[107.54303,15.77637],[107.54429,15.77524],[107.54453,15.77354],[107.546,15.77218],[107.54616,15.77001],[107.54841,15.76851],[107.55199,15.76864],[107.55517,15.76956],[107.55767,15.76895],[107.56265,15.7693],[107.56405,15.77019],[107.5658,15.77431],[107.56646,15.77454],[107.57037,15.77365],[107.57232,15.77419],[107.57467,15.77564],[107.57654,15.77591],[107.57974,15.77727],[107.58088,15.7764],[107.58258,15.77606],[107.5843,15.77461],[107.58472,15.77318],[107.5869,15.77219],[107.58825,15.76911],[107.59024,15.77189],[107.5923,15.7738],[107.59402,15.77433],[107.59464,15.77529],[107.59749,15.77737],[107.6,15.77838],[107.60188,15.78033],[107.6025,15.7817],[107.60359,15.78263],[107.60605,15.78326],[107.60545,15.78513],[107.59916,15.78799],[107.59523,15.7913],[107.59225,15.79307],[107.59337,15.79443],[107.59549,15.79499],[107.59909,15.79716],[107.60105,15.79733],[107.60289,15.79855],[107.60602,15.79875],[107.60774,15.79928],[107.61182,15.7994],[107.61009,15.80294],[107.6099,15.8054],[107.608,15.80599],[107.60705,15.80863],[107.60745,15.81008],[107.606,15.81365],[107.60816,15.81472],[107.60621,15.81729],[107.60664,15.82519],[107.60694,15.82819],[107.6077,15.83128],[107.60841,15.83284],[107.61285,15.836],[107.61319,15.83798],[107.61181,15.84087],[107.61125,15.84295],[107.60988,15.84402],[107.60829,15.84634],[107.60646,15.84733],[107.60528,15.85203],[107.60397,15.85276],[107.60258,15.85505],[107.59952,15.8553],[107.59742,15.85936],[107.59648,15.86003],[107.59486,15.86425],[107.59365,15.86622],[107.59762,15.86772],[107.59813,15.86852],[107.59932,15.87405],[107.59881,15.87639],[107.59654,15.878],[107.59351,15.88163],[107.58944,15.88394],[107.58755,15.88428]]]},"properties":{"a01_tinh":"diaphanhanhchinhcaptinh_sn.132","a02_xa":"diaphanhanhchinhcapxa_2025.1915","a03_ten":"Xã Tây Giang","a04_tentinh":"Thành phố Đà Nẵng","a05_truocsn":"Xã Atiêng, Xã Dang, Xã Anông, Xã Lăng","a06_trungtamhc":"Thôn Agrồng, xã Tây Giang","a07_dt":"400.45","a08_ds":"8629","a09_dthoai":null,"a10_web":null,"ten":"Xã Tây Giang","ma":"20455","tentinh":"Thành Phố Đà Nẵng","truocsapnhap":"Xã Atiêng, Xã Dang, Xã Anông, Xã Lăng","dientichkm2":null,"dansonguoi":null},"id":"diaphanhanhchinhcapxa_2025.1915"},
{"type":"Feature","geometry":{"type":"Polygon","coordinates":[[[108.44241,15.62883],[108.43554,15.62558],[108.4367,15.62506],[108.43712,15.62361],[108.43594,15.62262],[108.43409,15.62252],[108.43265,15.61983],[108.431,15.61935],[108.42845,15.61917],[108.42495,15.6198],[108.42008,15.62319],[108.41846,15.62279],[108.41581,15.6236],[108.41483,15.62562],[108.41634,15.62703],[108.4165,15.63012],[108.41698,15.63116],[108.41405,15.63137],[108.41261,15.63034],[108.41018,15.63038],[108.40795,15.62972],[108.40762,15.62888],[108.40494,15.6297],[108.40224,15.63183],[108.40042,15.62915],[108.39747,15.62917],[108.3952,15.62687],[108.39383,15.62593],[108.39074,15.62561],[108.38984,15.62445],[108.39012,15.61975],[108.3909,15.61836],[108.38983,15.61644],[108.38854,15.613],[108.38877,15.61203],[108.38695,15.61061],[108.38468,15.61051],[108.3834,15.60847],[108.38165,15.60895],[108.37965,15.60784],[108.37759,15.60759],[108.37477,15.6112],[108.37079,15.6115],[108.36864,15.60994],[108.36566,15.60969],[108.36246,15.60806],[108.36148,15.60722],[108.36147,15.60564],[108.3594,15.60454],[108.35794,15.60499],[108.35682,15.60644],[108.35575,15.6067],[108.35228,15.60583],[108.35022,15.60571],[108.34649,15.6035],[108.34208,15.60267],[108.33934,15.60294],[108.33827,15.60241],[108.33609,15.60261],[108.3332,15.6012],[108.33338,15.60022],[108.33026,15.59653],[108.32616,15.59389],[108.32429,15.59155],[108.32296,15.58918],[108.32266,15.58571],[108.32428,15.58505],[108.32446,15.58286],[108.3254,15.58198],[108.32696,15.58205],[108.32802,15.58146],[108.32831,15.57958],[108.33026,15.577],[108.32876,15.57465],[108.32492,15.57155],[108.32406,15.57021],[108.3231,15.56983],[108.32096,15.56707],[108.31913,15.56738],[108.31769,15.56675],[108.31927,15.56545],[108.31974,15.56421],[108.3218,15.56321],[108.32254,15.5617],[108.32332,15.55697],[108.32305,15.55281],[108.32425,15.55293],[108.32827,15.55405],[108.32959,15.55392],[108.33314,15.55227],[108.33599,15.55199],[108.33818,15.54993],[108.33976,15.54958],[108.34422,15.55009],[108.34493,15.55051],[108.34699,15.54959],[108.34729,15.54892],[108.34972,15.54807],[108.3514,15.54599],[108.35409,15.54711],[108.35732,15.5477],[108.36028,15.54677],[108.3613,15.5458],[108.36255,15.54588],[108.36483,15.54692],[108.36729,15.54928],[108.36839,15.54938],[108.36923,15.55006],[108.37061,15.55287],[108.37367,15.55358],[108.37653,15.55652],[108.37843,15.55649],[108.38008,15.5559],[108.38247,15.55428],[108.38444,15.55481],[108.38462,15.55637],[108.383,15.56014],[108.38277,15.56173],[108.38347,15.56325],[108.38293,15.56417],[108.38305,15.5674],[108.3855,15.56727],[108.38732,15.56791],[108.38895,15.56622],[108.3948,15.56764],[108.39529,15.56657],[108.39685,15.56616],[108.39786,15.56377],[108.39986,15.56265],[108.40033,15.56138],[108.40246,15.56218],[108.40559,15.56051],[108.40909,15.56151],[108.41016,15.5625],[108.41376,15.56195],[108.41472,15.56355],[108.41435,15.56468],[108.41466,15.56674],[108.41563,15.56779],[108.41523,15.56967],[108.41539,15.57125],[108.41662,15.57259],[108.41675,15.57681],[108.4186,15.57927],[108.41905,15.58096],[108.41833,15.58245],[108.42067,15.58387],[108.42363,15.58405],[108.42593,15.58462],[108.4272,15.58438],[108.42926,15.58523],[108.43171,15.58685],[108.43073,15.58886],[108.43095,15.5895],[108.43373,15.59071],[108.43475,15.59038],[108.4366,15.59277],[108.43906,15.59251],[108.43919,15.59155],[108.44154,15.59141],[108.44228,15.59291],[108.44353,15.59353],[108.44386,15.59569],[108.44613,15.59665],[108.44799,15.60021],[108.4474,15.60131],[108.4491,15.60337],[108.44919,15.60557],[108.45189,15.60789],[108.45438,15.60857],[108.45345,15.61026],[108.45331,15.61206],[108.45264,15.61413],[108.4515,15.61472],[108.45039,15.61713],[108.44871,15.61939],[108.44713,15.62079],[108.44677,15.62366],[108.4446,15.62566],[108.44487,15.62693],[108.44323,15.62781],[108.44241,15.62883]]]},"properties":{"a01_tinh":"diaphanhanhchinhcaptinh_sn.132","a02_xa":"diaphanhanhchinhcapxa_2025.1961","a03_ten":"Xã Tây Hồ","a04_tentinh":"Thành phố Đà Nẵng","a05_truocsn":"Xã Tam An, Xã Tam Thành, Xã Tam Phước, Xã Tam Lộc","a06_trungtamhc":"Thôn Cẩm Khê, xã Tây Hồ","a07_dt":"75.67","a08_ds":"35493","a09_dthoai":null,"a10_web":null,"ten":"Xã Tây Hồ","ma":"20380","tentinh":"Thành Phố Đà Nẵng","truocsapnhap":"Xã Tam An, Xã Tam Thành, Xã Tam Phước, Xã Tam Lộc","dientichkm2":null,"dansonguoi":null},"id":"diaphanhanhchinhcapxa_2025.1961"},
{"type":"Feature","geometry":{"type":"Polygon","coordinates":[[[108.41252,15.81975],[108.40881,15.81817],[108.4056,15.81601],[108.40429,15.81465],[108.40255,15.81205],[108.40001,15.80989],[108.39856,15.8135],[108.39774,15.8148],[108.39645,15.81908],[108.39579,15.81895],[108.3946,15.82254],[108.39361,15.82237],[108.39306,15.82399],[108.39415,15.82626],[108.39313,15.82803],[108.39072,15.82709],[108.38861,15.83059],[108.3861,15.83081],[108.38559,15.83192],[108.38301,15.83121],[108.38324,15.83015],[108.38163,15.8296],[108.3825,15.82569],[108.37983,15.82459],[108.37779,15.8229],[108.37594,15.82449],[108.37505,15.82394],[108.37215,15.82569],[108.36914,15.82849],[108.36511,15.8279],[108.36105,15.82658],[108.35901,15.82623],[108.35715,15.82688],[108.35602,15.82578],[108.3536,15.82631],[108.35089,15.82557],[108.34891,15.82567],[108.34671,15.82697],[108.34589,15.82939],[108.34069,15.82938],[108.33959,15.82889],[108.33722,15.82693],[108.33725,15.826],[108.33532,15.8239],[108.33291,15.82485],[108.333,15.82049],[108.33081,15.81839],[108.33142,15.81751],[108.33048,15.81544],[108.33124,15.81515],[108.33275,15.81227],[108.33392,15.81188],[108.33565,15.80768],[108.33911,15.80393],[108.34067,15.79956],[108.34239,15.7957],[108.34668,15.78715],[108.35257,15.77641],[108.35452,15.77708],[108.35648,15.77957],[108.36132,15.78408],[108.36649,15.77566],[108.36853,15.77739],[108.369,15.77699],[108.37464,15.76746],[108.37609,15.76615],[108.37823,15.7662],[108.38025,15.76457],[108.38275,15.76336],[108.38516,15.75283],[108.38666,15.75004],[108.38742,15.74797],[108.38943,15.74433],[108.39208,15.74124],[108.39506,15.73704],[108.39601,15.7351],[108.39676,15.73171],[108.40039,15.7265],[108.40174,15.72409],[108.40499,15.71807],[108.40335,15.71647],[108.40668,15.71364],[108.40861,15.71234],[108.4106,15.71396],[108.41613,15.71798],[108.41736,15.72128],[108.41833,15.72307],[108.41863,15.72465],[108.42002,15.7259],[108.42077,15.7274],[108.42322,15.73062],[108.42111,15.73245],[108.42071,15.73343],[108.42114,15.73762],[108.42233,15.73848],[108.42747,15.73789],[108.4289,15.73704],[108.42959,15.73594],[108.42971,15.73369],[108.42899,15.73128],[108.42999,15.72909],[108.4334,15.72821],[108.43806,15.72592],[108.43861,15.72724],[108.4443,15.72911],[108.44888,15.72935],[108.45666,15.7361],[108.45469,15.73903],[108.45313,15.7419],[108.44913,15.74814],[108.44598,15.75391],[108.44269,15.7594],[108.43754,15.76839],[108.43208,15.77689],[108.43155,15.7785],[108.42955,15.78199],[108.42796,15.78426],[108.42466,15.79041],[108.42192,15.79676],[108.42128,15.79767],[108.41799,15.80494],[108.41678,15.80846],[108.41448,15.81345],[108.41252,15.81975]]]},"properties":{"a01_tinh":"diaphanhanhchinhcaptinh_sn.132","a02_xa":"diaphanhanhchinhcapxa_2025.1930","a03_ten":"Xã Thăng An","a04_tentinh":"Thành phố Đà Nẵng","a05_truocsn":"Xã Bình Triều, Xã Bình Giang, Xã Bình Đào, Xã Bình Minh, Xã Bình Dương","a06_trungtamhc":"Thôn Nam Hà, xã Thăng An","a07_dt":"80.98","a08_ds":"51988","a09_dthoai":null,"a10_web":null,"ten":"Xã Thăng An","ma":"20794","tentinh":"Thành Phố Đà Nẵng","truocsapnhap":"Xã Bình Triều, Xã Bình Giang, Xã Bình Đào, Xã Bình Minh, Xã Bình Dương","dientichkm2":null,"dansonguoi":null},"id":"diaphanhanhchinhcapxa_2025.1930"},
{"type":"Feature","geometry":{"type":"Polygon","coordinates":[[[108.40174,15.72409],[108.40039,15.7265],[108.39676,15.73171],[108.39601,15.7351],[108.39506,15.73704],[108.39208,15.74124],[108.38943,15.74433],[108.38742,15.74797],[108.38666,15.75004],[108.38516,15.75283],[108.38275,15.76336],[108.38025,15.76457],[108.37823,15.7662],[108.37609,15.76615],[108.37464,15.76746],[108.369,15.77699],[108.36853,15.77739],[108.36649,15.77566],[108.36132,15.78408],[108.35648,15.77957],[108.35452,15.77708],[108.35257,15.77641],[108.35266,15.77302],[108.34959,15.76964],[108.34796,15.76756],[108.34664,15.76955],[108.34541,15.7698],[108.34125,15.76706],[108.34058,15.76787],[108.33936,15.7676],[108.33613,15.76563],[108.33636,15.76385],[108.33606,15.76132],[108.33637,15.75986],[108.3355,15.75709],[108.33394,15.75344],[108.33104,15.74996],[108.33021,15.74834],[108.33104,15.74518],[108.33071,15.744],[108.32877,15.74071],[108.3288,15.7386],[108.32762,15.73735],[108.32633,15.7369],[108.32601,15.73437],[108.32476,15.73345],[108.32459,15.73239],[108.32354,15.73128],[108.32305,15.72984],[108.32322,15.72786],[108.32264,15.72699],[108.32268,15.72498],[108.32353,15.7238],[108.3246,15.71976],[108.32425,15.71625],[108.3225,15.71313],[108.32105,15.71246],[108.31993,15.71108],[108.31966,15.70827],[108.31845,15.70598],[108.31814,15.70302],[108.31742,15.70138],[108.31784,15.70017],[108.3162,15.69929],[108.31236,15.69942],[108.31052,15.69819],[108.3125,15.69705],[108.31073,15.69496],[108.31246,15.69315],[108.31452,15.69245],[108.31694,15.69069],[108.31825,15.69048],[108.31358,15.68604],[108.31159,15.6814],[108.31222,15.68075],[108.315,15.68061],[108.31517,15.67757],[108.31642,15.6754],[108.31904,15.67743],[108.31967,15.67741],[108.3284,15.67372],[108.32968,15.67248],[108.33064,15.66998],[108.33179,15.66912],[108.33225,15.66712],[108.33194,15.66591],[108.33307,15.66545],[108.3342,15.66645],[108.33573,15.66578],[108.33698,15.66361],[108.33877,15.66267],[108.34111,15.66211],[108.34013,15.66279],[108.34146,15.66583],[108.34265,15.66677],[108.34291,15.66863],[108.34422,15.66979],[108.34596,15.66963],[108.34551,15.67122],[108.34728,15.67339],[108.34934,15.67367],[108.34894,15.67521],[108.3502,15.67576],[108.34955,15.67739],[108.35062,15.67858],[108.3528,15.67921],[108.35548,15.67708],[108.35714,15.67816],[108.35824,15.67775],[108.36053,15.68172],[108.35873,15.68242],[108.35871,15.6859],[108.35997,15.686],[108.36094,15.68475],[108.36264,15.68607],[108.36466,15.68552],[108.36624,15.68677],[108.36752,15.68457],[108.37039,15.68693],[108.37072,15.69064],[108.37129,15.69094],[108.3696,15.69819],[108.3693,15.70195],[108.37223,15.70208],[108.37723,15.70513],[108.37615,15.70666],[108.38081,15.70938],[108.38182,15.708],[108.38453,15.7098],[108.38538,15.70871],[108.3939,15.71526],[108.3925,15.71645],[108.39341,15.71718],[108.39614,15.7179],[108.39839,15.71986],[108.40014,15.7218],[108.40174,15.72409]]]},"properties":{"a01_tinh":"diaphanhanhchinhcaptinh_sn.132","a02_xa":"diaphanhanhchinhcapxa_2025.1929","a03_ten":"Xã Thăng Bình","a04_tentinh":"Thành phố Đà Nẵng","a05_truocsn":"Thị trấn Hà Lam, Xã Bình Nguyên, Xã Bình Quý, Xã Bình Phục","a06_trungtamhc":"Số 282 đường Tiểu La, xã Thăng Bình","a07_dt":"68.91","a08_ds":"54415","a09_dthoai":null,"a10_web":null,"ten":"Xã Thăng Bình","ma":"20791","tentinh":"Thành Phố Đà Nẵng","truocsapnhap":"Thị trấn Hà Lam, Xã Bình Nguyên, Xã Bình Quý, Xã Bình Phục","dientichkm2":null,"dansonguoi":null},"id":"diaphanhanhchinhcapxa_2025.1929"},
{"type":"Feature","geometry":{"type":"Polygon","coordinates":[[[108.40861,15.71234],[108.40668,15.71364],[108.40335,15.71647],[108.40499,15.71807],[108.40174,15.72409],[108.40014,15.7218],[108.39839,15.71986],[108.39614,15.7179],[108.39341,15.71718],[108.3925,15.71645],[108.3939,15.71526],[108.38538,15.70871],[108.38453,15.7098],[108.38182,15.708],[108.38081,15.70938],[108.37615,15.70666],[108.37723,15.70513],[108.37223,15.70208],[108.3693,15.70195],[108.3696,15.69819],[108.37129,15.69094],[108.37214,15.69063],[108.37145,15.6891],[108.37346,15.68791],[108.37514,15.68595],[108.37576,15.68424],[108.37724,15.68447],[108.37822,15.68535],[108.37899,15.68413],[108.37996,15.68503],[108.38156,15.68534],[108.3826,15.68346],[108.38368,15.68291],[108.38426,15.6808],[108.38502,15.67476],[108.3846,15.67383],[108.38755,15.67212],[108.38325,15.67146],[108.38338,15.66998],[108.38164,15.668],[108.37997,15.66886],[108.37948,15.6656],[108.37768,15.66593],[108.3777,15.66367],[108.38438,15.65516],[108.38219,15.6538],[108.38225,15.65091],[108.38166,15.64948],[108.37977,15.64743],[108.37945,15.64617],[108.38038,15.64429],[108.38221,15.64456],[108.38119,15.64011],[108.3843,15.63832],[108.39259,15.6362],[108.39152,15.63438],[108.38922,15.63441],[108.38902,15.6299],[108.3892,15.62834],[108.39104,15.62654],[108.39074,15.62561],[108.39383,15.62593],[108.3952,15.62687],[108.39747,15.62917],[108.40042,15.62915],[108.40224,15.63183],[108.40494,15.6297],[108.40762,15.62888],[108.40795,15.62972],[108.41018,15.63038],[108.41261,15.63034],[108.41405,15.63137],[108.41698,15.63116],[108.4165,15.63012],[108.41634,15.62703],[108.41483,15.62562],[108.41581,15.6236],[108.41846,15.62279],[108.42008,15.62319],[108.42495,15.6198],[108.42845,15.61917],[108.431,15.61935],[108.43265,15.61983],[108.43409,15.62252],[108.43594,15.62262],[108.43712,15.62361],[108.4367,15.62506],[108.43554,15.62558],[108.44241,15.62883],[108.44384,15.62964],[108.44179,15.63157],[108.44356,15.63362],[108.44594,15.63463],[108.44535,15.63607],[108.44565,15.63786],[108.44537,15.64079],[108.44631,15.6423],[108.44625,15.64441],[108.44667,15.64697],[108.44647,15.65277],[108.44573,15.65326],[108.44693,15.65464],[108.44759,15.65615],[108.44983,15.65619],[108.45052,15.65727],[108.45223,15.65696],[108.4537,15.65723],[108.45562,15.65892],[108.45799,15.66032],[108.45832,15.66463],[108.4581,15.66646],[108.45668,15.67125],[108.45515,15.67384],[108.44853,15.68033],[108.44624,15.68318],[108.44481,15.6843],[108.43795,15.68812],[108.43512,15.68938],[108.43143,15.69134],[108.42887,15.69318],[108.4251,15.69515],[108.4212,15.69753],[108.41917,15.6991],[108.4151,15.70357],[108.41209,15.70776],[108.41125,15.70952],[108.40861,15.71234]]]},"properties":{"a01_tinh":"diaphanhanhchinhcaptinh_sn.132","a02_xa":"diaphanhanhchinhcapxa_2025.1970","a03_ten":"Xã Thăng Điền","a04_tentinh":"Thành phố Đà Nẵng","a05_truocsn":"Xã Bình An, Xã Bình Trung, Xã Bình Tú","a06_trungtamhc":"Thôn Kế Xuyên 2, xã Thăng Điền","a07_dt":"61.59","a08_ds":"4228","a09_dthoai":null,"a10_web":null,"ten":"Xã Thăng Điền","ma":"20848","tentinh":"Thành Phố Đà Nẵng","truocsapnhap":"Xã Bình An, Xã Bình Trung, Xã Bình Tú","dientichkm2":null,"dansonguoi":null},"id":"diaphanhanhchinhcapxa_2025.1970"},
{"type":"Feature","geometry":{"type":"Polygon","coordinates":[[[108.39074,15.62561],[108.39104,15.62654],[108.3892,15.62834],[108.38902,15.6299],[108.38922,15.63441],[108.39152,15.63438],[108.39259,15.6362],[108.3843,15.63832],[108.38119,15.64011],[108.38221,15.64456],[108.38038,15.64429],[108.37945,15.64617],[108.37977,15.64743],[108.38166,15.64948],[108.38225,15.65091],[108.38219,15.6538],[108.38438,15.65516],[108.3777,15.66367],[108.37768,15.66593],[108.37948,15.6656],[108.37997,15.66886],[108.38164,15.668],[108.38338,15.66998],[108.38325,15.67146],[108.38755,15.67212],[108.3846,15.67383],[108.38502,15.67476],[108.38426,15.6808],[108.38368,15.68291],[108.3826,15.68346],[108.38156,15.68534],[108.37996,15.68503],[108.37899,15.68413],[108.37822,15.68535],[108.37724,15.68447],[108.37576,15.68424],[108.37514,15.68595],[108.37346,15.68791],[108.37145,15.6891],[108.37214,15.69063],[108.37129,15.69094],[108.37072,15.69064],[108.37039,15.68693],[108.36752,15.68457],[108.36624,15.68677],[108.36466,15.68552],[108.36264,15.68607],[108.36094,15.68475],[108.35997,15.686],[108.35871,15.6859],[108.35873,15.68242],[108.36053,15.68172],[108.35824,15.67775],[108.35714,15.67816],[108.35548,15.67708],[108.3528,15.67921],[108.35062,15.67858],[108.34955,15.67739],[108.3502,15.67576],[108.34894,15.67521],[108.34934,15.67367],[108.34728,15.67339],[108.34551,15.67122],[108.34596,15.66963],[108.34422,15.66979],[108.34291,15.66863],[108.34265,15.66677],[108.34146,15.66583],[108.34013,15.66279],[108.34111,15.66211],[108.34096,15.66089],[108.3397,15.66029],[108.33946,15.65591],[108.33837,15.65618],[108.33603,15.6536],[108.33506,15.65194],[108.3356,15.65065],[108.33451,15.64981],[108.33239,15.64923],[108.33208,15.64751],[108.33032,15.64663],[108.32938,15.64451],[108.32666,15.64458],[108.32559,15.64281],[108.32272,15.64354],[108.32154,15.64154],[108.31981,15.64104],[108.31778,15.64179],[108.31676,15.63853],[108.31706,15.63604],[108.31764,15.63537],[108.31699,15.63375],[108.32116,15.63164],[108.32082,15.63058],[108.3211,15.62794],[108.31827,15.62674],[108.31774,15.6252],[108.31606,15.62398],[108.31445,15.62155],[108.31205,15.61989],[108.30935,15.61954],[108.30795,15.61825],[108.30477,15.61641],[108.29938,15.61092],[108.29889,15.60978],[108.29743,15.60928],[108.2963,15.60675],[108.29364,15.60366],[108.29478,15.60239],[108.29474,15.59937],[108.29607,15.5961],[108.29613,15.59376],[108.29541,15.59172],[108.29503,15.58801],[108.29604,15.58633],[108.29845,15.58503],[108.29968,15.58378],[108.30131,15.58334],[108.30283,15.5839],[108.30474,15.5862],[108.30762,15.58735],[108.30945,15.58874],[108.3124,15.58858],[108.31508,15.58596],[108.32104,15.5853],[108.32266,15.58571],[108.32296,15.58918],[108.32429,15.59155],[108.32616,15.59389],[108.33026,15.59653],[108.33338,15.60022],[108.3332,15.6012],[108.33609,15.60261],[108.33827,15.60241],[108.33934,15.60294],[108.34208,15.60267],[108.34649,15.6035],[108.35022,15.60571],[108.35228,15.60583],[108.35575,15.6067],[108.35682,15.60644],[108.35794,15.60499],[108.3594,15.60454],[108.36147,15.60564],[108.36148,15.60722],[108.36246,15.60806],[108.36566,15.60969],[108.36864,15.60994],[108.37079,15.6115],[108.37477,15.6112],[108.37759,15.60759],[108.37965,15.60784],[108.38165,15.60895],[108.3834,15.60847],[108.38468,15.61051],[108.38695,15.61061],[108.38877,15.61203],[108.38854,15.613],[108.38983,15.61644],[108.3909,15.61836],[108.39012,15.61975],[108.38984,15.62445],[108.39074,15.62561]]]},"properties":{"a01_tinh":"diaphanhanhchinhcaptinh_sn.132","a02_xa":"diaphanhanhchinhcapxa_2025.1962","a03_ten":"Xã Thăng Phú","a04_tentinh":"Thành phố Đà Nẵng","a05_truocsn":"Xã Bình Phú, Xã Bình Quế","a06_trungtamhc":"Thôn Tú Trà, xã Thăng Phú","a07_dt":"60.5","a08_ds":"17266","a09_dthoai":null,"a10_web":null,"ten":"Xã Thăng Phú","ma":"20827","tentinh":"Thành Phố Đà Nẵng","truocsapnhap":"Xã Bình Phú, Xã Bình Quế","dientichkm2":null,"dansonguoi":null},"id":"diaphanhanhchinhcapxa_2025.1962"},
{"type":"Feature","geometry":{"type":"Polygon","coordinates":[[[108.45666,15.7361],[108.44888,15.72935],[108.4443,15.72911],[108.43861,15.72724],[108.43806,15.72592],[108.4334,15.72821],[108.42999,15.72909],[108.42899,15.73128],[108.42971,15.73369],[108.42959,15.73594],[108.4289,15.73704],[108.42747,15.73789],[108.42233,15.73848],[108.42114,15.73762],[108.42071,15.73343],[108.42111,15.73245],[108.42322,15.73062],[108.42077,15.7274],[108.42002,15.7259],[108.41863,15.72465],[108.41833,15.72307],[108.41736,15.72128],[108.41613,15.71798],[108.4106,15.71396],[108.40861,15.71234],[108.41125,15.70952],[108.41209,15.70776],[108.4151,15.70357],[108.41917,15.6991],[108.4212,15.69753],[108.4251,15.69515],[108.42887,15.69318],[108.43143,15.69134],[108.43512,15.68938],[108.43795,15.68812],[108.44481,15.6843],[108.44624,15.68318],[108.44853,15.68033],[108.45515,15.67384],[108.45668,15.67125],[108.4581,15.66646],[108.45832,15.66463],[108.45799,15.66032],[108.45562,15.65892],[108.4537,15.65723],[108.45223,15.65696],[108.45052,15.65727],[108.44983,15.65619],[108.44759,15.65615],[108.44693,15.65464],[108.44573,15.65326],[108.44647,15.65277],[108.44667,15.64697],[108.44625,15.64441],[108.44631,15.6423],[108.44537,15.64079],[108.44565,15.63786],[108.44535,15.63607],[108.44594,15.63463],[108.44356,15.63362],[108.44575,15.63059],[108.44686,15.63131],[108.44836,15.63129],[108.44945,15.63006],[108.45131,15.63029],[108.45425,15.63195],[108.4559,15.63008],[108.45823,15.6303],[108.4592,15.63093],[108.46315,15.62999],[108.4672,15.63076],[108.47241,15.63201],[108.47572,15.63233],[108.48052,15.63461],[108.482,15.63468],[108.48482,15.63594],[108.48934,15.63121],[108.48986,15.63033],[108.49212,15.63251],[108.50292,15.64113],[108.50613,15.64238],[108.51026,15.64371],[108.5144,15.64579],[108.50788,15.65578],[108.50481,15.6601],[108.50141,15.66586],[108.50008,15.66762],[108.49683,15.67259],[108.49323,15.67867],[108.49259,15.67925],[108.48954,15.68396],[108.48876,15.6857],[108.48777,15.68671],[108.48528,15.69102],[108.48353,15.69347],[108.48268,15.69536],[108.48113,15.6973],[108.47899,15.70116],[108.47431,15.70799],[108.47051,15.71447],[108.46965,15.71539],[108.4658,15.72185],[108.46437,15.72364],[108.4603,15.73043],[108.45666,15.7361]]]},"properties":{"a01_tinh":"diaphanhanhchinhcaptinh_sn.132","a02_xa":"diaphanhanhchinhcapxa_2025.1980","a03_ten":"Xã Thăng Trường","a04_tentinh":"Thành phố Đà Nẵng","a05_truocsn":"Xã Bình Nam, Xã Bình Hải, Xã Bình Sa","a06_trungtamhc":"Thôn Bình Trúc, xã Thăng Trường","a07_dt":"63.79","a08_ds":"24803","a09_dthoai":null,"a10_web":null,"ten":"Xã Thăng Trường","ma":"20836","tentinh":"Thành Phố Đà Nẵng","truocsapnhap":"Xã Bình Nam, Xã Bình Hải, Xã Bình Sa","dientichkm2":null,"dansonguoi":null},"id":"diaphanhanhchinhcapxa_2025.1980"},
{"type":"Feature","geometry":{"type":"Polygon","coordinates":[[[108.291,15.4963],[108.28842,15.49687],[108.28658,15.49636],[108.28639,15.49427],[108.28475,15.49506],[108.28349,15.49508],[108.28178,15.49583],[108.27998,15.49513],[108.27673,15.49276],[108.27256,15.49093],[108.2741,15.48924],[108.275,15.48745],[108.27473,15.48681],[108.27509,15.48384],[108.2758,15.48171],[108.2765,15.4812],[108.27709,15.47797],[108.27392,15.47745],[108.27141,15.47794],[108.27,15.4767],[108.26779,15.47673],[108.26586,15.47514],[108.26432,15.47524],[108.26254,15.47368],[108.25939,15.47196],[108.26082,15.47083],[108.26245,15.46739],[108.26248,15.46457],[108.26184,15.46201],[108.26378,15.46046],[108.26618,15.45906],[108.26658,15.45756],[108.26627,15.45625],[108.26668,15.45402],[108.26559,15.45296],[108.2671,15.45004],[108.26694,15.44909],[108.26458,15.44712],[108.26286,15.44357],[108.26562,15.44353],[108.26753,15.44211],[108.26853,15.44197],[108.27064,15.43864],[108.27271,15.4371],[108.27393,15.43742],[108.27597,15.43644],[108.27707,15.43404],[108.27712,15.42861],[108.27748,15.42704],[108.27971,15.42656],[108.28091,15.42537],[108.28118,15.4215],[108.27964,15.41945],[108.27832,15.41845],[108.27796,15.41628],[108.28069,15.41528],[108.2826,15.41525],[108.28359,15.41332],[108.28429,15.41358],[108.28875,15.41283],[108.28893,15.41145],[108.28737,15.41077],[108.28655,15.40916],[108.287,15.40678],[108.28795,15.4061],[108.28656,15.40139],[108.28831,15.402],[108.29114,15.40104],[108.29306,15.40395],[108.29435,15.40252],[108.2957,15.4018],[108.29731,15.40267],[108.29904,15.40281],[108.30221,15.40233],[108.30583,15.40252],[108.30669,15.40174],[108.30985,15.40172],[108.31137,15.40012],[108.31451,15.40127],[108.31637,15.39988],[108.31812,15.39673],[108.31965,15.39534],[108.32222,15.39589],[108.32446,15.39347],[108.32522,15.39564],[108.32751,15.39745],[108.32929,15.39792],[108.33096,15.39788],[108.33212,15.39967],[108.33347,15.40004],[108.33619,15.3992],[108.3391,15.39936],[108.34275,15.39676],[108.34588,15.39529],[108.34764,15.39554],[108.34786,15.39199],[108.34871,15.39129],[108.34921,15.38932],[108.35078,15.38904],[108.35239,15.38739],[108.35425,15.38636],[108.35513,15.38467],[108.35638,15.38357],[108.35843,15.38264],[108.36067,15.38427],[108.36222,15.38274],[108.36448,15.38191],[108.3655,15.38276],[108.36673,15.38242],[108.36924,15.38256],[108.37017,15.38337],[108.37328,15.38507],[108.3762,15.38786],[108.37872,15.38885],[108.37888,15.39054],[108.38006,15.3918],[108.38004,15.39365],[108.38136,15.39443],[108.38095,15.3969],[108.38034,15.39821],[108.37861,15.39995],[108.37763,15.40237],[108.37793,15.40435],[108.37735,15.40646],[108.37589,15.40808],[108.37411,15.41105],[108.37201,15.41307],[108.37127,15.41458],[108.37248,15.41692],[108.3725,15.41782],[108.37419,15.41999],[108.37753,15.42123],[108.37917,15.42123],[108.38027,15.42232],[108.37953,15.42313],[108.3776,15.42309],[108.37543,15.42517],[108.37869,15.4293],[108.38097,15.42991],[108.38053,15.43266],[108.37948,15.43358],[108.37707,15.43442],[108.37455,15.43462],[108.3766,15.4371],[108.37642,15.43915],[108.37688,15.44049],[108.37776,15.44063],[108.37854,15.44245],[108.38059,15.44335],[108.38149,15.44443],[108.38212,15.44702],[108.37929,15.4493],[108.37539,15.45089],[108.37233,15.45105],[108.37079,15.45033],[108.36625,15.45243],[108.36503,15.45267],[108.3645,15.45537],[108.36542,15.45758],[108.3639,15.45798],[108.36214,15.45902],[108.36157,15.46419],[108.36082,15.46605],[108.36066,15.46818],[108.36275,15.47081],[108.3621,15.47344],[108.36064,15.47571],[108.36061,15.4771],[108.358,15.47687],[108.35746,15.47542],[108.35503,15.4761],[108.35363,15.47588],[108.34944,15.47836],[108.34884,15.47619],[108.34786,15.47661],[108.34435,15.47584],[108.34385,15.47768],[108.34153,15.47816],[108.34074,15.47705],[108.33784,15.47547],[108.33877,15.47237],[108.33792,15.47159],[108.33635,15.47241],[108.33585,15.47166],[108.33299,15.47143],[108.33092,15.47024],[108.32843,15.47058],[108.32504,15.47209],[108.32245,15.47224],[108.32222,15.46995],[108.32023,15.46941],[108.31866,15.47077],[108.3171,15.47334],[108.31615,15.47572],[108.3146,15.4763],[108.3113,15.47848],[108.31089,15.47997],[108.3099,15.48084],[108.30887,15.48289],[108.3039,15.48745],[108.30119,15.48975],[108.29999,15.49025],[108.29666,15.49],[108.29272,15.49352],[108.291,15.4963]]]},"properties":{"a01_tinh":"diaphanhanhchinhcaptinh_sn.132","a02_xa":"diaphanhanhchinhcapxa_2025.1969","a03_ten":"Xã Thạnh Bình","a04_tentinh":"Thành phố Đà Nẵng","a05_truocsn":"Xã Tiên Lập, Xã Tiên Lộc, Xã Tiên An, Xã Tiên Cảnh","a06_trungtamhc":"Thôn 5, xã Thạnh Bình","a07_dt":"100.89","a08_ds":"24775","a09_dthoai":null,"a10_web":null,"ten":"Xã Thạnh Bình","ma":"20878","tentinh":"Thành Phố Đà Nẵng","truocsapnhap":"Xã Tiên Lập, Xã Tiên Lộc, Xã Tiên An, Xã Tiên Cảnh","dientichkm2":null,"dansonguoi":null},"id":"diaphanhanhchinhcapxa_2025.1969"},
{"type":"Feature","geometry":{"type":"Polygon","coordinates":[[[107.88573,15.73934],[107.88004,15.74179],[107.87868,15.74292],[107.87759,15.7448],[107.8781,15.74629],[107.87729,15.74792],[107.87685,15.75127],[107.87753,15.75283],[107.87766,15.75645],[107.8773,15.75958],[107.87585,15.7616],[107.87501,15.76214],[107.87053,15.76259],[107.86975,15.76424],[107.8699,15.76611],[107.86888,15.76716],[107.86781,15.76991],[107.86732,15.77239],[107.86823,15.77594],[107.86735,15.77976],[107.86501,15.78113],[107.86338,15.78023],[107.86182,15.78076],[107.86206,15.78228],[107.86163,15.78388],[107.86052,15.78524],[107.8584,15.78687],[107.85812,15.7891],[107.85695,15.79063],[107.85412,15.79255],[107.85424,15.79414],[107.8527,15.79411],[107.85166,15.79497],[107.84946,15.79799],[107.84905,15.79991],[107.84801,15.80167],[107.83885,15.7959],[107.83685,15.79807],[107.83414,15.80035],[107.83417,15.80222],[107.83331,15.80434],[107.82929,15.80374],[107.82822,15.80483],[107.83142,15.80812],[107.83283,15.81084],[107.83327,15.8127],[107.83314,15.81442],[107.83533,15.81974],[107.83518,15.82084],[107.83141,15.82119],[107.82796,15.81983],[107.82552,15.81989],[107.8239,15.82091],[107.82106,15.82371],[107.81993,15.82432],[107.81788,15.82406],[107.81684,15.82456],[107.8143,15.82411],[107.81213,15.82331],[107.81037,15.82437],[107.81024,15.82653],[107.80947,15.82751],[107.80629,15.8288],[107.80356,15.82739],[107.80101,15.82765],[107.79644,15.82685],[107.79296,15.82775],[107.79091,15.82748],[107.78954,15.82644],[107.78779,15.82382],[107.78511,15.82239],[107.7825,15.82154],[107.78064,15.82046],[107.78015,15.81928],[107.77657,15.81709],[107.7739,15.81677],[107.7696,15.81718],[107.76563,15.81674],[107.76176,15.81516],[107.75975,15.81497],[107.75609,15.81312],[107.75524,15.81197],[107.75442,15.8095],[107.75159,15.80832],[107.74608,15.80755],[107.74186,15.80662],[107.7402,15.80685],[107.73875,15.80859],[107.73784,15.80711],[107.73741,15.80394],[107.73598,15.80213],[107.73405,15.79823],[107.73354,15.79616],[107.73231,15.79488],[107.73032,15.79468],[107.72873,15.79338],[107.72777,15.79157],[107.72724,15.78852],[107.72636,15.78603],[107.7244,15.78547],[107.72222,15.78378],[107.72188,15.78279],[107.71914,15.77895],[107.71698,15.77757],[107.71345,15.77679],[107.71158,15.77695],[107.71031,15.77804],[107.70935,15.77972],[107.70667,15.77908],[107.70233,15.77858],[107.69795,15.77784],[107.69364,15.77795],[107.69148,15.77741],[107.68892,15.77594],[107.68696,15.77443],[107.68387,15.775],[107.68255,15.77309],[107.68032,15.77448],[107.68005,15.77577],[107.67841,15.77565],[107.67713,15.7762],[107.67543,15.77587],[107.67329,15.77615],[107.67044,15.77706],[107.6674,15.77713],[107.66607,15.77791],[107.66468,15.77762],[107.66205,15.77535],[107.66151,15.77379],[107.66173,15.77276],[107.66082,15.76797],[107.6594,15.76622],[107.65804,15.76614],[107.65433,15.76244],[107.65284,15.76147],[107.6533,15.75807],[107.65297,15.75328],[107.65131,15.75177],[107.65235,15.74718],[107.65202,15.74389],[107.65216,15.74174],[107.65196,15.73677],[107.65341,15.73441],[107.65365,15.73335],[107.65295,15.73164],[107.654,15.72968],[107.65541,15.72854],[107.66001,15.72583],[107.66163,15.72543],[107.66218,15.72416],[107.66436,15.72314],[107.66711,15.72372],[107.67156,15.72375],[107.67272,15.72342],[107.67396,15.72433],[107.67827,15.7264],[107.68113,15.7273],[107.68231,15.72925],[107.68407,15.73019],[107.68567,15.73214],[107.68686,15.7355],[107.69146,15.74104],[107.69346,15.74637],[107.69541,15.74812],[107.69575,15.75012],[107.69703,15.7503],[107.69802,15.74923],[107.70069,15.74849],[107.70229,15.74759],[107.7034,15.74624],[107.70325,15.74495],[107.70416,15.74217],[107.70658,15.74083],[107.7077,15.73922],[107.70986,15.73804],[107.71088,15.73636],[107.71432,15.73712],[107.71892,15.73406],[107.71923,15.73325],[107.7184,15.73157],[107.718,15.72864],[107.71739,15.72781],[107.72089,15.72551],[107.72156,15.72467],[107.72173,15.72202],[107.72091,15.7204],[107.721,15.71771],[107.72012,15.71435],[107.72002,15.70861],[107.72108,15.70967],[107.72378,15.71013],[107.72471,15.71061],[107.72752,15.71015],[107.7299,15.71136],[107.73054,15.71225],[107.73269,15.71341],[107.73471,15.7135],[107.73541,15.71301],[107.73667,15.71428],[107.7389,15.71513],[107.74121,15.71458],[107.7429,15.71519],[107.74505,15.71511],[107.7473,15.71608],[107.74975,15.71757],[107.75111,15.71729],[107.75309,15.71815],[107.75307,15.72025],[107.75441,15.72182],[107.75624,15.72488],[107.75895,15.72468],[107.76146,15.72541],[107.76217,15.727],[107.76297,15.72732],[107.76419,15.73009],[107.76575,15.73097],[107.76694,15.73289],[107.76897,15.7346],[107.77259,15.73616],[107.77595,15.73928],[107.77901,15.74034],[107.78347,15.74313],[107.78508,15.74365],[107.78705,15.74227],[107.78783,15.7433],[107.79037,15.74422],[107.79168,15.74306],[107.79239,15.74344],[107.79588,15.74169],[107.79813,15.74349],[107.80278,15.74499],[107.80548,15.74358],[107.80672,15.741],[107.8075,15.74019],[107.8094,15.74002],[107.81183,15.73903],[107.81264,15.7383],[107.81135,15.73641],[107.81169,15.73504],[107.81097,15.73283],[107.81246,15.7322],[107.81186,15.72946],[107.81376,15.72561],[107.81524,15.72517],[107.81923,15.7256],[107.81883,15.72389],[107.81951,15.72263],[107.81852,15.71964],[107.81887,15.7184],[107.81863,15.71634],[107.81912,15.71482],[107.82038,15.71361],[107.82094,15.71005],[107.82047,15.70696],[107.8175,15.704],[107.81632,15.70119],[107.81734,15.6984],[107.81967,15.69748],[107.82025,15.69643],[107.81969,15.69501],[107.82008,15.69412],[107.82221,15.69207],[107.82383,15.691],[107.82816,15.68913],[107.82928,15.68804],[107.82966,15.68649],[107.83077,15.68553],[107.83566,15.683],[107.8374,15.68267],[107.83866,15.6853],[107.83801,15.68771],[107.83863,15.68812],[107.84087,15.68782],[107.84192,15.6883],[107.84375,15.68796],[107.8462,15.68849],[107.84988,15.68812],[107.85341,15.68936],[107.85423,15.69122],[107.85554,15.69278],[107.8573,15.69354],[107.85842,15.69464],[107.86041,15.6956],[107.86111,15.69646],[107.8628,15.69608],[107.86432,15.69513],[107.86608,15.69605],[107.86644,15.69788],[107.86941,15.69819],[107.8704,15.6995],[107.87131,15.70202],[107.87196,15.70269],[107.87444,15.70257],[107.87656,15.70362],[107.87848,15.70327],[107.87967,15.70479],[107.87845,15.70731],[107.87863,15.71179],[107.88149,15.71376],[107.88375,15.71451],[107.88323,15.71858],[107.885,15.72243],[107.88493,15.72481],[107.88391,15.72574],[107.88501,15.72742],[107.8866,15.72861],[107.88715,15.73104],[107.88794,15.73249],[107.88618,15.73542],[107.88553,15.73762],[107.88573,15.73934]]]},"properties":{"a01_tinh":"diaphanhanhchinhcaptinh_sn.132","a02_xa":"diaphanhanhchinhcapxa_2025.1928","a03_ten":"Xã Thạnh Mỹ","a04_tentinh":"Thành phố Đà Nẵng","a05_truocsn":"Thị trấn Thạnh Mỹ","a06_trungtamhc":"Thôn Mực, xã Thạnh Mỹ","a07_dt":"207.28","a08_ds":"9072","a09_dthoai":null,"a10_web":null,"ten":"Xã Thạnh Mỹ","ma":"20695","tentinh":"Thành Phố Đà Nẵng","truocsapnhap":"Thị trấn Thạnh Mỹ","dientichkm2":null,"dansonguoi":null},"id":"diaphanhanhchinhcapxa_2025.1928"},
{"type":"Feature","geometry":{"type":"Polygon","coordinates":[[[108.04664,15.76493],[108.04681,15.76473],[108.05519,15.76427],[108.05661,15.7643],[108.05973,15.76328],[108.06141,15.76314],[108.06438,15.76379],[108.06701,15.76249],[108.06884,15.76123],[108.06951,15.75954],[108.07126,15.75755],[108.07089,15.75634],[108.07237,15.75351],[108.07151,15.75299],[108.07001,15.75096],[108.07105,15.74973],[108.07282,15.74927],[108.07392,15.74654],[108.07469,15.74552],[108.07483,15.74387],[108.07609,15.74279],[108.07689,15.74131],[108.07606,15.74036],[108.07707,15.73882],[108.07635,15.73672],[108.07807,15.73593],[108.08146,15.73634],[108.08384,15.73517],[108.088,15.73267],[108.09233,15.73183],[108.09444,15.7322],[108.09643,15.73148],[108.10021,15.73269],[108.10257,15.73264],[108.1043,15.73328],[108.10575,15.7331],[108.10816,15.734],[108.1122,15.7371],[108.11281,15.73798],[108.11747,15.73927],[108.12127,15.73717],[108.12664,15.73617],[108.12772,15.73655],[108.12849,15.73806],[108.12998,15.73963],[108.13141,15.73892],[108.13357,15.73914],[108.13407,15.73681],[108.13512,15.73611],[108.13556,15.73991],[108.13654,15.74221],[108.1362,15.74351],[108.13747,15.74775],[108.13521,15.75177],[108.13816,15.7539],[108.13878,15.75499],[108.13842,15.75774],[108.13694,15.75992],[108.13571,15.76081],[108.13525,15.7639],[108.13628,15.76729],[108.13472,15.77089],[108.13765,15.77346],[108.13848,15.77574],[108.14012,15.77786],[108.14174,15.7793],[108.14252,15.78062],[108.14307,15.78281],[108.14221,15.78524],[108.14359,15.787],[108.14384,15.78913],[108.15196,15.79366],[108.1554,15.7965],[108.15981,15.79892],[108.16605,15.80287],[108.16478,15.80599],[108.16696,15.80838],[108.16897,15.80855],[108.17231,15.81252],[108.17286,15.81408],[108.1738,15.81453],[108.17547,15.81644],[108.17753,15.81821],[108.17976,15.8192],[108.18217,15.81989],[108.18361,15.82144],[108.18759,15.82395],[108.19112,15.82733],[108.19027,15.82879],[108.19077,15.83256],[108.19137,15.8347],[108.18589,15.8335],[108.1825,15.83301],[108.17562,15.83143],[108.17345,15.83114],[108.17065,15.83226],[108.16792,15.83399],[108.16751,15.83495],[108.16738,15.83745],[108.16601,15.83962],[108.16231,15.84377],[108.16043,15.84622],[108.15714,15.8495],[108.15296,15.85215],[108.15154,15.85243],[108.14913,15.8518],[108.14756,15.85064],[108.14674,15.84958],[108.14534,15.84896],[108.14199,15.8481],[108.13693,15.84713],[108.12942,15.84634],[108.12681,15.84581],[108.11925,15.84504],[108.11786,15.84458],[108.11493,15.84274],[108.11163,15.84093],[108.10856,15.83855],[108.10724,15.8364],[108.10517,15.83388],[108.10094,15.82987],[108.09925,15.8291],[108.09679,15.82675],[108.09452,15.825],[108.09231,15.82418],[108.08906,15.8241],[108.08759,15.82461],[108.08488,15.82411],[108.08072,15.82203],[108.07755,15.81977],[108.07513,15.8188],[108.07153,15.81535],[108.0708,15.81241],[108.06954,15.80978],[108.06901,15.80753],[108.06723,15.80323],[108.0636,15.79747],[108.05986,15.79244],[108.05713,15.79037],[108.05157,15.7875],[108.0505,15.78669],[108.04437,15.78285],[108.0427,15.78149],[108.04049,15.77803],[108.04,15.77592],[108.03995,15.77394],[108.04122,15.77148],[108.04436,15.76736],[108.04664,15.76493]]]},"properties":{"a01_tinh":"diaphanhanhchinhcaptinh_sn.132","a02_xa":"diaphanhanhchinhcapxa_2025.1936","a03_ten":"Xã Thu Bồn","a04_tentinh":"Thành phố Đà Nẵng","a05_truocsn":"Xã Duy Châu, Xã Duy Hoà, Xã Duy Phú, Xã Duy Tân","a06_trungtamhc":"Thôn Phú Lạc, xã Thu Bồn","a07_dt":"108.77","a08_ds":"36909","a09_dthoai":null,"a10_web":null,"ten":"Xã Thu Bồn","ma":"20611","tentinh":"Thành Phố Đà Nẵng","truocsapnhap":"Xã Duy Châu, Xã Duy Hoà, Xã Duy Phú, Xã Duy Tân","dientichkm2":null,"dansonguoi":null},"id":"diaphanhanhchinhcapxa_2025.1936"},
{"type":"Feature","geometry":{"type":"Polygon","coordinates":[[[107.86736,15.93527],[107.86529,15.93456],[107.86067,15.93717],[107.85802,15.93704],[107.85546,15.93577],[107.85392,15.93549],[107.85247,15.9342],[107.84952,15.93536],[107.84795,15.93406],[107.84732,15.9325],[107.84755,15.93083],[107.84697,15.92895],[107.84745,15.92737],[107.84714,15.92444],[107.84646,15.92198],[107.84671,15.92005],[107.84636,15.91735],[107.84655,15.916],[107.84455,15.91533],[107.84105,15.91088],[107.83888,15.91022],[107.83794,15.90889],[107.83677,15.90891],[107.83565,15.90633],[107.83606,15.90159],[107.8371,15.90082],[107.83734,15.89972],[107.83618,15.89596],[107.837,15.89524],[107.83725,15.8928],[107.83725,15.88901],[107.83792,15.88834],[107.83808,15.88636],[107.83685,15.88135],[107.8362,15.87668],[107.83539,15.87505],[107.83573,15.87364],[107.83373,15.86958],[107.83183,15.86774],[107.83163,15.86521],[107.83029,15.8629],[107.83076,15.86037],[107.8303,15.85955],[107.82877,15.85894],[107.82637,15.85886],[107.82253,15.85531],[107.81728,15.85352],[107.81429,15.85355],[107.81173,15.85469],[107.80984,15.8547],[107.80872,15.8542],[107.81065,15.85248],[107.8108,15.84874],[107.81329,15.84591],[107.81517,15.84454],[107.81234,15.84111],[107.81101,15.83992],[107.81097,15.83879],[107.80852,15.83857],[107.80667,15.83664],[107.80534,15.83587],[107.80349,15.8336],[107.80275,15.83017],[107.80101,15.82765],[107.80356,15.82739],[107.80629,15.8288],[107.80947,15.82751],[107.81024,15.82653],[107.81037,15.82437],[107.81213,15.82331],[107.8143,15.82411],[107.81684,15.82456],[107.81788,15.82406],[107.81993,15.82432],[107.82106,15.82371],[107.8239,15.82091],[107.82552,15.81989],[107.82796,15.81983],[107.83141,15.82119],[107.83518,15.82084],[107.83533,15.81974],[107.83314,15.81442],[107.83327,15.8127],[107.83283,15.81084],[107.83142,15.80812],[107.82822,15.80483],[107.82929,15.80374],[107.83331,15.80434],[107.83417,15.80222],[107.83414,15.80035],[107.83685,15.79807],[107.83885,15.7959],[107.84801,15.80167],[107.84905,15.79991],[107.84946,15.79799],[107.85166,15.79497],[107.8527,15.79411],[107.85424,15.79414],[107.85412,15.79255],[107.85695,15.79063],[107.85812,15.7891],[107.8584,15.78687],[107.86052,15.78524],[107.86163,15.78388],[107.86206,15.78228],[107.86182,15.78076],[107.86338,15.78023],[107.86501,15.78113],[107.86735,15.77976],[107.86823,15.77594],[107.86732,15.77239],[107.86781,15.76991],[107.86888,15.76716],[107.8699,15.76611],[107.86975,15.76424],[107.87053,15.76259],[107.87501,15.76214],[107.87585,15.7616],[107.8773,15.75958],[107.87766,15.75645],[107.87753,15.75283],[107.87685,15.75127],[107.87729,15.74792],[107.8781,15.74629],[107.87759,15.7448],[107.87868,15.74292],[107.88004,15.74179],[107.88573,15.73934],[107.88852,15.7409],[107.88909,15.74161],[107.89209,15.74277],[107.89492,15.7429],[107.89681,15.74412],[107.89649,15.74546],[107.89739,15.74593],[107.89925,15.74525],[107.90239,15.74319],[107.90603,15.74193],[107.9084,15.74075],[107.91569,15.74044],[107.91633,15.74117],[107.9195,15.74161],[107.92059,15.74125],[107.92082,15.73972],[107.9222,15.74006],[107.92305,15.73912],[107.92686,15.73629],[107.92837,15.73584],[107.92851,15.73712],[107.93116,15.73997],[107.9306,15.74208],[107.93342,15.74352],[107.93298,15.74487],[107.9354,15.74648],[107.9366,15.74623],[107.93652,15.74817],[107.93401,15.75114],[107.93545,15.75157],[107.93519,15.75484],[107.93659,15.75506],[107.9362,15.75736],[107.9353,15.75838],[107.93632,15.7598],[107.93579,15.76396],[107.93647,15.76621],[107.93544,15.76691],[107.93703,15.77003],[107.93655,15.77216],[107.93763,15.77402],[107.93735,15.77532],[107.93832,15.77635],[107.9398,15.7767],[107.94033,15.77793],[107.942,15.77879],[107.94314,15.78241],[107.94241,15.78484],[107.94309,15.7869],[107.94045,15.79183],[107.94022,15.79463],[107.93777,15.79438],[107.93504,15.79312],[107.93393,15.79486],[107.93248,15.79478],[107.93006,15.79389],[107.92937,15.79253],[107.92651,15.79191],[107.92639,15.79033],[107.92548,15.7893],[107.92401,15.78921],[107.92281,15.78838],[107.9214,15.78889],[107.92033,15.78813],[107.91983,15.78683],[107.91799,15.78446],[107.91678,15.7844],[107.91465,15.78584],[107.91286,15.78626],[107.91182,15.78785],[107.91071,15.78829],[107.91076,15.78944],[107.90981,15.79133],[107.90721,15.79269],[107.9062,15.79516],[107.90272,15.79875],[107.90195,15.80003],[107.90061,15.80013],[107.89955,15.80099],[107.89829,15.80103],[107.89749,15.80402],[107.89759,15.80547],[107.89977,15.80845],[107.90198,15.80934],[107.90155,15.81144],[107.90268,15.81215],[107.90703,15.81899],[107.90864,15.82096],[107.90943,15.8235],[107.91038,15.82492],[107.91173,15.82599],[107.92099,15.83026],[107.92382,15.83059],[107.92665,15.83127],[107.92907,15.83236],[107.93309,15.83496],[107.94145,15.84135],[107.94407,15.84626],[107.94985,15.84983],[107.95376,15.85137],[107.95553,15.8517],[107.96074,15.85186],[107.96693,15.85045],[107.96771,15.85048],[107.9678,15.85658],[107.9694,15.85647],[107.9707,15.85816],[107.97032,15.85877],[107.96785,15.85871],[107.96745,15.8604],[107.96873,15.86116],[107.96731,15.86361],[107.96734,15.86803],[107.96672,15.86935],[107.9679,15.87008],[107.96422,15.87321],[107.96377,15.87459],[107.96273,15.87577],[107.96312,15.87798],[107.96292,15.87948],[107.96199,15.88201],[107.96345,15.88733],[107.96311,15.88807],[107.96375,15.88995],[107.9647,15.89061],[107.96565,15.89242],[107.96617,15.89539],[107.96903,15.89909],[107.97012,15.90176],[107.96744,15.90544],[107.96492,15.9053],[107.96292,15.90639],[107.96197,15.90934],[107.96006,15.91375],[107.9582,15.91575],[107.95688,15.9163],[107.95574,15.91764],[107.95674,15.9206],[107.95611,15.92192],[107.95374,15.92253],[107.95176,15.92208],[107.94772,15.92021],[107.94621,15.92014],[107.94299,15.91921],[107.94261,15.91851],[107.94095,15.91891],[107.94002,15.91801],[107.93731,15.92069],[107.93445,15.9215],[107.93218,15.92279],[107.93247,15.91975],[107.93161,15.91891],[107.93242,15.91644],[107.9309,15.91582],[107.93052,15.91312],[107.92844,15.91218],[107.92576,15.91148],[107.92168,15.91274],[107.91993,15.91239],[107.91732,15.91106],[107.91373,15.91067],[107.91252,15.91105],[107.91106,15.91235],[107.90588,15.9144],[107.90366,15.91484],[107.89974,15.91646],[107.89904,15.91749],[107.89712,15.91812],[107.89605,15.91923],[107.89547,15.92099],[107.89368,15.92197],[107.89256,15.92395],[107.89112,15.9242],[107.88942,15.9271],[107.8894,15.92785],[107.88782,15.9284],[107.88511,15.93075],[107.88034,15.93048],[107.87998,15.93173],[107.87814,15.93158],[107.87682,15.93056],[107.87158,15.93136],[107.86894,15.93199],[107.86779,15.93291],[107.86736,15.93527]]]},"properties":{"a01_tinh":"diaphanhanhchinhcaptinh_sn.132","a02_xa":"diaphanhanhchinhcapxa_2025.1925","a03_ten":"Xã Thượng Đức","a04_tentinh":"Thành phố Đà Nẵng","a05_truocsn":"Xã Đại Lãnh, Xã Đại Hưng, Xã Đại Sơn","a06_trungtamhc":"Thôn Tân Hà, xã Thượng Đức","a07_dt":"216.37","a08_ds":"2252","a09_dthoai":null,"a10_web":null,"ten":"Xã Thượng Đức","ma":"20506","tentinh":"Thành Phố Đà Nẵng","truocsapnhap":"Xã Đại Lãnh, Xã Đại Hưng, Xã Đại Sơn","dientichkm2":null,"dansonguoi":null},"id":"diaphanhanhchinhcapxa_2025.1925"},
{"type":"Feature","geometry":{"type":"Polygon","coordinates":[[[108.36839,15.54938],[108.36729,15.54928],[108.36483,15.54692],[108.36255,15.54588],[108.3613,15.5458],[108.36028,15.54677],[108.35732,15.5477],[108.35409,15.54711],[108.3514,15.54599],[108.34972,15.54807],[108.34729,15.54892],[108.34699,15.54959],[108.34493,15.55051],[108.34422,15.55009],[108.33976,15.54958],[108.33818,15.54993],[108.33599,15.55199],[108.33314,15.55227],[108.32959,15.55392],[108.32827,15.55405],[108.32425,15.55293],[108.32305,15.55281],[108.3217,15.5508],[108.31986,15.5489],[108.3208,15.54634],[108.31812,15.54537],[108.31668,15.54438],[108.3139,15.54377],[108.31189,15.54179],[108.30909,15.54084],[108.30827,15.53978],[108.30737,15.53755],[108.30574,15.53618],[108.30555,15.53537],[108.30257,15.5336],[108.30298,15.53279],[108.30314,15.52919],[108.30453,15.52901],[108.30475,15.52782],[108.30382,15.52572],[108.30202,15.52447],[108.30243,15.52214],[108.30333,15.52113],[108.30317,15.51954],[108.30142,15.51799],[108.30206,15.51652],[108.3023,15.51354],[108.30331,15.51232],[108.30566,15.51083],[108.30637,15.50921],[108.30766,15.50843],[108.30645,15.50602],[108.30336,15.50556],[108.30193,15.50638],[108.30007,15.50523],[108.29767,15.50551],[108.29624,15.50444],[108.29491,15.50427],[108.29236,15.50478],[108.29175,15.50378],[108.29177,15.50195],[108.29059,15.49978],[108.291,15.4963],[108.29272,15.49352],[108.29666,15.49],[108.29999,15.49025],[108.30119,15.48975],[108.3039,15.48745],[108.30887,15.48289],[108.3099,15.48084],[108.31089,15.47997],[108.3113,15.47848],[108.3146,15.4763],[108.31615,15.47572],[108.3171,15.47334],[108.31866,15.47077],[108.32023,15.46941],[108.32222,15.46995],[108.32245,15.47224],[108.32504,15.47209],[108.32843,15.47058],[108.33092,15.47024],[108.33299,15.47143],[108.33585,15.47166],[108.33635,15.47241],[108.33792,15.47159],[108.33877,15.47237],[108.33784,15.47547],[108.34074,15.47705],[108.34153,15.47816],[108.34385,15.47768],[108.34435,15.47584],[108.34786,15.47661],[108.34884,15.47619],[108.34944,15.47836],[108.35363,15.47588],[108.35503,15.4761],[108.35746,15.47542],[108.358,15.47687],[108.36061,15.4771],[108.36064,15.47571],[108.3621,15.47344],[108.36275,15.47081],[108.36066,15.46818],[108.36082,15.46605],[108.36157,15.46419],[108.36214,15.45902],[108.3639,15.45798],[108.36542,15.45758],[108.3645,15.45537],[108.36503,15.45267],[108.36625,15.45243],[108.37079,15.45033],[108.37233,15.45105],[108.37539,15.45089],[108.37929,15.4493],[108.38212,15.44702],[108.38414,15.44943],[108.38588,15.4496],[108.3863,15.45082],[108.38576,15.45251],[108.387,15.45358],[108.38787,15.45695],[108.38906,15.45889],[108.39054,15.4592],[108.3921,15.46265],[108.39188,15.46589],[108.39279,15.46916],[108.39204,15.47151],[108.39255,15.47268],[108.39207,15.47441],[108.39245,15.4785],[108.39127,15.47973],[108.3899,15.4832],[108.39035,15.48476],[108.3878,15.48635],[108.38738,15.48829],[108.38432,15.48928],[108.38311,15.49083],[108.38325,15.49339],[108.38242,15.49538],[108.38303,15.49752],[108.38032,15.49977],[108.38092,15.50089],[108.38097,15.50269],[108.3797,15.50497],[108.37866,15.50479],[108.37691,15.50568],[108.37854,15.50686],[108.37841,15.50764],[108.37671,15.50883],[108.37893,15.51315],[108.37946,15.51583],[108.37868,15.51781],[108.38099,15.51892],[108.37947,15.52095],[108.37617,15.52129],[108.3725,15.5212],[108.37181,15.52193],[108.37037,15.52201],[108.37015,15.52288],[108.36849,15.52484],[108.36849,15.52563],[108.36968,15.5277],[108.37238,15.52982],[108.37317,15.53085],[108.37375,15.53282],[108.37236,15.53419],[108.37241,15.53578],[108.37138,15.5368],[108.3692,15.53757],[108.36842,15.53832],[108.36819,15.53992],[108.36965,15.54241],[108.37097,15.5422],[108.37303,15.54346],[108.36996,15.54738],[108.36954,15.54866],[108.36839,15.54938]]]},"properties":{"a01_tinh":"diaphanhanhchinhcaptinh_sn.132","a02_xa":"diaphanhanhchinhcapxa_2025.1960","a03_ten":"Xã Tiên Phước","a04_tentinh":"Thành phố Đà Nẵng","a05_truocsn":"Thị trấn Tiên Kỳ, Xã Tiên Mỹ, Xã Tiên Phong, Xã Tiên Thọ","a06_trungtamhc":"Số 81 đường Huỳnh Thúc Kháng, xã Tiên Phước","a07_dt":"74.63","a08_ds":"28137","a09_dthoai":null,"a10_web":null,"ten":"Xã Tiên Phước","ma":"20854","tentinh":"Thành Phố Đà Nẵng","truocsapnhap":"Thị trấn Tiên Kỳ, Xã Tiên Mỹ, Xã Tiên Phong, Xã Tiên Thọ","dientichkm2":null,"dansonguoi":null},"id":"diaphanhanhchinhcapxa_2025.1960"},
{"type":"Feature","geometry":{"type":"Polygon","coordinates":[[[108.15683,15.39185],[108.15666,15.3931],[108.15201,15.39543],[108.15049,15.39697],[108.14965,15.39981],[108.14844,15.4028],[108.14834,15.4071],[108.14647,15.41152],[108.14542,15.41261],[108.1425,15.41479],[108.14136,15.41786],[108.14125,15.41938],[108.14178,15.42096],[108.14405,15.42448],[108.14501,15.42776],[108.14483,15.42912],[108.14239,15.43152],[108.14057,15.4324],[108.13553,15.43361],[108.13465,15.4343],[108.12893,15.43086],[108.1259,15.42972],[108.12465,15.42964],[108.12388,15.42773],[108.1206,15.42911],[108.11939,15.43138],[108.11651,15.43302],[108.11547,15.43418],[108.11231,15.43293],[108.11042,15.43299],[108.10785,15.43209],[108.1067,15.43036],[108.1045,15.42821],[108.10254,15.42543],[108.10323,15.42357],[108.1025,15.42129],[108.10102,15.41903],[108.09792,15.41878],[108.09661,15.4182],[108.09567,15.41585],[108.09577,15.41241],[108.09493,15.41057],[108.09605,15.40949],[108.09754,15.40536],[108.09762,15.40397],[108.09912,15.40211],[108.09554,15.40016],[108.09492,15.39921],[108.0932,15.39837],[108.09251,15.39658],[108.0904,15.39542],[108.08926,15.3941],[108.08784,15.3935],[108.08651,15.39214],[108.08451,15.39199],[108.08219,15.39285],[108.08099,15.39402],[108.07819,15.39453],[108.0771,15.39384],[108.07532,15.39513],[108.07393,15.39546],[108.07159,15.39537],[108.06756,15.3989],[108.06612,15.40144],[108.06331,15.40396],[108.05933,15.40641],[108.0563,15.40715],[108.05407,15.40478],[108.05233,15.40428],[108.04937,15.40452],[108.04525,15.40427],[108.04143,15.40628],[108.04042,15.40791],[108.03736,15.41004],[108.03489,15.40982],[108.03304,15.41077],[108.03093,15.41318],[108.03068,15.41576],[108.02851,15.41679],[108.02729,15.41636],[108.02567,15.4166],[108.02446,15.41791],[108.02303,15.42029],[108.0217,15.4187],[108.01861,15.41817],[108.01742,15.41642],[108.01825,15.41341],[108.01796,15.41072],[108.01801,15.40741],[108.01867,15.40476],[108.01997,15.40219],[108.02036,15.40011],[108.02119,15.39924],[108.02136,15.39774],[108.0194,15.39561],[108.01927,15.39468],[108.0169,15.39185],[108.01424,15.39218],[108.01182,15.39196],[108.01218,15.39016],[108.01214,15.38634],[108.01357,15.38478],[108.01397,15.38336],[108.01638,15.3812],[108.01881,15.38038],[108.01937,15.3794],[108.01812,15.37665],[108.01744,15.37363],[108.01334,15.37289],[108.011,15.37363],[108.00763,15.37246],[108.00587,15.37275],[108.00386,15.37229],[108.00266,15.37131],[107.99938,15.3703],[107.99653,15.37085],[107.99559,15.36974],[107.99188,15.36773],[107.99029,15.36775],[107.98685,15.36697],[107.98239,15.36681],[107.98154,15.36743],[107.97867,15.36745],[107.97729,15.36689],[107.97522,15.36692],[107.97331,15.36764],[107.97044,15.36799],[107.96732,15.36776],[107.96536,15.36853],[107.96174,15.36819],[107.95872,15.36819],[107.95475,15.36698],[107.95339,15.36371],[107.95394,15.35831],[107.95294,15.35707],[107.95221,15.35353],[107.95279,15.35047],[107.95555,15.34812],[107.95485,15.34686],[107.95391,15.34322],[107.95298,15.34207],[107.95366,15.34087],[107.95563,15.33938],[107.95643,15.33787],[107.9584,15.3366],[107.95924,15.33285],[107.96171,15.33008],[107.96327,15.32898],[107.96386,15.32722],[107.96357,15.32592],[107.96446,15.32458],[107.96456,15.32318],[107.96293,15.32256],[107.96145,15.32082],[107.95972,15.32013],[107.95951,15.31808],[107.95777,15.31578],[107.95557,15.31434],[107.95404,15.31291],[107.95223,15.31276],[107.95076,15.31042],[107.9496,15.30994],[107.94764,15.30999],[107.94497,15.30798],[107.94589,15.30619],[107.94622,15.30386],[107.94804,15.30029],[107.94817,15.29813],[107.94999,15.29643],[107.95269,15.29603],[107.95603,15.29625],[107.9569,15.29697],[107.95878,15.29719],[107.96008,15.29644],[107.96159,15.29745],[107.96336,15.29753],[107.96435,15.29835],[107.96906,15.29846],[107.97194,15.30038],[107.97477,15.30082],[107.97938,15.30074],[107.9814,15.30142],[107.98328,15.3008],[107.98537,15.30223],[107.98834,15.30272],[107.98921,15.30374],[107.9916,15.3038],[107.99302,15.30451],[107.9944,15.30393],[107.99471,15.30556],[107.9968,15.30603],[107.99719,15.30688],[108.00202,15.30977],[108.00415,15.30793],[108.00665,15.30664],[108.00682,15.30876],[108.00837,15.30944],[108.00868,15.31133],[108.01055,15.31116],[108.01236,15.31203],[108.01436,15.31149],[108.01654,15.31164],[108.01884,15.31073],[108.01961,15.30835],[108.02327,15.31008],[108.02516,15.30977],[108.02561,15.30801],[108.02742,15.3054],[108.02978,15.3039],[108.03065,15.30145],[108.03317,15.30033],[108.03476,15.30016],[108.03957,15.30094],[108.04148,15.30276],[108.04315,15.30313],[108.04375,15.30624],[108.04471,15.30891],[108.04638,15.31],[108.04984,15.31121],[108.05107,15.31259],[108.05322,15.31288],[108.05527,15.31404],[108.05978,15.31423],[108.06322,15.31217],[108.06431,15.30949],[108.06727,15.30862],[108.06972,15.30734],[108.07179,15.30732],[108.07538,15.30849],[108.07756,15.30853],[108.07892,15.30769],[108.07824,15.30434],[108.07856,15.30347],[108.08056,15.30082],[108.08186,15.29613],[108.08249,15.29501],[108.08247,15.2932],[108.08462,15.29008],[108.08671,15.2897],[108.08779,15.28786],[108.08993,15.28711],[108.09073,15.2853],[108.09273,15.28223],[108.09427,15.27924],[108.09336,15.27847],[108.09264,15.27667],[108.09326,15.2749],[108.0955,15.27289],[108.09672,15.27035],[108.0987,15.27307],[108.09989,15.27401],[108.1039,15.2764],[108.10757,15.27777],[108.10849,15.27877],[108.10813,15.28232],[108.1098,15.2867],[108.1098,15.28949],[108.10944,15.29034],[108.12563,15.28633],[108.12757,15.28577],[108.12697,15.28979],[108.12496,15.29882],[108.12408,15.31075],[108.12328,15.31377],[108.12301,15.31866],[108.12356,15.32244],[108.12681,15.32345],[108.13797,15.32733],[108.1389,15.3305],[108.14279,15.33044],[108.14795,15.33119],[108.14973,15.33174],[108.15082,15.33143],[108.15197,15.33279],[108.15348,15.33331],[108.1574,15.33339],[108.16152,15.33275],[108.16875,15.33536],[108.17041,15.33534],[108.17437,15.33649],[108.1751,15.33781],[108.17673,15.33959],[108.17858,15.34012],[108.17947,15.34095],[108.18012,15.34346],[108.17926,15.3439],[108.1786,15.34569],[108.17701,15.34676],[108.17557,15.34977],[108.17488,15.35223],[108.17543,15.3527],[108.1758,15.35618],[108.17541,15.35804],[108.17393,15.35791],[108.17146,15.3596],[108.17125,15.36073],[108.16995,15.36112],[108.16831,15.36266],[108.16625,15.36402],[108.16335,15.36526],[108.1618,15.36624],[108.16192,15.37022],[108.16121,15.37245],[108.1619,15.37479],[108.16104,15.37652],[108.15938,15.3768],[108.15764,15.37892],[108.15458,15.37934],[108.15257,15.38141],[108.15123,15.38351],[108.15107,15.38532],[108.15154,15.38676],[108.15376,15.3895],[108.15607,15.39073],[108.15683,15.39185]]]},"properties":{"a01_tinh":"diaphanhanhchinhcaptinh_sn.132","a02_xa":"diaphanhanhchinhcapxa_2025.1953","a03_ten":"Xã Trà Đốc","a04_tentinh":"Thành phố Đà Nẵng","a05_truocsn":"Xã Trà Bui, Xã Trà Đốc","a06_trungtamhc":"Thôn 2, xã Trà Đốc","a07_dt":"233.61","a08_ds":"10475","a09_dthoai":null,"a10_web":null,"ten":"Xã Trà Đốc","ma":"20920","tentinh":"Thành Phố Đà Nẵng","truocsapnhap":"Xã Trà Bui, Xã Trà Đốc","dientichkm2":null,"dansonguoi":null},"id":"diaphanhanhchinhcapxa_2025.1953"},
{"type":"Feature","geometry":{"type":"Polygon","coordinates":[[[108.21112,15.19572],[108.21265,15.19533],[108.21301,15.19242],[108.21173,15.19033],[108.21257,15.18917],[108.21232,15.18802],[108.21424,15.18613],[108.2141,15.18467],[108.21529,15.18324],[108.21608,15.181],[108.22106,15.1798],[108.22131,15.17763],[108.22261,15.17643],[108.22002,15.17345],[108.21971,15.17158],[108.21846,15.16977],[108.21733,15.16953],[108.21742,15.16765],[108.21824,15.1655],[108.21753,15.16281],[108.21769,15.15933],[108.21678,15.15152],[108.21692,15.14905],[108.21845,15.14806],[108.21878,15.14691],[108.22019,15.14539],[108.22052,15.14333],[108.22128,15.14292],[108.22408,15.13862],[108.22462,15.1366],[108.22699,15.13408],[108.22878,15.13375],[108.22871,15.1313],[108.23152,15.13087],[108.2333,15.12986],[108.23416,15.13066],[108.23653,15.1303],[108.23885,15.12881],[108.23942,15.1276],[108.24071,15.12689],[108.24232,15.12522],[108.24512,15.12492],[108.24787,15.12244],[108.24922,15.11982],[108.25161,15.11966],[108.25284,15.1189],[108.25495,15.11917],[108.25794,15.11908],[108.26026,15.11828],[108.26164,15.11871],[108.26253,15.12046],[108.26243,15.12189],[108.26323,15.12409],[108.26467,15.12435],[108.26652,15.12649],[108.26893,15.12655],[108.27046,15.12903],[108.27194,15.12862],[108.27353,15.12916],[108.27362,15.13031],[108.27499,15.13076],[108.2747,15.1339],[108.2756,15.13487],[108.27452,15.13598],[108.27816,15.13721],[108.27903,15.14035],[108.27702,15.14273],[108.27738,15.14402],[108.28116,15.14408],[108.2807,15.14536],[108.28172,15.14713],[108.28369,15.14917],[108.28399,15.15058],[108.28291,15.15327],[108.28587,15.1535],[108.28601,15.15549],[108.28664,15.15658],[108.28964,15.15775],[108.28872,15.15996],[108.28897,15.16068],[108.29099,15.1618],[108.2916,15.16316],[108.29313,15.1649],[108.29344,15.16651],[108.29504,15.16849],[108.29791,15.17022],[108.29898,15.16972],[108.30188,15.17126],[108.30417,15.17102],[108.30595,15.17455],[108.30404,15.17755],[108.30166,15.1805],[108.29969,15.18188],[108.3003,15.18327],[108.29996,15.1856],[108.30149,15.18692],[108.30288,15.18753],[108.30325,15.18877],[108.3024,15.18968],[108.3026,15.19127],[108.3018,15.19346],[108.30054,15.19425],[108.29813,15.195],[108.29621,15.1949],[108.29533,15.19435],[108.29291,15.19563],[108.29308,15.19681],[108.29126,15.19787],[108.29122,15.19943],[108.29254,15.2023],[108.29368,15.20299],[108.29495,15.20285],[108.2968,15.20352],[108.29855,15.20521],[108.29896,15.2064],[108.30251,15.20825],[108.3045,15.2098],[108.30515,15.21306],[108.30642,15.2149],[108.30658,15.21744],[108.30701,15.2188],[108.30842,15.22118],[108.3075,15.22544],[108.30537,15.22721],[108.30123,15.22633],[108.30075,15.22599],[108.29743,15.22618],[108.2969,15.2268],[108.29235,15.22821],[108.29033,15.22743],[108.28895,15.22753],[108.286,15.22669],[108.28572,15.22838],[108.28955,15.23231],[108.28931,15.23422],[108.2858,15.23573],[108.28458,15.23564],[108.283,15.23889],[108.28239,15.24145],[108.28097,15.24367],[108.28342,15.24494],[108.28705,15.24481],[108.29031,15.24632],[108.29169,15.24763],[108.29112,15.24916],[108.29257,15.25063],[108.29313,15.25295],[108.29477,15.25415],[108.29687,15.25428],[108.29739,15.2554],[108.29904,15.25555],[108.3014,15.25675],[108.30314,15.25875],[108.30407,15.26266],[108.3049,15.2647],[108.30537,15.26728],[108.30621,15.26796],[108.30515,15.27236],[108.30529,15.27466],[108.30438,15.27522],[108.30377,15.27757],[108.29938,15.2789],[108.29689,15.27895],[108.29586,15.27825],[108.29475,15.27863],[108.28736,15.27898],[108.28491,15.27841],[108.28311,15.27891],[108.282,15.27779],[108.28223,15.27636],[108.28176,15.27408],[108.2809,15.27316],[108.28109,15.27141],[108.28044,15.27058],[108.28058,15.2687],[108.2796,15.2671],[108.27956,15.26575],[108.27771,15.26469],[108.27667,15.26277],[108.27456,15.26225],[108.27292,15.26106],[108.27169,15.25948],[108.26906,15.25952],[108.26646,15.25854],[108.26613,15.25753],[108.26345,15.25785],[108.26248,15.25732],[108.25978,15.25744],[108.25676,15.25681],[108.25449,15.25516],[108.2533,15.25531],[108.24964,15.25325],[108.24984,15.25074],[108.24932,15.25018],[108.24668,15.25001],[108.24531,15.24953],[108.24344,15.24761],[108.24029,15.24888],[108.23893,15.24866],[108.23756,15.24972],[108.23648,15.24792],[108.23534,15.24421],[108.2342,15.24158],[108.23174,15.23879],[108.23129,15.2379],[108.22963,15.23696],[108.22686,15.23723],[108.2237,15.23579],[108.2212,15.23358],[108.21891,15.2342],[108.21732,15.23353],[108.21388,15.23293],[108.2122,15.23102],[108.20822,15.22927],[108.20796,15.22446],[108.20714,15.22153],[108.20575,15.21921],[108.2055,15.21625],[108.20675,15.21235],[108.20577,15.20831],[108.2077,15.20604],[108.20771,15.20521],[108.20596,15.20226],[108.20589,15.19944],[108.20705,15.19799],[108.20782,15.19565],[108.20879,15.19613],[108.21112,15.19572]]]},"properties":{"a01_tinh":"diaphanhanhchinhcaptinh_sn.132","a02_xa":"diaphanhanhchinhcapxa_2025.1981","a03_ten":"Xã Trà Giáp","a04_tentinh":"Thành phố Đà Nẵng","a05_truocsn":"Xã Trà Ka, Xã Trà Giáp","a06_trungtamhc":"Thôn 2, xã Trà Giáp","a07_dt":"121.55","a08_ds":"5939","a09_dthoai":null,"a10_web":null,"ten":"Xã Trà Giáp","ma":"20929","tentinh":"Thành Phố Đà Nẵng","truocsapnhap":"Xã Trà Ka, Xã Trà Giáp","dientichkm2":null,"dansonguoi":null},"id":"diaphanhanhchinhcapxa_2025.1981"},
{"type":"Feature","geometry":{"type":"Polygon","coordinates":[[[108.09672,15.27035],[108.0955,15.27289],[108.09326,15.2749],[108.09264,15.27667],[108.09336,15.27847],[108.09427,15.27924],[108.09273,15.28223],[108.09073,15.2853],[108.08993,15.28711],[108.08779,15.28786],[108.08671,15.2897],[108.08462,15.29008],[108.08247,15.2932],[108.08249,15.29501],[108.08186,15.29613],[108.08056,15.30082],[108.07856,15.30347],[108.07824,15.30434],[108.07892,15.30769],[108.07756,15.30853],[108.07538,15.30849],[108.07179,15.30732],[108.06972,15.30734],[108.06727,15.30862],[108.06431,15.30949],[108.06322,15.31217],[108.05978,15.31423],[108.05527,15.31404],[108.05322,15.31288],[108.05107,15.31259],[108.04984,15.31121],[108.04638,15.31],[108.04471,15.30891],[108.04375,15.30624],[108.04315,15.30313],[108.04148,15.30276],[108.03957,15.30094],[108.03476,15.30016],[108.03317,15.30033],[108.03065,15.30145],[108.02978,15.3039],[108.02742,15.3054],[108.02561,15.30801],[108.02516,15.30977],[108.02327,15.31008],[108.01961,15.30835],[108.01884,15.31073],[108.01654,15.31164],[108.01436,15.31149],[108.01236,15.31203],[108.01055,15.31116],[108.00868,15.31133],[108.00837,15.30944],[108.00682,15.30876],[108.00665,15.30664],[108.00415,15.30793],[108.00202,15.30977],[107.99719,15.30688],[107.9968,15.30603],[107.99471,15.30556],[107.9944,15.30393],[107.99302,15.30451],[107.9916,15.3038],[107.98921,15.30374],[107.98834,15.30272],[107.98537,15.30223],[107.98328,15.3008],[107.9814,15.30142],[107.97938,15.30074],[107.97477,15.30082],[107.97194,15.30038],[107.96906,15.29846],[107.96435,15.29835],[107.96336,15.29753],[107.96159,15.29745],[107.96008,15.29644],[107.95878,15.29719],[107.9569,15.29697],[107.95603,15.29625],[107.95269,15.29603],[107.94999,15.29643],[107.94817,15.29813],[107.94646,15.2961],[107.94377,15.29403],[107.94117,15.29259],[107.93993,15.29091],[107.93833,15.28652],[107.9387,15.2855],[107.94235,15.28151],[107.94202,15.27956],[107.94223,15.27804],[107.94163,15.2765],[107.94325,15.27622],[107.9441,15.27269],[107.94518,15.27195],[107.94649,15.26957],[107.94687,15.26816],[107.94657,15.26533],[107.94829,15.25928],[107.94773,15.25735],[107.94563,15.25639],[107.94375,15.25642],[107.94279,15.25565],[107.94124,15.25536],[107.94089,15.25402],[107.94181,15.2508],[107.94065,15.2461],[107.93866,15.24479],[107.93649,15.24387],[107.93458,15.24215],[107.93421,15.24082],[107.93538,15.23801],[107.93433,15.23514],[107.9349,15.23288],[107.93682,15.23182],[107.93547,15.23086],[107.9334,15.2282],[107.93323,15.22518],[107.93157,15.22359],[107.92973,15.22306],[107.92873,15.22082],[107.92763,15.21944],[107.92686,15.21728],[107.92723,15.21582],[107.92878,15.21378],[107.92808,15.20977],[107.93047,15.2081],[107.93116,15.20685],[107.931,15.20532],[107.93143,15.20259],[107.93381,15.20058],[107.93345,15.19741],[107.93352,15.19532],[107.93707,15.19065],[107.94139,15.19008],[107.9442,15.18807],[107.94706,15.18773],[107.94829,15.18656],[107.94977,15.18362],[107.94943,15.17987],[107.95033,15.17756],[107.95037,15.17512],[107.95139,15.17512],[107.95583,15.17417],[107.95902,15.17292],[107.96056,15.17303],[107.96258,15.17215],[107.96436,15.17031],[107.96579,15.16935],[107.96916,15.16899],[107.97111,15.16775],[107.97304,15.16809],[107.97651,15.16732],[107.97837,15.16658],[107.98135,15.16664],[107.98215,15.16619],[107.98301,15.16365],[107.98449,15.16229],[107.98613,15.15948],[107.98934,15.15816],[107.99151,15.1569],[107.99479,15.15736],[107.99714,15.15674],[107.99903,15.15687],[107.99987,15.15611],[107.99998,15.15198],[107.99963,15.15069],[108.00057,15.14977],[108.00213,15.14698],[108.00357,15.14276],[108.00433,15.14256],[108.00726,15.14573],[108.0115,15.14716],[108.01351,15.14696],[108.01795,15.149],[108.02003,15.14883],[108.02077,15.15002],[108.02306,15.15103],[108.02485,15.15225],[108.02689,15.15416],[108.02601,15.15614],[108.02552,15.15907],[108.02626,15.16312],[108.02758,15.1645],[108.02933,15.16727],[108.02957,15.16848],[108.03084,15.17078],[108.03226,15.17167],[108.03316,15.17351],[108.03507,15.17377],[108.03652,15.17507],[108.0384,15.17547],[108.03962,15.1777],[108.04181,15.17797],[108.04263,15.1789],[108.04073,15.18264],[108.0405,15.18414],[108.03915,15.18586],[108.03844,15.18823],[108.03672,15.1897],[108.037,15.1936],[108.03788,15.19699],[108.03863,15.19771],[108.03969,15.2034],[108.04115,15.20547],[108.04091,15.207],[108.0419,15.2085],[108.04487,15.20865],[108.04523,15.2076],[108.04922,15.20924],[108.05171,15.21003],[108.05207,15.21139],[108.0551,15.21432],[108.05761,15.21502],[108.05717,15.21608],[108.05888,15.21719],[108.05828,15.21937],[108.05849,15.22065],[108.05947,15.22254],[108.06121,15.22319],[108.06166,15.22429],[108.06323,15.22446],[108.0644,15.22621],[108.06566,15.22909],[108.0666,15.22947],[108.06721,15.23141],[108.06914,15.23197],[108.06986,15.23322],[108.06961,15.23486],[108.0721,15.23457],[108.07357,15.23692],[108.07787,15.23703],[108.07993,15.23807],[108.08157,15.23777],[108.08358,15.23538],[108.08473,15.23297],[108.08865,15.23006],[108.09117,15.22914],[108.09309,15.22707],[108.09379,15.22717],[108.0928,15.22912],[108.09429,15.23221],[108.09374,15.23332],[108.09404,15.23576],[108.09393,15.23818],[108.09429,15.23979],[108.0943,15.24377],[108.09492,15.24577],[108.09606,15.24787],[108.09713,15.24861],[108.09861,15.24868],[108.10438,15.24839],[108.11033,15.2483],[108.11173,15.24961],[108.11267,15.25195],[108.11234,15.25288],[108.10885,15.2542],[108.10891,15.25621],[108.10784,15.25718],[108.10543,15.25704],[108.10362,15.25895],[108.10318,15.2615],[108.1007,15.26315],[108.09897,15.26745],[108.09672,15.27035]]]},"properties":{"a01_tinh":"diaphanhanhchinhcaptinh_sn.132","a02_xa":"diaphanhanhchinhcapxa_2025.1987","a03_ten":"Xã Trà Leng","a04_tentinh":"Thành phố Đà Nẵng","a05_truocsn":"Xã Trà Dơn, Xã Trà Leng","a06_trungtamhc":"Thôn 2 xã Trà Leng","a07_dt":"221.15","a08_ds":"6586","a09_dthoai":null,"a10_web":null,"ten":"Xã Trà Leng","ma":"20938","tentinh":"Thành Phố Đà Nẵng","truocsapnhap":"Xã Trà Dơn, Xã Trà Leng","dientichkm2":null,"dansonguoi":null},"id":"diaphanhanhchinhcapxa_2025.1987"},
{"type":"Feature","geometry":{"type":"Polygon","coordinates":[[[108.42813,15.32223],[108.42852,15.32528],[108.43134,15.32676],[108.43299,15.32855],[108.43408,15.32888],[108.43624,15.32813],[108.4365,15.32915],[108.43924,15.33154],[108.44224,15.33182],[108.44377,15.33339],[108.44549,15.33419],[108.44713,15.33405],[108.44981,15.33656],[108.45292,15.33676],[108.45625,15.33994],[108.45525,15.34165],[108.45522,15.34351],[108.45625,15.34477],[108.45624,15.34604],[108.45873,15.3487],[108.46185,15.34929],[108.46342,15.34994],[108.46434,15.35237],[108.46435,15.35517],[108.46736,15.35731],[108.46808,15.36456],[108.46791,15.36675],[108.46869,15.36734],[108.46952,15.36972],[108.46833,15.37119],[108.46844,15.37239],[108.46754,15.3738],[108.46734,15.37611],[108.46603,15.37821],[108.46596,15.37909],[108.46773,15.37956],[108.46793,15.38089],[108.4676,15.3838],[108.46851,15.3851],[108.46814,15.38653],[108.46635,15.39051],[108.46645,15.39147],[108.46529,15.39274],[108.46418,15.395],[108.46649,15.39808],[108.46629,15.39985],[108.46071,15.39667],[108.45627,15.39524],[108.4504,15.39578],[108.44804,15.39633],[108.44538,15.39455],[108.44443,15.39342],[108.44034,15.39385],[108.43791,15.3936],[108.43619,15.39278],[108.43548,15.39319],[108.43209,15.39294],[108.42987,15.39397],[108.42674,15.39305],[108.42472,15.39328],[108.42391,15.39224],[108.42231,15.39237],[108.42152,15.39423],[108.418,15.39435],[108.41684,15.39337],[108.41507,15.39353],[108.4144,15.39284],[108.41178,15.39173],[108.41052,15.39195],[108.40765,15.39358],[108.40375,15.39212],[108.4018,15.39173],[108.39952,15.39308],[108.39826,15.39343],[108.39485,15.39295],[108.39217,15.39289],[108.38945,15.39343],[108.38814,15.39247],[108.38599,15.39267],[108.38517,15.39354],[108.38205,15.39471],[108.38136,15.39443],[108.38004,15.39365],[108.38006,15.3918],[108.37888,15.39054],[108.37872,15.38885],[108.3762,15.38786],[108.37328,15.38507],[108.37017,15.38337],[108.36924,15.38256],[108.36673,15.38242],[108.3655,15.38276],[108.36448,15.38191],[108.36222,15.38274],[108.36067,15.38427],[108.35843,15.38264],[108.35638,15.38357],[108.35513,15.38467],[108.35425,15.38636],[108.35239,15.38739],[108.35078,15.38904],[108.34921,15.38932],[108.34871,15.39129],[108.34786,15.39199],[108.34764,15.39554],[108.34588,15.39529],[108.34275,15.39676],[108.3391,15.39936],[108.33619,15.3992],[108.33347,15.40004],[108.33212,15.39967],[108.33096,15.39788],[108.32929,15.39792],[108.32751,15.39745],[108.32522,15.39564],[108.32446,15.39347],[108.32222,15.39589],[108.31965,15.39534],[108.31812,15.39673],[108.31637,15.39988],[108.31451,15.40127],[108.31137,15.40012],[108.31004,15.3979],[108.31064,15.3941],[108.30951,15.39147],[108.30958,15.38654],[108.30826,15.38687],[108.30803,15.38412],[108.30697,15.38156],[108.30361,15.37849],[108.3032,15.37607],[108.30222,15.37325],[108.29879,15.37089],[108.29597,15.37047],[108.29198,15.36897],[108.29129,15.36796],[108.29197,15.36689],[108.29172,15.36458],[108.2921,15.36287],[108.29047,15.36283],[108.28958,15.36222],[108.28764,15.3626],[108.28615,15.36218],[108.28361,15.36347],[108.28109,15.3629],[108.27948,15.36307],[108.27862,15.3625],[108.27918,15.36124],[108.27917,15.35967],[108.28233,15.35602],[108.2828,15.35478],[108.28512,15.35312],[108.28858,15.35274],[108.29081,15.35209],[108.29251,15.35075],[108.29211,15.34885],[108.28972,15.34736],[108.28836,15.34544],[108.29097,15.33974],[108.29038,15.3376],[108.29044,15.33615],[108.2889,15.33386],[108.28724,15.33063],[108.28597,15.33031],[108.28506,15.32845],[108.28585,15.3264],[108.28519,15.32525],[108.28343,15.3245],[108.28282,15.3227],[108.2811,15.32229],[108.27915,15.32056],[108.27541,15.31823],[108.27456,15.31737],[108.2726,15.31655],[108.26783,15.31542],[108.26596,15.31413],[108.26613,15.31138],[108.26562,15.30994],[108.26674,15.30994],[108.27021,15.31147],[108.2716,15.31073],[108.27347,15.30853],[108.27446,15.30843],[108.27562,15.30939],[108.27569,15.31219],[108.27707,15.31284],[108.27932,15.3124],[108.28142,15.31158],[108.28268,15.31244],[108.28508,15.31321],[108.28646,15.3116],[108.28925,15.30974],[108.28914,15.30799],[108.29136,15.3075],[108.29114,15.30324],[108.29153,15.30185],[108.29336,15.30168],[108.29427,15.30072],[108.2961,15.30024],[108.29691,15.29622],[108.29815,15.29494],[108.29841,15.29299],[108.30049,15.29064],[108.29932,15.2882],[108.29926,15.28679],[108.30031,15.28509],[108.29985,15.28288],[108.29988,15.28072],[108.29938,15.2789],[108.30395,15.28659],[108.307,15.28974],[108.31148,15.29225],[108.31388,15.29626],[108.31437,15.2984],[108.31668,15.2992],[108.31898,15.30122],[108.32187,15.30185],[108.3248,15.30053],[108.32991,15.29997],[108.33224,15.2985],[108.33356,15.29812],[108.33542,15.29692],[108.33738,15.29645],[108.3396,15.29769],[108.34252,15.29851],[108.34407,15.29748],[108.34781,15.29728],[108.35165,15.29579],[108.35244,15.29657],[108.3557,15.29671],[108.35899,15.29531],[108.36172,15.29545],[108.36426,15.2944],[108.36443,15.29568],[108.3659,15.29764],[108.36771,15.29798],[108.37158,15.30007],[108.37409,15.30071],[108.37485,15.30178],[108.37785,15.30268],[108.37841,15.30331],[108.3811,15.30353],[108.38385,15.30269],[108.38756,15.30196],[108.39236,15.29847],[108.39435,15.29899],[108.3976,15.29939],[108.39883,15.30005],[108.40269,15.30028],[108.4033,15.30082],[108.40332,15.30407],[108.40277,15.30574],[108.40356,15.30711],[108.40281,15.308],[108.40367,15.30918],[108.40545,15.30969],[108.40662,15.31069],[108.40965,15.30908],[108.41044,15.30818],[108.4133,15.30814],[108.41479,15.30663],[108.41567,15.30648],[108.41781,15.30804],[108.42038,15.31067],[108.4217,15.31146],[108.4222,15.31247],[108.42671,15.31574],[108.42674,15.31722],[108.42759,15.31926],[108.42813,15.32223]]]},"properties":{"a01_tinh":"diaphanhanhchinhcaptinh_sn.132","a02_xa":"diaphanhanhchinhcapxa_2025.1964","a03_ten":"Xã Trà Liên","a04_tentinh":"Thành phố Đà Nẵng","a05_truocsn":"Xã Trà Đông, Xã Trà Nú, Xã Trà Kót","a06_trungtamhc":"Thôn Định Yên, xã Trà Liên","a07_dt":"178.15","a08_ds":"7052","a09_dthoai":null,"a10_web":null,"ten":"Xã Trà Liên","ma":"20908","tentinh":"Thành Phố Đà Nẵng","truocsapnhap":"Xã Trà Đông, Xã Trà Nú, Xã Trà Kót","dientichkm2":null,"dansonguoi":null},"id":"diaphanhanhchinhcapxa_2025.1964"},
{"type":"Feature","geometry":{"type":"Polygon","coordinates":[[[108.08889,15.06066],[108.08739,15.05965],[108.08783,15.0576],[108.08716,15.05696],[108.08522,15.05668],[108.08334,15.05369],[108.08069,15.05226],[108.07861,15.05204],[108.07736,15.05115],[108.07567,15.04752],[108.07334,15.04802],[108.07211,15.04707],[108.07179,15.0456],[108.06809,15.04535],[108.06726,15.04596],[108.06629,15.04822],[108.06387,15.04775],[108.06217,15.04819],[108.06103,15.04902],[108.05931,15.04785],[108.0579,15.04759],[108.05733,15.04599],[108.05607,15.04592],[108.05387,15.0441],[108.05173,15.04305],[108.04922,15.04318],[108.04507,15.04266],[108.04176,15.04341],[108.04074,15.04417],[108.03691,15.04328],[108.03556,15.04339],[108.03563,15.04524],[108.03393,15.04768],[108.03281,15.05048],[108.03163,15.05216],[108.02979,15.05298],[108.02814,15.05495],[108.02809,15.05646],[108.02603,15.05886],[108.02351,15.058],[108.02256,15.05838],[108.01929,15.06127],[108.01714,15.06191],[108.01496,15.06179],[108.01312,15.06218],[108.0117,15.06196],[108.00874,15.06356],[108.00699,15.06385],[108.00502,15.06488],[108.00366,15.06618],[108.00566,15.06782],[108.00736,15.06996],[108.0092,15.07098],[108.00918,15.07476],[108.00486,15.07688],[108.00197,15.07804],[108.00077,15.07882],[108.00043,15.08],[107.9992,15.08072],[107.99935,15.08386],[107.99807,15.08655],[107.99699,15.08799],[107.99568,15.08874],[107.99569,15.09077],[107.99514,15.09212],[107.9935,15.09303],[107.99031,15.09398],[107.98923,15.09394],[107.98882,15.09581],[107.9855,15.09388],[107.98338,15.09218],[107.98345,15.08944],[107.98033,15.08695],[107.97935,15.08449],[107.97809,15.0822],[107.97874,15.08006],[107.97845,15.07869],[107.97661,15.0765],[107.97553,15.07461],[107.97533,15.07342],[107.97653,15.07167],[107.97619,15.06933],[107.97486,15.06907],[107.97154,15.06679],[107.96991,15.06684],[107.96853,15.0658],[107.96533,15.06571],[107.96067,15.06332],[107.95797,15.05974],[107.95555,15.05872],[107.95305,15.05509],[107.9504,15.0536],[107.95015,15.05223],[107.95223,15.0508],[107.95352,15.04846],[107.95768,15.04528],[107.95973,15.04286],[107.95864,15.03814],[107.95679,15.03711],[107.95846,15.03524],[107.96002,15.03295],[107.96119,15.03009],[107.9628,15.02922],[107.96333,15.02689],[107.96498,15.02212],[107.96828,15.01774],[107.96927,15.01701],[107.9702,15.01493],[107.97232,15.0138],[107.97186,15.01241],[107.97254,15.01191],[107.97397,15.01258],[107.97644,15.01127],[107.97892,15.01037],[107.98299,15.01027],[107.98324,15.00671],[107.98618,15.00305],[107.9873,15.00117],[107.98843,15.00077],[107.99095,14.99909],[107.99253,14.99928],[107.99475,15.00085],[107.99844,15.00083],[108.00061,15.00215],[108.00357,15.00225],[108.00705,15.0005],[108.00824,14.99898],[108.00849,14.99712],[108.00982,14.99833],[108.01198,14.99898],[108.01557,15.00079],[108.0171,15.00258],[108.01868,15.00008],[108.02061,14.99974],[108.02241,14.9986],[108.02414,14.99818],[108.02589,14.99834],[108.0296,14.99775],[108.03112,14.99675],[108.03592,14.99505],[108.03991,14.99396],[108.04753,14.9923],[108.04979,14.98993],[108.0489,14.98864],[108.0487,14.98653],[108.05048,14.98522],[108.0528,14.98276],[108.05495,14.98101],[108.05578,14.9796],[108.05994,14.9746],[108.06052,14.97415],[108.06042,14.97213],[108.06596,14.97129],[108.07069,14.96967],[108.0725,14.96937],[108.07479,14.97018],[108.07701,14.96912],[108.0784,14.96767],[108.08128,14.96627],[108.08249,14.96072],[108.08446,14.95754],[108.08643,14.95574],[108.0923,14.9524],[108.09515,14.95302],[108.09715,14.95233],[108.09837,14.95282],[108.1011,14.95261],[108.10213,14.95217],[108.10627,14.95132],[108.1078,14.9521],[108.10982,14.95496],[108.11228,14.95534],[108.11317,14.95629],[108.11462,14.95683],[108.11658,14.95866],[108.11785,14.95933],[108.12138,14.95913],[108.1238,14.95999],[108.125,14.9598],[108.12511,14.96109],[108.12663,14.96119],[108.12733,14.96033],[108.12939,14.95923],[108.13339,14.95929],[108.13472,14.9604],[108.13582,14.96201],[108.13795,14.95982],[108.14162,14.95914],[108.14902,14.96137],[108.1497,14.96264],[108.15238,14.96474],[108.15329,14.96612],[108.15532,14.96758],[108.1555,14.969],[108.15779,14.97124],[108.16087,14.97233],[108.16292,14.97448],[108.16295,14.97525],[108.15985,14.97815],[108.15931,14.97935],[108.15901,14.98243],[108.15849,14.9831],[108.15848,14.98667],[108.15763,14.98774],[108.158,14.99095],[108.15682,14.99327],[108.15419,14.9949],[108.15248,15.00039],[108.15087,15.00144],[108.15037,15.00248],[108.13225,15.00722],[108.12953,15.00765],[108.12789,15.00865],[108.12388,15.01283],[108.12243,15.01575],[108.122,15.01724],[108.12076,15.0188],[108.12068,15.02025],[108.11989,15.02179],[108.11841,15.02307],[108.11796,15.02437],[108.11792,15.02653],[108.11578,15.02905],[108.11461,15.02871],[108.11376,15.02958],[108.11327,15.03114],[108.11156,15.03215],[108.10895,15.03454],[108.10691,15.0352],[108.10727,15.03721],[108.10569,15.03823],[108.10579,15.04118],[108.10501,15.04355],[108.10426,15.04444],[108.10187,15.04438],[108.1005,15.04478],[108.099,15.04636],[108.09465,15.04643],[108.09258,15.04867],[108.09049,15.04726],[108.08893,15.04867],[108.08982,15.05285],[108.09006,15.0551],[108.09126,15.05648],[108.09119,15.05776],[108.08961,15.05932],[108.08889,15.06066]]]},"properties":{"a01_tinh":"diaphanhanhchinhcaptinh_sn.132","a02_xa":"diaphanhanhchinhcapxa_2025.1985","a03_ten":"Xã Trà Linh","a04_tentinh":"Thành phố Đà Nẵng","a05_truocsn":"Xã Trà Nam, Xã Trà Linh","a06_trungtamhc":"Thôn 3, Xã Trà Linh","a07_dt":"158.19","a08_ds":"7088","a09_dthoai":null,"a10_web":null,"ten":"Xã Trà Linh","ma":"20950","tentinh":"Thành Phố Đà Nẵng","truocsapnhap":"Xã Trà Nam, Xã Trà Linh","dientichkm2":null,"dansonguoi":null},"id":"diaphanhanhchinhcapxa_2025.1985"},
{"type":"Feature","geometry":{"type":"Polygon","coordinates":[[[108.31137,15.40012],[108.30985,15.40172],[108.30669,15.40174],[108.30583,15.40252],[108.30221,15.40233],[108.29904,15.40281],[108.29731,15.40267],[108.2957,15.4018],[108.29435,15.40252],[108.29306,15.40395],[108.29114,15.40104],[108.28831,15.402],[108.28656,15.40139],[108.28444,15.40166],[108.28274,15.39977],[108.28018,15.39951],[108.27812,15.39969],[108.27716,15.39882],[108.27597,15.39888],[108.27329,15.39697],[108.26991,15.39717],[108.26871,15.398],[108.2661,15.39739],[108.26386,15.39745],[108.26158,15.39645],[108.26054,15.39692],[108.25815,15.39711],[108.25749,15.39641],[108.25489,15.39499],[108.25282,15.39473],[108.25147,15.39535],[108.2495,15.39536],[108.24849,15.39662],[108.24663,15.39775],[108.24579,15.3973],[108.24393,15.39777],[108.2404,15.39758],[108.23923,15.39673],[108.23861,15.39383],[108.23608,15.39128],[108.23495,15.38933],[108.23216,15.38821],[108.23106,15.38652],[108.22789,15.38597],[108.22565,15.3859],[108.22368,15.38736],[108.22007,15.38826],[108.21791,15.387],[108.21212,15.38732],[108.20749,15.38879],[108.20501,15.38681],[108.20215,15.38821],[108.19989,15.38851],[108.19767,15.39003],[108.19587,15.39008],[108.19392,15.38866],[108.19375,15.38764],[108.19025,15.38411],[108.18916,15.382],[108.187,15.37974],[108.1861,15.37943],[108.18319,15.38058],[108.18031,15.38099],[108.17715,15.38002],[108.17577,15.38076],[108.17474,15.38009],[108.17328,15.38047],[108.17117,15.3817],[108.17037,15.3816],[108.16814,15.38242],[108.16608,15.38509],[108.16205,15.38669],[108.1611,15.38886],[108.15911,15.39037],[108.15831,15.39147],[108.15683,15.39185],[108.15607,15.39073],[108.15376,15.3895],[108.15154,15.38676],[108.15107,15.38532],[108.15123,15.38351],[108.15257,15.38141],[108.15458,15.37934],[108.15764,15.37892],[108.15938,15.3768],[108.16104,15.37652],[108.1619,15.37479],[108.16121,15.37245],[108.16192,15.37022],[108.1618,15.36624],[108.16335,15.36526],[108.16625,15.36402],[108.16831,15.36266],[108.16995,15.36112],[108.17125,15.36073],[108.17146,15.3596],[108.17393,15.35791],[108.17541,15.35804],[108.1758,15.35618],[108.17543,15.3527],[108.17488,15.35223],[108.17557,15.34977],[108.17701,15.34676],[108.1786,15.34569],[108.17926,15.3439],[108.18012,15.34346],[108.17947,15.34095],[108.17858,15.34012],[108.17868,15.3382],[108.18021,15.33575],[108.18041,15.33454],[108.18208,15.33234],[108.18184,15.33023],[108.18262,15.32847],[108.18483,15.32616],[108.18865,15.3228],[108.18559,15.31996],[108.18514,15.31854],[108.18648,15.31659],[108.18698,15.31456],[108.18595,15.31364],[108.18594,15.31073],[108.18808,15.30953],[108.18644,15.30807],[108.18804,15.30565],[108.18928,15.30481],[108.18818,15.30263],[108.18942,15.3014],[108.18964,15.30008],[108.19129,15.29939],[108.19006,15.29696],[108.18923,15.29643],[108.18717,15.29651],[108.18596,15.29485],[108.18482,15.29246],[108.18551,15.29068],[108.18423,15.28905],[108.1838,15.2876],[108.18598,15.2876],[108.18987,15.28899],[108.19218,15.29026],[108.19453,15.29099],[108.19636,15.2908],[108.19824,15.29204],[108.20093,15.29124],[108.20333,15.29337],[108.20571,15.29354],[108.20806,15.29718],[108.20902,15.2974],[108.21086,15.29647],[108.21316,15.29639],[108.21643,15.29488],[108.21736,15.29374],[108.21827,15.29089],[108.21934,15.28966],[108.22046,15.29055],[108.22219,15.2911],[108.22374,15.29347],[108.22533,15.29324],[108.22773,15.29425],[108.22822,15.2935],[108.23178,15.29218],[108.23341,15.29003],[108.23858,15.28829],[108.24175,15.28965],[108.24342,15.29086],[108.24512,15.29102],[108.2468,15.29054],[108.2478,15.29147],[108.2504,15.29204],[108.25131,15.29189],[108.25487,15.29312],[108.25595,15.29444],[108.25844,15.29604],[108.26036,15.29524],[108.26187,15.29571],[108.26321,15.29818],[108.26315,15.3016],[108.26398,15.30373],[108.26395,15.30695],[108.26421,15.30866],[108.26562,15.30994],[108.26613,15.31138],[108.26596,15.31413],[108.26783,15.31542],[108.2726,15.31655],[108.27456,15.31737],[108.27541,15.31823],[108.27915,15.32056],[108.2811,15.32229],[108.28282,15.3227],[108.28343,15.3245],[108.28519,15.32525],[108.28585,15.3264],[108.28506,15.32845],[108.28597,15.33031],[108.28724,15.33063],[108.2889,15.33386],[108.29044,15.33615],[108.29038,15.3376],[108.29097,15.33974],[108.28836,15.34544],[108.28972,15.34736],[108.29211,15.34885],[108.29251,15.35075],[108.29081,15.35209],[108.28858,15.35274],[108.28512,15.35312],[108.2828,15.35478],[108.28233,15.35602],[108.27917,15.35967],[108.27918,15.36124],[108.27862,15.3625],[108.27948,15.36307],[108.28109,15.3629],[108.28361,15.36347],[108.28615,15.36218],[108.28764,15.3626],[108.28958,15.36222],[108.29047,15.36283],[108.2921,15.36287],[108.29172,15.36458],[108.29197,15.36689],[108.29129,15.36796],[108.29198,15.36897],[108.29597,15.37047],[108.29879,15.37089],[108.30222,15.37325],[108.3032,15.37607],[108.30361,15.37849],[108.30697,15.38156],[108.30803,15.38412],[108.30826,15.38687],[108.30958,15.38654],[108.30951,15.39147],[108.31064,15.3941],[108.31004,15.3979],[108.31137,15.40012]]]},"properties":{"a01_tinh":"diaphanhanhchinhcaptinh_sn.132","a02_xa":"diaphanhanhchinhcapxa_2025.1967","a03_ten":"Xã Trà My","a04_tentinh":"Thành phố Đà Nẵng","a05_truocsn":"Thị trấn Trà My, Xã Trà Sơn, Xã Trà Giang, Xã Trà Dương","a06_trungtamhc":"Thôn Dương Hoà, xã Trà My","a07_dt":"130.6","a08_ds":"19956","a09_dthoai":null,"a10_web":null,"ten":"Xã Trà My","ma":"20900","tentinh":"Thành Phố Đà Nẵng","truocsapnhap":"Thị trấn Trà My, Xã Trà Sơn, Xã Trà Giang, Xã Trà Dương","dientichkm2":null,"dansonguoi":null},"id":"diaphanhanhchinhcapxa_2025.1967"},
{"type":"Feature","geometry":{"type":"Polygon","coordinates":[[[108.11033,15.2483],[108.11229,15.2474],[108.11433,15.24768],[108.1139,15.24506],[108.11522,15.24398],[108.11603,15.24255],[108.11502,15.24093],[108.11557,15.23855],[108.11551,15.23517],[108.11719,15.23256],[108.11657,15.22954],[108.11885,15.22671],[108.12048,15.22539],[108.12069,15.22341],[108.11933,15.22248],[108.11961,15.22085],[108.12043,15.2201],[108.12237,15.22188],[108.12387,15.22154],[108.12455,15.21983],[108.12709,15.21954],[108.12752,15.21756],[108.12939,15.21655],[108.13068,15.21655],[108.13175,15.21782],[108.13662,15.21679],[108.14001,15.21515],[108.14084,15.21624],[108.1434,15.2149],[108.14371,15.21224],[108.14518,15.21044],[108.14595,15.21025],[108.14761,15.21125],[108.14949,15.20983],[108.14912,15.20846],[108.1507,15.20679],[108.15264,15.20677],[108.15473,15.20424],[108.15673,15.20459],[108.15676,15.20322],[108.15933,15.20306],[108.16028,15.20247],[108.15913,15.20115],[108.15945,15.2001],[108.16094,15.19921],[108.16367,15.19882],[108.16395,15.19741],[108.16613,15.19556],[108.16833,15.19463],[108.16995,15.19326],[108.16901,15.19068],[108.17004,15.18966],[108.16931,15.188],[108.17206,15.18681],[108.17312,15.18772],[108.17436,15.1876],[108.17562,15.18643],[108.1772,15.18626],[108.17909,15.18298],[108.1806,15.183],[108.18477,15.17831],[108.18665,15.17666],[108.18893,15.17542],[108.18848,15.17322],[108.19034,15.17308],[108.19083,15.1751],[108.19173,15.17599],[108.19461,15.17764],[108.19447,15.17861],[108.19544,15.18006],[108.19551,15.18147],[108.19704,15.18281],[108.19799,15.18292],[108.19846,15.18449],[108.20009,15.18554],[108.20198,15.18607],[108.20486,15.18634],[108.20578,15.18771],[108.20924,15.19062],[108.21089,15.19304],[108.21112,15.19572],[108.20879,15.19613],[108.20782,15.19565],[108.20705,15.19799],[108.20589,15.19944],[108.20596,15.20226],[108.20771,15.20521],[108.2077,15.20604],[108.20577,15.20831],[108.20675,15.21235],[108.2055,15.21625],[108.20575,15.21921],[108.20714,15.22153],[108.20796,15.22446],[108.20822,15.22927],[108.2122,15.23102],[108.21388,15.23293],[108.21732,15.23353],[108.21891,15.2342],[108.2212,15.23358],[108.2237,15.23579],[108.22686,15.23723],[108.22963,15.23696],[108.23129,15.2379],[108.23174,15.23879],[108.2342,15.24158],[108.23534,15.24421],[108.23648,15.24792],[108.23756,15.24972],[108.23893,15.24866],[108.24029,15.24888],[108.24344,15.24761],[108.24531,15.24953],[108.24668,15.25001],[108.24932,15.25018],[108.24984,15.25074],[108.24964,15.25325],[108.2533,15.25531],[108.25449,15.25516],[108.25676,15.25681],[108.25978,15.25744],[108.26248,15.25732],[108.26345,15.25785],[108.26613,15.25753],[108.26646,15.25854],[108.26906,15.25952],[108.27169,15.25948],[108.27292,15.26106],[108.27456,15.26225],[108.27667,15.26277],[108.27771,15.26469],[108.27956,15.26575],[108.2796,15.2671],[108.28058,15.2687],[108.28044,15.27058],[108.28109,15.27141],[108.2809,15.27316],[108.28176,15.27408],[108.28223,15.27636],[108.282,15.27779],[108.28311,15.27891],[108.28491,15.27841],[108.28736,15.27898],[108.29475,15.27863],[108.29586,15.27825],[108.29689,15.27895],[108.29938,15.2789],[108.29988,15.28072],[108.29985,15.28288],[108.30031,15.28509],[108.29926,15.28679],[108.29932,15.2882],[108.30049,15.29064],[108.29841,15.29299],[108.29815,15.29494],[108.29691,15.29622],[108.2961,15.30024],[108.29427,15.30072],[108.29336,15.30168],[108.29153,15.30185],[108.29114,15.30324],[108.29136,15.3075],[108.28914,15.30799],[108.28925,15.30974],[108.28646,15.3116],[108.28508,15.31321],[108.28268,15.31244],[108.28142,15.31158],[108.27932,15.3124],[108.27707,15.31284],[108.27569,15.31219],[108.27562,15.30939],[108.27446,15.30843],[108.27347,15.30853],[108.2716,15.31073],[108.27021,15.31147],[108.26674,15.30994],[108.26562,15.30994],[108.26421,15.30866],[108.26395,15.30695],[108.26398,15.30373],[108.26315,15.3016],[108.26321,15.29818],[108.26187,15.29571],[108.26036,15.29524],[108.25844,15.29604],[108.25595,15.29444],[108.25487,15.29312],[108.25131,15.29189],[108.2504,15.29204],[108.2478,15.29147],[108.2468,15.29054],[108.24512,15.29102],[108.24342,15.29086],[108.24175,15.28965],[108.23858,15.28829],[108.23341,15.29003],[108.23178,15.29218],[108.22822,15.2935],[108.22773,15.29425],[108.22533,15.29324],[108.22374,15.29347],[108.22219,15.2911],[108.22046,15.29055],[108.21934,15.28966],[108.21827,15.29089],[108.21736,15.29374],[108.21643,15.29488],[108.21316,15.29639],[108.21086,15.29647],[108.20902,15.2974],[108.20806,15.29718],[108.20571,15.29354],[108.20333,15.29337],[108.20093,15.29124],[108.19824,15.29204],[108.19636,15.2908],[108.19453,15.29099],[108.19218,15.29026],[108.18987,15.28899],[108.18598,15.2876],[108.1838,15.2876],[108.18423,15.28905],[108.18551,15.29068],[108.18482,15.29246],[108.18596,15.29485],[108.18717,15.29651],[108.18923,15.29643],[108.19006,15.29696],[108.19129,15.29939],[108.18964,15.30008],[108.18942,15.3014],[108.18818,15.30263],[108.18928,15.30481],[108.18804,15.30565],[108.18644,15.30807],[108.18808,15.30953],[108.18594,15.31073],[108.18595,15.31364],[108.18698,15.31456],[108.18648,15.31659],[108.18514,15.31854],[108.18559,15.31996],[108.18865,15.3228],[108.18483,15.32616],[108.18262,15.32847],[108.18184,15.33023],[108.18208,15.33234],[108.18041,15.33454],[108.18021,15.33575],[108.17868,15.3382],[108.17858,15.34012],[108.17673,15.33959],[108.1751,15.33781],[108.17437,15.33649],[108.17041,15.33534],[108.16875,15.33536],[108.16152,15.33275],[108.1574,15.33339],[108.15348,15.33331],[108.15197,15.33279],[108.15082,15.33143],[108.14973,15.33174],[108.14795,15.33119],[108.14279,15.33044],[108.1389,15.3305],[108.13797,15.32733],[108.12681,15.32345],[108.12356,15.32244],[108.12301,15.31866],[108.12328,15.31377],[108.12408,15.31075],[108.12496,15.29882],[108.12697,15.28979],[108.12757,15.28577],[108.12563,15.28633],[108.10944,15.29034],[108.1098,15.28949],[108.1098,15.2867],[108.10813,15.28232],[108.10849,15.27877],[108.10757,15.27777],[108.1039,15.2764],[108.09989,15.27401],[108.0987,15.27307],[108.09672,15.27035],[108.09897,15.26745],[108.1007,15.26315],[108.10318,15.2615],[108.10362,15.25895],[108.10543,15.25704],[108.10784,15.25718],[108.10891,15.25621],[108.10885,15.2542],[108.11234,15.25288],[108.11267,15.25195],[108.11173,15.24961],[108.11033,15.2483]]]},"properties":{"a01_tinh":"diaphanhanhchinhcaptinh_sn.132","a02_xa":"diaphanhanhchinhcapxa_2025.1986","a03_ten":"Xã Trà Tân","a04_tentinh":"Thành phố Đà Nẵng","a05_truocsn":"Xã Trà Giác, Xã Trà Tân","a06_trungtamhc":"Thôn 1, xã Trà Tân","a07_dt":"183.08","a08_ds":"6293","a09_dthoai":null,"a10_web":null,"ten":"Xã Trà Tân","ma":"20923","tentinh":"Thành Phố Đà Nẵng","truocsapnhap":"Xã Trà Giác, Xã Trà Tân","dientichkm2":null,"dansonguoi":null},"id":"diaphanhanhchinhcapxa_2025.1986"},
{"type":"Feature","geometry":{"type":"Polygon","coordinates":[[[108.09379,15.22717],[108.09309,15.22707],[108.09117,15.22914],[108.08865,15.23006],[108.08473,15.23297],[108.08358,15.23538],[108.08157,15.23777],[108.07993,15.23807],[108.07787,15.23703],[108.07357,15.23692],[108.0721,15.23457],[108.06961,15.23486],[108.06986,15.23322],[108.06914,15.23197],[108.06721,15.23141],[108.0666,15.22947],[108.06566,15.22909],[108.0644,15.22621],[108.06323,15.22446],[108.06166,15.22429],[108.06121,15.22319],[108.05947,15.22254],[108.05849,15.22065],[108.05828,15.21937],[108.05888,15.21719],[108.05717,15.21608],[108.05761,15.21502],[108.0551,15.21432],[108.05207,15.21139],[108.05171,15.21003],[108.04922,15.20924],[108.04523,15.2076],[108.04487,15.20865],[108.0419,15.2085],[108.04091,15.207],[108.04115,15.20547],[108.03969,15.2034],[108.03863,15.19771],[108.03788,15.19699],[108.037,15.1936],[108.03672,15.1897],[108.03844,15.18823],[108.03915,15.18586],[108.0405,15.18414],[108.04073,15.18264],[108.04263,15.1789],[108.04181,15.17797],[108.03962,15.1777],[108.0384,15.17547],[108.03652,15.17507],[108.03507,15.17377],[108.03316,15.17351],[108.03226,15.17167],[108.03084,15.17078],[108.02957,15.16848],[108.02933,15.16727],[108.02758,15.1645],[108.02626,15.16312],[108.02552,15.15907],[108.02601,15.15614],[108.02689,15.15416],[108.02485,15.15225],[108.02306,15.15103],[108.02077,15.15002],[108.02003,15.14883],[108.01795,15.149],[108.01351,15.14696],[108.0115,15.14716],[108.00726,15.14573],[108.00433,15.14256],[108.00425,15.14052],[108.00251,15.13872],[108.0018,15.1358],[108.00066,15.13438],[108.00098,15.13103],[108.00072,15.12986],[107.9991,15.12922],[107.99841,15.12834],[107.99852,15.1259],[107.99942,15.12398],[108.00096,15.12252],[108.0024,15.12217],[108.00199,15.12031],[108.00216,15.11883],[107.99898,15.11761],[107.99758,15.11661],[107.99584,15.11451],[107.99489,15.11237],[107.99296,15.11038],[107.99292,15.10753],[107.99217,15.10519],[107.99091,15.10276],[107.98986,15.10182],[107.98857,15.09875],[107.98882,15.09581],[107.98923,15.09394],[107.99031,15.09398],[107.9935,15.09303],[107.99514,15.09212],[107.99569,15.09077],[107.99568,15.08874],[107.99699,15.08799],[107.99807,15.08655],[107.99935,15.08386],[107.9992,15.08072],[108.00043,15.08],[108.00077,15.07882],[108.00197,15.07804],[108.00486,15.07688],[108.00918,15.07476],[108.0092,15.07098],[108.00736,15.06996],[108.00566,15.06782],[108.00366,15.06618],[108.00502,15.06488],[108.00699,15.06385],[108.00874,15.06356],[108.0117,15.06196],[108.01312,15.06218],[108.01496,15.06179],[108.01714,15.06191],[108.01929,15.06127],[108.02256,15.05838],[108.02351,15.058],[108.02603,15.05886],[108.02809,15.05646],[108.02814,15.05495],[108.02979,15.05298],[108.03163,15.05216],[108.03281,15.05048],[108.03393,15.04768],[108.03563,15.04524],[108.03556,15.04339],[108.03691,15.04328],[108.04074,15.04417],[108.04176,15.04341],[108.04507,15.04266],[108.04922,15.04318],[108.05173,15.04305],[108.05387,15.0441],[108.05607,15.04592],[108.05733,15.04599],[108.0579,15.04759],[108.05931,15.04785],[108.06103,15.04902],[108.06217,15.04819],[108.06387,15.04775],[108.06629,15.04822],[108.06726,15.04596],[108.06809,15.04535],[108.07179,15.0456],[108.07211,15.04707],[108.07334,15.04802],[108.07567,15.04752],[108.07736,15.05115],[108.07861,15.05204],[108.08069,15.05226],[108.08334,15.05369],[108.08522,15.05668],[108.08716,15.05696],[108.08783,15.0576],[108.08739,15.05965],[108.08889,15.06066],[108.08945,15.06212],[108.09159,15.06434],[108.09253,15.06597],[108.09306,15.06917],[108.09289,15.07176],[108.0938,15.07915],[108.09701,15.08429],[108.09711,15.08526],[108.09629,15.08826],[108.09865,15.09024],[108.09895,15.09108],[108.09754,15.09266],[108.09799,15.09561],[108.10093,15.09611],[108.10219,15.09961],[108.10356,15.10151],[108.10692,15.10261],[108.10767,15.10355],[108.10944,15.1077],[108.10968,15.10989],[108.11078,15.11157],[108.11253,15.11233],[108.11438,15.11449],[108.11667,15.11636],[108.11712,15.1178],[108.11635,15.11826],[108.11547,15.12114],[108.11693,15.12398],[108.11909,15.12593],[108.11917,15.12673],[108.11701,15.12727],[108.11574,15.12852],[108.11452,15.13078],[108.11186,15.13357],[108.1097,15.13326],[108.10687,15.13376],[108.10646,15.13506],[108.11056,15.13963],[108.10876,15.14184],[108.1082,15.14407],[108.10927,15.14614],[108.10871,15.14789],[108.10873,15.15078],[108.11022,15.15154],[108.11071,15.1528],[108.10824,15.15534],[108.10864,15.15809],[108.10948,15.15914],[108.11198,15.15994],[108.11173,15.16322],[108.11245,15.16572],[108.11212,15.16784],[108.11237,15.17254],[108.11306,15.17404],[108.11423,15.17906],[108.11502,15.18126],[108.11573,15.18653],[108.11514,15.19111],[108.1142,15.19315],[108.10931,15.19766],[108.10765,15.19985],[108.10664,15.20062],[108.10477,15.20077],[108.10186,15.20302],[108.0998,15.20571],[108.09765,15.2092],[108.09664,15.21299],[108.09377,15.21847],[108.09395,15.22208],[108.09368,15.22273],[108.0945,15.22654],[108.09379,15.22717]]]},"properties":{"a01_tinh":"diaphanhanhchinhcaptinh_sn.132","a02_xa":"diaphanhanhchinhcapxa_2025.1984","a03_ten":"Xã Trà Tập","a04_tentinh":"Thành phố Đà Nẵng","a05_truocsn":"Xã Trà Cang, Xã Trà Tập","a06_trungtamhc":"Thôn 1, Xã Trà Tập","a07_dt":"183.17","a08_ds":"8384","a09_dthoai":null,"a10_web":null,"ten":"Xã Trà Tập","ma":"20941","tentinh":"Thành Phố Đà Nẵng","truocsapnhap":"Xã Trà Cang, Xã Trà Tập","dientichkm2":null,"dansonguoi":null},"id":"diaphanhanhchinhcapxa_2025.1984"},
{"type":"Feature","geometry":{"type":"Polygon","coordinates":[[[108.26026,15.11828],[108.25794,15.11908],[108.25495,15.11917],[108.25284,15.1189],[108.25161,15.11966],[108.24922,15.11982],[108.24787,15.12244],[108.24512,15.12492],[108.24232,15.12522],[108.24071,15.12689],[108.23942,15.1276],[108.23885,15.12881],[108.23653,15.1303],[108.23416,15.13066],[108.2333,15.12986],[108.23152,15.13087],[108.22871,15.1313],[108.22878,15.13375],[108.22699,15.13408],[108.22462,15.1366],[108.22408,15.13862],[108.22128,15.14292],[108.22052,15.14333],[108.22019,15.14539],[108.21878,15.14691],[108.21845,15.14806],[108.21692,15.14905],[108.2157,15.14576],[108.21361,15.13898],[108.212,15.13845],[108.21052,15.13551],[108.20746,15.13363],[108.20522,15.13096],[108.20257,15.12961],[108.20203,15.12829],[108.20048,15.12716],[108.20016,15.12606],[108.19762,15.12454],[108.1956,15.12611],[108.19468,15.12739],[108.19263,15.12814],[108.19192,15.12987],[108.19121,15.13013],[108.19013,15.13202],[108.18907,15.13088],[108.18668,15.12688],[108.18518,15.12538],[108.18296,15.12511],[108.17896,15.12398],[108.17676,15.1224],[108.17625,15.121],[108.17462,15.11957],[108.17227,15.12058],[108.16746,15.12154],[108.16502,15.12111],[108.162,15.12232],[108.16034,15.12252],[108.15637,15.12353],[108.15307,15.12354],[108.15174,15.12299],[108.15021,15.12094],[108.14902,15.11821],[108.1478,15.11639],[108.14644,15.11547],[108.1454,15.11399],[108.14542,15.11207],[108.14624,15.11147],[108.14669,15.1079],[108.14854,15.10791],[108.14986,15.10909],[108.15367,15.10732],[108.15419,15.10603],[108.1556,15.10585],[108.15736,15.10288],[108.1589,15.10217],[108.16094,15.10182],[108.16169,15.10045],[108.16331,15.09886],[108.16489,15.09857],[108.16713,15.09942],[108.16758,15.1005],[108.16927,15.10113],[108.17092,15.10084],[108.1729,15.09907],[108.17264,15.09656],[108.1741,15.09566],[108.17634,15.09173],[108.17754,15.09052],[108.17928,15.08686],[108.17926,15.08508],[108.17819,15.08395],[108.17904,15.08173],[108.17781,15.08112],[108.17656,15.07836],[108.17352,15.07529],[108.17262,15.07374],[108.17158,15.07303],[108.17011,15.07066],[108.1695,15.069],[108.16828,15.06791],[108.16692,15.06493],[108.16243,15.06113],[108.16383,15.06004],[108.1662,15.05942],[108.16845,15.06126],[108.17107,15.0618],[108.17358,15.06083],[108.17714,15.06018],[108.17847,15.05866],[108.18297,15.05619],[108.18426,15.05571],[108.1853,15.05376],[108.18681,15.05249],[108.18921,15.05142],[108.19182,15.04886],[108.19229,15.04735],[108.19187,15.0458],[108.19412,15.04238],[108.1944,15.0403],[108.19646,15.04097],[108.19805,15.04329],[108.1998,15.04387],[108.20137,15.04242],[108.20236,15.04248],[108.20399,15.04013],[108.20584,15.03937],[108.20651,15.03841],[108.20849,15.03722],[108.20863,15.03579],[108.20951,15.03385],[108.21167,15.03232],[108.21332,15.0318],[108.21488,15.03281],[108.21722,15.03219],[108.22001,15.02962],[108.2226,15.03085],[108.22436,15.02937],[108.22606,15.02974],[108.22677,15.03069],[108.23009,15.03255],[108.23262,15.03237],[108.2343,15.03172],[108.23691,15.03183],[108.23944,15.03227],[108.24078,15.03338],[108.24059,15.03485],[108.24177,15.03648],[108.24272,15.03896],[108.24295,15.04207],[108.24104,15.04418],[108.23982,15.04615],[108.23835,15.04688],[108.23794,15.04933],[108.23815,15.05103],[108.23982,15.05349],[108.24041,15.05659],[108.24025,15.05767],[108.2416,15.06205],[108.24199,15.06485],[108.24051,15.06775],[108.24059,15.06945],[108.23786,15.07298],[108.23653,15.07422],[108.23617,15.07669],[108.23497,15.07829],[108.23725,15.07937],[108.23873,15.07951],[108.24183,15.08049],[108.24516,15.08327],[108.24819,15.08367],[108.25111,15.08434],[108.25343,15.08625],[108.25388,15.08783],[108.2574,15.09083],[108.25624,15.09325],[108.25789,15.0946],[108.2581,15.09632],[108.25906,15.09731],[108.25832,15.09933],[108.25847,15.1012],[108.25965,15.10269],[108.25924,15.10495],[108.25954,15.10586],[108.25735,15.10761],[108.25705,15.10907],[108.25741,15.11321],[108.25708,15.11509],[108.25758,15.11638],[108.25895,15.11792],[108.26026,15.11828]]]},"properties":{"a01_tinh":"diaphanhanhchinhcaptinh_sn.132","a02_xa":"diaphanhanhchinhcapxa_2025.1982","a03_ten":"Xã Trà Vân","a04_tentinh":"Thành phố Đà Nẵng","a05_truocsn":"Xã Trà Vinh, Xã Trà Vân","a06_trungtamhc":"Thôn 2, Xã Trà Vân","a07_dt":"85.58","a08_ds":"5342","a09_dthoai":null,"a10_web":null,"ten":"Xã Trà Vân","ma":"20959","tentinh":"Thành Phố Đà Nẵng","truocsapnhap":"Xã Trà Vinh, Xã Trà Vân","dientichkm2":null,"dansonguoi":null},"id":"diaphanhanhchinhcapxa_2025.1982"},
{"type":"Feature","geometry":{"type":"Polygon","coordinates":[[[108.1196,15.64413],[108.11732,15.64416],[108.11289,15.64164],[108.11141,15.64018],[108.10959,15.63992],[108.10844,15.64111],[108.10707,15.64176],[108.10555,15.64325],[108.10309,15.64438],[108.10147,15.64321],[108.10008,15.64207],[108.10075,15.63934],[108.10319,15.6379],[108.10392,15.63672],[108.10558,15.63568],[108.10671,15.63403],[108.10636,15.62838],[108.10533,15.62537],[108.1041,15.62417],[108.10322,15.62131],[108.10367,15.61912],[108.10324,15.61628],[108.10138,15.61293],[108.10086,15.61012],[108.10026,15.60912],[108.10129,15.60846],[108.1047,15.60729],[108.10549,15.6048],[108.106,15.6007],[108.10782,15.59902],[108.10907,15.59874],[108.10972,15.59743],[108.11158,15.59709],[108.11237,15.59451],[108.11199,15.59383],[108.11364,15.59086],[108.11558,15.59105],[108.11623,15.58929],[108.12006,15.59292],[108.12185,15.5937],[108.12339,15.59516],[108.12492,15.5952],[108.12652,15.59277],[108.1269,15.58992],[108.12616,15.5878],[108.12853,15.58643],[108.12804,15.58262],[108.12966,15.58248],[108.13151,15.58107],[108.13247,15.58121],[108.13582,15.58033],[108.1338,15.57829],[108.13201,15.5779],[108.13173,15.57662],[108.13241,15.57474],[108.13152,15.57399],[108.13094,15.57152],[108.13084,15.56952],[108.12681,15.5687],[108.12359,15.56842],[108.12184,15.56854],[108.1215,15.56321],[108.12086,15.55994],[108.12076,15.55663],[108.12005,15.55457],[108.12009,15.55155],[108.12144,15.54903],[108.12412,15.54526],[108.12579,15.54076],[108.12731,15.53871],[108.1285,15.538],[108.13071,15.53849],[108.13204,15.54059],[108.13338,15.54126],[108.13555,15.54109],[108.14279,15.5425],[108.14504,15.54267],[108.14669,15.54186],[108.1485,15.54026],[108.15006,15.53983],[108.15352,15.53988],[108.1545,15.53695],[108.15482,15.53437],[108.15311,15.5321],[108.15234,15.53012],[108.15043,15.52785],[108.14905,15.52745],[108.1474,15.52619],[108.14635,15.52481],[108.14441,15.52383],[108.14139,15.52319],[108.13894,15.52338],[108.13674,15.52197],[108.13149,15.52057],[108.12987,15.52059],[108.12863,15.51992],[108.12681,15.51728],[108.12585,15.51667],[108.12536,15.51398],[108.12564,15.5126],[108.12681,15.5111],[108.12892,15.50959],[108.13039,15.50797],[108.13214,15.50425],[108.13296,15.50153],[108.13516,15.50425],[108.14001,15.50691],[108.1429,15.5073],[108.14729,15.50584],[108.14776,15.50457],[108.14911,15.50315],[108.15252,15.50205],[108.15393,15.50228],[108.15678,15.50182],[108.15981,15.5],[108.16024,15.49906],[108.16217,15.4983],[108.16388,15.49714],[108.16513,15.49802],[108.16715,15.49782],[108.16869,15.49931],[108.17087,15.50061],[108.17124,15.50408],[108.17071,15.50515],[108.17092,15.50843],[108.17363,15.50648],[108.17515,15.50619],[108.17744,15.50504],[108.18068,15.50442],[108.18366,15.50172],[108.18794,15.49992],[108.19184,15.50076],[108.19569,15.49964],[108.19857,15.4991],[108.2017,15.49795],[108.20242,15.49724],[108.2055,15.49653],[108.20653,15.49546],[108.20829,15.49478],[108.2108,15.49273],[108.21296,15.49152],[108.21411,15.4917],[108.21646,15.49409],[108.21801,15.49428],[108.22026,15.49561],[108.22121,15.49572],[108.21905,15.4977],[108.21784,15.49815],[108.21726,15.49933],[108.21818,15.50142],[108.21586,15.50524],[108.21522,15.50574],[108.21483,15.50769],[108.21623,15.51079],[108.21591,15.51374],[108.21535,15.51604],[108.21324,15.52196],[108.21363,15.52263],[108.21242,15.52396],[108.21266,15.52611],[108.21082,15.52753],[108.20952,15.52605],[108.2085,15.52845],[108.20925,15.52945],[108.20833,15.53075],[108.20672,15.52879],[108.20486,15.52908],[108.20451,15.53098],[108.20232,15.53196],[108.20124,15.53364],[108.20224,15.5347],[108.20337,15.53481],[108.20371,15.53595],[108.20348,15.53828],[108.20173,15.54032],[108.20167,15.54348],[108.20307,15.5447],[108.2055,15.54474],[108.20535,15.54645],[108.20612,15.54752],[108.20483,15.54816],[108.20477,15.54946],[108.20704,15.55147],[108.20433,15.55419],[108.20601,15.55608],[108.20799,15.55769],[108.21051,15.55743],[108.21198,15.55811],[108.21244,15.55931],[108.21505,15.56014],[108.21646,15.56148],[108.21796,15.56102],[108.21931,15.56193],[108.22028,15.56137],[108.22187,15.56267],[108.21991,15.5635],[108.21961,15.5654],[108.21711,15.5651],[108.21665,15.56607],[108.21751,15.56887],[108.21747,15.5709],[108.21827,15.57304],[108.22137,15.57201],[108.22391,15.57231],[108.22488,15.57332],[108.22833,15.5745],[108.23033,15.57692],[108.23276,15.57823],[108.2362,15.57742],[108.23623,15.58049],[108.23739,15.58208],[108.2395,15.58333],[108.24129,15.58378],[108.24425,15.58729],[108.24599,15.5882],[108.25028,15.58907],[108.25296,15.59029],[108.25369,15.5924],[108.25358,15.59341],[108.2546,15.59413],[108.25504,15.59587],[108.2564,15.59897],[108.2578,15.59968],[108.25694,15.60072],[108.25581,15.60099],[108.25477,15.60376],[108.25384,15.60397],[108.25181,15.60691],[108.24935,15.60675],[108.24526,15.60803],[108.24175,15.60694],[108.23998,15.60836],[108.23819,15.60883],[108.23783,15.60974],[108.23842,15.61145],[108.23645,15.61243],[108.23404,15.61425],[108.23307,15.61457],[108.22962,15.61449],[108.22936,15.61631],[108.23205,15.61783],[108.23271,15.61985],[108.23109,15.62116],[108.22906,15.62146],[108.22523,15.61989],[108.22267,15.61937],[108.21927,15.6206],[108.21762,15.62268],[108.21595,15.62253],[108.21439,15.62119],[108.21265,15.62165],[108.20869,15.62077],[108.2084,15.62138],[108.20633,15.62082],[108.20572,15.62161],[108.20293,15.62195],[108.19948,15.62205],[108.19698,15.62298],[108.19698,15.62216],[108.19421,15.62263],[108.19342,15.62345],[108.19187,15.6238],[108.19023,15.62284],[108.18752,15.6226],[108.1852,15.62082],[108.18236,15.62034],[108.17895,15.62171],[108.17716,15.61988],[108.17351,15.62043],[108.17192,15.62228],[108.17029,15.62328],[108.16915,15.62339],[108.16621,15.62261],[108.16391,15.62322],[108.1616,15.62259],[108.15998,15.6193],[108.15529,15.61979],[108.1543,15.62067],[108.15327,15.62301],[108.15025,15.62437],[108.14799,15.62614],[108.14595,15.62524],[108.14347,15.62802],[108.14212,15.62855],[108.14114,15.62821],[108.14063,15.62982],[108.13903,15.63177],[108.13713,15.63267],[108.13504,15.63443],[108.13104,15.63715],[108.13056,15.64051],[108.12804,15.6421],[108.12725,15.64303],[108.1255,15.64261],[108.12097,15.64269],[108.1196,15.64413]]]},"properties":{"a01_tinh":"diaphanhanhchinhcaptinh_sn.132","a02_xa":"diaphanhanhchinhcapxa_2025.1991","a03_ten":"Xã Việt An","a04_tentinh":"Thành phố Đà Nẵng","a05_truocsn":"Xã Thăng Phước, Xã Bình Sơn, Xã Quế Thọ, Xã Bình Lâm","a06_trungtamhc":"Thôn Việt An, xã Việt An","a07_dt":"150.17","a08_ds":"26196","a09_dthoai":null,"a10_web":null,"ten":"Xã Việt An","ma":"20767","tentinh":"Thành Phố Đà Nẵng","truocsapnhap":"Xã Thăng Phước, Xã Bình Sơn, Xã Quế Thọ, Xã Bình Lâm","dientichkm2":null,"dansonguoi":null},"id":"diaphanhanhchinhcapxa_2025.1991"},
{"type":"Feature","geometry":{"type":"Polygon","coordinates":[[[108.07699,15.86817],[108.0777,15.86962],[108.07696,15.87084],[108.07766,15.87193],[108.0751,15.87306],[108.06977,15.87497],[108.06819,15.87348],[108.06628,15.87468],[108.06426,15.87393],[108.06069,15.87173],[108.06136,15.87052],[108.06106,15.86927],[108.05952,15.86875],[108.05935,15.86748],[108.05585,15.86708],[108.05437,15.86602],[108.05365,15.86648],[108.0514,15.86503],[108.0493,15.8659],[108.04709,15.86204],[108.04857,15.86115],[108.05196,15.857],[108.051,15.85641],[108.04596,15.85558],[108.04447,15.85572],[108.03552,15.8578],[108.03639,15.85482],[108.03641,15.85285],[108.03515,15.85128],[108.03182,15.85073],[108.02955,15.85142],[108.0278,15.85535],[108.02591,15.85481],[108.0247,15.85397],[108.02238,15.8515],[108.02004,15.85018],[108.01416,15.84819],[108.01297,15.84439],[108.01356,15.84279],[108.01441,15.84208],[108.01434,15.84125],[108.01605,15.84105],[108.01793,15.84211],[108.02044,15.84232],[108.02255,15.84102],[108.02573,15.83814],[108.03075,15.83706],[108.03215,15.83865],[108.03409,15.83965],[108.03662,15.83974],[108.03895,15.8412],[108.03941,15.84527],[108.04221,15.84462],[108.04261,15.84652],[108.04608,15.84611],[108.0465,15.84561],[108.04889,15.84523],[108.04871,15.84422],[108.05096,15.84387],[108.05081,15.84281],[108.05609,15.84182],[108.05541,15.83904],[108.06013,15.83858],[108.06411,15.83984],[108.06955,15.84086],[108.0721,15.84173],[108.07283,15.84036],[108.08112,15.84073],[108.08213,15.834],[108.08416,15.83467],[108.08675,15.83613],[108.08672,15.83719],[108.08861,15.8373],[108.08852,15.83874],[108.09013,15.83886],[108.09393,15.83762],[108.09414,15.83656],[108.0956,15.83691],[108.09822,15.83687],[108.09947,15.83637],[108.09971,15.83442],[108.10086,15.83373],[108.10517,15.83388],[108.10724,15.8364],[108.10856,15.83855],[108.11163,15.84093],[108.11493,15.84274],[108.11433,15.84347],[108.10847,15.8474],[108.10544,15.84807],[108.10108,15.84874],[108.10017,15.84921],[108.09906,15.85123],[108.09931,15.85541],[108.09856,15.85896],[108.10208,15.85976],[108.10261,15.86027],[108.10351,15.86373],[108.10182,15.86337],[108.10149,15.86423],[108.10336,15.86516],[108.1053,15.86551],[108.10331,15.87079],[108.10124,15.87075],[108.09955,15.8713],[108.09821,15.87103],[108.09684,15.86963],[108.09582,15.86783],[108.09249,15.86495],[108.09142,15.8645],[108.08644,15.86509],[108.08265,15.86463],[108.08091,15.86401],[108.08008,15.86608],[108.07926,15.86576],[108.07699,15.86817]]]},"properties":{"a01_tinh":"diaphanhanhchinhcaptinh_sn.132","a02_xa":"diaphanhanhchinhcapxa_2025.1942","a03_ten":"Xã Vu Gia","a04_tentinh":"Thành phố Đà Nẵng","a05_truocsn":"Xã Đại Phong, Xã Đại Minh, Xã Đại Cường","a06_trungtamhc":"Thôn Lâm Yên, xã Vu Gia","a07_dt":"25.12","a08_ds":"27649","a09_dthoai":null,"a10_web":null,"ten":"Xã Vu Gia","ma":"20539","tentinh":"Thành Phố Đà Nẵng","truocsapnhap":"Xã Đại Phong, Xã Đại Minh, Xã Đại Cường","dientichkm2":null,"dansonguoi":null},"id":"diaphanhanhchinhcapxa_2025.1942"},
{"type":"Feature","geometry":{"type":"Polygon","coordinates":[[[108.33048,15.81544],[108.33005,15.81484],[108.32589,15.81406],[108.32501,15.81198],[108.32229,15.81413],[108.32113,15.81448],[108.31998,15.81684],[108.31989,15.82005],[108.31756,15.82028],[108.31559,15.82156],[108.31313,15.81977],[108.31282,15.81877],[108.31321,15.81656],[108.31251,15.81473],[108.31146,15.81538],[108.31144,15.81815],[108.31261,15.81969],[108.31143,15.8205],[108.30845,15.82092],[108.30721,15.82284],[108.30605,15.82368],[108.30319,15.82467],[108.30021,15.82469],[108.3,15.82727],[108.29888,15.82865],[108.29606,15.82941],[108.29593,15.82875],[108.29284,15.829],[108.2915,15.82837],[108.291,15.82708],[108.28957,15.82671],[108.28937,15.82442],[108.28832,15.8247],[108.28565,15.82723],[108.28347,15.82873],[108.28369,15.82487],[108.27918,15.82412],[108.27931,15.8225],[108.2748,15.82117],[108.27242,15.81884],[108.27294,15.81727],[108.27424,15.81698],[108.27461,15.81569],[108.27264,15.81561],[108.2729,15.81131],[108.27143,15.8104],[108.27165,15.80496],[108.27262,15.80375],[108.27191,15.80223],[108.26852,15.79933],[108.26797,15.79959],[108.2666,15.7958],[108.26452,15.79648],[108.26273,15.79297],[108.26135,15.79216],[108.26264,15.79023],[108.26171,15.78681],[108.26668,15.78285],[108.26639,15.78142],[108.26672,15.77756],[108.26746,15.77696],[108.26855,15.77139],[108.26734,15.77078],[108.26725,15.76899],[108.26341,15.76818],[108.26105,15.767],[108.26103,15.76583],[108.26244,15.76405],[108.26809,15.75803],[108.26948,15.7539],[108.27215,15.75284],[108.2737,15.75277],[108.27598,15.75395],[108.27781,15.75418],[108.28088,15.75511],[108.28407,15.75543],[108.28489,15.75481],[108.28834,15.75476],[108.28991,15.75544],[108.29159,15.7572],[108.28976,15.75935],[108.29406,15.76148],[108.30736,15.76739],[108.30839,15.76692],[108.31142,15.76681],[108.31213,15.76614],[108.31676,15.76789],[108.31816,15.76794],[108.31948,15.76723],[108.32188,15.76939],[108.32294,15.76998],[108.32343,15.77143],[108.32579,15.77312],[108.32907,15.77258],[108.33199,15.77301],[108.33264,15.77121],[108.33541,15.7676],[108.33613,15.76563],[108.33936,15.7676],[108.34058,15.76787],[108.34125,15.76706],[108.34541,15.7698],[108.34664,15.76955],[108.34796,15.76756],[108.34959,15.76964],[108.35266,15.77302],[108.35257,15.77641],[108.34668,15.78715],[108.34239,15.7957],[108.34067,15.79956],[108.33911,15.80393],[108.33565,15.80768],[108.33392,15.81188],[108.33275,15.81227],[108.33124,15.81515],[108.33048,15.81544]]]},"properties":{"a01_tinh":"diaphanhanhchinhcaptinh_sn.132","a02_xa":"diaphanhanhchinhcapxa_2025.1933","a03_ten":"Xã Xuân Phú","a04_tentinh":"Thành phố Đà Nẵng","a05_truocsn":"Thị trấn Hương An, Xã Quế Xuân 1, Xã Quế Xuân 2, Xã Quế Phú","a06_trungtamhc":"Thôn Mộc Bài, xã Xuân Phú","a07_dt":"51.99","a08_ds":"37083","a09_dthoai":null,"a10_web":null,"ten":"Xã Xuân Phú","ma":"20650","tentinh":"Thành Phố Đà Nẵng","truocsapnhap":"Thị trấn Hương An, Xã Quế Xuân 1, Xã Quế Xuân 2, Xã Quế Phú","dientichkm2":null,"dansonguoi":null},"id":"diaphanhanhchinhcapxa_2025.1933"}
]}