{"type":"FeatureCollection", "features": [
{"type":"Feature","geometry":{"type":"Polygon","coordinates":[[[106.36093,10.17796],[106.36168,10.17593],[106.36303,10.17305],[106.36913,10.1743],[106.3712,10.17418],[106.37453,10.17269],[106.37594,10.17234],[106.37616,10.17165],[106.37642,10.17086],[106.37707,10.16973],[106.37869,10.16713],[106.37903,10.16673],[106.3811,10.16269],[106.38151,10.16118],[106.38207,10.15998],[106.38368,10.15764],[106.38753,10.16001],[106.39098,10.16188],[106.39296,10.16278],[106.39594,10.16448],[106.3964,10.16452],[106.39798,10.16544],[106.39774,10.16573],[106.39845,10.16621],[106.39958,10.16813],[106.40209,10.17217],[106.40353,10.17364],[106.40473,10.17456],[106.40791,10.17683],[106.40722,10.17866],[106.40631,10.17818],[106.40544,10.18031],[106.40518,10.18031],[106.40429,10.17963],[106.40252,10.18259],[106.40138,10.18426],[106.40154,10.18482],[106.40028,10.1856],[106.39994,10.18538],[106.39935,10.18633],[106.39846,10.18583],[106.39787,10.18688],[106.39804,10.18755],[106.39689,10.18719],[106.39658,10.18742],[106.39469,10.1907],[106.39522,10.19102],[106.39437,10.19137],[106.39305,10.19348],[106.3926,10.19354],[106.39234,10.19398],[106.39165,10.19447],[106.3912,10.19383],[106.39031,10.1936],[106.38972,10.19313],[106.38885,10.1935],[106.38807,10.19463],[106.38645,10.19602],[106.38632,10.19631],[106.38525,10.19708],[106.38619,10.19902],[106.38778,10.20061],[106.38852,10.20098],[106.39087,10.20163],[106.39222,10.20342],[106.39388,10.20535],[106.39122,10.20726],[106.39076,10.20769],[106.38982,10.20903],[106.38815,10.21068],[106.39035,10.21353],[106.38915,10.21439],[106.38814,10.21496],[106.38777,10.21539],[106.38681,10.2153],[106.38417,10.21687],[106.38465,10.21788],[106.38344,10.21824],[106.38311,10.21808],[106.38218,10.21823],[106.38026,10.22076],[106.38064,10.22096],[106.38182,10.222],[106.38221,10.22221],[106.38281,10.22209],[106.3834,10.22278],[106.38438,10.22308],[106.3866,10.22407],[106.38725,10.22255],[106.38784,10.22292],[106.38765,10.22324],[106.38852,10.22379],[106.38933,10.22411],[106.39059,10.22376],[106.39089,10.2234],[106.39187,10.223],[106.39254,10.2242],[106.3931,10.22466],[106.39372,10.22465],[106.39448,10.22491],[106.39615,10.22477],[106.39754,10.22552],[106.39799,10.22562],[106.39996,10.22509],[106.40082,10.22472],[106.40136,10.2243],[106.40198,10.2251],[106.40048,10.22657],[106.39995,10.22682],[106.4003,10.22737],[106.39969,10.22768],[106.40242,10.23421],[106.39964,10.23459],[106.39841,10.23465],[106.39431,10.2346],[106.39056,10.23452],[106.38767,10.23451],[106.38472,10.23428],[106.38085,10.23407],[106.38129,10.23532],[106.38206,10.23584],[106.38224,10.23656],[106.38182,10.23716],[106.38178,10.23768],[106.38241,10.23799],[106.38218,10.23877],[106.38228,10.2395],[106.3828,10.24006],[106.38249,10.24067],[106.38168,10.24079],[106.38207,10.24138],[106.38154,10.24211],[106.38128,10.24277],[106.38044,10.24284],[106.38082,10.24363],[106.37974,10.24417],[106.37678,10.24377],[106.37264,10.24332],[106.37026,10.24294],[106.37092,10.24158],[106.3714,10.24094],[106.37028,10.24062],[106.36864,10.24002],[106.36818,10.24006],[106.36742,10.23941],[106.36679,10.24021],[106.36625,10.23973],[106.3658,10.23988],[106.36502,10.23834],[106.36603,10.2381],[106.36596,10.23594],[106.36601,10.23524],[106.36535,10.23485],[106.36557,10.23318],[106.36611,10.23297],[106.3659,10.23244],[106.36634,10.23161],[106.36365,10.23],[106.36149,10.22841],[106.36016,10.22727],[106.35876,10.2262],[106.35486,10.22267],[106.35031,10.21801],[106.34787,10.21596],[106.35139,10.21018],[106.35414,10.20607],[106.35507,10.2046],[106.35573,10.20301],[106.35639,10.2007],[106.35694,10.19732],[106.3574,10.19423],[106.35831,10.18728],[106.35881,10.18461],[106.36044,10.17926],[106.36093,10.17796]]]},"properties":{"a01_tinh":"diaphanhanhchinhcaptinh_sn.42","a02_xa":"diaphanhanhchinhcapxa_2025.2438","a03_ten":"Phường An Hội","a04_tentinh":"Tỉnh Vĩnh Long","a05_truocsn":"Phường An Hội, Xã Mỹ Thạnh An, Xã Phú Nhuận, Xã Sơn Phú","a06_trungtamhc":"UBND TP Bến Tre","a07_dt":"31.9","a08_ds":"53476","a09_dthoai":null,"a10_web":null,"ten":"Phường An Hội","ma":"28777","tentinh":"Tỉnh Vĩnh Long","truocsapnhap":"Phường An Hội, Xã Mỹ Thạnh An, Xã Phú Nhuận, Xã Sơn Phú","dientichkm2":null,"dansonguoi":null},"id":"diaphanhanhchinhcapxa_2025.2438"},
{"type":"Feature","geometry":{"type":"Polygon","coordinates":[[[106.32514,10.25507],[106.31739,10.24949],[106.31202,10.25238],[106.31019,10.25345],[106.30567,10.25592],[106.30322,10.25705],[106.29728,10.25928],[106.29561,10.25981],[106.29314,10.26049],[106.29131,10.26129],[106.29004,10.26147],[106.28892,10.26176],[106.28626,10.26214],[106.28321,10.26224],[106.28046,10.2622],[106.27893,10.26204],[106.27595,10.26161],[106.2751,10.26154],[106.27211,10.26083],[106.2703,10.26003],[106.26892,10.2593],[106.26382,10.25679],[106.2635,10.2567],[106.26668,10.25274],[106.26713,10.25232],[106.26746,10.25134],[106.26795,10.25061],[106.26887,10.24971],[106.27155,10.24769],[106.27331,10.24656],[106.27668,10.24527],[106.27909,10.24457],[106.28511,10.24327],[106.28745,10.24265],[106.28922,10.24207],[106.29253,10.24079],[106.294,10.24018],[106.29585,10.23955],[106.2986,10.23892],[106.30402,10.23835],[106.30529,10.23803],[106.3076,10.23702],[106.31008,10.23566],[106.31203,10.2342],[106.31332,10.23297],[106.31545,10.23072],[106.31772,10.22824],[106.31933,10.22641],[106.32108,10.22457],[106.32222,10.22349],[106.32754,10.21884],[106.33107,10.21562],[106.33302,10.21366],[106.33579,10.21076],[106.33729,10.2088],[106.33984,10.20495],[106.34115,10.20309],[106.34216,10.20188],[106.34422,10.19971],[106.34647,10.19854],[106.34872,10.19768],[106.35006,10.19728],[106.35188,10.19662],[106.35377,10.19621],[106.35487,10.19625],[106.35694,10.19732],[106.35639,10.2007],[106.35573,10.20301],[106.35507,10.2046],[106.35414,10.20607],[106.35139,10.21018],[106.34787,10.21596],[106.35031,10.21801],[106.35486,10.22267],[106.35876,10.2262],[106.36016,10.22727],[106.36149,10.22841],[106.36365,10.23],[106.36634,10.23161],[106.3659,10.23244],[106.36611,10.23297],[106.36557,10.23318],[106.36535,10.23485],[106.36601,10.23524],[106.36596,10.23594],[106.36603,10.2381],[106.36502,10.23834],[106.36315,10.23866],[106.3621,10.23901],[106.35984,10.23997],[106.36013,10.24255],[106.35918,10.24254],[106.35437,10.24477],[106.35404,10.24481],[106.35416,10.24853],[106.35405,10.24892],[106.35333,10.24894],[106.35266,10.24945],[106.35266,10.25035],[106.35251,10.25338],[106.35236,10.25826],[106.35149,10.25822],[106.34873,10.25836],[106.34768,10.2583],[106.34591,10.25343],[106.34441,10.25381],[106.34402,10.25291],[106.34353,10.25334],[106.33726,10.24832],[106.33658,10.24786],[106.33597,10.2487],[106.33549,10.24987],[106.33437,10.25164],[106.33347,10.25348],[106.33341,10.25379],[106.33358,10.25675],[106.33348,10.25726],[106.33266,10.2572],[106.33121,10.25775],[106.33033,10.25782],[106.32972,10.25821],[106.32963,10.25875],[106.32921,10.25891],[106.32967,10.26039],[106.32884,10.26048],[106.32787,10.26028],[106.32593,10.25449],[106.32514,10.25507]]]},"properties":{"a01_tinh":"diaphanhanhchinhcaptinh_sn.42","a02_xa":"diaphanhanhchinhcapxa_2025.2449","a03_ten":"Phường Bến Tre","a04_tentinh":"Tỉnh Vĩnh Long","a05_truocsn":"Phường 7, Xã Bình Phú (thành phố Bến Tre), Xã Thanh Tân","a06_trungtamhc":"UBND xã Bình Phú","a07_dt":"31.99","a08_ds":"35917","a09_dthoai":null,"a10_web":null,"ten":"Phường Bến Tre","ma":"28789","tentinh":"Tỉnh Vĩnh Long","truocsapnhap":"Phường 7, Xã Bình Phú (thành phố Bến Tre), Xã Thanh Tân","dientichkm2":null,"dansonguoi":null},"id":"diaphanhanhchinhcapxa_2025.2449"},
{"type":"Feature","geometry":{"type":"Polygon","coordinates":[[[105.82271,10.06381],[105.8233,10.06504],[105.82339,10.06685],[105.82355,10.06751],[105.82433,10.06813],[105.83005,10.07007],[105.83282,10.07112],[105.83607,10.07225],[105.83947,10.07356],[105.84182,10.07441],[105.84439,10.07541],[105.84619,10.076],[105.84948,10.0773],[105.85424,10.07891],[105.85956,10.08092],[105.85946,10.08174],[105.85981,10.0837],[105.85996,10.08501],[105.86121,10.09146],[105.86124,10.09264],[105.86089,10.0937],[105.86085,10.09425],[105.86045,10.095],[105.85846,10.10085],[105.85794,10.10175],[105.85764,10.10282],[105.85755,10.10285],[105.85152,10.1031],[105.85168,10.1055],[105.8519,10.10754],[105.85181,10.10867],[105.85162,10.10881],[105.84939,10.10569],[105.84696,10.10223],[105.84545,10.09998],[105.84428,10.09862],[105.84221,10.0967],[105.84051,10.09582],[105.83937,10.09449],[105.83894,10.09414],[105.8378,10.09441],[105.8336,10.09622],[105.83103,10.09723],[105.82999,10.0967],[105.83005,10.09742],[105.82961,10.09915],[105.82838,10.09965],[105.82786,10.09963],[105.82652,10.09985],[105.82551,10.09975],[105.82408,10.09994],[105.82247,10.09997],[105.81783,10.10099],[105.81224,10.10234],[105.80712,10.10349],[105.7984,10.10555],[105.79685,10.10599],[105.79672,10.09983],[105.7965,10.09868],[105.79661,10.09775],[105.79651,10.09372],[105.79638,10.08978],[105.79622,10.08637],[105.79611,10.07857],[105.79602,10.07442],[105.79593,10.07312],[105.79566,10.06432],[105.79562,10.06188],[105.79568,10.05636],[105.79607,10.05246],[105.79854,10.04917],[105.80085,10.0509],[105.80203,10.05208],[105.80307,10.0535],[105.8031,10.05408],[105.80248,10.05575],[105.80241,10.0566],[105.80247,10.058],[105.8026,10.06059],[105.80286,10.06128],[105.80347,10.06191],[105.80414,10.0622],[105.80663,10.06228],[105.80749,10.06215],[105.80987,10.06119],[105.81113,10.06099],[105.81186,10.06066],[105.8124,10.06017],[105.8141,10.05792],[105.81472,10.05766],[105.81559,10.05805],[105.81697,10.05988],[105.81949,10.06185],[105.82096,10.0628],[105.82271,10.06381]]]},"properties":{"a01_tinh":"diaphanhanhchinhcaptinh_sn.42","a02_xa":"diaphanhanhchinhcapxa_2025.2549","a03_ten":"Phường Bình Minh","a04_tentinh":"Tỉnh Vĩnh Long","a05_truocsn":"Xã Thuận An, Phường Thành Phước, Phường Cái Vồn","a06_trungtamhc":"đang cập nhật","a07_dt":"23.86","a08_ds":"34193","a09_dthoai":null,"a10_web":null,"ten":"Phường Bình Minh","ma":"29771","tentinh":"Tỉnh Vĩnh Long","truocsapnhap":"Xã Thuận An, Phường Thành Phước, Phường Cái Vồn","dientichkm2":null,"dansonguoi":null},"id":"diaphanhanhchinhcapxa_2025.2549"},
{"type":"Feature","geometry":{"type":"Polygon","coordinates":[[[105.82271,10.06381],[105.82096,10.0628],[105.81949,10.06185],[105.81697,10.05988],[105.81559,10.05805],[105.81472,10.05766],[105.8141,10.05792],[105.8124,10.06017],[105.81186,10.06066],[105.81113,10.06099],[105.80987,10.06119],[105.80749,10.06215],[105.80663,10.06228],[105.80414,10.0622],[105.80347,10.06191],[105.80286,10.06128],[105.8026,10.06059],[105.80247,10.058],[105.80241,10.0566],[105.80248,10.05575],[105.8031,10.05408],[105.80307,10.0535],[105.80203,10.05208],[105.80085,10.0509],[105.79854,10.04917],[105.80037,10.04683],[105.80528,10.04065],[105.80966,10.03504],[105.81349,10.03023],[105.81526,10.02714],[105.81615,10.02411],[105.8173,10.02074],[105.81842,10.01735],[105.82046,10.01202],[105.82217,10.01002],[105.8264,10.00519],[105.83048,9.99898],[105.83157,9.99781],[105.83362,9.9958],[105.83511,9.99674],[105.83708,9.99752],[105.83958,9.99812],[105.84187,9.9985],[105.84353,9.99862],[105.84553,9.99864],[105.84874,9.99806],[105.85003,9.99772],[105.853,9.99635],[105.85428,9.99565],[105.85484,9.99521],[105.85774,9.9942],[105.8586,9.99385],[105.8617,9.99303],[105.86242,9.99292],[105.86532,9.9921],[105.866,9.99185],[105.86727,9.99097],[105.86956,9.99004],[105.87037,9.98948],[105.872,9.98913],[105.87308,9.98853],[105.87601,9.98735],[105.87916,9.98616],[105.88097,9.98537],[105.88301,9.98424],[105.88621,9.98216],[105.88841,9.98036],[105.88969,9.97912],[105.89113,9.97792],[105.89275,9.97674],[105.89566,9.97528],[105.89814,9.97428],[105.90038,9.97346],[105.90245,9.97262],[105.90535,9.97167],[105.90634,9.97122],[105.90796,9.9703],[105.91017,9.96888],[105.91161,9.96821],[105.91416,9.96646],[105.9162,9.9648],[105.91723,9.9658],[105.91408,9.96862],[105.90453,9.97685],[105.89771,9.98222],[105.88874,9.98793],[105.88756,9.98861],[105.88506,9.9897],[105.88244,9.99039],[105.87814,9.99126],[105.87542,9.99165],[105.87453,9.99247],[105.87332,9.99576],[105.87224,9.99773],[105.87094,9.99935],[105.86962,10.00023],[105.8664,10.00131],[105.86432,10.00244],[105.86373,10.00287],[105.86204,10.00458],[105.86048,10.00535],[105.85919,10.00535],[105.85736,10.00484],[105.85562,10.00419],[105.85467,10.00437],[105.85422,10.00538],[105.85423,10.00735],[105.85401,10.00842],[105.85344,10.00912],[105.85131,10.01032],[105.85019,10.0112],[105.84919,10.01221],[105.84802,10.01356],[105.84544,10.01685],[105.84456,10.01772],[105.84299,10.01904],[105.84219,10.01982],[105.84159,10.02069],[105.84093,10.02197],[105.8402,10.02379],[105.83969,10.02483],[105.83916,10.02555],[105.83752,10.02692],[105.83554,10.0282],[105.83454,10.0291],[105.83399,10.03036],[105.83348,10.0321],[105.83318,10.03466],[105.83298,10.03585],[105.83246,10.03747],[105.83153,10.03968],[105.83115,10.04043],[105.82963,10.04228],[105.82863,10.04401],[105.82836,10.04527],[105.82834,10.04772],[105.82822,10.04875],[105.82707,10.05143],[105.8266,10.05301],[105.82613,10.05521],[105.82557,10.05682],[105.82429,10.05949],[105.82354,10.06125],[105.82271,10.06381]]]},"properties":{"a01_tinh":"diaphanhanhchinhcaptinh_sn.42","a02_xa":"diaphanhanhchinhcapxa_2025.2554","a03_ten":"Phường Cái Vồn","a04_tentinh":"Tỉnh Vĩnh Long","a05_truocsn":"Xã Mỹ Hòa (thị xã Bình Minh), Xã Ngãi Tứ, Phường Thành Phước, Phường Cái Vồn","a06_trungtamhc":"đang cập nhật","a07_dt":"26.52","a08_ds":"36031","a09_dthoai":null,"a10_web":null,"ten":"Phường Cái Vồn","ma":"29770","tentinh":"Tỉnh Vĩnh Long","truocsapnhap":"Xã Mỹ Hòa (thị xã Bình Minh), Xã Ngãi Tứ, Phường Thành Phước, Phường Cái Vồn","dientichkm2":null,"dansonguoi":null},"id":"diaphanhanhchinhcapxa_2025.2554"},
{"type":"Feature","geometry":{"type":"Polygon","coordinates":[[[105.8861,10.05359],[105.87944,10.0517],[105.87688,10.04934],[105.87431,10.04999],[105.87368,10.05049],[105.87065,10.05228],[105.8701,10.05247],[105.86637,10.05497],[105.86574,10.05531],[105.86544,10.05583],[105.8651,10.05719],[105.8654,10.05778],[105.86519,10.05849],[105.86471,10.05905],[105.8641,10.06084],[105.86381,10.06226],[105.86326,10.06425],[105.86285,10.06607],[105.86213,10.06884],[105.86167,10.07114],[105.86116,10.07322],[105.86106,10.07401],[105.86057,10.0759],[105.85969,10.0796],[105.85956,10.08092],[105.85424,10.07891],[105.84948,10.0773],[105.84619,10.076],[105.84439,10.07541],[105.84182,10.07441],[105.83947,10.07356],[105.83607,10.07225],[105.83282,10.07112],[105.83005,10.07007],[105.82433,10.06813],[105.82355,10.06751],[105.82339,10.06685],[105.8233,10.06504],[105.82271,10.06381],[105.82354,10.06125],[105.82429,10.05949],[105.82557,10.05682],[105.82613,10.05521],[105.8266,10.05301],[105.82707,10.05143],[105.82822,10.04875],[105.82834,10.04772],[105.82836,10.04527],[105.82863,10.04401],[105.82963,10.04228],[105.83115,10.04043],[105.83153,10.03968],[105.83246,10.03747],[105.83298,10.03585],[105.83318,10.03466],[105.83348,10.0321],[105.83399,10.03036],[105.83454,10.0291],[105.83554,10.0282],[105.83752,10.02692],[105.83916,10.02555],[105.83969,10.02483],[105.8402,10.02379],[105.84093,10.02197],[105.84159,10.02069],[105.84219,10.01982],[105.84299,10.01904],[105.84456,10.01772],[105.84544,10.01685],[105.84802,10.01356],[105.84919,10.01221],[105.85019,10.0112],[105.85131,10.01032],[105.85344,10.00912],[105.85401,10.00842],[105.85423,10.00735],[105.85422,10.00538],[105.85467,10.00437],[105.85562,10.00419],[105.85736,10.00484],[105.85919,10.00535],[105.86048,10.00535],[105.86204,10.00458],[105.86373,10.00287],[105.86432,10.00244],[105.8664,10.00131],[105.86962,10.00023],[105.87094,9.99935],[105.87224,9.99773],[105.87332,9.99576],[105.87453,9.99247],[105.87542,9.99165],[105.87814,9.99126],[105.88244,9.99039],[105.88322,9.99308],[105.88514,9.99673],[105.88637,9.99898],[105.88925,10.00484],[105.89104,10.00779],[105.89184,10.00897],[105.89372,10.01205],[105.8941,10.01327],[105.89548,10.01324],[105.89755,10.01295],[105.89748,10.01354],[105.89621,10.01779],[105.89612,10.01858],[105.89562,10.02049],[105.89241,10.02043],[105.8925,10.02268],[105.89265,10.02384],[105.89292,10.0284],[105.89302,10.02942],[105.89357,10.03126],[105.89358,10.03277],[105.89328,10.03432],[105.89318,10.03568],[105.89271,10.039],[105.89258,10.03958],[105.89127,10.04263],[105.88982,10.04582],[105.8895,10.04699],[105.88903,10.04782],[105.88856,10.04896],[105.88798,10.04969],[105.88779,10.05041],[105.8861,10.05359]]]},"properties":{"a01_tinh":"diaphanhanhchinhcaptinh_sn.42","a02_xa":"diaphanhanhchinhcapxa_2025.2553","a03_ten":"Phường Đông Thành","a04_tentinh":"Tỉnh Vĩnh Long","a05_truocsn":"Phường Đông Thuận, Xã Đông Bình, Xã Đông Thạnh, Xã Đông Thành","a06_trungtamhc":"UBND xã Đông Bình","a07_dt":"44.35","a08_ds":"41793","a09_dthoai":null,"a10_web":null,"ten":"Phường Đông Thành","ma":"29812","tentinh":"Tỉnh Vĩnh Long","truocsapnhap":"Phường Đông Thuận, Xã Đông Bình, Xã Đông Thạnh, Xã Đông Thành","dientichkm2":null,"dansonguoi":null},"id":"diaphanhanhchinhcapxa_2025.2553"},
{"type":"Feature","geometry":{"type":"Polygon","coordinates":[[[106.50322,9.6777],[106.50178,9.67803],[106.50055,9.67791],[106.49963,9.67758],[106.49718,9.67607],[106.49655,9.67551],[106.49576,9.67442],[106.49469,9.67351],[106.4935,9.6729],[106.49084,9.67231],[106.49056,9.67158],[106.48971,9.67066],[106.48942,9.67015],[106.48918,9.66914],[106.4894,9.66819],[106.48979,9.6676],[106.49189,9.66548],[106.49247,9.66462],[106.49225,9.66407],[106.49118,9.66378],[106.49074,9.66349],[106.49012,9.66386],[106.48683,9.66358],[106.4869,9.66324],[106.48482,9.6625],[106.48382,9.66185],[106.48215,9.66145],[106.48198,9.66184],[106.48017,9.66152],[106.47795,9.66125],[106.47608,9.6609],[106.47486,9.6608],[106.47371,9.66046],[106.4725,9.66029],[106.46983,9.65933],[106.46937,9.6594],[106.46897,9.65911],[106.46752,9.65891],[106.46749,9.65866],[106.46664,9.6585],[106.46569,9.65881],[106.46443,9.65846],[106.46424,9.65793],[106.46268,9.65803],[106.46194,9.65785],[106.46037,9.65777],[106.46063,9.65648],[106.45993,9.65624],[106.45974,9.65704],[106.45907,9.65689],[106.45821,9.65618],[106.45732,9.65588],[106.45704,9.65566],[106.45713,9.65469],[106.4569,9.65223],[106.45574,9.65189],[106.45439,9.65177],[106.45162,9.65141],[106.45051,9.65154],[106.44761,9.65244],[106.44336,9.6531],[106.44215,9.65338],[106.44093,9.65353],[106.44049,9.65234],[106.44009,9.64955],[106.4397,9.64525],[106.4398,9.6438],[106.44019,9.64293],[106.44163,9.64113],[106.44197,9.64028],[106.44208,9.63933],[106.44172,9.63505],[106.44175,9.63218],[106.4419,9.62937],[106.44192,9.62645],[106.44345,9.62599],[106.44442,9.62578],[106.44642,9.62557],[106.4503,9.62507],[106.45048,9.6251],[106.45486,9.62463],[106.45786,9.62426],[106.45891,9.62398],[106.46157,9.6231],[106.46537,9.62116],[106.46731,9.61912],[106.47016,9.6163],[106.4708,9.61572],[106.47201,9.61443],[106.47477,9.61169],[106.48448,9.60143],[106.51896,9.57131],[106.51964,9.57256],[106.52003,9.57368],[106.5205,9.57391],[106.52175,9.57507],[106.52297,9.57575],[106.52383,9.5764],[106.52528,9.57727],[106.52592,9.57671],[106.52872,9.57983],[106.52922,9.58033],[106.53386,9.58556],[106.53391,9.58579],[106.53562,9.5877],[106.53651,9.58918],[106.54085,9.59406],[106.54396,9.59778],[106.54382,9.59807],[106.54266,9.59909],[106.5427,9.6002],[106.54223,9.60116],[106.5417,9.60186],[106.54132,9.60263],[106.53972,9.60406],[106.53954,9.60467],[106.5397,9.60746],[106.54008,9.60902],[106.54117,9.61216],[106.54192,9.61395],[106.54252,9.61504],[106.54335,9.61628],[106.54339,9.61652],[106.543,9.61793],[106.54253,9.61903],[106.54181,9.62007],[106.54056,9.6216],[106.54041,9.6229],[106.54011,9.62398],[106.54019,9.62453],[106.54092,9.62646],[106.54105,9.62707],[106.54098,9.6282],[106.54063,9.62925],[106.53999,9.63015],[106.53842,9.63117],[106.53663,9.63175],[106.53541,9.63183],[106.53373,9.63173],[106.53281,9.63185],[106.53161,9.63244],[106.53065,9.63327],[106.52986,9.63411],[106.52869,9.63473],[106.52779,9.63492],[106.52697,9.63488],[106.52465,9.63429],[106.52287,9.63436],[106.52397,9.63545],[106.52523,9.63751],[106.52681,9.64256],[106.52752,9.64565],[106.52812,9.6474],[106.52924,9.65004],[106.53043,9.6531],[106.53102,9.6549],[106.5293,9.65553],[106.52835,9.65564],[106.52762,9.65538],[106.52672,9.65448],[106.52587,9.65424],[106.52447,9.65326],[106.52382,9.65331],[106.52373,9.65432],[106.5235,9.6546],[106.52282,9.65451],[106.52106,9.6537],[106.5206,9.65338],[106.51929,9.65358],[106.51875,9.65337],[106.51844,9.65296],[106.51759,9.65239],[106.51653,9.65204],[106.51558,9.65222],[106.51502,9.65218],[106.51438,9.6517],[106.51412,9.65185],[106.5137,9.65303],[106.51208,9.65454],[106.51202,9.65511],[106.50985,9.65665],[106.50788,9.65716],[106.50663,9.65759],[106.5047,9.65411],[106.50338,9.65198],[106.50172,9.65366],[106.50118,9.65373],[106.50079,9.65414],[106.50178,9.655],[106.50271,9.65625],[106.50321,9.65712],[106.50414,9.65799],[106.50501,9.65946],[106.50489,9.66041],[106.50604,9.66119],[106.50779,9.66269],[106.50844,9.66343],[106.51045,9.66636],[106.51163,9.66799],[106.5119,9.66878],[106.5103,9.66771],[106.50957,9.66804],[106.50858,9.66973],[106.50742,9.67144],[106.50639,9.67276],[106.50576,9.67376],[106.50522,9.67438],[106.50428,9.67584],[106.50375,9.67646],[106.50338,9.67657],[106.50322,9.6777]]]},"properties":{"a01_tinh":"diaphanhanhchinhcaptinh_sn.42","a02_xa":"diaphanhanhchinhcapxa_2025.2518","a03_ten":"Phường Duyên Hải","a04_tentinh":"Tỉnh Vĩnh Long","a05_truocsn":"Phường 1 (thị xã Duyên Hải), Xã Long Toàn, Xã Dân Thành","a06_trungtamhc":"đang cập nhật","a07_dt":"69.63","a08_ds":"24356","a09_dthoai":null,"a10_web":null,"ten":"Phường Duyên Hải","ma":"29512","tentinh":"Tỉnh Vĩnh Long","truocsapnhap":"Phường 1 (thị xã Duyên Hải), Xã Long Toàn, Xã Dân Thành","dientichkm2":null,"dansonguoi":null},"id":"diaphanhanhchinhcapxa_2025.2518"},
{"type":"Feature","geometry":{"type":"Polygon","coordinates":[[[106.353,9.91849],[106.35302,9.91896],[106.35272,9.92328],[106.35247,9.92773],[106.35508,9.92801],[106.35893,9.92806],[106.36085,9.92801],[106.36265,9.92887],[106.3642,9.92949],[106.36542,9.93023],[106.36659,9.9281],[106.3706,9.92967],[106.37235,9.93032],[106.37211,9.93079],[106.37097,9.93373],[106.3759,9.93517],[106.37796,9.93587],[106.37748,9.93779],[106.38016,9.93859],[106.3801,9.93913],[106.38076,9.93928],[106.38348,9.9408],[106.38418,9.94107],[106.38443,9.94183],[106.3848,9.9419],[106.38603,9.94267],[106.38885,9.9461],[106.38773,9.9466],[106.38605,9.94778],[106.38155,9.95186],[106.38069,9.95283],[106.37966,9.95428],[106.37762,9.95792],[106.37678,9.95962],[106.3743,9.96188],[106.37301,9.96311],[106.36864,9.96751],[106.36611,9.9698],[106.36047,9.97465],[106.35932,9.9756],[106.35591,9.97186],[106.35516,9.9713],[106.35309,9.97006],[106.35239,9.96909],[106.35217,9.96822],[106.35166,9.96544],[106.35008,9.95817],[106.34897,9.95351],[106.34822,9.95011],[106.34713,9.94532],[106.34661,9.94326],[106.34642,9.94219],[106.34517,9.93678],[106.34485,9.93504],[106.34481,9.93397],[106.34498,9.93135],[106.34491,9.93041],[106.34434,9.92768],[106.34401,9.9248],[106.34374,9.92344],[106.34375,9.92247],[106.34402,9.92153],[106.34434,9.9195],[106.3445,9.91785],[106.34554,9.91787],[106.34661,9.91818],[106.34918,9.91862],[106.353,9.91849]]]},"properties":{"a01_tinh":"diaphanhanhchinhcaptinh_sn.42","a02_xa":"diaphanhanhchinhcapxa_2025.2500","a03_ten":"Phường Hoà Thuận","a04_tentinh":"Tỉnh Vĩnh Long","a05_truocsn":"Phường 5 (thành phố Trà Vinh), Xã Hòa Thuận","a06_trungtamhc":"đang cập nhật","a07_dt":"16.51","a08_ds":"25384","a09_dthoai":null,"a10_web":null,"ten":"Phường Hòa Thuận","ma":"29398","tentinh":"Tỉnh Vĩnh Long","truocsapnhap":"Phường 5 (thành phố Trà Vinh), Xã Hòa Thuận","dientichkm2":null,"dansonguoi":null},"id":"diaphanhanhchinhcapxa_2025.2500"},
{"type":"Feature","geometry":{"type":"Polygon","coordinates":[[[105.97246,10.2601],[105.96757,10.25923],[105.96617,10.25919],[105.96483,10.25943],[105.96106,10.26049],[105.95945,10.26106],[105.95823,10.26159],[105.95445,10.26346],[105.95232,10.26473],[105.94985,10.2667],[105.94758,10.2686],[105.94547,10.2706],[105.94149,10.27358],[105.93919,10.27025],[105.93843,10.2698],[105.938,10.26989],[105.9368,10.27068],[105.93568,10.27051],[105.93446,10.26923],[105.93447,10.26798],[105.93493,10.2664],[105.93555,10.2655],[105.93528,10.26495],[105.93395,10.26546],[105.93336,10.26554],[105.93278,10.26534],[105.93212,10.26478],[105.93168,10.26408],[105.93013,10.26364],[105.92937,10.26279],[105.92852,10.26207],[105.92843,10.26153],[105.9287,10.26114],[105.9292,10.26102],[105.93044,10.26174],[105.93113,10.26144],[105.93184,10.2607],[105.93211,10.26021],[105.93225,10.25863],[105.93191,10.25804],[105.93147,10.25807],[105.92995,10.25851],[105.9293,10.25825],[105.92865,10.25773],[105.92769,10.25752],[105.92642,10.25742],[105.92583,10.25805],[105.92551,10.2593],[105.92501,10.25937],[105.92452,10.25891],[105.92409,10.25672],[105.92353,10.25567],[105.92301,10.25569],[105.92236,10.25607],[105.92202,10.25542],[105.92213,10.25507],[105.92165,10.25383],[105.92112,10.25314],[105.92033,10.25173],[105.91987,10.25147],[105.91909,10.25184],[105.91818,10.25093],[105.91817,10.25048],[105.91856,10.24995],[105.91866,10.24902],[105.91919,10.24805],[105.91934,10.24714],[105.91928,10.24636],[105.92012,10.2457],[105.92164,10.24531],[105.92191,10.24508],[105.92228,10.24348],[105.9227,10.2431],[105.92352,10.24279],[105.92582,10.24224],[105.92742,10.2416],[105.92829,10.24149],[105.92906,10.24156],[105.93127,10.24152],[105.93368,10.24171],[105.93428,10.24185],[105.93509,10.24246],[105.93584,10.24279],[105.93743,10.24277],[105.93753,10.24218],[105.93926,10.24232],[105.9402,10.24227],[105.9407,10.24257],[105.94254,10.2427],[105.9432,10.2424],[105.9451,10.24284],[105.94677,10.24307],[105.94761,10.24308],[105.94802,10.24243],[105.9498,10.24488],[105.95018,10.2455],[105.95022,10.24631],[105.9509,10.24599],[105.95268,10.24486],[105.95333,10.24566],[105.95491,10.24492],[105.95545,10.24479],[105.9557,10.2456],[105.9567,10.2448],[105.95728,10.24481],[105.95876,10.24447],[105.95772,10.24193],[105.95754,10.24105],[105.95848,10.24108],[105.96056,10.24165],[105.96167,10.24147],[105.96366,10.2417],[105.96439,10.24217],[105.96554,10.2441],[105.96575,10.24459],[105.96542,10.24642],[105.96544,10.24872],[105.96498,10.2498],[105.96516,10.25033],[105.96668,10.25059],[105.96732,10.25087],[105.96799,10.25171],[105.96898,10.25204],[105.97204,10.24787],[105.97348,10.24917],[105.97521,10.25052],[105.97849,10.25272],[105.97647,10.25526],[105.97391,10.25756],[105.97309,10.25849],[105.97246,10.2601]]]},"properties":{"a01_tinh":"diaphanhanhchinhcaptinh_sn.42","a02_xa":"diaphanhanhchinhcapxa_2025.2525","a03_ten":"Phường Long Châu","a04_tentinh":"Tỉnh Vĩnh Long","a05_truocsn":"Phường 1, Phường 9 (thành phố Vĩnh Long), Phường Trường An","a06_trungtamhc":"UBND phường 1","a07_dt":"12.63","a08_ds":"4948","a09_dthoai":null,"a10_web":null,"ten":"Phường Long Châu","ma":"29551","tentinh":"Tỉnh Vĩnh Long","truocsapnhap":"Phường 1, Phường 9 (thành phố Vĩnh Long), Phường Trường An","dientichkm2":null,"dansonguoi":null},"id":"diaphanhanhchinhcapxa_2025.2525"},
{"type":"Feature","geometry":{"type":"Polygon","coordinates":[[[106.33865,10.00468],[106.33183,10.00959],[106.32624,10.01372],[106.32413,10.01507],[106.32084,10.017],[106.31347,10.01246],[106.31159,10.01217],[106.30762,10.01249],[106.30649,10.01236],[106.30563,10.01213],[106.30457,10.01161],[106.30397,10.01108],[106.30352,10.0104],[106.30321,10.00908],[106.30347,10.00741],[106.30481,10.00539],[106.30628,10.0046],[106.307,10.00433],[106.30781,10.0037],[106.31017,10.00279],[106.31124,10.0023],[106.3119,10.00185],[106.31415,9.99898],[106.31463,9.99805],[106.31488,9.99712],[106.31489,9.99601],[106.31457,9.99483],[106.31411,9.9939],[106.31339,9.99298],[106.3117,9.9912],[106.31074,9.99004],[106.30997,9.98894],[106.31015,9.98861],[106.31048,9.98581],[106.31052,9.98398],[106.31025,9.98312],[106.3095,9.98213],[106.30888,9.97963],[106.30838,9.97847],[106.30744,9.97706],[106.30713,9.97644],[106.30707,9.97581],[106.30775,9.97379],[106.3079,9.97262],[106.30748,9.97183],[106.3057,9.97023],[106.30508,9.96939],[106.30474,9.96819],[106.30492,9.96676],[106.30579,9.96483],[106.30588,9.96399],[106.30643,9.96353],[106.30796,9.9614],[106.30811,9.96067],[106.30816,9.95916],[106.3086,9.95845],[106.31008,9.95784],[106.31075,9.95738],[106.31101,9.95693],[106.31128,9.95578],[106.31097,9.95333],[106.31102,9.95224],[106.31174,9.95218],[106.312,9.95317],[106.31238,9.95342],[106.313,9.9532],[106.31421,9.95229],[106.31495,9.95211],[106.31631,9.95222],[106.31637,9.9519],[106.31633,9.94988],[106.3164,9.94826],[106.31732,9.94828],[106.31751,9.94744],[106.31795,9.94692],[106.31822,9.94707],[106.32131,9.94778],[106.32164,9.94637],[106.32173,9.94546],[106.32235,9.94478],[106.32295,9.94507],[106.32358,9.94587],[106.32337,9.94638],[106.32411,9.94666],[106.32503,9.94622],[106.3257,9.94652],[106.32618,9.94646],[106.32648,9.94581],[106.327,9.94555],[106.32876,9.94549],[106.32899,9.94535],[106.32942,9.94635],[106.33006,9.94603],[106.3304,9.94703],[106.33241,9.94924],[106.33284,9.95006],[106.33251,9.95105],[106.33279,9.95158],[106.33187,9.95188],[106.33254,9.95383],[106.33621,9.95378],[106.33707,9.95365],[106.33957,9.95369],[106.34086,9.95366],[106.34054,9.95655],[106.3408,9.9566],[106.34072,9.95786],[106.34363,9.95807],[106.34386,9.95358],[106.34383,9.95164],[106.34398,9.94965],[106.34392,9.94855],[106.34406,9.94714],[106.34402,9.94542],[106.34417,9.94364],[106.34412,9.94232],[106.342,9.94246],[106.34209,9.94143],[106.34188,9.93865],[106.34149,9.93742],[106.34517,9.93678],[106.34642,9.94219],[106.34661,9.94326],[106.34713,9.94532],[106.34822,9.95011],[106.34897,9.95351],[106.35008,9.95817],[106.35166,9.96544],[106.35217,9.96822],[106.35239,9.96909],[106.35309,9.97006],[106.35516,9.9713],[106.35591,9.97186],[106.35932,9.9756],[106.36047,9.97465],[106.36611,9.9698],[106.36864,9.96751],[106.37301,9.96311],[106.3743,9.96188],[106.37678,9.95962],[106.37762,9.95792],[106.37966,9.95428],[106.38069,9.95283],[106.38155,9.95186],[106.38605,9.94778],[106.38773,9.9466],[106.38885,9.9461],[106.38975,9.94743],[106.3901,9.94831],[106.39038,9.95023],[106.39026,9.95144],[106.38885,9.95551],[106.3863,9.96177],[106.38479,9.96577],[106.38393,9.96782],[106.37871,9.97969],[106.37354,9.98343],[106.36453,9.99015],[106.3636,9.99082],[106.35894,9.99434],[106.35776,9.99506],[106.35439,9.99654],[106.34706,9.99898],[106.34466,10.00047],[106.33865,10.00468]]]},"properties":{"a01_tinh":"diaphanhanhchinhcaptinh_sn.42","a02_xa":"diaphanhanhchinhcapxa_2025.2485","a03_ten":"Phường Long Đức","a04_tentinh":"Tỉnh Vĩnh Long","a05_truocsn":"Phường 4 (thành phố Trà Vinh), Xã Long Đức","a06_trungtamhc":"đang cập nhật","a07_dt":"40.62","a08_ds":"33662","a09_dthoai":null,"a10_web":null,"ten":"Phường Long Đức","ma":"29263","tentinh":"Tỉnh Vĩnh Long","truocsapnhap":"Phường 4 (thành phố Trà Vinh), Xã Long Đức","dientichkm2":null,"dansonguoi":null},"id":"diaphanhanhchinhcapxa_2025.2485"},
{"type":"Feature","geometry":{"type":"Polygon","coordinates":[[[106.32899,9.94535],[106.32876,9.94549],[106.327,9.94555],[106.32648,9.94581],[106.32618,9.94646],[106.3257,9.94652],[106.32503,9.94622],[106.32411,9.94666],[106.32337,9.94638],[106.32358,9.94587],[106.32295,9.94507],[106.32235,9.94478],[106.32173,9.94546],[106.32164,9.94637],[106.32131,9.94778],[106.31822,9.94707],[106.31795,9.94692],[106.31751,9.94744],[106.31732,9.94828],[106.3164,9.94826],[106.31633,9.94988],[106.31637,9.9519],[106.31631,9.95222],[106.31495,9.95211],[106.31421,9.95229],[106.313,9.9532],[106.31238,9.95342],[106.312,9.95317],[106.31174,9.95218],[106.31102,9.95224],[106.31097,9.95333],[106.31128,9.95578],[106.31101,9.95693],[106.31075,9.95738],[106.31008,9.95784],[106.3086,9.95845],[106.30816,9.95916],[106.30811,9.96067],[106.30796,9.9614],[106.30643,9.96353],[106.30588,9.96399],[106.30553,9.96327],[106.30414,9.96172],[106.30379,9.96071],[106.30347,9.95879],[106.30317,9.95764],[106.3028,9.95687],[106.30211,9.95595],[106.30127,9.95534],[106.29995,9.95472],[106.29848,9.95429],[106.29619,9.9535],[106.29374,9.95212],[106.29308,9.95166],[106.2924,9.95095],[106.29214,9.94999],[106.29242,9.9492],[106.29351,9.94789],[106.29367,9.94681],[106.29244,9.94468],[106.29132,9.94326],[106.29026,9.94253],[106.28848,9.94174],[106.28589,9.94114],[106.28438,9.94072],[106.28295,9.9402],[106.28195,9.93963],[106.28056,9.93847],[106.27923,9.93707],[106.27994,9.93661],[106.28168,9.93509],[106.28333,9.93452],[106.28387,9.93412],[106.28419,9.93359],[106.28464,9.93093],[106.28509,9.93035],[106.2857,9.93001],[106.28836,9.92929],[106.29015,9.92875],[106.29161,9.92816],[106.29361,9.92783],[106.29475,9.92723],[106.29571,9.92653],[106.2962,9.92594],[106.29747,9.92555],[106.29817,9.92517],[106.29996,9.92461],[106.30035,9.924],[106.3008,9.92414],[106.30175,9.9236],[106.30237,9.92422],[106.30275,9.92207],[106.30277,9.92125],[106.3025,9.91965],[106.30223,9.91858],[106.30019,9.91537],[106.30097,9.91426],[106.30148,9.91427],[106.3018,9.91326],[106.30166,9.91251],[106.30189,9.9103],[106.30188,9.90919],[106.30243,9.90782],[106.30945,9.91096],[106.31086,9.90849],[106.31232,9.90747],[106.31336,9.90619],[106.31548,9.90532],[106.31684,9.90468],[106.31801,9.90394],[106.31939,9.9029],[106.32062,9.90413],[106.32171,9.90536],[106.32357,9.90771],[106.32548,9.91037],[106.32701,9.91292],[106.32809,9.91431],[106.32928,9.91613],[106.33002,9.91712],[106.33071,9.9183],[106.33111,9.91962],[106.33266,9.92236],[106.33341,9.92342],[106.33443,9.92461],[106.33499,9.92564],[106.33665,9.92473],[106.33805,9.9243],[106.33886,9.92694],[106.33957,9.92981],[106.34006,9.93349],[106.33678,9.93389],[106.33578,9.93413],[106.33562,9.93387],[106.33478,9.93413],[106.33389,9.9351],[106.33426,9.93535],[106.3341,9.93593],[106.33362,9.93648],[106.33397,9.93705],[106.33487,9.93788],[106.33504,9.93776],[106.33579,9.93918],[106.33196,9.94088],[106.3298,9.94213],[106.33027,9.94299],[106.32913,9.94356],[106.32914,9.94414],[106.32865,9.94441],[106.32899,9.94535]]]},"properties":{"a01_tinh":"diaphanhanhchinhcaptinh_sn.42","a02_xa":"diaphanhanhchinhcapxa_2025.2501","a03_ten":"Phường Nguyệt Hoá","a04_tentinh":"Tỉnh Vĩnh Long","a05_truocsn":"Phường 7, Phường 8 (thành phố Trà Vinh), Xã Nguyệt Hóa","a06_trungtamhc":"đang cập nhật","a07_dt":"21.14","a08_ds":"37066","a09_dthoai":null,"a10_web":null,"ten":"Phường Nguyệt Hóa","ma":"29254","tentinh":"Tỉnh Vĩnh Long","truocsapnhap":"Phường 7, Phường 8 (thành phố Trà Vinh), Xã Nguyệt Hóa","dientichkm2":null,"dansonguoi":null},"id":"diaphanhanhchinhcapxa_2025.2501"},
{"type":"Feature","geometry":{"type":"Polygon","coordinates":[[[106.43291,10.24555],[106.43077,10.24614],[106.42994,10.24657],[106.42857,10.24708],[106.42795,10.2476],[106.42708,10.24796],[106.42648,10.24801],[106.42531,10.24775],[106.42475,10.24785],[106.42283,10.24871],[106.42011,10.24899],[106.41416,10.25364],[106.41014,10.25534],[106.40693,10.25706],[106.40429,10.25802],[106.40381,10.25813],[106.40005,10.25944],[106.39711,10.2604],[106.39363,10.26148],[106.3924,10.26191],[106.3877,10.26328],[106.38517,10.26413],[106.3835,10.2584],[106.37897,10.25644],[106.37678,10.25546],[106.37296,10.25381],[106.37131,10.25303],[106.36945,10.25225],[106.36267,10.24924],[106.36308,10.24905],[106.36367,10.2492],[106.36393,10.24893],[106.3653,10.24842],[106.36593,10.2485],[106.36604,10.24813],[106.36667,10.24822],[106.3674,10.24798],[106.36828,10.24796],[106.36806,10.24729],[106.36827,10.24651],[106.36907,10.24666],[106.3691,10.24621],[106.36962,10.24528],[106.36969,10.24471],[106.3702,10.24421],[106.37026,10.24294],[106.37264,10.24332],[106.37678,10.24377],[106.37974,10.24417],[106.38082,10.24363],[106.38044,10.24284],[106.38128,10.24277],[106.38154,10.24211],[106.38207,10.24138],[106.38168,10.24079],[106.38249,10.24067],[106.3828,10.24006],[106.38228,10.2395],[106.38218,10.23877],[106.38241,10.23799],[106.38178,10.23768],[106.38182,10.23716],[106.38224,10.23656],[106.38206,10.23584],[106.38129,10.23532],[106.38085,10.23407],[106.38472,10.23428],[106.38767,10.23451],[106.39056,10.23452],[106.39431,10.2346],[106.39841,10.23465],[106.39964,10.23459],[106.40242,10.23421],[106.39969,10.22768],[106.4003,10.22737],[106.39995,10.22682],[106.40048,10.22657],[106.40198,10.2251],[106.40136,10.2243],[106.40082,10.22472],[106.39996,10.22509],[106.39799,10.22562],[106.39754,10.22552],[106.39615,10.22477],[106.39448,10.22491],[106.39372,10.22465],[106.3931,10.22466],[106.39254,10.2242],[106.39187,10.223],[106.39089,10.2234],[106.39059,10.22376],[106.38933,10.22411],[106.38852,10.22379],[106.38765,10.22324],[106.38784,10.22292],[106.38725,10.22255],[106.3866,10.22407],[106.38438,10.22308],[106.3834,10.22278],[106.38281,10.22209],[106.38221,10.22221],[106.38182,10.222],[106.38064,10.22096],[106.38026,10.22076],[106.38218,10.21823],[106.38311,10.21808],[106.38344,10.21824],[106.38465,10.21788],[106.38417,10.21687],[106.38681,10.2153],[106.38777,10.21539],[106.38814,10.21496],[106.38915,10.21439],[106.39035,10.21353],[106.38815,10.21068],[106.38982,10.20903],[106.39076,10.20769],[106.39122,10.20726],[106.39388,10.20535],[106.39222,10.20342],[106.39087,10.20163],[106.38852,10.20098],[106.38778,10.20061],[106.38619,10.19902],[106.38525,10.19708],[106.38632,10.19631],[106.38645,10.19602],[106.38807,10.19463],[106.38885,10.1935],[106.38972,10.19313],[106.39031,10.1936],[106.3912,10.19383],[106.39165,10.19447],[106.39234,10.19398],[106.3926,10.19354],[106.39305,10.19348],[106.39437,10.19137],[106.39522,10.19102],[106.39605,10.19112],[106.39662,10.19148],[106.39586,10.19319],[106.39526,10.19504],[106.3952,10.19572],[106.39561,10.19628],[106.39785,10.19744],[106.39866,10.19845],[106.40066,10.20018],[106.40148,10.20039],[106.40318,10.20026],[106.40593,10.19927],[106.40689,10.19912],[106.40769,10.19921],[106.40852,10.1996],[106.40914,10.20024],[106.41091,10.20244],[106.41241,10.20407],[106.41275,10.2051],[106.41251,10.20583],[106.4119,10.20652],[106.41017,10.20785],[106.40984,10.2085],[106.4097,10.2097],[106.40991,10.21114],[106.41062,10.21288],[106.41093,10.21395],[106.41208,10.21667],[106.41231,10.21787],[106.41278,10.21893],[106.4132,10.21942],[106.41421,10.21982],[106.41599,10.21953],[106.4168,10.21968],[106.41744,10.2202],[106.41762,10.22072],[106.41766,10.22173],[106.4169,10.22197],[106.41596,10.22251],[106.41504,10.22348],[106.41443,10.22451],[106.41405,10.22548],[106.41408,10.22629],[106.41392,10.22731],[106.41424,10.22735],[106.41527,10.22816],[106.41615,10.22867],[106.4188,10.23004],[106.4202,10.23059],[106.42339,10.23206],[106.42645,10.23331],[106.42871,10.23451],[106.42942,10.23517],[106.42998,10.23587],[106.43073,10.23743],[106.43109,10.23875],[106.43141,10.24043],[106.43291,10.24555]]]},"properties":{"a01_tinh":"diaphanhanhchinhcaptinh_sn.42","a02_xa":"diaphanhanhchinhcapxa_2025.2436","a03_ten":"Phường Phú Khương","a04_tentinh":"Tỉnh Vĩnh Long","a05_truocsn":"Phường 8 (thành phố Bến Tre), Phường Phú Khương, Xã Phú Hưng, Xã Nhơn Thạnh","a06_trungtamhc":"UBND phường Phú Khương","a07_dt":"24.97","a08_ds":"47059","a09_dthoai":null,"a10_web":null,"ten":"Phường Phú Khương","ma":"28756","tentinh":"Tỉnh Vĩnh Long","truocsapnhap":"Phường 8 (thành phố Bến Tre), Phường Phú Khương, Xã Phú Hưng, Xã Nhơn Thạnh","dientichkm2":null,"dansonguoi":null},"id":"diaphanhanhchinhcapxa_2025.2436"},
{"type":"Feature","geometry":{"type":"Polygon","coordinates":[[[106.43991,10.26554],[106.43878,10.26539],[106.43797,10.26541],[106.43731,10.26577],[106.43433,10.26902],[106.43204,10.2718],[106.43102,10.27286],[106.43001,10.27373],[106.42869,10.27507],[106.42652,10.27628],[106.42489,10.27684],[106.42357,10.27713],[106.42137,10.2774],[106.41905,10.27756],[106.41582,10.2779],[106.41367,10.27821],[106.40962,10.27898],[106.40715,10.2795],[106.40361,10.2801],[106.40181,10.28049],[106.4,10.28098],[106.39847,10.28152],[106.39604,10.28267],[106.39303,10.28461],[106.39205,10.28532],[106.39058,10.28658],[106.38942,10.28742],[106.38794,10.28812],[106.38642,10.2887],[106.38393,10.28947],[106.38026,10.29034],[106.37678,10.29098],[106.37292,10.29152],[106.37096,10.29164],[106.36831,10.29187],[106.36513,10.29225],[106.36321,10.29227],[106.36312,10.29175],[106.36383,10.28838],[106.36466,10.28641],[106.36616,10.28474],[106.36665,10.28408],[106.36608,10.28339],[106.3657,10.28328],[106.36568,10.28254],[106.36516,10.28216],[106.36464,10.28221],[106.36439,10.28187],[106.3638,10.28226],[106.36349,10.28207],[106.36264,10.28223],[106.36252,10.28183],[106.36108,10.2824],[106.3607,10.28204],[106.35819,10.28286],[106.35698,10.28319],[106.35508,10.28356],[106.35499,10.28207],[106.35453,10.28208],[106.35431,10.28072],[106.35355,10.27772],[106.35431,10.27722],[106.35414,10.27661],[106.35541,10.2762],[106.3561,10.27268],[106.35678,10.26861],[106.35879,10.26803],[106.35885,10.26782],[106.36029,10.26738],[106.36027,10.26723],[106.36309,10.26635],[106.36198,10.26116],[106.36188,10.26084],[106.36072,10.26107],[106.36141,10.25885],[106.36038,10.25705],[106.3603,10.25604],[106.36139,10.25579],[106.36155,10.25533],[106.36128,10.25484],[106.36157,10.25459],[106.36045,10.25033],[106.36021,10.24924],[106.36053,10.24895],[106.36161,10.24928],[106.36267,10.24924],[106.36945,10.25225],[106.37131,10.25303],[106.37296,10.25381],[106.37678,10.25546],[106.37897,10.25644],[106.3835,10.2584],[106.38517,10.26413],[106.3877,10.26328],[106.3924,10.26191],[106.39363,10.26148],[106.39711,10.2604],[106.40005,10.25944],[106.40381,10.25813],[106.40429,10.25802],[106.40693,10.25706],[106.41014,10.25534],[106.41416,10.25364],[106.42011,10.24899],[106.42283,10.24871],[106.42475,10.24785],[106.42531,10.24775],[106.42648,10.24801],[106.42708,10.24796],[106.42795,10.2476],[106.42857,10.24708],[106.42994,10.24657],[106.43077,10.24614],[106.43291,10.24555],[106.43394,10.24899],[106.43513,10.2526],[106.43592,10.25518],[106.43648,10.25678],[106.43805,10.26219],[106.43867,10.26374],[106.43991,10.26554]]]},"properties":{"a01_tinh":"diaphanhanhchinhcaptinh_sn.42","a02_xa":"diaphanhanhchinhcapxa_2025.2437","a03_ten":"Phường Phú Tân","a04_tentinh":"Tỉnh Vĩnh Long","a05_truocsn":"Phường Phú Tân, Xã Hữu Định, Xã Phước Thạnh","a06_trungtamhc":"UBND xã Hữu Định","a07_dt":"26.58","a08_ds":"28568","a09_dthoai":null,"a10_web":null,"ten":"Phường Phú Tân","ma":"28858","tentinh":"Tỉnh Vĩnh Long","truocsapnhap":"Phường Phú Tân, Xã Hữu Định, Xã Phước Thạnh","dientichkm2":null,"dansonguoi":null},"id":"diaphanhanhchinhcapxa_2025.2437"},
{"type":"Feature","geometry":{"type":"Polygon","coordinates":[[[105.99268,10.23193],[105.99158,10.23447],[105.99082,10.23582],[105.98955,10.2376],[105.98811,10.23903],[105.987,10.24058],[105.98654,10.24139],[105.98484,10.24503],[105.98398,10.24627],[105.98309,10.24724],[105.98127,10.24899],[105.97849,10.25272],[105.97521,10.25052],[105.97348,10.24917],[105.97204,10.24787],[105.96898,10.25204],[105.96799,10.25171],[105.96732,10.25087],[105.96668,10.25059],[105.96516,10.25033],[105.96498,10.2498],[105.96544,10.24872],[105.96542,10.24642],[105.96575,10.24459],[105.96554,10.2441],[105.96439,10.24217],[105.96366,10.2417],[105.96167,10.24147],[105.96145,10.24088],[105.96109,10.23873],[105.96041,10.23689],[105.9602,10.23455],[105.96005,10.23376],[105.95956,10.23313],[105.95827,10.2323],[105.95757,10.23161],[105.95667,10.22998],[105.95584,10.22885],[105.95558,10.22819],[105.95558,10.22658],[105.95545,10.22586],[105.95476,10.22495],[105.95362,10.22397],[105.9528,10.22308],[105.95239,10.2223],[105.95165,10.22016],[105.95142,10.21923],[105.94984,10.21481],[105.94935,10.21283],[105.94712,10.20691],[105.94585,10.20334],[105.94462,10.2002],[105.94311,10.19677],[105.94272,10.19633],[105.94331,10.1961],[105.94791,10.19488],[105.95468,10.19317],[105.9584,10.19232],[105.96049,10.19193],[105.96132,10.19325],[105.96213,10.19537],[105.96237,10.19732],[105.96203,10.19915],[105.96206,10.19978],[105.96235,10.20075],[105.96251,10.20228],[105.96222,10.20339],[105.96213,10.20624],[105.96262,10.20666],[105.96382,10.20633],[105.96464,10.2065],[105.96511,10.20711],[105.96602,10.20752],[105.96629,10.20783],[105.9668,10.20997],[105.96708,10.21041],[105.96897,10.21177],[105.96979,10.21277],[105.96994,10.21323],[105.96995,10.21463],[105.9704,10.21498],[105.97282,10.21589],[105.97314,10.21639],[105.97283,10.21768],[105.97313,10.21993],[105.97355,10.22111],[105.97443,10.22237],[105.97537,10.22441],[105.97693,10.2266],[105.97913,10.22774],[105.97958,10.22782],[105.98012,10.22738],[105.98281,10.22317],[105.98347,10.2229],[105.98377,10.22364],[105.98514,10.22519],[105.98588,10.22617],[105.98649,10.22679],[105.9879,10.22766],[105.98858,10.22777],[105.98939,10.22764],[105.99027,10.22797],[105.99181,10.22917],[105.99221,10.22987],[105.99268,10.23193]]]},"properties":{"a01_tinh":"diaphanhanhchinhcaptinh_sn.42","a02_xa":"diaphanhanhchinhcapxa_2025.2531","a03_ten":"Phường Phước Hậu","a04_tentinh":"Tỉnh Vĩnh Long","a05_truocsn":"Phường 3, Phường 4 (thành phố Vĩnh Long), Xã Phước Hậu","a06_trungtamhc":"UBND phường 3","a07_dt":"15.52","a08_ds":"50839","a09_dthoai":null,"a10_web":null,"ten":"Phường Phước Hậu","ma":"29557","tentinh":"Tỉnh Vĩnh Long","truocsapnhap":"Phường 3, Phường 4 (thành phố Vĩnh Long), Xã Phước Hậu","dientichkm2":null,"dansonguoi":null},"id":"diaphanhanhchinhcapxa_2025.2531"},
{"type":"Feature","geometry":{"type":"Polygon","coordinates":[[[106.36321,10.29227],[106.36164,10.29233],[106.35997,10.29266],[106.35797,10.29332],[106.35291,10.29558],[106.34692,10.29765],[106.34202,10.29916],[106.33841,10.29964],[106.33637,10.30046],[106.33405,10.30207],[106.33093,10.30477],[106.3288,10.30571],[106.32456,10.30609],[106.3197,10.30531],[106.31846,10.30505],[106.31904,10.3037],[106.31965,10.30171],[106.31941,10.29885],[106.31933,10.29674],[106.32025,10.29627],[106.31915,10.2939],[106.32123,10.29129],[106.31981,10.28351],[106.31941,10.28112],[106.31893,10.2792],[106.3219,10.27863],[106.32078,10.27092],[106.32468,10.26995],[106.32179,10.26343],[106.32123,10.26207],[106.31953,10.25956],[106.32093,10.25844],[106.32051,10.25788],[106.3225,10.25675],[106.32337,10.25649],[106.32514,10.25507],[106.32593,10.25449],[106.32787,10.26028],[106.32884,10.26048],[106.32967,10.26039],[106.32921,10.25891],[106.32963,10.25875],[106.32972,10.25821],[106.33033,10.25782],[106.33121,10.25775],[106.33266,10.2572],[106.33348,10.25726],[106.33358,10.25675],[106.33341,10.25379],[106.33347,10.25348],[106.33437,10.25164],[106.33549,10.24987],[106.33597,10.2487],[106.33658,10.24786],[106.33726,10.24832],[106.34353,10.25334],[106.34402,10.25291],[106.34441,10.25381],[106.34591,10.25343],[106.34768,10.2583],[106.34873,10.25836],[106.35149,10.25822],[106.35236,10.25826],[106.35251,10.25338],[106.35266,10.25035],[106.35266,10.24945],[106.35333,10.24894],[106.35405,10.24892],[106.35416,10.24853],[106.35404,10.24481],[106.35437,10.24477],[106.35918,10.24254],[106.36013,10.24255],[106.35984,10.23997],[106.3621,10.23901],[106.36315,10.23866],[106.36502,10.23834],[106.3658,10.23988],[106.36625,10.23973],[106.36679,10.24021],[106.36742,10.23941],[106.36818,10.24006],[106.36864,10.24002],[106.37028,10.24062],[106.3714,10.24094],[106.37092,10.24158],[106.37026,10.24294],[106.3702,10.24421],[106.36969,10.24471],[106.36962,10.24528],[106.3691,10.24621],[106.36907,10.24666],[106.36827,10.24651],[106.36806,10.24729],[106.36828,10.24796],[106.3674,10.24798],[106.36667,10.24822],[106.36604,10.24813],[106.36593,10.2485],[106.3653,10.24842],[106.36393,10.24893],[106.36367,10.2492],[106.36308,10.24905],[106.36267,10.24924],[106.36161,10.24928],[106.36053,10.24895],[106.36021,10.24924],[106.36045,10.25033],[106.36157,10.25459],[106.36128,10.25484],[106.36155,10.25533],[106.36139,10.25579],[106.3603,10.25604],[106.36038,10.25705],[106.36141,10.25885],[106.36072,10.26107],[106.36188,10.26084],[106.36198,10.26116],[106.36309,10.26635],[106.36027,10.26723],[106.36029,10.26738],[106.35885,10.26782],[106.35879,10.26803],[106.35678,10.26861],[106.3561,10.27268],[106.35541,10.2762],[106.35414,10.27661],[106.35431,10.27722],[106.35355,10.27772],[106.35431,10.28072],[106.35453,10.28208],[106.35499,10.28207],[106.35508,10.28356],[106.35698,10.28319],[106.35819,10.28286],[106.3607,10.28204],[106.36108,10.2824],[106.36252,10.28183],[106.36264,10.28223],[106.36349,10.28207],[106.3638,10.28226],[106.36439,10.28187],[106.36464,10.28221],[106.36516,10.28216],[106.36568,10.28254],[106.3657,10.28328],[106.36608,10.28339],[106.36665,10.28408],[106.36616,10.28474],[106.36466,10.28641],[106.36383,10.28838],[106.36312,10.29175],[106.36321,10.29227]]]},"properties":{"a01_tinh":"diaphanhanhchinhcaptinh_sn.42","a02_xa":"diaphanhanhchinhcapxa_2025.2439","a03_ten":"Phường Sơn Đông","a04_tentinh":"Tỉnh Vĩnh Long","a05_truocsn":"Phường 6, Xã Sơn Đông, Xã Tam Phước","a06_trungtamhc":"UBND xã Sơn Đông","a07_dt":"23.48","a08_ds":"34188","a09_dthoai":null,"a10_web":null,"ten":"Phường Sơn Đông","ma":"28783","tentinh":"Tỉnh Vĩnh Long","truocsapnhap":"Phường 6, Xã Sơn Đông, Xã Tam Phước","dientichkm2":null,"dansonguoi":null},"id":"diaphanhanhchinhcapxa_2025.2439"},
{"type":"Feature","geometry":{"type":"Polygon","coordinates":[[[105.96167,10.24147],[105.96056,10.24165],[105.95848,10.24108],[105.95754,10.24105],[105.95772,10.24193],[105.95876,10.24447],[105.95728,10.24481],[105.9567,10.2448],[105.9557,10.2456],[105.95545,10.24479],[105.95491,10.24492],[105.95333,10.24566],[105.95268,10.24486],[105.9509,10.24599],[105.95022,10.24631],[105.95018,10.2455],[105.9498,10.24488],[105.94802,10.24243],[105.94761,10.24308],[105.94677,10.24307],[105.9451,10.24284],[105.9432,10.2424],[105.94254,10.2427],[105.9407,10.24257],[105.9402,10.24227],[105.93926,10.24232],[105.93753,10.24218],[105.93743,10.24277],[105.93584,10.24279],[105.93509,10.24246],[105.93428,10.24185],[105.93368,10.24171],[105.93127,10.24152],[105.92906,10.24156],[105.92829,10.24149],[105.92742,10.2416],[105.92582,10.24224],[105.92574,10.24147],[105.92503,10.24053],[105.92435,10.23918],[105.92369,10.23819],[105.92312,10.23708],[105.92238,10.23615],[105.92226,10.23545],[105.92082,10.23455],[105.92017,10.23507],[105.91981,10.23503],[105.91748,10.23431],[105.91747,10.23396],[105.917,10.23235],[105.91659,10.23146],[105.91655,10.22972],[105.91799,10.22888],[105.91549,10.22274],[105.91474,10.22059],[105.91546,10.21896],[105.91575,10.21878],[105.91582,10.21793],[105.91629,10.21696],[105.91784,10.21415],[105.91876,10.21285],[105.91894,10.21196],[105.91952,10.21097],[105.91836,10.20744],[105.91756,10.20544],[105.92212,10.20373],[105.92257,10.20367],[105.93617,10.1985],[105.94121,10.19673],[105.94272,10.19633],[105.94311,10.19677],[105.94462,10.2002],[105.94585,10.20334],[105.94712,10.20691],[105.94935,10.21283],[105.94984,10.21481],[105.95142,10.21923],[105.95165,10.22016],[105.95239,10.2223],[105.9528,10.22308],[105.95362,10.22397],[105.95476,10.22495],[105.95545,10.22586],[105.95558,10.22658],[105.95558,10.22819],[105.95584,10.22885],[105.95667,10.22998],[105.95757,10.23161],[105.95827,10.2323],[105.95956,10.23313],[105.96005,10.23376],[105.9602,10.23455],[105.96041,10.23689],[105.96109,10.23873],[105.96145,10.24088],[105.96167,10.24147]]]},"properties":{"a01_tinh":"diaphanhanhchinhcaptinh_sn.42","a02_xa":"diaphanhanhchinhcapxa_2025.2530","a03_ten":"Phường Tân Hạnh","a04_tentinh":"Tỉnh Vĩnh Long","a05_truocsn":"Phường 8 (thành phố Vĩnh Long), Xã Tân Hạnh","a06_trungtamhc":"đang cập nhật","a07_dt":"17.84","a08_ds":"32093","a09_dthoai":null,"a10_web":null,"ten":"Phường Tân Hạnh","ma":"29593","tentinh":"Tỉnh Vĩnh Long","truocsapnhap":"Phường 8 (thành phố Vĩnh Long), Xã Tân Hạnh","dientichkm2":null,"dansonguoi":null},"id":"diaphanhanhchinhcapxa_2025.2530"},
{"type":"Feature","geometry":{"type":"Polygon","coordinates":[[[105.94149,10.27358],[105.94056,10.27429],[105.93707,10.27672],[105.93442,10.27844],[105.93168,10.28052],[105.92664,10.28371],[105.92611,10.28337],[105.92316,10.28228],[105.92017,10.28074],[105.91648,10.27963],[105.91439,10.2791],[105.91258,10.27849],[105.90917,10.27706],[105.90558,10.27544],[105.90388,10.27483],[105.90144,10.27422],[105.90032,10.27416],[105.8986,10.27439],[105.89756,10.27466],[105.89421,10.27585],[105.8917,10.2734],[105.89034,10.27218],[105.887,10.26903],[105.88413,10.26675],[105.88302,10.26602],[105.88099,10.26515],[105.87924,10.26467],[105.87762,10.26439],[105.87739,10.26408],[105.8776,10.26314],[105.87842,10.26234],[105.87858,10.26177],[105.87912,10.26145],[105.88002,10.26052],[105.88096,10.25987],[105.88089,10.25935],[105.88131,10.25899],[105.88163,10.25813],[105.88208,10.25745],[105.88223,10.25676],[105.88275,10.25667],[105.88362,10.2578],[105.88445,10.258],[105.88459,10.25744],[105.88437,10.25685],[105.88416,10.25564],[105.8844,10.25455],[105.88431,10.25363],[105.885,10.25386],[105.88584,10.25292],[105.88668,10.25176],[105.88698,10.25001],[105.88667,10.24944],[105.88709,10.24926],[105.88808,10.24755],[105.88897,10.24634],[105.88986,10.24564],[105.89041,10.24479],[105.89023,10.24423],[105.89099,10.24428],[105.89156,10.24406],[105.89199,10.24454],[105.89424,10.24434],[105.89546,10.2445],[105.89699,10.24497],[105.89901,10.24536],[105.89977,10.24531],[105.90193,10.24495],[105.90162,10.23981],[105.90119,10.23451],[105.90176,10.23396],[105.90558,10.23134],[105.91118,10.22732],[105.91224,10.2266],[105.91254,10.22572],[105.91284,10.22535],[105.91309,10.22448],[105.91474,10.22059],[105.91549,10.22274],[105.91799,10.22888],[105.91655,10.22972],[105.91659,10.23146],[105.917,10.23235],[105.91747,10.23396],[105.91748,10.23431],[105.91981,10.23503],[105.92017,10.23507],[105.92082,10.23455],[105.92226,10.23545],[105.92238,10.23615],[105.92312,10.23708],[105.92369,10.23819],[105.92435,10.23918],[105.92503,10.24053],[105.92574,10.24147],[105.92582,10.24224],[105.92352,10.24279],[105.9227,10.2431],[105.92228,10.24348],[105.92191,10.24508],[105.92164,10.24531],[105.92012,10.2457],[105.91928,10.24636],[105.91934,10.24714],[105.91919,10.24805],[105.91866,10.24902],[105.91856,10.24995],[105.91817,10.25048],[105.91818,10.25093],[105.91909,10.25184],[105.91987,10.25147],[105.92033,10.25173],[105.92112,10.25314],[105.92165,10.25383],[105.92213,10.25507],[105.92202,10.25542],[105.92236,10.25607],[105.92301,10.25569],[105.92353,10.25567],[105.92409,10.25672],[105.92452,10.25891],[105.92501,10.25937],[105.92551,10.2593],[105.92583,10.25805],[105.92642,10.25742],[105.92769,10.25752],[105.92865,10.25773],[105.9293,10.25825],[105.92995,10.25851],[105.93147,10.25807],[105.93191,10.25804],[105.93225,10.25863],[105.93211,10.26021],[105.93184,10.2607],[105.93113,10.26144],[105.93044,10.26174],[105.9292,10.26102],[105.9287,10.26114],[105.92843,10.26153],[105.92852,10.26207],[105.92937,10.26279],[105.93013,10.26364],[105.93168,10.26408],[105.93212,10.26478],[105.93278,10.26534],[105.93336,10.26554],[105.93395,10.26546],[105.93528,10.26495],[105.93555,10.2655],[105.93493,10.2664],[105.93447,10.26798],[105.93446,10.26923],[105.93568,10.27051],[105.9368,10.27068],[105.938,10.26989],[105.93843,10.2698],[105.93919,10.27025],[105.94149,10.27358]]]},"properties":{"a01_tinh":"diaphanhanhchinhcaptinh_sn.42","a02_xa":"diaphanhanhchinhcapxa_2025.2526","a03_ten":"Phường Tân Ngãi","a04_tentinh":"Tỉnh Vĩnh Long","a05_truocsn":"Phường Tân Hòa, Phường Tân Hội, Phường Tân Ngãi","a06_trungtamhc":"UBND phường Tân Hòa","a07_dt":"21.7","a08_ds":"31294","a09_dthoai":null,"a10_web":null,"ten":"Phường Tân Ngãi","ma":"29566","tentinh":"Tỉnh Vĩnh Long","truocsapnhap":"Phường Tân Hòa, Phường Tân Hội, Phường Tân Ngãi","dientichkm2":null,"dansonguoi":null},"id":"diaphanhanhchinhcapxa_2025.2526"},
{"type":"Feature","geometry":{"type":"Polygon","coordinates":[[[106.02091,10.26043],[106.01718,10.2615],[106.01306,10.26258],[106.00459,10.26411],[106.00211,10.26466],[105.99634,10.2643],[105.99102,10.26431],[105.98898,10.26428],[105.98795,10.26416],[105.98556,10.26365],[105.98488,10.26344],[105.98246,10.26292],[105.97845,10.2617],[105.9775,10.26135],[105.97421,10.26039],[105.97246,10.2601],[105.97309,10.25849],[105.97391,10.25756],[105.97647,10.25526],[105.97849,10.25272],[105.98127,10.24899],[105.98309,10.24724],[105.98398,10.24627],[105.98484,10.24503],[105.98654,10.24139],[105.987,10.24058],[105.98811,10.23903],[105.98955,10.2376],[105.99082,10.23582],[105.99158,10.23447],[105.99268,10.23193],[105.99282,10.23158],[105.99398,10.22965],[105.9953,10.2277],[105.99611,10.22666],[105.99865,10.22365],[106.0003,10.2247],[106.00104,10.22557],[106.00146,10.22582],[106.00226,10.22587],[106.00244,10.22649],[106.002,10.22829],[106.00202,10.22923],[106.00296,10.22975],[106.00326,10.22955],[106.00347,10.22874],[106.00434,10.22877],[106.00518,10.22917],[106.00584,10.22861],[106.00704,10.22932],[106.00758,10.22904],[106.00825,10.22939],[106.00902,10.22947],[106.00975,10.22913],[106.01033,10.22831],[106.01148,10.22731],[106.01249,10.22678],[106.01303,10.22633],[106.01373,10.22546],[106.0143,10.22551],[106.01583,10.22644],[106.01687,10.22653],[106.01803,10.22706],[106.01894,10.22678],[106.02,10.22832],[106.02028,10.22819],[106.02067,10.22894],[106.02165,10.2295],[106.0235,10.23163],[106.02477,10.23357],[106.02697,10.23478],[106.02762,10.23739],[106.02856,10.2402],[106.02859,10.24107],[106.0274,10.24145],[106.02488,10.24254],[106.0242,10.24254],[106.02376,10.24574],[106.02335,10.24768],[106.02175,10.24782],[106.02185,10.24827],[106.0202,10.24899],[106.01972,10.24963],[106.01912,10.24998],[106.01684,10.25201],[106.01825,10.25511],[106.02091,10.26043]]]},"properties":{"a01_tinh":"diaphanhanhchinhcaptinh_sn.42","a02_xa":"diaphanhanhchinhcapxa_2025.2529","a03_ten":"Phường Thanh Đức","a04_tentinh":"Tỉnh Vĩnh Long","a05_truocsn":"Phường 5 (thành phố Vĩnh Long), Xã Thanh Đức","a06_trungtamhc":"đang cập nhật","a07_dt":"16.49","a08_ds":"35158","a09_dthoai":null,"a10_web":null,"ten":"Phường Thanh Đức","ma":"29590","tentinh":"Tỉnh Vĩnh Long","truocsapnhap":"Phường 5 (thành phố Vĩnh Long), Xã Thanh Đức","dientichkm2":null,"dansonguoi":null},"id":"diaphanhanhchinhcapxa_2025.2529"},
{"type":"Feature","geometry":{"type":"Polygon","coordinates":[[[106.34517,9.93678],[106.34149,9.93742],[106.34188,9.93865],[106.34209,9.94143],[106.342,9.94246],[106.34412,9.94232],[106.34417,9.94364],[106.34402,9.94542],[106.34406,9.94714],[106.34392,9.94855],[106.34398,9.94965],[106.34383,9.95164],[106.34386,9.95358],[106.34363,9.95807],[106.34072,9.95786],[106.3408,9.9566],[106.34054,9.95655],[106.34086,9.95366],[106.33957,9.95369],[106.33707,9.95365],[106.33621,9.95378],[106.33254,9.95383],[106.33187,9.95188],[106.33279,9.95158],[106.33251,9.95105],[106.33284,9.95006],[106.33241,9.94924],[106.3304,9.94703],[106.33006,9.94603],[106.32942,9.94635],[106.32899,9.94535],[106.32865,9.94441],[106.32914,9.94414],[106.32913,9.94356],[106.33027,9.94299],[106.3298,9.94213],[106.33196,9.94088],[106.33579,9.93918],[106.33504,9.93776],[106.33487,9.93788],[106.33397,9.93705],[106.33362,9.93648],[106.3341,9.93593],[106.33426,9.93535],[106.33389,9.9351],[106.33478,9.93413],[106.33562,9.93387],[106.33578,9.93413],[106.33678,9.93389],[106.34006,9.93349],[106.33957,9.92981],[106.33886,9.92694],[106.33805,9.9243],[106.33665,9.92473],[106.33499,9.92564],[106.33443,9.92461],[106.33341,9.92342],[106.33266,9.92236],[106.33111,9.91962],[106.33071,9.9183],[106.33002,9.91712],[106.32928,9.91613],[106.32809,9.91431],[106.32701,9.91292],[106.32548,9.91037],[106.32357,9.90771],[106.32171,9.90536],[106.32062,9.90413],[106.31939,9.9029],[106.32111,9.90161],[106.32585,9.90013],[106.32999,9.89873],[106.33447,9.89735],[106.33492,9.89155],[106.33499,9.88896],[106.34217,9.88959],[106.34528,9.88979],[106.34668,9.88997],[106.34806,9.89063],[106.34852,9.88664],[106.35476,9.88865],[106.35754,9.88944],[106.35775,9.88931],[106.35863,9.88769],[106.36063,9.88798],[106.36293,9.88824],[106.36283,9.88865],[106.36688,9.8888],[106.36658,9.89072],[106.36573,9.89057],[106.36478,9.89659],[106.36372,9.90299],[106.35733,9.90182],[106.3572,9.90328],[106.35766,9.90335],[106.35718,9.90662],[106.35652,9.9065],[106.35618,9.90774],[106.35563,9.9105],[106.35376,9.91046],[106.35336,9.91264],[106.35367,9.91269],[106.35326,9.91618],[106.35321,9.91834],[106.353,9.91849],[106.34918,9.91862],[106.34661,9.91818],[106.34554,9.91787],[106.3445,9.91785],[106.34434,9.9195],[106.34402,9.92153],[106.34375,9.92247],[106.34374,9.92344],[106.34401,9.9248],[106.34434,9.92768],[106.34491,9.93041],[106.34498,9.93135],[106.34481,9.93397],[106.34485,9.93504],[106.34517,9.93678]]]},"properties":{"a01_tinh":"diaphanhanhchinhcaptinh_sn.42","a02_xa":"diaphanhanhchinhcapxa_2025.2484","a03_ten":"Phường Trà Vinh","a04_tentinh":"Tỉnh Vĩnh Long","a05_truocsn":"Phường 1, Phường 3, Phường 9 (thành phố Trà Vinh)","a06_trungtamhc":"đang cập nhật","a07_dt":"15.73","a08_ds":"45397","a09_dthoai":null,"a10_web":null,"ten":"Phường Trà Vinh","ma":"29242","tentinh":"Tỉnh Vĩnh Long","truocsapnhap":"Phường 1, Phường 3, Phường 9 (thành phố Trà Vinh)","dientichkm2":null,"dansonguoi":null},"id":"diaphanhanhchinhcapxa_2025.2484"},
{"type":"Feature","geometry":{"type":"Polygon","coordinates":[[[106.57074,9.69518],[106.56458,9.69003],[106.56291,9.68846],[106.56224,9.6874],[106.5613,9.68685],[106.5603,9.68692],[106.55926,9.68727],[106.55743,9.68831],[106.55539,9.68908],[106.55383,9.68926],[106.55213,9.68885],[106.55025,9.688],[106.54667,9.68626],[106.54403,9.68528],[106.54063,9.68412],[106.53885,9.68296],[106.53871,9.68271],[106.53703,9.6826],[106.53527,9.68275],[106.53428,9.68306],[106.53194,9.68348],[106.53038,9.68387],[106.52949,9.68399],[106.52788,9.68391],[106.52658,9.68374],[106.52544,9.6837],[106.52323,9.68384],[106.52191,9.6837],[106.52061,9.68321],[106.51831,9.68184],[106.51728,9.68194],[106.51672,9.68249],[106.51609,9.68374],[106.51572,9.68416],[106.51511,9.68446],[106.51436,9.68444],[106.51221,9.68341],[106.5111,9.68312],[106.5098,9.68321],[106.50934,9.68347],[106.5094,9.68446],[106.50981,9.68473],[106.51157,9.68531],[106.5123,9.6859],[106.51254,9.68639],[106.51256,9.68722],[106.51232,9.68761],[106.51112,9.68848],[106.51037,9.68946],[106.51057,9.69028],[106.51117,9.69114],[106.5118,9.69136],[106.51275,9.6925],[106.5136,9.69282],[106.51323,9.69345],[106.51227,9.69446],[106.51163,9.69532],[106.51101,9.69578],[106.51027,9.6971],[106.51038,9.6972],[106.50962,9.6985],[106.50891,9.69801],[106.50872,9.69766],[106.50544,9.69593],[106.50475,9.69626],[106.50476,9.6956],[106.50384,9.69516],[106.50178,9.69437],[106.50144,9.69408],[106.50013,9.69365],[106.49971,9.69362],[106.50002,9.69287],[106.4991,9.69241],[106.49978,9.69103],[106.49966,9.69062],[106.50012,9.68984],[106.50043,9.69003],[106.50126,9.68881],[106.50098,9.68834],[106.50174,9.68704],[106.50228,9.68732],[106.50321,9.68539],[106.50279,9.68519],[106.5034,9.68464],[106.50415,9.68358],[106.50541,9.68248],[106.50462,9.6807],[106.50402,9.67846],[106.50372,9.67798],[106.50322,9.6777],[106.50338,9.67657],[106.50375,9.67646],[106.50428,9.67584],[106.50522,9.67438],[106.50576,9.67376],[106.50639,9.67276],[106.50742,9.67144],[106.50858,9.66973],[106.50957,9.66804],[106.5103,9.66771],[106.5119,9.66878],[106.51163,9.66799],[106.51045,9.66636],[106.50844,9.66343],[106.50779,9.66269],[106.50604,9.66119],[106.50489,9.66041],[106.50501,9.65946],[106.50414,9.65799],[106.50321,9.65712],[106.50271,9.65625],[106.50178,9.655],[106.50079,9.65414],[106.50118,9.65373],[106.50172,9.65366],[106.50338,9.65198],[106.5047,9.65411],[106.50663,9.65759],[106.50788,9.65716],[106.50985,9.65665],[106.51202,9.65511],[106.51208,9.65454],[106.5137,9.65303],[106.51412,9.65185],[106.51438,9.6517],[106.51502,9.65218],[106.51558,9.65222],[106.51653,9.65204],[106.51759,9.65239],[106.51844,9.65296],[106.51875,9.65337],[106.51929,9.65358],[106.5206,9.65338],[106.52106,9.6537],[106.52282,9.65451],[106.5235,9.6546],[106.52373,9.65432],[106.52382,9.65331],[106.52447,9.65326],[106.52587,9.65424],[106.52672,9.65448],[106.52762,9.65538],[106.52835,9.65564],[106.5293,9.65553],[106.53102,9.6549],[106.53043,9.6531],[106.52924,9.65004],[106.52812,9.6474],[106.52752,9.64565],[106.52681,9.64256],[106.52523,9.63751],[106.52397,9.63545],[106.52287,9.63436],[106.52465,9.63429],[106.52697,9.63488],[106.52779,9.63492],[106.52869,9.63473],[106.52986,9.63411],[106.53065,9.63327],[106.53161,9.63244],[106.53281,9.63185],[106.53373,9.63173],[106.53541,9.63183],[106.53663,9.63175],[106.53842,9.63117],[106.53999,9.63015],[106.54063,9.62925],[106.54098,9.6282],[106.54105,9.62707],[106.54092,9.62646],[106.54019,9.62453],[106.54011,9.62398],[106.54041,9.6229],[106.54056,9.6216],[106.54181,9.62007],[106.54253,9.61903],[106.543,9.61793],[106.54339,9.61652],[106.54335,9.61628],[106.54252,9.61504],[106.54192,9.61395],[106.54117,9.61216],[106.54008,9.60902],[106.5397,9.60746],[106.53954,9.60467],[106.53972,9.60406],[106.54132,9.60263],[106.5417,9.60186],[106.54223,9.60116],[106.5427,9.6002],[106.54266,9.59909],[106.54382,9.59807],[106.54452,9.59923],[106.54609,9.60117],[106.54762,9.60323],[106.5479,9.60371],[106.54909,9.60522],[106.54953,9.60493],[106.55173,9.60815],[106.55648,9.61519],[106.56,9.62099],[106.56107,9.62235],[106.56198,9.62398],[106.56358,9.62717],[106.56418,9.62826],[106.56647,9.63278],[106.5664,9.6332],[106.56885,9.63829],[106.57031,9.64165],[106.5724,9.64614],[106.57345,9.64832],[106.5744,9.65068],[106.57613,9.6546],[106.57735,9.65751],[106.57816,9.6592],[106.57917,9.66172],[106.57996,9.66443],[106.58026,9.66571],[106.58082,9.66893],[106.58118,9.67213],[106.58117,9.67327],[106.58084,9.67466],[106.58075,9.6758],[106.58076,9.67816],[106.5806,9.67955],[106.5804,9.68242],[106.58022,9.68353],[106.57973,9.68495],[106.5791,9.6891],[106.57872,9.69068],[106.57808,9.69264],[106.57759,9.69385],[106.57682,9.69489],[106.57534,9.69591],[106.57456,9.69591],[106.57263,9.69472],[106.57223,9.69434],[106.57074,9.69518]]]},"properties":{"a01_tinh":"diaphanhanhchinhcaptinh_sn.42","a02_xa":"diaphanhanhchinhcapxa_2025.2520","a03_ten":"Phường Trường Long Hoà","a04_tentinh":"Tỉnh Vĩnh Long","a05_truocsn":"Phường 2 (thị xã Duyên Hải), Xã Trường Long Hòa","a06_trungtamhc":"đang cập nhật","a07_dt":"56.49","a08_ds":"1615","a09_dthoai":null,"a10_web":null,"ten":"Phường Trường Long Hòa","ma":"29516","tentinh":"Tỉnh Vĩnh Long","truocsapnhap":"Phường 2 (thị xã Duyên Hải), Xã Trường Long Hòa","dientichkm2":null,"dansonguoi":null},"id":"diaphanhanhchinhcapxa_2025.2520"},
{"type":"Feature","geometry":{"type":"Polygon","coordinates":[[[106.0331,10.25706],[106.03412,10.25685],[106.03492,10.2634],[106.03487,10.26389],[106.03509,10.26472],[106.035,10.26666],[106.03484,10.26716],[106.03446,10.26722],[106.03508,10.27208],[106.03466,10.27223],[106.03405,10.27187],[106.03304,10.27237],[106.03176,10.27237],[106.02994,10.27308],[106.02828,10.27323],[106.02766,10.27312],[106.02757,10.27373],[106.02839,10.27509],[106.02982,10.27883],[106.02919,10.27931],[106.02929,10.27992],[106.02836,10.28068],[106.02843,10.28175],[106.02829,10.28317],[106.02907,10.28536],[106.02893,10.2864],[106.03015,10.28684],[106.02925,10.28973],[106.02959,10.29021],[106.02968,10.29078],[106.03063,10.29209],[106.03116,10.29231],[106.0314,10.29305],[106.03179,10.2937],[106.03285,10.29581],[106.03468,10.2991],[106.0293,10.30215],[106.02408,10.30622],[106.01971,10.31106],[106.01804,10.31284],[106.01573,10.315],[106.01342,10.31684],[106.01181,10.31806],[106.00796,10.32036],[106.00306,10.32291],[106.00178,10.32374],[105.99733,10.32677],[105.99561,10.32812],[105.9933,10.32977],[105.99251,10.3302],[105.99102,10.33081],[105.9882,10.33149],[105.98585,10.33143],[105.98309,10.33097],[105.97906,10.32928],[105.97449,10.3264],[105.96982,10.32209],[105.96821,10.32052],[105.96539,10.3179],[105.95736,10.31155],[105.95415,10.30863],[105.95237,10.30707],[105.95071,10.30519],[105.94729,10.3023],[105.94543,10.30121],[105.9445,10.30041],[105.94249,10.29914],[105.94048,10.29723],[105.93908,10.29602],[105.93768,10.29462],[105.93659,10.29372],[105.93508,10.29191],[105.93423,10.2905],[105.93342,10.28965],[105.93238,10.28895],[105.93133,10.28764],[105.92702,10.28397],[105.92664,10.28371],[105.93168,10.28052],[105.93442,10.27844],[105.93707,10.27672],[105.94056,10.27429],[105.94149,10.27358],[105.94547,10.2706],[105.94758,10.2686],[105.94985,10.2667],[105.95232,10.26473],[105.95445,10.26346],[105.95823,10.26159],[105.95945,10.26106],[105.96106,10.26049],[105.96483,10.25943],[105.96617,10.25919],[105.96757,10.25923],[105.97246,10.2601],[105.97421,10.26039],[105.9775,10.26135],[105.97845,10.2617],[105.98246,10.26292],[105.98488,10.26344],[105.98556,10.26365],[105.98795,10.26416],[105.98898,10.26428],[105.99102,10.26431],[105.99634,10.2643],[106.00211,10.26466],[106.00459,10.26411],[106.01306,10.26258],[106.01718,10.2615],[106.02091,10.26043],[106.02762,10.25852],[106.02883,10.25819],[106.0331,10.25706]]]},"properties":{"a01_tinh":"diaphanhanhchinhcaptinh_sn.42","a02_xa":"diaphanhanhchinhcapxa_2025.2528","a03_ten":"Xã An Bình","a04_tentinh":"Tỉnh Vĩnh Long","a05_truocsn":"Xã Hòa Ninh, Xã Bình Hòa Phước, Xã Đồng Phú, Xã An Bình","a06_trungtamhc":"đang cập nhật","a07_dt":"61.84","a08_ds":"51382","a09_dthoai":null,"a10_web":null,"ten":"Xã An Bình","ma":"29584","tentinh":"Tỉnh Vĩnh Long","truocsapnhap":"Xã Hòa Ninh, Xã Bình Hòa Phước, Xã Đồng Phú, Xã An Bình","dientichkm2":null,"dansonguoi":null},"id":"diaphanhanhchinhcapxa_2025.2528"},
{"type":"Feature","geometry":{"type":"Polygon","coordinates":[[[106.44147,10.06975],[106.42159,10.08934],[106.42113,10.08981],[106.41542,10.09649],[106.41351,10.0991],[106.41151,10.10147],[106.40761,10.09829],[106.40529,10.09656],[106.40119,10.09339],[106.3957,10.09323],[106.39534,10.09307],[106.39232,10.09395],[106.38956,10.09513],[106.38933,10.09408],[106.38857,10.09366],[106.38859,10.09216],[106.38801,10.09078],[106.38793,10.09025],[106.38704,10.08961],[106.38601,10.0898],[106.38528,10.09011],[106.38242,10.0919],[106.38103,10.09068],[106.37907,10.08804],[106.37869,10.08764],[106.37784,10.08754],[106.37734,10.08776],[106.37504,10.08596],[106.37405,10.08509],[106.36971,10.08726],[106.36882,10.08762],[106.36766,10.08678],[106.36738,10.08711],[106.36587,10.08833],[106.36524,10.0882],[106.36427,10.08962],[106.36376,10.09002],[106.36286,10.08973],[106.36272,10.09017],[106.36178,10.09121],[106.36115,10.09249],[106.36089,10.09362],[106.35951,10.09384],[106.35874,10.09425],[106.35792,10.09493],[106.357,10.09423],[106.35638,10.0941],[106.3558,10.09448],[106.35511,10.09576],[106.3543,10.09677],[106.35271,10.09786],[106.35161,10.09832],[106.35104,10.09821],[106.35007,10.09756],[106.34998,10.09726],[106.34884,10.09558],[106.34796,10.09485],[106.3474,10.09404],[106.34737,10.09364],[106.34777,10.09261],[106.34669,10.09192],[106.34622,10.09187],[106.34592,10.09132],[106.34505,10.09181],[106.34467,10.09136],[106.34378,10.09099],[106.3432,10.09167],[106.34269,10.09021],[106.34212,10.08953],[106.34115,10.08911],[106.34074,10.08873],[106.34025,10.08789],[106.34015,10.08701],[106.34102,10.08603],[106.34209,10.0845],[106.34398,10.08195],[106.34529,10.07995],[106.34512,10.07942],[106.34613,10.07912],[106.34686,10.07811],[106.34682,10.07668],[106.34736,10.07336],[106.34785,10.06985],[106.35102,10.071],[106.35233,10.07171],[106.35397,10.07248],[106.35473,10.07299],[106.35922,10.0763],[106.36109,10.07749],[106.36386,10.06878],[106.36548,10.06507],[106.36789,10.06002],[106.36915,10.05747],[106.3729,10.06075],[106.37657,10.06439],[106.37736,10.06351],[106.38203,10.05773],[106.38316,10.05637],[106.38217,10.05547],[106.37746,10.05157],[106.37464,10.04919],[106.37419,10.04861],[106.37734,10.04336],[106.37923,10.04031],[106.38048,10.03846],[106.38225,10.03611],[106.384,10.03368],[106.38469,10.03285],[106.38664,10.02977],[106.38791,10.02799],[106.3891,10.02648],[106.38948,10.02697],[106.3907,10.02892],[106.39295,10.02983],[106.39492,10.03125],[106.39677,10.03223],[106.39723,10.03279],[106.39876,10.03269],[106.40322,10.03226],[106.40887,10.03179],[106.40955,10.03129],[106.41232,10.03016],[106.42026,10.02734],[106.42135,10.02731],[106.42113,10.03481],[106.42104,10.03957],[106.4211,10.04142],[106.42133,10.04597],[106.41992,10.04618],[106.41828,10.04659],[106.41754,10.04668],[106.41809,10.04885],[106.4176,10.04899],[106.41764,10.04961],[106.42326,10.05649],[106.42458,10.05803],[106.42529,10.05863],[106.42693,10.05967],[106.42797,10.05853],[106.42843,10.05892],[106.43056,10.06035],[106.43209,10.05729],[106.43237,10.05665],[106.43283,10.0563],[106.43385,10.05622],[106.43391,10.05672],[106.43469,10.05653],[106.43478,10.05585],[106.43583,10.05554],[106.43609,10.05565],[106.43684,10.05662],[106.43605,10.057],[106.43577,10.05747],[106.43645,10.05819],[106.43678,10.05895],[106.43737,10.05926],[106.43739,10.05956],[106.43633,10.0605],[106.43583,10.06048],[106.43531,10.0609],[106.43519,10.0614],[106.43616,10.0623],[106.43612,10.0627],[106.43526,10.0638],[106.43523,10.06487],[106.43421,10.06607],[106.43431,10.06646],[106.43561,10.06738],[106.44147,10.06975]]]},"properties":{"a01_tinh":"diaphanhanhchinhcaptinh_sn.42","a02_xa":"diaphanhanhchinhcapxa_2025.2454","a03_ten":"Xã An Định","a04_tentinh":"Tỉnh Vĩnh Long","a05_truocsn":"Xã Tân Trung, Xã Minh Đức, Xã An Định","a06_trungtamhc":"UBND xã An Định","a07_dt":"46.59","a08_ds":"37688","a09_dthoai":null,"a10_web":null,"ten":"Xã An Định","ma":"28957","tentinh":"Tỉnh Vĩnh Long","truocsapnhap":"Xã Tân Trung, Xã Minh Đức, Xã An Định","dientichkm2":null,"dansonguoi":null},"id":"diaphanhanhchinhcapxa_2025.2454"},
{"type":"Feature","geometry":{"type":"Polygon","coordinates":[[[106.51201,10.07695],[106.51079,10.07774],[106.50813,10.07599],[106.50666,10.07518],[106.50321,10.07421],[106.50143,10.07388],[106.50031,10.07389],[106.49915,10.07346],[106.4977,10.07262],[106.49268,10.06991],[106.49084,10.07236],[106.48576,10.06892],[106.48209,10.06666],[106.47862,10.06443],[106.4773,10.06364],[106.47505,10.06212],[106.4737,10.06129],[106.47195,10.06062],[106.47128,10.06049],[106.47027,10.0599],[106.47052,10.05921],[106.47212,10.05661],[106.47353,10.05458],[106.47501,10.05291],[106.4764,10.05116],[106.47699,10.0503],[106.47907,10.0481],[106.47988,10.04735],[106.48259,10.04504],[106.48357,10.04369],[106.485,10.04211],[106.48591,10.04135],[106.48727,10.04064],[106.48896,10.03956],[106.48918,10.03926],[106.48959,10.03729],[106.48954,10.03635],[106.48865,10.03573],[106.48761,10.03393],[106.48525,10.03035],[106.48273,10.02694],[106.4852,10.02538],[106.4891,10.02333],[106.48983,10.02291],[106.49132,10.02206],[106.49283,10.02099],[106.49428,10.01954],[106.49854,10.01474],[106.50045,10.01292],[106.50178,10.01184],[106.50956,10.00702],[106.51543,10.00433],[106.52079,10.00252],[106.52557,10.00107],[106.53231,9.99909],[106.53849,9.99808],[106.54161,9.99777],[106.54658,9.99738],[106.55067,10.00236],[106.5552,10.008],[106.55655,10.00979],[106.55748,10.01046],[106.55855,10.01142],[106.55901,10.01206],[106.55947,10.01321],[106.55953,10.01381],[106.55935,10.01465],[106.55928,10.01633],[106.55971,10.01894],[106.55946,10.02036],[106.55966,10.02173],[106.56106,10.02465],[106.56126,10.02654],[106.56061,10.02962],[106.56107,10.03064],[106.56139,10.03191],[106.56192,10.03252],[106.56327,10.03289],[106.56386,10.03356],[106.56471,10.03482],[106.56571,10.03549],[106.56688,10.03553],[106.5639,10.04014],[106.56485,10.04079],[106.56459,10.04118],[106.5639,10.04076],[106.56322,10.04173],[106.56446,10.04264],[106.56337,10.04428],[106.56119,10.04266],[106.56069,10.04339],[106.55987,10.04283],[106.55844,10.04486],[106.55974,10.04576],[106.56014,10.04738],[106.56102,10.0478],[106.56011,10.05159],[106.55927,10.05477],[106.55799,10.05448],[106.55717,10.05787],[106.55615,10.05712],[106.55446,10.06309],[106.55249,10.06436],[106.5518,10.06349],[106.55115,10.0639],[106.549,10.06207],[106.54658,10.0599],[106.54523,10.05886],[106.54164,10.06295],[106.54124,10.06274],[106.53922,10.06088],[106.53922,10.06036],[106.53872,10.05967],[106.5376,10.06048],[106.53818,10.06137],[106.53745,10.06196],[106.53654,10.06193],[106.536,10.06242],[106.53543,10.06139],[106.53298,10.058],[106.53198,10.05857],[106.52943,10.06024],[106.52801,10.06143],[106.52576,10.06437],[106.5238,10.06413],[106.52323,10.06373],[106.52267,10.06309],[106.5225,10.06431],[106.52217,10.06493],[106.5203,10.06757],[106.51922,10.0693],[106.51915,10.07002],[106.51926,10.0709],[106.51863,10.07038],[106.51599,10.06925],[106.51535,10.06912],[106.51397,10.06939],[106.51247,10.0698],[106.51135,10.06942],[106.51144,10.07242],[106.51196,10.07409],[106.51185,10.07579],[106.51201,10.07695]]]},"properties":{"a01_tinh":"diaphanhanhchinhcaptinh_sn.42","a02_xa":"diaphanhanhchinhcapxa_2025.2476","a03_ten":"Xã An Hiệp","a04_tentinh":"Tỉnh Vĩnh Long","a05_truocsn":"Xã Tân Hưng, Xã An Ngãi Tây, Xã An Hiệp","a06_trungtamhc":"UBND xã An Ngãi Tây","a07_dt":"56.33","a08_ds":"31248","a09_dthoai":null,"a10_web":null,"ten":"Xã An Hiệp","ma":"29158","tentinh":"Tỉnh Vĩnh Long","truocsapnhap":"Xã Tân Hưng, Xã An Ngãi Tây, Xã An Hiệp","dientichkm2":null,"dansonguoi":null},"id":"diaphanhanhchinhcapxa_2025.2476"},
{"type":"Feature","geometry":{"type":"Polygon","coordinates":[[[106.56839,10.07771],[106.56998,10.07997],[106.57194,10.08287],[106.57296,10.08428],[106.57459,10.08459],[106.57415,10.0854],[106.5741,10.08734],[106.57418,10.08916],[106.57099,10.08961],[106.5704,10.08955],[106.56965,10.09351],[106.56952,10.09496],[106.56982,10.09565],[106.57108,10.09673],[106.5729,10.09812],[106.5739,10.09902],[106.57444,10.09808],[106.57481,10.09991],[106.57573,10.10152],[106.57592,10.10167],[106.57669,10.10309],[106.57857,10.10303],[106.57873,10.10438],[106.57934,10.10581],[106.57968,10.10831],[106.58043,10.1101],[106.58065,10.11089],[106.58142,10.11223],[106.58162,10.11331],[106.58244,10.11461],[106.58242,10.11575],[106.58141,10.11585],[106.58065,10.1145],[106.58008,10.11484],[106.57922,10.11319],[106.5795,10.11228],[106.57914,10.11178],[106.57837,10.11132],[106.57755,10.11198],[106.57826,10.11363],[106.57743,10.11415],[106.5741,10.11575],[106.57316,10.11429],[106.56945,10.11605],[106.56281,10.11712],[106.56013,10.11764],[106.56022,10.11929],[106.56013,10.11998],[106.55924,10.12031],[106.55688,10.12135],[106.55659,10.12124],[106.55598,10.12165],[106.55222,10.1235],[106.55205,10.12287],[106.55049,10.1236],[106.54947,10.12398],[106.54741,10.12506],[106.54681,10.12528],[106.5447,10.12629],[106.54349,10.12416],[106.54196,10.12174],[106.54108,10.12064],[106.53976,10.1187],[106.5386,10.11724],[106.53743,10.11548],[106.53687,10.11468],[106.53607,10.11403],[106.53466,10.11266],[106.53358,10.11135],[106.53156,10.10856],[106.52988,10.10689],[106.52964,10.1064],[106.52897,10.10412],[106.52867,10.10329],[106.52749,10.10116],[106.52435,10.09742],[106.52274,10.09531],[106.52003,10.09208],[106.51675,10.0881],[106.51635,10.08689],[106.51461,10.08279],[106.51367,10.07969],[106.51253,10.07789],[106.51201,10.07695],[106.51185,10.07579],[106.51196,10.07409],[106.51144,10.07242],[106.51135,10.06942],[106.51247,10.0698],[106.51397,10.06939],[106.51535,10.06912],[106.51599,10.06925],[106.51863,10.07038],[106.51926,10.0709],[106.51915,10.07002],[106.51922,10.0693],[106.5203,10.06757],[106.52217,10.06493],[106.5225,10.06431],[106.52267,10.06309],[106.52323,10.06373],[106.5238,10.06413],[106.52576,10.06437],[106.52801,10.06143],[106.52943,10.06024],[106.53198,10.05857],[106.53298,10.058],[106.53543,10.06139],[106.536,10.06242],[106.53654,10.06193],[106.53745,10.06196],[106.53818,10.06137],[106.5376,10.06048],[106.53872,10.05967],[106.53922,10.06036],[106.53922,10.06088],[106.54124,10.06274],[106.54164,10.06295],[106.54523,10.05886],[106.54658,10.0599],[106.549,10.06207],[106.55115,10.0639],[106.5518,10.06349],[106.55249,10.06436],[106.55036,10.06569],[106.55421,10.06949],[106.55479,10.06797],[106.55611,10.06836],[106.55721,10.06473],[106.55943,10.06659],[106.56154,10.06829],[106.56603,10.07199],[106.56602,10.0735],[106.5658,10.07788],[106.5661,10.07794],[106.56718,10.07904],[106.56839,10.07771]]]},"properties":{"a01_tinh":"diaphanhanhchinhcaptinh_sn.42","a02_xa":"diaphanhanhchinhcapxa_2025.2475","a03_ten":"Xã An Ngãi Trung","a04_tentinh":"Tỉnh Vĩnh Long","a05_truocsn":"Xã Mỹ Thạnh (huyện Ba Tri), Xã An Phú Trung, Xã An Ngãi Trung","a06_trungtamhc":"UBND xã An Ngãi Trung","a07_dt":"53.91","a08_ds":"27473","a09_dthoai":null,"a10_web":null,"ten":"Xã An Ngãi Trung","ma":"29143","tentinh":"Tỉnh Vĩnh Long","truocsapnhap":"Xã Mỹ Thạnh (huyện Ba Tri), Xã An Phú Trung, Xã An Ngãi Trung","dientichkm2":null,"dansonguoi":null},"id":"diaphanhanhchinhcapxa_2025.2475"},
{"type":"Feature","geometry":{"type":"Polygon","coordinates":[[[106.00134,9.90907],[105.99975,9.90843],[105.99897,9.90755],[105.99626,9.90555],[105.99548,9.90543],[105.99446,9.90577],[105.9938,9.90583],[105.99282,9.90668],[105.9923,9.90679],[105.99176,9.90661],[105.99138,9.90618],[105.99031,9.90406],[105.98951,9.9035],[105.98754,9.9028],[105.98717,9.90198],[105.98623,9.90128],[105.98441,9.90287],[105.9829,9.90451],[105.97827,9.91058],[105.97682,9.91077],[105.97566,9.91172],[105.97368,9.91291],[105.97222,9.91408],[105.97142,9.91488],[105.9708,9.91571],[105.97024,9.91573],[105.96585,9.91952],[105.96433,9.92095],[105.96328,9.92223],[105.96221,9.92184],[105.95974,9.92277],[105.95945,9.92279],[105.95863,9.92226],[105.95778,9.9221],[105.95515,9.92203],[105.95458,9.92192],[105.9532,9.92121],[105.95477,9.91957],[105.9568,9.91709],[105.95826,9.91489],[105.95978,9.91209],[105.96111,9.9102],[105.96617,9.90468],[105.96923,9.90123],[105.97173,9.89831],[105.97511,9.89403],[105.9767,9.89146],[105.97841,9.88772],[105.97893,9.88635],[105.97939,9.88463],[105.98604,9.87701],[105.98893,9.87383],[105.98969,9.87273],[105.9932,9.86937],[105.99441,9.86802],[105.99562,9.86593],[105.99639,9.86447],[105.99703,9.86265],[105.99911,9.85603],[105.9998,9.85465],[106.00178,9.85176],[106.00231,9.85108],[106.00543,9.84621],[106.01715,9.83289],[106.02382,9.82504],[106.02502,9.82376],[106.02682,9.82219],[106.03303,9.81768],[106.04206,9.81148],[106.04688,9.80691],[106.0491,9.80456],[106.05318,9.81016],[106.05434,9.81169],[106.05454,9.81229],[106.05466,9.81357],[106.05455,9.81417],[106.05401,9.8153],[106.05249,9.81792],[106.05191,9.81912],[106.0518,9.81964],[106.05254,9.82003],[106.05388,9.82026],[106.05656,9.8211],[106.05801,9.82222],[106.05837,9.82236],[106.05799,9.82479],[106.05782,9.82524],[106.05716,9.82542],[106.05486,9.83243],[106.05345,9.83187],[106.05235,9.83419],[106.05152,9.83539],[106.05092,9.83578],[106.0504,9.83643],[106.0499,9.83814],[106.04895,9.84184],[106.04924,9.8421],[106.04921,9.84289],[106.05401,9.84475],[106.05432,9.84476],[106.05531,9.84549],[106.05602,9.84618],[106.05655,9.84591],[106.05782,9.84647],[106.05787,9.84692],[106.05844,9.84703],[106.05851,9.8476],[106.05895,9.84771],[106.05945,9.8471],[106.06128,9.84703],[106.06201,9.84666],[106.06267,9.84695],[106.06189,9.84895],[106.06187,9.84951],[106.06215,9.85038],[106.06209,9.85099],[106.06409,9.85144],[106.06541,9.85181],[106.06617,9.85191],[106.06608,9.85255],[106.0675,9.85327],[106.06733,9.85352],[106.06857,9.85433],[106.06934,9.85368],[106.07004,9.85372],[106.07162,9.85411],[106.07171,9.85471],[106.07282,9.85574],[106.07321,9.85543],[106.07404,9.85623],[106.07349,9.85674],[106.07444,9.8575],[106.07471,9.85724],[106.07578,9.85808],[106.07696,9.85695],[106.078,9.85804],[106.07773,9.85828],[106.0787,9.85941],[106.07825,9.8599],[106.07834,9.86097],[106.07796,9.86138],[106.07856,9.86174],[106.07797,9.86224],[106.07718,9.86255],[106.07693,9.86191],[106.07257,9.86184],[106.07166,9.86189],[106.07118,9.86224],[106.07083,9.86181],[106.06999,9.86255],[106.06839,9.86129],[106.06785,9.86058],[106.06681,9.85978],[106.06625,9.85983],[106.0649,9.85955],[106.06447,9.86015],[106.06391,9.86021],[106.06307,9.86059],[106.06271,9.86095],[106.06271,9.86152],[106.06244,9.86427],[106.06257,9.8648],[106.06234,9.86521],[106.06104,9.86428],[106.06054,9.86367],[106.05746,9.8618],[106.05625,9.86141],[106.05476,9.86488],[106.05425,9.86651],[106.05392,9.86722],[106.052,9.87046],[106.05233,9.8706],[106.05239,9.87135],[106.05192,9.87191],[106.05176,9.87262],[106.05075,9.8731],[106.04967,9.87381],[106.04783,9.8744],[106.04717,9.87487],[106.04673,9.87589],[106.0446,9.8764],[106.04397,9.87657],[106.04116,9.87773],[106.03856,9.87863],[106.03387,9.88045],[106.03162,9.88144],[106.03084,9.88081],[106.02986,9.88023],[106.02937,9.88011],[106.02885,9.88038],[106.02781,9.8816],[106.02659,9.88266],[106.02471,9.88387],[106.02408,9.88405],[106.02325,9.88393],[106.02247,9.88307],[106.02121,9.88373],[106.02073,9.88336],[106.01935,9.88354],[106.01603,9.88455],[106.01584,9.88502],[106.0161,9.88531],[106.01081,9.88685],[106.00964,9.88726],[106.0056,9.88846],[106.00616,9.88988],[106.00634,9.89108],[106.007,9.89236],[106.00758,9.89411],[106.00786,9.89462],[106.00663,9.89697],[106.00704,9.89734],[106.0068,9.89785],[106.00778,9.89862],[106.00705,9.8999],[106.00642,9.90163],[106.00603,9.90204],[106.00543,9.90358],[106.00513,9.90493],[106.0048,9.90537],[106.00434,9.90537],[106.00415,9.90614],[106.00373,9.90641],[106.00385,9.907],[106.00307,9.90723],[106.00258,9.90706],[106.00255,9.90774],[106.00229,9.90838],[106.00134,9.90907]]]},"properties":{"a01_tinh":"diaphanhanhchinhcaptinh_sn.42","a02_xa":"diaphanhanhchinhcapxa_2025.2493","a03_ten":"Xã An Phú Tân","a04_tentinh":"Tỉnh Vĩnh Long","a05_truocsn":"Xã Hòa Tân, Xã An Phú Tân","a06_trungtamhc":"đang cập nhật","a07_dt":"33.87","a08_ds":"28941","a09_dthoai":null,"a10_web":null,"ten":"Xã An Phú Tân","ma":"29317","tentinh":"Tỉnh Vĩnh Long","truocsapnhap":"Xã Hòa Tân, Xã An Phú Tân","dientichkm2":null,"dansonguoi":null},"id":"diaphanhanhchinhcapxa_2025.2493"},
{"type":"Feature","geometry":{"type":"Polygon","coordinates":[[[106.60053,9.91577],[106.59941,9.91622],[106.59741,9.91653],[106.59611,9.91681],[106.59467,9.91725],[106.59185,9.91834],[106.58753,9.92034],[106.5863,9.92127],[106.58472,9.92283],[106.58127,9.92664],[106.58052,9.92762],[106.5795,9.92987],[106.5786,9.93254],[106.57745,9.9348],[106.57669,9.93588],[106.5757,9.93709],[106.57495,9.93775],[106.57254,9.93926],[106.57151,9.93976],[106.56893,9.94032],[106.5675,9.94028],[106.56624,9.9404],[106.56557,9.94063],[106.56428,9.94148],[106.56322,9.94271],[106.56186,9.94484],[106.5614,9.94579],[106.56072,9.94514],[106.56017,9.94404],[106.55821,9.94317],[106.55652,9.94254],[106.55291,9.94096],[106.55125,9.94029],[106.55119,9.94015],[106.54966,9.93937],[106.54815,9.93944],[106.54426,9.94075],[106.54335,9.94054],[106.53672,9.93991],[106.53376,9.93967],[106.53099,9.93005],[106.52949,9.9258],[106.53028,9.92418],[106.53021,9.92387],[106.5305,9.92291],[106.52901,9.91973],[106.52847,9.92],[106.52729,9.92085],[106.52702,9.92039],[106.52728,9.91972],[106.52619,9.91958],[106.52618,9.91832],[106.52584,9.91658],[106.52492,9.91475],[106.52538,9.9142],[106.52511,9.91285],[106.52513,9.91242],[106.52467,9.91085],[106.52466,9.90994],[106.52443,9.90877],[106.52467,9.90862],[106.52541,9.90657],[106.52086,9.90358],[106.51979,9.90284],[106.52083,9.90119],[106.52006,9.90055],[106.51646,9.89796],[106.51585,9.89745],[106.51085,9.89299],[106.51388,9.88903],[106.51575,9.88665],[106.5181,9.88389],[106.51966,9.88186],[106.52081,9.88052],[106.52236,9.87845],[106.52341,9.87719],[106.52626,9.874],[106.53303,9.86755],[106.53428,9.86661],[106.54232,9.86065],[106.54688,9.85741],[106.54901,9.85572],[106.55124,9.85361],[106.55224,9.85239],[106.56001,9.85598],[106.56009,9.85531],[106.5604,9.85472],[106.56362,9.85137],[106.56547,9.8497],[106.57027,9.84581],[106.57195,9.84473],[106.57258,9.84377],[106.57297,9.84361],[106.57392,9.84261],[106.57596,9.844],[106.58163,9.8489],[106.58602,9.8522],[106.5891,9.85418],[106.58992,9.85535],[106.59105,9.85767],[106.59234,9.86242],[106.59384,9.86687],[106.59555,9.87174],[106.59645,9.87398],[106.59769,9.87744],[106.59844,9.87964],[106.60087,9.88494],[106.60114,9.88584],[106.60127,9.88688],[106.60123,9.88769],[106.60088,9.88898],[106.60018,9.89086],[106.60005,9.89247],[106.60031,9.89359],[106.60079,9.89451],[106.6023,9.89593],[106.60343,9.89747],[106.60384,9.89842],[106.60398,9.89991],[106.60373,9.90107],[106.60337,9.90192],[106.6018,9.90479],[106.60136,9.90617],[106.60034,9.9121],[106.6002,9.91327],[106.60028,9.91458],[106.60053,9.91577]]]},"properties":{"a01_tinh":"diaphanhanhchinhcaptinh_sn.42","a02_xa":"diaphanhanhchinhcapxa_2025.2481","a03_ten":"Xã An Qui","a04_tentinh":"Tỉnh Vĩnh Long","a05_truocsn":"Xã An Thuận, Xã An Nhơn, Xã An Qui","a06_trungtamhc":"UBND xã An Nhơn","a07_dt":"73.53","a08_ds":"28342","a09_dthoai":null,"a10_web":null,"ten":"Xã An Qui","ma":"29224","tentinh":"Tỉnh Vĩnh Long","truocsapnhap":"Xã An Thuận, Xã An Nhơn, Xã An Qui","dientichkm2":null,"dansonguoi":null},"id":"diaphanhanhchinhcapxa_2025.2481"},
{"type":"Feature","geometry":{"type":"Polygon","coordinates":[[[106.21696,9.97171],[106.20874,9.97727],[106.20732,9.97828],[106.20287,9.98174],[106.20189,9.97903],[106.20131,9.97798],[106.20093,9.97759],[106.20001,9.97813],[106.19936,9.97798],[106.19842,9.97734],[106.19739,9.97738],[106.19575,9.97817],[106.19354,9.97952],[106.18474,9.98406],[106.18166,9.98585],[106.17974,9.98668],[106.17753,9.98792],[106.17547,9.98897],[106.16848,9.99269],[106.16531,9.99452],[106.16454,9.99487],[106.16024,9.99713],[106.15705,9.99899],[106.15581,9.99979],[106.15508,10.00009],[106.14973,10.00067],[106.1478,10.00067],[106.14704,10.00085],[106.14413,10.00175],[106.13585,10.00441],[106.13455,10.00492],[106.13452,10.00329],[106.13436,10.00225],[106.13221,9.99582],[106.13163,9.99381],[106.1313,9.99307],[106.13108,9.99206],[106.13065,9.99133],[106.13064,9.99091],[106.13123,9.98863],[106.13195,9.98616],[106.13214,9.98509],[106.13198,9.9837],[106.13257,9.98302],[106.13329,9.9819],[106.13342,9.98143],[106.13287,9.97465],[106.13169,9.96179],[106.13106,9.96081],[106.12833,9.95717],[106.12799,9.95679],[106.12724,9.95554],[106.1251,9.95254],[106.12342,9.95039],[106.12151,9.94819],[106.11795,9.94421],[106.11644,9.94255],[106.1142,9.93999],[106.11269,9.93839],[106.11631,9.93545],[106.11874,9.93369],[106.12249,9.93106],[106.12721,9.92784],[106.13044,9.92568],[106.13143,9.9251],[106.1357,9.92243],[106.14022,9.91974],[106.14315,9.91775],[106.14394,9.91731],[106.14757,9.9151],[106.14822,9.91468],[106.15194,9.91243],[106.15291,9.91188],[106.15408,9.9114],[106.15579,9.91083],[106.15829,9.91062],[106.16133,9.91079],[106.16656,9.91124],[106.17077,9.91179],[106.1752,9.91246],[106.17843,9.91288],[106.18004,9.91326],[106.18263,9.91438],[106.18373,9.91467],[106.18527,9.91522],[106.18796,9.91635],[106.18931,9.91684],[106.19217,9.91807],[106.19389,9.91873],[106.19659,9.91987],[106.19846,9.92085],[106.19758,9.92257],[106.19378,9.92835],[106.18922,9.93508],[106.19033,9.93569],[106.19227,9.93811],[106.19157,9.93891],[106.19319,9.94025],[106.19426,9.94122],[106.19516,9.94005],[106.1976,9.9371],[106.1995,9.93473],[106.2001,9.93556],[106.20092,9.9362],[106.20231,9.93769],[106.20313,9.93904],[106.20371,9.93981],[106.20522,9.94226],[106.20669,9.94426],[106.20753,9.94526],[106.20803,9.94607],[106.21011,9.94894],[106.21069,9.94982],[106.21191,9.95204],[106.21174,9.95229],[106.21286,9.95558],[106.21578,9.96064],[106.21679,9.96268],[106.21709,9.96349],[106.21724,9.96616],[106.21736,9.96707],[106.21696,9.97171]]]},"properties":{"a01_tinh":"diaphanhanhchinhcaptinh_sn.42","a02_xa":"diaphanhanhchinhcapxa_2025.2489","a03_ten":"Xã An Trường","a04_tentinh":"Tỉnh Vĩnh Long","a05_truocsn":"Xã Tân Bình (huyện Càng Long), Xã An Trường A, Xã An Trường","a06_trungtamhc":"đang cập nhật","a07_dt":"72.61","a08_ds":"45505","a09_dthoai":null,"a10_web":null,"ten":"Xã An Trường","ma":"29275","tentinh":"Tỉnh Vĩnh Long","truocsapnhap":"Xã Tân Bình (huyện Càng Long), Xã An Trường A, Xã An Trường","dientichkm2":null,"dansonguoi":null},"id":"diaphanhanhchinhcapxa_2025.2489"},
{"type":"Feature","geometry":{"type":"Polygon","coordinates":[[[106.56142,9.99494],[106.56496,9.99891],[106.56744,10.00136],[106.5684,10.00207],[106.57092,10.00414],[106.5743,10.0068],[106.57484,10.00702],[106.57577,10.00697],[106.57671,10.00664],[106.57781,10.00677],[106.57938,10.00823],[106.5816,10.01018],[106.58191,10.00982],[106.58197,10.00847],[106.5823,10.00715],[106.58264,10.00665],[106.58303,10.00653],[106.58326,10.00711],[106.58308,10.00772],[106.58335,10.00822],[106.58453,10.00904],[106.58569,10.00899],[106.5866,10.01003],[106.58728,10.01042],[106.58807,10.01066],[106.5895,10.01054],[106.58996,10.01102],[106.59068,10.01132],[106.59122,10.01135],[106.59339,10.01107],[106.59423,10.01052],[106.59468,10.01057],[106.59487,10.0112],[106.59581,10.01153],[106.59689,10.01156],[106.59812,10.01102],[106.59885,10.01048],[106.60019,10.01111],[106.60067,10.01167],[106.60297,10.01491],[106.60346,10.01531],[106.60463,10.01663],[106.6057,10.01705],[106.60775,10.01752],[106.6094,10.01754],[106.61233,10.01705],[106.61397,10.01711],[106.61525,10.0176],[106.61693,10.01738],[106.61808,10.0182],[106.61862,10.01967],[106.61856,10.02117],[106.61888,10.02184],[106.61941,10.02238],[106.6203,10.02251],[106.62053,10.02356],[106.62057,10.02436],[106.62017,10.02602],[106.62227,10.02791],[106.62299,10.02929],[106.62332,10.03015],[106.62475,10.02945],[106.62739,10.02746],[106.62936,10.0263],[106.63332,10.03047],[106.63531,10.0326],[106.63207,10.03361],[106.63195,10.03352],[106.62976,10.03427],[106.63021,10.03461],[106.63034,10.0354],[106.62829,10.03598],[106.62837,10.03639],[106.62891,10.03682],[106.62926,10.03738],[106.63006,10.03825],[106.6306,10.03858],[106.63103,10.03937],[106.63241,10.04031],[106.63322,10.04118],[106.63355,10.04202],[106.63396,10.04252],[106.63447,10.04275],[106.63564,10.04293],[106.63653,10.04281],[106.63806,10.04294],[106.63886,10.04257],[106.63965,10.04199],[106.64046,10.04186],[106.64106,10.0421],[106.64174,10.04381],[106.64213,10.044],[106.64372,10.04376],[106.64424,10.04491],[106.64551,10.04708],[106.64575,10.04763],[106.64629,10.04876],[106.64337,10.04876],[106.64281,10.04924],[106.64345,10.04941],[106.64023,10.0504],[106.64075,10.05143],[106.642,10.05459],[106.64254,10.05569],[106.63422,10.05689],[106.63038,10.05748],[106.62913,10.05779],[106.62889,10.05765],[106.62678,10.05761],[106.6259,10.05736],[106.62278,10.05834],[106.62169,10.0557],[106.62045,10.0524],[106.61966,10.05069],[106.6191,10.04985],[106.61182,10.05779],[106.61111,10.05706],[106.61,10.05646],[106.60866,10.05529],[106.60805,10.05619],[106.60729,10.05692],[106.60574,10.05811],[106.60376,10.05905],[106.60345,10.05905],[106.60129,10.05766],[106.60062,10.05887],[106.59987,10.05907],[106.59856,10.06084],[106.59826,10.06073],[106.59677,10.06293],[106.5921,10.07003],[106.59082,10.06996],[106.58984,10.06967],[106.58855,10.06976],[106.58845,10.07029],[106.58779,10.07034],[106.58782,10.07203],[106.58773,10.07306],[106.58784,10.07546],[106.5879,10.07859],[106.58618,10.07852],[106.58533,10.07827],[106.58033,10.07758],[106.58015,10.07712],[106.5777,10.0773],[106.57653,10.07713],[106.57107,10.07689],[106.56931,10.0767],[106.56839,10.07771],[106.56718,10.07904],[106.5661,10.07794],[106.5658,10.07788],[106.56602,10.0735],[106.56603,10.07199],[106.56154,10.06829],[106.55943,10.06659],[106.55721,10.06473],[106.55611,10.06836],[106.55479,10.06797],[106.55421,10.06949],[106.55036,10.06569],[106.55249,10.06436],[106.55446,10.06309],[106.55615,10.05712],[106.55717,10.05787],[106.55799,10.05448],[106.55927,10.05477],[106.56011,10.05159],[106.56102,10.0478],[106.56014,10.04738],[106.55974,10.04576],[106.55844,10.04486],[106.55987,10.04283],[106.56069,10.04339],[106.56119,10.04266],[106.56337,10.04428],[106.56446,10.04264],[106.56322,10.04173],[106.5639,10.04076],[106.56459,10.04118],[106.56485,10.04079],[106.5639,10.04014],[106.56688,10.03553],[106.56571,10.03549],[106.56471,10.03482],[106.56386,10.03356],[106.56327,10.03289],[106.56192,10.03252],[106.56139,10.03191],[106.56107,10.03064],[106.56061,10.02962],[106.56126,10.02654],[106.56106,10.02465],[106.55966,10.02173],[106.55946,10.02036],[106.55971,10.01894],[106.55928,10.01633],[106.55935,10.01465],[106.55953,10.01381],[106.55947,10.01321],[106.55901,10.01206],[106.55855,10.01142],[106.55748,10.01046],[106.55655,10.00979],[106.5552,10.008],[106.55067,10.00236],[106.54658,9.99738],[106.55632,9.99639],[106.55994,9.99557],[106.56142,9.99494]]]},"properties":{"a01_tinh":"diaphanhanhchinhcaptinh_sn.42","a02_xa":"diaphanhanhchinhcapxa_2025.2471","a03_ten":"Xã Ba Tri","a04_tentinh":"Tỉnh Vĩnh Long","a05_truocsn":"Thị trấn Ba Tri, Xã Vĩnh Hòa (huyện Ba Tri), Xã An Đức, Xã Vĩnh An, Xã An Bình Tây","a06_trungtamhc":"UBND huyện Ba Tri","a07_dt":"49.47","a08_ds":"52154","a09_dthoai":null,"a10_web":null,"ten":"Xã Ba Tri","ma":"29110","tentinh":"Tỉnh Vĩnh Long","truocsapnhap":"Thị trấn Ba Tri, Xã Vĩnh Hòa (huyện Ba Tri), Xã An Đức, Xã Vĩnh An, Xã An Bình Tây","dientichkm2":null,"dansonguoi":null},"id":"diaphanhanhchinhcapxa_2025.2471"},
{"type":"Feature","geometry":{"type":"Polygon","coordinates":[[[106.69579,10.07422],[106.69534,10.07465],[106.69522,10.07543],[106.69351,10.07695],[106.69161,10.07899],[106.69085,10.07998],[106.68815,10.08303],[106.68686,10.0849],[106.68538,10.08661],[106.68364,10.08884],[106.68263,10.09022],[106.68097,10.09294],[106.6803,10.09423],[106.67649,10.10112],[106.67474,10.10408],[106.67322,10.10691],[106.6719,10.10953],[106.67063,10.11149],[106.67017,10.11162],[106.66948,10.11263],[106.66851,10.11433],[106.66485,10.12004],[106.66448,10.12073],[106.66372,10.12153],[106.66186,10.12398],[106.6581,10.12836],[106.65679,10.12982],[106.65521,10.13133],[106.65452,10.13188],[106.65314,10.12939],[106.65338,10.12792],[106.65317,10.12727],[106.65266,10.12677],[106.65179,10.12686],[106.65167,10.12633],[106.6511,10.12628],[106.65048,10.12595],[106.64937,10.12597],[106.64932,10.12543],[106.64897,10.12459],[106.64856,10.12424],[106.64795,10.1229],[106.64786,10.12242],[106.64808,10.12155],[106.64764,10.1205],[106.64662,10.12006],[106.64585,10.11942],[106.64541,10.11863],[106.64412,10.11583],[106.64234,10.11243],[106.64262,10.11227],[106.64056,10.10776],[106.6387,10.10392],[106.6409,10.09987],[106.64262,10.0999],[106.64674,10.0996],[106.64705,10.09952],[106.64958,10.09937],[106.64887,10.09651],[106.6487,10.0965],[106.64873,10.09468],[106.64753,10.09455],[106.64388,10.09445],[106.64492,10.09255],[106.64533,10.0912],[106.64633,10.08742],[106.64654,10.08722],[106.64666,10.08616],[106.64718,10.0846],[106.64622,10.07819],[106.64594,10.07671],[106.64569,10.07494],[106.64476,10.06982],[106.64428,10.06674],[106.64417,10.06548],[106.64391,10.06493],[106.64406,10.06444],[106.64524,10.06416],[106.64508,10.06338],[106.64417,10.06354],[106.64373,10.0634],[106.64329,10.06014],[106.64303,10.05903],[106.64254,10.05569],[106.642,10.05459],[106.64075,10.05143],[106.64023,10.0504],[106.64345,10.04941],[106.64281,10.04924],[106.64337,10.04876],[106.64629,10.04876],[106.64575,10.04763],[106.64717,10.04752],[106.64658,10.04619],[106.64716,10.04648],[106.64768,10.04622],[106.64736,10.04533],[106.64855,10.04485],[106.64845,10.04438],[106.64944,10.04343],[106.64994,10.04389],[106.65057,10.04372],[106.65037,10.04281],[106.65066,10.04219],[106.65051,10.04084],[106.64999,10.03989],[106.64984,10.03925],[106.64991,10.0385],[106.64968,10.0377],[106.6489,10.03675],[106.64811,10.03599],[106.64661,10.03512],[106.64706,10.03425],[106.64676,10.03382],[106.6458,10.03291],[106.64509,10.03248],[106.64465,10.03152],[106.6462,10.03103],[106.64588,10.03042],[106.64461,10.0308],[106.64408,10.02919],[106.64363,10.02839],[106.64331,10.02833],[106.63957,10.02239],[106.64052,10.02172],[106.64115,10.02107],[106.64131,10.02045],[106.64237,10.01967],[106.64334,10.01865],[106.64415,10.01817],[106.64541,10.01758],[106.64788,10.01562],[106.64965,10.01443],[106.6512,10.01324],[106.65246,10.01279],[106.65355,10.0122],[106.65591,10.01059],[106.65696,10.0096],[106.65801,10.00788],[106.65877,10.00746],[106.65991,10.00752],[106.66059,10.00703],[106.66153,10.00596],[106.66261,10.00518],[106.66386,10.00473],[106.66541,10.00436],[106.66648,10.00389],[106.66756,10.00304],[106.67114,10.00212],[106.67351,10.00179],[106.67686,10.00141],[106.67754,10.0024],[106.67847,10.00335],[106.68061,10.00511],[106.68191,10.00657],[106.68391,10.0094],[106.68603,10.01231],[106.68723,10.01446],[106.68786,10.01605],[106.68844,10.01642],[106.68884,10.01758],[106.68867,10.01812],[106.68944,10.0205],[106.68956,10.02115],[106.68981,10.02434],[106.68962,10.02555],[106.68862,10.02866],[106.68763,10.03082],[106.68675,10.03166],[106.69168,10.03286],[106.68956,10.03625],[106.68928,10.03652],[106.68621,10.04046],[106.68542,10.04196],[106.6849,10.04325],[106.68463,10.04493],[106.68462,10.0478],[106.68474,10.04871],[106.68543,10.05022],[106.68699,10.05221],[106.69003,10.05445],[106.69252,10.05641],[106.69368,10.05741],[106.69494,10.05892],[106.69585,10.06027],[106.69758,10.06327],[106.69856,10.06422],[106.69894,10.06522],[106.69901,10.06687],[106.69891,10.06848],[106.69844,10.07012],[106.69782,10.0715],[106.6972,10.07249],[106.69579,10.07422]]]},"properties":{"a01_tinh":"diaphanhanhchinhcaptinh_sn.42","a02_xa":"diaphanhanhchinhcapxa_2025.2474","a03_ten":"Xã Bảo Thạnh","a04_tentinh":"Tỉnh Vĩnh Long","a05_truocsn":"Xã Bảo Thuận, Xã Bảo Thạnh","a06_trungtamhc":"UBND xã Bảo Thạnh","a07_dt":"62.28","a08_ds":"25225","a09_dthoai":null,"a10_web":null,"ten":"Xã Bảo Thạnh","ma":"29125","tentinh":"Tỉnh Vĩnh Long","truocsapnhap":"Xã Bảo Thuận, Xã Bảo Thạnh","dientichkm2":null,"dansonguoi":null},"id":"diaphanhanhchinhcapxa_2025.2474"},
{"type":"Feature","geometry":{"type":"Polygon","coordinates":[[[106.67296,10.23218],[106.66873,10.22064],[106.66778,10.21938],[106.66684,10.21914],[106.66649,10.21975],[106.66539,10.21954],[106.66088,10.21889],[106.66002,10.21945],[106.65925,10.21817],[106.65913,10.21777],[106.65947,10.2173],[106.66297,10.21599],[106.6634,10.21553],[106.66245,10.21457],[106.66071,10.21235],[106.65987,10.21157],[106.6595,10.21101],[106.65964,10.21004],[106.65937,10.20972],[106.65668,10.20931],[106.65451,10.20907],[106.65316,10.20874],[106.6539,10.20724],[106.65203,10.2065],[106.65235,10.20516],[106.65193,10.20504],[106.65134,10.2065],[106.65037,10.20813],[106.64994,10.20811],[106.64751,10.20512],[106.64632,10.20332],[106.64122,10.20035],[106.63647,10.19732],[106.63597,10.19738],[106.6334,10.19931],[106.63271,10.19972],[106.63269,10.20015],[106.63106,10.20138],[106.63054,10.20047],[106.62979,10.20093],[106.62678,10.19587],[106.62607,10.19489],[106.62528,10.19428],[106.62503,10.19384],[106.62556,10.19356],[106.62532,10.1927],[106.6246,10.19197],[106.62522,10.19141],[106.62419,10.18807],[106.62318,10.18501],[106.6265,10.18576],[106.62663,10.18632],[106.62655,10.18745],[106.62617,10.18816],[106.62733,10.18892],[106.62775,10.18898],[106.62897,10.1882],[106.62954,10.18802],[106.63021,10.18869],[106.63097,10.18923],[106.6318,10.18805],[106.63299,10.18666],[106.63443,10.1877],[106.63819,10.19063],[106.63982,10.18794],[106.64104,10.18573],[106.64222,10.1838],[106.64474,10.17952],[106.64687,10.18067],[106.64614,10.18486],[106.64806,10.18602],[106.64819,10.18583],[106.65048,10.18726],[106.64992,10.18981],[106.65007,10.18984],[106.65164,10.18725],[106.6522,10.18714],[106.65194,10.18883],[106.65436,10.18988],[106.65428,10.19022],[106.65553,10.19073],[106.65714,10.19154],[106.66559,10.19691],[106.66647,10.19816],[106.66732,10.19917],[106.669,10.20153],[106.67019,10.20089],[106.67166,10.19993],[106.67215,10.19948],[106.67409,10.19825],[106.67581,10.20002],[106.6764,10.1995],[106.67805,10.19717],[106.67928,10.19794],[106.67918,10.19856],[106.67977,10.19897],[106.6801,10.19961],[106.68053,10.19874],[106.6814,10.19923],[106.68225,10.1977],[106.68288,10.19476],[106.6834,10.19305],[106.68419,10.19294],[106.68547,10.19111],[106.68568,10.19016],[106.68611,10.18925],[106.68423,10.18861],[106.68463,10.18767],[106.68581,10.1872],[106.68505,10.18636],[106.68486,10.18446],[106.68626,10.18514],[106.68694,10.18331],[106.68643,10.18305],[106.68737,10.18097],[106.68719,10.18086],[106.6877,10.17994],[106.68895,10.17737],[106.6908,10.17792],[106.69138,10.17671],[106.69071,10.17654],[106.69094,10.17446],[106.69253,10.17442],[106.69261,10.17353],[106.69445,10.17045],[106.69484,10.16967],[106.69539,10.16785],[106.69505,10.16728],[106.69549,10.16629],[106.69596,10.16476],[106.69628,10.16479],[106.69662,10.16398],[106.6968,10.16214],[106.69806,10.16213],[106.69902,10.16093],[106.70017,10.16002],[106.70031,10.15974],[106.70234,10.16025],[106.70524,10.16061],[106.7062,10.16093],[106.70934,10.16245],[106.71061,10.16265],[106.71102,10.16195],[106.71342,10.16311],[106.71369,10.16353],[106.71487,10.164],[106.71845,10.15751],[106.71916,10.15638],[106.72003,10.15714],[106.72103,10.15859],[106.72339,10.16119],[106.72481,10.16345],[106.72659,10.16472],[106.72882,10.16648],[106.72945,10.16707],[106.73036,10.16853],[106.73059,10.17017],[106.7309,10.17129],[106.73163,10.17203],[106.73404,10.17306],[106.73496,10.17304],[106.7355,10.1742],[106.73673,10.17584],[106.7373,10.17733],[106.73848,10.17889],[106.73888,10.17965],[106.73875,10.18034],[106.73711,10.18196],[106.73653,10.18317],[106.7364,10.18388],[106.73659,10.18513],[106.73714,10.18633],[106.73795,10.18768],[106.74179,10.19493],[106.72219,10.2049],[106.69015,10.22318],[106.67973,10.22957],[106.67368,10.23197],[106.67296,10.23218]]]},"properties":{"a01_tinh":"diaphanhanhchinhcaptinh_sn.42","a02_xa":"diaphanhanhchinhcapxa_2025.2464","a03_ten":"Xã Bình Đại","a04_tentinh":"Tỉnh Vĩnh Long","a05_truocsn":"Thị trấn Bình Đại, Xã Bình Thới, Xã Bình Thắng","a06_trungtamhc":"Huyện ủy, UBND huyện Bình Đại","a07_dt":"44.7","a08_ds":"33881","a09_dthoai":null,"a10_web":null,"ten":"Xã Bình Đại","ma":"29050","tentinh":"Tỉnh Vĩnh Long","truocsapnhap":"Thị trấn Bình Đại, Xã Bình Thới, Xã Bình Thắng","dientichkm2":null,"dansonguoi":null},"id":"diaphanhanhchinhcapxa_2025.2464"},
{"type":"Feature","geometry":{"type":"Polygon","coordinates":[[[106.3095,9.98213],[106.30905,9.98199],[106.30789,9.98215],[106.30699,9.983],[106.30571,9.9857],[106.30531,9.98622],[106.30392,9.98729],[106.30222,9.98786],[106.3005,9.98803],[106.29963,9.98789],[106.29893,9.9876],[106.29802,9.98697],[106.2967,9.98677],[106.29606,9.98701],[106.29458,9.98859],[106.29354,9.98949],[106.29159,9.99064],[106.29046,9.99099],[106.28983,9.99098],[106.28806,9.99065],[106.28614,9.99065],[106.28485,9.99102],[106.28454,9.99096],[106.2831,9.99168],[106.2824,9.99249],[106.2819,9.99382],[106.28133,9.99661],[106.28077,9.998],[106.28011,9.99898],[106.27932,9.99975],[106.27853,10.00026],[106.27569,10.00152],[106.27407,10.00246],[106.27331,10.00196],[106.27284,10.00216],[106.27237,10.00196],[106.27188,10.00135],[106.27139,10.00043],[106.27052,10.00063],[106.2697,10.00014],[106.27057,9.99898],[106.27157,9.9975],[106.27052,9.99635],[106.26891,9.99603],[106.26777,9.99676],[106.26734,9.99721],[106.26641,9.99727],[106.2655,9.99801],[106.26471,9.9982],[106.26396,9.99655],[106.26321,9.99528],[106.2618,9.9937],[106.26149,9.99288],[106.26146,9.99202],[106.26165,9.99046],[106.26159,9.98966],[106.26099,9.98901],[106.25978,9.98857],[106.2573,9.98849],[106.25606,9.9886],[106.25538,9.98889],[106.25466,9.9908],[106.2519,9.99488],[106.25021,9.99665],[106.24963,9.99764],[106.2485,9.99898],[106.24772,10.00005],[106.24697,10.00064],[106.2461,10.00046],[106.24534,9.99925],[106.24473,9.99859],[106.24395,9.99847],[106.24315,9.99873],[106.2423,9.99862],[106.24161,9.99754],[106.24074,9.99643],[106.23947,9.99526],[106.23756,9.99325],[106.23693,9.99204],[106.23702,9.99066],[106.23693,9.99005],[106.23641,9.98944],[106.23497,9.98851],[106.23401,9.98739],[106.23375,9.98649],[106.23397,9.98459],[106.23391,9.9835],[106.2335,9.98214],[106.23281,9.98169],[106.23145,9.98139],[106.23029,9.98065],[106.22878,9.97924],[106.22745,9.97897],[106.22621,9.97827],[106.22505,9.97785],[106.22434,9.97704],[106.22403,9.97599],[106.2234,9.97533],[106.22318,9.97428],[106.22324,9.97342],[106.22235,9.97275],[106.22195,9.97209],[106.22085,9.97097],[106.21999,9.97026],[106.21974,9.96984],[106.21696,9.97171],[106.21736,9.96707],[106.21724,9.96616],[106.21709,9.96349],[106.21679,9.96268],[106.21578,9.96064],[106.21286,9.95558],[106.21174,9.95229],[106.21191,9.95204],[106.21069,9.94982],[106.21447,9.9477],[106.21722,9.9461],[106.22195,9.94293],[106.22379,9.9418],[106.23046,9.93744],[106.23505,9.9344],[106.23589,9.93654],[106.2398,9.93546],[106.24421,9.93388],[106.24639,9.93313],[106.25178,9.93119],[106.25149,9.93062],[106.25224,9.92967],[106.25269,9.92934],[106.25309,9.92855],[106.25159,9.92807],[106.2506,9.92822],[106.25008,9.92771],[106.24968,9.9268],[106.24892,9.92605],[106.24879,9.92555],[106.24874,9.92414],[106.24831,9.92392],[106.24826,9.92251],[106.24912,9.92257],[106.2493,9.92197],[106.25069,9.92084],[106.25157,9.91976],[106.25278,9.91872],[106.25315,9.9178],[106.25249,9.9172],[106.25349,9.91638],[106.25442,9.91594],[106.2572,9.91523],[106.25804,9.91518],[106.25917,9.91532],[106.25979,9.91438],[106.26017,9.91406],[106.26067,9.91423],[106.26206,9.91504],[106.2632,9.91517],[106.26455,9.91504],[106.26535,9.91605],[106.26558,9.91664],[106.26547,9.91725],[106.26391,9.91941],[106.26231,9.92232],[106.26207,9.92305],[106.26216,9.92349],[106.26274,9.92395],[106.26403,9.92398],[106.26505,9.92433],[106.26564,9.92479],[106.26774,9.92731],[106.26854,9.92833],[106.27032,9.93124],[106.27169,9.93258],[106.27309,9.93344],[106.27563,9.93428],[106.27693,9.93513],[106.27923,9.93707],[106.28056,9.93847],[106.28195,9.93963],[106.28295,9.9402],[106.28438,9.94072],[106.28589,9.94114],[106.28848,9.94174],[106.29026,9.94253],[106.29132,9.94326],[106.29244,9.94468],[106.29367,9.94681],[106.29351,9.94789],[106.29242,9.9492],[106.29214,9.94999],[106.2924,9.95095],[106.29308,9.95166],[106.29374,9.95212],[106.29619,9.9535],[106.29848,9.95429],[106.29995,9.95472],[106.30127,9.95534],[106.30211,9.95595],[106.3028,9.95687],[106.30317,9.95764],[106.30347,9.95879],[106.30379,9.96071],[106.30414,9.96172],[106.30553,9.96327],[106.30588,9.96399],[106.30579,9.96483],[106.30492,9.96676],[106.30474,9.96819],[106.30508,9.96939],[106.3057,9.97023],[106.30748,9.97183],[106.3079,9.97262],[106.30775,9.97379],[106.30707,9.97581],[106.30713,9.97644],[106.30744,9.97706],[106.30838,9.97847],[106.30888,9.97963],[106.3095,9.98213]]]},"properties":{"a01_tinh":"diaphanhanhchinhcaptinh_sn.42","a02_xa":"diaphanhanhchinhcapxa_2025.2488","a03_ten":"Xã Bình Phú","a04_tentinh":"Tỉnh Vĩnh Long","a05_truocsn":"Xã Bình Phú (huyện Càng Long), Xã Đại Phúc, Xã Phương Thạnh","a06_trungtamhc":"đang cập nhật","a07_dt":"59.21","a08_ds":"39152","a09_dthoai":null,"a10_web":null,"ten":"Xã Bình Phú","ma":"29287","tentinh":"Tỉnh Vĩnh Long","truocsapnhap":"Xã Bình Phú (huyện Càng Long), Xã Đại Phúc, Xã Phương Thạnh","dientichkm2":null,"dansonguoi":null},"id":"diaphanhanhchinhcapxa_2025.2488"},
{"type":"Feature","geometry":{"type":"Polygon","coordinates":[[[106.01894,10.22678],[106.01803,10.22706],[106.01687,10.22653],[106.01583,10.22644],[106.0143,10.22551],[106.01373,10.22546],[106.01303,10.22633],[106.01249,10.22678],[106.01148,10.22731],[106.01033,10.22831],[106.00975,10.22913],[106.00902,10.22947],[106.00825,10.22939],[106.00758,10.22904],[106.00704,10.22932],[106.00584,10.22861],[106.00518,10.22917],[106.00434,10.22877],[106.00347,10.22874],[106.00326,10.22955],[106.00296,10.22975],[106.00202,10.22923],[106.002,10.22829],[106.00244,10.22649],[106.00226,10.22587],[106.00146,10.22582],[106.00104,10.22557],[106.0003,10.2247],[105.99865,10.22365],[105.99988,10.2217],[106.00276,10.21657],[106.00324,10.21544],[106.0031,10.21457],[106.00178,10.21314],[106.00099,10.21206],[106.00083,10.21118],[106.00118,10.2105],[106.00178,10.20997],[106.00345,10.2091],[106.0044,10.20849],[106.00555,10.2073],[106.00636,10.20577],[106.00752,10.2032],[106.00881,10.20075],[106.00952,10.1991],[106.01053,10.19714],[106.01136,10.19585],[106.01244,10.19471],[106.01359,10.19454],[106.01481,10.19398],[106.01562,10.19286],[106.0161,10.19272],[106.01686,10.19299],[106.01815,10.19326],[106.01988,10.19343],[106.02174,10.19294],[106.02289,10.19281],[106.02337,10.19242],[106.023,10.19097],[106.02336,10.19037],[106.02252,10.18913],[106.02046,10.18544],[106.02199,10.18445],[106.02183,10.18406],[106.02341,10.18315],[106.02272,10.18149],[106.02327,10.18119],[106.02364,10.18024],[106.025,10.17799],[106.02482,10.17752],[106.02441,10.17419],[106.02385,10.17043],[106.02289,10.17066],[106.02234,10.16884],[106.02132,10.16513],[106.02097,10.16522],[106.02054,10.16331],[106.02148,10.15947],[106.02301,10.15893],[106.02376,10.15979],[106.02438,10.16103],[106.02496,10.1618],[106.02565,10.16298],[106.02632,10.16438],[106.02718,10.16559],[106.02796,10.16727],[106.02827,10.16812],[106.02911,10.16918],[106.0345,10.16799],[106.03774,10.16771],[106.04549,10.16709],[106.05216,10.16616],[106.05629,10.16553],[106.06263,10.16445],[106.0684,10.16343],[106.06884,10.1634],[106.077,10.16575],[106.0808,10.16682],[106.08023,10.16693],[106.07999,10.16768],[106.08076,10.16808],[106.08102,10.16856],[106.08056,10.16879],[106.07627,10.17042],[106.07706,10.17153],[106.07525,10.1726],[106.07354,10.17351],[106.07314,10.17402],[106.07468,10.17513],[106.07513,10.17558],[106.07402,10.17667],[106.0708,10.17916],[106.07086,10.18093],[106.07136,10.18209],[106.07067,10.18264],[106.07236,10.18466],[106.07159,10.18521],[106.07113,10.18454],[106.07023,10.18547],[106.06933,10.18687],[106.06888,10.18795],[106.06823,10.18852],[106.06805,10.18901],[106.06681,10.1908],[106.06646,10.19143],[106.06514,10.19266],[106.065,10.19306],[106.06447,10.19354],[106.06353,10.19484],[106.06375,10.19535],[106.06343,10.19575],[106.06333,10.19657],[106.06191,10.19561],[106.05913,10.19692],[106.05819,10.19747],[106.05926,10.19974],[106.05985,10.20131],[106.06159,10.20475],[106.05988,10.20511],[106.05817,10.20561],[106.05711,10.20575],[106.05728,10.20672],[106.05579,10.20772],[106.05539,10.20834],[106.05495,10.21017],[106.05435,10.21074],[106.05418,10.21209],[106.05395,10.21259],[106.05351,10.21255],[106.05296,10.21298],[106.05297,10.21363],[106.05276,10.21514],[106.05264,10.21722],[106.05246,10.21867],[106.05245,10.22084],[106.05065,10.22078],[106.05039,10.22063],[106.04927,10.2216],[106.04881,10.2218],[106.04818,10.2217],[106.04698,10.22104],[106.04593,10.22122],[106.04434,10.22094],[106.04295,10.22085],[106.04253,10.22125],[106.04178,10.22052],[106.03865,10.21956],[106.03518,10.21867],[106.0331,10.2183],[106.03192,10.21773],[106.03153,10.21873],[106.03104,10.22034],[106.03024,10.22244],[106.02941,10.22438],[106.02884,10.22589],[106.02785,10.22485],[106.02718,10.22348],[106.02406,10.22531],[106.0233,10.22467],[106.02268,10.22393],[106.02201,10.2237],[106.02118,10.22463],[106.0204,10.22627],[106.0198,10.22625],[106.01894,10.22678]]]},"properties":{"a01_tinh":"diaphanhanhchinhcaptinh_sn.42","a02_xa":"diaphanhanhchinhcapxa_2025.2535","a03_ten":"Xã Bình Phước","a04_tentinh":"Tỉnh Vĩnh Long","a05_truocsn":"Xã Long Mỹ (huyện Mang Thít), Xã Hòa Tịnh, Xã Bình Phước","a06_trungtamhc":"đang cập nhật","a07_dt":"35.67","a08_ds":"29418","a09_dthoai":null,"a10_web":null,"ten":"Xã Bình Phước","ma":"29638","tentinh":"Tỉnh Vĩnh Long","truocsapnhap":"Xã Long Mỹ (huyện Mang Thít), Xã Hòa Tịnh, Xã Bình Phước","dientichkm2":null,"dansonguoi":null},"id":"diaphanhanhchinhcapxa_2025.2535"},
{"type":"Feature","geometry":{"type":"Polygon","coordinates":[[[105.96425,10.16411],[105.96307,10.16457],[105.96204,10.16514],[105.96043,10.16587],[105.96026,10.16573],[105.95837,10.16067],[105.95709,10.16044],[105.95609,10.15816],[105.95349,10.15812],[105.9531,10.15804],[105.95288,10.15703],[105.95218,10.15721],[105.95155,10.15691],[105.9514,10.15617],[105.95171,10.15602],[105.95117,10.15505],[105.95,10.15242],[105.94966,10.15187],[105.95007,10.15147],[105.9506,10.15132],[105.95059,10.15069],[105.95111,10.15025],[105.95047,10.14886],[105.94994,10.149],[105.94992,10.14838],[105.94961,10.14665],[105.94932,10.14596],[105.9492,10.14469],[105.94871,10.14308],[105.94805,10.14314],[105.94415,10.14253],[105.94332,10.14194],[105.94279,10.14218],[105.93562,10.14452],[105.93013,10.14621],[105.92728,10.147],[105.92739,10.1419],[105.9275,10.14119],[105.92792,10.14079],[105.92782,10.13984],[105.92793,10.13902],[105.92884,10.13381],[105.92943,10.13008],[105.92991,10.12786],[105.93008,10.12607],[105.93052,10.12341],[105.92951,10.1233],[105.92994,10.12104],[105.93096,10.11817],[105.93115,10.11742],[105.93191,10.11527],[105.93236,10.11349],[105.9304,10.10694],[105.92977,10.10499],[105.92864,10.10186],[105.9254,10.10268],[105.92475,10.10277],[105.92469,10.10187],[105.92426,10.10115],[105.92451,10.10026],[105.92419,10.0996],[105.92445,10.09901],[105.92434,10.09852],[105.9236,10.09807],[105.92275,10.09702],[105.92297,10.09636],[105.9223,10.09559],[105.91979,10.08996],[105.91833,10.0868],[105.91901,10.08641],[105.92131,10.08531],[105.92409,10.08382],[105.92849,10.0816],[105.92857,10.08128],[105.92794,10.07999],[105.92868,10.07983],[105.93027,10.07981],[105.93343,10.07964],[105.93425,10.07956],[105.93755,10.07952],[105.93922,10.07929],[105.93909,10.0778],[105.93894,10.07731],[105.93702,10.07255],[105.93609,10.07145],[105.93549,10.07016],[105.935,10.06936],[105.94207,10.06898],[105.94497,10.06891],[105.94571,10.06897],[105.94894,10.07024],[105.95711,10.07354],[105.95848,10.0739],[105.95891,10.07415],[105.96126,10.07446],[105.96102,10.07583],[105.96316,10.07611],[105.96312,10.07645],[105.96436,10.07662],[105.96411,10.07856],[105.96734,10.07909],[105.96749,10.081],[105.96739,10.08179],[105.96707,10.08261],[105.96911,10.08326],[105.97109,10.08286],[105.97217,10.08247],[105.97487,10.08177],[105.97477,10.08267],[105.97507,10.0833],[105.97558,10.08578],[105.97669,10.088],[105.97719,10.08924],[105.97817,10.08908],[105.98149,10.08783],[105.98239,10.09027],[105.9826,10.09113],[105.98382,10.09522],[105.98411,10.09602],[105.98438,10.09606],[105.98639,10.09377],[105.98682,10.09353],[105.98729,10.09402],[105.98867,10.09355],[105.98899,10.09358],[105.98949,10.09445],[105.98992,10.09435],[105.99111,10.09323],[105.9919,10.09268],[105.99219,10.09148],[105.99251,10.09109],[105.99307,10.09107],[105.99365,10.09216],[105.99441,10.09263],[105.99489,10.09346],[105.9954,10.09375],[105.99583,10.09435],[105.99636,10.09429],[105.99724,10.09489],[105.99778,10.09554],[105.99707,10.09646],[105.9975,10.09794],[105.99719,10.09874],[105.99665,10.09921],[105.9969,10.09972],[105.99689,10.10088],[105.99718,10.10148],[105.99669,10.10166],[105.99643,10.10255],[105.99641,10.10377],[105.99685,10.10385],[105.99673,10.10492],[105.9971,10.10549],[105.99943,10.1044],[105.99938,10.10528],[105.99982,10.10636],[105.99934,10.10706],[105.99959,10.10768],[106.0003,10.10821],[106.00057,10.10864],[106.0012,10.11043],[106.00135,10.11147],[106.00174,10.11191],[106.00145,10.11284],[106.00096,10.11301],[106.00019,10.11282],[105.99988,10.11362],[106.00007,10.11455],[106.00077,10.11555],[106.00202,10.11845],[106.00276,10.11903],[106.00321,10.11988],[106.00355,10.12092],[106.00425,10.12186],[106.0049,10.12313],[106.00564,10.12429],[106.0072,10.12714],[106.00795,10.12821],[106.00917,10.13033],[106.01023,10.13191],[106.01078,10.13367],[106.0113,10.13499],[106.0097,10.13466],[106.00949,10.13448],[106.0075,10.13397],[106.0072,10.1338],[106.00424,10.13354],[106.0042,10.13429],[106.00486,10.13465],[106.00496,10.13542],[106.00467,10.13566],[106.00219,10.13832],[106.00061,10.13996],[105.99952,10.14132],[105.99749,10.14529],[105.9967,10.1466],[105.99593,10.1481],[105.99579,10.14819],[105.99282,10.14761],[105.99175,10.14791],[105.98627,10.14965],[105.98507,10.15],[105.98144,10.1522],[105.98085,10.15186],[105.97953,10.15331],[105.97881,10.15385],[105.97748,10.15454],[105.97374,10.15686],[105.97309,10.15711],[105.97139,10.15839],[105.96739,10.16164],[105.96425,10.16411]]]},"properties":{"a01_tinh":"diaphanhanhchinhcaptinh_sn.42","a02_xa":"diaphanhanhchinhcapxa_2025.2545","a03_ten":"Xã Cái Ngang","a04_tentinh":"Tỉnh Vĩnh Long","a05_truocsn":"Xã Mỹ Lộc, Xã Tân Lộc, Xã Hậu Lộc, Xã Phú Lộc","a06_trungtamhc":"UBND xã Hậu Lộc","a07_dt":"63.14","a08_ds":"36654","a09_dthoai":null,"a10_web":null,"ten":"Xã Cái Ngang","ma":"29728","tentinh":"Tỉnh Vĩnh Long","truocsapnhap":"Xã Mỹ Lộc, Xã Tân Lộc, Xã Hậu Lộc, Xã Phú Lộc","dientichkm2":null,"dansonguoi":null},"id":"diaphanhanhchinhcapxa_2025.2545"},
{"type":"Feature","geometry":{"type":"Polygon","coordinates":[[[106.12826,10.2281],[106.12739,10.22872],[106.12158,10.23239],[106.11966,10.23355],[106.11749,10.23449],[106.11619,10.23532],[106.11521,10.23568],[106.11376,10.23593],[106.1121,10.23648],[106.11047,10.2372],[106.10535,10.23924],[106.10384,10.23652],[106.10284,10.23434],[106.10273,10.23361],[106.10333,10.23256],[106.10407,10.23204],[106.1055,10.23124],[106.10602,10.23066],[106.1059,10.22957],[106.1053,10.22853],[106.10516,10.22805],[106.10569,10.22685],[106.10558,10.22652],[106.10497,10.22598],[106.10502,10.22538],[106.10546,10.22485],[106.10535,10.22355],[106.10551,10.22312],[106.10528,10.22261],[106.10419,10.22252],[106.10317,10.22212],[106.10248,10.22101],[106.10254,10.21934],[106.10238,10.21871],[106.10154,10.21785],[106.09982,10.21547],[106.09908,10.21479],[106.09872,10.21391],[106.09753,10.21216],[106.09715,10.21179],[106.0972,10.21121],[106.09696,10.20936],[106.09698,10.20873],[106.09673,10.20786],[106.09612,10.20719],[106.09477,10.20623],[106.09346,10.20554],[106.09267,10.20525],[106.09217,10.20487],[106.0927,10.20424],[106.09319,10.20335],[106.09143,10.20164],[106.09074,10.20068],[106.09,10.20041],[106.08944,10.19946],[106.08878,10.19928],[106.08801,10.1988],[106.08738,10.19814],[106.08631,10.19755],[106.08414,10.19667],[106.08217,10.19574],[106.0795,10.19407],[106.07434,10.1912],[106.07458,10.19081],[106.07358,10.18865],[106.07343,10.18813],[106.07272,10.18692],[106.07159,10.18521],[106.07236,10.18466],[106.07067,10.18264],[106.07136,10.18209],[106.07086,10.18093],[106.0708,10.17916],[106.07402,10.17667],[106.07513,10.17558],[106.07468,10.17513],[106.07314,10.17402],[106.07354,10.17351],[106.07525,10.1726],[106.07706,10.17153],[106.07627,10.17042],[106.08056,10.16879],[106.08102,10.16856],[106.08076,10.16808],[106.07999,10.16768],[106.08023,10.16693],[106.0808,10.16682],[106.09066,10.16969],[106.09691,10.17171],[106.10234,10.17344],[106.10299,10.17264],[106.10363,10.1715],[106.10424,10.16956],[106.10471,10.17003],[106.10598,10.17081],[106.10715,10.17121],[106.1086,10.1713],[106.11043,10.17125],[106.11152,10.17142],[106.11339,10.17243],[106.11618,10.17446],[106.11764,10.17534],[106.11874,10.17578],[106.11981,10.17582],[106.12087,10.17541],[106.12161,10.175],[106.1229,10.1733],[106.12365,10.17196],[106.12418,10.17081],[106.12514,10.16739],[106.12552,10.16658],[106.12619,10.16565],[106.12706,10.16475],[106.12888,10.16392],[106.13389,10.16252],[106.1378,10.16187],[106.14063,10.1618],[106.14188,10.16169],[106.14333,10.16139],[106.14502,10.16088],[106.14639,10.16025],[106.14709,10.15982],[106.14928,10.15781],[106.15005,10.15724],[106.15138,10.1565],[106.15277,10.15641],[106.15366,10.15664],[106.15517,10.1575],[106.15803,10.15981],[106.16068,10.16241],[106.16146,10.16312],[106.16359,10.16471],[106.16455,10.16515],[106.16651,10.16554],[106.16735,10.1655],[106.16826,10.16493],[106.16936,10.16329],[106.17,10.16173],[106.17069,10.16102],[106.17145,10.16143],[106.17209,10.16246],[106.17261,10.16381],[106.17349,10.16687],[106.1738,10.16768],[106.17671,10.17627],[106.17544,10.17753],[106.17461,10.17869],[106.17386,10.17939],[106.17066,10.18358],[106.16928,10.18546],[106.1684,10.18702],[106.16707,10.18867],[106.16627,10.18947],[106.16458,10.19097],[106.16179,10.19299],[106.15694,10.19551],[106.15574,10.19542],[106.15377,10.19639],[106.15182,10.1976],[106.14919,10.19912],[106.14707,10.20084],[106.14544,10.2027],[106.14269,10.2064],[106.14206,10.20797],[106.14135,10.21096],[106.1411,10.21499],[106.13881,10.21773],[106.13276,10.22459],[106.13141,10.226],[106.13044,10.22681],[106.12826,10.2281]]]},"properties":{"a01_tinh":"diaphanhanhchinhcaptinh_sn.42","a02_xa":"diaphanhanhchinhcapxa_2025.2533","a03_ten":"Xã Cái Nhum","a04_tentinh":"Tỉnh Vĩnh Long","a05_truocsn":"Xã An Phước (huyện Mang Thít), Xã Chánh An, Thị trấn Cái Nhum","a06_trungtamhc":"đang cập nhật","a07_dt":"52.45","a08_ds":"38538","a09_dthoai":null,"a10_web":null,"ten":"Xã Cái Nhum","ma":"29641","tentinh":"Tỉnh Vĩnh Long","truocsapnhap":"Xã An Phước (huyện Mang Thít), Xã Chánh An, Thị trấn Cái Nhum","dientichkm2":null,"dansonguoi":null},"id":"diaphanhanhchinhcapxa_2025.2533"},
{"type":"Feature","geometry":{"type":"Polygon","coordinates":[[[106.21696,9.97171],[106.21723,9.97283],[106.21698,9.97487],[106.21705,9.97654],[106.21774,9.97912],[106.21773,9.98088],[106.2182,9.98109],[106.21813,9.98151],[106.21878,9.98178],[106.21951,9.9831],[106.21914,9.98482],[106.21968,9.98554],[106.21997,9.98559],[106.2198,9.98638],[106.22032,9.98755],[106.22045,9.98833],[106.22033,9.98945],[106.22078,9.99084],[106.22147,9.99064],[106.22571,9.98993],[106.22678,9.99215],[106.23016,9.99898],[106.23262,10.00406],[106.23443,10.0086],[106.2359,10.0115],[106.23774,10.01456],[106.24073,10.01329],[106.24555,10.01132],[106.24565,10.01625],[106.2457,10.01714],[106.24547,10.01846],[106.24428,10.02014],[106.24791,10.02249],[106.24903,10.01999],[106.25013,10.01711],[106.25407,10.01839],[106.25525,10.01871],[106.26006,10.02027],[106.26033,10.01956],[106.26145,10.01922],[106.26187,10.01954],[106.26286,10.01957],[106.26348,10.01994],[106.26388,10.02088],[106.26439,10.02095],[106.26511,10.02169],[106.26499,10.02236],[106.26516,10.02279],[106.26593,10.02341],[106.26641,10.02358],[106.26719,10.02285],[106.26899,10.02437],[106.26985,10.02492],[106.2703,10.02556],[106.27079,10.02482],[106.27253,10.02306],[106.2745,10.02139],[106.27652,10.02453],[106.27798,10.02652],[106.27606,10.0277],[106.27608,10.02799],[106.27671,10.02895],[106.27488,10.03023],[106.27308,10.0314],[106.27275,10.03099],[106.27203,10.0316],[106.27231,10.03189],[106.27216,10.0326],[106.27176,10.03299],[106.27018,10.03153],[106.26964,10.03207],[106.27034,10.03272],[106.26915,10.03395],[106.26941,10.03437],[106.2687,10.03578],[106.26776,10.03506],[106.26732,10.0344],[106.26679,10.03436],[106.26636,10.03506],[106.26593,10.03419],[106.26478,10.03354],[106.2645,10.03361],[106.26417,10.0343],[106.26532,10.03503],[106.26441,10.03646],[106.26332,10.03559],[106.26285,10.03633],[106.26251,10.03593],[106.2609,10.03506],[106.26034,10.03489],[106.26018,10.03449],[106.25958,10.03393],[106.259,10.03405],[106.2578,10.03549],[106.25758,10.03562],[106.25608,10.03844],[106.2554,10.039],[106.25475,10.03981],[106.254,10.03992],[106.25284,10.03955],[106.25161,10.03966],[106.25085,10.04017],[106.2498,10.04176],[106.24904,10.04262],[106.24846,10.04182],[106.24807,10.04058],[106.24711,10.04084],[106.2462,10.04144],[106.24643,10.04287],[106.24628,10.04344],[106.24594,10.04364],[106.2443,10.04355],[106.24363,10.04405],[106.24303,10.0454],[106.24308,10.04652],[106.2429,10.04731],[106.24225,10.04814],[106.24205,10.04875],[106.24104,10.04869],[106.2403,10.04907],[106.23871,10.04897],[106.23806,10.04945],[106.23684,10.04994],[106.23623,10.05047],[106.23555,10.05081],[106.2339,10.04739],[106.23173,10.04396],[106.23125,10.04297],[106.23103,10.04191],[106.23099,10.04044],[106.23134,10.0361],[106.23137,10.03395],[106.23135,10.0293],[106.23147,10.02807],[106.23226,10.0249],[106.23232,10.0242],[106.23207,10.02327],[106.231,10.02201],[106.22911,10.02019],[106.22803,10.01954],[106.22544,10.01873],[106.22407,10.018],[106.2232,10.01725],[106.22245,10.01634],[106.2214,10.01471],[106.21832,10.01461],[106.21727,10.01503],[106.21584,10.01475],[106.21475,10.01468],[106.21348,10.01273],[106.21229,10.01131],[106.21104,10.00874],[106.21033,10.00847],[106.20955,10.00883],[106.20905,10.00859],[106.20847,10.0089],[106.20779,10.00984],[106.20845,10.01085],[106.20836,10.01144],[106.20802,10.01173],[106.20674,10.01182],[106.20611,10.01136],[106.20453,10.00962],[106.20372,10.00995],[106.20031,10.01347],[106.1992,10.01441],[106.19856,10.01511],[106.19805,10.01693],[106.1975,10.01829],[106.19626,10.02061],[106.19578,10.02207],[106.19543,10.02376],[106.19482,10.02481],[106.19412,10.02501],[106.19186,10.02524],[106.19072,10.02611],[106.18999,10.02626],[106.18731,10.02535],[106.18507,10.02495],[106.18257,10.02438],[106.18053,10.02407],[106.17959,10.02386],[106.17825,10.02338],[106.17215,10.02218],[106.16982,10.02165],[106.1594,10.01943],[106.15629,10.01884],[106.1509,10.01765],[106.1504,10.01768],[106.1483,10.01851],[106.1446,10.0199],[106.14356,10.0204],[106.1411,10.0214],[106.13835,10.02243],[106.13774,10.02274],[106.13479,10.02392],[106.1348,10.01918],[106.13475,10.01718],[106.13476,10.01488],[106.13469,10.01301],[106.13464,10.00949],[106.13458,10.00813],[106.13455,10.00492],[106.13585,10.00441],[106.14413,10.00175],[106.14704,10.00085],[106.1478,10.00067],[106.14973,10.00067],[106.15508,10.00009],[106.15581,9.99979],[106.15705,9.99899],[106.16024,9.99713],[106.16454,9.99487],[106.16531,9.99452],[106.16848,9.99269],[106.17547,9.98897],[106.17753,9.98792],[106.17974,9.98668],[106.18166,9.98585],[106.18474,9.98406],[106.19354,9.97952],[106.19575,9.97817],[106.19739,9.97738],[106.19842,9.97734],[106.19936,9.97798],[106.20001,9.97813],[106.20093,9.97759],[106.20131,9.97798],[106.20189,9.97903],[106.20287,9.98174],[106.20732,9.97828],[106.20874,9.97727],[106.21696,9.97171]]]},"properties":{"a01_tinh":"diaphanhanhchinhcaptinh_sn.42","a02_xa":"diaphanhanhchinhcapxa_2025.2486","a03_ten":"Xã Càng Long","a04_tentinh":"Tỉnh Vĩnh Long","a05_truocsn":"Thị trấn Càng Long, Xã Mỹ Cẩm, Xã Nhị Long Phú","a06_trungtamhc":"đang cập nhật","a07_dt":"46.87","a08_ds":"41542","a09_dthoai":null,"a10_web":null,"ten":"Xã Càng Long","ma":"29266","tentinh":"Tỉnh Vĩnh Long","truocsapnhap":"Thị trấn Càng Long, Xã Mỹ Cẩm, Xã Nhị Long Phú","dientichkm2":null,"dansonguoi":null},"id":"diaphanhanhchinhcapxa_2025.2486"},
{"type":"Feature","geometry":{"type":"Polygon","coordinates":[[[106.12831,9.902],[106.12709,9.90427],[106.12588,9.90384],[106.12504,9.90372],[106.12436,9.90328],[106.12251,9.90247],[106.12172,9.9023],[106.1203,9.90303],[106.11868,9.90279],[106.11764,9.90274],[106.11644,9.90225],[106.11296,9.90139],[106.10852,9.90038],[106.10194,9.89874],[106.09962,9.89821],[106.09563,9.8972],[106.0948,9.89758],[106.08848,9.8944],[106.08774,9.89469],[106.08879,9.89686],[106.0883,9.897],[106.08892,9.89876],[106.0892,9.89987],[106.08935,9.90168],[106.09112,9.90165],[106.09158,9.90377],[106.09279,9.90433],[106.09325,9.90623],[106.0932,9.90888],[106.09406,9.90903],[106.09413,9.90968],[106.09475,9.91128],[106.0941,9.91209],[106.09395,9.91299],[106.09418,9.91431],[106.09332,9.91421],[106.09266,9.91436],[106.08961,9.91461],[106.08961,9.91606],[106.0884,9.91612],[106.08845,9.91753],[106.08759,9.91776],[106.08747,9.91863],[106.08772,9.91926],[106.08722,9.91942],[106.0858,9.91925],[106.08544,9.91955],[106.0843,9.91963],[106.08426,9.92031],[106.08226,9.92026],[106.07948,9.91928],[106.07823,9.91925],[106.07821,9.91876],[106.0769,9.9187],[106.0768,9.91804],[106.07689,9.91435],[106.07366,9.91501],[106.07364,9.91448],[106.07143,9.91456],[106.07128,9.91517],[106.06974,9.91502],[106.06975,9.91479],[106.06848,9.91475],[106.06758,9.91484],[106.06575,9.91432],[106.06563,9.91455],[106.06445,9.91399],[106.06408,9.91445],[106.06297,9.91336],[106.06176,9.91257],[106.0624,9.9124],[106.06261,9.91195],[106.06241,9.91153],[106.06133,9.91178],[106.0585,9.91185],[106.05732,9.91153],[106.05732,9.91091],[106.05428,9.91112],[106.05231,9.91105],[106.05135,9.91121],[106.05133,9.91071],[106.05246,9.90996],[106.05252,9.90897],[106.05149,9.90702],[106.05119,9.90618],[106.05078,9.90592],[106.05194,9.90552],[106.0509,9.8995],[106.05032,9.89725],[106.04964,9.89699],[106.04946,9.8964],[106.04935,9.89529],[106.04913,9.89466],[106.04959,9.89431],[106.05063,9.89383],[106.05031,9.89287],[106.04973,9.89257],[106.04979,9.89017],[106.0495,9.88899],[106.04948,9.88837],[106.04902,9.88739],[106.04899,9.88658],[106.04864,9.88523],[106.04845,9.88505],[106.04709,9.88458],[106.04675,9.88435],[106.04626,9.88362],[106.04541,9.88312],[106.04486,9.88227],[106.04482,9.88138],[106.04563,9.88049],[106.04693,9.88049],[106.04663,9.87943],[106.04614,9.87869],[106.04569,9.87828],[106.0447,9.87806],[106.04426,9.8771],[106.0446,9.8764],[106.04673,9.87589],[106.04717,9.87487],[106.04783,9.8744],[106.04967,9.87381],[106.05075,9.8731],[106.05176,9.87262],[106.05192,9.87191],[106.05239,9.87135],[106.05233,9.8706],[106.052,9.87046],[106.05392,9.86722],[106.05425,9.86651],[106.05476,9.86488],[106.05625,9.86141],[106.05746,9.8618],[106.06054,9.86367],[106.06104,9.86428],[106.06234,9.86521],[106.06257,9.8648],[106.06244,9.86427],[106.06271,9.86152],[106.06271,9.86095],[106.06307,9.86059],[106.06391,9.86021],[106.06447,9.86015],[106.0649,9.85955],[106.06625,9.85983],[106.06681,9.85978],[106.06785,9.86058],[106.06839,9.86129],[106.06999,9.86255],[106.07083,9.86181],[106.07118,9.86224],[106.07166,9.86189],[106.07257,9.86184],[106.07693,9.86191],[106.07718,9.86255],[106.07797,9.86224],[106.07856,9.86174],[106.07796,9.86138],[106.07834,9.86097],[106.07825,9.8599],[106.0787,9.85941],[106.07773,9.85828],[106.078,9.85804],[106.07696,9.85695],[106.07578,9.85808],[106.07471,9.85724],[106.07444,9.8575],[106.07349,9.85674],[106.07404,9.85623],[106.07321,9.85543],[106.07282,9.85574],[106.07171,9.85471],[106.07162,9.85411],[106.07004,9.85372],[106.06934,9.85368],[106.06857,9.85433],[106.06733,9.85352],[106.0675,9.85327],[106.06608,9.85255],[106.06617,9.85191],[106.06541,9.85181],[106.06409,9.85144],[106.06209,9.85099],[106.06215,9.85038],[106.06187,9.84951],[106.06189,9.84895],[106.06267,9.84695],[106.06201,9.84666],[106.06128,9.84703],[106.05945,9.8471],[106.05895,9.84771],[106.05851,9.8476],[106.05844,9.84703],[106.05787,9.84692],[106.05782,9.84647],[106.05655,9.84591],[106.05602,9.84618],[106.05531,9.84549],[106.05432,9.84476],[106.05401,9.84475],[106.04921,9.84289],[106.04924,9.8421],[106.04895,9.84184],[106.0499,9.83814],[106.0504,9.83643],[106.05092,9.83578],[106.05152,9.83539],[106.05235,9.83419],[106.05345,9.83187],[106.05486,9.83243],[106.05716,9.82542],[106.05782,9.82524],[106.05799,9.82479],[106.05837,9.82236],[106.06083,9.8229],[106.06502,9.82476],[106.06605,9.82492],[106.06667,9.82517],[106.06721,9.82588],[106.06744,9.82663],[106.06778,9.82712],[106.06868,9.82749],[106.0695,9.82829],[106.0703,9.82821],[106.07073,9.82918],[106.07156,9.82894],[106.07263,9.83087],[106.07416,9.83255],[106.07263,9.83354],[106.07139,9.83448],[106.0715,9.83469],[106.07247,9.83516],[106.07299,9.83564],[106.0722,9.83854],[106.07333,9.83911],[106.07329,9.83934],[106.07546,9.83968],[106.07533,9.84019],[106.07845,9.83969],[106.07887,9.84024],[106.07909,9.8414],[106.07875,9.84141],[106.07943,9.84282],[106.07935,9.84301],[106.0802,9.844],[106.08071,9.84425],[106.08147,9.84397],[106.08176,9.84451],[106.08225,9.84421],[106.08267,9.84494],[106.08223,9.84523],[106.08331,9.84689],[106.08374,9.84656],[106.0844,9.84681],[106.08492,9.84731],[106.08354,9.84832],[106.08447,9.84924],[106.08512,9.84878],[106.08632,9.8502],[106.08566,9.85067],[106.08628,9.85145],[106.08733,9.85219],[106.08857,9.85331],[106.08826,9.8536],[106.09094,9.85545],[106.09599,9.85916],[106.09684,9.8597],[106.09973,9.8614],[106.09996,9.86095],[106.10114,9.86133],[106.1032,9.86422],[106.10446,9.86593],[106.1046,9.86546],[106.10535,9.86579],[106.10563,9.86556],[106.1067,9.86349],[106.10733,9.86261],[106.10821,9.86342],[106.1091,9.86399],[106.1109,9.86209],[106.11006,9.86141],[106.1138,9.85889],[106.11546,9.8577],[106.11752,9.85871],[106.11752,9.85828],[106.11841,9.85837],[106.12027,9.85664],[106.12049,9.85849],[106.11964,9.85887],[106.11881,9.85958],[106.1173,9.86138],[106.11704,9.86266],[106.1176,9.86294],[106.11887,9.86421],[106.11997,9.86505],[106.12285,9.86767],[106.12413,9.86848],[106.12429,9.86919],[106.12507,9.86964],[106.12579,9.87053],[106.12678,9.87119],[106.127,9.87152],[106.12818,9.87208],[106.12797,9.87245],[106.12981,9.87398],[106.13077,9.87487],[106.1309,9.87519],[106.13157,9.87548],[106.13257,9.87624],[106.1344,9.87786],[106.13514,9.87834],[106.1358,9.87842],[106.13574,9.87949],[106.13603,9.88083],[106.13538,9.88247],[106.13484,9.88509],[106.13481,9.88638],[106.13444,9.88751],[106.13387,9.88827],[106.13327,9.88998],[106.13277,9.89112],[106.13195,9.89327],[106.13128,9.89473],[106.13041,9.89693],[106.12873,9.90035],[106.12831,9.902]]]},"properties":{"a01_tinh":"diaphanhanhchinhcaptinh_sn.42","a02_xa":"diaphanhanhchinhcapxa_2025.2491","a03_ten":"Xã Cầu Kè","a04_tentinh":"Tỉnh Vĩnh Long","a05_truocsn":"Thị trấn Cầu Kè, Xã Hòa Ân, Xã Châu Điền","a06_trungtamhc":"đang cập nhật","a07_dt":"54.12","a08_ds":"35491","a09_dthoai":null,"a10_web":null,"ten":"Xã Cầu Kè","ma":"29308","tentinh":"Tỉnh Vĩnh Long","truocsapnhap":"Thị trấn Cầu Kè, Xã Hòa Ân, Xã Châu Điền","dientichkm2":null,"dansonguoi":null},"id":"diaphanhanhchinhcapxa_2025.2491"},
{"type":"Feature","geometry":{"type":"Polygon","coordinates":[[[106.47193,9.82392],[106.46997,9.82217],[106.46901,9.82117],[106.46805,9.82188],[106.46633,9.81966],[106.46456,9.82073],[106.46437,9.82052],[106.46394,9.81898],[106.46399,9.8185],[106.46297,9.81841],[106.46135,9.81767],[106.45983,9.81656],[106.45952,9.81835],[106.45778,9.81793],[106.45691,9.81788],[106.45673,9.81869],[106.45589,9.81888],[106.45555,9.8185],[106.45392,9.81857],[106.45377,9.81755],[106.45181,9.81755],[106.4483,9.81767],[106.44773,9.81796],[106.44771,9.81845],[106.44738,9.81883],[106.44497,9.8188],[106.44608,9.82006],[106.4493,9.82244],[106.44961,9.82288],[106.44815,9.82314],[106.44815,9.82339],[106.44517,9.82385],[106.44518,9.82498],[106.44538,9.82675],[106.44568,9.82792],[106.4451,9.82826],[106.44351,9.82849],[106.44191,9.82957],[106.43877,9.83113],[106.43811,9.83127],[106.43736,9.83035],[106.4355,9.82868],[106.43502,9.82808],[106.43471,9.82738],[106.43398,9.82659],[106.43352,9.82633],[106.43351,9.8242],[106.43327,9.82378],[106.4336,9.82298],[106.43353,9.82028],[106.43399,9.81993],[106.43396,9.81936],[106.43331,9.81527],[106.43291,9.81487],[106.43193,9.81129],[106.43109,9.80743],[106.43066,9.80574],[106.43011,9.80436],[106.42927,9.80285],[106.42794,9.80011],[106.42766,9.79845],[106.42874,9.7989],[106.42935,9.7989],[106.42984,9.79852],[106.4302,9.79763],[106.43114,9.79196],[106.43129,9.79131],[106.43105,9.7907],[106.43026,9.79061],[106.43031,9.79012],[106.42886,9.7904],[106.42858,9.7882],[106.42669,9.7879],[106.42684,9.78692],[106.42559,9.78662],[106.42579,9.78567],[106.42449,9.7853],[106.42462,9.784],[106.42112,9.78299],[106.42125,9.78214],[106.42089,9.78209],[106.42103,9.78137],[106.42137,9.78139],[106.42151,9.78042],[106.42056,9.78037],[106.41992,9.77929],[106.41928,9.77928],[106.41943,9.77812],[106.41851,9.77803],[106.41784,9.77427],[106.4167,9.77399],[106.41705,9.77165],[106.41588,9.77144],[106.41589,9.77052],[106.4152,9.77036],[106.41478,9.76901],[106.41475,9.76856],[106.41348,9.7687],[106.41368,9.76676],[106.41363,9.76437],[106.41386,9.76405],[106.4146,9.76404],[106.41458,9.76358],[106.4198,9.76353],[106.41996,9.76378],[106.42383,9.76394],[106.42467,9.76372],[106.42728,9.76374],[106.42771,9.76397],[106.42976,9.76417],[106.42988,9.76437],[106.43543,9.76493],[106.43571,9.76482],[106.43759,9.76505],[106.4391,9.76547],[106.43961,9.76551],[106.43966,9.76605],[106.44006,9.76625],[106.44074,9.76614],[106.44114,9.76651],[106.4414,9.76793],[106.44138,9.76875],[106.44273,9.76916],[106.44317,9.76983],[106.44331,9.77062],[106.44415,9.77161],[106.44459,9.77297],[106.44495,9.77343],[106.44766,9.77288],[106.45268,9.77244],[106.45746,9.77234],[106.46048,9.77241],[106.46175,9.77249],[106.46213,9.77101],[106.46258,9.77015],[106.46301,9.76964],[106.46404,9.76884],[106.4651,9.76856],[106.46606,9.76881],[106.47002,9.76955],[106.47139,9.76939],[106.47609,9.76899],[106.47646,9.76882],[106.47673,9.76969],[106.47672,9.7711],[106.4775,9.77224],[106.47858,9.77266],[106.47928,9.77373],[106.47955,9.77439],[106.47969,9.77692],[106.48023,9.77745],[106.48106,9.77968],[106.48137,9.77975],[106.48248,9.78081],[106.48416,9.78162],[106.48508,9.78234],[106.4866,9.78331],[106.48703,9.78327],[106.48763,9.78289],[106.48896,9.78317],[106.49009,9.78322],[106.49093,9.78343],[106.49025,9.78548],[106.48986,9.78623],[106.48999,9.78646],[106.48938,9.78797],[106.48899,9.78951],[106.48809,9.79144],[106.48962,9.79329],[106.48955,9.79348],[106.48782,9.79369],[106.48634,9.79427],[106.48518,9.7951],[106.4838,9.79494],[106.48191,9.79414],[106.48127,9.79437],[106.48058,9.79417],[106.48034,9.79485],[106.48058,9.79516],[106.4804,9.79619],[106.47999,9.79669],[106.47881,9.79853],[106.47832,9.79969],[106.47806,9.80122],[106.47727,9.80508],[106.47666,9.80861],[106.47583,9.81484],[106.47587,9.81652],[106.47635,9.81652],[106.47597,9.82117],[106.47517,9.82153],[106.47472,9.82195],[106.47346,9.82267],[106.47193,9.82392]]]},"properties":{"a01_tinh":"diaphanhanhchinhcaptinh_sn.42","a02_xa":"diaphanhanhchinhcapxa_2025.2506","a03_ten":"Xã Cầu Ngang","a04_tentinh":"Tỉnh Vĩnh Long","a05_truocsn":"Xã Mỹ Hòa (huyện Cầu Ngang), Xã Thuận Hòa, Thị trấn Cầu Ngang","a06_trungtamhc":"đang cập nhật","a07_dt":"35.32","a08_ds":"28986","a09_dthoai":null,"a10_web":null,"ten":"Xã Cầu Ngang","ma":"29416","tentinh":"Tỉnh Vĩnh Long","truocsapnhap":"Xã Mỹ Hòa (huyện Cầu Ngang), Xã Thuận Hòa, Thị trấn Cầu Ngang","dientichkm2":null,"dansonguoi":null},"id":"diaphanhanhchinhcapxa_2025.2506"},
{"type":"Feature","geometry":{"type":"Polygon","coordinates":[[[106.5546,10.20125],[106.55298,10.20162],[106.54886,10.2021],[106.54501,10.20281],[106.54245,10.20337],[106.54146,10.20368],[106.53774,10.20521],[106.53664,10.2057],[106.53359,10.20726],[106.53137,10.20847],[106.52874,10.21009],[106.52606,10.21188],[106.524,10.21343],[106.52075,10.21578],[106.51879,10.21705],[106.51669,10.21849],[106.51448,10.22008],[106.51121,10.22254],[106.50766,10.22495],[106.50178,10.22825],[106.49574,10.23206],[106.49365,10.23355],[106.49192,10.23486],[106.49084,10.23369],[106.49078,10.23306],[106.49118,10.23228],[106.49097,10.23078],[106.49117,10.23011],[106.49048,10.22972],[106.48953,10.2295],[106.48901,10.22892],[106.48782,10.2282],[106.48808,10.22723],[106.48796,10.22616],[106.48757,10.22539],[106.48682,10.22434],[106.48467,10.22412],[106.48504,10.22276],[106.48501,10.22228],[106.4846,10.22123],[106.4836,10.2217],[106.47938,10.22389],[106.47865,10.2219],[106.47703,10.21848],[106.47677,10.21839],[106.47383,10.21891],[106.47254,10.21725],[106.47168,10.21704],[106.47113,10.21663],[106.47092,10.21593],[106.47086,10.21462],[106.47072,10.214],[106.47028,10.21301],[106.4592,10.21796],[106.45811,10.21529],[106.45627,10.21119],[106.46176,10.20865],[106.46179,10.20428],[106.46191,10.20221],[106.46139,10.20118],[106.46165,10.20016],[106.46218,10.19979],[106.46286,10.19991],[106.46289,10.19902],[106.46328,10.19883],[106.46387,10.19784],[106.46466,10.19718],[106.46352,10.19599],[106.46326,10.19492],[106.46249,10.19413],[106.46163,10.19387],[106.46114,10.19323],[106.46152,10.19274],[106.4619,10.19175],[106.46259,10.19077],[106.46343,10.18887],[106.46401,10.18859],[106.46478,10.18892],[106.46659,10.1878],[106.47029,10.1852],[106.46965,10.18438],[106.47213,10.18275],[106.47273,10.1819],[106.47399,10.18054],[106.47456,10.18021],[106.47524,10.18124],[106.47807,10.17972],[106.47852,10.17963],[106.47873,10.18125],[106.47908,10.18231],[106.47891,10.18298],[106.47956,10.18342],[106.48002,10.18445],[106.48015,10.18661],[106.48076,10.18744],[106.48141,10.1875],[106.48191,10.18732],[106.48211,10.18789],[106.48332,10.18859],[106.4837,10.18928],[106.48325,10.19065],[106.48387,10.19074],[106.48443,10.19145],[106.4842,10.193],[106.48522,10.19374],[106.48487,10.19407],[106.48576,10.1951],[106.4863,10.19544],[106.4886,10.19796],[106.48916,10.1985],[106.48982,10.19942],[106.4904,10.19977],[106.49098,10.19971],[106.49178,10.19866],[106.49232,10.19896],[106.49276,10.19842],[106.49344,10.19846],[106.49478,10.19781],[106.49567,10.1975],[106.49635,10.19653],[106.49783,10.19483],[106.49851,10.19419],[106.49926,10.19382],[106.5001,10.194],[106.50021,10.19322],[106.5006,10.19253],[106.50169,10.19148],[106.50145,10.19072],[106.50254,10.18944],[106.50286,10.1882],[106.50312,10.18789],[106.50313,10.1871],[106.50363,10.18643],[106.50565,10.18822],[106.50572,10.1877],[106.50664,10.18844],[106.50681,10.18822],[106.50982,10.19075],[106.51074,10.18813],[106.51115,10.18908],[106.5115,10.18911],[106.51247,10.19156],[106.51469,10.18926],[106.5152,10.19078],[106.51675,10.1881],[106.51709,10.18736],[106.51782,10.1863],[106.51822,10.18624],[106.51872,10.18671],[106.52011,10.18869],[106.52079,10.18785],[106.52393,10.18301],[106.52525,10.1809],[106.52606,10.17973],[106.52762,10.17704],[106.53089,10.17857],[106.53196,10.17562],[106.5334,10.17219],[106.53471,10.1692],[106.53507,10.16826],[106.53601,10.16649],[106.53674,10.16489],[106.53767,10.16356],[106.53822,10.16381],[106.53918,10.16198],[106.53836,10.1616],[106.54069,10.15683],[106.54604,10.1582],[106.54615,10.15752],[106.54683,10.15679],[106.54722,10.15597],[106.54846,10.15502],[106.54927,10.15403],[106.55025,10.15331],[106.55085,10.15262],[106.55135,10.15237],[106.5517,10.1519],[106.55205,10.15148],[106.55334,10.15076],[106.55561,10.14914],[106.55707,10.15079],[106.56128,10.15529],[106.56264,10.15679],[106.56392,10.15801],[106.56531,10.15869],[106.56908,10.15972],[106.57072,10.15994],[106.57239,10.15996],[106.57584,10.16015],[106.58245,10.16058],[106.58285,10.16081],[106.58343,10.16064],[106.58431,10.16078],[106.58572,10.16073],[106.58604,10.16113],[106.58593,10.16192],[106.58631,10.16257],[106.58678,10.16385],[106.58623,10.16415],[106.5848,10.16535],[106.58243,10.16786],[106.5816,10.16894],[106.57872,10.17299],[106.57799,10.17423],[106.57725,10.17655],[106.57682,10.17839],[106.57664,10.17963],[106.57668,10.18133],[106.57654,10.18191],[106.57694,10.18503],[106.57765,10.18592],[106.57811,10.18626],[106.57764,10.18679],[106.57511,10.18889],[106.57274,10.19095],[106.56956,10.19379],[106.56826,10.19483],[106.56518,10.19688],[106.56333,10.19793],[106.56231,10.19858],[106.55791,10.20039],[106.55707,10.2005],[106.5546,10.20125]]]},"properties":{"a01_tinh":"diaphanhanhchinhcaptinh_sn.42","a02_xa":"diaphanhanhchinhcapxa_2025.2458","a03_ten":"Xã Châu Hòa","a04_tentinh":"Tỉnh Vĩnh Long","a05_truocsn":"Xã Châu Bình, Xã Lương Quới, Xã Châu Hòa","a06_trungtamhc":"đang cập nhật","a07_dt":"52.05","a08_ds":"28425","a09_dthoai":null,"a10_web":null,"ten":"Xã Châu Hòa","ma":"28996","tentinh":"Tỉnh Vĩnh Long","truocsapnhap":"Xã Châu Bình, Xã Lương Quới, Xã Châu Hòa","dientichkm2":null,"dansonguoi":null},"id":"diaphanhanhchinhcapxa_2025.2458"},
{"type":"Feature","geometry":{"type":"Polygon","coordinates":[[[106.50357,10.25713],[106.50316,10.257],[106.50224,10.25748],[106.50157,10.25731],[106.50113,10.25773],[106.49929,10.25754],[106.49856,10.25704],[106.49842,10.25651],[106.49705,10.25537],[106.49615,10.25497],[106.49586,10.25464],[106.49596,10.25298],[106.49579,10.25289],[106.49268,10.25465],[106.49128,10.25222],[106.48906,10.2533],[106.48569,10.25501],[106.48445,10.25572],[106.48087,10.25763],[106.47745,10.25963],[106.47708,10.25883],[106.47556,10.2599],[106.47505,10.26015],[106.47606,10.26339],[106.47663,10.26504],[106.47339,10.26756],[106.4705,10.26951],[106.46763,10.27113],[106.46145,10.27427],[106.45833,10.27577],[106.4559,10.27703],[106.44985,10.27993],[106.44468,10.28244],[106.44344,10.27841],[106.44306,10.27739],[106.44245,10.27505],[106.44152,10.27234],[106.44092,10.26912],[106.44046,10.26708],[106.43991,10.26554],[106.44121,10.26487],[106.44297,10.2636],[106.44411,10.26218],[106.44505,10.2607],[106.4461,10.2592],[106.44858,10.25625],[106.45023,10.25475],[106.45125,10.2541],[106.45689,10.25141],[106.46355,10.24899],[106.46685,10.24806],[106.47277,10.24672],[106.475,10.24609],[106.47653,10.24553],[106.47794,10.24492],[106.48056,10.24351],[106.4846,10.24092],[106.48643,10.23958],[106.48765,10.23856],[106.48994,10.23643],[106.49192,10.23486],[106.49365,10.23355],[106.49574,10.23206],[106.50178,10.22825],[106.50766,10.22495],[106.51121,10.22254],[106.51448,10.22008],[106.51669,10.21849],[106.51879,10.21705],[106.52075,10.21578],[106.524,10.21343],[106.52606,10.21188],[106.52874,10.21009],[106.53137,10.20847],[106.53359,10.20726],[106.53664,10.2057],[106.53774,10.20521],[106.54146,10.20368],[106.54245,10.20337],[106.54501,10.20281],[106.54886,10.2021],[106.55298,10.20162],[106.5546,10.20125],[106.55548,10.20341],[106.55665,10.20506],[106.55679,10.20579],[106.55757,10.20752],[106.55816,10.20824],[106.55872,10.20976],[106.55879,10.21038],[106.55944,10.212],[106.56033,10.21325],[106.56138,10.21406],[106.56101,10.21459],[106.559,10.21616],[106.55885,10.21702],[106.56044,10.21908],[106.5617,10.22195],[106.56195,10.22327],[106.56238,10.22472],[106.56271,10.22643],[106.56261,10.22804],[106.56268,10.22919],[106.56071,10.22918],[106.55842,10.22926],[106.54981,10.22975],[106.54942,10.23039],[106.54848,10.23125],[106.54661,10.23248],[106.54577,10.23261],[106.54515,10.23313],[106.54438,10.23312],[106.5443,10.23401],[106.54366,10.23499],[106.54345,10.23488],[106.54295,10.23566],[106.54255,10.23543],[106.54215,10.23574],[106.5412,10.23466],[106.5411,10.2351],[106.53968,10.2354],[106.53957,10.23566],[106.54031,10.2369],[106.53846,10.2374],[106.5387,10.23781],[106.53813,10.23814],[106.5379,10.23773],[106.53704,10.2381],[106.53778,10.23961],[106.53522,10.24066],[106.5351,10.24045],[106.53212,10.24121],[106.53139,10.24134],[106.53127,10.24219],[106.52943,10.24155],[106.52863,10.24234],[106.52833,10.24213],[106.52799,10.2428],[106.52745,10.24305],[106.52645,10.24274],[106.52371,10.24141],[106.51989,10.23966],[106.51983,10.23594],[106.51948,10.2361],[106.51548,10.23849],[106.51185,10.2408],[106.51303,10.24277],[106.50956,10.24458],[106.50998,10.24519],[106.51138,10.24466],[106.51193,10.24792],[106.51097,10.24792],[106.51121,10.24914],[106.51054,10.24927],[106.51088,10.25282],[106.51052,10.25312],[106.50862,10.2528],[106.5077,10.25332],[106.50783,10.25378],[106.5074,10.25433],[106.50753,10.2553],[106.50793,10.25583],[106.50881,10.25612],[106.50835,10.25668],[106.50964,10.25956],[106.50709,10.25801],[106.50683,10.25826],[106.50543,10.2578],[106.50449,10.25804],[106.50357,10.25713]]]},"properties":{"a01_tinh":"diaphanhanhchinhcaptinh_sn.42","a02_xa":"diaphanhanhchinhcapxa_2025.2466","a03_ten":"Xã Châu Hưng","a04_tentinh":"Tỉnh Vĩnh Long","a05_truocsn":"Xã Long Hòa (huyện Bình Đại), Xã Thới Lai, Xã Châu Hưng","a06_trungtamhc":"UBND xã Thới Lai","a07_dt":"35.22","a08_ds":"23229","a09_dthoai":null,"a10_web":null,"ten":"Xã Châu Hưng","ma":"29083","tentinh":"Tỉnh Vĩnh Long","truocsapnhap":"Xã Long Hòa (huyện Bình Đại), Xã Thới Lai, Xã Châu Hưng","dientichkm2":null,"dansonguoi":null},"id":"diaphanhanhchinhcapxa_2025.2466"},
{"type":"Feature","geometry":{"type":"Polygon","coordinates":[[[106.34307,9.79419],[106.34584,9.79445],[106.35632,9.79554],[106.3565,9.79597],[106.36078,9.8028],[106.36656,9.80917],[106.36952,9.81207],[106.37678,9.81459],[106.37782,9.81493],[106.3773,9.81763],[106.37846,9.81754],[106.37875,9.82065],[106.37923,9.82469],[106.37928,9.82484],[106.3795,9.83034],[106.37965,9.83295],[106.37981,9.83663],[106.3801,9.84122],[106.38037,9.84699],[106.38039,9.84896],[106.37976,9.85293],[106.37903,9.85862],[106.379,9.8613],[106.37904,9.86373],[106.37901,9.86657],[106.37913,9.86826],[106.38098,9.86868],[106.38208,9.87179],[106.38114,9.87398],[106.38073,9.87523],[106.37961,9.87785],[106.37916,9.8803],[106.37845,9.88089],[106.37732,9.8824],[106.37704,9.8835],[106.3784,9.8843],[106.37778,9.88769],[106.37694,9.88805],[106.37661,9.88901],[106.37678,9.8899],[106.37722,9.8909],[106.37678,9.89375],[106.37664,9.89425],[106.37246,9.89241],[106.36951,9.89122],[106.36658,9.89072],[106.36688,9.8888],[106.36283,9.88865],[106.36293,9.88824],[106.36063,9.88798],[106.35863,9.88769],[106.35775,9.88931],[106.35754,9.88944],[106.35476,9.88865],[106.34852,9.88664],[106.34806,9.89063],[106.34668,9.88997],[106.34528,9.88979],[106.34217,9.88959],[106.33499,9.88896],[106.33024,9.88855],[106.32753,9.88825],[106.32777,9.88566],[106.32878,9.88452],[106.32892,9.88346],[106.32982,9.88356],[106.32987,9.88311],[106.32318,9.88196],[106.32478,9.87917],[106.32528,9.87841],[106.321,9.87711],[106.32137,9.87574],[106.32253,9.87101],[106.31733,9.8701],[106.31606,9.87001],[106.31435,9.87048],[106.31356,9.8706],[106.31217,9.87047],[106.31115,9.87009],[106.31107,9.86971],[106.31015,9.86942],[106.31045,9.86794],[106.30885,9.86043],[106.30805,9.85704],[106.30727,9.85414],[106.30666,9.85053],[106.3065,9.84985],[106.30538,9.84991],[106.30362,9.84918],[106.29927,9.84697],[106.29371,9.8445],[106.29005,9.84282],[106.28647,9.8415],[106.28294,9.8393],[106.28001,9.83767],[106.27892,9.83706],[106.28065,9.83099],[106.28538,9.82],[106.28289,9.81532],[106.2828,9.81509],[106.28226,9.81368],[106.28233,9.81171],[106.28286,9.81174],[106.28333,9.80998],[106.28377,9.80984],[106.28425,9.80915],[106.28437,9.80749],[106.28566,9.80781],[106.28586,9.80682],[106.2868,9.80709],[106.28705,9.80581],[106.28849,9.8062],[106.28918,9.80627],[106.29033,9.80584],[106.29292,9.80519],[106.29444,9.80509],[106.29471,9.80466],[106.29826,9.8037],[106.30188,9.8025],[106.3027,9.80219],[106.30322,9.79998],[106.30354,9.79897],[106.3046,9.79675],[106.30535,9.79605],[106.30648,9.79541],[106.30711,9.79519],[106.31049,9.79495],[106.3097,9.79873],[106.31516,9.79733],[106.31523,9.79631],[106.31651,9.79602],[106.31786,9.79522],[106.32027,9.79335],[106.32178,9.79289],[106.32228,9.79292],[106.3225,9.7936],[106.32608,9.79345],[106.32913,9.79353],[106.33617,9.79362],[106.33739,9.79457],[106.33888,9.79543],[106.34008,9.79582],[106.34046,9.79573],[106.34087,9.79523],[106.34173,9.79478],[106.34287,9.79467],[106.34307,9.79419]]]},"properties":{"a01_tinh":"diaphanhanhchinhcaptinh_sn.42","a02_xa":"diaphanhanhchinhcapxa_2025.2499","a03_ten":"Xã Châu Thành","a04_tentinh":"Tỉnh Vĩnh Long","a05_truocsn":"Thị trấn Châu Thành (huyện Châu Thành, tỉnh Trà Vinh), Xã Mỹ Chánh (huyện Châu Thành), Xã Thanh Mỹ, Xã Đa Lộc","a06_trungtamhc":"đang cập nhật","a07_dt":"87.41","a08_ds":"5056","a09_dthoai":null,"a10_web":null,"ten":"Xã Châu Thành","ma":"29374","tentinh":"Tỉnh Vĩnh Long","truocsapnhap":"Thị trấn Châu Thành (huyện Châu Thành, tỉnh Trà Vinh), Xã Mỹ Chánh (huyện Châu Thành), Xã Thanh Mỹ, Xã Đa Lộc","dientichkm2":null,"dansonguoi":null},"id":"diaphanhanhchinhcapxa_2025.2499"},
{"type":"Feature","geometry":{"type":"Polygon","coordinates":[[[106.21088,10.24013],[106.20527,10.24174],[106.2024,10.24286],[106.2011,10.24363],[106.19784,10.24593],[106.19307,10.24899],[106.19104,10.25065],[106.18715,10.25265],[106.18466,10.25352],[106.1816,10.25432],[106.17628,10.25589],[106.17535,10.25642],[106.17335,10.25731],[106.17092,10.25861],[106.16794,10.2604],[106.16099,10.2655],[106.15889,10.26718],[106.15582,10.26983],[106.15376,10.2717],[106.15268,10.27276],[106.15078,10.2745],[106.14887,10.27591],[106.14545,10.27852],[106.14132,10.28318],[106.13996,10.28252],[106.1364,10.28291],[106.13118,10.28337],[106.12871,10.28399],[106.12635,10.27879],[106.12484,10.27613],[106.12344,10.27333],[106.1219,10.27045],[106.12079,10.26824],[106.11931,10.26555],[106.1183,10.26381],[106.11799,10.26286],[106.11837,10.25864],[106.11943,10.25569],[106.1209,10.25285],[106.12164,10.25119],[106.12249,10.24898],[106.12271,10.24858],[106.12373,10.24613],[106.1241,10.24554],[106.12473,10.24494],[106.12678,10.24383],[106.13095,10.24091],[106.13249,10.23977],[106.13388,10.23866],[106.13228,10.23677],[106.13241,10.23661],[106.12826,10.2281],[106.13044,10.22681],[106.13141,10.226],[106.13276,10.22459],[106.13881,10.21773],[106.1411,10.21499],[106.14889,10.21346],[106.15726,10.21271],[106.16338,10.21663],[106.16266,10.21853],[106.16212,10.22052],[106.16226,10.22132],[106.16355,10.22135],[106.1639,10.22159],[106.16477,10.22169],[106.16513,10.2225],[106.16513,10.22328],[106.16545,10.22363],[106.16658,10.22404],[106.16718,10.2245],[106.1675,10.225],[106.16864,10.22549],[106.17095,10.22597],[106.1719,10.22633],[106.17216,10.22623],[106.1738,10.2263],[106.17438,10.22612],[106.17632,10.22528],[106.17792,10.22468],[106.17928,10.22405],[106.17917,10.22344],[106.17876,10.22311],[106.17781,10.22305],[106.17762,10.22225],[106.17782,10.22124],[106.17782,10.22051],[106.17725,10.21848],[106.17709,10.21751],[106.17683,10.21698],[106.17601,10.21615],[106.17718,10.21481],[106.17823,10.21418],[106.18107,10.21314],[106.18141,10.21215],[106.18167,10.21182],[106.18222,10.2118],[106.18308,10.2123],[106.18536,10.21279],[106.18621,10.21334],[106.18943,10.21206],[106.19039,10.21222],[106.19099,10.21274],[106.1911,10.21315],[106.19174,10.21353],[106.19186,10.21401],[106.19236,10.21441],[106.19384,10.21384],[106.19415,10.21354],[106.1956,10.215],[106.1966,10.21439],[106.19641,10.21322],[106.19811,10.21267],[106.19983,10.21173],[106.20205,10.21069],[106.20378,10.20982],[106.2059,10.20989],[106.20659,10.20929],[106.20698,10.20797],[106.20767,10.20462],[106.20867,10.20227],[106.20942,10.20169],[106.21051,10.20155],[106.21048,10.2033],[106.20926,10.20774],[106.2089,10.2094],[106.20929,10.21021],[106.21035,10.21134],[106.21025,10.21303],[106.21132,10.21357],[106.21193,10.2143],[106.21065,10.21545],[106.20943,10.21684],[106.21197,10.22322],[106.21369,10.22463],[106.21575,10.22576],[106.21545,10.22606],[106.21382,10.22618],[106.21268,10.22615],[106.2127,10.22578],[106.21196,10.2257],[106.21189,10.2265],[106.21224,10.22747],[106.21189,10.22807],[106.2119,10.2305],[106.21151,10.23099],[106.2102,10.23219],[106.20806,10.23374],[106.20915,10.23476],[106.20982,10.23507],[106.21006,10.23545],[106.20986,10.23647],[106.20992,10.23749],[106.21088,10.24013]]]},"properties":{"a01_tinh":"diaphanhanhchinhcaptinh_sn.42","a02_xa":"diaphanhanhchinhcapxa_2025.2444","a03_ten":"Xã Chợ Lách","a04_tentinh":"Tỉnh Vĩnh Long","a05_truocsn":"Xã Long Thới (huyện Chợ Lách), Xã Hòa Nghĩa, Thị trấn Chợ Lách","a06_trungtamhc":"UBND huyện Chợ Lách","a07_dt":"49.72","a08_ds":"44316","a09_dthoai":null,"a10_web":null,"ten":"Xã Chợ Lách","ma":"28870","tentinh":"Tỉnh Vĩnh Long","truocsapnhap":"Xã Long Thới (huyện Chợ Lách), Xã Hòa Nghĩa, Thị trấn Chợ Lách","dientichkm2":null,"dansonguoi":null},"id":"diaphanhanhchinhcapxa_2025.2444"},
{"type":"Feature","geometry":{"type":"Polygon","coordinates":[[[106.32127,9.64909],[106.31998,9.64831],[106.31977,9.64873],[106.3175,9.64738],[106.31722,9.64821],[106.31319,9.64793],[106.30992,9.64818],[106.30958,9.64932],[106.30767,9.6488],[106.30692,9.64884],[106.30644,9.65195],[106.3057,9.65216],[106.30483,9.65219],[106.30458,9.65281],[106.30357,9.65227],[106.30154,9.65084],[106.30088,9.65075],[106.29983,9.65016],[106.29828,9.64996],[106.29759,9.64945],[106.29575,9.64958],[106.29441,9.64956],[106.29321,9.65001],[106.29091,9.64966],[106.29049,9.64942],[106.29034,9.64836],[106.28972,9.6483],[106.28922,9.64786],[106.28857,9.64868],[106.28773,9.64895],[106.28719,9.6487],[106.28681,9.64888],[106.28653,9.64966],[106.28589,9.65026],[106.28426,9.64987],[106.28375,9.64955],[106.28334,9.64893],[106.28284,9.64885],[106.28227,9.64915],[106.28204,9.6489],[106.28193,9.64784],[106.28125,9.64773],[106.28098,9.64736],[106.2809,9.64641],[106.28006,9.64636],[106.27924,9.64601],[106.27766,9.6458],[106.27764,9.64668],[106.27852,9.64793],[106.2782,9.64868],[106.27705,9.64914],[106.27615,9.65001],[106.27478,9.6508],[106.27315,9.6515],[106.27276,9.65157],[106.27252,9.65106],[106.27247,9.64957],[106.27204,9.64881],[106.2712,9.64831],[106.27041,9.64819],[106.26976,9.64712],[106.26976,9.646],[106.26925,9.64561],[106.26882,9.64579],[106.26844,9.6463],[106.26773,9.64812],[106.26697,9.64896],[106.26631,9.64917],[106.26556,9.64871],[106.26554,9.64807],[106.26581,9.64773],[106.26732,9.64654],[106.26749,9.64599],[106.26726,9.64561],[106.26636,9.6454],[106.26498,9.64535],[106.26352,9.64486],[106.26185,9.64421],[106.26062,9.64394],[106.25943,9.64407],[106.25847,9.64458],[106.25747,9.64405],[106.25647,9.64287],[106.25549,9.64108],[106.25493,9.64031],[106.25272,9.63851],[106.25178,9.63729],[106.25106,9.63596],[106.25042,9.63513],[106.24926,9.63454],[106.24843,9.63384],[106.24806,9.63315],[106.24796,9.63258],[106.24005,9.62407],[106.24184,9.62189],[106.24396,9.61956],[106.24567,9.61802],[106.24804,9.61615],[106.24975,9.61508],[106.25178,9.61398],[106.2607,9.60999],[106.26736,9.60661],[106.2733,9.60369],[106.27504,9.60512],[106.27738,9.60681],[106.2796,9.60809],[106.28235,9.6095],[106.28374,9.61005],[106.28549,9.61051],[106.28762,9.61092],[106.28996,9.61126],[106.29551,9.61229],[106.30269,9.61342],[106.30599,9.61401],[106.30773,9.61453],[106.31052,9.61518],[106.31495,9.6161],[106.32411,9.6178],[106.32381,9.6191],[106.32299,9.62162],[106.3231,9.62242],[106.3228,9.623],[106.32245,9.62425],[106.31895,9.63463],[106.31778,9.63791],[106.31795,9.63797],[106.31724,9.63969],[106.31749,9.63986],[106.31689,9.64164],[106.31666,9.64327],[106.32178,9.64528],[106.32061,9.64728],[106.3218,9.64779],[106.32127,9.64909]]]},"properties":{"a01_tinh":"diaphanhanhchinhcaptinh_sn.42","a02_xa":"diaphanhanhchinhcapxa_2025.2514","a03_ten":"Xã Đại An","a04_tentinh":"Tỉnh Vĩnh Long","a05_truocsn":"Thị trấn Định An, Xã Định An, Xã Đại An","a06_trungtamhc":"đang cập nhật","a07_dt":"32.32","a08_ds":"22672","a09_dthoai":null,"a10_web":null,"ten":"Xã Đại An","ma":"29491","tentinh":"Tỉnh Vĩnh Long","truocsapnhap":"Thị trấn Định An, Xã Định An, Xã Đại An","dientichkm2":null,"dansonguoi":null},"id":"diaphanhanhchinhcapxa_2025.2514"},
{"type":"Feature","geometry":{"type":"Polygon","coordinates":[[[106.44055,9.94241],[106.44446,9.94621],[106.44459,9.94742],[106.44498,9.94859],[106.44376,9.95098],[106.44293,9.95169],[106.44296,9.95251],[106.44442,9.95299],[106.44486,9.95324],[106.44505,9.95469],[106.44545,9.95515],[106.44756,9.95635],[106.44802,9.95702],[106.44819,9.95784],[106.4486,9.95808],[106.44977,9.95825],[106.45082,9.95808],[106.45259,9.95886],[106.45452,9.96004],[106.45583,9.95974],[106.45649,9.96107],[106.45756,9.96395],[106.45994,9.96622],[106.4612,9.96839],[106.45911,9.96921],[106.45416,9.97107],[106.45406,9.97075],[106.45166,9.97164],[106.4511,9.97225],[106.44971,9.97278],[106.44999,9.97336],[106.4517,9.97767],[106.45295,9.98102],[106.45606,9.98962],[106.45821,9.99545],[106.45861,9.99607],[106.46226,9.99355],[106.46397,9.99247],[106.46444,9.99827],[106.46487,10.0028],[106.46502,10.00586],[106.46563,10.00876],[106.46548,10.01137],[106.46555,10.0125],[106.46545,10.01335],[106.46552,10.01467],[106.46536,10.01954],[106.46538,10.02032],[106.46456,10.0205],[106.46316,10.02049],[106.45972,10.02077],[106.45968,10.02612],[106.45977,10.02661],[106.4602,10.02697],[106.46103,10.02705],[106.46182,10.02761],[106.46312,10.02759],[106.46365,10.02786],[106.46642,10.03056],[106.4698,10.03272],[106.47364,10.03552],[106.47195,10.03755],[106.46323,10.04713],[106.46089,10.04972],[106.45834,10.05236],[106.45526,10.05585],[106.4497,10.06148],[106.44831,10.063],[106.44147,10.06975],[106.43561,10.06738],[106.43431,10.06646],[106.43421,10.06607],[106.43523,10.06487],[106.43526,10.0638],[106.43612,10.0627],[106.43616,10.0623],[106.43519,10.0614],[106.43531,10.0609],[106.43583,10.06048],[106.43633,10.0605],[106.43739,10.05956],[106.43737,10.05926],[106.43678,10.05895],[106.43645,10.05819],[106.43577,10.05747],[106.43605,10.057],[106.43684,10.05662],[106.43609,10.05565],[106.43583,10.05554],[106.43478,10.05585],[106.43469,10.05653],[106.43391,10.05672],[106.43385,10.05622],[106.43283,10.0563],[106.43237,10.05665],[106.43209,10.05729],[106.43056,10.06035],[106.42843,10.05892],[106.42797,10.05853],[106.42693,10.05967],[106.42529,10.05863],[106.42458,10.05803],[106.42326,10.05649],[106.41764,10.04961],[106.4176,10.04899],[106.41809,10.04885],[106.41754,10.04668],[106.41828,10.04659],[106.41992,10.04618],[106.42133,10.04597],[106.4211,10.04142],[106.42104,10.03957],[106.42113,10.03481],[106.42135,10.02731],[106.42026,10.02734],[106.42069,10.02602],[106.41966,10.02553],[106.41932,10.02488],[106.41843,10.02364],[106.41799,10.02338],[106.41679,10.02178],[106.41621,10.02117],[106.4162,10.02024],[106.41504,10.01987],[106.41458,10.01931],[106.41433,10.01799],[106.41568,10.01271],[106.41315,10.01346],[106.41115,10.01412],[106.41079,10.0131],[106.41489,10.0116],[106.41477,10.00994],[106.41439,10.00601],[106.4139,10.00147],[106.41374,9.99962],[106.41327,9.99831],[106.41357,9.99807],[106.41843,9.99797],[106.41999,9.99798],[106.42194,9.99718],[106.4218,9.99616],[106.42151,9.99504],[106.42186,9.99346],[106.42182,9.99293],[106.42,9.99195],[106.41885,9.99116],[106.42494,9.98878],[106.42521,9.98834],[106.42506,9.98774],[106.4242,9.98684],[106.42291,9.98644],[106.42164,9.98574],[106.42074,9.98487],[106.4202,9.98365],[106.41975,9.98349],[106.41892,9.98356],[106.41725,9.98337],[106.41671,9.98301],[106.41629,9.98227],[106.41563,9.98184],[106.41599,9.9808],[106.41599,9.98038],[106.41561,9.97968],[106.41467,9.97853],[106.414,9.97711],[106.41228,9.97646],[106.4113,9.97599],[106.41081,9.97556],[106.41064,9.97493],[106.41064,9.97332],[106.41024,9.97165],[106.40996,9.97114],[106.40851,9.9703],[106.40647,9.96953],[106.4037,9.96875],[106.40071,9.96805],[106.39923,9.96757],[106.40002,9.96711],[106.41059,9.959],[106.41893,9.95335],[106.42962,9.94714],[106.43928,9.94293],[106.44055,9.94241]]]},"properties":{"a01_tinh":"diaphanhanhchinhcaptinh_sn.42","a02_xa":"diaphanhanhchinhcapxa_2025.2479","a03_ten":"Xã Đại Điền","a04_tentinh":"Tỉnh Vĩnh Long","a05_truocsn":"Xã Phú Khánh, Xã Tân Phong, Xã Thới Thạnh, Xã Đại Điền","a06_trungtamhc":"UBND xã Tân Phong","a07_dt":"59.26","a08_ds":"37267","a09_dthoai":null,"a10_web":null,"ten":"Xã Đại Điền","ma":"29194","tentinh":"Tỉnh Vĩnh Long","truocsapnhap":"Xã Phú Khánh, Xã Tân Phong, Xã Thới Thạnh, Xã Đại Điền","dientichkm2":null,"dansonguoi":null},"id":"diaphanhanhchinhcapxa_2025.2479"},
{"type":"Feature","geometry":{"type":"Polygon","coordinates":[[[106.40642,9.63113],[106.40647,9.63236],[106.407,9.63451],[106.40721,9.63566],[106.40818,9.6402],[106.4077,9.64109],[106.4077,9.64233],[106.40712,9.64345],[106.40697,9.64583],[106.40703,9.6462],[106.40772,9.64652],[106.40789,9.64708],[106.40783,9.64776],[106.40726,9.65167],[106.40766,9.65257],[106.40755,9.65347],[106.40779,9.65384],[106.40762,9.65505],[106.40796,9.65576],[106.40729,9.65632],[106.40644,9.6566],[106.40554,9.65647],[106.40501,9.65995],[106.40471,9.66164],[106.40466,9.66276],[106.40399,9.66677],[106.3999,9.66505],[106.39886,9.66486],[106.39812,9.66809],[106.39754,9.6703],[106.39563,9.67532],[106.39653,9.67585],[106.39607,9.67707],[106.40061,9.67886],[106.40048,9.67932],[106.40209,9.68018],[106.40144,9.68178],[106.40239,9.6822],[106.40251,9.68249],[106.40214,9.68381],[106.40168,9.68593],[106.39943,9.68973],[106.39975,9.69085],[106.39877,9.69198],[106.39782,9.69396],[106.39601,9.69653],[106.3956,9.69688],[106.39459,9.69902],[106.39127,9.69765],[106.38844,9.69653],[106.38331,9.69436],[106.37678,9.69173],[106.36828,9.68804],[106.36181,9.68527],[106.358,9.68371],[106.35434,9.6824],[106.34107,9.67782],[106.33506,9.67577],[106.33121,9.67445],[106.32561,9.6725],[106.32604,9.66946],[106.32637,9.66819],[106.32713,9.66596],[106.32748,9.66359],[106.32774,9.66049],[106.32773,9.65902],[106.32821,9.65795],[106.32938,9.65439],[106.32602,9.65198],[106.32323,9.65013],[106.32127,9.64909],[106.3218,9.64779],[106.32061,9.64728],[106.32178,9.64528],[106.31666,9.64327],[106.31689,9.64164],[106.31749,9.63986],[106.31724,9.63969],[106.31795,9.63797],[106.31778,9.63791],[106.31895,9.63463],[106.32245,9.62425],[106.3228,9.623],[106.3231,9.62242],[106.32299,9.62162],[106.32381,9.6191],[106.32411,9.6178],[106.33144,9.61912],[106.33505,9.61974],[106.34055,9.62062],[106.34382,9.62129],[106.3483,9.62211],[106.35287,9.62313],[106.35741,9.62398],[106.36185,9.62497],[106.3682,9.62608],[106.37293,9.62697],[106.37393,9.6272],[106.38098,9.62851],[106.38185,9.6286],[106.38408,9.62903],[106.3944,9.63094],[106.39836,9.6319],[106.39891,9.63195],[106.4046,9.6314],[106.40634,9.63114],[106.40642,9.63113]]]},"properties":{"a01_tinh":"diaphanhanhchinhcaptinh_sn.42","a02_xa":"diaphanhanhchinhcapxa_2025.2515","a03_ten":"Xã Đôn Châu","a04_tentinh":"Tỉnh Vĩnh Long","a05_truocsn":"Xã Đôn Xuân, Xã Đôn Châu","a06_trungtamhc":"UBND xã Đôn Xuân","a07_dt":"58.93","a08_ds":"3205","a09_dthoai":null,"a10_web":null,"ten":"Xã Đôn Châu","ma":"29497","tentinh":"Tỉnh Vĩnh Long","truocsapnhap":"Xã Đôn Xuân, Xã Đôn Châu","dientichkm2":null,"dansonguoi":null},"id":"diaphanhanhchinhcapxa_2025.2515"},
{"type":"Feature","geometry":{"type":"Polygon","coordinates":[[[106.51896,9.57131],[106.48448,9.60143],[106.48378,9.60122],[106.47957,9.59916],[106.47725,9.59799],[106.47359,9.59627],[106.47277,9.59597],[106.47202,9.59644],[106.47086,9.59645],[106.46964,9.59633],[106.46824,9.59635],[106.46759,9.59576],[106.46696,9.59454],[106.46624,9.59395],[106.46451,9.59373],[106.46621,9.58738],[106.46805,9.58072],[106.46839,9.57957],[106.46937,9.5782],[106.47047,9.57642],[106.47096,9.57579],[106.47149,9.57548],[106.46968,9.57451],[106.46357,9.5711],[106.45842,9.56842],[106.45799,9.56946],[106.45735,9.57047],[106.45753,9.57178],[106.45664,9.57184],[106.45563,9.57171],[106.45468,9.57278],[106.45414,9.57285],[106.45355,9.57266],[106.45226,9.57169],[106.45093,9.57139],[106.45052,9.57038],[106.44969,9.57085],[106.44867,9.57081],[106.44799,9.57096],[106.44759,9.57046],[106.44604,9.57024],[106.4454,9.56918],[106.44443,9.56816],[106.44397,9.56751],[106.44356,9.56737],[106.44247,9.56769],[106.44194,9.56767],[106.44048,9.56717],[106.43962,9.56678],[106.43732,9.56601],[106.43548,9.56558],[106.43359,9.56469],[106.43343,9.56684],[106.43381,9.56942],[106.4339,9.57155],[106.43413,9.57264],[106.43281,9.57359],[106.43234,9.57405],[106.43196,9.57494],[106.43115,9.5749],[106.43034,9.57438],[106.42957,9.57366],[106.42789,9.57452],[106.42741,9.57466],[106.42659,9.57547],[106.42662,9.57598],[106.42618,9.57646],[106.42533,9.57682],[106.42527,9.57761],[106.42468,9.57875],[106.4248,9.58083],[106.42509,9.58184],[106.42518,9.58276],[106.42501,9.58355],[106.42438,9.58353],[106.42483,9.58436],[106.42428,9.58528],[106.42351,9.58583],[106.42321,9.58558],[106.42241,9.58572],[106.42065,9.58538],[106.4203,9.58459],[106.41987,9.58443],[106.41946,9.58468],[106.41816,9.58454],[106.41683,9.58499],[106.41582,9.58516],[106.41511,9.58563],[106.41472,9.58567],[106.41264,9.58369],[106.41181,9.58313],[106.41109,9.58229],[106.41016,9.58197],[106.40991,9.58147],[106.40946,9.57985],[106.40924,9.57939],[106.40807,9.578],[106.40668,9.57645],[106.40507,9.57427],[106.40448,9.57321],[106.40425,9.57235],[106.40413,9.5713],[106.40414,9.57009],[106.40394,9.56914],[106.40359,9.56863],[106.40213,9.567],[106.40126,9.56696],[106.40039,9.56663],[106.39986,9.56671],[106.39859,9.56838],[106.39719,9.56886],[106.39655,9.56819],[106.39553,9.56814],[106.39475,9.56709],[106.39368,9.56694],[106.39297,9.56664],[106.39141,9.56647],[106.39074,9.56588],[106.3908,9.565],[106.39066,9.56458],[106.38968,9.56347],[106.38969,9.56276],[106.38942,9.56211],[106.38887,9.56155],[106.38898,9.56061],[106.38957,9.55969],[106.3908,9.55899],[106.39113,9.55846],[106.39206,9.55867],[106.39307,9.5585],[106.39344,9.55818],[106.39341,9.55776],[106.39406,9.55629],[106.39352,9.55486],[106.39334,9.55381],[106.39312,9.5537],[106.39296,9.55277],[106.39365,9.55163],[106.39266,9.55123],[106.39157,9.55131],[106.39079,9.55074],[106.39113,9.54919],[106.3908,9.54832],[106.39064,9.54647],[106.39079,9.54571],[106.39068,9.54481],[106.39104,9.5442],[106.39433,9.54155],[106.3953,9.54101],[106.39658,9.54046],[106.39756,9.53893],[106.39658,9.53781],[106.39513,9.53654],[106.39434,9.53563],[106.39258,9.53444],[106.39129,9.53388],[106.38949,9.53337],[106.3888,9.53338],[106.38792,9.53359],[106.38636,9.53423],[106.38584,9.53431],[106.38448,9.53314],[106.3828,9.53243],[106.38174,9.53219],[106.37886,9.532],[106.37509,9.53135],[106.3739,9.53138],[106.37249,9.5319],[106.37119,9.53305],[106.37017,9.53337],[106.36968,9.53338],[106.36976,9.53227],[106.36892,9.53256],[106.36798,9.53177],[106.36781,9.53258],[106.36741,9.53234],[106.36678,9.5302],[106.36696,9.529],[106.36752,9.5284],[106.3692,9.52777],[106.37041,9.5275],[106.37231,9.52737],[106.37317,9.52742],[106.37566,9.52784],[106.37884,9.52844],[106.38082,9.5287],[106.38598,9.52994],[106.38901,9.53084],[106.3902,9.53127],[106.39293,9.53201],[106.3945,9.53262],[106.39959,9.53479],[106.40175,9.53558],[106.40305,9.53588],[106.40488,9.53608],[106.40618,9.53607],[106.40735,9.53583],[106.40767,9.53549],[106.40773,9.5346],[106.40838,9.53422],[106.40889,9.53436],[106.40934,9.53397],[106.4101,9.53416],[106.41074,9.53323],[106.40977,9.53149],[106.40945,9.53073],[106.40905,9.53034],[106.40787,9.5296],[106.40818,9.52918],[106.41036,9.52832],[106.41143,9.52836],[106.413,9.52826],[106.41317,9.52774],[106.41286,9.52722],[106.41386,9.52716],[106.41467,9.52726],[106.41668,9.5273],[106.41739,9.52751],[106.41865,9.52766],[106.42013,9.5275],[106.42198,9.52788],[106.42425,9.52862],[106.42434,9.52808],[106.4266,9.5288],[106.43027,9.5299],[106.43156,9.53],[106.43296,9.53033],[106.4348,9.53103],[106.43798,9.53233],[106.43922,9.53289],[106.44069,9.53329],[106.44171,9.53373],[106.44282,9.53406],[106.44526,9.53503],[106.44691,9.5356],[106.44833,9.53618],[106.45199,9.53727],[106.45429,9.53807],[106.45651,9.53861],[106.4573,9.53897],[106.45992,9.53961],[106.46111,9.53972],[106.46234,9.54005],[106.46381,9.54062],[106.46551,9.54105],[106.46743,9.54164],[106.46882,9.54224],[106.47229,9.54353],[106.47359,9.54413],[106.47565,9.54488],[106.47855,9.54629],[106.47993,9.54688],[106.4812,9.54771],[106.48235,9.54833],[106.48478,9.5494],[106.48689,9.55009],[106.48752,9.5506],[106.48973,9.55179],[106.49079,9.55215],[106.49122,9.55255],[106.49198,9.55264],[106.49285,9.55363],[106.49422,9.55457],[106.49536,9.55509],[106.49621,9.55569],[106.49793,9.55719],[106.49912,9.55805],[106.50178,9.55966],[106.50416,9.56141],[106.50619,9.5626],[106.50863,9.56415],[106.51422,9.56779],[106.51631,9.56918],[106.51721,9.56949],[106.51811,9.56964],[106.51896,9.57131]]]},"properties":{"a01_tinh":"diaphanhanhchinhcaptinh_sn.42","a02_xa":"diaphanhanhchinhcapxa_2025.2523","a03_ten":"Xã Đông Hải","a04_tentinh":"Tỉnh Vĩnh Long","a05_truocsn":"giữ nguyên","a06_trungtamhc":"UBND xã Đông Hải","a07_dt":"68.91","a08_ds":"14222","a09_dthoai":null,"a10_web":null,"ten":"Xã Đông Hải","ma":"29536","tentinh":"Tỉnh Vĩnh Long","truocsapnhap":"giữ nguyên","dientichkm2":null,"dansonguoi":null},"id":"diaphanhanhchinhcapxa_2025.2523"},
{"type":"Feature","geometry":{"type":"Polygon","coordinates":[[[106.41009,10.10307],[106.40803,10.10537],[106.40236,10.11059],[106.39935,10.11322],[106.39743,10.11508],[106.39583,10.11673],[106.39137,10.12231],[106.39001,10.12398],[106.38798,10.12663],[106.38603,10.12955],[106.38452,10.1319],[106.38068,10.13798],[106.38001,10.13909],[106.37832,10.14162],[106.37678,10.14415],[106.37463,10.14894],[106.37183,10.15466],[106.36897,10.1601],[106.36593,10.16614],[106.3644,10.17001],[106.36303,10.17305],[106.36168,10.17593],[106.35927,10.1752],[106.35839,10.17484],[106.35738,10.17389],[106.35694,10.17171],[106.35648,10.17055],[106.35559,10.1693],[106.35437,10.1678],[106.3536,10.16696],[106.35288,10.16652],[106.35164,10.16646],[106.34894,10.16695],[106.34803,10.16706],[106.34588,10.1671],[106.34439,10.16704],[106.3433,10.16683],[106.34121,10.16606],[106.34036,10.16592],[106.33849,10.16587],[106.337,10.16565],[106.33378,10.16495],[106.33369,10.16315],[106.33404,10.16217],[106.33469,10.15901],[106.33509,10.15748],[106.33662,10.15345],[106.3369,10.1519],[106.33707,10.14995],[106.33715,10.14902],[106.33768,10.14597],[106.33772,10.14513],[106.33759,10.14402],[106.33699,10.14186],[106.3368,10.1401],[106.33696,10.13689],[106.33638,10.13447],[106.33662,10.13323],[106.33835,10.13404],[106.33994,10.13488],[106.34282,10.13592],[106.34554,10.13643],[106.34645,10.13686],[106.34802,10.13785],[106.34875,10.13757],[106.34919,10.13669],[106.3493,10.13575],[106.34918,10.13511],[106.34938,10.13469],[106.34972,10.13016],[106.3479,10.12996],[106.34696,10.12975],[106.34617,10.12978],[106.346,10.13015],[106.34545,10.13015],[106.34456,10.12979],[106.34459,10.12895],[106.34373,10.12715],[106.34319,10.12575],[106.34182,10.12283],[106.34045,10.12109],[106.34034,10.12025],[106.34053,10.11966],[106.3415,10.11786],[106.3421,10.11724],[106.34304,10.11661],[106.34357,10.11603],[106.34424,10.11582],[106.34486,10.11514],[106.346,10.11421],[106.3496,10.11163],[106.35216,10.11],[106.35346,10.10898],[106.35488,10.10765],[106.35687,10.10605],[106.3594,10.10462],[106.3588,10.10377],[106.35792,10.10221],[106.35765,10.10108],[106.3578,10.10003],[106.35826,10.09804],[106.35836,10.09645],[106.35827,10.09552],[106.35792,10.09493],[106.35874,10.09425],[106.35951,10.09384],[106.36089,10.09362],[106.36115,10.09249],[106.36178,10.09121],[106.36272,10.09017],[106.36286,10.08973],[106.36376,10.09002],[106.36427,10.08962],[106.36524,10.0882],[106.36587,10.08833],[106.36738,10.08711],[106.36766,10.08678],[106.36882,10.08762],[106.36971,10.08726],[106.37405,10.08509],[106.37504,10.08596],[106.37734,10.08776],[106.37784,10.08754],[106.37869,10.08764],[106.37907,10.08804],[106.38103,10.09068],[106.38242,10.0919],[106.38528,10.09011],[106.38601,10.0898],[106.38704,10.08961],[106.38793,10.09025],[106.38801,10.09078],[106.38859,10.09216],[106.38857,10.09366],[106.38933,10.09408],[106.38956,10.09513],[106.39232,10.09395],[106.39534,10.09307],[106.3957,10.09323],[106.40119,10.09339],[106.40529,10.09656],[106.40761,10.09829],[106.41151,10.10147],[106.41009,10.10307]]]},"properties":{"a01_tinh":"diaphanhanhchinhcaptinh_sn.42","a02_xa":"diaphanhanhchinhcapxa_2025.2452","a03_ten":"Xã Đồng Khởi","a04_tentinh":"Tỉnh Vĩnh Long","a05_truocsn":"Xã Định Thủy, Xã Phước Hiệp, Xã Bình Khánh","a06_trungtamhc":"UBND xã Bình Khánh","a07_dt":"41.12","a08_ds":"35384","a09_dthoai":null,"a10_web":null,"ten":"Xã Đồng Khởi","ma":"28945","tentinh":"Tỉnh Vĩnh Long","truocsapnhap":"Xã Định Thủy, Xã Phước Hiệp, Xã Bình Khánh","dientichkm2":null,"dansonguoi":null},"id":"diaphanhanhchinhcapxa_2025.2452"},
{"type":"Feature","geometry":{"type":"Polygon","coordinates":[[[106.44832,10.30651],[106.44769,10.30689],[106.44677,10.30767],[106.44477,10.30919],[106.44242,10.31042],[106.43961,10.31142],[106.43756,10.31239],[106.43408,10.31386],[106.43332,10.3143],[106.43127,10.31578],[106.42905,10.31718],[106.42627,10.31883],[106.42243,10.32164],[106.41635,10.32598],[106.41248,10.32811],[106.41104,10.32906],[106.40792,10.33097],[106.40541,10.33228],[106.39856,10.33568],[106.39096,10.33813],[106.38728,10.33896],[106.38707,10.33821],[106.38559,10.33148],[106.38616,10.33145],[106.38608,10.33084],[106.38521,10.33056],[106.385,10.3303],[106.38534,10.32952],[106.38511,10.32886],[106.38437,10.32842],[106.3843,10.32796],[106.38372,10.32688],[106.38355,10.32483],[106.38221,10.32147],[106.38143,10.31893],[106.3809,10.31946],[106.3797,10.32105],[106.37906,10.32036],[106.37904,10.31985],[106.37812,10.31934],[106.37755,10.31989],[106.37637,10.32073],[106.37338,10.31687],[106.37294,10.31589],[106.37276,10.31513],[106.37137,10.3106],[106.37055,10.30829],[106.36527,10.30912],[106.36496,10.307],[106.3628,10.30703],[106.36221,10.30347],[106.36246,10.30345],[106.36207,10.30233],[106.36232,10.30223],[106.36094,10.29825],[106.35943,10.29881],[106.35852,10.29613],[106.35797,10.29332],[106.35997,10.29266],[106.36164,10.29233],[106.36321,10.29227],[106.36513,10.29225],[106.36831,10.29187],[106.37096,10.29164],[106.37292,10.29152],[106.37678,10.29098],[106.38026,10.29034],[106.38393,10.28947],[106.38642,10.2887],[106.38794,10.28812],[106.38942,10.28742],[106.39058,10.28658],[106.39205,10.28532],[106.39303,10.28461],[106.39604,10.28267],[106.39847,10.28152],[106.4,10.28098],[106.40181,10.28049],[106.40361,10.2801],[106.40715,10.2795],[106.40962,10.27898],[106.41367,10.27821],[106.41582,10.2779],[106.41905,10.27756],[106.42137,10.2774],[106.42357,10.27713],[106.42489,10.27684],[106.42652,10.27628],[106.42869,10.27507],[106.43001,10.27373],[106.43102,10.27286],[106.43204,10.2718],[106.43433,10.26902],[106.43731,10.26577],[106.43797,10.26541],[106.43878,10.26539],[106.43991,10.26554],[106.44046,10.26708],[106.44092,10.26912],[106.44152,10.27234],[106.44245,10.27505],[106.44306,10.27739],[106.44344,10.27841],[106.44468,10.28244],[106.44606,10.28728],[106.44652,10.2887],[106.44741,10.29237],[106.44816,10.29427],[106.4492,10.29637],[106.45099,10.29899],[106.45263,10.30126],[106.45106,10.30354],[106.44985,10.30499],[106.44832,10.30651]]]},"properties":{"a01_tinh":"diaphanhanhchinhcaptinh_sn.42","a02_xa":"diaphanhanhchinhcapxa_2025.2440","a03_ten":"Xã Giao Long","a04_tentinh":"Tỉnh Vĩnh Long","a05_truocsn":"Xã An Phước (huyện Châu Thành), Xã Quới Sơn, Xã Giao Long","a06_trungtamhc":"UBND xã Quới Sơn","a07_dt":"42.45","a08_ds":"4015","a09_dthoai":null,"a10_web":null,"ten":"Xã Giao Long","ma":"28807","tentinh":"Tỉnh Vĩnh Long","truocsapnhap":"Xã An Phước (huyện Châu Thành), Xã Quới Sơn, Xã Giao Long","dientichkm2":null,"dansonguoi":null},"id":"diaphanhanhchinhcapxa_2025.2440"},
{"type":"Feature","geometry":{"type":"Polygon","coordinates":[[[106.5517,10.1519],[106.55135,10.15237],[106.55085,10.15262],[106.55025,10.15331],[106.54927,10.15403],[106.54846,10.15502],[106.54722,10.15597],[106.54683,10.15679],[106.54615,10.15752],[106.54604,10.1582],[106.54069,10.15683],[106.53836,10.1616],[106.53918,10.16198],[106.53822,10.16381],[106.53767,10.16356],[106.53674,10.16489],[106.53601,10.16649],[106.53507,10.16826],[106.53471,10.1692],[106.5334,10.17219],[106.53196,10.17562],[106.53089,10.17857],[106.52762,10.17704],[106.52606,10.17973],[106.52525,10.1809],[106.52393,10.18301],[106.52079,10.18785],[106.52011,10.18869],[106.51872,10.18671],[106.51822,10.18624],[106.51782,10.1863],[106.51709,10.18736],[106.51675,10.1881],[106.5152,10.19078],[106.51469,10.18926],[106.51247,10.19156],[106.5115,10.18911],[106.51115,10.18908],[106.51074,10.18813],[106.50982,10.19075],[106.50681,10.18822],[106.50664,10.18844],[106.50572,10.1877],[106.50565,10.18822],[106.50363,10.18643],[106.50313,10.1871],[106.50312,10.18789],[106.50286,10.1882],[106.50254,10.18944],[106.50145,10.19072],[106.50169,10.19148],[106.5006,10.19253],[106.50021,10.19322],[106.5001,10.194],[106.49926,10.19382],[106.49851,10.19419],[106.49783,10.19483],[106.49635,10.19653],[106.49567,10.1975],[106.49478,10.19781],[106.49344,10.19846],[106.49276,10.19842],[106.49232,10.19896],[106.49178,10.19866],[106.49098,10.19971],[106.4904,10.19977],[106.48982,10.19942],[106.48916,10.1985],[106.4886,10.19796],[106.4863,10.19544],[106.48576,10.1951],[106.48487,10.19407],[106.48522,10.19374],[106.4842,10.193],[106.48443,10.19145],[106.48387,10.19074],[106.48325,10.19065],[106.4837,10.18928],[106.48332,10.18859],[106.48211,10.18789],[106.48191,10.18732],[106.48141,10.1875],[106.48076,10.18744],[106.48015,10.18661],[106.48002,10.18445],[106.47956,10.18342],[106.47891,10.18298],[106.47908,10.18231],[106.47873,10.18125],[106.47852,10.17963],[106.47836,10.17729],[106.47848,10.17679],[106.4791,10.17605],[106.479,10.17533],[106.47845,10.17374],[106.47829,10.17284],[106.47831,10.17134],[106.47817,10.17073],[106.4783,10.16896],[106.47812,10.16798],[106.47772,10.16766],[106.47903,10.16694],[106.47918,10.16593],[106.48006,10.16445],[106.48004,10.16361],[106.47957,10.16225],[106.47862,10.16081],[106.47877,10.15924],[106.47857,10.1589],[106.47711,10.15751],[106.47688,10.15713],[106.47618,10.15532],[106.47655,10.15445],[106.47854,10.15539],[106.47903,10.15392],[106.47951,10.15407],[106.47911,10.15571],[106.48016,10.15593],[106.48018,10.15651],[106.4814,10.15662],[106.48173,10.1547],[106.48269,10.15488],[106.48307,10.15256],[106.48401,10.15271],[106.48417,10.15195],[106.48452,10.15125],[106.48585,10.14954],[106.48644,10.1486],[106.48726,10.14777],[106.48769,10.14751],[106.48904,10.14712],[106.48953,10.14604],[106.49041,10.1464],[106.4922,10.14693],[106.49695,10.14728],[106.49826,10.14729],[106.49704,10.14537],[106.49741,10.14516],[106.49966,10.14443],[106.5009,10.14377],[106.50139,10.14377],[106.5018,10.14328],[106.50234,10.14333],[106.50282,10.14392],[106.50322,10.14347],[106.50294,10.14281],[106.50302,10.14009],[106.50281,10.13861],[106.50203,10.13772],[106.50193,10.13706],[106.50231,10.13617],[106.5028,10.13579],[106.50405,10.13543],[106.50417,10.13459],[106.50511,10.13475],[106.5055,10.1332],[106.50548,10.13191],[106.50582,10.13009],[106.50527,10.12822],[106.50573,10.1276],[106.50731,10.12733],[106.50963,10.12672],[106.51254,10.12584],[106.5168,10.12447],[106.51914,10.12353],[106.523,10.12127],[106.52651,10.12012],[106.52762,10.11983],[106.52824,10.1191],[106.53291,10.11715],[106.53385,10.1169],[106.53743,10.11548],[106.5386,10.11724],[106.53976,10.1187],[106.54108,10.12064],[106.54196,10.12174],[106.54349,10.12416],[106.5447,10.12629],[106.54546,10.12795],[106.54635,10.13123],[106.54619,10.13183],[106.54494,10.13549],[106.54364,10.13961],[106.54257,10.14321],[106.54322,10.14307],[106.54389,10.14415],[106.54386,10.14499],[106.54529,10.14569],[106.54637,10.14637],[106.54875,10.1481],[106.54964,10.14851],[106.55019,10.14914],[106.55084,10.1509],[106.5517,10.1519]]]},"properties":{"a01_tinh":"diaphanhanhchinhcaptinh_sn.42","a02_xa":"diaphanhanhchinhcapxa_2025.2457","a03_ten":"Xã Giồng Trôm","a04_tentinh":"Tỉnh Vĩnh Long","a05_truocsn":"Thị trấn Giồng Trôm, Xã Bình Hòa, Xã Bình Thành","a06_trungtamhc":"UBND huyện Giồng Trôm","a07_dt":"42.39","a08_ds":"37599","a09_dthoai":null,"a10_web":null,"ten":"Xã Giồng Trôm","ma":"28984","tentinh":"Tỉnh Vĩnh Long","truocsapnhap":"Thị trấn Giồng Trôm, Xã Bình Hòa, Xã Bình Thành","dientichkm2":null,"dansonguoi":null},"id":"diaphanhanhchinhcapxa_2025.2457"},
{"type":"Feature","geometry":{"type":"Polygon","coordinates":[[[106.33506,9.67577],[106.33439,9.67863],[106.3334,9.68235],[106.33245,9.68567],[106.33202,9.68551],[106.33178,9.68623],[106.33108,9.686],[106.32942,9.69023],[106.32731,9.68942],[106.32693,9.69052],[106.32734,9.69118],[106.32754,9.69232],[106.328,9.69331],[106.32728,9.69337],[106.32651,9.69314],[106.32611,9.69438],[106.32383,9.69421],[106.3235,9.69571],[106.32084,9.69526],[106.32096,9.69476],[106.31984,9.69496],[106.31572,9.69406],[106.3158,9.69348],[106.31516,9.69335],[106.31504,9.6939],[106.31356,9.69341],[106.31371,9.69291],[106.3126,9.69239],[106.31267,9.69187],[106.31114,9.69109],[106.31157,9.68818],[106.31042,9.68766],[106.30889,9.68772],[106.30734,9.6875],[106.3067,9.68719],[106.30684,9.68584],[106.30232,9.685],[106.3013,9.68471],[106.30139,9.68266],[106.30206,9.67856],[106.30089,9.6784],[106.30105,9.67499],[106.29892,9.67468],[106.29709,9.67447],[106.29674,9.67435],[106.29487,9.67451],[106.29405,9.67447],[106.29119,9.67455],[106.28992,9.67453],[106.28985,9.67317],[106.28701,9.6732],[106.28712,9.67204],[106.28591,9.67229],[106.2863,9.66921],[106.28593,9.66917],[106.28055,9.66893],[106.27731,9.66867],[106.2749,9.66902],[106.27533,9.66739],[106.27494,9.66687],[106.27526,9.66559],[106.27424,9.66522],[106.27248,9.66521],[106.27234,9.66454],[106.27165,9.66433],[106.27185,9.66343],[106.27097,9.66333],[106.26934,9.66265],[106.26807,9.66252],[106.26766,9.66488],[106.26703,9.66753],[106.26719,9.66826],[106.26655,9.66845],[106.26687,9.66908],[106.26676,9.67009],[106.26733,9.67048],[106.26736,9.67118],[106.26706,9.67364],[106.26706,9.67512],[106.2633,9.67532],[106.26305,9.67543],[106.26229,9.67656],[106.25876,9.67623],[106.25868,9.67841],[106.25804,9.68112],[106.25766,9.68225],[106.25719,9.68558],[106.25717,9.68804],[106.25704,9.68998],[106.25672,9.69293],[106.2548,9.69237],[106.25301,9.69228],[106.25206,9.69213],[106.25178,9.69272],[106.25096,9.69283],[106.25009,9.69236],[106.25,9.69184],[106.24942,9.69167],[106.24942,9.69117],[106.24836,9.69041],[106.24771,9.69067],[106.24681,9.69067],[106.24599,9.6903],[106.24488,9.69017],[106.24299,9.69125],[106.24267,9.69178],[106.24212,9.69218],[106.24171,9.69122],[106.24062,9.69106],[106.23995,9.69077],[106.23935,9.69018],[106.23821,9.68937],[106.23756,9.68859],[106.23688,9.68867],[106.23569,9.68832],[106.23437,9.68726],[106.23368,9.68574],[106.23263,9.68574],[106.23225,9.68542],[106.23183,9.68556],[106.23147,9.68519],[106.23048,9.68548],[106.23029,9.68535],[106.23041,9.68443],[106.23082,9.68413],[106.22911,9.68393],[106.22904,9.68451],[106.22825,9.68457],[106.22602,9.68429],[106.22581,9.68547],[106.22542,9.68536],[106.22491,9.6859],[106.2242,9.68566],[106.2246,9.68354],[106.22402,9.68343],[106.22396,9.68388],[106.22307,9.68371],[106.2232,9.68283],[106.222,9.68266],[106.22038,9.68258],[106.2176,9.68293],[106.21793,9.68354],[106.21788,9.68421],[106.21524,9.68447],[106.21521,9.685],[106.21377,9.68499],[106.21377,9.68447],[106.21271,9.68448],[106.21266,9.68481],[106.21197,9.68477],[106.21199,9.68377],[106.21117,9.68374],[106.21091,9.6831],[106.21165,9.68253],[106.21086,9.68212],[106.21015,9.68282],[106.20961,9.6829],[106.20871,9.68245],[106.20785,9.68114],[106.20699,9.6804],[106.20655,9.67983],[106.20584,9.67959],[106.20544,9.67856],[106.2047,9.67832],[106.20329,9.67718],[106.20273,9.67659],[106.2016,9.67656],[106.20099,9.67628],[106.20046,9.67548],[106.20001,9.67527],[106.19798,9.6748],[106.19732,9.67618],[106.19649,9.67569],[106.19594,9.67714],[106.19512,9.67683],[106.1956,9.67562],[106.19457,9.67558],[106.19328,9.67675],[106.19153,9.67815],[106.19053,9.67904],[106.18533,9.67369],[106.18974,9.66944],[106.21602,9.64495],[106.22231,9.63983],[106.24005,9.62407],[106.24796,9.63258],[106.24806,9.63315],[106.24843,9.63384],[106.24926,9.63454],[106.25042,9.63513],[106.25106,9.63596],[106.25178,9.63729],[106.25272,9.63851],[106.25493,9.64031],[106.25549,9.64108],[106.25647,9.64287],[106.25747,9.64405],[106.25847,9.64458],[106.25943,9.64407],[106.26062,9.64394],[106.26185,9.64421],[106.26352,9.64486],[106.26498,9.64535],[106.26636,9.6454],[106.26726,9.64561],[106.26749,9.64599],[106.26732,9.64654],[106.26581,9.64773],[106.26554,9.64807],[106.26556,9.64871],[106.26631,9.64917],[106.26697,9.64896],[106.26773,9.64812],[106.26844,9.6463],[106.26882,9.64579],[106.26925,9.64561],[106.26976,9.646],[106.26976,9.64712],[106.27041,9.64819],[106.2712,9.64831],[106.27204,9.64881],[106.27247,9.64957],[106.27252,9.65106],[106.27276,9.65157],[106.27315,9.6515],[106.27478,9.6508],[106.27615,9.65001],[106.27705,9.64914],[106.2782,9.64868],[106.27852,9.64793],[106.27764,9.64668],[106.27766,9.6458],[106.27924,9.64601],[106.28006,9.64636],[106.2809,9.64641],[106.28098,9.64736],[106.28125,9.64773],[106.28193,9.64784],[106.28204,9.6489],[106.28227,9.64915],[106.28284,9.64885],[106.28334,9.64893],[106.28375,9.64955],[106.28426,9.64987],[106.28589,9.65026],[106.28653,9.64966],[106.28681,9.64888],[106.28719,9.6487],[106.28773,9.64895],[106.28857,9.64868],[106.28922,9.64786],[106.28972,9.6483],[106.29034,9.64836],[106.29049,9.64942],[106.29091,9.64966],[106.29321,9.65001],[106.29441,9.64956],[106.29575,9.64958],[106.29759,9.64945],[106.29828,9.64996],[106.29983,9.65016],[106.30088,9.65075],[106.30154,9.65084],[106.30357,9.65227],[106.30458,9.65281],[106.30483,9.65219],[106.3057,9.65216],[106.30644,9.65195],[106.30692,9.64884],[106.30767,9.6488],[106.30958,9.64932],[106.30992,9.64818],[106.31319,9.64793],[106.31722,9.64821],[106.3175,9.64738],[106.31977,9.64873],[106.31998,9.64831],[106.32127,9.64909],[106.32323,9.65013],[106.32602,9.65198],[106.32938,9.65439],[106.32821,9.65795],[106.32773,9.65902],[106.32774,9.66049],[106.32748,9.66359],[106.32713,9.66596],[106.32637,9.66819],[106.32604,9.66946],[106.32561,9.6725],[106.33121,9.67445],[106.33506,9.67577]]]},"properties":{"a01_tinh":"diaphanhanhchinhcaptinh_sn.42","a02_xa":"diaphanhanhchinhcapxa_2025.2513","a03_ten":"Xã Hàm Giang","a04_tentinh":"Tỉnh Vĩnh Long","a05_truocsn":"Xã Hàm Tân, Xã Kim Sơn, Xã Hàm Giang","a06_trungtamhc":"đang cập nhật","a07_dt":"60.66","a08_ds":"30752","a09_dthoai":null,"a10_web":null,"ten":"Xã Hàm Giang","ma":"29489","tentinh":"Tỉnh Vĩnh Long","truocsapnhap":"Xã Hàm Tân, Xã Kim Sơn, Xã Hàm Giang","dientichkm2":null,"dansonguoi":null},"id":"diaphanhanhchinhcapxa_2025.2513"},
{"type":"Feature","geometry":{"type":"Polygon","coordinates":[[[106.51927,9.72208],[106.51813,9.72158],[106.51756,9.72157],[106.51708,9.72184],[106.51689,9.72267],[106.51716,9.72427],[106.51736,9.72606],[106.51756,9.72699],[106.51718,9.72804],[106.51684,9.72845],[106.51616,9.72856],[106.51571,9.7284],[106.515,9.72753],[106.51442,9.72541],[106.51384,9.72388],[106.51322,9.72341],[106.51261,9.72336],[106.51214,9.72376],[106.51154,9.72468],[106.511,9.72716],[106.51062,9.72779],[106.51004,9.72806],[106.5092,9.72783],[106.50871,9.72736],[106.50779,9.72594],[106.50736,9.72564],[106.50671,9.72557],[106.50594,9.72608],[106.50622,9.7271],[106.50708,9.72843],[106.50822,9.72984],[106.50873,9.73102],[106.50975,9.73237],[106.51069,9.73427],[106.50699,9.73542],[106.50095,9.73745],[106.50116,9.74069],[106.50107,9.74157],[106.50075,9.74211],[106.50063,9.74896],[106.50061,9.75237],[106.50052,9.7563],[106.49948,9.76243],[106.4992,9.76451],[106.4985,9.7687],[106.49796,9.77046],[106.49627,9.77488],[106.49509,9.77549],[106.49375,9.77692],[106.49124,9.78254],[106.49093,9.78343],[106.49009,9.78322],[106.48896,9.78317],[106.48763,9.78289],[106.48703,9.78327],[106.4866,9.78331],[106.48508,9.78234],[106.48416,9.78162],[106.48248,9.78081],[106.48137,9.77975],[106.48106,9.77968],[106.48023,9.77745],[106.47969,9.77692],[106.47955,9.77439],[106.47928,9.77373],[106.47858,9.77266],[106.4775,9.77224],[106.47672,9.7711],[106.47673,9.76969],[106.47646,9.76882],[106.47609,9.76899],[106.47139,9.76939],[106.47002,9.76955],[106.46606,9.76881],[106.4651,9.76856],[106.46404,9.76884],[106.46301,9.76964],[106.46258,9.77015],[106.46213,9.77101],[106.46175,9.77249],[106.46048,9.77241],[106.45746,9.77234],[106.45268,9.77244],[106.44766,9.77288],[106.44495,9.77343],[106.44459,9.77297],[106.44415,9.77161],[106.44331,9.77062],[106.44317,9.76983],[106.44273,9.76916],[106.44138,9.76875],[106.4414,9.76793],[106.44114,9.76651],[106.44074,9.76614],[106.44006,9.76625],[106.43966,9.76605],[106.43961,9.76551],[106.4391,9.76547],[106.43759,9.76505],[106.43571,9.76482],[106.43543,9.76493],[106.42988,9.76437],[106.42976,9.76417],[106.42771,9.76397],[106.42728,9.76374],[106.42467,9.76372],[106.42383,9.76394],[106.41996,9.76378],[106.4198,9.76353],[106.41458,9.76358],[106.4146,9.76404],[106.41386,9.76405],[106.41363,9.76437],[106.4121,9.76436],[106.4123,9.7639],[106.41211,9.75958],[106.41182,9.7596],[106.4115,9.75736],[106.41062,9.75754],[106.41041,9.75585],[106.40935,9.75593],[106.40927,9.75479],[106.40847,9.75482],[106.4084,9.75412],[106.40706,9.75418],[106.40728,9.75169],[106.4071,9.74964],[106.40716,9.74898],[106.40859,9.74338],[106.40839,9.74333],[106.40874,9.74161],[106.40796,9.74133],[106.40812,9.74092],[106.40704,9.74068],[106.40552,9.74056],[106.40462,9.74023],[106.40341,9.74001],[106.4048,9.73661],[106.40386,9.73613],[106.40601,9.73095],[106.40688,9.72853],[106.40927,9.73002],[106.40963,9.72913],[106.40974,9.72803],[106.41047,9.72722],[106.40999,9.72694],[106.41027,9.72648],[106.40947,9.72592],[106.40894,9.72467],[106.40964,9.72321],[106.41197,9.7186],[106.41165,9.71588],[106.41146,9.71544],[106.41097,9.71545],[106.40996,9.71613],[106.40921,9.71572],[106.40884,9.71505],[106.40903,9.71439],[106.41078,9.71393],[106.41287,9.71309],[106.41536,9.71226],[106.41615,9.71118],[106.41613,9.71075],[106.41749,9.70908],[106.42008,9.71029],[106.42274,9.711],[106.42654,9.71193],[106.43038,9.71294],[106.42968,9.71492],[106.429,9.71567],[106.43017,9.71576],[106.43077,9.71601],[106.43117,9.71741],[106.4324,9.71778],[106.43518,9.71808],[106.43809,9.7183],[106.44098,9.71863],[106.44155,9.71855],[106.44245,9.71897],[106.44301,9.72007],[106.44357,9.71998],[106.44367,9.71871],[106.44396,9.71849],[106.44483,9.71868],[106.44519,9.71855],[106.44572,9.71765],[106.44677,9.71709],[106.44735,9.71721],[106.44751,9.71756],[106.4474,9.71838],[106.44714,9.71878],[106.44625,9.71906],[106.44582,9.71945],[106.44598,9.72111],[106.44559,9.72152],[106.44449,9.72174],[106.44435,9.72234],[106.44522,9.72293],[106.44611,9.72271],[106.44706,9.7213],[106.44808,9.72024],[106.44927,9.71956],[106.45086,9.71946],[106.45163,9.719],[106.4528,9.71809],[106.4534,9.71812],[106.45364,9.719],[106.45296,9.71961],[106.45182,9.71998],[106.45156,9.72026],[106.4515,9.72093],[106.45178,9.72218],[106.45197,9.72362],[106.45222,9.72407],[106.45279,9.72392],[106.45325,9.72317],[106.45376,9.72299],[106.45464,9.72364],[106.45549,9.72337],[106.45584,9.72252],[106.45626,9.72229],[106.45689,9.72246],[106.45793,9.72357],[106.45798,9.72452],[106.45742,9.72479],[106.45644,9.72481],[106.45594,9.72523],[106.45633,9.72627],[106.45707,9.727],[106.45786,9.72668],[106.4581,9.72561],[106.45854,9.72508],[106.46009,9.72526],[106.46089,9.72423],[106.46125,9.72404],[106.46235,9.72391],[106.46305,9.72279],[106.46393,9.72265],[106.46604,9.72372],[106.46721,9.72518],[106.46842,9.72563],[106.46852,9.72639],[106.46804,9.72666],[106.46578,9.72709],[106.46551,9.72776],[106.46652,9.72803],[106.46712,9.72842],[106.46818,9.72954],[106.46883,9.72971],[106.4694,9.7294],[106.47023,9.72784],[106.47104,9.72721],[106.47189,9.7273],[106.47186,9.72624],[106.47137,9.72559],[106.47152,9.725],[106.47206,9.72401],[106.47201,9.72345],[106.47231,9.72183],[106.47253,9.72177],[106.47333,9.72019],[106.47361,9.7188],[106.47411,9.71519],[106.47441,9.71241],[106.47459,9.712],[106.47489,9.70982],[106.47523,9.70863],[106.4773,9.70207],[106.47784,9.702],[106.4796,9.7015],[106.48001,9.7015],[106.48032,9.70083],[106.48073,9.69986],[106.48082,9.69907],[106.48134,9.69922],[106.48145,9.69847],[106.48244,9.69822],[106.4836,9.69814],[106.48461,9.69781],[106.48495,9.69834],[106.48575,9.69895],[106.48676,9.69906],[106.48762,9.69949],[106.48886,9.69979],[106.48933,9.70024],[106.49003,9.70013],[106.49108,9.7003],[106.49455,9.70166],[106.49454,9.70227],[106.49501,9.70315],[106.4957,9.7037],[106.49463,9.70488],[106.49455,9.70527],[106.49495,9.70576],[106.49572,9.70496],[106.49681,9.70508],[106.49655,9.70609],[106.49763,9.70573],[106.498,9.70645],[106.49858,9.70639],[106.49957,9.70583],[106.50129,9.70684],[106.50183,9.70584],[106.50315,9.70664],[106.51352,9.71321],[106.51528,9.71429],[106.52016,9.71736],[106.51983,9.71955],[106.51947,9.72148],[106.51927,9.72208]]]},"properties":{"a01_tinh":"diaphanhanhchinhcaptinh_sn.42","a02_xa":"diaphanhanhchinhcapxa_2025.2509","a03_ten":"Xã Hiệp Mỹ","a04_tentinh":"Tỉnh Vĩnh Long","a05_truocsn":"Xã Long Sơn, Xã Hiệp Mỹ Đông, Xã Hiệp Mỹ Tây","a06_trungtamhc":"đang cập nhật","a07_dt":"67.45","a08_ds":"3146","a09_dthoai":null,"a10_web":null,"ten":"Xã Hiệp Mỹ","ma":"29455","tentinh":"Tỉnh Vĩnh Long","truocsapnhap":"Xã Long Sơn, Xã Hiệp Mỹ Đông, Xã Hiệp Mỹ Tây","dientichkm2":null,"dansonguoi":null},"id":"diaphanhanhchinhcapxa_2025.2509"},
{"type":"Feature","geometry":{"type":"Polygon","coordinates":[[[106.1316,10.0823],[106.13167,10.08273],[106.13053,10.09302],[106.13012,10.0962],[106.12789,10.10132],[106.12678,10.10111],[106.12299,10.1006],[106.12077,10.10035],[106.12065,10.10048],[106.11819,10.09995],[106.11664,10.09976],[106.11579,10.09953],[106.11591,10.09883],[106.11352,10.09805],[106.11278,10.09813],[106.11012,10.098],[106.10824,10.09781],[106.1045,10.09696],[106.10342,10.09688],[106.09783,10.09572],[106.09691,10.09577],[106.09447,10.09565],[106.09285,10.09546],[106.0928,10.09492],[106.09172,10.09324],[106.09141,10.09254],[106.09019,10.09091],[106.08965,10.08982],[106.08903,10.08924],[106.08906,10.08855],[106.08685,10.08516],[106.08627,10.08399],[106.08545,10.08316],[106.08536,10.08274],[106.08459,10.08173],[106.08462,10.08104],[106.08443,10.07976],[106.08399,10.07936],[106.0841,10.07866],[106.08394,10.07769],[106.0849,10.07734],[106.08608,10.07765],[106.08765,10.07707],[106.0904,10.07659],[106.09245,10.07639],[106.09564,10.0749],[106.09508,10.07237],[106.09412,10.07145],[106.09382,10.07038],[106.0933,10.06901],[106.09227,10.06578],[106.09214,10.06496],[106.09145,10.06204],[106.09156,10.06033],[106.09179,10.05928],[106.09176,10.05857],[106.09199,10.05633],[106.09225,10.0554],[106.09228,10.05399],[106.09497,10.05407],[106.09514,10.05217],[106.09526,10.05157],[106.09578,10.04651],[106.09649,10.04647],[106.09641,10.04349],[106.09602,10.04102],[106.09979,10.03958],[106.10127,10.0389],[106.10388,10.03786],[106.10479,10.03741],[106.10699,10.03651],[106.1084,10.03599],[106.1098,10.03522],[106.11091,10.03495],[106.11285,10.03418],[106.11802,10.03154],[106.12028,10.03047],[106.12265,10.02927],[106.12411,10.02871],[106.12642,10.02752],[106.13005,10.02591],[106.13479,10.02392],[106.13774,10.02274],[106.13835,10.02243],[106.1411,10.0214],[106.14356,10.0204],[106.1446,10.0199],[106.1483,10.01851],[106.1504,10.01768],[106.1509,10.01765],[106.15629,10.01884],[106.1594,10.01943],[106.16982,10.02165],[106.17215,10.02218],[106.17186,10.02274],[106.17119,10.02345],[106.16905,10.0252],[106.16461,10.029],[106.16175,10.03157],[106.16045,10.03267],[106.16306,10.03258],[106.16408,10.0329],[106.16397,10.03425],[106.16413,10.03501],[106.16424,10.03727],[106.16448,10.03801],[106.16449,10.03896],[106.16423,10.03988],[106.16367,10.04376],[106.16477,10.04431],[106.16515,10.04485],[106.16568,10.05071],[106.16317,10.05026],[106.14862,10.05051],[106.14622,10.05105],[106.14604,10.05116],[106.14082,10.05304],[106.1337,10.05551],[106.13405,10.05649],[106.1302,10.05756],[106.13056,10.05875],[106.13117,10.06012],[106.12964,10.06058],[106.12974,10.06096],[106.12839,10.06146],[106.12899,10.0651],[106.12646,10.06551],[106.12625,10.06927],[106.12604,10.07184],[106.12566,10.07427],[106.12721,10.0792],[106.12777,10.08112],[106.13126,10.08025],[106.1316,10.0823]]]},"properties":{"a01_tinh":"diaphanhanhchinhcaptinh_sn.42","a02_xa":"diaphanhanhchinhcapxa_2025.2540","a03_ten":"Xã Hiếu Phụng","a04_tentinh":"Tỉnh Vĩnh Long","a05_truocsn":"Xã Hiếu Thuận, Xã Trung An, Xã Hiếu Phụng","a06_trungtamhc":"UBND xã Hiếu Thuận","a07_dt":"42.46","a08_ds":"28418","a09_dthoai":null,"a10_web":null,"ten":"Xã Hiếu Phụng","ma":"29701","tentinh":"Tỉnh Vĩnh Long","truocsapnhap":"Xã Hiếu Thuận, Xã Trung An, Xã Hiếu Phụng","dientichkm2":null,"dansonguoi":null},"id":"diaphanhanhchinhcapxa_2025.2540"},
{"type":"Feature","geometry":{"type":"Polygon","coordinates":[[[106.11269,9.93839],[106.1142,9.93999],[106.11644,9.94255],[106.11795,9.94421],[106.12151,9.94819],[106.12342,9.95039],[106.1251,9.95254],[106.12724,9.95554],[106.12799,9.95679],[106.12833,9.95717],[106.13106,9.96081],[106.13169,9.96179],[106.13287,9.97465],[106.13342,9.98143],[106.13329,9.9819],[106.13257,9.98302],[106.13198,9.9837],[106.13214,9.98509],[106.13195,9.98616],[106.13123,9.98863],[106.13064,9.99091],[106.13065,9.99133],[106.13108,9.99206],[106.1313,9.99307],[106.13163,9.99381],[106.13221,9.99582],[106.13436,10.00225],[106.13452,10.00329],[106.13455,10.00492],[106.13458,10.00813],[106.13464,10.00949],[106.13469,10.01301],[106.13476,10.01488],[106.13475,10.01718],[106.1348,10.01918],[106.13479,10.02392],[106.13005,10.02591],[106.12642,10.02752],[106.12411,10.02871],[106.12265,10.02927],[106.12028,10.03047],[106.11802,10.03154],[106.11285,10.03418],[106.11091,10.03495],[106.1098,10.03522],[106.1084,10.03599],[106.10699,10.03651],[106.10479,10.03741],[106.10388,10.03786],[106.10127,10.0389],[106.09979,10.03958],[106.09602,10.04102],[106.09351,10.04198],[106.09344,10.0409],[106.09362,10.03863],[106.0935,10.0372],[106.09348,10.03555],[106.09334,10.03455],[106.09297,10.03298],[106.09133,10.02883],[106.09043,10.02733],[106.08922,10.02557],[106.0882,10.02383],[106.0874,10.02177],[106.08648,10.01971],[106.08621,10.01865],[106.08414,10.01336],[106.08347,10.01147],[106.08202,10.00775],[106.08014,10.00274],[106.07785,9.99617],[106.07665,9.9933],[106.07599,9.99191],[106.07646,9.99165],[106.07508,9.98891],[106.07445,9.9874],[106.07183,9.98244],[106.07109,9.98099],[106.06826,9.97691],[106.06602,9.97388],[106.06862,9.97202],[106.06994,9.97115],[106.07374,9.96836],[106.07696,9.96609],[106.08195,9.96277],[106.08537,9.96041],[106.08659,9.95962],[106.09184,9.95614],[106.09538,9.95365],[106.09812,9.95182],[106.10281,9.94857],[106.10516,9.9462],[106.10712,9.94408],[106.11269,9.93839]]]},"properties":{"a01_tinh":"diaphanhanhchinhcaptinh_sn.42","a02_xa":"diaphanhanhchinhcapxa_2025.2543","a03_ten":"Xã Hiếu Thành","a04_tentinh":"Tỉnh Vĩnh Long","a05_truocsn":"Xã Hiếu Nhơn, Xã Hiếu Nghĩa, Xã Hiếu Thành","a06_trungtamhc":"đang cập nhật","a07_dt":"53.41","a08_ds":"34331","a09_dthoai":null,"a10_web":null,"ten":"Xã Hiếu Thành","ma":"29713","tentinh":"Tỉnh Vĩnh Long","truocsapnhap":"Xã Hiếu Nhơn, Xã Hiếu Nghĩa, Xã Hiếu Thành","dientichkm2":null,"dansonguoi":null},"id":"diaphanhanhchinhcapxa_2025.2543"},
{"type":"Feature","geometry":{"type":"Polygon","coordinates":[[[106.06992,10.09119],[106.06923,10.09093],[106.06759,10.09084],[106.06632,10.09101],[106.06444,10.09148],[106.06218,10.09217],[106.06068,10.09254],[106.0571,10.09304],[106.05586,10.09307],[106.05468,10.0929],[106.05416,10.09266],[106.05342,10.09198],[106.05294,10.09114],[106.05265,10.09022],[106.05214,10.0875],[106.0518,10.0865],[106.05101,10.08475],[106.05,10.0831],[106.04878,10.08135],[106.04776,10.08041],[106.04669,10.07986],[106.04585,10.07971],[106.04441,10.07978],[106.04289,10.08012],[106.04161,10.08016],[106.0406,10.07977],[106.03934,10.07866],[106.03859,10.07786],[106.03745,10.07645],[106.03658,10.07598],[106.03594,10.07584],[106.03507,10.0761],[106.03412,10.07682],[106.03351,10.07802],[106.03285,10.08],[106.03264,10.081],[106.03237,10.08377],[106.03201,10.08493],[106.03155,10.08577],[106.03083,10.08636],[106.02954,10.08648],[106.02902,10.08625],[106.02805,10.0854],[106.02755,10.08439],[106.02647,10.08284],[106.02472,10.08072],[106.02286,10.07892],[106.02089,10.07739],[106.02075,10.07721],[106.02033,10.07632],[106.01971,10.07546],[106.0182,10.073],[106.01618,10.07007],[106.01671,10.06972],[106.01632,10.06887],[106.01681,10.06856],[106.01638,10.06789],[106.02035,10.06761],[106.02565,10.06746],[106.0267,10.06717],[106.02732,10.06738],[106.03196,10.06724],[106.03231,10.0666],[106.03321,10.06697],[106.03416,10.06711],[106.0353,10.06691],[106.0376,10.06699],[106.0395,10.06672],[106.04186,10.06651],[106.04357,10.06647],[106.04402,10.06608],[106.04401,10.06452],[106.04415,10.06148],[106.04412,10.05985],[106.04367,10.05759],[106.04234,10.0506],[106.04191,10.04884],[106.04135,10.04691],[106.04111,10.04635],[106.04012,10.04545],[106.03798,10.04652],[106.03696,10.04624],[106.03576,10.04531],[106.03529,10.04509],[106.0329,10.04445],[106.03162,10.04356],[106.03016,10.04286],[106.03104,10.04197],[106.03149,10.04124],[106.03257,10.04062],[106.03313,10.04055],[106.03337,10.04025],[106.03269,10.03854],[106.03192,10.0381],[106.03175,10.03761],[106.03198,10.03691],[106.03262,10.03652],[106.03257,10.03571],[106.03287,10.03442],[106.03368,10.03304],[106.03364,10.03233],[106.03266,10.03121],[106.03153,10.0292],[106.03119,10.02837],[106.0308,10.02685],[106.02967,10.0233],[106.03229,10.02269],[106.03205,10.02143],[106.03437,10.02078],[106.03706,10.01978],[106.03612,10.01712],[106.03558,10.01536],[106.03412,10.01109],[106.03399,10.0111],[106.03173,10.00492],[106.03262,10.00492],[106.03308,10.00454],[106.03373,10.0031],[106.03376,10.00257],[106.03342,10.0015],[106.03333,10.00037],[106.03415,9.99996],[106.03513,9.99995],[106.03619,10.00059],[106.03669,10.00051],[106.03755,9.99889],[106.03843,9.99829],[106.03868,9.99793],[106.03886,9.99696],[106.03919,9.99637],[106.04104,9.99453],[106.04161,9.99436],[106.04265,9.99461],[106.0433,9.99432],[106.04359,9.99291],[106.0439,9.99217],[106.04444,9.99185],[106.04539,9.99156],[106.04651,9.99076],[106.04853,9.98868],[106.04934,9.98704],[106.04939,9.98529],[106.04975,9.98477],[106.05093,9.98418],[106.05353,9.98321],[106.0544,9.98272],[106.0569,9.98078],[106.05767,9.97969],[106.05846,9.97911],[106.05989,9.97841],[106.06508,9.97454],[106.06602,9.97388],[106.06826,9.97691],[106.07109,9.98099],[106.07183,9.98244],[106.07445,9.9874],[106.07508,9.98891],[106.07646,9.99165],[106.07599,9.99191],[106.07665,9.9933],[106.07785,9.99617],[106.08014,10.00274],[106.08202,10.00775],[106.08347,10.01147],[106.08414,10.01336],[106.08621,10.01865],[106.08648,10.01971],[106.0874,10.02177],[106.0882,10.02383],[106.08922,10.02557],[106.09043,10.02733],[106.09133,10.02883],[106.09297,10.03298],[106.09334,10.03455],[106.09348,10.03555],[106.0935,10.0372],[106.09362,10.03863],[106.09344,10.0409],[106.09351,10.04198],[106.09602,10.04102],[106.09641,10.04349],[106.09649,10.04647],[106.09578,10.04651],[106.09526,10.05157],[106.09514,10.05217],[106.09497,10.05407],[106.09228,10.05399],[106.09225,10.0554],[106.09199,10.05633],[106.09176,10.05857],[106.09179,10.05928],[106.09156,10.06033],[106.09145,10.06204],[106.09214,10.06496],[106.09227,10.06578],[106.0933,10.06901],[106.09382,10.07038],[106.09412,10.07145],[106.09508,10.07237],[106.09564,10.0749],[106.09245,10.07639],[106.0904,10.07659],[106.08765,10.07707],[106.08608,10.07765],[106.0849,10.07734],[106.08394,10.07769],[106.08294,10.07766],[106.08217,10.07784],[106.07978,10.07946],[106.07867,10.08037],[106.07695,10.08162],[106.07597,10.083],[106.07436,10.0847],[106.07386,10.08506],[106.07234,10.08737],[106.07033,10.09064],[106.06992,10.09119]]]},"properties":{"a01_tinh":"diaphanhanhchinhcaptinh_sn.42","a02_xa":"diaphanhanhchinhcapxa_2025.2556","a03_ten":"Xã Hòa Bình","a04_tentinh":"Tỉnh Vĩnh Long","a05_truocsn":"Xã Xuân Hiệp, Xã Thới Hòa, Xã Hòa Bình","a06_trungtamhc":"UBND xã Hòa Bình","a07_dt":"65.61","a08_ds":"39787","a09_dthoai":null,"a10_web":null,"ten":"Xã Hòa Bình","ma":"29830","tentinh":"Tỉnh Vĩnh Long","truocsapnhap":"Xã Xuân Hiệp, Xã Thới Hòa, Xã Hòa Bình","dientichkm2":null,"dansonguoi":null},"id":"diaphanhanhchinhcapxa_2025.2556"},
{"type":"Feature","geometry":{"type":"Polygon","coordinates":[[[106.07925,10.10515],[106.07776,10.10638],[106.07567,10.10824],[106.07298,10.11032],[106.07187,10.11144],[106.06681,10.11801],[106.06423,10.12033],[106.06202,10.12197],[106.05957,10.12399],[106.05856,10.12475],[106.05193,10.12999],[106.0472,10.13379],[106.04502,10.13562],[106.03687,10.14205],[106.03177,10.14626],[106.02851,10.14206],[106.02787,10.14151],[106.02286,10.13876],[106.0227,10.1378],[106.01906,10.13691],[106.01302,10.13532],[106.01208,10.13531],[106.0113,10.13499],[106.01078,10.13367],[106.01023,10.13191],[106.00917,10.13033],[106.00795,10.12821],[106.0072,10.12714],[106.00564,10.12429],[106.0049,10.12313],[106.00425,10.12186],[106.00355,10.12092],[106.00321,10.11988],[106.00276,10.11903],[106.00202,10.11845],[106.00077,10.11555],[106.00007,10.11455],[105.99988,10.11362],[106.00019,10.11282],[106.00096,10.11301],[106.00145,10.11284],[106.00174,10.11191],[106.00135,10.11147],[106.0012,10.11043],[106.00057,10.10864],[106.0003,10.10821],[105.99959,10.10768],[105.99934,10.10706],[105.99982,10.10636],[105.99938,10.10528],[105.99943,10.1044],[105.9971,10.10549],[105.99673,10.10492],[105.99685,10.10385],[105.99641,10.10377],[105.99643,10.10255],[105.99669,10.10166],[105.99718,10.10148],[105.99689,10.10088],[105.9969,10.09972],[105.99665,10.09921],[105.99719,10.09874],[105.9975,10.09794],[105.99707,10.09646],[105.99778,10.09554],[105.99724,10.09489],[105.99636,10.09429],[105.99583,10.09435],[105.9954,10.09375],[105.99489,10.09346],[105.99441,10.09263],[105.99365,10.09216],[105.99307,10.09107],[105.99251,10.09109],[105.99219,10.09148],[105.9919,10.09268],[105.99111,10.09323],[105.98992,10.09435],[105.98949,10.09445],[105.98899,10.09358],[105.98867,10.09355],[105.98729,10.09402],[105.98682,10.09353],[105.98758,10.09247],[105.99316,10.08667],[105.992,10.08552],[105.99094,10.0859],[105.99025,10.08515],[105.9899,10.08451],[105.98967,10.08051],[105.99066,10.07996],[105.9923,10.0795],[105.99327,10.0787],[105.99409,10.07824],[105.99529,10.07778],[105.996,10.0777],[105.99647,10.07714],[105.99721,10.07688],[105.99718,10.07615],[105.99797,10.07609],[105.99973,10.07559],[105.9999,10.07587],[105.99986,10.07683],[105.99942,10.07799],[105.99933,10.07873],[105.99945,10.07968],[106.00001,10.08076],[106.00035,10.08117],[106.00117,10.0817],[106.00394,10.08261],[106.00538,10.08226],[106.00622,10.08237],[106.00847,10.083],[106.0093,10.08338],[106.01142,10.08476],[106.01196,10.0849],[106.013,10.08478],[106.01451,10.08424],[106.01543,10.08356],[106.016,10.08262],[106.01679,10.08077],[106.01774,10.07876],[106.01845,10.07789],[106.01943,10.07747],[106.02075,10.07721],[106.02089,10.07739],[106.02286,10.07892],[106.02472,10.08072],[106.02647,10.08284],[106.02755,10.08439],[106.02805,10.0854],[106.02902,10.08625],[106.02954,10.08648],[106.03083,10.08636],[106.03155,10.08577],[106.03201,10.08493],[106.03237,10.08377],[106.03264,10.081],[106.03285,10.08],[106.03351,10.07802],[106.03412,10.07682],[106.03507,10.0761],[106.03594,10.07584],[106.03658,10.07598],[106.03745,10.07645],[106.03859,10.07786],[106.03934,10.07866],[106.0406,10.07977],[106.04161,10.08016],[106.04289,10.08012],[106.04441,10.07978],[106.04585,10.07971],[106.04669,10.07986],[106.04776,10.08041],[106.04878,10.08135],[106.05,10.0831],[106.05101,10.08475],[106.0518,10.0865],[106.05214,10.0875],[106.05265,10.09022],[106.05294,10.09114],[106.05342,10.09198],[106.05416,10.09266],[106.05468,10.0929],[106.05586,10.09307],[106.0571,10.09304],[106.06068,10.09254],[106.06218,10.09217],[106.06444,10.09148],[106.06632,10.09101],[106.06759,10.09084],[106.06923,10.09093],[106.06992,10.09119],[106.07039,10.09153],[106.07091,10.09263],[106.07097,10.09348],[106.07049,10.09545],[106.07029,10.09668],[106.07056,10.09776],[106.07115,10.0983],[106.07198,10.09879],[106.07319,10.09921],[106.07444,10.09991],[106.07543,10.1007],[106.07647,10.10172],[106.07925,10.10515]]]},"properties":{"a01_tinh":"diaphanhanhchinhcaptinh_sn.42","a02_xa":"diaphanhanhchinhcapxa_2025.2547","a03_ten":"Xã Hòa Hiệp","a04_tentinh":"Tỉnh Vĩnh Long","a05_truocsn":"Xã Hòa Thạnh, Xã Hòa Lộc, Xã Hòa Hiệp","a06_trungtamhc":"UBND xã Hòa Lộc","a07_dt":"44.1","a08_ds":"31099","a09_dthoai":null,"a10_web":null,"ten":"Xã Hòa Hiệp","ma":"29734","tentinh":"Tỉnh Vĩnh Long","truocsapnhap":"Xã Hòa Thạnh, Xã Hòa Lộc, Xã Hòa Hiệp","dientichkm2":null,"dansonguoi":null},"id":"diaphanhanhchinhcapxa_2025.2547"},
{"type":"Feature","geometry":{"type":"Polygon","coordinates":[[[106.44055,9.94241],[106.43928,9.94293],[106.42962,9.94714],[106.41893,9.95335],[106.41059,9.959],[106.40002,9.96711],[106.404,9.95781],[106.4048,9.95566],[106.40528,9.95287],[106.40569,9.94961],[106.40602,9.94735],[106.40728,9.94083],[106.40746,9.93717],[106.40765,9.92984],[106.40811,9.92755],[106.40973,9.92498],[106.41156,9.92275],[106.41735,9.9173],[106.42596,9.91076],[106.44587,9.89689],[106.45096,9.9015],[106.4532,9.90003],[106.45671,9.89781],[106.46141,9.89474],[106.46616,9.89138],[106.46888,9.88932],[106.47043,9.89046],[106.4712,9.89058],[106.47215,9.89126],[106.47333,9.89174],[106.47438,9.89257],[106.47486,9.89318],[106.47579,9.89343],[106.47597,9.89415],[106.47674,9.89436],[106.47755,9.89524],[106.47789,9.89579],[106.47833,9.89607],[106.47911,9.89712],[106.47947,9.89787],[106.47961,9.89899],[106.48046,9.89966],[106.48073,9.90047],[106.48383,9.90421],[106.48462,9.90343],[106.48551,9.90449],[106.48548,9.90477],[106.48659,9.90612],[106.48717,9.90635],[106.48832,9.90784],[106.48884,9.90839],[106.49251,9.9127],[106.48668,9.91779],[106.48426,9.9195],[106.48091,9.92184],[106.47528,9.92543],[106.47053,9.92819],[106.45507,9.93648],[106.44055,9.94241]]]},"properties":{"a01_tinh":"diaphanhanhchinhcaptinh_sn.42","a02_xa":"diaphanhanhchinhcapxa_2025.2503","a03_ten":"Xã Hòa Minh","a04_tentinh":"Tỉnh Vĩnh Long","a05_truocsn":"giữ nguyên","a06_trungtamhc":"UBND xã Hoà Minh","a07_dt":"35.75","a08_ds":"16843","a09_dthoai":null,"a10_web":null,"ten":"Xã Hòa Minh","ma":"29410","tentinh":"Tỉnh Vĩnh Long","truocsapnhap":"giữ nguyên","dientichkm2":null,"dansonguoi":null},"id":"diaphanhanhchinhcapxa_2025.2503"},
{"type":"Feature","geometry":{"type":"Polygon","coordinates":[[[106.2828,9.81509],[106.27992,9.81603],[106.28039,9.81207],[106.28065,9.81106],[106.28119,9.80948],[106.28218,9.8077],[106.28132,9.80748],[106.2815,9.80677],[106.28243,9.80694],[106.28285,9.80568],[106.28206,9.80436],[106.28121,9.80395],[106.28154,9.80186],[106.28127,9.80155],[106.28261,9.79298],[106.28194,9.79286],[106.28175,9.79404],[106.27986,9.7939],[106.27996,9.79299],[106.27419,9.79263],[106.27404,9.79417],[106.27358,9.79777],[106.2734,9.80025],[106.27322,9.80162],[106.27317,9.80318],[106.27281,9.8036],[106.27037,9.80477],[106.26719,9.80574],[106.2665,9.80605],[106.26409,9.80671],[106.26277,9.80688],[106.26096,9.8068],[106.2609,9.80829],[106.26061,9.80838],[106.26054,9.80972],[106.26061,9.81078],[106.25977,9.81083],[106.25545,9.81072],[106.25281,9.811],[106.25178,9.811],[106.24759,9.81131],[106.24619,9.81109],[106.24556,9.81028],[106.24516,9.80948],[106.24464,9.80787],[106.24423,9.80702],[106.24327,9.80591],[106.24071,9.80359],[106.23958,9.8024],[106.2389,9.8013],[106.23741,9.8009],[106.23637,9.80089],[106.23575,9.80069],[106.23388,9.79971],[106.23193,9.79878],[106.23065,9.7984],[106.22964,9.79846],[106.22838,9.79897],[106.22589,9.80079],[106.22521,9.80119],[106.22312,9.80218],[106.22238,9.80245],[106.22043,9.80275],[106.21882,9.80317],[106.21826,9.80301],[106.21799,9.80259],[106.21734,9.79952],[106.21689,9.79838],[106.21653,9.79789],[106.21608,9.79768],[106.21462,9.7977],[106.21333,9.79762],[106.21168,9.79822],[106.21037,9.80004],[106.20994,9.80033],[106.20952,9.80019],[106.2081,9.7991],[106.20573,9.79676],[106.20498,9.79632],[106.20432,9.79623],[106.20286,9.79647],[106.20193,9.79639],[106.20152,9.79415],[106.20104,9.79227],[106.20046,9.79067],[106.19992,9.78973],[106.19755,9.78684],[106.19577,9.78515],[106.19355,9.78322],[106.1921,9.78237],[106.1906,9.78167],[106.18866,9.78099],[106.18725,9.7809],[106.18541,9.7816],[106.18514,9.78098],[106.18517,9.7797],[106.18398,9.77971],[106.18378,9.77843],[106.18383,9.77737],[106.18506,9.77165],[106.18515,9.77078],[106.18565,9.77078],[106.18596,9.76983],[106.18547,9.7692],[106.18418,9.76917],[106.18357,9.76883],[106.18328,9.76843],[106.18312,9.76772],[106.18333,9.76679],[106.18353,9.76516],[106.18379,9.76438],[106.18357,9.76323],[106.18253,9.7626],[106.18183,9.76112],[106.1808,9.76072],[106.17975,9.76116],[106.17887,9.76108],[106.17701,9.76125],[106.17629,9.76155],[106.1758,9.76146],[106.17523,9.76011],[106.17548,9.7598],[106.1759,9.75852],[106.17525,9.75833],[106.17633,9.75554],[106.17464,9.7549],[106.17455,9.75394],[106.1741,9.75413],[106.17317,9.75395],[106.17194,9.75391],[106.17154,9.75333],[106.17006,9.75328],[106.16984,9.75314],[106.16852,9.75297],[106.16696,9.75312],[106.16721,9.752],[106.16688,9.75192],[106.16708,9.75078],[106.1666,9.75072],[106.16715,9.74626],[106.16746,9.74292],[106.16926,9.7425],[106.17053,9.74307],[106.1732,9.74299],[106.17573,9.74335],[106.17677,9.74315],[106.17766,9.74349],[106.17868,9.74462],[106.17948,9.74472],[106.18049,9.74425],[106.18094,9.74384],[106.18124,9.7419],[106.18157,9.74139],[106.18229,9.7409],[106.18216,9.73944],[106.1828,9.73899],[106.18262,9.73818],[106.18295,9.73706],[106.18452,9.73771],[106.18457,9.73848],[106.18629,9.73927],[106.18605,9.73973],[106.18619,9.74014],[106.18701,9.74025],[106.18766,9.73908],[106.18915,9.74074],[106.19286,9.74469],[106.19387,9.74563],[106.19449,9.74646],[106.19548,9.74744],[106.19569,9.74712],[106.19703,9.74209],[106.19853,9.74233],[106.20038,9.74316],[106.20091,9.7429],[106.20247,9.74339],[106.20228,9.74389],[106.20266,9.74432],[106.20382,9.74463],[106.20365,9.74554],[106.20476,9.74618],[106.20476,9.74724],[106.204,9.7491],[106.20395,9.75088],[106.20581,9.75105],[106.20631,9.75122],[106.20743,9.75213],[106.20784,9.75212],[106.20846,9.75168],[106.20902,9.75162],[106.2097,9.75209],[106.20989,9.75261],[106.21032,9.75282],[106.21142,9.75291],[106.21208,9.75244],[106.21286,9.75239],[106.21356,9.75197],[106.21416,9.75267],[106.21529,9.75311],[106.21572,9.75374],[106.21625,9.75381],[106.21742,9.75341],[106.21836,9.75392],[106.21939,9.7541],[106.22048,9.75385],[106.22214,9.75412],[106.22327,9.75368],[106.22414,9.75406],[106.22506,9.75484],[106.2257,9.75496],[106.22676,9.75489],[106.22754,9.75505],[106.22969,9.75588],[106.23026,9.75592],[106.2317,9.75514],[106.23236,9.75457],[106.23271,9.75454],[106.2338,9.75518],[106.23436,9.75477],[106.23449,9.75338],[106.23523,9.75298],[106.23594,9.7529],[106.23649,9.75308],[106.23777,9.75305],[106.23894,9.7532],[106.23908,9.75496],[106.23906,9.75606],[106.23834,9.76193],[106.23775,9.76437],[106.24499,9.76603],[106.24721,9.76627],[106.25083,9.76695],[106.25178,9.76693],[106.25275,9.76708],[106.25453,9.76712],[106.25727,9.76733],[106.2585,9.76754],[106.26074,9.76756],[106.26144,9.77052],[106.26141,9.77105],[106.26079,9.77189],[106.2673,9.77393],[106.26821,9.77461],[106.27061,9.7754],[106.2736,9.77654],[106.27587,9.77728],[106.27701,9.77712],[106.28594,9.7799],[106.2865,9.78013],[106.28918,9.78081],[106.29058,9.78127],[106.29215,9.7815],[106.29389,9.78162],[106.29427,9.78129],[106.29646,9.78232],[106.30138,9.78454],[106.30375,9.78608],[106.30223,9.79125],[106.30774,9.7928],[106.30711,9.79519],[106.30648,9.79541],[106.30535,9.79605],[106.3046,9.79675],[106.30354,9.79897],[106.30322,9.79998],[106.3027,9.80219],[106.30188,9.8025],[106.29826,9.8037],[106.29471,9.80466],[106.29444,9.80509],[106.29292,9.80519],[106.29033,9.80584],[106.28918,9.80627],[106.28849,9.8062],[106.28705,9.80581],[106.2868,9.80709],[106.28586,9.80682],[106.28566,9.80781],[106.28437,9.80749],[106.28425,9.80915],[106.28377,9.80984],[106.28333,9.80998],[106.28286,9.81174],[106.28233,9.81171],[106.28226,9.81368],[106.2828,9.81509]]]},"properties":{"a01_tinh":"diaphanhanhchinhcaptinh_sn.42","a02_xa":"diaphanhanhchinhcapxa_2025.2497","a03_ten":"Xã Hùng Hoà","a04_tentinh":"Tỉnh Vĩnh Long","a05_truocsn":"Xã Ngãi Hùng, Xã Tân Hùng, Xã Hùng Hòa","a06_trungtamhc":"đang cập nhật","a07_dt":"57.51","a08_ds":"28221","a09_dthoai":null,"a10_web":null,"ten":"Xã Hùng Hòa","ma":"29362","tentinh":"Tỉnh Vĩnh Long","truocsapnhap":"Xã Ngãi Hùng, Xã Tân Hùng, Xã Hùng Hòa","dientichkm2":null,"dansonguoi":null},"id":"diaphanhanhchinhcapxa_2025.2497"},
{"type":"Feature","geometry":{"type":"Polygon","coordinates":[[[106.2612,10.19844],[106.26123,10.19844],[106.26418,10.19849],[106.26628,10.19859],[106.26698,10.19891],[106.26692,10.19974],[106.26579,10.20023],[106.26566,10.20072],[106.2662,10.20134],[106.26721,10.20158],[106.26883,10.20287],[106.26868,10.20349],[106.26743,10.20497],[106.26674,10.20503],[106.26604,10.20541],[106.26641,10.20629],[106.26581,10.20654],[106.26558,10.20736],[106.26524,10.20759],[106.26434,10.20868],[106.2626,10.2103],[106.26242,10.21055],[106.2627,10.21132],[106.26277,10.21213],[106.26308,10.21275],[106.26309,10.21364],[106.26328,10.21415],[106.26324,10.2151],[106.26367,10.21595],[106.26373,10.21684],[106.26324,10.21721],[106.26279,10.21683],[106.26155,10.21615],[106.2609,10.21596],[106.2605,10.21561],[106.26014,10.21482],[106.25976,10.21494],[106.25946,10.21544],[106.25821,10.21562],[106.25807,10.21518],[106.25867,10.21487],[106.25902,10.21433],[106.25819,10.21296],[106.25722,10.21259],[106.25457,10.21472],[106.25418,10.21528],[106.25326,10.21552],[106.25261,10.21585],[106.25181,10.21589],[106.25178,10.21726],[106.25111,10.21754],[106.24919,10.21854],[106.24868,10.21901],[106.24803,10.21779],[106.24727,10.21762],[106.24427,10.21748],[106.24332,10.21735],[106.24239,10.21682],[106.23826,10.21641],[106.23882,10.21221],[106.23924,10.21061],[106.23963,10.21006],[106.24013,10.20978],[106.24101,10.20976],[106.24147,10.20995],[106.24179,10.20927],[106.24206,10.20785],[106.24236,10.20554],[106.24249,10.20292],[106.2426,10.20157],[106.24253,10.20094],[106.24203,10.19897],[106.24186,10.19782],[106.2415,10.19701],[106.24103,10.19663],[106.23986,10.19636],[106.23686,10.19664],[106.23557,10.19689],[106.23321,10.19762],[106.23146,10.19827],[106.23077,10.19807],[106.23053,10.19757],[106.23029,10.19601],[106.22998,10.19086],[106.22995,10.18789],[106.2296,10.1872],[106.22857,10.18721],[106.22809,10.18706],[106.22683,10.18619],[106.22607,10.1852],[106.22459,10.18413],[106.2241,10.18329],[106.22408,10.18245],[106.22536,10.18157],[106.22613,10.18149],[106.22811,10.18166],[106.22943,10.18165],[106.23027,10.18186],[106.2311,10.18145],[106.23143,10.18071],[106.23128,10.1801],[106.2306,10.17924],[106.22918,10.17817],[106.22866,10.17809],[106.2282,10.17766],[106.22712,10.17722],[106.22662,10.17665],[106.22605,10.17563],[106.2259,10.17499],[106.22444,10.17531],[106.22402,10.17578],[106.22327,10.17628],[106.22286,10.17612],[106.22257,10.17557],[106.22251,10.17492],[106.22209,10.17485],[106.22161,10.17541],[106.22044,10.17543],[106.21977,10.17502],[106.21894,10.17501],[106.21815,10.1754],[106.2176,10.17531],[106.21723,10.17491],[106.21742,10.17426],[106.21804,10.17404],[106.21815,10.17374],[106.2176,10.17339],[106.21556,10.17397],[106.2146,10.1741],[106.21243,10.17483],[106.21179,10.17529],[106.2114,10.17445],[106.2109,10.17426],[106.2105,10.17489],[106.20971,10.17496],[106.20911,10.17548],[106.20819,10.1756],[106.20695,10.17624],[106.20605,10.17298],[106.20494,10.16862],[106.20388,10.16513],[106.20681,10.16225],[106.21022,10.15827],[106.21459,10.15363],[106.21896,10.14933],[106.22111,10.15056],[106.22202,10.15117],[106.22256,10.15134],[106.22341,10.15094],[106.224,10.15117],[106.22426,10.15152],[106.22526,10.15167],[106.22671,10.15131],[106.22804,10.15171],[106.22909,10.15135],[106.22982,10.15139],[106.23035,10.15204],[106.2309,10.15211],[106.23161,10.15181],[106.23257,10.15199],[106.23362,10.15197],[106.23685,10.1512],[106.23736,10.15064],[106.23714,10.14891],[106.23725,10.14833],[106.23766,10.14766],[106.23838,10.14773],[106.2406,10.1485],[106.24275,10.14919],[106.24315,10.14943],[106.2448,10.14917],[106.24609,10.14951],[106.24773,10.14934],[106.24983,10.14949],[106.25178,10.14996],[106.25375,10.15007],[106.25477,10.15071],[106.25607,10.15201],[106.25691,10.15298],[106.25846,10.15388],[106.25852,10.15392],[106.26003,10.15458],[106.26121,10.15489],[106.26206,10.15529],[106.26253,10.15522],[106.2627,10.15737],[106.26284,10.15991],[106.26333,10.1635],[106.26298,10.16774],[106.26282,10.16917],[106.26275,10.17149],[106.26261,10.17222],[106.26273,10.17319],[106.26253,10.1739],[106.26242,10.17522],[106.2625,10.17614],[106.26227,10.1772],[106.26228,10.17907],[106.26195,10.17961],[106.26165,10.18057],[106.26172,10.18139],[106.26103,10.18129],[106.26014,10.18159],[106.25853,10.18285],[106.25681,10.18484],[106.25602,10.1854],[106.25309,10.18703],[106.2512,10.18839],[106.24876,10.19056],[106.24709,10.19168],[106.24517,10.1926],[106.2437,10.19356],[106.24325,10.19426],[106.24348,10.19507],[106.24476,10.1955],[106.24592,10.19602],[106.24686,10.19664],[106.24742,10.19733],[106.24808,10.19863],[106.24827,10.19944],[106.2491,10.19912],[106.24978,10.19918],[106.25049,10.1998],[106.25107,10.19991],[106.25268,10.19879],[106.25392,10.19816],[106.25519,10.19791],[106.25591,10.19817],[106.257,10.19814],[106.26048,10.1984],[106.2612,10.19844]]]},"properties":{"a01_tinh":"diaphanhanhchinhcaptinh_sn.42","a02_xa":"diaphanhanhchinhcapxa_2025.2447","a03_ten":"Xã Hưng Khánh Trung","a04_tentinh":"Tỉnh Vĩnh Long","a05_truocsn":"Xã Vĩnh Hòa (huyện Chợ Lách), Xã Hưng Khánh Trung A, Xã Hưng Khánh Trung B","a06_trungtamhc":"UBND xã Hưng Khánh Trung A","a07_dt":"32.14","a08_ds":"27672","a09_dthoai":null,"a10_web":null,"ten":"Xã Hưng Khánh Trung","ma":"28901","tentinh":"Tỉnh Vĩnh Long","truocsapnhap":"Xã Vĩnh Hòa (huyện Chợ Lách), Xã Hưng Khánh Trung A, Xã Hưng Khánh Trung B","dientichkm2":null,"dansonguoi":null},"id":"diaphanhanhchinhcapxa_2025.2447"},
{"type":"Feature","geometry":{"type":"Polygon","coordinates":[[[106.44587,9.89689],[106.42596,9.91076],[106.41735,9.9173],[106.41156,9.92275],[106.40973,9.92498],[106.40811,9.92755],[106.40765,9.92984],[106.40746,9.93717],[106.40728,9.94083],[106.40602,9.94735],[106.40569,9.94961],[106.40528,9.95287],[106.4048,9.95566],[106.404,9.95781],[106.40002,9.96711],[106.39923,9.96757],[106.37871,9.97969],[106.38393,9.96782],[106.38479,9.96577],[106.3863,9.96177],[106.38885,9.95551],[106.39026,9.95144],[106.39038,9.95023],[106.3901,9.94831],[106.38975,9.94743],[106.38885,9.9461],[106.38603,9.94267],[106.3848,9.9419],[106.38443,9.94183],[106.38418,9.94107],[106.38348,9.9408],[106.38076,9.93928],[106.3801,9.93913],[106.38016,9.93859],[106.37748,9.93779],[106.37796,9.93587],[106.3759,9.93517],[106.37097,9.93373],[106.37211,9.93079],[106.37235,9.93032],[106.3706,9.92967],[106.36659,9.9281],[106.36542,9.93023],[106.3642,9.92949],[106.36265,9.92887],[106.36085,9.92801],[106.35893,9.92806],[106.35508,9.92801],[106.35247,9.92773],[106.35272,9.92328],[106.35302,9.91896],[106.353,9.91849],[106.35321,9.91834],[106.35326,9.91618],[106.35367,9.91269],[106.35336,9.91264],[106.35376,9.91046],[106.35563,9.9105],[106.35618,9.90774],[106.35652,9.9065],[106.35718,9.90662],[106.35766,9.90335],[106.3572,9.90328],[106.35733,9.90182],[106.36372,9.90299],[106.36478,9.89659],[106.36573,9.89057],[106.36658,9.89072],[106.36951,9.89122],[106.37246,9.89241],[106.37664,9.89425],[106.37678,9.89375],[106.37722,9.8909],[106.37678,9.8899],[106.37661,9.88901],[106.37694,9.88805],[106.37778,9.88769],[106.3784,9.8843],[106.37704,9.8835],[106.37732,9.8824],[106.37845,9.88089],[106.37916,9.8803],[106.37961,9.87785],[106.38073,9.87523],[106.38114,9.87398],[106.38208,9.87179],[106.38098,9.86868],[106.37913,9.86826],[106.37901,9.86657],[106.37904,9.86373],[106.379,9.8613],[106.37903,9.85862],[106.37976,9.85293],[106.38039,9.84896],[106.3841,9.85066],[106.38589,9.85137],[106.38711,9.85158],[106.38961,9.85163],[106.3918,9.85197],[106.3939,9.85253],[106.39489,9.85294],[106.39632,9.85373],[106.39822,9.85522],[106.39998,9.85648],[106.40153,9.85716],[106.40224,9.85768],[106.40373,9.85834],[106.40413,9.85862],[106.40546,9.85902],[106.4059,9.85883],[106.40611,9.85808],[106.40715,9.85836],[106.40858,9.85907],[106.4099,9.85904],[106.41082,9.85916],[106.41245,9.85976],[106.41392,9.86048],[106.41659,9.86228],[106.418,9.863],[106.41974,9.8636],[106.4218,9.8639],[106.42323,9.8639],[106.42425,9.8634],[106.42583,9.86278],[106.42659,9.86217],[106.42808,9.86068],[106.42889,9.86008],[106.43004,9.85953],[106.43176,9.85905],[106.43315,9.85894],[106.43365,9.85907],[106.43507,9.85991],[106.43587,9.8605],[106.43798,9.86147],[106.43995,9.86187],[106.44086,9.86197],[106.44204,9.86191],[106.44384,9.86157],[106.44472,9.86458],[106.44489,9.86582],[106.44456,9.86748],[106.44451,9.86846],[106.44418,9.86947],[106.44267,9.87212],[106.44185,9.87399],[106.44137,9.87578],[106.44096,9.87672],[106.44019,9.87798],[106.43891,9.87978],[106.43841,9.88065],[106.438,9.88166],[106.43678,9.88685],[106.43639,9.88941],[106.43646,9.89006],[106.43715,9.89083],[106.43924,9.89172],[106.44068,9.89213],[106.44587,9.89689]]]},"properties":{"a01_tinh":"diaphanhanhchinhcaptinh_sn.42","a02_xa":"diaphanhanhchinhcapxa_2025.2502","a03_ten":"Xã Hưng Mỹ","a04_tentinh":"Tỉnh Vĩnh Long","a05_truocsn":"Xã Hòa Lợi (huyện Châu Thành), Xã Phước Hảo, Xã Hưng Mỹ","a06_trungtamhc":"đang cập nhật","a07_dt":"67.02","a08_ds":"40259","a09_dthoai":null,"a10_web":null,"ten":"Xã Hưng Mỹ","ma":"29407","tentinh":"Tỉnh Vĩnh Long","truocsapnhap":"Xã Hòa Lợi (huyện Châu Thành), Xã Phước Hảo, Xã Hưng Mỹ","dientichkm2":null,"dansonguoi":null},"id":"diaphanhanhchinhcapxa_2025.2502"},
{"type":"Feature","geometry":{"type":"Polygon","coordinates":[[[106.48953,10.14604],[106.48917,10.14584],[106.48837,10.14582],[106.48775,10.14549],[106.48732,10.14575],[106.4861,10.14578],[106.48614,10.14518],[106.48545,10.14479],[106.48274,10.14402],[106.48267,10.1438],[106.48068,10.14332],[106.47595,10.14172],[106.47738,10.14042],[106.47672,10.13998],[106.47652,10.13946],[106.47807,10.13902],[106.47929,10.13832],[106.48002,10.13747],[106.47965,10.13659],[106.48043,10.13392],[106.4806,10.13379],[106.47946,10.13259],[106.47887,10.1329],[106.47857,10.13252],[106.478,10.1327],[106.47678,10.13243],[106.47666,10.13001],[106.47529,10.12994],[106.47465,10.129],[106.47503,10.12878],[106.47573,10.12903],[106.47605,10.12885],[106.47687,10.12783],[106.47743,10.12754],[106.47769,10.12646],[106.47797,10.12628],[106.47903,10.12641],[106.47969,10.12502],[106.48212,10.1217],[106.48189,10.12041],[106.48139,10.12017],[106.48009,10.11907],[106.48155,10.11759],[106.47988,10.1162],[106.47933,10.11546],[106.47816,10.11445],[106.47842,10.11411],[106.47948,10.11354],[106.47993,10.11355],[106.47973,10.11218],[106.48004,10.11114],[106.47955,10.11037],[106.47958,10.1098],[106.4789,10.10868],[106.47704,10.10962],[106.47637,10.10833],[106.47675,10.10811],[106.47542,10.10445],[106.47467,10.10194],[106.47436,10.10154],[106.47367,10.10207],[106.47261,10.10248],[106.47179,10.10329],[106.47114,10.10358],[106.47063,10.10346],[106.46981,10.10295],[106.46763,10.10184],[106.46554,10.10121],[106.46521,10.10222],[106.4652,10.10342],[106.46492,10.10414],[106.46362,10.10551],[106.46276,10.10608],[106.46221,10.10613],[106.46168,10.10521],[106.46046,10.10515],[106.45918,10.1038],[106.45906,10.10241],[106.45919,10.10207],[106.46034,10.10056],[106.46045,10.10028],[106.46053,10.09867],[106.46017,10.09767],[106.46006,10.09643],[106.45939,10.09547],[106.4586,10.09399],[106.45598,10.09158],[106.45543,10.09116],[106.45362,10.09002],[106.45132,10.09062],[106.45073,10.08975],[106.45223,10.08655],[106.45037,10.08536],[106.44757,10.08368],[106.45022,10.07869],[106.45104,10.0759],[106.45136,10.07347],[106.45126,10.06951],[106.45087,10.06769],[106.45033,10.06638],[106.44831,10.063],[106.4497,10.06148],[106.45526,10.05585],[106.45834,10.05236],[106.46089,10.04972],[106.46323,10.04713],[106.47195,10.03755],[106.47364,10.03552],[106.4772,10.03156],[106.47863,10.02986],[106.48044,10.02822],[106.48273,10.02694],[106.48525,10.03035],[106.48761,10.03393],[106.48865,10.03573],[106.48954,10.03635],[106.48959,10.03729],[106.48918,10.03926],[106.48896,10.03956],[106.48727,10.04064],[106.48591,10.04135],[106.485,10.04211],[106.48357,10.04369],[106.48259,10.04504],[106.47988,10.04735],[106.47907,10.0481],[106.47699,10.0503],[106.4764,10.05116],[106.47501,10.05291],[106.47353,10.05458],[106.47212,10.05661],[106.47052,10.05921],[106.47027,10.0599],[106.47128,10.06049],[106.47195,10.06062],[106.4737,10.06129],[106.47505,10.06212],[106.4773,10.06364],[106.47862,10.06443],[106.48209,10.06666],[106.48576,10.06892],[106.49084,10.07236],[106.49268,10.06991],[106.4977,10.07262],[106.49915,10.07346],[106.50031,10.07389],[106.50143,10.07388],[106.50321,10.07421],[106.50666,10.07518],[106.50813,10.07599],[106.51079,10.07774],[106.51201,10.07695],[106.51253,10.07789],[106.51367,10.07969],[106.51461,10.08279],[106.51635,10.08689],[106.51675,10.0881],[106.52003,10.09208],[106.52274,10.09531],[106.52435,10.09742],[106.52749,10.10116],[106.52867,10.10329],[106.52897,10.10412],[106.52964,10.1064],[106.52988,10.10689],[106.53156,10.10856],[106.53358,10.11135],[106.53466,10.11266],[106.53607,10.11403],[106.53687,10.11468],[106.53743,10.11548],[106.53385,10.1169],[106.53291,10.11715],[106.52824,10.1191],[106.52762,10.11983],[106.52651,10.12012],[106.523,10.12127],[106.51914,10.12353],[106.5168,10.12447],[106.51254,10.12584],[106.50963,10.12672],[106.50731,10.12733],[106.50573,10.1276],[106.50527,10.12822],[106.50582,10.13009],[106.50548,10.13191],[106.5055,10.1332],[106.50511,10.13475],[106.50417,10.13459],[106.50405,10.13543],[106.5028,10.13579],[106.50231,10.13617],[106.50193,10.13706],[106.50203,10.13772],[106.50281,10.13861],[106.50302,10.14009],[106.50294,10.14281],[106.50322,10.14347],[106.50282,10.14392],[106.50234,10.14333],[106.5018,10.14328],[106.50139,10.14377],[106.5009,10.14377],[106.49966,10.14443],[106.49741,10.14516],[106.49704,10.14537],[106.49826,10.14729],[106.49695,10.14728],[106.4922,10.14693],[106.49041,10.1464],[106.48953,10.14604]]]},"properties":{"a01_tinh":"diaphanhanhchinhcaptinh_sn.42","a02_xa":"diaphanhanhchinhcapxa_2025.2463","a03_ten":"Xã Hưng Nhượng","a04_tentinh":"Tỉnh Vĩnh Long","a05_truocsn":"Xã Tân Thanh, Xã Hưng Lễ, Xã Hưng Nhượng","a06_trungtamhc":"UBND xã Hưng Nhượng","a07_dt":"53.66","a08_ds":"37568","a09_dthoai":null,"a10_web":null,"ten":"Xã Hưng Nhượng","ma":"29044","tentinh":"Tỉnh Vĩnh Long","truocsapnhap":"Xã Tân Thanh, Xã Hưng Lễ, Xã Hưng Nhượng","dientichkm2":null,"dansonguoi":null},"id":"diaphanhanhchinhcapxa_2025.2463"},
{"type":"Feature","geometry":{"type":"Polygon","coordinates":[[[106.42026,10.02734],[106.41232,10.03016],[106.40955,10.03129],[106.40887,10.03179],[106.40322,10.03226],[106.39876,10.03269],[106.39723,10.03279],[106.39677,10.03223],[106.39492,10.03125],[106.39295,10.02983],[106.3907,10.02892],[106.38948,10.02697],[106.3891,10.02648],[106.38791,10.02799],[106.38664,10.02977],[106.38469,10.03285],[106.384,10.03368],[106.38225,10.03611],[106.38048,10.03846],[106.37923,10.04031],[106.37734,10.04336],[106.37419,10.04861],[106.37464,10.04919],[106.37746,10.05157],[106.38217,10.05547],[106.38316,10.05637],[106.38203,10.05773],[106.37736,10.06351],[106.37657,10.06439],[106.3729,10.06075],[106.36915,10.05747],[106.36928,10.05722],[106.36489,10.05373],[106.36376,10.05276],[106.36299,10.05176],[106.36306,10.05136],[106.36251,10.05101],[106.36173,10.04981],[106.36097,10.0498],[106.35996,10.04904],[106.35813,10.04824],[106.35694,10.04813],[106.3554,10.04745],[106.35377,10.04737],[106.3524,10.04706],[106.34996,10.04638],[106.3498,10.04711],[106.34924,10.04877],[106.34826,10.05102],[106.34741,10.05066],[106.3473,10.05127],[106.34663,10.05329],[106.34684,10.05365],[106.34659,10.05472],[106.34601,10.05495],[106.34497,10.05452],[106.34199,10.05303],[106.34059,10.05255],[106.34064,10.05201],[106.34042,10.05111],[106.33925,10.04937],[106.33883,10.04838],[106.33888,10.04773],[106.33926,10.04721],[106.34144,10.04642],[106.34184,10.04596],[106.34105,10.04445],[106.34063,10.04299],[106.34054,10.04037],[106.34042,10.0396],[106.34007,10.03889],[106.33904,10.0379],[106.33805,10.03747],[106.33775,10.037],[106.33773,10.03636],[106.33804,10.03574],[106.33988,10.03348],[106.34198,10.03042],[106.34288,10.02924],[106.34239,10.02883],[106.34175,10.02801],[106.34176,10.02754],[106.33811,10.02428],[106.34106,10.02084],[106.34233,10.01925],[106.34308,10.01817],[106.34403,10.017],[106.34615,10.01402],[106.34649,10.01307],[106.34639,10.0116],[106.34604,10.01088],[106.34528,10.01006],[106.34357,10.0086],[106.33865,10.00468],[106.34466,10.00047],[106.34706,9.99898],[106.35439,9.99654],[106.35776,9.99506],[106.35894,9.99434],[106.3636,9.99082],[106.36453,9.99015],[106.37354,9.98343],[106.37871,9.97969],[106.39923,9.96757],[106.40071,9.96805],[106.4037,9.96875],[106.40647,9.96953],[106.40851,9.9703],[106.40996,9.97114],[106.41024,9.97165],[106.41064,9.97332],[106.41064,9.97493],[106.41081,9.97556],[106.4113,9.97599],[106.41228,9.97646],[106.414,9.97711],[106.41467,9.97853],[106.41561,9.97968],[106.41599,9.98038],[106.41599,9.9808],[106.41563,9.98184],[106.41629,9.98227],[106.41671,9.98301],[106.41725,9.98337],[106.41892,9.98356],[106.41975,9.98349],[106.4202,9.98365],[106.42074,9.98487],[106.42164,9.98574],[106.42291,9.98644],[106.4242,9.98684],[106.42506,9.98774],[106.42521,9.98834],[106.42494,9.98878],[106.41885,9.99116],[106.42,9.99195],[106.42182,9.99293],[106.42186,9.99346],[106.42151,9.99504],[106.4218,9.99616],[106.42194,9.99718],[106.41999,9.99798],[106.41843,9.99797],[106.41357,9.99807],[106.41327,9.99831],[106.41374,9.99962],[106.4139,10.00147],[106.41439,10.00601],[106.41477,10.00994],[106.41489,10.0116],[106.41079,10.0131],[106.41115,10.01412],[106.41315,10.01346],[106.41568,10.01271],[106.41433,10.01799],[106.41458,10.01931],[106.41504,10.01987],[106.4162,10.02024],[106.41621,10.02117],[106.41679,10.02178],[106.41799,10.02338],[106.41843,10.02364],[106.41932,10.02488],[106.41966,10.02553],[106.42069,10.02602],[106.42026,10.02734]]]},"properties":{"a01_tinh":"diaphanhanhchinhcaptinh_sn.42","a02_xa":"diaphanhanhchinhcapxa_2025.2456","a03_ten":"Xã Hương Mỹ","a04_tentinh":"Tỉnh Vĩnh Long","a05_truocsn":"Xã Ngãi Đăng, Xã Cẩm Sơn, Xã Hương Mỹ","a06_trungtamhc":"UBND xã Hương Mỹ","a07_dt":"55.01","a08_ds":"38427","a09_dthoai":null,"a10_web":null,"ten":"Xã Hương Mỹ","ma":"28981","tentinh":"Tỉnh Vĩnh Long","truocsapnhap":"Xã Ngãi Đăng, Xã Cẩm Sơn, Xã Hương Mỹ","dientichkm2":null,"dansonguoi":null},"id":"diaphanhanhchinhcapxa_2025.2456"},
{"type":"Feature","geometry":{"type":"Polygon","coordinates":[[[106.61175,10.24674],[106.599,10.24898],[106.58759,10.25224],[106.58203,10.25393],[106.57828,10.25533],[106.57085,10.25802],[106.55792,10.2613],[106.54536,10.26477],[106.54164,10.26562],[106.53303,10.26777],[106.53192,10.268],[106.52799,10.26864],[106.52146,10.26975],[106.515,10.27131],[106.51048,10.27288],[106.50989,10.27097],[106.50892,10.26743],[106.50826,10.26429],[106.50797,10.26075],[106.50669,10.26069],[106.50359,10.26043],[106.50357,10.25713],[106.50449,10.25804],[106.50543,10.2578],[106.50683,10.25826],[106.50709,10.25801],[106.50964,10.25956],[106.50835,10.25668],[106.50881,10.25612],[106.50793,10.25583],[106.50753,10.2553],[106.5074,10.25433],[106.50783,10.25378],[106.5077,10.25332],[106.50862,10.2528],[106.51052,10.25312],[106.51088,10.25282],[106.51054,10.24927],[106.51121,10.24914],[106.51097,10.24792],[106.51193,10.24792],[106.51138,10.24466],[106.50998,10.24519],[106.50956,10.24458],[106.51303,10.24277],[106.51185,10.2408],[106.51548,10.23849],[106.51948,10.2361],[106.51983,10.23594],[106.51989,10.23966],[106.52371,10.24141],[106.52645,10.24274],[106.52745,10.24305],[106.52799,10.2428],[106.52833,10.24213],[106.52863,10.24234],[106.52943,10.24155],[106.53127,10.24219],[106.53139,10.24134],[106.53212,10.24121],[106.5351,10.24045],[106.53522,10.24066],[106.53778,10.23961],[106.53704,10.2381],[106.5379,10.23773],[106.53813,10.23814],[106.5387,10.23781],[106.53846,10.2374],[106.54031,10.2369],[106.53957,10.23566],[106.53968,10.2354],[106.5411,10.2351],[106.5412,10.23466],[106.54215,10.23574],[106.54255,10.23543],[106.54295,10.23566],[106.54345,10.23488],[106.54366,10.23499],[106.5443,10.23401],[106.54438,10.23312],[106.54515,10.23313],[106.54577,10.23261],[106.54661,10.23248],[106.54848,10.23125],[106.54942,10.23039],[106.54981,10.22975],[106.55842,10.22926],[106.56071,10.22918],[106.56268,10.22919],[106.56261,10.22804],[106.56271,10.22643],[106.56238,10.22472],[106.56195,10.22327],[106.5617,10.22195],[106.56044,10.21908],[106.55885,10.21702],[106.559,10.21616],[106.56101,10.21459],[106.56138,10.21406],[106.56033,10.21325],[106.55944,10.212],[106.55879,10.21038],[106.55872,10.20976],[106.55816,10.20824],[106.55757,10.20752],[106.55679,10.20579],[106.55665,10.20506],[106.55548,10.20341],[106.5546,10.20125],[106.55707,10.2005],[106.55791,10.20039],[106.56231,10.19858],[106.56333,10.19793],[106.56456,10.20196],[106.56638,10.20508],[106.56656,10.2058],[106.56659,10.20714],[106.5674,10.21127],[106.56808,10.21211],[106.56935,10.21151],[106.57145,10.21094],[106.57329,10.21069],[106.57557,10.21005],[106.57739,10.20975],[106.57906,10.20936],[106.58194,10.20891],[106.58239,10.20817],[106.58972,10.2106],[106.59258,10.21085],[106.59323,10.21101],[106.59441,10.21102],[106.59607,10.21126],[106.5974,10.21171],[106.59841,10.21257],[106.59872,10.21331],[106.59867,10.21403],[106.59891,10.21621],[106.59924,10.21731],[106.59901,10.21773],[106.59822,10.22025],[106.59738,10.22273],[106.59676,10.22288],[106.59578,10.22582],[106.59554,10.22633],[106.59695,10.22732],[106.59791,10.22777],[106.59837,10.22753],[106.60002,10.22794],[106.60276,10.2292],[106.60365,10.22981],[106.60296,10.23034],[106.60244,10.23097],[106.60368,10.23191],[106.60572,10.23331],[106.60426,10.2338],[106.60459,10.23412],[106.60624,10.23627],[106.60771,10.23795],[106.60864,10.23885],[106.61089,10.24071],[106.61175,10.24674]]]},"properties":{"a01_tinh":"diaphanhanhchinhcaptinh_sn.42","a02_xa":"diaphanhanhchinhcapxa_2025.2467","a03_ten":"Xã Lộc Thuận","a04_tentinh":"Tỉnh Vĩnh Long","a05_truocsn":"Xã Vang Quới Đông, Xã Vang Quới Tây, Xã Lộc Thuận","a06_trungtamhc":"UBND xã Lộc Thuận","a07_dt":"42.7","a08_ds":"28704","a09_dthoai":null,"a10_web":null,"ten":"Xã Lộc Thuận","ma":"29077","tentinh":"Tỉnh Vĩnh Long","truocsapnhap":"Xã Vang Quới Đông, Xã Vang Quới Tây, Xã Lộc Thuận","dientichkm2":null,"dansonguoi":null},"id":"diaphanhanhchinhcapxa_2025.2467"},
{"type":"Feature","geometry":{"type":"Polygon","coordinates":[[[106.40386,9.73613],[106.40182,9.73591],[106.40103,9.73559],[106.39877,9.73507],[106.39706,9.73487],[106.39488,9.73493],[106.39327,9.73516],[106.39217,9.73552],[106.38998,9.73757],[106.38886,9.73626],[106.38663,9.73397],[106.38388,9.73205],[106.38062,9.73082],[106.38031,9.73035],[106.37911,9.73001],[106.37797,9.72986],[106.37378,9.72857],[106.37287,9.73041],[106.3714,9.72989],[106.37078,9.73005],[106.37,9.72938],[106.3684,9.7288],[106.36818,9.72947],[106.36485,9.72804],[106.36447,9.72905],[106.36274,9.72827],[106.36211,9.7298],[106.36068,9.72897],[106.35948,9.72806],[106.35869,9.7305],[106.35907,9.73061],[106.35866,9.73154],[106.35833,9.73162],[106.3576,9.73135],[106.35708,9.73233],[106.35567,9.73188],[106.35512,9.7326],[106.35448,9.73415],[106.35366,9.73384],[106.35315,9.73502],[106.35334,9.7352],[106.35169,9.73762],[106.34793,9.7442],[106.34593,9.74795],[106.34413,9.75107],[106.34403,9.75305],[106.34241,9.75846],[106.33959,9.758],[106.33689,9.75777],[106.33414,9.75742],[106.32953,9.75645],[106.32978,9.75372],[106.3283,9.75324],[106.32879,9.75156],[106.32711,9.75114],[106.32582,9.75101],[106.3243,9.75068],[106.32394,9.75208],[106.32281,9.75175],[106.32326,9.75131],[106.32359,9.74986],[106.32263,9.7497],[106.32246,9.75015],[106.32178,9.75001],[106.32168,9.74973],[106.32096,9.74965],[106.32099,9.74895],[106.31925,9.74853],[106.31935,9.74812],[106.31877,9.74786],[106.3194,9.74602],[106.31801,9.74566],[106.31054,9.74325],[106.30409,9.74119],[106.29184,9.73725],[106.29223,9.73065],[106.29231,9.72815],[106.29222,9.72685],[106.2907,9.72706],[106.29074,9.72395],[106.29099,9.72034],[106.29194,9.72088],[106.2924,9.7213],[106.29257,9.72032],[106.29289,9.71955],[106.29255,9.71938],[106.29269,9.71769],[106.29368,9.71775],[106.29454,9.71765],[106.29457,9.71711],[106.29532,9.71714],[106.29705,9.71759],[106.29907,9.71769],[106.30031,9.71757],[106.30182,9.71656],[106.30231,9.71642],[106.30235,9.71597],[106.30345,9.71123],[106.30538,9.71149],[106.30632,9.7089],[106.30837,9.70247],[106.30861,9.70106],[106.30905,9.7012],[106.31114,9.69109],[106.31267,9.69187],[106.3126,9.69239],[106.31371,9.69291],[106.31356,9.69341],[106.31504,9.6939],[106.31516,9.69335],[106.3158,9.69348],[106.31572,9.69406],[106.31984,9.69496],[106.32096,9.69476],[106.32084,9.69526],[106.3235,9.69571],[106.32383,9.69421],[106.32611,9.69438],[106.32651,9.69314],[106.32728,9.69337],[106.328,9.69331],[106.32754,9.69232],[106.32734,9.69118],[106.32693,9.69052],[106.32731,9.68942],[106.32942,9.69023],[106.33108,9.686],[106.33178,9.68623],[106.33202,9.68551],[106.33245,9.68567],[106.3334,9.68235],[106.33439,9.67863],[106.33506,9.67577],[106.34107,9.67782],[106.35434,9.6824],[106.358,9.68371],[106.36181,9.68527],[106.36828,9.68804],[106.37678,9.69173],[106.38331,9.69436],[106.38844,9.69653],[106.39127,9.69765],[106.39459,9.69902],[106.39537,9.69934],[106.39559,9.70081],[106.39524,9.70166],[106.39447,9.70241],[106.39661,9.70382],[106.39568,9.70541],[106.39752,9.70622],[106.39954,9.7068],[106.3998,9.70646],[106.40054,9.70707],[106.40028,9.70728],[106.40136,9.70819],[106.40176,9.70821],[106.40222,9.70864],[106.40083,9.71122],[106.40212,9.71204],[106.4028,9.71208],[106.40328,9.71152],[106.40365,9.71037],[106.40438,9.70953],[106.40552,9.70924],[106.40638,9.7099],[106.40708,9.70998],[106.40757,9.70978],[106.4086,9.70903],[106.40944,9.70803],[106.41134,9.70691],[106.41258,9.70746],[106.41359,9.70771],[106.41389,9.70753],[106.41749,9.70908],[106.41613,9.71075],[106.41615,9.71118],[106.41536,9.71226],[106.41287,9.71309],[106.41078,9.71393],[106.40903,9.71439],[106.40884,9.71505],[106.40921,9.71572],[106.40996,9.71613],[106.41097,9.71545],[106.41146,9.71544],[106.41165,9.71588],[106.41197,9.7186],[106.40964,9.72321],[106.40894,9.72467],[106.40947,9.72592],[106.41027,9.72648],[106.40999,9.72694],[106.41047,9.72722],[106.40974,9.72803],[106.40963,9.72913],[106.40927,9.73002],[106.40688,9.72853],[106.40601,9.73095],[106.40386,9.73613]]]},"properties":{"a01_tinh":"diaphanhanhchinhcaptinh_sn.42","a02_xa":"diaphanhanhchinhcapxa_2025.2516","a03_ten":"Xã Long Hiệp","a04_tentinh":"Tỉnh Vĩnh Long","a05_truocsn":"Xã Ngọc Biên, Xã Tân Hiệp, Xã Long Hiệp","a06_trungtamhc":"đang cập nhật","a07_dt":"65.17","a08_ds":"32425","a09_dthoai":null,"a10_web":null,"ten":"Xã Long Hiệp","ma":"29506","tentinh":"Tỉnh Vĩnh Long","truocsapnhap":"Xã Ngọc Biên, Xã Tân Hiệp, Xã Long Hiệp","dientichkm2":null,"dansonguoi":null},"id":"diaphanhanhchinhcapxa_2025.2516"},
{"type":"Feature","geometry":{"type":"Polygon","coordinates":[[[105.99865,10.22365],[105.99611,10.22666],[105.9953,10.2277],[105.99398,10.22965],[105.99282,10.23158],[105.99268,10.23193],[105.99221,10.22987],[105.99181,10.22917],[105.99027,10.22797],[105.98939,10.22764],[105.98858,10.22777],[105.9879,10.22766],[105.98649,10.22679],[105.98588,10.22617],[105.98514,10.22519],[105.98377,10.22364],[105.98347,10.2229],[105.98281,10.22317],[105.98012,10.22738],[105.97958,10.22782],[105.97913,10.22774],[105.97693,10.2266],[105.97537,10.22441],[105.97443,10.22237],[105.97355,10.22111],[105.97313,10.21993],[105.97283,10.21768],[105.97314,10.21639],[105.97282,10.21589],[105.9704,10.21498],[105.96995,10.21463],[105.96994,10.21323],[105.96979,10.21277],[105.96897,10.21177],[105.96708,10.21041],[105.9668,10.20997],[105.96629,10.20783],[105.96602,10.20752],[105.96511,10.20711],[105.96464,10.2065],[105.96382,10.20633],[105.96262,10.20666],[105.96213,10.20624],[105.96222,10.20339],[105.96251,10.20228],[105.96235,10.20075],[105.96206,10.19978],[105.96203,10.19915],[105.96237,10.19732],[105.96213,10.19537],[105.96132,10.19325],[105.96049,10.19193],[105.96204,10.19163],[105.96413,10.19015],[105.9646,10.18933],[105.96541,10.18865],[105.96765,10.18643],[105.96953,10.18491],[105.97028,10.18462],[105.97191,10.18453],[105.97245,10.18441],[105.97332,10.1865],[105.97368,10.18714],[105.97413,10.18751],[105.97445,10.1872],[105.97409,10.18595],[105.97538,10.18515],[105.97317,10.18073],[105.97395,10.18026],[105.97457,10.17963],[105.97372,10.17811],[105.97279,10.1767],[105.96982,10.17236],[105.96663,10.16778],[105.96425,10.16411],[105.96739,10.16164],[105.97139,10.15839],[105.97309,10.15711],[105.97374,10.15686],[105.97748,10.15454],[105.97881,10.15385],[105.97953,10.15331],[105.98085,10.15186],[105.98144,10.1522],[105.98507,10.15],[105.98627,10.14965],[105.99175,10.14791],[105.99282,10.14761],[105.99579,10.14819],[105.99593,10.1481],[105.9967,10.1466],[105.99749,10.14529],[105.99952,10.14132],[106.00061,10.13996],[106.00219,10.13832],[106.00467,10.13566],[106.00496,10.13542],[106.00486,10.13465],[106.0042,10.13429],[106.00424,10.13354],[106.0072,10.1338],[106.0075,10.13397],[106.00949,10.13448],[106.0097,10.13466],[106.0113,10.13499],[106.01208,10.13531],[106.01302,10.13532],[106.01906,10.13691],[106.0227,10.1378],[106.02286,10.13876],[106.02787,10.14151],[106.02851,10.14206],[106.03177,10.14626],[106.02891,10.14914],[106.02662,10.15057],[106.02584,10.15246],[106.02507,10.15343],[106.02458,10.15542],[106.02349,10.15741],[106.02275,10.15845],[106.02301,10.15893],[106.02148,10.15947],[106.02054,10.16331],[106.02097,10.16522],[106.02132,10.16513],[106.02234,10.16884],[106.02289,10.17066],[106.02385,10.17043],[106.02441,10.17419],[106.02482,10.17752],[106.025,10.17799],[106.02364,10.18024],[106.02327,10.18119],[106.02272,10.18149],[106.02341,10.18315],[106.02183,10.18406],[106.02199,10.18445],[106.02046,10.18544],[106.02252,10.18913],[106.02336,10.19037],[106.023,10.19097],[106.02337,10.19242],[106.02289,10.19281],[106.02174,10.19294],[106.01988,10.19343],[106.01815,10.19326],[106.01686,10.19299],[106.0161,10.19272],[106.01562,10.19286],[106.01481,10.19398],[106.01359,10.19454],[106.01244,10.19471],[106.01136,10.19585],[106.01053,10.19714],[106.00952,10.1991],[106.00881,10.20075],[106.00752,10.2032],[106.00636,10.20577],[106.00555,10.2073],[106.0044,10.20849],[106.00345,10.2091],[106.00178,10.20997],[106.00118,10.2105],[106.00083,10.21118],[106.00099,10.21206],[106.00178,10.21314],[106.0031,10.21457],[106.00324,10.21544],[106.00276,10.21657],[105.99988,10.2217],[105.99865,10.22365]]]},"properties":{"a01_tinh":"diaphanhanhchinhcaptinh_sn.42","a02_xa":"diaphanhanhchinhcapxa_2025.2527","a03_ten":"Xã Long Hồ","a04_tentinh":"Tỉnh Vĩnh Long","a05_truocsn":"Thị trấn Long Hồ, Xã Long An, Xã Long Phước","a06_trungtamhc":"đang cập nhật","a07_dt":"47.64","a08_ds":"54312","a09_dthoai":null,"a10_web":null,"ten":"Xã Long Hồ","ma":"29602","tentinh":"Tỉnh Vĩnh Long","truocsapnhap":"Thị trấn Long Hồ, Xã Long An, Xã Long Phước","dientichkm2":null,"dansonguoi":null},"id":"diaphanhanhchinhcapxa_2025.2527"},
{"type":"Feature","geometry":{"type":"Polygon","coordinates":[[[106.51085,9.89299],[106.50884,9.8956],[106.50553,9.90049],[106.50178,9.90523],[106.49251,9.9127],[106.48884,9.90839],[106.48832,9.90784],[106.48717,9.90635],[106.48659,9.90612],[106.48548,9.90477],[106.48551,9.90449],[106.48462,9.90343],[106.48383,9.90421],[106.48073,9.90047],[106.48046,9.89966],[106.47961,9.89899],[106.47947,9.89787],[106.47911,9.89712],[106.47833,9.89607],[106.47789,9.89579],[106.47755,9.89524],[106.47674,9.89436],[106.47597,9.89415],[106.47579,9.89343],[106.47486,9.89318],[106.47438,9.89257],[106.47333,9.89174],[106.47215,9.89126],[106.4712,9.89058],[106.47043,9.89046],[106.46888,9.88932],[106.46616,9.89138],[106.46141,9.89474],[106.45671,9.89781],[106.4532,9.90003],[106.45096,9.9015],[106.44587,9.89689],[106.4669,9.87398],[106.47004,9.87068],[106.47231,9.86845],[106.47376,9.86755],[106.47767,9.86384],[106.47837,9.86304],[106.4817,9.86014],[106.48384,9.85804],[106.48494,9.85676],[106.4863,9.85541],[106.48834,9.85304],[106.49154,9.85333],[106.49302,9.85337],[106.49566,9.85176],[106.49634,9.85116],[106.49749,9.8504],[106.4991,9.84888],[106.50178,9.84566],[106.50765,9.84035],[106.50808,9.83986],[106.50998,9.83698],[106.51155,9.83401],[106.51323,9.83022],[106.52093,9.83334],[106.52357,9.83077],[106.52562,9.82966],[106.52752,9.82886],[106.52873,9.82866],[106.53164,9.82872],[106.53343,9.82905],[106.53507,9.82964],[106.53689,9.83056],[106.54004,9.83342],[106.54183,9.83459],[106.54264,9.8352],[106.54333,9.83623],[106.54499,9.84079],[106.54577,9.84263],[106.54621,9.84459],[106.54622,9.84634],[106.54596,9.8476],[106.54481,9.84896],[106.55224,9.85239],[106.55124,9.85361],[106.54901,9.85572],[106.54688,9.85741],[106.54232,9.86065],[106.53428,9.86661],[106.53303,9.86755],[106.52626,9.874],[106.52341,9.87719],[106.52236,9.87845],[106.52081,9.88052],[106.51966,9.88186],[106.5181,9.88389],[106.51575,9.88665],[106.51388,9.88903],[106.51085,9.89299]]]},"properties":{"a01_tinh":"diaphanhanhchinhcaptinh_sn.42","a02_xa":"diaphanhanhchinhcapxa_2025.2505","a03_ten":"Xã Long Hòa","a04_tentinh":"Tỉnh Vĩnh Long","a05_truocsn":"giữ nguyên","a06_trungtamhc":"UBND xã Long Hoà","a07_dt":"52.67","a08_ds":"13309","a09_dthoai":null,"a10_web":null,"ten":"Xã Long Hòa","ma":"29413","tentinh":"Tỉnh Vĩnh Long","truocsapnhap":"giữ nguyên","dientichkm2":null,"dansonguoi":null},"id":"diaphanhanhchinhcapxa_2025.2505"},
{"type":"Feature","geometry":{"type":"Polygon","coordinates":[[[106.57074,9.69518],[106.5694,9.69594],[106.56972,9.69697],[106.5698,9.69867],[106.57044,9.70217],[106.5707,9.70641],[106.5707,9.70896],[106.5706,9.71076],[106.57039,9.71229],[106.57028,9.7141],[106.57003,9.71593],[106.56979,9.71691],[106.56946,9.72023],[106.56968,9.72092],[106.56964,9.72282],[106.56913,9.72366],[106.56836,9.72764],[106.56825,9.72879],[106.56888,9.72886],[106.56781,9.73613],[106.56732,9.73811],[106.56636,9.73984],[106.56539,9.74067],[106.56463,9.74202],[106.56424,9.74254],[106.56144,9.74462],[106.56118,9.74449],[106.56049,9.74493],[106.55968,9.74522],[106.55918,9.74605],[106.55736,9.74793],[106.55673,9.74881],[106.55544,9.75004],[106.553,9.75153],[106.55238,9.7517],[106.5512,9.75176],[106.5492,9.75163],[106.54775,9.75146],[106.54657,9.75116],[106.54516,9.75132],[106.54433,9.75088],[106.543,9.75091],[106.54247,9.74898],[106.54216,9.7481],[106.53995,9.7443],[106.53964,9.74354],[106.53899,9.74244],[106.53808,9.74057],[106.53753,9.7397],[106.53592,9.73809],[106.53447,9.73697],[106.53351,9.73581],[106.53268,9.73459],[106.53164,9.73344],[106.528,9.73134],[106.52738,9.73067],[106.52731,9.73017],[106.52781,9.72947],[106.52778,9.72851],[106.52745,9.72788],[106.52688,9.72732],[106.52513,9.72625],[106.52387,9.72539],[106.52296,9.72425],[106.52235,9.72373],[106.52068,9.72274],[106.51927,9.72208],[106.51947,9.72148],[106.51983,9.71955],[106.52016,9.71736],[106.51528,9.71429],[106.51352,9.71321],[106.50315,9.70664],[106.50183,9.70584],[106.50129,9.70684],[106.49957,9.70583],[106.49858,9.70639],[106.498,9.70645],[106.49763,9.70573],[106.49655,9.70609],[106.49681,9.70508],[106.49572,9.70496],[106.49495,9.70576],[106.49455,9.70527],[106.49463,9.70488],[106.4957,9.7037],[106.49501,9.70315],[106.49454,9.70227],[106.49455,9.70166],[106.49108,9.7003],[106.49003,9.70013],[106.48933,9.70024],[106.48886,9.69979],[106.48762,9.69949],[106.48676,9.69906],[106.48575,9.69895],[106.48495,9.69834],[106.48461,9.69781],[106.4836,9.69814],[106.48244,9.69822],[106.48145,9.69847],[106.48134,9.69922],[106.48082,9.69907],[106.48073,9.69986],[106.48032,9.70083],[106.47937,9.70029],[106.47346,9.69766],[106.46865,9.69615],[106.46903,9.69486],[106.46562,9.69414],[106.46441,9.69417],[106.46433,9.6925],[106.46486,9.69025],[106.4658,9.6884],[106.4644,9.68762],[106.46269,9.68697],[106.46339,9.68528],[106.46346,9.6847],[106.46323,9.68405],[106.46237,9.68382],[106.46101,9.68289],[106.45953,9.68231],[106.45919,9.68202],[106.46137,9.67891],[106.46157,9.67755],[106.46161,9.67636],[106.46184,9.67392],[106.46089,9.67355],[106.46087,9.67242],[106.46107,9.67057],[106.45968,9.67019],[106.4573,9.66985],[106.45734,9.66941],[106.45661,9.66926],[106.45721,9.66605],[106.45794,9.66614],[106.45827,9.6644],[106.45808,9.66437],[106.45827,9.66304],[106.4567,9.66297],[106.45662,9.66148],[106.45692,9.65967],[106.45686,9.65874],[106.45732,9.65588],[106.45821,9.65618],[106.45907,9.65689],[106.45974,9.65704],[106.45993,9.65624],[106.46063,9.65648],[106.46037,9.65777],[106.46194,9.65785],[106.46268,9.65803],[106.46424,9.65793],[106.46443,9.65846],[106.46569,9.65881],[106.46664,9.6585],[106.46749,9.65866],[106.46752,9.65891],[106.46897,9.65911],[106.46937,9.6594],[106.46983,9.65933],[106.4725,9.66029],[106.47371,9.66046],[106.47486,9.6608],[106.47608,9.6609],[106.47795,9.66125],[106.48017,9.66152],[106.48198,9.66184],[106.48215,9.66145],[106.48382,9.66185],[106.48482,9.6625],[106.4869,9.66324],[106.48683,9.66358],[106.49012,9.66386],[106.49074,9.66349],[106.49118,9.66378],[106.49225,9.66407],[106.49247,9.66462],[106.49189,9.66548],[106.48979,9.6676],[106.4894,9.66819],[106.48918,9.66914],[106.48942,9.67015],[106.48971,9.67066],[106.49056,9.67158],[106.49084,9.67231],[106.4935,9.6729],[106.49469,9.67351],[106.49576,9.67442],[106.49655,9.67551],[106.49718,9.67607],[106.49963,9.67758],[106.50055,9.67791],[106.50178,9.67803],[106.50322,9.6777],[106.50372,9.67798],[106.50402,9.67846],[106.50462,9.6807],[106.50541,9.68248],[106.50415,9.68358],[106.5034,9.68464],[106.50279,9.68519],[106.50321,9.68539],[106.50228,9.68732],[106.50174,9.68704],[106.50098,9.68834],[106.50126,9.68881],[106.50043,9.69003],[106.50012,9.68984],[106.49966,9.69062],[106.49978,9.69103],[106.4991,9.69241],[106.50002,9.69287],[106.49971,9.69362],[106.50013,9.69365],[106.50144,9.69408],[106.50178,9.69437],[106.50384,9.69516],[106.50476,9.6956],[106.50475,9.69626],[106.50544,9.69593],[106.50872,9.69766],[106.50891,9.69801],[106.50962,9.6985],[106.51038,9.6972],[106.51027,9.6971],[106.51101,9.69578],[106.51163,9.69532],[106.51227,9.69446],[106.51323,9.69345],[106.5136,9.69282],[106.51275,9.6925],[106.5118,9.69136],[106.51117,9.69114],[106.51057,9.69028],[106.51037,9.68946],[106.51112,9.68848],[106.51232,9.68761],[106.51256,9.68722],[106.51254,9.68639],[106.5123,9.6859],[106.51157,9.68531],[106.50981,9.68473],[106.5094,9.68446],[106.50934,9.68347],[106.5098,9.68321],[106.5111,9.68312],[106.51221,9.68341],[106.51436,9.68444],[106.51511,9.68446],[106.51572,9.68416],[106.51609,9.68374],[106.51672,9.68249],[106.51728,9.68194],[106.51831,9.68184],[106.52061,9.68321],[106.52191,9.6837],[106.52323,9.68384],[106.52544,9.6837],[106.52658,9.68374],[106.52788,9.68391],[106.52949,9.68399],[106.53038,9.68387],[106.53194,9.68348],[106.53428,9.68306],[106.53527,9.68275],[106.53703,9.6826],[106.53871,9.68271],[106.53885,9.68296],[106.54063,9.68412],[106.54403,9.68528],[106.54667,9.68626],[106.55025,9.688],[106.55213,9.68885],[106.55383,9.68926],[106.55539,9.68908],[106.55743,9.68831],[106.55926,9.68727],[106.5603,9.68692],[106.5613,9.68685],[106.56224,9.6874],[106.56291,9.68846],[106.56458,9.69003],[106.57074,9.69518]]]},"properties":{"a01_tinh":"diaphanhanhchinhcaptinh_sn.42","a02_xa":"diaphanhanhchinhcapxa_2025.2519","a03_ten":"Xã Long Hữu","a04_tentinh":"Tỉnh Vĩnh Long","a05_truocsn":"Xã Hiệp Thạnh, Xã Long Hữu","a06_trungtamhc":"đang cập nhật","a07_dt":"67.28","a08_ds":"15321","a09_dthoai":null,"a10_web":null,"ten":"Xã Long Hữu","ma":"29518","tentinh":"Tỉnh Vĩnh Long","truocsapnhap":"Xã Hiệp Thạnh, Xã Long Hữu","dientichkm2":null,"dansonguoi":null},"id":"diaphanhanhchinhcapxa_2025.2519"},
{"type":"Feature","geometry":{"type":"Polygon","coordinates":[[[106.48448,9.60143],[106.47477,9.61169],[106.47201,9.61443],[106.4708,9.61572],[106.47016,9.6163],[106.46731,9.61912],[106.46537,9.62116],[106.46157,9.6231],[106.45891,9.62398],[106.45786,9.62426],[106.45486,9.62463],[106.45048,9.6251],[106.4503,9.62507],[106.44642,9.62557],[106.44442,9.62578],[106.44345,9.62599],[106.44192,9.62645],[106.4419,9.62937],[106.44175,9.63218],[106.44172,9.63505],[106.44208,9.63933],[106.44197,9.64028],[106.44163,9.64113],[106.44019,9.64293],[106.4398,9.6438],[106.43749,9.64349],[106.4377,9.64188],[106.43794,9.63916],[106.43817,9.63719],[106.4381,9.63658],[106.43212,9.63725],[106.43168,9.63702],[106.42996,9.63736],[106.42863,9.63755],[106.42718,9.63786],[106.42326,9.63774],[106.42321,9.63604],[106.42263,9.63605],[106.42122,9.63664],[106.42084,9.6369],[106.4197,9.6369],[106.41851,9.63733],[106.41727,9.63849],[106.41658,9.63711],[106.41634,9.63627],[106.41628,9.63501],[106.41632,9.63205],[106.41644,9.62979],[106.41262,9.63025],[106.40642,9.63113],[106.40634,9.63114],[106.40674,9.62807],[106.40664,9.6267],[106.4067,9.62588],[106.4062,9.62549],[106.40567,9.62561],[106.40523,9.62537],[106.40521,9.6247],[106.40563,9.62202],[106.40377,9.6218],[106.40336,9.62245],[106.40215,9.62221],[106.40218,9.62174],[106.40014,9.62126],[106.39986,9.62315],[106.39919,9.62306],[106.39641,9.62218],[106.39574,9.62214],[106.39436,9.62175],[106.39275,9.62139],[106.38689,9.61992],[106.38607,9.61961],[106.3851,9.61943],[106.38578,9.61868],[106.38616,9.61804],[106.38639,9.61726],[106.38624,9.61594],[106.38653,9.61532],[106.38742,9.61516],[106.3889,9.61545],[106.38909,9.61447],[106.39108,9.61012],[106.39163,9.60874],[106.39219,9.60761],[106.39294,9.60765],[106.39297,9.60627],[106.39318,9.60575],[106.39307,9.6052],[106.39313,9.60426],[106.39305,9.60278],[106.39314,9.60005],[106.39363,9.59976],[106.39354,9.59876],[106.39383,9.59864],[106.39406,9.59689],[106.39361,9.59661],[106.39233,9.59427],[106.39302,9.59353],[106.39359,9.59315],[106.39391,9.59238],[106.3944,9.59175],[106.39438,9.59131],[106.39476,9.59042],[106.39465,9.59023],[106.39294,9.58913],[106.39142,9.58915],[106.39086,9.58862],[106.38995,9.58862],[106.38914,9.58785],[106.38811,9.58708],[106.38697,9.58523],[106.38634,9.58436],[106.38489,9.58378],[106.38453,9.58323],[106.38581,9.58036],[106.38658,9.57815],[106.38675,9.57697],[106.38672,9.57473],[106.38813,9.57459],[106.39028,9.57462],[106.39165,9.57492],[106.39265,9.5748],[106.39328,9.57432],[106.39389,9.57256],[106.3948,9.57174],[106.39651,9.5699],[106.39719,9.56886],[106.39859,9.56838],[106.39986,9.56671],[106.40039,9.56663],[106.40126,9.56696],[106.40213,9.567],[106.40359,9.56863],[106.40394,9.56914],[106.40414,9.57009],[106.40413,9.5713],[106.40425,9.57235],[106.40448,9.57321],[106.40507,9.57427],[106.40668,9.57645],[106.40807,9.578],[106.40924,9.57939],[106.40946,9.57985],[106.40991,9.58147],[106.41016,9.58197],[106.41109,9.58229],[106.41181,9.58313],[106.41264,9.58369],[106.41472,9.58567],[106.41511,9.58563],[106.41582,9.58516],[106.41683,9.58499],[106.41816,9.58454],[106.41946,9.58468],[106.41987,9.58443],[106.4203,9.58459],[106.42065,9.58538],[106.42241,9.58572],[106.42321,9.58558],[106.42351,9.58583],[106.42428,9.58528],[106.42483,9.58436],[106.42438,9.58353],[106.42501,9.58355],[106.42518,9.58276],[106.42509,9.58184],[106.4248,9.58083],[106.42468,9.57875],[106.42527,9.57761],[106.42533,9.57682],[106.42618,9.57646],[106.42662,9.57598],[106.42659,9.57547],[106.42741,9.57466],[106.42789,9.57452],[106.42957,9.57366],[106.43034,9.57438],[106.43115,9.5749],[106.43196,9.57494],[106.43234,9.57405],[106.43281,9.57359],[106.43413,9.57264],[106.4339,9.57155],[106.43381,9.56942],[106.43343,9.56684],[106.43359,9.56469],[106.43548,9.56558],[106.43732,9.56601],[106.43962,9.56678],[106.44048,9.56717],[106.44194,9.56767],[106.44247,9.56769],[106.44356,9.56737],[106.44397,9.56751],[106.44443,9.56816],[106.4454,9.56918],[106.44604,9.57024],[106.44759,9.57046],[106.44799,9.57096],[106.44867,9.57081],[106.44969,9.57085],[106.45052,9.57038],[106.45093,9.57139],[106.45226,9.57169],[106.45355,9.57266],[106.45414,9.57285],[106.45468,9.57278],[106.45563,9.57171],[106.45664,9.57184],[106.45753,9.57178],[106.45735,9.57047],[106.45799,9.56946],[106.45842,9.56842],[106.46357,9.5711],[106.46968,9.57451],[106.47149,9.57548],[106.47096,9.57579],[106.47047,9.57642],[106.46937,9.5782],[106.46839,9.57957],[106.46805,9.58072],[106.46621,9.58738],[106.46451,9.59373],[106.46624,9.59395],[106.46696,9.59454],[106.46759,9.59576],[106.46824,9.59635],[106.46964,9.59633],[106.47086,9.59645],[106.47202,9.59644],[106.47277,9.59597],[106.47359,9.59627],[106.47725,9.59799],[106.47957,9.59916],[106.48378,9.60122],[106.48448,9.60143]]]},"properties":{"a01_tinh":"diaphanhanhchinhcaptinh_sn.42","a02_xa":"diaphanhanhchinhcapxa_2025.2517","a03_ten":"Xã Long Thành","a04_tentinh":"Tỉnh Vĩnh Long","a05_truocsn":"Thị trấn Long Thành, Xã Long Khánh","a06_trungtamhc":"đang cập nhật","a07_dt":"51.51","a08_ds":"15429","a09_dthoai":null,"a10_web":null,"ten":"Xã Long Thành","ma":"29513","tentinh":"Tỉnh Vĩnh Long","truocsapnhap":"Thị trấn Long Thành, Xã Long Khánh","dientichkm2":null,"dansonguoi":null},"id":"diaphanhanhchinhcapxa_2025.2517"},
{"type":"Feature","geometry":{"type":"Polygon","coordinates":[[[106.40634,9.63114],[106.4046,9.6314],[106.39891,9.63195],[106.39836,9.6319],[106.3944,9.63094],[106.38408,9.62903],[106.38185,9.6286],[106.38098,9.62851],[106.37393,9.6272],[106.37293,9.62697],[106.3682,9.62608],[106.36185,9.62497],[106.35741,9.62398],[106.35287,9.62313],[106.3483,9.62211],[106.34382,9.62129],[106.34055,9.62062],[106.33505,9.61974],[106.33144,9.61912],[106.32411,9.6178],[106.31495,9.6161],[106.31052,9.61518],[106.30773,9.61453],[106.30599,9.61401],[106.30269,9.61342],[106.29551,9.61229],[106.28996,9.61126],[106.28762,9.61092],[106.28549,9.61051],[106.28374,9.61005],[106.28235,9.6095],[106.2796,9.60809],[106.27738,9.60681],[106.27504,9.60512],[106.2733,9.60369],[106.28267,9.59741],[106.28746,9.59463],[106.29817,9.58847],[106.30599,9.59692],[106.3072,9.59641],[106.30989,9.59478],[106.31187,9.59371],[106.31336,9.59274],[106.31409,9.59242],[106.31456,9.59189],[106.31689,9.5905],[106.31871,9.58953],[106.3222,9.58774],[106.32409,9.58662],[106.32873,9.58371],[106.33107,9.58205],[106.33358,9.58018],[106.33657,9.57758],[106.33887,9.57598],[106.3404,9.57465],[106.34461,9.57138],[106.34566,9.57042],[106.34647,9.56948],[106.34707,9.56908],[106.34736,9.56824],[106.35045,9.5644],[106.35307,9.56185],[106.35664,9.55769],[106.35966,9.55471],[106.36027,9.55421],[106.36083,9.55401],[106.36133,9.55473],[106.36177,9.5548],[106.36259,9.55403],[106.36312,9.55428],[106.36349,9.55399],[106.36359,9.55302],[106.36391,9.55298],[106.36448,9.55224],[106.36615,9.5516],[106.36672,9.55058],[106.36734,9.55055],[106.36802,9.55276],[106.36876,9.55461],[106.36978,9.55398],[106.36936,9.55319],[106.36864,9.55109],[106.36802,9.54826],[106.36778,9.54747],[106.36769,9.54655],[106.3678,9.54583],[106.36885,9.54365],[106.36906,9.54297],[106.36936,9.54079],[106.36936,9.53992],[106.36901,9.53833],[106.36882,9.53703],[106.36842,9.53661],[106.36868,9.53605],[106.36851,9.53501],[106.36805,9.53441],[106.36823,9.53414],[106.37027,9.53348],[106.37119,9.53305],[106.37249,9.5319],[106.3739,9.53138],[106.37509,9.53135],[106.37886,9.532],[106.38174,9.53219],[106.3828,9.53243],[106.38448,9.53314],[106.38584,9.53431],[106.38636,9.53423],[106.38792,9.53359],[106.3888,9.53338],[106.38949,9.53337],[106.39129,9.53388],[106.39258,9.53444],[106.39434,9.53563],[106.39513,9.53654],[106.39658,9.53781],[106.39756,9.53893],[106.39658,9.54046],[106.3953,9.54101],[106.39433,9.54155],[106.39104,9.5442],[106.39068,9.54481],[106.39079,9.54571],[106.39064,9.54647],[106.3908,9.54832],[106.39113,9.54919],[106.39079,9.55074],[106.39157,9.55131],[106.39266,9.55123],[106.39365,9.55163],[106.39296,9.55277],[106.39312,9.5537],[106.39334,9.55381],[106.39352,9.55486],[106.39406,9.55629],[106.39341,9.55776],[106.39344,9.55818],[106.39307,9.5585],[106.39206,9.55867],[106.39113,9.55846],[106.3908,9.55899],[106.38957,9.55969],[106.38898,9.56061],[106.38887,9.56155],[106.38942,9.56211],[106.38969,9.56276],[106.38968,9.56347],[106.39066,9.56458],[106.3908,9.565],[106.39074,9.56588],[106.39141,9.56647],[106.39297,9.56664],[106.39368,9.56694],[106.39475,9.56709],[106.39553,9.56814],[106.39655,9.56819],[106.39719,9.56886],[106.39651,9.5699],[106.3948,9.57174],[106.39389,9.57256],[106.39328,9.57432],[106.39265,9.5748],[106.39165,9.57492],[106.39028,9.57462],[106.38813,9.57459],[106.38672,9.57473],[106.38675,9.57697],[106.38658,9.57815],[106.38581,9.58036],[106.38453,9.58323],[106.38489,9.58378],[106.38634,9.58436],[106.38697,9.58523],[106.38811,9.58708],[106.38914,9.58785],[106.38995,9.58862],[106.39086,9.58862],[106.39142,9.58915],[106.39294,9.58913],[106.39465,9.59023],[106.39476,9.59042],[106.39438,9.59131],[106.3944,9.59175],[106.39391,9.59238],[106.39359,9.59315],[106.39302,9.59353],[106.39233,9.59427],[106.39361,9.59661],[106.39406,9.59689],[106.39383,9.59864],[106.39354,9.59876],[106.39363,9.59976],[106.39314,9.60005],[106.39305,9.60278],[106.39313,9.60426],[106.39307,9.6052],[106.39318,9.60575],[106.39297,9.60627],[106.39294,9.60765],[106.39219,9.60761],[106.39163,9.60874],[106.39108,9.61012],[106.38909,9.61447],[106.3889,9.61545],[106.38742,9.61516],[106.38653,9.61532],[106.38624,9.61594],[106.38639,9.61726],[106.38616,9.61804],[106.38578,9.61868],[106.3851,9.61943],[106.38607,9.61961],[106.38689,9.61992],[106.39275,9.62139],[106.39436,9.62175],[106.39574,9.62214],[106.39641,9.62218],[106.39919,9.62306],[106.39986,9.62315],[106.40014,9.62126],[106.40218,9.62174],[106.40215,9.62221],[106.40336,9.62245],[106.40377,9.6218],[106.40563,9.62202],[106.40521,9.6247],[106.40523,9.62537],[106.40567,9.62561],[106.4062,9.62549],[106.4067,9.62588],[106.40664,9.6267],[106.40674,9.62807],[106.40634,9.63114]]]},"properties":{"a01_tinh":"diaphanhanhchinhcaptinh_sn.42","a02_xa":"diaphanhanhchinhcapxa_2025.2522","a03_ten":"Xã Long Vĩnh","a04_tentinh":"Tỉnh Vĩnh Long","a05_truocsn":"giữ nguyên","a06_trungtamhc":"UBND xã Long Vĩnh","a07_dt":"96.37","a08_ds":"16344","a09_dthoai":null,"a10_web":null,"ten":"Xã Long Vĩnh","ma":"29533","tentinh":"Tỉnh Vĩnh Long","truocsapnhap":"giữ nguyên","dientichkm2":null,"dansonguoi":null},"id":"diaphanhanhchinhcapxa_2025.2522"},
{"type":"Feature","geometry":{"type":"Polygon","coordinates":[[[105.9162,9.9648],[105.91416,9.96646],[105.91161,9.96821],[105.91017,9.96888],[105.90796,9.9703],[105.90634,9.97122],[105.90535,9.97167],[105.90245,9.97262],[105.90038,9.97346],[105.89814,9.97428],[105.89566,9.97528],[105.89275,9.97674],[105.89113,9.97792],[105.88969,9.97912],[105.88841,9.98036],[105.88621,9.98216],[105.88301,9.98424],[105.88097,9.98537],[105.87916,9.98616],[105.87601,9.98735],[105.87308,9.98853],[105.872,9.98913],[105.87037,9.98948],[105.86956,9.99004],[105.86727,9.99097],[105.866,9.99185],[105.86532,9.9921],[105.86242,9.99292],[105.8617,9.99303],[105.8586,9.99385],[105.85774,9.9942],[105.85484,9.99521],[105.85428,9.99565],[105.853,9.99635],[105.85003,9.99772],[105.84874,9.99806],[105.84553,9.99864],[105.84353,9.99862],[105.84187,9.9985],[105.83958,9.99812],[105.83708,9.99752],[105.83511,9.99674],[105.83362,9.9958],[105.83699,9.9917],[105.84241,9.98473],[105.84409,9.98245],[105.84683,9.97988],[105.85163,9.97424],[105.85348,9.97235],[105.85911,9.96733],[105.86936,9.95838],[105.87678,9.95232],[105.87896,9.95062],[105.88506,9.94609],[105.89675,9.93804],[105.90068,9.93586],[105.9059,9.93299],[105.90803,9.93284],[105.9123,9.93277],[105.91429,9.93266],[105.91779,9.93177],[105.91993,9.93088],[105.92159,9.92991],[105.92289,9.92881],[105.92593,9.9264],[105.93196,9.92118],[105.93928,9.91551],[105.94442,9.91225],[105.9473,9.91037],[105.95138,9.9073],[105.95273,9.90662],[105.95954,9.90289],[105.96097,9.90166],[105.96307,9.89952],[105.96424,9.89822],[105.96696,9.89448],[105.96886,9.8917],[105.97053,9.88988],[105.97275,9.88792],[105.97374,9.88722],[105.97579,9.88613],[105.97939,9.88463],[105.97893,9.88635],[105.97841,9.88772],[105.9767,9.89146],[105.97511,9.89403],[105.97173,9.89831],[105.96923,9.90123],[105.96617,9.90468],[105.96111,9.9102],[105.95978,9.91209],[105.95826,9.91489],[105.9568,9.91709],[105.95477,9.91957],[105.9532,9.92121],[105.95165,9.92269],[105.95088,9.92357],[105.94963,9.92531],[105.94663,9.93086],[105.94417,9.93648],[105.94317,9.93847],[105.94232,9.94043],[105.94214,9.94159],[105.94077,9.94263],[105.93955,9.94371],[105.93638,9.94663],[105.93195,9.95064],[105.92887,9.95286],[105.927,9.95428],[105.92521,9.95593],[105.92308,9.95813],[105.92042,9.9611],[105.91927,9.96221],[105.9162,9.9648]]]},"properties":{"a01_tinh":"diaphanhanhchinhcaptinh_sn.42","a02_xa":"diaphanhanhchinhcapxa_2025.2559","a03_ten":"Xã Lục Sĩ Thành","a04_tentinh":"Tỉnh Vĩnh Long","a05_truocsn":"Xã Phú Thành, Xã Lục Sĩ Thành","a06_trungtamhc":"đang cập nhật","a07_dt":"43.52","a08_ds":"23457","a09_dthoai":null,"a10_web":null,"ten":"Xã Lục Sĩ Thành","ma":"29857","tentinh":"Tỉnh Vĩnh Long","truocsapnhap":"Xã Phú Thành, Xã Lục Sĩ Thành","dientichkm2":null,"dansonguoi":null},"id":"diaphanhanhchinhcapxa_2025.2559"},
{"type":"Feature","geometry":{"type":"Polygon","coordinates":[[[106.49192,10.23486],[106.48994,10.23643],[106.48765,10.23856],[106.48643,10.23958],[106.4846,10.24092],[106.48056,10.24351],[106.47794,10.24492],[106.47653,10.24553],[106.475,10.24609],[106.47277,10.24672],[106.46685,10.24806],[106.46355,10.24899],[106.45689,10.25141],[106.45125,10.2541],[106.45023,10.25475],[106.44858,10.25625],[106.4461,10.2592],[106.44505,10.2607],[106.44411,10.26218],[106.44297,10.2636],[106.44121,10.26487],[106.43991,10.26554],[106.43867,10.26374],[106.43805,10.26219],[106.43648,10.25678],[106.43592,10.25518],[106.43513,10.2526],[106.43394,10.24899],[106.43291,10.24555],[106.43141,10.24043],[106.43109,10.23875],[106.43073,10.23743],[106.42998,10.23587],[106.42942,10.23517],[106.43067,10.23473],[106.43119,10.23471],[106.43206,10.235],[106.43267,10.23452],[106.43396,10.23453],[106.43389,10.23389],[106.43427,10.2337],[106.43427,10.23134],[106.4341,10.22975],[106.43581,10.22982],[106.43598,10.22867],[106.43668,10.2285],[106.43582,10.22723],[106.43564,10.22631],[106.43636,10.22648],[106.43789,10.22711],[106.43848,10.22556],[106.43805,10.22545],[106.43829,10.22367],[106.43723,10.22372],[106.43616,10.21951],[106.43631,10.21927],[106.43729,10.21923],[106.43744,10.218],[106.43705,10.2178],[106.43537,10.21768],[106.43479,10.21746],[106.43355,10.21738],[106.43389,10.21563],[106.43399,10.2136],[106.43438,10.21129],[106.43469,10.20988],[106.43627,10.20409],[106.43784,10.19913],[106.43894,10.1962],[106.43964,10.19387],[106.44044,10.19221],[106.44129,10.19107],[106.44273,10.18981],[106.4455,10.18783],[106.44793,10.18601],[106.44764,10.18418],[106.44722,10.18282],[106.4472,10.18201],[106.44746,10.18147],[106.44797,10.18103],[106.44906,10.1804],[106.44972,10.17978],[106.44995,10.17902],[106.44972,10.17656],[106.44972,10.17485],[106.45038,10.17181],[106.45065,10.16962],[106.45047,10.16864],[106.45222,10.16753],[106.4529,10.16703],[106.45377,10.16602],[106.45429,10.16525],[106.45532,10.16562],[106.45577,10.16482],[106.45721,10.16514],[106.45832,10.16257],[106.46134,10.16295],[106.4617,10.16293],[106.46206,10.1634],[106.46286,10.1633],[106.46603,10.16413],[106.46767,10.16466],[106.46839,10.16473],[106.46819,10.16555],[106.46966,10.16561],[106.47012,10.16572],[106.47108,10.16642],[106.47151,10.16711],[106.47177,10.16819],[106.47243,10.16862],[106.47452,10.16867],[106.47594,10.1679],[106.47719,10.16761],[106.47772,10.16766],[106.47812,10.16798],[106.4783,10.16896],[106.47817,10.17073],[106.47831,10.17134],[106.47829,10.17284],[106.47845,10.17374],[106.479,10.17533],[106.4791,10.17605],[106.47848,10.17679],[106.47836,10.17729],[106.47852,10.17963],[106.47807,10.17972],[106.47524,10.18124],[106.47456,10.18021],[106.47399,10.18054],[106.47273,10.1819],[106.47213,10.18275],[106.46965,10.18438],[106.47029,10.1852],[106.46659,10.1878],[106.46478,10.18892],[106.46401,10.18859],[106.46343,10.18887],[106.46259,10.19077],[106.4619,10.19175],[106.46152,10.19274],[106.46114,10.19323],[106.46163,10.19387],[106.46249,10.19413],[106.46326,10.19492],[106.46352,10.19599],[106.46466,10.19718],[106.46387,10.19784],[106.46328,10.19883],[106.46289,10.19902],[106.46286,10.19991],[106.46218,10.19979],[106.46165,10.20016],[106.46139,10.20118],[106.46191,10.20221],[106.46179,10.20428],[106.46176,10.20865],[106.45627,10.21119],[106.45811,10.21529],[106.4592,10.21796],[106.47028,10.21301],[106.47072,10.214],[106.47086,10.21462],[106.47092,10.21593],[106.47113,10.21663],[106.47168,10.21704],[106.47254,10.21725],[106.47383,10.21891],[106.47677,10.21839],[106.47703,10.21848],[106.47865,10.2219],[106.47938,10.22389],[106.4836,10.2217],[106.4846,10.22123],[106.48501,10.22228],[106.48504,10.22276],[106.48467,10.22412],[106.48682,10.22434],[106.48757,10.22539],[106.48796,10.22616],[106.48808,10.22723],[106.48782,10.2282],[106.48901,10.22892],[106.48953,10.2295],[106.49048,10.22972],[106.49117,10.23011],[106.49097,10.23078],[106.49118,10.23228],[106.49078,10.23306],[106.49084,10.23369],[106.49192,10.23486]]]},"properties":{"a01_tinh":"diaphanhanhchinhcaptinh_sn.42","a02_xa":"diaphanhanhchinhcapxa_2025.2459","a03_ten":"Xã Lương Hòa","a04_tentinh":"Tỉnh Vĩnh Long","a05_truocsn":"Xã Lương Hòa (huyện Giồng Trôm), Xã Phong Nẫm","a06_trungtamhc":"UBND xã Phong Nẫm","a07_dt":"37.48","a08_ds":"2594","a09_dthoai":null,"a10_web":null,"ten":"Xã Lương Hòa","ma":"28987","tentinh":"Tỉnh Vĩnh Long","truocsapnhap":"Xã Lương Hòa (huyện Giồng Trôm), Xã Phong Nẫm","dientichkm2":null,"dansonguoi":null},"id":"diaphanhanhchinhcapxa_2025.2459"},
{"type":"Feature","geometry":{"type":"Polygon","coordinates":[[[106.45047,10.16864],[106.45065,10.16962],[106.45038,10.17181],[106.44972,10.17485],[106.44972,10.17656],[106.44995,10.17902],[106.44972,10.17978],[106.44906,10.1804],[106.44797,10.18103],[106.44746,10.18147],[106.4472,10.18201],[106.44722,10.18282],[106.44764,10.18418],[106.44793,10.18601],[106.4455,10.18783],[106.44273,10.18981],[106.44129,10.19107],[106.44044,10.19221],[106.43964,10.19387],[106.43894,10.1962],[106.43784,10.19913],[106.43627,10.20409],[106.43469,10.20988],[106.43438,10.21129],[106.43399,10.2136],[106.43389,10.21563],[106.43355,10.21738],[106.43479,10.21746],[106.43537,10.21768],[106.43705,10.2178],[106.43744,10.218],[106.43729,10.21923],[106.43631,10.21927],[106.43616,10.21951],[106.43723,10.22372],[106.43829,10.22367],[106.43805,10.22545],[106.43848,10.22556],[106.43789,10.22711],[106.43636,10.22648],[106.43564,10.22631],[106.43582,10.22723],[106.43668,10.2285],[106.43598,10.22867],[106.43581,10.22982],[106.4341,10.22975],[106.43427,10.23134],[106.43427,10.2337],[106.43389,10.23389],[106.43396,10.23453],[106.43267,10.23452],[106.43206,10.235],[106.43119,10.23471],[106.43067,10.23473],[106.42942,10.23517],[106.42871,10.23451],[106.42645,10.23331],[106.42339,10.23206],[106.4202,10.23059],[106.4188,10.23004],[106.41615,10.22867],[106.41527,10.22816],[106.41424,10.22735],[106.41392,10.22731],[106.41408,10.22629],[106.41405,10.22548],[106.41443,10.22451],[106.41504,10.22348],[106.41596,10.22251],[106.4169,10.22197],[106.41766,10.22173],[106.41762,10.22072],[106.41744,10.2202],[106.4168,10.21968],[106.41599,10.21953],[106.41421,10.21982],[106.4132,10.21942],[106.41278,10.21893],[106.41231,10.21787],[106.41208,10.21667],[106.41093,10.21395],[106.41062,10.21288],[106.40991,10.21114],[106.4097,10.2097],[106.40984,10.2085],[106.41017,10.20785],[106.4119,10.20652],[106.41251,10.20583],[106.41275,10.2051],[106.41241,10.20407],[106.41091,10.20244],[106.40914,10.20024],[106.40852,10.1996],[106.40769,10.19921],[106.40689,10.19912],[106.40593,10.19927],[106.40318,10.20026],[106.40148,10.20039],[106.40066,10.20018],[106.39866,10.19845],[106.39785,10.19744],[106.39561,10.19628],[106.3952,10.19572],[106.39526,10.19504],[106.39586,10.19319],[106.39662,10.19148],[106.39605,10.19112],[106.39522,10.19102],[106.39469,10.1907],[106.39658,10.18742],[106.39689,10.18719],[106.39804,10.18755],[106.39787,10.18688],[106.39846,10.18583],[106.39935,10.18633],[106.39994,10.18538],[106.40028,10.1856],[106.40154,10.18482],[106.40138,10.18426],[106.40252,10.18259],[106.40429,10.17963],[106.40518,10.18031],[106.40544,10.18031],[106.40631,10.17818],[106.40722,10.17866],[106.40791,10.17683],[106.40833,10.177],[106.40876,10.17662],[106.40882,10.17584],[106.40903,10.17535],[106.40859,10.17463],[106.4088,10.17419],[106.40864,10.1735],[106.40925,10.17307],[106.41031,10.1716],[106.40996,10.1707],[106.41041,10.16998],[106.41124,10.16954],[106.41189,10.16892],[106.41231,10.16902],[106.41324,10.1685],[106.41408,10.16682],[106.41321,10.16657],[106.41307,10.16584],[106.41198,10.16456],[106.41177,10.16369],[106.41124,10.16226],[106.41507,10.15958],[106.41576,10.16016],[106.41609,10.15953],[106.41712,10.15897],[106.41759,10.15818],[106.41839,10.15845],[106.41896,10.15799],[106.41961,10.1585],[106.41982,10.15906],[106.42037,10.159],[106.42188,10.16146],[106.42333,10.16085],[106.42444,10.16227],[106.43138,10.15851],[106.43289,10.15755],[106.43366,10.15975],[106.43431,10.16183],[106.43456,10.16173],[106.43579,10.16513],[106.43557,10.1652],[106.43693,10.16756],[106.4376,10.16744],[106.43773,10.16817],[106.43795,10.17116],[106.4395,10.17069],[106.43967,10.17014],[106.44153,10.16999],[106.4426,10.1697],[106.4439,10.16967],[106.44417,10.16942],[106.44593,10.16922],[106.44628,10.16932],[106.44932,10.16888],[106.44988,10.16859],[106.45047,10.16864]]]},"properties":{"a01_tinh":"diaphanhanhchinhcaptinh_sn.42","a02_xa":"diaphanhanhchinhcapxa_2025.2460","a03_ten":"Xã Lương Phú","a04_tentinh":"Tỉnh Vĩnh Long","a05_truocsn":"Xã Mỹ Thạnh (huyện Giồng Trôm), Xã Thuận Điền, Xã Lương Phú","a06_trungtamhc":"UBND xã Mỹ Thạnh","a07_dt":"27.88","a08_ds":"25554","a09_dthoai":null,"a10_web":null,"ten":"Xã Lương Phú","ma":"28993","tentinh":"Tỉnh Vĩnh Long","truocsapnhap":"Xã Mỹ Thạnh (huyện Giồng Trôm), Xã Thuận Điền, Xã Lương Phú","dientichkm2":null,"dansonguoi":null},"id":"diaphanhanhchinhcapxa_2025.2460"},
{"type":"Feature","geometry":{"type":"Polygon","coordinates":[[[106.2097,9.75209],[106.20902,9.75162],[106.20846,9.75168],[106.20784,9.75212],[106.20743,9.75213],[106.20631,9.75122],[106.20581,9.75105],[106.20395,9.75088],[106.204,9.7491],[106.20476,9.74724],[106.20476,9.74618],[106.20365,9.74554],[106.20382,9.74463],[106.20266,9.74432],[106.20228,9.74389],[106.20247,9.74339],[106.20091,9.7429],[106.20038,9.74316],[106.19853,9.74233],[106.19703,9.74209],[106.19569,9.74712],[106.19548,9.74744],[106.19449,9.74646],[106.19387,9.74563],[106.19286,9.74469],[106.18915,9.74074],[106.18766,9.73908],[106.18701,9.74025],[106.18619,9.74014],[106.18605,9.73973],[106.18629,9.73927],[106.18457,9.73848],[106.18452,9.73771],[106.18295,9.73706],[106.18262,9.73818],[106.1828,9.73899],[106.18216,9.73944],[106.18229,9.7409],[106.18157,9.74139],[106.18124,9.7419],[106.18094,9.74384],[106.18049,9.74425],[106.17948,9.74472],[106.17868,9.74462],[106.17766,9.74349],[106.17677,9.74315],[106.17573,9.74335],[106.17641,9.73786],[106.15827,9.73216],[106.15473,9.73104],[106.15308,9.73436],[106.14254,9.73008],[106.13283,9.72652],[106.1513,9.70882],[106.15825,9.70159],[106.1713,9.68723],[106.18533,9.67369],[106.19053,9.67904],[106.19153,9.67815],[106.19328,9.67675],[106.19457,9.67558],[106.1956,9.67562],[106.19512,9.67683],[106.19594,9.67714],[106.19649,9.67569],[106.19732,9.67618],[106.19798,9.6748],[106.20001,9.67527],[106.20046,9.67548],[106.20099,9.67628],[106.2016,9.67656],[106.20273,9.67659],[106.20329,9.67718],[106.2047,9.67832],[106.20544,9.67856],[106.20584,9.67959],[106.20655,9.67983],[106.20699,9.6804],[106.20785,9.68114],[106.20871,9.68245],[106.20961,9.6829],[106.21015,9.68282],[106.21086,9.68212],[106.21165,9.68253],[106.21091,9.6831],[106.21117,9.68374],[106.21199,9.68377],[106.21197,9.68477],[106.21266,9.68481],[106.21271,9.68448],[106.21377,9.68447],[106.21377,9.68499],[106.21521,9.685],[106.21524,9.68447],[106.21788,9.68421],[106.21793,9.68354],[106.2176,9.68293],[106.22038,9.68258],[106.222,9.68266],[106.2232,9.68283],[106.22307,9.68371],[106.22396,9.68388],[106.22402,9.68343],[106.2246,9.68354],[106.2242,9.68566],[106.22491,9.6859],[106.22542,9.68536],[106.22581,9.68547],[106.22602,9.68429],[106.22825,9.68457],[106.22904,9.68451],[106.22911,9.68393],[106.23082,9.68413],[106.23041,9.68443],[106.23029,9.68535],[106.23048,9.68548],[106.23147,9.68519],[106.23183,9.68556],[106.23225,9.68542],[106.23263,9.68574],[106.23368,9.68574],[106.23437,9.68726],[106.23569,9.68832],[106.23688,9.68867],[106.23756,9.68859],[106.23821,9.68937],[106.23935,9.69018],[106.23995,9.69077],[106.24062,9.69106],[106.24171,9.69122],[106.24212,9.69218],[106.24231,9.69507],[106.24144,9.695],[106.2404,9.69459],[106.23953,9.69449],[106.2392,9.69798],[106.2388,9.69924],[106.23698,9.69909],[106.23707,9.69999],[106.2362,9.70027],[106.23644,9.70081],[106.23616,9.70348],[106.23633,9.70432],[106.23629,9.70535],[106.23638,9.70712],[106.23712,9.71229],[106.23669,9.71251],[106.23668,9.71567],[106.23676,9.71716],[106.23566,9.71698],[106.22716,9.71529],[106.22544,9.71491],[106.22115,9.72109],[106.21828,9.7253],[106.21754,9.72645],[106.21523,9.72979],[106.21439,9.73089],[106.21408,9.73179],[106.214,9.73276],[106.21321,9.73525],[106.21205,9.7357],[106.2113,9.7376],[106.21086,9.73797],[106.21009,9.73917],[106.20986,9.74023],[106.21018,9.74308],[106.21,9.7446],[106.2096,9.74603],[106.20958,9.7479],[106.21013,9.74869],[106.21017,9.74945],[106.20975,9.75049],[106.2098,9.75173],[106.2097,9.75209]]]},"properties":{"a01_tinh":"diaphanhanhchinhcaptinh_sn.42","a02_xa":"diaphanhanhchinhcapxa_2025.2512","a03_ten":"Xã Lưu Nghiệp Anh","a04_tentinh":"Tỉnh Vĩnh Long","a05_truocsn":"Xã An Quảng Hữu, Xã Lưu Nghiệp Anh","a06_trungtamhc":"đang cập nhật","a07_dt":"54.62","a08_ds":"29658","a09_dthoai":null,"a10_web":null,"ten":"Xã Lưu Nghiệp Anh","ma":"29476","tentinh":"Tỉnh Vĩnh Long","truocsapnhap":"Xã An Quảng Hữu, Xã Lưu Nghiệp Anh","dientichkm2":null,"dansonguoi":null},"id":"diaphanhanhchinhcapxa_2025.2512"},
{"type":"Feature","geometry":{"type":"Polygon","coordinates":[[[106.33707,10.14995],[106.33656,10.15006],[106.33614,10.15057],[106.33556,10.15006],[106.33438,10.15037],[106.33358,10.15002],[106.33317,10.15004],[106.33287,10.15082],[106.33159,10.15208],[106.3299,10.15185],[106.32934,10.15259],[106.32795,10.15011],[106.32561,10.15045],[106.32548,10.15037],[106.32377,10.15047],[106.3223,10.14741],[106.3207,10.14487],[106.31886,10.14573],[106.31844,10.14494],[106.31802,10.14465],[106.31481,10.14593],[106.31491,10.14504],[106.3148,10.14391],[106.31429,10.14355],[106.3137,10.14345],[106.31267,10.14255],[106.31249,10.142],[106.31255,10.1411],[106.31185,10.14077],[106.31066,10.14147],[106.30995,10.1415],[106.30964,10.14128],[106.30997,10.14025],[106.30969,10.1388],[106.3089,10.13834],[106.30872,10.13789],[106.3095,10.13719],[106.30938,10.13663],[106.30843,10.13694],[106.30832,10.13662],[106.30877,10.13603],[106.30837,10.13555],[106.30801,10.13581],[106.30778,10.13656],[106.30721,10.1367],[106.30676,10.13623],[106.30597,10.13632],[106.30503,10.13528],[106.30445,10.13565],[106.30411,10.13545],[106.30416,10.13472],[106.30462,10.13459],[106.30497,10.13402],[106.30463,10.13377],[106.30357,10.13383],[106.30332,10.13427],[106.30247,10.13422],[106.30255,10.13339],[106.30315,10.13285],[106.30305,10.13202],[106.30235,10.13175],[106.30167,10.13194],[106.30114,10.1313],[106.29984,10.1311],[106.29932,10.1296],[106.29762,10.12598],[106.29655,10.12342],[106.29642,10.12331],[106.2962,10.12266],[106.29522,10.12218],[106.29438,10.12137],[106.29393,10.12068],[106.29299,10.12053],[106.29189,10.12124],[106.2912,10.12093],[106.29084,10.11951],[106.29034,10.11846],[106.29029,10.11784],[106.29056,10.1176],[106.29283,10.11742],[106.29331,10.11718],[106.29358,10.11656],[106.2935,10.11593],[106.29307,10.11483],[106.29283,10.11377],[106.2925,10.11344],[106.29174,10.11355],[106.28891,10.11484],[106.28847,10.11467],[106.28829,10.11404],[106.28854,10.11304],[106.28903,10.11247],[106.29054,10.11168],[106.29125,10.11106],[106.29209,10.11057],[106.29281,10.11037],[106.29465,10.11013],[106.2945,10.10864],[106.29732,10.10818],[106.29757,10.10726],[106.29506,10.10553],[106.29174,10.10316],[106.28874,10.10118],[106.28773,10.10063],[106.28692,10.09985],[106.28584,10.0983],[106.28551,10.09762],[106.2865,10.09755],[106.28667,10.09706],[106.28715,10.09689],[106.28789,10.09602],[106.28793,10.0951],[106.28841,10.09463],[106.28899,10.0944],[106.29207,10.0938],[106.29236,10.09367],[106.29142,10.09262],[106.29377,10.09188],[106.29497,10.09159],[106.29558,10.09128],[106.29785,10.09058],[106.29937,10.08987],[106.30023,10.08985],[106.30271,10.08891],[106.30204,10.08762],[106.30211,10.08743],[106.30907,10.0838],[106.31308,10.08241],[106.31858,10.08063],[106.31839,10.08034],[106.31706,10.07902],[106.32201,10.07325],[106.32379,10.07472],[106.32425,10.0744],[106.3239,10.07355],[106.32459,10.07314],[106.3248,10.07357],[106.32721,10.07212],[106.32929,10.07456],[106.33098,10.07712],[106.33189,10.07831],[106.3348,10.07812],[106.3359,10.07813],[106.3356,10.08026],[106.33542,10.08032],[106.33486,10.08451],[106.33433,10.08799],[106.33495,10.08778],[106.33575,10.08785],[106.33679,10.08754],[106.33689,10.08784],[106.33812,10.08782],[106.33893,10.08793],[106.33961,10.08836],[106.34025,10.08789],[106.34074,10.08873],[106.34115,10.08911],[106.34212,10.08953],[106.34269,10.09021],[106.3432,10.09167],[106.34378,10.09099],[106.34467,10.09136],[106.34505,10.09181],[106.34592,10.09132],[106.34622,10.09187],[106.34669,10.09192],[106.34777,10.09261],[106.34737,10.09364],[106.3474,10.09404],[106.34796,10.09485],[106.34884,10.09558],[106.34998,10.09726],[106.35007,10.09756],[106.35104,10.09821],[106.35161,10.09832],[106.35271,10.09786],[106.3543,10.09677],[106.35511,10.09576],[106.3558,10.09448],[106.35638,10.0941],[106.357,10.09423],[106.35792,10.09493],[106.35827,10.09552],[106.35836,10.09645],[106.35826,10.09804],[106.3578,10.10003],[106.35765,10.10108],[106.35792,10.10221],[106.3588,10.10377],[106.3594,10.10462],[106.35687,10.10605],[106.35488,10.10765],[106.35346,10.10898],[106.35216,10.11],[106.3496,10.11163],[106.346,10.11421],[106.34486,10.11514],[106.34424,10.11582],[106.34357,10.11603],[106.34304,10.11661],[106.3421,10.11724],[106.3415,10.11786],[106.34053,10.11966],[106.34034,10.12025],[106.34045,10.12109],[106.34182,10.12283],[106.34319,10.12575],[106.34373,10.12715],[106.34459,10.12895],[106.34456,10.12979],[106.34545,10.13015],[106.346,10.13015],[106.34617,10.12978],[106.34696,10.12975],[106.3479,10.12996],[106.34972,10.13016],[106.34938,10.13469],[106.34918,10.13511],[106.3493,10.13575],[106.34919,10.13669],[106.34875,10.13757],[106.34802,10.13785],[106.34645,10.13686],[106.34554,10.13643],[106.34282,10.13592],[106.33994,10.13488],[106.33835,10.13404],[106.33662,10.13323],[106.33638,10.13447],[106.33696,10.13689],[106.3368,10.1401],[106.33699,10.14186],[106.33759,10.14402],[106.33772,10.14513],[106.33768,10.14597],[106.33715,10.14902],[106.33707,10.14995]]]},"properties":{"a01_tinh":"diaphanhanhchinhcaptinh_sn.42","a02_xa":"diaphanhanhchinhcapxa_2025.2448","a03_ten":"Xã Mỏ Cày","a04_tentinh":"Tỉnh Vĩnh Long","a05_truocsn":"Thị trấn Mỏ Cày, Xã An Thạnh (huyện Mỏ Cày Nam), Xã Tân Hội, Xã Đa Phước Hội","a06_trungtamhc":"UBND thị trấn Mỏ Cày","a07_dt":"38.89","a08_ds":"49852","a09_dthoai":null,"a10_web":null,"ten":"Xã Mỏ Cày","ma":"28903","tentinh":"Tỉnh Vĩnh Long","truocsapnhap":"Thị trấn Mỏ Cày, Xã An Thạnh (huyện Mỏ Cày Nam), Xã Tân Hội, Xã Đa Phước Hội","dientichkm2":null,"dansonguoi":null},"id":"diaphanhanhchinhcapxa_2025.2448"},
{"type":"Feature","geometry":{"type":"Polygon","coordinates":[[[106.56839,10.07771],[106.56931,10.0767],[106.57107,10.07689],[106.57653,10.07713],[106.5777,10.0773],[106.58015,10.07712],[106.58033,10.07758],[106.58533,10.07827],[106.58618,10.07852],[106.5879,10.07859],[106.59268,10.07901],[106.59497,10.07929],[106.59612,10.07967],[106.59976,10.0814],[106.59964,10.08182],[106.60011,10.08442],[106.60072,10.08445],[106.60101,10.08552],[106.6012,10.08702],[106.60107,10.08773],[106.6013,10.08876],[106.60175,10.0897],[106.60019,10.08998],[106.59989,10.09088],[106.60526,10.09331],[106.60607,10.09375],[106.60921,10.09519],[106.60941,10.09543],[106.61151,10.09633],[106.61136,10.09672],[106.60953,10.09952],[106.60854,10.10147],[106.59761,10.09674],[106.59658,10.099],[106.59466,10.10393],[106.59338,10.10707],[106.59677,10.10828],[106.59566,10.11185],[106.59536,10.11271],[106.59523,10.11362],[106.59558,10.11845],[106.59572,10.12097],[106.59628,10.12555],[106.59836,10.12495],[106.59978,10.12463],[106.60163,10.12436],[106.60227,10.12455],[106.60171,10.125],[106.60076,10.12637],[106.60089,10.12731],[106.60016,10.12879],[106.59927,10.1296],[106.59907,10.13001],[106.59933,10.13115],[106.59963,10.13162],[106.5992,10.13313],[106.59824,10.13538],[106.59851,10.13607],[106.59948,10.13595],[106.60039,10.136],[106.60266,10.13639],[106.60315,10.13638],[106.6046,10.1368],[106.60472,10.1371],[106.60583,10.13772],[106.60666,10.13872],[106.60737,10.14017],[106.60747,10.14149],[106.60836,10.14512],[106.60932,10.14885],[106.61132,10.14852],[106.61156,10.14838],[106.61284,10.14654],[106.61573,10.14251],[106.61738,10.14452],[106.6187,10.1456],[106.6192,10.14584],[106.62008,10.14594],[106.62075,10.1469],[106.62045,10.14739],[106.62075,10.14771],[106.62083,10.14852],[106.62125,10.14909],[106.62238,10.14908],[106.62309,10.14938],[106.62492,10.15051],[106.62368,10.15241],[106.62322,10.15344],[106.62173,10.15726],[106.61905,10.16404],[106.61787,10.16664],[106.61693,10.1685],[106.61448,10.17314],[106.6135,10.17467],[106.61218,10.17639],[106.61089,10.17745],[106.60931,10.17848],[106.607,10.1794],[106.60466,10.17978],[106.60113,10.18],[106.60007,10.17966],[106.59798,10.17959],[106.59379,10.17983],[106.59111,10.18027],[106.58782,10.18111],[106.58645,10.18153],[106.58439,10.18237],[106.58194,10.18352],[106.58011,10.18464],[106.57811,10.18626],[106.57765,10.18592],[106.57694,10.18503],[106.57654,10.18191],[106.57668,10.18133],[106.57664,10.17963],[106.57682,10.17839],[106.57725,10.17655],[106.57799,10.17423],[106.57872,10.17299],[106.5816,10.16894],[106.58243,10.16786],[106.5848,10.16535],[106.58623,10.16415],[106.58678,10.16385],[106.58631,10.16257],[106.58593,10.16192],[106.58604,10.16113],[106.58572,10.16073],[106.58431,10.16078],[106.58343,10.16064],[106.58285,10.16081],[106.58245,10.16058],[106.57584,10.16015],[106.57239,10.15996],[106.57072,10.15994],[106.56908,10.15972],[106.56531,10.15869],[106.56392,10.15801],[106.56264,10.15679],[106.56128,10.15529],[106.55707,10.15079],[106.55561,10.14914],[106.55334,10.15076],[106.55205,10.15148],[106.5517,10.1519],[106.55084,10.1509],[106.55019,10.14914],[106.54964,10.14851],[106.54875,10.1481],[106.54637,10.14637],[106.54529,10.14569],[106.54386,10.14499],[106.54389,10.14415],[106.54322,10.14307],[106.54257,10.14321],[106.54364,10.13961],[106.54494,10.13549],[106.54619,10.13183],[106.54635,10.13123],[106.54546,10.12795],[106.5447,10.12629],[106.54681,10.12528],[106.54741,10.12506],[106.54947,10.12398],[106.55049,10.1236],[106.55205,10.12287],[106.55222,10.1235],[106.55598,10.12165],[106.55659,10.12124],[106.55688,10.12135],[106.55924,10.12031],[106.56013,10.11998],[106.56022,10.11929],[106.56013,10.11764],[106.56281,10.11712],[106.56945,10.11605],[106.57316,10.11429],[106.5741,10.11575],[106.57743,10.11415],[106.57826,10.11363],[106.57755,10.11198],[106.57837,10.11132],[106.57914,10.11178],[106.5795,10.11228],[106.57922,10.11319],[106.58008,10.11484],[106.58065,10.1145],[106.58141,10.11585],[106.58242,10.11575],[106.58244,10.11461],[106.58162,10.11331],[106.58142,10.11223],[106.58065,10.11089],[106.58043,10.1101],[106.57968,10.10831],[106.57934,10.10581],[106.57873,10.10438],[106.57857,10.10303],[106.57669,10.10309],[106.57592,10.10167],[106.57573,10.10152],[106.57481,10.09991],[106.57444,10.09808],[106.5739,10.09902],[106.5729,10.09812],[106.57108,10.09673],[106.56982,10.09565],[106.56952,10.09496],[106.56965,10.09351],[106.5704,10.08955],[106.57099,10.08961],[106.57418,10.08916],[106.5741,10.08734],[106.57415,10.0854],[106.57459,10.08459],[106.57296,10.08428],[106.57194,10.08287],[106.56998,10.07997],[106.56839,10.07771]]]},"properties":{"a01_tinh":"diaphanhanhchinhcaptinh_sn.42","a02_xa":"diaphanhanhchinhcapxa_2025.2473","a03_ten":"Xã Mỹ Chánh Hòa","a04_tentinh":"Tỉnh Vĩnh Long","a05_truocsn":"Xã Mỹ Hòa, Xã Mỹ Chánh (huyện Ba Tri), Xã Mỹ Nhơn","a06_trungtamhc":"UBND xã Mỹ Chánh","a07_dt":"50.61","a08_ds":"29376","a09_dthoai":null,"a10_web":null,"ten":"Xã Mỹ Chánh Hòa","ma":"29122","tentinh":"Tỉnh Vĩnh Long","truocsapnhap":"Xã Mỹ Hòa, Xã Mỹ Chánh (huyện Ba Tri), Xã Mỹ Nhơn","dientichkm2":null,"dansonguoi":null},"id":"diaphanhanhchinhcapxa_2025.2473"},
{"type":"Feature","geometry":{"type":"MultiPolygon","coordinates":[[[[106.54036,9.78491],[106.54111,9.78582],[106.54169,9.78606],[106.54321,9.78622],[106.5437,9.78648],[106.54416,9.78724],[106.54505,9.78807],[106.54506,9.78858],[106.54393,9.79056],[106.5439,9.79154],[106.54468,9.79251],[106.54476,9.7929],[106.54445,9.79399],[106.54477,9.79475],[106.54487,9.7956],[106.54422,9.79757],[106.54356,9.79993],[106.5436,9.80071],[106.54324,9.80167],[106.54231,9.80272],[106.54123,9.80359],[106.53982,9.80452],[106.53629,9.8058],[106.53112,9.80719],[106.53018,9.80738],[106.52834,9.80739],[106.52753,9.80727],[106.52701,9.80596],[106.52717,9.80207],[106.52783,9.79709],[106.52766,9.79445],[106.52737,9.79259],[106.5273,9.79156],[106.52777,9.7888],[106.52816,9.78792],[106.52965,9.78587],[106.53061,9.78496],[106.53115,9.78469],[106.53156,9.78488],[106.53204,9.78433],[106.53346,9.78389],[106.53413,9.78394],[106.53531,9.78357],[106.5372,9.78378],[106.53891,9.78382],[106.53995,9.78444],[106.54036,9.78491]]],[[[106.51323,9.83022],[106.51155,9.83401],[106.50998,9.83698],[106.50808,9.83986],[106.50765,9.84035],[106.50178,9.84566],[106.4991,9.84888],[106.49749,9.8504],[106.49634,9.85116],[106.49566,9.85176],[106.49302,9.85337],[106.49154,9.85333],[106.48834,9.85304],[106.48216,9.84803],[106.48146,9.84717],[106.48022,9.84604],[106.47953,9.84487],[106.47793,9.84395],[106.47814,9.84372],[106.47599,9.84233],[106.47447,9.84103],[106.47389,9.8404],[106.47315,9.84012],[106.47211,9.83913],[106.47141,9.83861],[106.47122,9.83823],[106.47125,9.83699],[106.47038,9.83588],[106.4703,9.83436],[106.47009,9.8338],[106.46932,9.83373],[106.46844,9.83395],[106.46771,9.83356],[106.46722,9.833],[106.46714,9.83202],[106.46726,9.83138],[106.46694,9.83074],[106.46628,9.83036],[106.46696,9.82998],[106.46825,9.82833],[106.46905,9.82693],[106.46941,9.82654],[106.47021,9.82494],[106.47145,9.82483],[106.47193,9.82392],[106.47346,9.82267],[106.47472,9.82195],[106.47517,9.82153],[106.47597,9.82117],[106.47635,9.81652],[106.47587,9.81652],[106.47583,9.81484],[106.47666,9.80861],[106.47727,9.80508],[106.47806,9.80122],[106.47832,9.79969],[106.47881,9.79853],[106.47999,9.79669],[106.4804,9.79619],[106.48058,9.79516],[106.48034,9.79485],[106.48058,9.79417],[106.48127,9.79437],[106.48191,9.79414],[106.4838,9.79494],[106.48518,9.7951],[106.48634,9.79427],[106.48782,9.79369],[106.48955,9.79348],[106.48962,9.79329],[106.48809,9.79144],[106.48899,9.78951],[106.48938,9.78797],[106.48999,9.78646],[106.48986,9.78623],[106.49025,9.78548],[106.49093,9.78343],[106.49124,9.78254],[106.49375,9.77692],[106.49509,9.77549],[106.49627,9.77488],[106.49796,9.77046],[106.4985,9.7687],[106.4992,9.76451],[106.49948,9.76243],[106.50052,9.7563],[106.50061,9.75237],[106.50063,9.74896],[106.50075,9.74211],[106.50107,9.74157],[106.50116,9.74069],[106.50095,9.73745],[106.50699,9.73542],[106.51069,9.73427],[106.50975,9.73237],[106.50873,9.73102],[106.50822,9.72984],[106.50708,9.72843],[106.50622,9.7271],[106.50594,9.72608],[106.50671,9.72557],[106.50736,9.72564],[106.50779,9.72594],[106.50871,9.72736],[106.5092,9.72783],[106.51004,9.72806],[106.51062,9.72779],[106.511,9.72716],[106.51154,9.72468],[106.51214,9.72376],[106.51261,9.72336],[106.51322,9.72341],[106.51384,9.72388],[106.51442,9.72541],[106.515,9.72753],[106.51571,9.7284],[106.51616,9.72856],[106.51684,9.72845],[106.51718,9.72804],[106.51756,9.72699],[106.51736,9.72606],[106.51716,9.72427],[106.51689,9.72267],[106.51708,9.72184],[106.51756,9.72157],[106.51813,9.72158],[106.51927,9.72208],[106.52068,9.72274],[106.52235,9.72373],[106.52296,9.72425],[106.52387,9.72539],[106.52513,9.72625],[106.52688,9.72732],[106.52745,9.72788],[106.52778,9.72851],[106.52781,9.72947],[106.52731,9.73017],[106.52738,9.73067],[106.528,9.73134],[106.53164,9.73344],[106.53268,9.73459],[106.53351,9.73581],[106.53447,9.73697],[106.53592,9.73809],[106.53753,9.7397],[106.53808,9.74057],[106.53899,9.74244],[106.53964,9.74354],[106.53995,9.7443],[106.54216,9.7481],[106.54247,9.74898],[106.543,9.75091],[106.54231,9.75093],[106.54117,9.75199],[106.54051,9.75286],[106.54006,9.7531],[106.53714,9.75341],[106.53632,9.75372],[106.53452,9.75489],[106.53291,9.75658],[106.53098,9.7584],[106.52599,9.7621],[106.52371,9.76397],[106.52236,9.76529],[106.52175,9.76517],[106.52104,9.76607],[106.52017,9.76787],[106.51981,9.76904],[106.51933,9.76901],[106.51892,9.77159],[106.51874,9.77183],[106.51772,9.7721],[106.51736,9.77336],[106.51747,9.77689],[106.51766,9.78005],[106.51837,9.78262],[106.51923,9.786],[106.52017,9.78842],[106.52175,9.79128],[106.52322,9.79603],[106.52324,9.80093],[106.52302,9.80383],[106.52236,9.80599],[106.52132,9.80803],[106.51949,9.81025],[106.51844,9.81109],[106.51627,9.81254],[106.51393,9.81359],[106.51113,9.81492],[106.50869,9.81646],[106.5065,9.8179],[106.50187,9.82166],[106.49907,9.82449],[106.51323,9.83022]]]]},"properties":{"a01_tinh":"diaphanhanhchinhcaptinh_sn.42","a02_xa":"diaphanhanhchinhcapxa_2025.2524","a03_ten":"Xã Mỹ Long","a04_tentinh":"Tỉnh Vĩnh Long","a05_truocsn":"Thị trấn Mỹ Long, Xã Mỹ Long Bắc, Xã Mỹ Long Nam","a06_trungtamhc":"đang cập nhật","a07_dt":"73.61","a08_ds":"25385","a09_dthoai":null,"a10_web":null,"ten":"Xã Mỹ Long","ma":"29419","tentinh":"Tỉnh Vĩnh Long","truocsapnhap":"Thị trấn Mỹ Long, Xã Mỹ Long Bắc, Xã Mỹ Long Nam","dientichkm2":null,"dansonguoi":null},"id":"diaphanhanhchinhcapxa_2025.2524"},
{"type":"Feature","geometry":{"type":"Polygon","coordinates":[[[105.85764,10.10282],[105.85769,10.1038],[105.85698,10.10521],[105.85706,10.10538],[105.85686,10.10912],[105.85651,10.11401],[105.85782,10.11414],[105.85837,10.11408],[105.86104,10.11447],[105.86512,10.115],[105.86508,10.1158],[105.86486,10.11604],[105.86415,10.11593],[105.86436,10.11707],[105.86336,10.11901],[105.86336,10.11956],[105.86257,10.11996],[105.86416,10.12416],[105.86644,10.13068],[105.86602,10.13432],[105.86478,10.13981],[105.86353,10.1449],[105.86293,10.14501],[105.86312,10.14704],[105.86506,10.14715],[105.8653,10.14784],[105.86513,10.14891],[105.86652,10.1488],[105.86683,10.14993],[105.86651,10.15033],[105.86678,10.15178],[105.86669,10.15382],[105.86485,10.15446],[105.86376,10.15453],[105.86232,10.15512],[105.86139,10.15561],[105.85362,10.15917],[105.8516,10.16015],[105.85053,10.15621],[105.84981,10.15319],[105.8497,10.15246],[105.8493,10.15115],[105.84908,10.15004],[105.84748,10.14996],[105.839,10.14973],[105.83551,10.14968],[105.83216,10.14952],[105.83034,10.14926],[105.82958,10.14941],[105.8285,10.1487],[105.82776,10.14923],[105.82655,10.149],[105.82506,10.1489],[105.81872,10.14952],[105.81827,10.14962],[105.81549,10.15276],[105.80995,10.15376],[105.80611,10.1544],[105.80296,10.15545],[105.80121,10.15552],[105.79444,10.16411],[105.79216,10.16707],[105.78956,10.1703],[105.78727,10.17321],[105.78347,10.17019],[105.77973,10.16726],[105.77692,10.17078],[105.7764,10.17044],[105.7746,10.17034],[105.77464,10.16824],[105.77446,10.15788],[105.77444,10.15656],[105.7744,10.15407],[105.77417,10.14653],[105.77402,10.14029],[105.77385,10.13412],[105.77371,10.12772],[105.77359,10.12466],[105.77357,10.1222],[105.77357,10.12103],[105.77356,10.11903],[105.77346,10.11824],[105.77382,10.11808],[105.77463,10.11829],[105.77986,10.11687],[105.78815,10.11466],[105.78955,10.11425],[105.79647,10.1124],[105.79707,10.11228],[105.79685,10.10599],[105.7984,10.10555],[105.80712,10.10349],[105.81224,10.10234],[105.81783,10.10099],[105.82247,10.09997],[105.82408,10.09994],[105.82551,10.09975],[105.82652,10.09985],[105.82786,10.09963],[105.82838,10.09965],[105.82961,10.09915],[105.83005,10.09742],[105.82999,10.0967],[105.83103,10.09723],[105.8336,10.09622],[105.8378,10.09441],[105.83894,10.09414],[105.83937,10.09449],[105.84051,10.09582],[105.84221,10.0967],[105.84428,10.09862],[105.84545,10.09998],[105.84696,10.10223],[105.84939,10.10569],[105.85162,10.10881],[105.85181,10.10867],[105.8519,10.10754],[105.85168,10.1055],[105.85152,10.1031],[105.85755,10.10285],[105.85764,10.10282]]]},"properties":{"a01_tinh":"diaphanhanhchinhcaptinh_sn.42","a02_xa":"diaphanhanhchinhcapxa_2025.2551","a03_ten":"Xã Mỹ Thuận","a04_tentinh":"Tỉnh Vĩnh Long","a05_truocsn":"Xã Thành Trung, Xã Nguyễn Văn Thảnh, Xã Mỹ Thuận","a06_trungtamhc":"UBND xã Nguyễn Văn Thảnh","a07_dt":"56.01","a08_ds":"29312","a09_dthoai":null,"a10_web":null,"ten":"Xã Mỹ Thuận","ma":"29788","tentinh":"Tỉnh Vĩnh Long","truocsapnhap":"Xã Thành Trung, Xã Nguyễn Văn Thảnh, Xã Mỹ Thuận","dientichkm2":null,"dansonguoi":null},"id":"diaphanhanhchinhcapxa_2025.2551"},
{"type":"Feature","geometry":{"type":"Polygon","coordinates":[[[105.93257,10.05751],[105.9269,10.05822],[105.92024,10.0591],[105.91809,10.05916],[105.90828,10.05919],[105.90657,10.05913],[105.90616,10.05927],[105.90525,10.05899],[105.90015,10.05766],[105.89276,10.05561],[105.88784,10.05414],[105.8861,10.05359],[105.88779,10.05041],[105.88798,10.04969],[105.88856,10.04896],[105.88903,10.04782],[105.8895,10.04699],[105.88982,10.04582],[105.89127,10.04263],[105.89258,10.03958],[105.89271,10.039],[105.89318,10.03568],[105.89328,10.03432],[105.89358,10.03277],[105.89357,10.03126],[105.89302,10.02942],[105.89292,10.0284],[105.89265,10.02384],[105.8925,10.02268],[105.89241,10.02043],[105.89562,10.02049],[105.89612,10.01858],[105.89621,10.01779],[105.89748,10.01354],[105.89755,10.01295],[105.89548,10.01324],[105.8941,10.01327],[105.89372,10.01205],[105.89184,10.00897],[105.89104,10.00779],[105.88925,10.00484],[105.88637,9.99898],[105.88514,9.99673],[105.88322,9.99308],[105.88244,9.99039],[105.88506,9.9897],[105.88756,9.98861],[105.88874,9.98793],[105.89771,9.98222],[105.90453,9.97685],[105.91408,9.96862],[105.91723,9.9658],[105.91809,9.96644],[105.91881,9.96737],[105.91976,9.96914],[105.91986,9.97238],[105.92016,9.97366],[105.92062,9.97419],[105.92133,9.97467],[105.92197,9.97492],[105.92435,9.97535],[105.92602,9.97593],[105.92818,9.97705],[105.92905,9.97758],[105.93036,9.97858],[105.93133,9.9797],[105.93278,9.98039],[105.93352,9.98114],[105.93432,9.98293],[105.93488,9.98395],[105.93573,9.98492],[105.93693,9.98596],[105.93879,9.98769],[105.9399,9.98894],[105.94142,9.99019],[105.94373,9.99179],[105.94832,9.99504],[105.95086,9.99696],[105.95395,9.99919],[105.95974,10.00342],[105.96483,10.00711],[105.97273,10.0129],[105.97837,10.01704],[105.98273,10.02026],[105.98322,10.02037],[105.98335,10.02106],[105.98379,10.0222],[105.98459,10.02368],[105.98298,10.02451],[105.9826,10.02449],[105.98168,10.02489],[105.98153,10.02529],[105.97909,10.02647],[105.97897,10.02721],[105.97712,10.02715],[105.97712,10.02807],[105.97692,10.03093],[105.97565,10.03082],[105.97494,10.03064],[105.97383,10.03082],[105.97266,10.03078],[105.97248,10.03252],[105.9726,10.03343],[105.97174,10.03835],[105.96994,10.03829],[105.96956,10.03838],[105.96924,10.04096],[105.96565,10.04062],[105.96561,10.04119],[105.96459,10.04571],[105.96434,10.04582],[105.96232,10.04466],[105.96203,10.04457],[105.96163,10.04656],[105.96135,10.04655],[105.9587,10.04548],[105.95823,10.04538],[105.95521,10.04691],[105.95467,10.04727],[105.953,10.04543],[105.95109,10.04743],[105.9494,10.04955],[105.94784,10.05384],[105.94711,10.05561],[105.94244,10.05637],[105.93867,10.05678],[105.93725,10.05703],[105.93637,10.05708],[105.93526,10.05733],[105.93257,10.05751]]]},"properties":{"a01_tinh":"diaphanhanhchinhcaptinh_sn.42","a02_xa":"diaphanhanhchinhcapxa_2025.2548","a03_ten":"Xã Ngãi Tứ","a04_tentinh":"Tỉnh Vĩnh Long","a05_truocsn":"Xã Loan Mỹ, Xã Bình Ninh, Xã Ngãi Tứ, Thị trấn Trà Ôn","a06_trungtamhc":"UBND xã Bình Ninh","a07_dt":"69.12","a08_ds":"48795","a09_dthoai":null,"a10_web":null,"ten":"Xã Ngãi Tứ","ma":"29767","tentinh":"Tỉnh Vĩnh Long","truocsapnhap":"Xã Loan Mỹ, Xã Bình Ninh, Xã Ngãi Tứ, Thị trấn Trà Ôn","dientichkm2":null,"dansonguoi":null},"id":"diaphanhanhchinhcapxa_2025.2548"},
{"type":"Feature","geometry":{"type":"Polygon","coordinates":[[[106.48032,9.70083],[106.48001,9.7015],[106.4796,9.7015],[106.47784,9.702],[106.4773,9.70207],[106.47523,9.70863],[106.47489,9.70982],[106.47459,9.712],[106.47441,9.71241],[106.47411,9.71519],[106.47361,9.7188],[106.47333,9.72019],[106.47253,9.72177],[106.47231,9.72183],[106.47201,9.72345],[106.47206,9.72401],[106.47152,9.725],[106.47137,9.72559],[106.47186,9.72624],[106.47189,9.7273],[106.47104,9.72721],[106.47023,9.72784],[106.4694,9.7294],[106.46883,9.72971],[106.46818,9.72954],[106.46712,9.72842],[106.46652,9.72803],[106.46551,9.72776],[106.46578,9.72709],[106.46804,9.72666],[106.46852,9.72639],[106.46842,9.72563],[106.46721,9.72518],[106.46604,9.72372],[106.46393,9.72265],[106.46305,9.72279],[106.46235,9.72391],[106.46125,9.72404],[106.46089,9.72423],[106.46009,9.72526],[106.45854,9.72508],[106.4581,9.72561],[106.45786,9.72668],[106.45707,9.727],[106.45633,9.72627],[106.45594,9.72523],[106.45644,9.72481],[106.45742,9.72479],[106.45798,9.72452],[106.45793,9.72357],[106.45689,9.72246],[106.45626,9.72229],[106.45584,9.72252],[106.45549,9.72337],[106.45464,9.72364],[106.45376,9.72299],[106.45325,9.72317],[106.45279,9.72392],[106.45222,9.72407],[106.45197,9.72362],[106.45178,9.72218],[106.4515,9.72093],[106.45156,9.72026],[106.45182,9.71998],[106.45296,9.71961],[106.45364,9.719],[106.4534,9.71812],[106.4528,9.71809],[106.45163,9.719],[106.45086,9.71946],[106.44927,9.71956],[106.44808,9.72024],[106.44706,9.7213],[106.44611,9.72271],[106.44522,9.72293],[106.44435,9.72234],[106.44449,9.72174],[106.44559,9.72152],[106.44598,9.72111],[106.44582,9.71945],[106.44625,9.71906],[106.44714,9.71878],[106.4474,9.71838],[106.44751,9.71756],[106.44735,9.71721],[106.44677,9.71709],[106.44572,9.71765],[106.44519,9.71855],[106.44483,9.71868],[106.44396,9.71849],[106.44367,9.71871],[106.44357,9.71998],[106.44301,9.72007],[106.44245,9.71897],[106.44155,9.71855],[106.44098,9.71863],[106.43809,9.7183],[106.43518,9.71808],[106.4324,9.71778],[106.43117,9.71741],[106.43077,9.71601],[106.43017,9.71576],[106.429,9.71567],[106.42968,9.71492],[106.43038,9.71294],[106.42654,9.71193],[106.42274,9.711],[106.42008,9.71029],[106.41749,9.70908],[106.41389,9.70753],[106.41359,9.70771],[106.41258,9.70746],[106.41134,9.70691],[106.40944,9.70803],[106.4086,9.70903],[106.40757,9.70978],[106.40708,9.70998],[106.40638,9.7099],[106.40552,9.70924],[106.40438,9.70953],[106.40365,9.71037],[106.40328,9.71152],[106.4028,9.71208],[106.40212,9.71204],[106.40083,9.71122],[106.40222,9.70864],[106.40176,9.70821],[106.40136,9.70819],[106.40028,9.70728],[106.40054,9.70707],[106.3998,9.70646],[106.39954,9.7068],[106.39752,9.70622],[106.39568,9.70541],[106.39661,9.70382],[106.39447,9.70241],[106.39524,9.70166],[106.39559,9.70081],[106.39537,9.69934],[106.39459,9.69902],[106.3956,9.69688],[106.39601,9.69653],[106.39782,9.69396],[106.39877,9.69198],[106.39975,9.69085],[106.39943,9.68973],[106.40168,9.68593],[106.40214,9.68381],[106.40251,9.68249],[106.40239,9.6822],[106.40144,9.68178],[106.40209,9.68018],[106.40048,9.67932],[106.40061,9.67886],[106.39607,9.67707],[106.39653,9.67585],[106.39563,9.67532],[106.39754,9.6703],[106.39812,9.66809],[106.39886,9.66486],[106.3999,9.66505],[106.40399,9.66677],[106.40466,9.66276],[106.40471,9.66164],[106.40501,9.65995],[106.40554,9.65647],[106.40644,9.6566],[106.40729,9.65632],[106.40796,9.65576],[106.40762,9.65505],[106.40779,9.65384],[106.40755,9.65347],[106.40766,9.65257],[106.40726,9.65167],[106.40783,9.64776],[106.40789,9.64708],[106.40772,9.64652],[106.40703,9.6462],[106.40697,9.64583],[106.40712,9.64345],[106.4077,9.64233],[106.4077,9.64109],[106.40818,9.6402],[106.40721,9.63566],[106.407,9.63451],[106.40647,9.63236],[106.40642,9.63113],[106.41262,9.63025],[106.41644,9.62979],[106.41632,9.63205],[106.41628,9.63501],[106.41634,9.63627],[106.41658,9.63711],[106.41727,9.63849],[106.41851,9.63733],[106.4197,9.6369],[106.42084,9.6369],[106.42122,9.63664],[106.42263,9.63605],[106.42321,9.63604],[106.42326,9.63774],[106.42718,9.63786],[106.42863,9.63755],[106.42996,9.63736],[106.43168,9.63702],[106.43212,9.63725],[106.4381,9.63658],[106.43817,9.63719],[106.43794,9.63916],[106.4377,9.64188],[106.43749,9.64349],[106.4398,9.6438],[106.4397,9.64525],[106.44009,9.64955],[106.44049,9.65234],[106.44093,9.65353],[106.44215,9.65338],[106.44336,9.6531],[106.44761,9.65244],[106.45051,9.65154],[106.45162,9.65141],[106.45439,9.65177],[106.45574,9.65189],[106.4569,9.65223],[106.45713,9.65469],[106.45704,9.65566],[106.45732,9.65588],[106.45686,9.65874],[106.45692,9.65967],[106.45662,9.66148],[106.4567,9.66297],[106.45827,9.66304],[106.45808,9.66437],[106.45827,9.6644],[106.45794,9.66614],[106.45721,9.66605],[106.45661,9.66926],[106.45734,9.66941],[106.4573,9.66985],[106.45968,9.67019],[106.46107,9.67057],[106.46087,9.67242],[106.46089,9.67355],[106.46184,9.67392],[106.46161,9.67636],[106.46157,9.67755],[106.46137,9.67891],[106.45919,9.68202],[106.45953,9.68231],[106.46101,9.68289],[106.46237,9.68382],[106.46323,9.68405],[106.46346,9.6847],[106.46339,9.68528],[106.46269,9.68697],[106.4644,9.68762],[106.4658,9.6884],[106.46486,9.69025],[106.46433,9.6925],[106.46441,9.69417],[106.46562,9.69414],[106.46903,9.69486],[106.46865,9.69615],[106.47346,9.69766],[106.47937,9.70029],[106.48032,9.70083]]]},"properties":{"a01_tinh":"diaphanhanhchinhcaptinh_sn.42","a02_xa":"diaphanhanhchinhcapxa_2025.2521","a03_ten":"Xã Ngũ Lạc","a04_tentinh":"Tỉnh Vĩnh Long","a05_truocsn":"Xã Thạnh Hòa Sơn, Xã Ngũ Lạc","a06_trungtamhc":"đang cập nhật","a07_dt":"60.92","a08_ds":"32309","a09_dthoai":null,"a10_web":null,"ten":"Xã Ngũ Lạc","ma":"29530","tentinh":"Tỉnh Vĩnh Long","truocsapnhap":"Xã Thạnh Hòa Sơn, Xã Ngũ Lạc","dientichkm2":null,"dansonguoi":null},"id":"diaphanhanhchinhcapxa_2025.2521"},
{"type":"Feature","geometry":{"type":"Polygon","coordinates":[[[106.29604,10.03956],[106.28229,10.05355],[106.27031,10.06293],[106.26134,10.06874],[106.25011,10.07445],[106.23828,10.08213],[106.2345,10.07798],[106.23307,10.07661],[106.23214,10.07491],[106.23258,10.07417],[106.23253,10.07382],[106.23182,10.07338],[106.23156,10.07359],[106.2304,10.07314],[106.22943,10.07257],[106.2286,10.07134],[106.22828,10.07049],[106.22773,10.06754],[106.22849,10.06669],[106.22921,10.06654],[106.22848,10.06535],[106.22819,10.06402],[106.22768,10.06351],[106.22762,10.06219],[106.22732,10.06082],[106.22739,10.06011],[106.22789,10.05942],[106.22893,10.05889],[106.22736,10.05805],[106.22503,10.0571],[106.22511,10.0567],[106.22465,10.05604],[106.22519,10.05486],[106.22676,10.04876],[106.22682,10.04819],[106.22327,10.04425],[106.22282,10.04358],[106.22685,10.04285],[106.22833,10.0424],[106.23103,10.04191],[106.23125,10.04297],[106.23173,10.04396],[106.2339,10.04739],[106.23555,10.05081],[106.23623,10.05047],[106.23684,10.04994],[106.23806,10.04945],[106.23871,10.04897],[106.2403,10.04907],[106.24104,10.04869],[106.24205,10.04875],[106.24225,10.04814],[106.2429,10.04731],[106.24308,10.04652],[106.24303,10.0454],[106.24363,10.04405],[106.2443,10.04355],[106.24594,10.04364],[106.24628,10.04344],[106.24643,10.04287],[106.2462,10.04144],[106.24711,10.04084],[106.24807,10.04058],[106.24846,10.04182],[106.24904,10.04262],[106.2498,10.04176],[106.25085,10.04017],[106.25161,10.03966],[106.25284,10.03955],[106.254,10.03992],[106.25475,10.03981],[106.2554,10.039],[106.25608,10.03844],[106.25758,10.03562],[106.2578,10.03549],[106.259,10.03405],[106.25958,10.03393],[106.26018,10.03449],[106.26034,10.03489],[106.2609,10.03506],[106.26251,10.03593],[106.26285,10.03633],[106.26332,10.03559],[106.26441,10.03646],[106.26532,10.03503],[106.26417,10.0343],[106.2645,10.03361],[106.26478,10.03354],[106.26593,10.03419],[106.26636,10.03506],[106.26679,10.03436],[106.26732,10.0344],[106.26776,10.03506],[106.2687,10.03578],[106.26941,10.03437],[106.26915,10.03395],[106.27034,10.03272],[106.26964,10.03207],[106.27018,10.03153],[106.27176,10.03299],[106.27216,10.0326],[106.27231,10.03189],[106.27203,10.0316],[106.27275,10.03099],[106.27308,10.0314],[106.27488,10.03023],[106.27671,10.02895],[106.27608,10.02799],[106.27606,10.0277],[106.27798,10.02652],[106.27652,10.02453],[106.2745,10.02139],[106.27253,10.02306],[106.27079,10.02482],[106.2703,10.02556],[106.26985,10.02492],[106.26899,10.02437],[106.26719,10.02285],[106.26641,10.02358],[106.26593,10.02341],[106.26516,10.02279],[106.26499,10.02236],[106.26511,10.02169],[106.26439,10.02095],[106.26388,10.02088],[106.26348,10.01994],[106.26286,10.01957],[106.26187,10.01954],[106.26145,10.01922],[106.26033,10.01956],[106.26006,10.02027],[106.25525,10.01871],[106.25407,10.01839],[106.25013,10.01711],[106.24903,10.01999],[106.24791,10.02249],[106.24428,10.02014],[106.24547,10.01846],[106.2457,10.01714],[106.24565,10.01625],[106.24555,10.01132],[106.24073,10.01329],[106.23774,10.01456],[106.2359,10.0115],[106.23443,10.0086],[106.23262,10.00406],[106.23016,9.99898],[106.22678,9.99215],[106.22571,9.98993],[106.22147,9.99064],[106.22078,9.99084],[106.22033,9.98945],[106.22045,9.98833],[106.22032,9.98755],[106.2198,9.98638],[106.21997,9.98559],[106.21968,9.98554],[106.21914,9.98482],[106.21951,9.9831],[106.21878,9.98178],[106.21813,9.98151],[106.2182,9.98109],[106.21773,9.98088],[106.21774,9.97912],[106.21705,9.97654],[106.21698,9.97487],[106.21723,9.97283],[106.21696,9.97171],[106.21974,9.96984],[106.21999,9.97026],[106.22085,9.97097],[106.22195,9.97209],[106.22235,9.97275],[106.22324,9.97342],[106.22318,9.97428],[106.2234,9.97533],[106.22403,9.97599],[106.22434,9.97704],[106.22505,9.97785],[106.22621,9.97827],[106.22745,9.97897],[106.22878,9.97924],[106.23029,9.98065],[106.23145,9.98139],[106.23281,9.98169],[106.2335,9.98214],[106.23391,9.9835],[106.23397,9.98459],[106.23375,9.98649],[106.23401,9.98739],[106.23497,9.98851],[106.23641,9.98944],[106.23693,9.99005],[106.23702,9.99066],[106.23693,9.99204],[106.23756,9.99325],[106.23947,9.99526],[106.24074,9.99643],[106.24161,9.99754],[106.2423,9.99862],[106.24315,9.99873],[106.24395,9.99847],[106.24473,9.99859],[106.24534,9.99925],[106.2461,10.00046],[106.24697,10.00064],[106.24772,10.00005],[106.2485,9.99898],[106.24963,9.99764],[106.25021,9.99665],[106.2519,9.99488],[106.25466,9.9908],[106.25538,9.98889],[106.25606,9.9886],[106.2573,9.98849],[106.25978,9.98857],[106.26099,9.98901],[106.26159,9.98966],[106.26165,9.99046],[106.26146,9.99202],[106.26149,9.99288],[106.2618,9.9937],[106.26321,9.99528],[106.26396,9.99655],[106.26471,9.9982],[106.2655,9.99801],[106.26641,9.99727],[106.26734,9.99721],[106.26777,9.99676],[106.26891,9.99603],[106.27052,9.99635],[106.27157,9.9975],[106.27057,9.99898],[106.2697,10.00014],[106.27052,10.00063],[106.27139,10.00043],[106.27188,10.00135],[106.27237,10.00196],[106.27284,10.00216],[106.27331,10.00196],[106.27407,10.00246],[106.27569,10.00152],[106.27853,10.00026],[106.27932,9.99975],[106.28011,9.99898],[106.28077,9.998],[106.28133,9.99661],[106.2819,9.99382],[106.2824,9.99249],[106.2831,9.99168],[106.28454,9.99096],[106.28485,9.99102],[106.28614,9.99065],[106.28806,9.99065],[106.28983,9.99098],[106.29046,9.99099],[106.29159,9.99064],[106.29354,9.98949],[106.29458,9.98859],[106.29606,9.98701],[106.2967,9.98677],[106.29802,9.98697],[106.29893,9.9876],[106.29963,9.98789],[106.3005,9.98803],[106.30222,9.98786],[106.30392,9.98729],[106.30531,9.98622],[106.30571,9.9857],[106.30699,9.983],[106.30789,9.98215],[106.30905,9.98199],[106.3095,9.98213],[106.31025,9.98312],[106.31052,9.98398],[106.31048,9.98581],[106.31015,9.98861],[106.30997,9.98894],[106.31074,9.99004],[106.3117,9.9912],[106.31339,9.99298],[106.31411,9.9939],[106.31457,9.99483],[106.31489,9.99601],[106.31488,9.99712],[106.31463,9.99805],[106.31415,9.99898],[106.3119,10.00185],[106.31124,10.0023],[106.31017,10.00279],[106.30781,10.0037],[106.307,10.00433],[106.30628,10.0046],[106.30481,10.00539],[106.30347,10.00741],[106.30321,10.00908],[106.30352,10.0104],[106.30397,10.01108],[106.30457,10.01161],[106.30563,10.01213],[106.30649,10.01236],[106.30762,10.01249],[106.31159,10.01217],[106.31347,10.01246],[106.32084,10.017],[106.31906,10.01792],[106.31789,10.0186],[106.31214,10.02291],[106.31118,10.02369],[106.30869,10.02584],[106.30707,10.02741],[106.30338,10.03125],[106.30148,10.03331],[106.30054,10.03419],[106.2985,10.03663],[106.29797,10.03716],[106.29604,10.03956]]]},"properties":{"a01_tinh":"diaphanhanhchinhcaptinh_sn.42","a02_xa":"diaphanhanhchinhcapxa_2025.2487","a03_ten":"Xã Nhị Long","a04_tentinh":"Tỉnh Vĩnh Long","a05_truocsn":"Xã Đại Phước, Xã Đức Mỹ, Xã Nhị Long","a06_trungtamhc":"đang cập nhật","a07_dt":"57.95","a08_ds":"34633","a09_dthoai":null,"a10_web":null,"ten":"Xã Nhị Long","ma":"29302","tentinh":"Tỉnh Vĩnh Long","truocsapnhap":"Xã Đại Phước, Xã Đức Mỹ, Xã Nhị Long","dientichkm2":null,"dansonguoi":null},"id":"diaphanhanhchinhcapxa_2025.2487"},
{"type":"Feature","geometry":{"type":"Polygon","coordinates":[[[106.32953,9.75645],[106.33414,9.75742],[106.33689,9.75777],[106.33959,9.758],[106.34241,9.75846],[106.34403,9.75305],[106.34413,9.75107],[106.34593,9.74795],[106.34793,9.7442],[106.35169,9.73762],[106.35334,9.7352],[106.35315,9.73502],[106.35366,9.73384],[106.35448,9.73415],[106.35512,9.7326],[106.35567,9.73188],[106.35708,9.73233],[106.3576,9.73135],[106.35833,9.73162],[106.35866,9.73154],[106.35907,9.73061],[106.35869,9.7305],[106.35948,9.72806],[106.36068,9.72897],[106.36211,9.7298],[106.36274,9.72827],[106.36447,9.72905],[106.36485,9.72804],[106.36818,9.72947],[106.3684,9.7288],[106.37,9.72938],[106.37078,9.73005],[106.3714,9.72989],[106.37287,9.73041],[106.37378,9.72857],[106.37797,9.72986],[106.37911,9.73001],[106.38031,9.73035],[106.38062,9.73082],[106.38388,9.73205],[106.38663,9.73397],[106.38886,9.73626],[106.38998,9.73757],[106.39217,9.73552],[106.39327,9.73516],[106.39488,9.73493],[106.39706,9.73487],[106.39877,9.73507],[106.40103,9.73559],[106.40182,9.73591],[106.40386,9.73613],[106.4048,9.73661],[106.40341,9.74001],[106.40462,9.74023],[106.40552,9.74056],[106.40704,9.74068],[106.40812,9.74092],[106.40796,9.74133],[106.40874,9.74161],[106.40839,9.74333],[106.40859,9.74338],[106.40716,9.74898],[106.4071,9.74964],[106.40728,9.75169],[106.40706,9.75418],[106.4084,9.75412],[106.40847,9.75482],[106.40927,9.75479],[106.40935,9.75593],[106.41041,9.75585],[106.41062,9.75754],[106.4115,9.75736],[106.41182,9.7596],[106.41211,9.75958],[106.4123,9.7639],[106.4121,9.76436],[106.41363,9.76437],[106.41368,9.76676],[106.41348,9.7687],[106.41475,9.76856],[106.41478,9.76901],[106.4152,9.77036],[106.41589,9.77052],[106.41588,9.77144],[106.41705,9.77165],[106.4167,9.77399],[106.41784,9.77427],[106.41851,9.77803],[106.41943,9.77812],[106.41928,9.77928],[106.41992,9.77929],[106.42056,9.78037],[106.42151,9.78042],[106.42137,9.78139],[106.42103,9.78137],[106.42089,9.78209],[106.42125,9.78214],[106.42112,9.78299],[106.42462,9.784],[106.42449,9.7853],[106.42579,9.78567],[106.42559,9.78662],[106.42684,9.78692],[106.42669,9.7879],[106.42858,9.7882],[106.42886,9.7904],[106.43031,9.79012],[106.43026,9.79061],[106.43105,9.7907],[106.43129,9.79131],[106.43114,9.79196],[106.4302,9.79763],[106.42984,9.79852],[106.42935,9.7989],[106.42874,9.7989],[106.42766,9.79845],[106.42794,9.80011],[106.42927,9.80285],[106.43011,9.80436],[106.43066,9.80574],[106.43109,9.80743],[106.43193,9.81129],[106.43291,9.81487],[106.43059,9.81475],[106.42757,9.81468],[106.42274,9.81451],[106.4162,9.81416],[106.41234,9.81404],[106.41072,9.81391],[106.40944,9.81394],[106.40809,9.81411],[106.40566,9.81502],[106.40434,9.81565],[106.4033,9.81583],[106.39783,9.81618],[106.39359,9.81649],[106.38866,9.81679],[106.38223,9.81724],[106.37846,9.81754],[106.3773,9.81763],[106.37782,9.81493],[106.37678,9.81459],[106.36952,9.81207],[106.36656,9.80917],[106.36078,9.8028],[106.3565,9.79597],[106.35632,9.79554],[106.34584,9.79445],[106.34307,9.79419],[106.34391,9.78819],[106.34332,9.78808],[106.34412,9.78254],[106.34348,9.78236],[106.34401,9.77926],[106.34249,9.77707],[106.34057,9.77455],[106.33981,9.77422],[106.33936,9.77423],[106.33719,9.77491],[106.33623,9.77503],[106.33532,9.77474],[106.3339,9.7733],[106.33047,9.76961],[106.32761,9.7667],[106.32647,9.76572],[106.3276,9.76283],[106.32953,9.75645]]]},"properties":{"a01_tinh":"diaphanhanhchinhcaptinh_sn.42","a02_xa":"diaphanhanhchinhcapxa_2025.2508","a03_ten":"Xã Nhị Trường","a04_tentinh":"Tỉnh Vĩnh Long","a05_truocsn":"Xã Hiệp Hòa, Xã Trường Thọ, Xã Nhị Trường","a06_trungtamhc":"đang cập nhật","a07_dt":"72.34","a08_ds":"38184","a09_dthoai":null,"a10_web":null,"ten":"Xã Nhị Trường","ma":"29446","tentinh":"Tỉnh Vĩnh Long","truocsapnhap":"Xã Hiệp Hòa, Xã Trường Thọ, Xã Nhị Trường","dientichkm2":null,"dansonguoi":null},"id":"diaphanhanhchinhcapxa_2025.2508"},
{"type":"Feature","geometry":{"type":"Polygon","coordinates":[[[106.03412,10.25685],[106.0331,10.25706],[106.02883,10.25819],[106.02762,10.25852],[106.02091,10.26043],[106.01825,10.25511],[106.01684,10.25201],[106.01912,10.24998],[106.01972,10.24963],[106.0202,10.24899],[106.02185,10.24827],[106.02175,10.24782],[106.02335,10.24768],[106.02376,10.24574],[106.0242,10.24254],[106.02488,10.24254],[106.0274,10.24145],[106.02859,10.24107],[106.02856,10.2402],[106.02762,10.23739],[106.02697,10.23478],[106.02477,10.23357],[106.0235,10.23163],[106.02165,10.2295],[106.02067,10.22894],[106.02028,10.22819],[106.02,10.22832],[106.01894,10.22678],[106.0198,10.22625],[106.0204,10.22627],[106.02118,10.22463],[106.02201,10.2237],[106.02268,10.22393],[106.0233,10.22467],[106.02406,10.22531],[106.02718,10.22348],[106.02785,10.22485],[106.02884,10.22589],[106.02941,10.22438],[106.03024,10.22244],[106.03104,10.22034],[106.03153,10.21873],[106.03192,10.21773],[106.0331,10.2183],[106.03518,10.21867],[106.03865,10.21956],[106.04178,10.22052],[106.04253,10.22125],[106.04295,10.22085],[106.04434,10.22094],[106.04593,10.22122],[106.04698,10.22104],[106.04818,10.2217],[106.04881,10.2218],[106.04927,10.2216],[106.05039,10.22063],[106.05065,10.22078],[106.05245,10.22084],[106.05246,10.21867],[106.05264,10.21722],[106.05276,10.21514],[106.05297,10.21363],[106.05296,10.21298],[106.05351,10.21255],[106.05395,10.21259],[106.05418,10.21209],[106.05435,10.21074],[106.05495,10.21017],[106.05539,10.20834],[106.05579,10.20772],[106.05728,10.20672],[106.05711,10.20575],[106.05817,10.20561],[106.05988,10.20511],[106.06159,10.20475],[106.05985,10.20131],[106.05926,10.19974],[106.05819,10.19747],[106.05913,10.19692],[106.06191,10.19561],[106.06333,10.19657],[106.06343,10.19575],[106.06375,10.19535],[106.06353,10.19484],[106.06447,10.19354],[106.065,10.19306],[106.06514,10.19266],[106.06646,10.19143],[106.06681,10.1908],[106.06805,10.18901],[106.06823,10.18852],[106.06888,10.18795],[106.06933,10.18687],[106.07023,10.18547],[106.07113,10.18454],[106.07159,10.18521],[106.07272,10.18692],[106.07343,10.18813],[106.07358,10.18865],[106.07458,10.19081],[106.07434,10.1912],[106.0795,10.19407],[106.08217,10.19574],[106.08414,10.19667],[106.08631,10.19755],[106.08738,10.19814],[106.08801,10.1988],[106.08878,10.19928],[106.08944,10.19946],[106.09,10.20041],[106.09074,10.20068],[106.09143,10.20164],[106.09319,10.20335],[106.0927,10.20424],[106.09217,10.20487],[106.09267,10.20525],[106.09346,10.20554],[106.09477,10.20623],[106.09612,10.20719],[106.09673,10.20786],[106.09698,10.20873],[106.09696,10.20936],[106.0972,10.21121],[106.09715,10.21179],[106.09753,10.21216],[106.09872,10.21391],[106.09908,10.21479],[106.09982,10.21547],[106.10154,10.21785],[106.10238,10.21871],[106.10254,10.21934],[106.10248,10.22101],[106.10317,10.22212],[106.10419,10.22252],[106.10528,10.22261],[106.10551,10.22312],[106.10535,10.22355],[106.10546,10.22485],[106.10502,10.22538],[106.10497,10.22598],[106.10558,10.22652],[106.10569,10.22685],[106.10516,10.22805],[106.1053,10.22853],[106.1059,10.22957],[106.10602,10.23066],[106.1055,10.23124],[106.10407,10.23204],[106.10333,10.23256],[106.10273,10.23361],[106.10284,10.23434],[106.10384,10.23652],[106.10535,10.23924],[106.10312,10.2401],[106.09854,10.24148],[106.09471,10.24239],[106.09239,10.24266],[106.084,10.24329],[106.0788,10.24344],[106.07606,10.24359],[106.07524,10.24358],[106.0734,10.24378],[106.07208,10.24373],[106.06868,10.2439],[106.06739,10.24391],[106.06339,10.24405],[106.06094,10.24424],[106.05664,10.24469],[106.05456,10.24476],[106.05236,10.24494],[106.05076,10.24516],[106.04895,10.24559],[106.04667,10.24612],[106.04423,10.24707],[106.04374,10.24727],[106.03882,10.24932],[106.03661,10.25116],[106.0352,10.25326],[106.03412,10.25685]]]},"properties":{"a01_tinh":"diaphanhanhchinhcaptinh_sn.42","a02_xa":"diaphanhanhchinhcapxa_2025.2534","a03_ten":"Xã Nhơn Phú","a04_tentinh":"Tỉnh Vĩnh Long","a05_truocsn":"Xã Mỹ An (huyện Mang Thít), Xã Mỹ Phước, Xã Nhơn Phú","a06_trungtamhc":"đang cập nhật","a07_dt":"38.09","a08_ds":"34898","a09_dthoai":null,"a10_web":null,"ten":"Xã Nhơn Phú","ma":"29623","tentinh":"Tỉnh Vĩnh Long","truocsapnhap":"Xã Mỹ An (huyện Mang Thít), Xã Mỹ Phước, Xã Nhơn Phú","dientichkm2":null,"dansonguoi":null},"id":"diaphanhanhchinhcapxa_2025.2534"},
{"type":"Feature","geometry":{"type":"Polygon","coordinates":[[[106.28529,10.16372],[106.28484,10.16474],[106.28519,10.16529],[106.28609,10.16552],[106.28706,10.16548],[106.28722,10.16615],[106.28682,10.16655],[106.28675,10.16702],[106.287,10.16758],[106.28675,10.16823],[106.2858,10.16886],[106.28478,10.16991],[106.2845,10.1706],[106.28491,10.1712],[106.28595,10.17089],[106.28665,10.1701],[106.28708,10.16994],[106.28794,10.17017],[106.28806,10.17114],[106.28743,10.17199],[106.28569,10.17264],[106.2852,10.17294],[106.28469,10.17356],[106.28447,10.17422],[106.28434,10.17568],[106.28383,10.17663],[106.28287,10.17709],[106.2822,10.17758],[106.28215,10.17754],[106.28126,10.17683],[106.28025,10.17672],[106.27989,10.17771],[106.27987,10.17931],[106.27968,10.18018],[106.27913,10.18056],[106.27707,10.18076],[106.27598,10.18069],[106.27445,10.18107],[106.27364,10.18175],[106.2728,10.18328],[106.27037,10.18166],[106.2689,10.18082],[106.26792,10.18094],[106.26733,10.181],[106.26706,10.1813],[106.26701,10.18243],[106.26735,10.18401],[106.26576,10.18448],[106.26198,10.18582],[106.26085,10.18749],[106.26054,10.18854],[106.26143,10.18924],[106.26222,10.1903],[106.26322,10.19101],[106.26349,10.19271],[106.26322,10.1949],[106.263,10.19575],[106.26255,10.19625],[106.26038,10.19689],[106.26052,10.19747],[106.26045,10.1984],[106.26105,10.19843],[106.2612,10.19844],[106.26048,10.1984],[106.257,10.19814],[106.25591,10.19817],[106.25519,10.19791],[106.25392,10.19816],[106.25268,10.19879],[106.25107,10.19991],[106.25049,10.1998],[106.24978,10.19918],[106.2491,10.19912],[106.24827,10.19944],[106.24808,10.19863],[106.24742,10.19733],[106.24686,10.19664],[106.24592,10.19602],[106.24476,10.1955],[106.24348,10.19507],[106.24325,10.19426],[106.2437,10.19356],[106.24517,10.1926],[106.24709,10.19168],[106.24876,10.19056],[106.2512,10.18839],[106.25309,10.18703],[106.25602,10.1854],[106.25681,10.18484],[106.25853,10.18285],[106.26014,10.18159],[106.26103,10.18129],[106.26172,10.18139],[106.26165,10.18057],[106.26195,10.17961],[106.26228,10.17907],[106.26227,10.1772],[106.2625,10.17614],[106.26242,10.17522],[106.26253,10.1739],[106.26273,10.17319],[106.26261,10.17222],[106.26275,10.17149],[106.26282,10.16917],[106.26298,10.16774],[106.26333,10.1635],[106.26284,10.15991],[106.2627,10.15737],[106.26253,10.15522],[106.26206,10.15529],[106.26121,10.15489],[106.26003,10.15458],[106.25852,10.15392],[106.25846,10.15388],[106.25691,10.15298],[106.25607,10.15201],[106.25477,10.15071],[106.25375,10.15007],[106.25178,10.14996],[106.24983,10.14949],[106.24773,10.14934],[106.24609,10.14951],[106.2448,10.14917],[106.24315,10.14943],[106.24275,10.14919],[106.2406,10.1485],[106.23838,10.14773],[106.23766,10.14766],[106.23725,10.14833],[106.23714,10.14891],[106.23736,10.15064],[106.23685,10.1512],[106.23362,10.15197],[106.23257,10.15199],[106.23161,10.15181],[106.2309,10.15211],[106.23035,10.15204],[106.22982,10.15139],[106.22909,10.15135],[106.22804,10.15171],[106.22671,10.15131],[106.22526,10.15167],[106.22426,10.15152],[106.224,10.15117],[106.22341,10.15094],[106.22256,10.15134],[106.22202,10.15117],[106.22111,10.15056],[106.21896,10.14933],[106.22368,10.14461],[106.22759,10.1399],[106.23177,10.13453],[106.2348,10.12982],[106.23795,10.12398],[106.23978,10.12055],[106.24152,10.11795],[106.24444,10.11398],[106.24849,10.10853],[106.25178,10.10364],[106.25874,10.09722],[106.26056,10.09536],[106.2633,10.09212],[106.26522,10.0896],[106.26853,10.08477],[106.27063,10.08154],[106.27183,10.07982],[106.27306,10.07818],[106.27439,10.07594],[106.27644,10.07261],[106.27704,10.07193],[106.27835,10.07636],[106.27829,10.07764],[106.27808,10.07901],[106.27802,10.08022],[106.27845,10.08193],[106.27874,10.08249],[106.28001,10.08433],[106.28103,10.08551],[106.28249,10.08691],[106.28349,10.08832],[106.28401,10.09094],[106.28437,10.09237],[106.28537,10.09493],[106.28546,10.0955],[106.28533,10.09717],[106.28551,10.09762],[106.28584,10.0983],[106.28692,10.09985],[106.28773,10.10063],[106.28874,10.10118],[106.29174,10.10316],[106.29506,10.10553],[106.29757,10.10726],[106.29732,10.10818],[106.2945,10.10864],[106.29465,10.11013],[106.29281,10.11037],[106.29209,10.11057],[106.29125,10.11106],[106.29054,10.11168],[106.28903,10.11247],[106.28854,10.11304],[106.28829,10.11404],[106.28847,10.11467],[106.28891,10.11484],[106.29174,10.11355],[106.2925,10.11344],[106.29283,10.11377],[106.29307,10.11483],[106.2935,10.11593],[106.29358,10.11656],[106.29331,10.11718],[106.29283,10.11742],[106.29056,10.1176],[106.29029,10.11784],[106.29034,10.11846],[106.29084,10.11951],[106.2912,10.12093],[106.29189,10.12124],[106.29299,10.12053],[106.29393,10.12068],[106.29438,10.12137],[106.29522,10.12218],[106.2962,10.12266],[106.29642,10.12331],[106.29588,10.12439],[106.29507,10.12491],[106.2943,10.12461],[106.29409,10.1237],[106.29354,10.12317],[106.2932,10.12319],[106.29252,10.1243],[106.29222,10.12542],[106.29168,10.12545],[106.29111,10.12486],[106.29046,10.12333],[106.29001,10.12308],[106.28951,10.12337],[106.28928,10.12412],[106.28778,10.12349],[106.28762,10.12424],[106.28659,10.12424],[106.28581,10.12483],[106.28521,10.1249],[106.28452,10.12412],[106.28398,10.12384],[106.28348,10.12315],[106.28224,10.12322],[106.2818,10.12225],[106.28099,10.12208],[106.28053,10.12252],[106.27996,10.12245],[106.27988,10.12289],[106.27422,10.12189],[106.27364,10.1232],[106.27391,10.12337],[106.27265,10.12647],[106.27181,10.12802],[106.27144,10.12891],[106.27015,10.13264],[106.27321,10.13345],[106.27728,10.13436],[106.27794,10.1344],[106.27865,10.13416],[106.27906,10.13366],[106.27945,10.13403],[106.27984,10.13367],[106.27917,10.13307],[106.27934,10.1327],[106.27991,10.13292],[106.28116,10.13366],[106.28154,10.13365],[106.28178,10.13318],[106.28144,10.13211],[106.28169,10.13152],[106.28221,10.1316],[106.28259,10.13316],[106.28308,10.13331],[106.28335,10.13297],[106.28357,10.13181],[106.28413,10.13182],[106.28453,10.13257],[106.28479,10.1324],[106.28483,10.13162],[106.28525,10.13104],[106.28594,10.13162],[106.28643,10.13101],[106.28681,10.13024],[106.28668,10.1289],[106.28618,10.12837],[106.28634,10.12779],[106.28681,10.1277],[106.28841,10.12781],[106.28856,10.1288],[106.28945,10.13029],[106.28943,10.13261],[106.28847,10.13352],[106.28845,10.13384],[106.28936,10.13444],[106.28981,10.135],[106.28972,10.13605],[106.2903,10.13699],[106.29126,10.1376],[106.29202,10.13896],[106.29202,10.14047],[106.29226,10.14123],[106.29293,10.14244],[106.2929,10.14393],[106.29301,10.1446],[106.29106,10.14441],[106.29127,10.14538],[106.292,10.14808],[106.29211,10.15049],[106.29167,10.15121],[106.29127,10.15153],[106.29095,10.1522],[106.2903,10.15218],[106.28953,10.15298],[106.28798,10.15337],[106.28805,10.15636],[106.28777,10.15818],[106.28711,10.15997],[106.28826,10.1607],[106.28732,10.16138],[106.28696,10.16235],[106.28662,10.16276],[106.28534,10.16368],[106.28529,10.16372]]]},"properties":{"a01_tinh":"diaphanhanhchinhcaptinh_sn.42","a02_xa":"diaphanhanhchinhcapxa_2025.2453","a03_ten":"Xã Nhuận Phú Tân","a04_tentinh":"Tỉnh Vĩnh Long","a05_truocsn":"Xã Khánh Thạnh Tân, Xã Tân Thanh Tây, Xã Nhuận Phú Tân","a06_trungtamhc":"UBND xã Khánh Thạnh Tân","a07_dt":"41.64","a08_ds":"38837","a09_dthoai":null,"a10_web":null,"ten":"Xã Nhuận Phú Tân","ma":"28948","tentinh":"Tỉnh Vĩnh Long","truocsapnhap":"Xã Khánh Thạnh Tân, Xã Tân Thanh Tây, Xã Nhuận Phú Tân","dientichkm2":null,"dansonguoi":null},"id":"diaphanhanhchinhcapxa_2025.2453"},
{"type":"Feature","geometry":{"type":"Polygon","coordinates":[[[106.16559,9.86158],[106.16432,9.8609],[106.16336,9.86028],[106.16177,9.86058],[106.15963,9.86044],[106.15943,9.86087],[106.1577,9.86136],[106.15622,9.86265],[106.15585,9.86308],[106.15635,9.86383],[106.15645,9.8643],[106.15627,9.86551],[106.15641,9.86641],[106.15473,9.86578],[106.15368,9.86561],[106.15203,9.86593],[106.15097,9.86598],[106.14909,9.8652],[106.145,9.86504],[106.14372,9.86593],[106.14189,9.86765],[106.14144,9.86845],[106.14108,9.86971],[106.14053,9.87075],[106.13973,9.87199],[106.13908,9.87398],[106.13832,9.87581],[106.1377,9.87664],[106.13648,9.87786],[106.1358,9.87842],[106.13514,9.87834],[106.1344,9.87786],[106.13257,9.87624],[106.13157,9.87548],[106.1309,9.87519],[106.13077,9.87487],[106.12981,9.87398],[106.12797,9.87245],[106.12818,9.87208],[106.127,9.87152],[106.12678,9.87119],[106.12579,9.87053],[106.12507,9.86964],[106.12429,9.86919],[106.12413,9.86848],[106.12285,9.86767],[106.11997,9.86505],[106.11887,9.86421],[106.1176,9.86294],[106.11704,9.86266],[106.1173,9.86138],[106.11881,9.85958],[106.11964,9.85887],[106.12049,9.85849],[106.12027,9.85664],[106.11841,9.85837],[106.11752,9.85828],[106.11752,9.85871],[106.11546,9.8577],[106.1138,9.85889],[106.11006,9.86141],[106.1109,9.86209],[106.1091,9.86399],[106.10821,9.86342],[106.10733,9.86261],[106.1067,9.86349],[106.10563,9.86556],[106.10535,9.86579],[106.1046,9.86546],[106.10446,9.86593],[106.1032,9.86422],[106.10114,9.86133],[106.09996,9.86095],[106.09973,9.8614],[106.09684,9.8597],[106.09599,9.85916],[106.09094,9.85545],[106.08826,9.8536],[106.08857,9.85331],[106.08733,9.85219],[106.08628,9.85145],[106.08566,9.85067],[106.08632,9.8502],[106.08512,9.84878],[106.08447,9.84924],[106.08354,9.84832],[106.08492,9.84731],[106.0844,9.84681],[106.08374,9.84656],[106.08331,9.84689],[106.08223,9.84523],[106.08267,9.84494],[106.08225,9.84421],[106.08176,9.84451],[106.08147,9.84397],[106.08071,9.84425],[106.0802,9.844],[106.07935,9.84301],[106.07943,9.84282],[106.07875,9.84141],[106.07909,9.8414],[106.07887,9.84024],[106.07845,9.83969],[106.07533,9.84019],[106.07546,9.83968],[106.07329,9.83934],[106.07333,9.83911],[106.0722,9.83854],[106.07299,9.83564],[106.07247,9.83516],[106.0715,9.83469],[106.07139,9.83448],[106.07263,9.83354],[106.07416,9.83255],[106.07263,9.83087],[106.07156,9.82894],[106.07073,9.82918],[106.0703,9.82821],[106.0695,9.82829],[106.06868,9.82749],[106.06778,9.82712],[106.06744,9.82663],[106.06721,9.82588],[106.06667,9.82517],[106.06605,9.82492],[106.06502,9.82476],[106.06083,9.8229],[106.05837,9.82236],[106.05801,9.82222],[106.05656,9.8211],[106.05388,9.82026],[106.05254,9.82003],[106.0518,9.81964],[106.05191,9.81912],[106.05249,9.81792],[106.05401,9.8153],[106.05455,9.81417],[106.05466,9.81357],[106.05454,9.81229],[106.05434,9.81169],[106.05318,9.81016],[106.0491,9.80456],[106.05111,9.80231],[106.05332,9.79958],[106.05744,9.79381],[106.06078,9.79006],[106.06923,9.7784],[106.07138,9.77615],[106.07352,9.77438],[106.07476,9.77348],[106.07811,9.77152],[106.08143,9.7702],[106.08482,9.76896],[106.08874,9.76707],[106.09465,9.76387],[106.10116,9.75936],[106.1066,9.7551],[106.11071,9.7515],[106.11141,9.75327],[106.11178,9.75476],[106.112,9.7567],[106.11209,9.75819],[106.11193,9.76114],[106.1118,9.76212],[106.11143,9.76315],[106.11015,9.76503],[106.10897,9.76637],[106.10668,9.76834],[106.10424,9.77007],[106.1021,9.77143],[106.10263,9.7722],[106.10345,9.77272],[106.10351,9.77338],[106.10377,9.77384],[106.10597,9.77645],[106.10338,9.77854],[106.09981,9.78156],[106.09928,9.78192],[106.10168,9.78458],[106.10246,9.78564],[106.10309,9.78672],[106.10415,9.78828],[106.10489,9.78916],[106.10491,9.78976],[106.10539,9.79039],[106.10497,9.79098],[106.10441,9.79121],[106.10358,9.79098],[106.10342,9.7923],[106.10315,9.79339],[106.10332,9.79384],[106.10737,9.79425],[106.11399,9.79517],[106.11602,9.79559],[106.11677,9.79655],[106.11763,9.79713],[106.11753,9.7975],[106.1183,9.79828],[106.11742,9.79886],[106.11658,9.79847],[106.11678,9.79986],[106.11768,9.80008],[106.11767,9.80056],[106.11733,9.80082],[106.11704,9.80162],[106.11666,9.80207],[106.11778,9.8023],[106.11781,9.80307],[106.11647,9.80284],[106.11607,9.80297],[106.11592,9.80406],[106.11648,9.80424],[106.11739,9.80487],[106.11779,9.80634],[106.1188,9.80668],[106.12045,9.80663],[106.12051,9.8062],[106.1214,9.8062],[106.12145,9.80654],[106.12299,9.80613],[106.12314,9.80572],[106.12369,9.80557],[106.1253,9.80459],[106.12582,9.80395],[106.12645,9.80374],[106.12692,9.80441],[106.12702,9.80502],[106.12752,9.80551],[106.12757,9.80607],[106.12707,9.80656],[106.12697,9.80725],[106.12753,9.80811],[106.12779,9.80909],[106.12731,9.80964],[106.12683,9.8107],[106.12684,9.81331],[106.12694,9.81398],[106.12863,9.814],[106.12966,9.81484],[106.13076,9.81557],[106.13047,9.8167],[106.13081,9.81713],[106.13195,9.81771],[106.13368,9.81886],[106.1349,9.81951],[106.13616,9.82049],[106.13832,9.82282],[106.13976,9.82457],[106.14029,9.82541],[106.1425,9.82817],[106.14265,9.82808],[106.14735,9.83279],[106.14963,9.83498],[106.15157,9.83695],[106.15255,9.83777],[106.15294,9.83834],[106.15345,9.83853],[106.15397,9.83943],[106.15507,9.84001],[106.15541,9.84075],[106.15692,9.84165],[106.15829,9.84268],[106.15866,9.84203],[106.15803,9.84139],[106.15799,9.84101],[106.15898,9.8409],[106.15948,9.84178],[106.1604,9.84176],[106.16076,9.84275],[106.1619,9.84291],[106.16142,9.8443],[106.16146,9.84467],[106.16208,9.84545],[106.16163,9.84595],[106.16029,9.84559],[106.15964,9.84604],[106.15921,9.84699],[106.16093,9.84749],[106.16152,9.84708],[106.16194,9.84715],[106.16256,9.84781],[106.16258,9.84827],[106.16193,9.84926],[106.16235,9.84994],[106.16322,9.85252],[106.16281,9.8542],[106.16311,9.85513],[106.16388,9.85571],[106.16523,9.85595],[106.16592,9.85639],[106.16669,9.8566],[106.16754,9.8572],[106.16786,9.85816],[106.1674,9.86002],[106.16712,9.86063],[106.16647,9.86116],[106.16559,9.86158]]]},"properties":{"a01_tinh":"diaphanhanhchinhcaptinh_sn.42","a02_xa":"diaphanhanhchinhcapxa_2025.2494","a03_ten":"Xã Phong Thạnh","a04_tentinh":"Tỉnh Vĩnh Long","a05_truocsn":"Xã Ninh Thới, Xã Phong Phú, Xã Phong Thạnh","a06_trungtamhc":"đang cập nhật","a07_dt":"77.33","a08_ds":"41525","a09_dthoai":null,"a10_web":null,"ten":"Xã Phong Thạnh","ma":"29329","tentinh":"Tỉnh Vĩnh Long","truocsapnhap":"Xã Ninh Thới, Xã Phong Phú, Xã Phong Thạnh","dientichkm2":null,"dansonguoi":null},"id":"diaphanhanhchinhcapxa_2025.2494"},
{"type":"Feature","geometry":{"type":"Polygon","coordinates":[[[106.12826,10.2281],[106.13241,10.23661],[106.13228,10.23677],[106.13388,10.23866],[106.13249,10.23977],[106.13095,10.24091],[106.12678,10.24383],[106.12473,10.24494],[106.1241,10.24554],[106.12373,10.24613],[106.12271,10.24858],[106.12249,10.24898],[106.12164,10.25119],[106.1209,10.25285],[106.11943,10.25569],[106.11837,10.25864],[106.11799,10.26286],[106.1183,10.26381],[106.11931,10.26555],[106.12079,10.26824],[106.1219,10.27045],[106.12344,10.27333],[106.12484,10.27613],[106.12635,10.27879],[106.12871,10.28399],[106.12678,10.28448],[106.12309,10.28438],[106.11405,10.28435],[106.112,10.28426],[106.10806,10.28373],[106.10401,10.28361],[106.10254,10.28251],[106.0956,10.27785],[106.09285,10.27703],[106.08985,10.27646],[106.08829,10.27634],[106.08347,10.27643],[106.0812,10.27682],[106.07879,10.27736],[106.07517,10.27885],[106.06914,10.28203],[106.06536,10.28386],[106.06045,10.28585],[106.05761,10.28741],[106.05497,10.28871],[106.03903,10.29668],[106.03477,10.29898],[106.03468,10.2991],[106.03285,10.29581],[106.03179,10.2937],[106.0314,10.29305],[106.03116,10.29231],[106.03063,10.29209],[106.02968,10.29078],[106.02959,10.29021],[106.02925,10.28973],[106.03015,10.28684],[106.02893,10.2864],[106.02907,10.28536],[106.02829,10.28317],[106.02843,10.28175],[106.02836,10.28068],[106.02929,10.27992],[106.02919,10.27931],[106.02982,10.27883],[106.02839,10.27509],[106.02757,10.27373],[106.02766,10.27312],[106.02828,10.27323],[106.02994,10.27308],[106.03176,10.27237],[106.03304,10.27237],[106.03405,10.27187],[106.03466,10.27223],[106.03508,10.27208],[106.03446,10.26722],[106.03484,10.26716],[106.035,10.26666],[106.03509,10.26472],[106.03487,10.26389],[106.03492,10.2634],[106.03412,10.25685],[106.0352,10.25326],[106.03661,10.25116],[106.03882,10.24932],[106.04374,10.24727],[106.04423,10.24707],[106.04667,10.24612],[106.04895,10.24559],[106.05076,10.24516],[106.05236,10.24494],[106.05456,10.24476],[106.05664,10.24469],[106.06094,10.24424],[106.06339,10.24405],[106.06739,10.24391],[106.06868,10.2439],[106.07208,10.24373],[106.0734,10.24378],[106.07524,10.24358],[106.07606,10.24359],[106.0788,10.24344],[106.084,10.24329],[106.09239,10.24266],[106.09471,10.24239],[106.09854,10.24148],[106.10312,10.2401],[106.10535,10.23924],[106.11047,10.2372],[106.1121,10.23648],[106.11376,10.23593],[106.11521,10.23568],[106.11619,10.23532],[106.11749,10.23449],[106.11966,10.23355],[106.12158,10.23239],[106.12739,10.22872],[106.12826,10.2281]]]},"properties":{"a01_tinh":"diaphanhanhchinhcaptinh_sn.42","a02_xa":"diaphanhanhchinhcapxa_2025.2445","a03_ten":"Xã Phú Phụng","a04_tentinh":"Tỉnh Vĩnh Long","a05_truocsn":"Xã Sơn Định, Xã Vĩnh Bình, Xã Phú Phụng","a06_trungtamhc":"UBND xã Vĩnh Bình","a07_dt":"47.89","a08_ds":"38495","a09_dthoai":null,"a10_web":null,"ten":"Xã Phú Phụng","ma":"28879","tentinh":"Tỉnh Vĩnh Long","truocsapnhap":"Xã Sơn Định, Xã Vĩnh Bình, Xã Phú Phụng","dientichkm2":null,"dansonguoi":null},"id":"diaphanhanhchinhcapxa_2025.2445"},
{"type":"Feature","geometry":{"type":"Polygon","coordinates":[[[105.94272,10.19633],[105.94121,10.19673],[105.93617,10.1985],[105.92257,10.20367],[105.92212,10.20373],[105.91756,10.20544],[105.91715,10.20404],[105.91376,10.19403],[105.91316,10.19239],[105.91275,10.19241],[105.90627,10.19201],[105.90279,10.1919],[105.8994,10.19165],[105.89904,10.19106],[105.89769,10.18934],[105.89512,10.18557],[105.89366,10.18667],[105.89298,10.18693],[105.89136,10.18713],[105.89042,10.18765],[105.88912,10.18882],[105.88886,10.18816],[105.88841,10.18779],[105.8861,10.18693],[105.88478,10.18765],[105.88342,10.18878],[105.88189,10.1887],[105.87613,10.18914],[105.87595,10.18495],[105.876,10.18467],[105.87689,10.1834],[105.87733,10.18227],[105.87633,10.18183],[105.8753,10.1795],[105.87401,10.17672],[105.87194,10.17262],[105.87019,10.16869],[105.87427,10.16629],[105.87302,10.16211],[105.87182,10.15846],[105.87095,10.15555],[105.87055,10.15443],[105.8715,10.15398],[105.87756,10.15124],[105.88061,10.14976],[105.8814,10.14967],[105.88187,10.15011],[105.88342,10.15034],[105.88352,10.15143],[105.88386,10.15222],[105.88444,10.15226],[105.8851,10.1519],[105.88583,10.15176],[105.88646,10.15187],[105.88732,10.15155],[105.88801,10.15194],[105.89044,10.15306],[105.89193,10.15342],[105.89281,10.15326],[105.89517,10.15238],[105.89815,10.15237],[105.89938,10.15204],[105.90379,10.15067],[105.90397,10.14958],[105.90429,10.14964],[105.9083,10.14821],[105.91282,10.14651],[105.91314,10.14665],[105.91463,10.14589],[105.91983,10.14395],[105.92406,10.14241],[105.92721,10.1412],[105.9275,10.14119],[105.92739,10.1419],[105.92728,10.147],[105.93013,10.14621],[105.93562,10.14452],[105.94279,10.14218],[105.94332,10.14194],[105.94415,10.14253],[105.94805,10.14314],[105.94871,10.14308],[105.9492,10.14469],[105.94932,10.14596],[105.94961,10.14665],[105.94992,10.14838],[105.94994,10.149],[105.95047,10.14886],[105.95111,10.15025],[105.95059,10.15069],[105.9506,10.15132],[105.95007,10.15147],[105.94966,10.15187],[105.95,10.15242],[105.95117,10.15505],[105.95171,10.15602],[105.9514,10.15617],[105.95155,10.15691],[105.95218,10.15721],[105.95288,10.15703],[105.9531,10.15804],[105.95349,10.15812],[105.95609,10.15816],[105.95709,10.16044],[105.95837,10.16067],[105.96026,10.16573],[105.96043,10.16587],[105.96204,10.16514],[105.96307,10.16457],[105.96425,10.16411],[105.96663,10.16778],[105.96982,10.17236],[105.97279,10.1767],[105.97372,10.17811],[105.97457,10.17963],[105.97395,10.18026],[105.97317,10.18073],[105.97538,10.18515],[105.97409,10.18595],[105.97445,10.1872],[105.97413,10.18751],[105.97368,10.18714],[105.97332,10.1865],[105.97245,10.18441],[105.97191,10.18453],[105.97028,10.18462],[105.96953,10.18491],[105.96765,10.18643],[105.96541,10.18865],[105.9646,10.18933],[105.96413,10.19015],[105.96204,10.19163],[105.96049,10.19193],[105.9584,10.19232],[105.95468,10.19317],[105.94791,10.19488],[105.94331,10.1961],[105.94272,10.19633]]]},"properties":{"a01_tinh":"diaphanhanhchinhcaptinh_sn.42","a02_xa":"diaphanhanhchinhcapxa_2025.2532","a03_ten":"Xã Phú Quới","a04_tentinh":"Tỉnh Vĩnh Long","a05_truocsn":"Xã Lộc Hòa, Xã Hòa Phú, Xã Thạnh Quới, Xã Phú Quới","a06_trungtamhc":"đang cập nhật","a07_dt":"50.58","a08_ds":"49669","a09_dthoai":null,"a10_web":null,"ten":"Xã Phú Quới","ma":"29611","tentinh":"Tỉnh Vĩnh Long","truocsapnhap":"Xã Lộc Hòa, Xã Hòa Phú, Xã Thạnh Quới, Xã Phú Quới","dientichkm2":null,"dansonguoi":null},"id":"diaphanhanhchinhcapxa_2025.2532"},
{"type":"Feature","geometry":{"type":"Polygon","coordinates":[[[106.53303,10.26777],[106.53203,10.26834],[106.53141,10.26887],[106.52694,10.2739],[106.52592,10.27517],[106.52096,10.27927],[106.52019,10.28],[106.51863,10.28189],[106.51449,10.28375],[106.51151,10.28496],[106.50854,10.28636],[106.50571,10.28752],[106.50178,10.28907],[106.49495,10.29316],[106.49323,10.29429],[106.4927,10.29485],[106.49169,10.29552],[106.4868,10.29923],[106.48376,10.30134],[106.47869,10.3044],[106.47546,10.30671],[106.46978,10.30699],[106.4646,10.30742],[106.45973,10.30768],[106.45724,10.3076],[106.45223,10.30765],[106.45092,10.30744],[106.44911,10.30695],[106.44832,10.30651],[106.44985,10.30499],[106.45106,10.30354],[106.45263,10.30126],[106.45099,10.29899],[106.4492,10.29637],[106.44816,10.29427],[106.44741,10.29237],[106.44652,10.2887],[106.44606,10.28728],[106.44468,10.28244],[106.44985,10.27993],[106.4559,10.27703],[106.45833,10.27577],[106.46145,10.27427],[106.46763,10.27113],[106.4705,10.26951],[106.47339,10.26756],[106.47663,10.26504],[106.47606,10.26339],[106.47505,10.26015],[106.47556,10.2599],[106.47708,10.25883],[106.47745,10.25963],[106.48087,10.25763],[106.48445,10.25572],[106.48569,10.25501],[106.48906,10.2533],[106.49128,10.25222],[106.49268,10.25465],[106.49579,10.25289],[106.49596,10.25298],[106.49586,10.25464],[106.49615,10.25497],[106.49705,10.25537],[106.49842,10.25651],[106.49856,10.25704],[106.49929,10.25754],[106.50113,10.25773],[106.50157,10.25731],[106.50224,10.25748],[106.50316,10.257],[106.50357,10.25713],[106.50359,10.26043],[106.50669,10.26069],[106.50797,10.26075],[106.50826,10.26429],[106.50892,10.26743],[106.50989,10.27097],[106.51048,10.27288],[106.515,10.27131],[106.52146,10.26975],[106.52799,10.26864],[106.53192,10.268],[106.53303,10.26777]]]},"properties":{"a01_tinh":"diaphanhanhchinhcaptinh_sn.42","a02_xa":"diaphanhanhchinhcapxa_2025.2465","a03_ten":"Xã Phú Thuận","a04_tentinh":"Tỉnh Vĩnh Long","a05_truocsn":"Xã Long Định, Xã Tam Hiệp, Xã Phú Thuận","a06_trungtamhc":"UBND xã Phú Thuận","a07_dt":"29.28","a08_ds":"16883","a09_dthoai":null,"a10_web":null,"ten":"Xã Phú Thuận","ma":"29062","tentinh":"Tỉnh Vĩnh Long","truocsapnhap":"Xã Long Định, Xã Tam Hiệp, Xã Phú Thuận","dientichkm2":null,"dansonguoi":null},"id":"diaphanhanhchinhcapxa_2025.2465"},
{"type":"Feature","geometry":{"type":"Polygon","coordinates":[[[106.38728,10.33896],[106.38267,10.33964],[106.37678,10.33981],[106.37264,10.34014],[106.36953,10.33981],[106.36474,10.33896],[106.36165,10.33811],[106.35874,10.3372],[106.35282,10.33551],[106.34726,10.33371],[106.34692,10.33352],[106.34341,10.33207],[106.34243,10.33133],[106.34144,10.32981],[106.33714,10.32859],[106.33564,10.3282],[106.33323,10.32771],[106.32996,10.32693],[106.32716,10.32621],[106.32495,10.32576],[106.3225,10.32538],[106.31958,10.32453],[106.31785,10.32387],[106.31324,10.32188],[106.31122,10.32106],[106.30876,10.32018],[106.30786,10.31998],[106.30724,10.31961],[106.30559,10.31919],[106.30301,10.31896],[106.30128,10.31905],[106.30024,10.31924],[106.2991,10.31957],[106.29682,10.32091],[106.29547,10.32193],[106.29427,10.32304],[106.29118,10.32545],[106.28934,10.32622],[106.28529,10.32727],[106.2835,10.32747],[106.28179,10.32755],[106.27946,10.32724],[106.27722,10.32757],[106.275,10.32683],[106.27341,10.32564],[106.27246,10.32505],[106.2704,10.32479],[106.26858,10.32445],[106.26594,10.32386],[106.25593,10.32195],[106.25178,10.32103],[106.25008,10.32059],[106.24868,10.32032],[106.25002,10.31634],[106.25002,10.31559],[106.25034,10.31477],[106.2496,10.31397],[106.24847,10.31337],[106.24841,10.31173],[106.24759,10.3113],[106.24616,10.31035],[106.24515,10.30981],[106.24421,10.30982],[106.24252,10.30942],[106.24282,10.30867],[106.2427,10.30812],[106.24323,10.30652],[106.24316,10.30598],[106.24383,10.306],[106.24394,10.30537],[106.24447,10.30505],[106.24434,10.30393],[106.24451,10.3026],[106.24389,10.30195],[106.24358,10.30052],[106.24326,10.30042],[106.24334,10.29917],[106.24324,10.29887],[106.24334,10.297],[106.24682,10.29763],[106.24733,10.29763],[106.24823,10.29799],[106.25147,10.29902],[106.25513,10.29963],[106.25548,10.29959],[106.25904,10.30075],[106.2639,10.30226],[106.26777,10.30336],[106.27034,10.30426],[106.27223,10.3048],[106.27339,10.30491],[106.27595,10.3047],[106.28157,10.30404],[106.28408,10.30379],[106.28626,10.30343],[106.28787,10.30336],[106.28853,10.30352],[106.28831,10.30271],[106.28746,10.30259],[106.28687,10.30231],[106.28615,10.30235],[106.28485,10.30173],[106.28327,10.30172],[106.28348,10.30062],[106.28312,10.30053],[106.28298,10.29986],[106.28362,10.29933],[106.2841,10.29934],[106.28421,10.29876],[106.28482,10.29849],[106.2845,10.29637],[106.28443,10.29463],[106.28444,10.29252],[106.28454,10.29048],[106.28502,10.29049],[106.28511,10.28913],[106.2857,10.28915],[106.28575,10.28685],[106.28464,10.28697],[106.2839,10.28732],[106.28264,10.2875],[106.28097,10.28739],[106.27645,10.28681],[106.27647,10.28613],[106.2769,10.28118],[106.27813,10.28122],[106.27939,10.28114],[106.28128,10.28115],[106.28114,10.27857],[106.28103,10.27423],[106.2814,10.27422],[106.28112,10.27259],[106.28029,10.27209],[106.27968,10.27082],[106.27839,10.27092],[106.27819,10.27022],[106.27853,10.26957],[106.27818,10.2692],[106.27835,10.26856],[106.27778,10.26811],[106.27856,10.26784],[106.27844,10.26722],[106.27761,10.26681],[106.27893,10.26204],[106.28046,10.2622],[106.28321,10.26224],[106.28626,10.26214],[106.28892,10.26176],[106.29004,10.26147],[106.29131,10.26129],[106.29314,10.26049],[106.29561,10.25981],[106.29728,10.25928],[106.30322,10.25705],[106.30567,10.25592],[106.31019,10.25345],[106.31202,10.25238],[106.31739,10.24949],[106.32514,10.25507],[106.32337,10.25649],[106.3225,10.25675],[106.32051,10.25788],[106.32093,10.25844],[106.31953,10.25956],[106.32123,10.26207],[106.32179,10.26343],[106.32468,10.26995],[106.32078,10.27092],[106.3219,10.27863],[106.31893,10.2792],[106.31941,10.28112],[106.31981,10.28351],[106.32123,10.29129],[106.31915,10.2939],[106.32025,10.29627],[106.31933,10.29674],[106.31941,10.29885],[106.31965,10.30171],[106.31904,10.3037],[106.31846,10.30505],[106.3197,10.30531],[106.32456,10.30609],[106.3288,10.30571],[106.33093,10.30477],[106.33405,10.30207],[106.33637,10.30046],[106.33841,10.29964],[106.34202,10.29916],[106.34692,10.29765],[106.35291,10.29558],[106.35797,10.29332],[106.35852,10.29613],[106.35943,10.29881],[106.36094,10.29825],[106.36232,10.30223],[106.36207,10.30233],[106.36246,10.30345],[106.36221,10.30347],[106.3628,10.30703],[106.36496,10.307],[106.36527,10.30912],[106.37055,10.30829],[106.37137,10.3106],[106.37276,10.31513],[106.37294,10.31589],[106.37338,10.31687],[106.37637,10.32073],[106.37755,10.31989],[106.37812,10.31934],[106.37904,10.31985],[106.37906,10.32036],[106.3797,10.32105],[106.3809,10.31946],[106.38143,10.31893],[106.38221,10.32147],[106.38355,10.32483],[106.38372,10.32688],[106.3843,10.32796],[106.38437,10.32842],[106.38511,10.32886],[106.38534,10.32952],[106.385,10.3303],[106.38521,10.33056],[106.38608,10.33084],[106.38616,10.33145],[106.38559,10.33148],[106.38707,10.33821],[106.38728,10.33896]]]},"properties":{"a01_tinh":"diaphanhanhchinhcaptinh_sn.42","a02_xa":"diaphanhanhchinhcapxa_2025.2441","a03_ten":"Xã Phú Túc","a04_tentinh":"Tỉnh Vĩnh Long","a05_truocsn":"Thị trấn Châu Thành (huyện Châu Thành, tỉnh Bến Tre), Xã Tân Thạch, Xã Tường Đa, Xã Phú Túc","a06_trungtamhc":"UBND huyện Châu Thành","a07_dt":"63.14","a08_ds":"62073","a09_dthoai":null,"a10_web":null,"ten":"Xã Phú Túc","ma":"28810","tentinh":"Tỉnh Vĩnh Long","truocsapnhap":"Thị trấn Châu Thành (huyện Châu Thành, tỉnh Bến Tre), Xã Tân Thạch, Xã Tường Đa, Xã Phú Túc","dientichkm2":null,"dansonguoi":null},"id":"diaphanhanhchinhcapxa_2025.2441"},
{"type":"Feature","geometry":{"type":"Polygon","coordinates":[[[106.36303,10.17305],[106.3644,10.17001],[106.36593,10.16614],[106.36897,10.1601],[106.37183,10.15466],[106.37463,10.14894],[106.37678,10.14415],[106.37832,10.14162],[106.38001,10.13909],[106.38068,10.13798],[106.38452,10.1319],[106.38603,10.12955],[106.38798,10.12663],[106.39001,10.12398],[106.39137,10.12231],[106.39583,10.11673],[106.39743,10.11508],[106.39935,10.11322],[106.40236,10.11059],[106.40803,10.10537],[106.41009,10.10307],[106.41272,10.1063],[106.41316,10.10735],[106.41336,10.10826],[106.41328,10.10934],[106.413,10.11122],[106.4121,10.11427],[106.4105,10.11927],[106.40982,10.1212],[106.40948,10.12355],[106.40948,10.12595],[106.40813,10.12803],[106.40734,10.12915],[106.40452,10.13281],[106.40258,10.13517],[106.4039,10.13738],[106.4043,10.13823],[106.40483,10.13884],[106.40608,10.13925],[106.40874,10.13953],[106.41048,10.13941],[106.41182,10.1391],[106.41382,10.13846],[106.41486,10.13827],[106.41494,10.13581],[106.41456,10.1355],[106.41414,10.13427],[106.41364,10.13329],[106.41342,10.13167],[106.41574,10.13122],[106.41648,10.13117],[106.41793,10.13032],[106.41912,10.12929],[106.41965,10.13036],[106.42033,10.13028],[106.42057,10.13076],[106.42229,10.12987],[106.42282,10.1306],[106.42346,10.13067],[106.42409,10.13036],[106.42434,10.13093],[106.42606,10.13022],[106.42652,10.1308],[106.42701,10.13108],[106.42747,10.13206],[106.43033,10.13021],[106.4315,10.12972],[106.43169,10.1301],[106.43156,10.13073],[106.43198,10.13193],[106.4325,10.13287],[106.43683,10.13182],[106.43716,10.13239],[106.43719,10.13336],[106.43646,10.13354],[106.43595,10.1339],[106.43617,10.13468],[106.43369,10.13517],[106.43412,10.13561],[106.43784,10.13501],[106.43803,10.13588],[106.43711,10.13612],[106.43837,10.13754],[106.43909,10.13722],[106.44034,10.13632],[106.44126,10.13605],[106.44298,10.13695],[106.44358,10.1374],[106.44408,10.13852],[106.4447,10.13877],[106.4458,10.1384],[106.44641,10.13873],[106.44633,10.1393],[106.44811,10.13888],[106.45046,10.13928],[106.45137,10.13921],[106.45144,10.13886],[106.45365,10.13925],[106.45391,10.13956],[106.4547,10.13981],[106.45491,10.13942],[106.45618,10.14012],[106.45828,10.14197],[106.45792,10.14253],[106.45583,10.14536],[106.45524,10.14606],[106.45744,10.14811],[106.45964,10.14838],[106.46144,10.14901],[106.46442,10.15029],[106.46654,10.1508],[106.46656,10.15142],[106.46724,10.15193],[106.46857,10.15209],[106.46889,10.1527],[106.4698,10.15268],[106.47224,10.15305],[106.47303,10.15338],[106.47485,10.15479],[106.47618,10.15532],[106.47688,10.15713],[106.47711,10.15751],[106.47857,10.1589],[106.47877,10.15924],[106.47862,10.16081],[106.47957,10.16225],[106.48004,10.16361],[106.48006,10.16445],[106.47918,10.16593],[106.47903,10.16694],[106.47772,10.16766],[106.47719,10.16761],[106.47594,10.1679],[106.47452,10.16867],[106.47243,10.16862],[106.47177,10.16819],[106.47151,10.16711],[106.47108,10.16642],[106.47012,10.16572],[106.46966,10.16561],[106.46819,10.16555],[106.46839,10.16473],[106.46767,10.16466],[106.46603,10.16413],[106.46286,10.1633],[106.46206,10.1634],[106.4617,10.16293],[106.46134,10.16295],[106.45832,10.16257],[106.45721,10.16514],[106.45577,10.16482],[106.45532,10.16562],[106.45429,10.16525],[106.45377,10.16602],[106.4529,10.16703],[106.45222,10.16753],[106.45047,10.16864],[106.44988,10.16859],[106.44932,10.16888],[106.44628,10.16932],[106.44593,10.16922],[106.44417,10.16942],[106.4439,10.16967],[106.4426,10.1697],[106.44153,10.16999],[106.43967,10.17014],[106.4395,10.17069],[106.43795,10.17116],[106.43773,10.16817],[106.4376,10.16744],[106.43693,10.16756],[106.43557,10.1652],[106.43579,10.16513],[106.43456,10.16173],[106.43431,10.16183],[106.43366,10.15975],[106.43289,10.15755],[106.43138,10.15851],[106.42444,10.16227],[106.42333,10.16085],[106.42188,10.16146],[106.42037,10.159],[106.41982,10.15906],[106.41961,10.1585],[106.41896,10.15799],[106.41839,10.15845],[106.41759,10.15818],[106.41712,10.15897],[106.41609,10.15953],[106.41576,10.16016],[106.41507,10.15958],[106.41124,10.16226],[106.41177,10.16369],[106.41198,10.16456],[106.41307,10.16584],[106.41321,10.16657],[106.41408,10.16682],[106.41324,10.1685],[106.41231,10.16902],[106.41189,10.16892],[106.41124,10.16954],[106.41041,10.16998],[106.40996,10.1707],[106.41031,10.1716],[106.40925,10.17307],[106.40864,10.1735],[106.4088,10.17419],[106.40859,10.17463],[106.40903,10.17535],[106.40882,10.17584],[106.40876,10.17662],[106.40833,10.177],[106.40791,10.17683],[106.40473,10.17456],[106.40353,10.17364],[106.40209,10.17217],[106.39958,10.16813],[106.39845,10.16621],[106.39774,10.16573],[106.39798,10.16544],[106.3964,10.16452],[106.39594,10.16448],[106.39296,10.16278],[106.39098,10.16188],[106.38753,10.16001],[106.38368,10.15764],[106.38207,10.15998],[106.38151,10.16118],[106.3811,10.16269],[106.37903,10.16673],[106.37869,10.16713],[106.37707,10.16973],[106.37642,10.17086],[106.37616,10.17165],[106.37594,10.17234],[106.37453,10.17269],[106.3712,10.17418],[106.36913,10.1743],[106.36303,10.17305]]]},"properties":{"a01_tinh":"diaphanhanhchinhcaptinh_sn.42","a02_xa":"diaphanhanhchinhcapxa_2025.2461","a03_ten":"Xã Phước Long","a04_tentinh":"Tỉnh Vĩnh Long","a05_truocsn":"Xã Long Mỹ (huyện Giồng Trôm), Xã Hưng Phong, Xã Phước Long","a06_trungtamhc":"UBND xã Phước Long","a07_dt":"39.95","a08_ds":"27284","a09_dthoai":null,"a10_web":null,"ten":"Xã Phước Long","ma":"29020","tentinh":"Tỉnh Vĩnh Long","truocsapnhap":"Xã Long Mỹ (huyện Giồng Trôm), Xã Hưng Phong, Xã Phước Long","dientichkm2":null,"dansonguoi":null},"id":"diaphanhanhchinhcapxa_2025.2461"},
{"type":"Feature","geometry":{"type":"Polygon","coordinates":[[[106.26105,10.19843],[106.26045,10.1984],[106.26052,10.19747],[106.26038,10.19689],[106.26255,10.19625],[106.263,10.19575],[106.26322,10.1949],[106.26349,10.19271],[106.26322,10.19101],[106.26222,10.1903],[106.26143,10.18924],[106.26054,10.18854],[106.26085,10.18749],[106.26198,10.18582],[106.26576,10.18448],[106.26735,10.18401],[106.26701,10.18243],[106.26706,10.1813],[106.26733,10.181],[106.26792,10.18094],[106.2689,10.18082],[106.27037,10.18166],[106.2728,10.18328],[106.27364,10.18175],[106.27445,10.18107],[106.27598,10.18069],[106.27707,10.18076],[106.27913,10.18056],[106.27968,10.18018],[106.27987,10.17931],[106.27989,10.17771],[106.28025,10.17672],[106.28126,10.17683],[106.28215,10.17754],[106.28222,10.17759],[106.28324,10.17916],[106.28577,10.18231],[106.28777,10.18396],[106.28962,10.186],[106.29094,10.187],[106.29163,10.18737],[106.29481,10.18856],[106.29524,10.18878],[106.2961,10.18959],[106.29671,10.1913],[106.29703,10.19281],[106.29731,10.19319],[106.29808,10.1932],[106.29921,10.19295],[106.3001,10.19324],[106.30051,10.19425],[106.29996,10.1953],[106.29972,10.19627],[106.29917,10.19666],[106.29827,10.197],[106.29776,10.19794],[106.29817,10.19844],[106.30022,10.1978],[106.3005,10.19864],[106.30061,10.19977],[106.30107,10.20011],[106.30078,10.20045],[106.3008,10.20154],[106.30242,10.20213],[106.30348,10.20088],[106.30445,10.19958],[106.30495,10.19993],[106.30547,10.2],[106.30589,10.20064],[106.30529,10.20112],[106.30578,10.20139],[106.3061,10.20111],[106.30667,10.20129],[106.30746,10.20125],[106.3076,10.20158],[106.30908,10.20193],[106.309,10.20262],[106.30983,10.2031],[106.31039,10.20386],[106.31084,10.20387],[106.31205,10.20295],[106.31311,10.20283],[106.31209,10.2046],[106.31195,10.20515],[106.31134,10.20641],[106.31022,10.20749],[106.30974,10.20699],[106.3082,10.20898],[106.30726,10.20972],[106.30627,10.21236],[106.30552,10.21387],[106.30469,10.21487],[106.30567,10.21591],[106.30703,10.21752],[106.31017,10.21545],[106.31062,10.21612],[106.31184,10.21553],[106.31188,10.2162],[106.31264,10.21681],[106.31241,10.21705],[106.31246,10.21821],[106.31353,10.21842],[106.31412,10.21947],[106.31446,10.21877],[106.31478,10.21859],[106.31546,10.21914],[106.31607,10.21872],[106.31686,10.21922],[106.31741,10.21913],[106.31731,10.2183],[106.31772,10.21825],[106.31808,10.2189],[106.31792,10.21977],[106.31858,10.21971],[106.3191,10.21858],[106.3195,10.21839],[106.32018,10.21885],[106.32068,10.21958],[106.32083,10.22114],[106.32128,10.22182],[106.32087,10.22262],[106.321,10.22303],[106.32174,10.2231],[106.32222,10.22349],[106.32108,10.22457],[106.31933,10.22641],[106.31772,10.22824],[106.31545,10.23072],[106.31332,10.23297],[106.31203,10.2342],[106.31008,10.23566],[106.3076,10.23702],[106.30529,10.23803],[106.30402,10.23835],[106.2986,10.23892],[106.29585,10.23955],[106.294,10.24018],[106.29253,10.24079],[106.28922,10.24207],[106.28745,10.24265],[106.28511,10.24327],[106.27909,10.24457],[106.27668,10.24527],[106.27331,10.24656],[106.27155,10.24769],[106.26887,10.24971],[106.26795,10.25061],[106.26746,10.25134],[106.26713,10.25232],[106.26668,10.25274],[106.2635,10.2567],[106.2621,10.2562],[106.26131,10.25605],[106.25698,10.25434],[106.255,10.25336],[106.2538,10.253],[106.25178,10.25208],[106.25065,10.25141],[106.249,10.25061],[106.25151,10.24898],[106.25283,10.24798],[106.25281,10.24747],[106.25211,10.24663],[106.25232,10.24601],[106.25178,10.24546],[106.25112,10.24551],[106.25047,10.24613],[106.24996,10.24607],[106.24956,10.24572],[106.24937,10.24501],[106.24944,10.24445],[106.25023,10.24262],[106.25021,10.24097],[106.25145,10.23957],[106.254,10.23605],[106.25518,10.23435],[106.25531,10.23356],[106.25445,10.23134],[106.25391,10.23017],[106.25306,10.22763],[106.25264,10.22706],[106.25178,10.22466],[106.25107,10.22303],[106.25067,10.22265],[106.24955,10.22262],[106.24783,10.22283],[106.24646,10.22281],[106.24239,10.22305],[106.23917,10.2231],[106.23846,10.22293],[106.238,10.22084],[106.23786,10.21813],[106.23826,10.21641],[106.24239,10.21682],[106.24332,10.21735],[106.24427,10.21748],[106.24727,10.21762],[106.24803,10.21779],[106.24868,10.21901],[106.24919,10.21854],[106.25111,10.21754],[106.25178,10.21726],[106.25181,10.21589],[106.25261,10.21585],[106.25326,10.21552],[106.25418,10.21528],[106.25457,10.21472],[106.25722,10.21259],[106.25819,10.21296],[106.25902,10.21433],[106.25867,10.21487],[106.25807,10.21518],[106.25821,10.21562],[106.25946,10.21544],[106.25976,10.21494],[106.26014,10.21482],[106.2605,10.21561],[106.2609,10.21596],[106.26155,10.21615],[106.26279,10.21683],[106.26324,10.21721],[106.26373,10.21684],[106.26367,10.21595],[106.26324,10.2151],[106.26328,10.21415],[106.26309,10.21364],[106.26308,10.21275],[106.26277,10.21213],[106.2627,10.21132],[106.26242,10.21055],[106.2626,10.2103],[106.26434,10.20868],[106.26524,10.20759],[106.26558,10.20736],[106.26581,10.20654],[106.26641,10.20629],[106.26604,10.20541],[106.26674,10.20503],[106.26743,10.20497],[106.26868,10.20349],[106.26883,10.20287],[106.26721,10.20158],[106.2662,10.20134],[106.26566,10.20072],[106.26579,10.20023],[106.26692,10.19974],[106.26698,10.19891],[106.26628,10.19859],[106.26418,10.19849],[106.26123,10.19844],[106.26105,10.19843]]]},"properties":{"a01_tinh":"diaphanhanhchinhcaptinh_sn.42","a02_xa":"diaphanhanhchinhcapxa_2025.2450","a03_ten":"Xã Phước Mỹ Trung","a04_tentinh":"Tỉnh Vĩnh Long","a05_truocsn":"Thị trấn Phước Mỹ Trung, Xã Phú Mỹ, Xã Thạnh Ngãi, Xã Tân Phú Tây","a06_trungtamhc":"UBND thị trấn Phước Mỹ Trung","a07_dt":"38.19","a08_ds":"36526","a09_dthoai":null,"a10_web":null,"ten":"Xã Phước Mỹ Trung","ma":"28915","tentinh":"Tỉnh Vĩnh Long","truocsapnhap":"Thị trấn Phước Mỹ Trung, Xã Phú Mỹ, Xã Thạnh Ngãi, Xã Tân Phú Tây","dientichkm2":null,"dansonguoi":null},"id":"diaphanhanhchinhcapxa_2025.2450"},
{"type":"Feature","geometry":{"type":"Polygon","coordinates":[[[106.17069,10.16102],[106.17,10.16173],[106.16936,10.16329],[106.16826,10.16493],[106.16735,10.1655],[106.16651,10.16554],[106.16455,10.16515],[106.16359,10.16471],[106.16146,10.16312],[106.16068,10.16241],[106.15803,10.15981],[106.15517,10.1575],[106.15366,10.15664],[106.15277,10.15641],[106.15138,10.1565],[106.15005,10.15724],[106.14928,10.15781],[106.14709,10.15982],[106.14639,10.16025],[106.14502,10.16088],[106.14333,10.16139],[106.14188,10.16169],[106.14063,10.1618],[106.1378,10.16187],[106.13389,10.16252],[106.12888,10.16392],[106.12706,10.16475],[106.12619,10.16565],[106.12552,10.16658],[106.12514,10.16739],[106.12418,10.17081],[106.12365,10.17196],[106.1229,10.1733],[106.12161,10.175],[106.12087,10.17541],[106.11981,10.17582],[106.11874,10.17578],[106.11764,10.17534],[106.11618,10.17446],[106.11339,10.17243],[106.11152,10.17142],[106.11043,10.17125],[106.1086,10.1713],[106.10715,10.17121],[106.10598,10.17081],[106.10471,10.17003],[106.10424,10.16956],[106.10296,10.16791],[106.10213,10.16629],[106.10146,10.16408],[106.10123,10.16249],[106.101,10.16156],[106.10048,10.15822],[106.10043,10.15638],[106.10018,10.15427],[106.09963,10.15163],[106.09921,10.14937],[106.09896,10.14703],[106.09891,10.14498],[106.09922,10.14297],[106.0996,10.14204],[106.10046,10.14102],[106.10279,10.13947],[106.10579,10.13987],[106.10904,10.14019],[106.11144,10.14036],[106.11723,10.14066],[106.1172,10.13825],[106.11813,10.13756],[106.11881,10.13741],[106.1218,10.14133],[106.1222,10.14112],[106.12268,10.14151],[106.12678,10.1395],[106.12867,10.13867],[106.13017,10.1407],[106.13215,10.14375],[106.13412,10.14245],[106.13491,10.14184],[106.13688,10.14066],[106.13818,10.13966],[106.13853,10.1392],[106.14068,10.1374],[106.14119,10.13771],[106.14279,10.13641],[106.14369,10.13536],[106.14639,10.13247],[106.14924,10.13041],[106.15394,10.1275],[106.15564,10.12639],[106.15666,10.12564],[106.15543,10.12331],[106.15555,10.12206],[106.15528,10.12129],[106.15524,10.11935],[106.15493,10.1189],[106.15403,10.11887],[106.15348,10.11943],[106.1529,10.11965],[106.15242,10.11934],[106.15227,10.1184],[106.15201,10.11809],[106.15139,10.11814],[106.15133,10.11927],[106.15061,10.11947],[106.14999,10.11911],[106.14979,10.11869],[106.14982,10.11794],[106.15071,10.11778],[106.15102,10.1172],[106.15121,10.11608],[106.15179,10.11488],[106.1526,10.11429],[106.15399,10.11356],[106.15587,10.11244],[106.15688,10.11176],[106.15784,10.11132],[106.15914,10.11091],[106.15967,10.11091],[106.16119,10.11152],[106.16161,10.11154],[106.16287,10.11113],[106.16391,10.11038],[106.16472,10.10953],[106.16594,10.10799],[106.16664,10.10744],[106.16815,10.10708],[106.17014,10.10716],[106.1706,10.10699],[106.17139,10.10608],[106.17172,10.10527],[106.17187,10.1043],[106.17175,10.10364],[106.17108,10.10262],[106.17108,10.1021],[106.17164,10.10159],[106.17339,10.10162],[106.17469,10.10098],[106.17557,10.10088],[106.17622,10.10116],[106.17717,10.10194],[106.17782,10.1021],[106.1791,10.10206],[106.18038,10.10176],[106.18189,10.10159],[106.18259,10.10125],[106.183,10.1006],[106.18321,10.09935],[106.18351,10.09857],[106.18407,10.09805],[106.18581,10.09787],[106.18682,10.09805],[106.1871,10.09856],[106.18718,10.09934],[106.18688,10.10039],[106.18693,10.10126],[106.18735,10.10165],[106.18802,10.10183],[106.18893,10.10183],[106.18989,10.10232],[106.19047,10.10234],[106.19114,10.10211],[106.19223,10.10119],[106.19309,10.1006],[106.19406,10.10012],[106.19516,10.09907],[106.19607,10.09849],[106.19733,10.09829],[106.19925,10.09878],[106.20084,10.099],[106.2022,10.09897],[106.20529,10.09972],[106.20712,10.09945],[106.20996,10.09912],[106.21119,10.09891],[106.21238,10.09901],[106.21671,10.10276],[106.21246,10.10683],[106.21107,10.10832],[106.20689,10.11244],[106.20588,10.11324],[106.20496,10.11419],[106.20319,10.11563],[106.20221,10.1166],[106.19732,10.12219],[106.19593,10.12399],[106.18822,10.1335],[106.18691,10.1355],[106.18431,10.13927],[106.17898,10.14889],[106.17793,10.15004],[106.17691,10.15088],[106.17358,10.15455],[106.17208,10.15693],[106.17154,10.158],[106.1709,10.15996],[106.17069,10.16102]]]},"properties":{"a01_tinh":"diaphanhanhchinhcaptinh_sn.42","a02_xa":"diaphanhanhchinhcapxa_2025.2538","a03_ten":"Xã Quới An","a04_tentinh":"Tỉnh Vĩnh Long","a05_truocsn":"Xã Trung Thành Tây, Xã Tân Quới Trung, Xã Quới An","a06_trungtamhc":"UBND xã Quới An","a07_dt":"44.93","a08_ds":"29101","a09_dthoai":null,"a10_web":null,"ten":"Xã Quới An","ma":"29668","tentinh":"Tỉnh Vĩnh Long","truocsapnhap":"Xã Trung Thành Tây, Xã Tân Quới Trung, Xã Quới An","dientichkm2":null,"dansonguoi":null},"id":"diaphanhanhchinhcapxa_2025.2538"},
{"type":"Feature","geometry":{"type":"Polygon","coordinates":[[[106.47364,10.03552],[106.4698,10.03272],[106.46642,10.03056],[106.46365,10.02786],[106.46312,10.02759],[106.46182,10.02761],[106.46103,10.02705],[106.4602,10.02697],[106.45977,10.02661],[106.45968,10.02612],[106.45972,10.02077],[106.46316,10.02049],[106.46456,10.0205],[106.46538,10.02032],[106.46536,10.01954],[106.46552,10.01467],[106.46545,10.01335],[106.46555,10.0125],[106.46548,10.01137],[106.46563,10.00876],[106.46502,10.00586],[106.46487,10.0028],[106.46444,9.99827],[106.46397,9.99247],[106.46226,9.99355],[106.45861,9.99607],[106.45821,9.99545],[106.45606,9.98962],[106.45295,9.98102],[106.4517,9.97767],[106.44999,9.97336],[106.44971,9.97278],[106.4511,9.97225],[106.45166,9.97164],[106.45406,9.97075],[106.45416,9.97107],[106.45911,9.96921],[106.4612,9.96839],[106.45994,9.96622],[106.45756,9.96395],[106.45649,9.96107],[106.45583,9.95974],[106.45452,9.96004],[106.45259,9.95886],[106.45082,9.95808],[106.44977,9.95825],[106.4486,9.95808],[106.44819,9.95784],[106.44802,9.95702],[106.44756,9.95635],[106.44545,9.95515],[106.44505,9.95469],[106.44486,9.95324],[106.44442,9.95299],[106.44296,9.95251],[106.44293,9.95169],[106.44376,9.95098],[106.44498,9.94859],[106.44459,9.94742],[106.44446,9.94621],[106.44055,9.94241],[106.45507,9.93648],[106.47053,9.92819],[106.47528,9.92543],[106.48091,9.92184],[106.48426,9.9195],[106.48527,9.92416],[106.48546,9.92482],[106.48611,9.92531],[106.4878,9.92536],[106.48847,9.92548],[106.48765,9.92638],[106.48666,9.92784],[106.48536,9.92896],[106.48532,9.93005],[106.48775,9.93139],[106.48773,9.93272],[106.48743,9.93365],[106.48694,9.93419],[106.48875,9.93524],[106.48882,9.93551],[106.48822,9.93605],[106.4889,9.93677],[106.49004,9.93581],[106.49088,9.93535],[106.49137,9.9356],[106.48935,9.94314],[106.48907,9.94465],[106.48818,9.94786],[106.48749,9.95112],[106.48639,9.95532],[106.48974,9.95647],[106.49342,9.95801],[106.49794,9.95959],[106.50178,9.96067],[106.5046,9.96205],[106.50482,9.96173],[106.50645,9.96273],[106.5064,9.96312],[106.50697,9.9636],[106.51026,9.96533],[106.51098,9.96516],[106.51426,9.96671],[106.51564,9.9674],[106.51596,9.96775],[106.51724,9.96846],[106.51943,9.96955],[106.51977,9.96982],[106.52195,9.97101],[106.52303,9.97232],[106.52152,9.9738],[106.52013,9.97484],[106.51635,9.97741],[106.51522,9.97828],[106.51275,9.98051],[106.50974,9.98294],[106.50852,9.98398],[106.50741,9.98506],[106.50524,9.98691],[106.50253,9.98934],[106.50116,9.99041],[106.49942,9.992],[106.49844,9.99316],[106.49725,9.99425],[106.49561,9.99598],[106.49465,9.99675],[106.49378,9.99793],[106.49287,9.99898],[106.49224,9.99987],[106.49038,10.00296],[106.48933,10.00488],[106.48828,10.00715],[106.48709,10.0091],[106.48557,10.01119],[106.48505,10.01224],[106.48488,10.01309],[106.4856,10.01425],[106.48687,10.017],[106.48983,10.02291],[106.4891,10.02333],[106.4852,10.02538],[106.48273,10.02694],[106.48044,10.02822],[106.47863,10.02986],[106.4772,10.03156],[106.47364,10.03552]]]},"properties":{"a01_tinh":"diaphanhanhchinhcaptinh_sn.42","a02_xa":"diaphanhanhchinhcapxa_2025.2480","a03_ten":"Xã Quới Điền","a04_tentinh":"Tỉnh Vĩnh Long","a05_truocsn":"Xã Hòa Lợi (huyện Thạnh Phú), Xã Mỹ Hưng, Xã Quới Điền","a06_trungtamhc":"UBND xã Quới Điền","a07_dt":"49.58","a08_ds":"30012","a09_dthoai":null,"a10_web":null,"ten":"Xã Quới Điền","ma":"29191","tentinh":"Tỉnh Vĩnh Long","truocsapnhap":"Xã Hòa Lợi (huyện Thạnh Phú), Xã Mỹ Hưng, Xã Quới Điền","dientichkm2":null,"dansonguoi":null},"id":"diaphanhanhchinhcapxa_2025.2480"},
{"type":"Feature","geometry":{"type":"Polygon","coordinates":[[[106.29604,10.03956],[106.29509,10.04092],[106.29454,10.04265],[106.294,10.04361],[106.29364,10.04455],[106.29204,10.04766],[106.29097,10.04924],[106.29005,10.05025],[106.28985,10.05063],[106.28221,10.06342],[106.27704,10.07193],[106.27644,10.07261],[106.27439,10.07594],[106.27306,10.07818],[106.27183,10.07982],[106.27063,10.08154],[106.26853,10.08477],[106.26522,10.0896],[106.2633,10.09212],[106.26056,10.09536],[106.25874,10.09722],[106.25178,10.10364],[106.24849,10.10853],[106.24444,10.11398],[106.24152,10.11795],[106.23978,10.12055],[106.23795,10.12398],[106.2348,10.12982],[106.23177,10.13453],[106.22759,10.1399],[106.22368,10.14461],[106.21896,10.14933],[106.21459,10.15363],[106.21022,10.15827],[106.20681,10.16225],[106.20388,10.16513],[106.20229,10.16652],[106.1935,10.17374],[106.19198,10.17479],[106.18784,10.17628],[106.1844,10.17637],[106.17853,10.17544],[106.17786,10.17559],[106.17671,10.17627],[106.1738,10.16768],[106.17349,10.16687],[106.17261,10.16381],[106.17209,10.16246],[106.17145,10.16143],[106.17069,10.16102],[106.1709,10.15996],[106.17154,10.158],[106.17208,10.15693],[106.17358,10.15455],[106.17691,10.15088],[106.17793,10.15004],[106.17898,10.14889],[106.18431,10.13927],[106.18691,10.1355],[106.18822,10.1335],[106.19593,10.12399],[106.19732,10.12219],[106.20221,10.1166],[106.20319,10.11563],[106.20496,10.11419],[106.20588,10.11324],[106.20689,10.11244],[106.21107,10.10832],[106.21246,10.10683],[106.21671,10.10276],[106.21893,10.10064],[106.22048,10.09888],[106.22472,10.09437],[106.22733,10.09181],[106.22743,10.09172],[106.22984,10.08949],[106.23172,10.08762],[106.23564,10.08435],[106.23754,10.08288],[106.23828,10.08213],[106.25011,10.07445],[106.26134,10.06874],[106.27031,10.06293],[106.28229,10.05355],[106.29604,10.03956]]]},"properties":{"a01_tinh":"diaphanhanhchinhcaptinh_sn.42","a02_xa":"diaphanhanhchinhcapxa_2025.2537","a03_ten":"Xã Quới Thiện","a04_tentinh":"Tỉnh Vĩnh Long","a05_truocsn":"Xã Thanh Bình, Xã Quới Thiện","a06_trungtamhc":"UBND xã Thanh Bình","a07_dt":"46.95","a08_ds":"2624","a09_dthoai":null,"a10_web":null,"ten":"Xã Quới Thiện","ma":"29677","tentinh":"Tỉnh Vĩnh Long","truocsapnhap":"Xã Thanh Bình, Xã Quới Thiện","dientichkm2":null,"dansonguoi":null},"id":"diaphanhanhchinhcapxa_2025.2537"},
{"type":"Feature","geometry":{"type":"Polygon","coordinates":[[[106.21979,9.88977],[106.22109,9.88621],[106.22297,9.8812],[106.22388,9.87903],[106.22442,9.87732],[106.225,9.87579],[106.22558,9.87489],[106.22638,9.87573],[106.23013,9.87918],[106.23106,9.87728],[106.23213,9.87471],[106.23257,9.87398],[106.23402,9.87067],[106.23457,9.86886],[106.23428,9.86875],[106.23458,9.86716],[106.23027,9.86585],[106.23074,9.86484],[106.23158,9.86503],[106.23227,9.86464],[106.23371,9.85753],[106.23366,9.85592],[106.2337,9.85468],[106.23418,9.85156],[106.23508,9.84866],[106.23609,9.84592],[106.23639,9.84525],[106.23859,9.84608],[106.23944,9.84427],[106.23971,9.84503],[106.24082,9.84598],[106.2418,9.84461],[106.24257,9.84456],[106.24348,9.84471],[106.24351,9.84353],[106.24693,9.84344],[106.2467,9.84069],[106.24677,9.84061],[106.24992,9.8406],[106.25013,9.84109],[106.25178,9.84154],[106.25583,9.84345],[106.25625,9.84305],[106.25759,9.84326],[106.25739,9.84377],[106.25803,9.84404],[106.25784,9.84461],[106.26047,9.84563],[106.2596,9.8473],[106.26017,9.84762],[106.26449,9.84948],[106.26473,9.84884],[106.26516,9.84903],[106.2655,9.84821],[106.26626,9.84808],[106.26534,9.85009],[106.26729,9.85106],[106.26794,9.84908],[106.2696,9.85006],[106.27017,9.84897],[106.27151,9.84957],[106.27234,9.84766],[106.27299,9.84671],[106.27399,9.84427],[106.27458,9.84393],[106.27606,9.8412],[106.27693,9.84176],[106.27775,9.84255],[106.27827,9.84132],[106.27866,9.84101],[106.27968,9.8388],[106.28001,9.83767],[106.28294,9.8393],[106.28647,9.8415],[106.29005,9.84282],[106.29371,9.8445],[106.29927,9.84697],[106.30362,9.84918],[106.30538,9.84991],[106.3065,9.84985],[106.30666,9.85053],[106.30727,9.85414],[106.30805,9.85704],[106.30885,9.86043],[106.31045,9.86794],[106.31015,9.86942],[106.31107,9.86971],[106.31115,9.87009],[106.31217,9.87047],[106.31356,9.8706],[106.31435,9.87048],[106.31606,9.87001],[106.31733,9.8701],[106.32253,9.87101],[106.32137,9.87574],[106.321,9.87711],[106.32528,9.87841],[106.32478,9.87917],[106.32318,9.88196],[106.32987,9.88311],[106.32982,9.88356],[106.32892,9.88346],[106.32878,9.88452],[106.32777,9.88566],[106.32753,9.88825],[106.33024,9.88855],[106.33499,9.88896],[106.33492,9.89155],[106.33447,9.89735],[106.32999,9.89873],[106.32585,9.90013],[106.32111,9.90161],[106.31939,9.9029],[106.31801,9.90394],[106.31684,9.90468],[106.31548,9.90532],[106.31336,9.90619],[106.31232,9.90747],[106.31086,9.90849],[106.30945,9.91096],[106.30243,9.90782],[106.30188,9.90919],[106.30189,9.9103],[106.30166,9.91251],[106.3018,9.91326],[106.30148,9.91427],[106.30097,9.91426],[106.30019,9.91537],[106.30223,9.91858],[106.3025,9.91965],[106.30277,9.92125],[106.30275,9.92207],[106.30237,9.92422],[106.30175,9.9236],[106.3008,9.92414],[106.30035,9.924],[106.29996,9.92461],[106.29817,9.92517],[106.29747,9.92555],[106.2962,9.92594],[106.29571,9.92653],[106.29475,9.92723],[106.29361,9.92783],[106.29161,9.92816],[106.29015,9.92875],[106.28836,9.92929],[106.2857,9.93001],[106.28509,9.93035],[106.28464,9.93093],[106.28419,9.93359],[106.28387,9.93412],[106.28333,9.93452],[106.28168,9.93509],[106.27994,9.93661],[106.27923,9.93707],[106.27693,9.93513],[106.27563,9.93428],[106.27309,9.93344],[106.27169,9.93258],[106.27032,9.93124],[106.26854,9.92833],[106.26774,9.92731],[106.26564,9.92479],[106.26505,9.92433],[106.26403,9.92398],[106.26274,9.92395],[106.26216,9.92349],[106.26207,9.92305],[106.26231,9.92232],[106.26391,9.91941],[106.26547,9.91725],[106.26558,9.91664],[106.26535,9.91605],[106.26455,9.91504],[106.2632,9.91517],[106.26206,9.91504],[106.26067,9.91423],[106.26017,9.91406],[106.25979,9.91438],[106.25917,9.91532],[106.25804,9.91518],[106.2572,9.91523],[106.25442,9.91594],[106.25349,9.91638],[106.25249,9.9172],[106.25191,9.91731],[106.25135,9.91701],[106.25047,9.91682],[106.24947,9.91688],[106.24894,9.91726],[106.24852,9.91782],[106.24796,9.91784],[106.2474,9.91735],[106.24687,9.91728],[106.24596,9.91776],[106.24558,9.91774],[106.24449,9.91715],[106.24486,9.9162],[106.24493,9.91555],[106.24468,9.91527],[106.24387,9.91545],[106.24319,9.91541],[106.24179,9.91414],[106.2415,9.91363],[106.24067,9.91311],[106.24039,9.91276],[106.23975,9.91125],[106.23847,9.90918],[106.23697,9.90746],[106.2364,9.90637],[106.23574,9.90548],[106.23529,9.90417],[106.23582,9.90171],[106.23604,9.90043],[106.2363,9.89952],[106.23623,9.89854],[106.23272,9.89733],[106.23111,9.89685],[106.22815,9.89545],[106.22434,9.89278],[106.22463,9.89151],[106.22393,9.8912],[106.22379,9.89159],[106.22213,9.89061],[106.2214,9.8905],[106.22035,9.89012],[106.21979,9.88977]]]},"properties":{"a01_tinh":"diaphanhanhchinhcaptinh_sn.42","a02_xa":"diaphanhanhchinhcapxa_2025.2504","a03_ten":"Xã Song Lộc","a04_tentinh":"Tỉnh Vĩnh Long","a05_truocsn":"Xã Lương Hòa (huyện Châu Thành), Xã Lương Hòa A, Xã Song Lộc","a06_trungtamhc":"đang cập nhật","a07_dt":"80.1","a08_ds":"42628","a09_dthoai":null,"a10_web":null,"ten":"Xã Song Lộc","ma":"29386","tentinh":"Tỉnh Vĩnh Long","truocsapnhap":"Xã Lương Hòa (huyện Châu Thành), Xã Lương Hòa A, Xã Song Lộc","dientichkm2":null,"dansonguoi":null},"id":"diaphanhanhchinhcapxa_2025.2504"},
{"type":"Feature","geometry":{"type":"Polygon","coordinates":[[[105.85956,10.08092],[105.85969,10.0796],[105.86057,10.0759],[105.86106,10.07401],[105.86116,10.07322],[105.86167,10.07114],[105.86213,10.06884],[105.86285,10.06607],[105.86326,10.06425],[105.86381,10.06226],[105.8641,10.06084],[105.86471,10.05905],[105.86519,10.05849],[105.8654,10.05778],[105.8651,10.05719],[105.86544,10.05583],[105.86574,10.05531],[105.86637,10.05497],[105.8701,10.05247],[105.87065,10.05228],[105.87368,10.05049],[105.87431,10.04999],[105.87688,10.04934],[105.87944,10.0517],[105.8861,10.05359],[105.88784,10.05414],[105.89276,10.05561],[105.90015,10.05766],[105.90525,10.05899],[105.90616,10.05927],[105.90657,10.05913],[105.90828,10.05919],[105.91809,10.05916],[105.92024,10.0591],[105.9269,10.05822],[105.93257,10.05751],[105.93281,10.05857],[105.9333,10.06143],[105.93374,10.06342],[105.93449,10.06763],[105.935,10.06936],[105.93549,10.07016],[105.93609,10.07145],[105.93702,10.07255],[105.93894,10.07731],[105.93909,10.0778],[105.93922,10.07929],[105.93755,10.07952],[105.93425,10.07956],[105.93343,10.07964],[105.93027,10.07981],[105.92868,10.07983],[105.92794,10.07999],[105.92857,10.08128],[105.92849,10.0816],[105.92409,10.08382],[105.92131,10.08531],[105.91901,10.08641],[105.91833,10.0868],[105.91979,10.08996],[105.9223,10.09559],[105.92297,10.09636],[105.92275,10.09702],[105.9236,10.09807],[105.92434,10.09852],[105.92445,10.09901],[105.92419,10.0996],[105.92451,10.10026],[105.92426,10.10115],[105.92469,10.10187],[105.92475,10.10277],[105.9254,10.10268],[105.92864,10.10186],[105.92977,10.10499],[105.9304,10.10694],[105.93236,10.11349],[105.93191,10.11527],[105.93115,10.11742],[105.93096,10.11817],[105.92994,10.12104],[105.92951,10.1233],[105.93052,10.12341],[105.93008,10.12607],[105.92991,10.12786],[105.92943,10.13008],[105.92884,10.13381],[105.92793,10.13902],[105.92782,10.13984],[105.92792,10.14079],[105.9275,10.14119],[105.92721,10.1412],[105.92406,10.14241],[105.91983,10.14395],[105.91463,10.14589],[105.91314,10.14665],[105.91282,10.14651],[105.9083,10.14821],[105.90429,10.14964],[105.90397,10.14958],[105.90379,10.15067],[105.89938,10.15204],[105.89815,10.15237],[105.89517,10.15238],[105.89281,10.15326],[105.89193,10.15342],[105.89044,10.15306],[105.88801,10.15194],[105.88732,10.15155],[105.88646,10.15187],[105.88583,10.15176],[105.8851,10.1519],[105.88444,10.15226],[105.88386,10.15222],[105.88352,10.15143],[105.88342,10.15034],[105.88187,10.15011],[105.8814,10.14967],[105.88061,10.14976],[105.87756,10.15124],[105.8715,10.15398],[105.87055,10.15443],[105.86753,10.15579],[105.86669,10.15382],[105.86678,10.15178],[105.86651,10.15033],[105.86683,10.14993],[105.86652,10.1488],[105.86513,10.14891],[105.8653,10.14784],[105.86506,10.14715],[105.86312,10.14704],[105.86293,10.14501],[105.86353,10.1449],[105.86478,10.13981],[105.86602,10.13432],[105.86644,10.13068],[105.86416,10.12416],[105.86257,10.11996],[105.86336,10.11956],[105.86336,10.11901],[105.86436,10.11707],[105.86415,10.11593],[105.86486,10.11604],[105.86508,10.1158],[105.86512,10.115],[105.86104,10.11447],[105.85837,10.11408],[105.85782,10.11414],[105.85651,10.11401],[105.85686,10.10912],[105.85706,10.10538],[105.85698,10.10521],[105.85769,10.1038],[105.85764,10.10282],[105.85794,10.10175],[105.85846,10.10085],[105.86045,10.095],[105.86085,10.09425],[105.86089,10.0937],[105.86124,10.09264],[105.86121,10.09146],[105.85996,10.08501],[105.85981,10.0837],[105.85946,10.08174],[105.85956,10.08092]]]},"properties":{"a01_tinh":"diaphanhanhchinhcaptinh_sn.42","a02_xa":"diaphanhanhchinhcapxa_2025.2546","a03_ten":"Xã Song Phú","a04_tentinh":"Tỉnh Vĩnh Long","a05_truocsn":"Xã Tân Phú (huyện Tam Bình), Xã Long Phú, Xã Phú Thịnh, Xã Song Phú","a06_trungtamhc":"UBND xã Song Phú","a07_dt":"76.58","a08_ds":"50646","a09_dthoai":null,"a10_web":null,"ten":"Xã Song Phú","ma":"29740","tentinh":"Tỉnh Vĩnh Long","truocsapnhap":"Xã Tân Phú (huyện Tam Bình), Xã Long Phú, Xã Phú Thịnh, Xã Song Phú","dientichkm2":null,"dansonguoi":null},"id":"diaphanhanhchinhcapxa_2025.2546"},
{"type":"Feature","geometry":{"type":"Polygon","coordinates":[[[105.93257,10.05751],[105.93526,10.05733],[105.93637,10.05708],[105.93725,10.05703],[105.93867,10.05678],[105.94244,10.05637],[105.94711,10.05561],[105.94784,10.05384],[105.9494,10.04955],[105.95109,10.04743],[105.953,10.04543],[105.95467,10.04727],[105.95521,10.04691],[105.95823,10.04538],[105.9587,10.04548],[105.96135,10.04655],[105.96163,10.04656],[105.96203,10.04457],[105.96232,10.04466],[105.96434,10.04582],[105.96459,10.04571],[105.96561,10.04119],[105.96565,10.04062],[105.96924,10.04096],[105.96956,10.03838],[105.96994,10.03829],[105.97174,10.03835],[105.9726,10.03343],[105.97248,10.03252],[105.97266,10.03078],[105.97383,10.03082],[105.97494,10.03064],[105.97565,10.03082],[105.97692,10.03093],[105.97712,10.02807],[105.97712,10.02715],[105.97897,10.02721],[105.97909,10.02647],[105.98153,10.02529],[105.98168,10.02489],[105.9826,10.02449],[105.98298,10.02451],[105.98459,10.02368],[105.98563,10.02532],[105.99271,10.03547],[105.99783,10.04311],[106.00393,10.05189],[106.01119,10.06279],[106.01379,10.0666],[106.01455,10.06773],[106.01618,10.07007],[106.0182,10.073],[106.01971,10.07546],[106.02033,10.07632],[106.02075,10.07721],[106.01943,10.07747],[106.01845,10.07789],[106.01774,10.07876],[106.01679,10.08077],[106.016,10.08262],[106.01543,10.08356],[106.01451,10.08424],[106.013,10.08478],[106.01196,10.0849],[106.01142,10.08476],[106.0093,10.08338],[106.00847,10.083],[106.00622,10.08237],[106.00538,10.08226],[106.00394,10.08261],[106.00117,10.0817],[106.00035,10.08117],[106.00001,10.08076],[105.99945,10.07968],[105.99933,10.07873],[105.99942,10.07799],[105.99986,10.07683],[105.9999,10.07587],[105.99973,10.07559],[105.99797,10.07609],[105.99718,10.07615],[105.99721,10.07688],[105.99647,10.07714],[105.996,10.0777],[105.99529,10.07778],[105.99409,10.07824],[105.99327,10.0787],[105.9923,10.0795],[105.99066,10.07996],[105.98967,10.08051],[105.9899,10.08451],[105.99025,10.08515],[105.99094,10.0859],[105.992,10.08552],[105.99316,10.08667],[105.98758,10.09247],[105.98682,10.09353],[105.98639,10.09377],[105.98438,10.09606],[105.98411,10.09602],[105.98382,10.09522],[105.9826,10.09113],[105.98239,10.09027],[105.98149,10.08783],[105.97817,10.08908],[105.97719,10.08924],[105.97669,10.088],[105.97558,10.08578],[105.97507,10.0833],[105.97477,10.08267],[105.97487,10.08177],[105.97217,10.08247],[105.97109,10.08286],[105.96911,10.08326],[105.96707,10.08261],[105.96739,10.08179],[105.96749,10.081],[105.96734,10.07909],[105.96411,10.07856],[105.96436,10.07662],[105.96312,10.07645],[105.96316,10.07611],[105.96102,10.07583],[105.96126,10.07446],[105.95891,10.07415],[105.95848,10.0739],[105.95711,10.07354],[105.94894,10.07024],[105.94571,10.06897],[105.94497,10.06891],[105.94207,10.06898],[105.935,10.06936],[105.93449,10.06763],[105.93374,10.06342],[105.9333,10.06143],[105.93281,10.05857],[105.93257,10.05751]]]},"properties":{"a01_tinh":"diaphanhanhchinhcaptinh_sn.42","a02_xa":"diaphanhanhchinhcapxa_2025.2544","a03_ten":"Xã Tam Bình","a04_tentinh":"Tỉnh Vĩnh Long","a05_truocsn":"Xã Mỹ Thạnh Trung, Thị trấn Tam Bình","a06_trungtamhc":"Trụ sở Trung tâm hành chính huyện Tam Bình","a07_dt":"34.63","a08_ds":"32612","a09_dthoai":null,"a10_web":null,"ten":"Xã Tam Bình","ma":"29719","tentinh":"Tỉnh Vĩnh Long","truocsapnhap":"Xã Mỹ Thạnh Trung, Thị trấn Tam Bình","dientichkm2":null,"dansonguoi":null},"id":"diaphanhanhchinhcapxa_2025.2544"},
{"type":"Feature","geometry":{"type":"Polygon","coordinates":[[[106.11269,9.93839],[106.10712,9.94408],[106.10516,9.9462],[106.10281,9.94857],[106.09812,9.95182],[106.09538,9.95365],[106.09184,9.95614],[106.08659,9.95962],[106.08619,9.95902],[106.07905,9.94938],[106.07836,9.94884],[106.07871,9.94855],[106.07787,9.94695],[106.07665,9.94482],[106.07523,9.94555],[106.07319,9.94601],[106.0704,9.94638],[106.06599,9.94763],[106.06507,9.94779],[106.06296,9.94784],[106.06312,9.9474],[106.06264,9.9456],[106.05975,9.94615],[106.05584,9.94677],[106.05623,9.94551],[106.05516,9.94473],[106.05553,9.94217],[106.05363,9.94194],[106.05341,9.94177],[106.05237,9.94163],[106.05124,9.94122],[106.04883,9.93946],[106.04737,9.9386],[106.04653,9.93846],[106.04571,9.9381],[106.0448,9.93728],[106.0436,9.93596],[106.04321,9.93587],[106.04248,9.93491],[106.04249,9.93324],[106.0423,9.93284],[106.04014,9.93222],[106.03952,9.93156],[106.0394,9.93088],[106.03909,9.93038],[106.03919,9.92963],[106.03898,9.92847],[106.0386,9.9282],[106.03782,9.92717],[106.03688,9.92756],[106.03627,9.92747],[106.03479,9.9269],[106.03344,9.92704],[106.03151,9.92744],[106.03053,9.92779],[106.02944,9.92787],[106.02769,9.92767],[106.02711,9.92824],[106.02681,9.92957],[106.0257,9.92963],[106.025,9.93039],[106.02463,9.93056],[106.024,9.93045],[106.02318,9.93057],[106.02196,9.93168],[106.02182,9.93237],[106.02108,9.93289],[106.0202,9.93274],[106.01949,9.93149],[106.01799,9.92856],[106.01731,9.92735],[106.01662,9.9265],[106.01499,9.92554],[106.01302,9.92427],[106.01311,9.92345],[106.01417,9.92206],[106.01441,9.9211],[106.01548,9.92025],[106.01554,9.91967],[106.01521,9.91883],[106.01541,9.91787],[106.01534,9.91736],[106.01448,9.91616],[106.01213,9.9149],[106.0117,9.91453],[106.01116,9.91352],[106.01064,9.91328],[106.00956,9.91306],[106.00858,9.91262],[106.00686,9.91199],[106.006,9.91146],[106.00507,9.91111],[106.0029,9.91012],[106.00134,9.90907],[106.00229,9.90838],[106.00255,9.90774],[106.00258,9.90706],[106.00307,9.90723],[106.00385,9.907],[106.00373,9.90641],[106.00415,9.90614],[106.00434,9.90537],[106.0048,9.90537],[106.00513,9.90493],[106.00543,9.90358],[106.00603,9.90204],[106.00642,9.90163],[106.00705,9.8999],[106.00778,9.89862],[106.0068,9.89785],[106.00704,9.89734],[106.00663,9.89697],[106.00786,9.89462],[106.00758,9.89411],[106.007,9.89236],[106.00634,9.89108],[106.00616,9.88988],[106.0056,9.88846],[106.00964,9.88726],[106.01081,9.88685],[106.0161,9.88531],[106.01584,9.88502],[106.01603,9.88455],[106.01935,9.88354],[106.02073,9.88336],[106.02121,9.88373],[106.02247,9.88307],[106.02325,9.88393],[106.02408,9.88405],[106.02471,9.88387],[106.02659,9.88266],[106.02781,9.8816],[106.02885,9.88038],[106.02937,9.88011],[106.02986,9.88023],[106.03084,9.88081],[106.03162,9.88144],[106.03387,9.88045],[106.03856,9.87863],[106.04116,9.87773],[106.04397,9.87657],[106.0446,9.8764],[106.04426,9.8771],[106.0447,9.87806],[106.04569,9.87828],[106.04614,9.87869],[106.04663,9.87943],[106.04693,9.88049],[106.04563,9.88049],[106.04482,9.88138],[106.04486,9.88227],[106.04541,9.88312],[106.04626,9.88362],[106.04675,9.88435],[106.04709,9.88458],[106.04845,9.88505],[106.04864,9.88523],[106.04899,9.88658],[106.04902,9.88739],[106.04948,9.88837],[106.0495,9.88899],[106.04979,9.89017],[106.04973,9.89257],[106.05031,9.89287],[106.05063,9.89383],[106.04959,9.89431],[106.04913,9.89466],[106.04935,9.89529],[106.04946,9.8964],[106.04964,9.89699],[106.05032,9.89725],[106.0509,9.8995],[106.05194,9.90552],[106.05078,9.90592],[106.05119,9.90618],[106.05149,9.90702],[106.05252,9.90897],[106.05246,9.90996],[106.05133,9.91071],[106.05135,9.91121],[106.05231,9.91105],[106.05428,9.91112],[106.05732,9.91091],[106.05732,9.91153],[106.0585,9.91185],[106.06133,9.91178],[106.06241,9.91153],[106.06261,9.91195],[106.0624,9.9124],[106.06176,9.91257],[106.06297,9.91336],[106.06408,9.91445],[106.06445,9.91399],[106.06563,9.91455],[106.06575,9.91432],[106.06758,9.91484],[106.06848,9.91475],[106.06975,9.91479],[106.06974,9.91502],[106.07128,9.91517],[106.07143,9.91456],[106.07364,9.91448],[106.07366,9.91501],[106.07689,9.91435],[106.0768,9.91804],[106.0769,9.9187],[106.07821,9.91876],[106.07823,9.91925],[106.07948,9.91928],[106.08226,9.92026],[106.08426,9.92031],[106.0843,9.91963],[106.08544,9.91955],[106.0858,9.91925],[106.08722,9.91942],[106.08772,9.91926],[106.08747,9.91863],[106.08759,9.91776],[106.08845,9.91753],[106.0884,9.91612],[106.08961,9.91606],[106.08961,9.91461],[106.09266,9.91436],[106.09332,9.91421],[106.09418,9.91431],[106.09395,9.91299],[106.0941,9.91209],[106.09475,9.91128],[106.09413,9.90968],[106.09406,9.90903],[106.0932,9.90888],[106.09325,9.90623],[106.09279,9.90433],[106.09158,9.90377],[106.09112,9.90165],[106.08935,9.90168],[106.0892,9.89987],[106.08892,9.89876],[106.0883,9.897],[106.08879,9.89686],[106.08774,9.89469],[106.08848,9.8944],[106.0948,9.89758],[106.09563,9.8972],[106.09962,9.89821],[106.10194,9.89874],[106.10852,9.90038],[106.11296,9.90139],[106.11644,9.90225],[106.11764,9.90274],[106.11868,9.90279],[106.1203,9.90303],[106.12172,9.9023],[106.12251,9.90247],[106.12436,9.90328],[106.12504,9.90372],[106.12588,9.90384],[106.12709,9.90427],[106.12831,9.902],[106.12857,9.90202],[106.12945,9.90332],[106.13086,9.90568],[106.13601,9.91413],[106.13906,9.91918],[106.13938,9.91901],[106.14022,9.91974],[106.1357,9.92243],[106.13143,9.9251],[106.13044,9.92568],[106.12721,9.92784],[106.12249,9.93106],[106.11874,9.93369],[106.11631,9.93545],[106.11269,9.93839]]]},"properties":{"a01_tinh":"diaphanhanhchinhcaptinh_sn.42","a02_xa":"diaphanhanhchinhcapxa_2025.2492","a03_ten":"Xã Tam Ngãi","a04_tentinh":"Tỉnh Vĩnh Long","a05_truocsn":"Xã Thông Hòa, Xã Thạnh Phú, Xã Tam Ngãi","a06_trungtamhc":"đang cập nhật","a07_dt":"61.31","a08_ds":"40282","a09_dthoai":null,"a10_web":null,"ten":"Xã Tam Ngãi","ma":"29335","tentinh":"Tỉnh Vĩnh Long","truocsapnhap":"Xã Thông Hòa, Xã Thạnh Phú, Xã Tam Ngãi","dientichkm2":null,"dansonguoi":null},"id":"diaphanhanhchinhcapxa_2025.2492"},
{"type":"Feature","geometry":{"type":"Polygon","coordinates":[[[106.25249,9.9172],[106.25315,9.9178],[106.25278,9.91872],[106.25157,9.91976],[106.25069,9.92084],[106.2493,9.92197],[106.24912,9.92257],[106.24826,9.92251],[106.24831,9.92392],[106.24874,9.92414],[106.24879,9.92555],[106.24892,9.92605],[106.24968,9.9268],[106.25008,9.92771],[106.2506,9.92822],[106.25159,9.92807],[106.25309,9.92855],[106.25269,9.92934],[106.25224,9.92967],[106.25149,9.93062],[106.25178,9.93119],[106.24639,9.93313],[106.24421,9.93388],[106.2398,9.93546],[106.23589,9.93654],[106.23505,9.9344],[106.23046,9.93744],[106.22379,9.9418],[106.22195,9.94293],[106.21722,9.9461],[106.21447,9.9477],[106.21069,9.94982],[106.21011,9.94894],[106.20803,9.94607],[106.20753,9.94526],[106.20669,9.94426],[106.20522,9.94226],[106.20371,9.93981],[106.20313,9.93904],[106.20231,9.93769],[106.20092,9.9362],[106.2001,9.93556],[106.1995,9.93473],[106.1976,9.9371],[106.19516,9.94005],[106.19426,9.94122],[106.19319,9.94025],[106.19157,9.93891],[106.19227,9.93811],[106.19033,9.93569],[106.18922,9.93508],[106.19378,9.92835],[106.19758,9.92257],[106.19846,9.92085],[106.19659,9.91987],[106.19389,9.91873],[106.19217,9.91807],[106.18931,9.91684],[106.18796,9.91635],[106.18527,9.91522],[106.18373,9.91467],[106.18263,9.91438],[106.18004,9.91326],[106.17843,9.91288],[106.1752,9.91246],[106.17077,9.91179],[106.16656,9.91124],[106.16133,9.91079],[106.15829,9.91062],[106.15579,9.91083],[106.15408,9.9114],[106.15291,9.91188],[106.15194,9.91243],[106.14822,9.91468],[106.14757,9.9151],[106.14394,9.91731],[106.14315,9.91775],[106.14022,9.91974],[106.13938,9.91901],[106.13906,9.91918],[106.13601,9.91413],[106.13086,9.90568],[106.12945,9.90332],[106.12857,9.90202],[106.12831,9.902],[106.12873,9.90035],[106.13041,9.89693],[106.13128,9.89473],[106.13195,9.89327],[106.13277,9.89112],[106.13327,9.88998],[106.13387,9.88827],[106.13444,9.88751],[106.13481,9.88638],[106.13484,9.88509],[106.13538,9.88247],[106.13603,9.88083],[106.13574,9.87949],[106.1358,9.87842],[106.13648,9.87786],[106.1377,9.87664],[106.13832,9.87581],[106.13908,9.87398],[106.13973,9.87199],[106.14053,9.87075],[106.14108,9.86971],[106.14144,9.86845],[106.14189,9.86765],[106.14372,9.86593],[106.145,9.86504],[106.14909,9.8652],[106.15097,9.86598],[106.15203,9.86593],[106.15368,9.86561],[106.15473,9.86578],[106.15641,9.86641],[106.15627,9.86551],[106.15645,9.8643],[106.15635,9.86383],[106.15585,9.86308],[106.15622,9.86265],[106.1577,9.86136],[106.15943,9.86087],[106.15963,9.86044],[106.16177,9.86058],[106.16336,9.86028],[106.16432,9.8609],[106.16559,9.86158],[106.16684,9.86202],[106.16974,9.86344],[106.17214,9.86398],[106.17066,9.86699],[106.16941,9.86978],[106.16763,9.87399],[106.16324,9.88531],[106.162,9.88891],[106.16401,9.88932],[106.16978,9.8902],[106.17528,9.89113],[106.17565,9.89127],[106.17788,9.89159],[106.17877,9.89179],[106.18007,9.89187],[106.18227,9.89225],[106.18371,9.89257],[106.18501,9.88788],[106.18901,9.8894],[106.19488,9.89197],[106.19549,9.89087],[106.19584,9.88901],[106.19614,9.88845],[106.1965,9.88707],[106.1968,9.88576],[106.19743,9.88589],[106.19952,9.8859],[106.20031,9.88598],[106.20225,9.8848],[106.20233,9.88437],[106.20402,9.88429],[106.20487,9.88447],[106.20516,9.88476],[106.20687,9.8855],[106.20684,9.88598],[106.20843,9.88613],[106.21096,9.88626],[106.21105,9.88582],[106.2119,9.886],[106.21273,9.88579],[106.21268,9.88618],[106.21347,9.8865],[106.21433,9.8865],[106.21548,9.88682],[106.21526,9.88741],[106.21557,9.88804],[106.21779,9.88911],[106.21772,9.88937],[106.21836,9.8899],[106.21939,9.89049],[106.21979,9.88977],[106.22035,9.89012],[106.2214,9.8905],[106.22213,9.89061],[106.22379,9.89159],[106.22393,9.8912],[106.22463,9.89151],[106.22434,9.89278],[106.22815,9.89545],[106.23111,9.89685],[106.23272,9.89733],[106.23623,9.89854],[106.2363,9.89952],[106.23604,9.90043],[106.23582,9.90171],[106.23529,9.90417],[106.23574,9.90548],[106.2364,9.90637],[106.23697,9.90746],[106.23847,9.90918],[106.23975,9.91125],[106.24039,9.91276],[106.24067,9.91311],[106.2415,9.91363],[106.24179,9.91414],[106.24319,9.91541],[106.24387,9.91545],[106.24468,9.91527],[106.24493,9.91555],[106.24486,9.9162],[106.24449,9.91715],[106.24558,9.91774],[106.24596,9.91776],[106.24687,9.91728],[106.2474,9.91735],[106.24796,9.91784],[106.24852,9.91782],[106.24894,9.91726],[106.24947,9.91688],[106.25047,9.91682],[106.25135,9.91701],[106.25191,9.91731],[106.25249,9.9172]]]},"properties":{"a01_tinh":"diaphanhanhchinhcaptinh_sn.42","a02_xa":"diaphanhanhchinhcapxa_2025.2490","a03_ten":"Xã Tân An","a04_tentinh":"Tỉnh Vĩnh Long","a05_truocsn":"Xã Huyền Hội, Xã Tân An","a06_trungtamhc":"UBND xã Huyền Hội","a07_dt":"57.25","a08_ds":"33013","a09_dthoai":null,"a10_web":null,"ten":"Xã Tân An","ma":"29278","tentinh":"Tỉnh Vĩnh Long","truocsapnhap":"Xã Huyền Hội, Xã Tân An","dientichkm2":null,"dansonguoi":null},"id":"diaphanhanhchinhcapxa_2025.2490"},
{"type":"Feature","geometry":{"type":"Polygon","coordinates":[[[106.44831,10.063],[106.45033,10.06638],[106.45087,10.06769],[106.45126,10.06951],[106.45136,10.07347],[106.45104,10.0759],[106.45022,10.07869],[106.44757,10.08368],[106.45037,10.08536],[106.45223,10.08655],[106.45073,10.08975],[106.45132,10.09062],[106.45362,10.09002],[106.45543,10.09116],[106.45598,10.09158],[106.4586,10.09399],[106.45939,10.09547],[106.46006,10.09643],[106.46017,10.09767],[106.46053,10.09867],[106.46045,10.10028],[106.46034,10.10056],[106.45919,10.10207],[106.45906,10.10241],[106.45918,10.1038],[106.46046,10.10515],[106.46168,10.10521],[106.46221,10.10613],[106.46276,10.10608],[106.46362,10.10551],[106.46492,10.10414],[106.4652,10.10342],[106.46521,10.10222],[106.46554,10.10121],[106.46763,10.10184],[106.46981,10.10295],[106.47063,10.10346],[106.47114,10.10358],[106.47179,10.10329],[106.47261,10.10248],[106.47367,10.10207],[106.47436,10.10154],[106.47467,10.10194],[106.47542,10.10445],[106.47675,10.10811],[106.47637,10.10833],[106.47704,10.10962],[106.4789,10.10868],[106.47958,10.1098],[106.47955,10.11037],[106.48004,10.11114],[106.47973,10.11218],[106.47993,10.11355],[106.47948,10.11354],[106.47842,10.11411],[106.47816,10.11445],[106.47933,10.11546],[106.47988,10.1162],[106.48155,10.11759],[106.48009,10.11907],[106.48139,10.12017],[106.48189,10.12041],[106.48212,10.1217],[106.47969,10.12502],[106.47903,10.12641],[106.47797,10.12628],[106.47769,10.12646],[106.47743,10.12754],[106.47687,10.12783],[106.47605,10.12885],[106.47573,10.12903],[106.47503,10.12878],[106.47465,10.129],[106.47529,10.12994],[106.47666,10.13001],[106.47678,10.13243],[106.478,10.1327],[106.47857,10.13252],[106.47887,10.1329],[106.47946,10.13259],[106.4806,10.13379],[106.48043,10.13392],[106.47965,10.13659],[106.48002,10.13747],[106.47929,10.13832],[106.47807,10.13902],[106.47652,10.13946],[106.47672,10.13998],[106.47738,10.14042],[106.47595,10.14172],[106.48068,10.14332],[106.48267,10.1438],[106.48274,10.14402],[106.48545,10.14479],[106.48614,10.14518],[106.4861,10.14578],[106.48732,10.14575],[106.48775,10.14549],[106.48837,10.14582],[106.48917,10.14584],[106.48953,10.14604],[106.48904,10.14712],[106.48769,10.14751],[106.48726,10.14777],[106.48644,10.1486],[106.48585,10.14954],[106.48452,10.15125],[106.48417,10.15195],[106.48401,10.15271],[106.48307,10.15256],[106.48269,10.15488],[106.48173,10.1547],[106.4814,10.15662],[106.48018,10.15651],[106.48016,10.15593],[106.47911,10.15571],[106.47951,10.15407],[106.47903,10.15392],[106.47854,10.15539],[106.47655,10.15445],[106.47618,10.15532],[106.47485,10.15479],[106.47303,10.15338],[106.47224,10.15305],[106.4698,10.15268],[106.46889,10.1527],[106.46857,10.15209],[106.46724,10.15193],[106.46656,10.15142],[106.46654,10.1508],[106.46442,10.15029],[106.46144,10.14901],[106.45964,10.14838],[106.45744,10.14811],[106.45524,10.14606],[106.45583,10.14536],[106.45792,10.14253],[106.45828,10.14197],[106.45618,10.14012],[106.45491,10.13942],[106.4547,10.13981],[106.45391,10.13956],[106.45365,10.13925],[106.45144,10.13886],[106.45137,10.13921],[106.45046,10.13928],[106.44811,10.13888],[106.44633,10.1393],[106.44641,10.13873],[106.4458,10.1384],[106.4447,10.13877],[106.44408,10.13852],[106.44358,10.1374],[106.44298,10.13695],[106.44126,10.13605],[106.44034,10.13632],[106.43909,10.13722],[106.43837,10.13754],[106.43711,10.13612],[106.43803,10.13588],[106.43784,10.13501],[106.43412,10.13561],[106.43369,10.13517],[106.43617,10.13468],[106.43595,10.1339],[106.43646,10.13354],[106.43719,10.13336],[106.43716,10.13239],[106.43683,10.13182],[106.4325,10.13287],[106.43198,10.13193],[106.43156,10.13073],[106.43169,10.1301],[106.4315,10.12972],[106.43033,10.13021],[106.42747,10.13206],[106.42701,10.13108],[106.42652,10.1308],[106.42606,10.13022],[106.42434,10.13093],[106.42409,10.13036],[106.42346,10.13067],[106.42282,10.1306],[106.42229,10.12987],[106.42057,10.13076],[106.42033,10.13028],[106.41965,10.13036],[106.41912,10.12929],[106.41793,10.13032],[106.41648,10.13117],[106.41574,10.13122],[106.41342,10.13167],[106.41364,10.13329],[106.41414,10.13427],[106.41456,10.1355],[106.41494,10.13581],[106.41486,10.13827],[106.41382,10.13846],[106.41182,10.1391],[106.41048,10.13941],[106.40874,10.13953],[106.40608,10.13925],[106.40483,10.13884],[106.4043,10.13823],[106.4039,10.13738],[106.40258,10.13517],[106.40452,10.13281],[106.40734,10.12915],[106.40813,10.12803],[106.40948,10.12595],[106.40948,10.12355],[106.40982,10.1212],[106.4105,10.11927],[106.4121,10.11427],[106.413,10.11122],[106.41328,10.10934],[106.41336,10.10826],[106.41316,10.10735],[106.41272,10.1063],[106.41009,10.10307],[106.41151,10.10147],[106.41351,10.0991],[106.41542,10.09649],[106.42113,10.08981],[106.42159,10.08934],[106.44147,10.06975],[106.44831,10.063]]]},"properties":{"a01_tinh":"diaphanhanhchinhcaptinh_sn.42","a02_xa":"diaphanhanhchinhcapxa_2025.2462","a03_ten":"Xã Tân Hào","a04_tentinh":"Tỉnh Vĩnh Long","a05_truocsn":"Xã Tân Lợi Thạnh, Xã Thạnh Phú Đông, Xã Tân Hào","a06_trungtamhc":"UBND xã Tân Hào","a07_dt":"44.45","a08_ds":"30694","a09_dthoai":null,"a10_web":null,"ten":"Xã Tân Hào","ma":"29029","tentinh":"Tỉnh Vĩnh Long","truocsapnhap":"Xã Tân Lợi Thạnh, Xã Thạnh Phú Đông, Xã Tân Hào","dientichkm2":null,"dansonguoi":null},"id":"diaphanhanhchinhcapxa_2025.2462"},
{"type":"Feature","geometry":{"type":"Polygon","coordinates":[[[106.20193,9.79639],[106.20122,9.79692],[106.20093,9.79736],[106.1985,9.79729],[106.19764,9.79618],[106.19531,9.79378],[106.19459,9.7934],[106.19468,9.79307],[106.19348,9.79253],[106.19362,9.79231],[106.19186,9.79131],[106.18974,9.79074],[106.18983,9.79043],[106.18901,9.7902],[106.18864,9.79037],[106.18823,9.79175],[106.1878,9.79222],[106.18725,9.79203],[106.18698,9.79144],[106.18745,9.78993],[106.18424,9.78911],[106.18211,9.78873],[106.18189,9.78907],[106.18145,9.79071],[106.1811,9.79149],[106.18012,9.79227],[106.17911,9.79228],[106.17836,9.79186],[106.1774,9.79214],[106.17673,9.79203],[106.17596,9.79153],[106.17472,9.79143],[106.17431,9.79097],[106.17359,9.79066],[106.17368,9.79009],[106.17324,9.78998],[106.17282,9.79066],[106.17143,9.7905],[106.17069,9.7902],[106.17056,9.78961],[106.16997,9.78971],[106.17007,9.78889],[106.16915,9.78882],[106.16918,9.78825],[106.16835,9.78813],[106.16788,9.78869],[106.16745,9.78871],[106.16664,9.78918],[106.1665,9.7901],[106.16552,9.791],[106.16566,9.79144],[106.16329,9.79512],[106.16242,9.79522],[106.16143,9.79597],[106.15977,9.79704],[106.15866,9.79766],[106.15799,9.79782],[106.15733,9.7984],[106.15655,9.8006],[106.15599,9.80146],[106.15555,9.80278],[106.15542,9.80499],[106.15509,9.80634],[106.15234,9.81019],[106.15129,9.81035],[106.15033,9.81016],[106.14805,9.80938],[106.14708,9.81158],[106.14446,9.81877],[106.14085,9.81766],[106.13832,9.82282],[106.13616,9.82049],[106.1349,9.81951],[106.13368,9.81886],[106.13195,9.81771],[106.13081,9.81713],[106.13047,9.8167],[106.13076,9.81557],[106.12966,9.81484],[106.12863,9.814],[106.12694,9.81398],[106.12684,9.81331],[106.12683,9.8107],[106.12731,9.80964],[106.12779,9.80909],[106.12753,9.80811],[106.12697,9.80725],[106.12707,9.80656],[106.12757,9.80607],[106.12752,9.80551],[106.12702,9.80502],[106.12692,9.80441],[106.12645,9.80374],[106.12582,9.80395],[106.1253,9.80459],[106.12369,9.80557],[106.12314,9.80572],[106.12299,9.80613],[106.12145,9.80654],[106.1214,9.8062],[106.12051,9.8062],[106.12045,9.80663],[106.1188,9.80668],[106.11779,9.80634],[106.11739,9.80487],[106.11648,9.80424],[106.11592,9.80406],[106.11607,9.80297],[106.11647,9.80284],[106.11781,9.80307],[106.11778,9.8023],[106.11666,9.80207],[106.11704,9.80162],[106.11733,9.80082],[106.11767,9.80056],[106.11768,9.80008],[106.11678,9.79986],[106.11658,9.79847],[106.11742,9.79886],[106.1183,9.79828],[106.11753,9.7975],[106.11763,9.79713],[106.11677,9.79655],[106.11602,9.79559],[106.11399,9.79517],[106.10737,9.79425],[106.10332,9.79384],[106.10315,9.79339],[106.10342,9.7923],[106.10358,9.79098],[106.10441,9.79121],[106.10497,9.79098],[106.10539,9.79039],[106.10491,9.78976],[106.10489,9.78916],[106.10415,9.78828],[106.10309,9.78672],[106.10246,9.78564],[106.10168,9.78458],[106.09928,9.78192],[106.09981,9.78156],[106.10338,9.77854],[106.10597,9.77645],[106.10377,9.77384],[106.10351,9.77338],[106.10345,9.77272],[106.10263,9.7722],[106.1021,9.77143],[106.10424,9.77007],[106.10668,9.76834],[106.10897,9.76637],[106.11015,9.76503],[106.11143,9.76315],[106.1118,9.76212],[106.11193,9.76114],[106.11209,9.75819],[106.112,9.7567],[106.11178,9.75476],[106.11141,9.75327],[106.11071,9.7515],[106.11344,9.74898],[106.11505,9.74679],[106.12678,9.73249],[106.13283,9.72652],[106.14254,9.73008],[106.15308,9.73436],[106.15473,9.73104],[106.15827,9.73216],[106.17641,9.73786],[106.17573,9.74335],[106.1732,9.74299],[106.17053,9.74307],[106.16926,9.7425],[106.16746,9.74292],[106.16715,9.74626],[106.1666,9.75072],[106.16708,9.75078],[106.16688,9.75192],[106.16721,9.752],[106.16696,9.75312],[106.16852,9.75297],[106.16984,9.75314],[106.17006,9.75328],[106.17154,9.75333],[106.17194,9.75391],[106.17317,9.75395],[106.1741,9.75413],[106.17455,9.75394],[106.17464,9.7549],[106.17633,9.75554],[106.17525,9.75833],[106.1759,9.75852],[106.17548,9.7598],[106.17523,9.76011],[106.1758,9.76146],[106.17629,9.76155],[106.17701,9.76125],[106.17887,9.76108],[106.17975,9.76116],[106.1808,9.76072],[106.18183,9.76112],[106.18253,9.7626],[106.18357,9.76323],[106.18379,9.76438],[106.18353,9.76516],[106.18333,9.76679],[106.18312,9.76772],[106.18328,9.76843],[106.18357,9.76883],[106.18418,9.76917],[106.18547,9.7692],[106.18596,9.76983],[106.18565,9.77078],[106.18515,9.77078],[106.18506,9.77165],[106.18383,9.77737],[106.18378,9.77843],[106.18398,9.77971],[106.18517,9.7797],[106.18514,9.78098],[106.18541,9.7816],[106.18725,9.7809],[106.18866,9.78099],[106.1906,9.78167],[106.1921,9.78237],[106.19355,9.78322],[106.19577,9.78515],[106.19755,9.78684],[106.19992,9.78973],[106.20046,9.79067],[106.20104,9.79227],[106.20152,9.79415],[106.20193,9.79639]]]},"properties":{"a01_tinh":"diaphanhanhchinhcaptinh_sn.42","a02_xa":"diaphanhanhchinhcapxa_2025.2498","a03_ten":"Xã Tân Hoà","a04_tentinh":"Tỉnh Vĩnh Long","a05_truocsn":"Xã Long Thới (huyện Tiểu Cần), Xã Tân Hòa, Thị trấn Cầu Quan","a06_trungtamhc":"đang cập nhật","a07_dt":"61.21","a08_ds":"41202","a09_dthoai":null,"a10_web":null,"ten":"Xã Tân Hòa","ma":"29371","tentinh":"Tỉnh Vĩnh Long","truocsapnhap":"Xã Long Thới (huyện Tiểu Cần), Xã Tân Hòa, Thị trấn Cầu Quan","dientichkm2":null,"dansonguoi":null},"id":"diaphanhanhchinhcapxa_2025.2498"},
{"type":"Feature","geometry":{"type":"Polygon","coordinates":[[[106.10279,10.13947],[106.10046,10.14102],[106.0996,10.14204],[106.09922,10.14297],[106.09891,10.14498],[106.09896,10.14703],[106.09921,10.14937],[106.09963,10.15163],[106.10018,10.15427],[106.10043,10.15638],[106.10048,10.15822],[106.101,10.16156],[106.10123,10.16249],[106.10146,10.16408],[106.10213,10.16629],[106.10296,10.16791],[106.10424,10.16956],[106.10363,10.1715],[106.10299,10.17264],[106.10234,10.17344],[106.09691,10.17171],[106.09066,10.16969],[106.0808,10.16682],[106.077,10.16575],[106.06884,10.1634],[106.0684,10.16343],[106.06263,10.16445],[106.05629,10.16553],[106.05216,10.16616],[106.04549,10.16709],[106.03774,10.16771],[106.0345,10.16799],[106.02911,10.16918],[106.02827,10.16812],[106.02796,10.16727],[106.02718,10.16559],[106.02632,10.16438],[106.02565,10.16298],[106.02496,10.1618],[106.02438,10.16103],[106.02376,10.15979],[106.02301,10.15893],[106.02275,10.15845],[106.02349,10.15741],[106.02458,10.15542],[106.02507,10.15343],[106.02584,10.15246],[106.02662,10.15057],[106.02891,10.14914],[106.03177,10.14626],[106.03687,10.14205],[106.04502,10.13562],[106.0472,10.13379],[106.05193,10.12999],[106.05856,10.12475],[106.05957,10.12399],[106.06202,10.12197],[106.06423,10.12033],[106.06681,10.11801],[106.07187,10.11144],[106.07298,10.11032],[106.07567,10.10824],[106.07776,10.10638],[106.07925,10.10515],[106.0813,10.10815],[106.08347,10.11192],[106.08449,10.1135],[106.08512,10.11468],[106.08527,10.11519],[106.08512,10.11631],[106.08452,10.11687],[106.0833,10.11737],[106.08177,10.11768],[106.08087,10.11796],[106.07936,10.11891],[106.07837,10.12017],[106.07782,10.12148],[106.07767,10.12243],[106.0776,10.12399],[106.07788,10.12534],[106.0784,10.1265],[106.07965,10.1277],[106.08035,10.12807],[106.08187,10.12842],[106.08385,10.1286],[106.08745,10.12802],[106.08973,10.12749],[106.09144,10.1269],[106.09211,10.12651],[106.09441,10.12473],[106.09517,10.12399],[106.0968,10.1229],[106.09777,10.12264],[106.0988,10.12277],[106.09922,10.123],[106.10033,10.12399],[106.10191,10.1267],[106.10264,10.12867],[106.10342,10.13111],[106.10395,10.13307],[106.10424,10.1345],[106.10434,10.13638],[106.10398,10.13777],[106.10348,10.13882],[106.10279,10.13947]]]},"properties":{"a01_tinh":"diaphanhanhchinhcaptinh_sn.42","a02_xa":"diaphanhanhchinhcapxa_2025.2536","a03_ten":"Xã Tân Long Hội","a04_tentinh":"Tỉnh Vĩnh Long","a05_truocsn":"Xã Tân An Hội, Xã Tân Long, Xã Tân Long Hội","a06_trungtamhc":"UBND xã Tân Long","a07_dt":"36.27","a08_ds":"26358","a09_dthoai":null,"a10_web":null,"ten":"Xã Tân Long Hội","ma":"29653","tentinh":"Tỉnh Vĩnh Long","truocsapnhap":"Xã Tân An Hội, Xã Tân Long, Xã Tân Long Hội","dientichkm2":null,"dansonguoi":null},"id":"diaphanhanhchinhcapxa_2025.2536"},
{"type":"Feature","geometry":{"type":"Polygon","coordinates":[[[105.75695,10.13107],[105.75808,10.13262],[105.75936,10.13333],[105.76011,10.13324],[105.76064,10.13354],[105.76088,10.13443],[105.76185,10.13538],[105.76247,10.13687],[105.76353,10.13655],[105.76399,10.13776],[105.76487,10.13943],[105.76594,10.139],[105.7661,10.13974],[105.76696,10.14243],[105.76727,10.14298],[105.76728,10.14401],[105.76772,10.14691],[105.76886,10.15094],[105.76909,10.15302],[105.76949,10.15508],[105.77107,10.1549],[105.77118,10.15678],[105.7738,10.15634],[105.77444,10.15656],[105.77446,10.15788],[105.77464,10.16824],[105.7746,10.17034],[105.7764,10.17044],[105.77692,10.17078],[105.77973,10.16726],[105.78347,10.17019],[105.78727,10.17321],[105.78587,10.17501],[105.78326,10.17823],[105.7825,10.17927],[105.77784,10.18513],[105.77492,10.18889],[105.77422,10.18824],[105.77342,10.18725],[105.77166,10.18527],[105.76904,10.18247],[105.76692,10.18032],[105.76563,10.17893],[105.76058,10.18209],[105.76039,10.1819],[105.75931,10.18276],[105.75917,10.18259],[105.75691,10.18533],[105.75543,10.1872],[105.75575,10.18738],[105.7547,10.18876],[105.75178,10.19239],[105.74785,10.19738],[105.74611,10.19811],[105.74193,10.19979],[105.73745,10.20143],[105.72916,10.20452],[105.72784,10.20507],[105.72668,10.20337],[105.71856,10.19158],[105.71586,10.18772],[105.71168,10.1816],[105.70759,10.17569],[105.70477,10.17151],[105.70086,10.16586],[105.69912,10.16317],[105.69676,10.15976],[105.69494,10.15708],[105.69457,10.15645],[105.69222,10.15318],[105.69141,10.15196],[105.68738,10.14637],[105.68558,10.14398],[105.68527,10.14342],[105.68496,10.1413],[105.68657,10.1395],[105.68655,10.13891],[105.68554,10.13797],[105.68424,10.13696],[105.68164,10.13482],[105.6827,10.13415],[105.68744,10.13092],[105.69467,10.12656],[105.69583,10.12591],[105.69838,10.12473],[105.70034,10.12399],[105.708,10.11865],[105.71091,10.12328],[105.71133,10.12372],[105.71007,10.12492],[105.70731,10.1268],[105.70776,10.12736],[105.70821,10.12849],[105.70866,10.13156],[105.70959,10.13446],[105.71033,10.1347],[105.71133,10.13412],[105.71162,10.13375],[105.71249,10.13327],[105.71288,10.13331],[105.71343,10.13271],[105.71387,10.13255],[105.71529,10.13113],[105.71601,10.13081],[105.71781,10.13234],[105.71927,10.13288],[105.71923,10.13333],[105.72017,10.13316],[105.72133,10.13348],[105.72449,10.13164],[105.72483,10.13169],[105.72949,10.13405],[105.72982,10.134],[105.73118,10.13288],[105.73196,10.13301],[105.7333,10.13388],[105.73396,10.13456],[105.73424,10.13575],[105.7354,10.13661],[105.73649,10.13551],[105.73672,10.13483],[105.73772,10.13427],[105.73834,10.13327],[105.73891,10.13321],[105.73952,10.13264],[105.73985,10.13205],[105.74056,10.13142],[105.74039,10.13071],[105.74128,10.13021],[105.74274,10.12897],[105.74282,10.12856],[105.74329,10.12845],[105.74357,10.12802],[105.74426,10.12758],[105.74421,10.12707],[105.74467,10.12702],[105.74499,10.12605],[105.74545,10.12624],[105.74665,10.12471],[105.74707,10.12446],[105.74742,10.12379],[105.74803,10.12335],[105.74852,10.1234],[105.74901,10.12315],[105.74918,10.1236],[105.75078,10.12623],[105.75239,10.1291],[105.75396,10.12841],[105.75587,10.13013],[105.75695,10.13107]]]},"properties":{"a01_tinh":"diaphanhanhchinhcaptinh_sn.42","a02_xa":"diaphanhanhchinhcapxa_2025.2550","a03_ten":"Xã Tân Lược","a04_tentinh":"Tỉnh Vĩnh Long","a05_truocsn":"Xã Tân Thành, Xã Tân An Thạnh, Xã Tân Lược","a06_trungtamhc":"đang cập nhật","a07_dt":"56.39","a08_ds":"38844","a09_dthoai":null,"a10_web":null,"ten":"Xã Tân Lược","ma":"29785","tentinh":"Tỉnh Vĩnh Long","truocsapnhap":"Xã Tân Thành, Xã Tân An Thạnh, Xã Tân Lược","dientichkm2":null,"dansonguoi":null},"id":"diaphanhanhchinhcapxa_2025.2550"},
{"type":"Feature","geometry":{"type":"Polygon","coordinates":[[[106.22814,10.24247],[106.2268,10.24524],[106.22596,10.24568],[106.22555,10.24565],[106.22404,10.24607],[106.22246,10.24641],[106.2204,10.24724],[106.21955,10.24788],[106.21871,10.24829],[106.2197,10.25068],[106.21933,10.25074],[106.21935,10.25133],[106.21881,10.25145],[106.21896,10.25212],[106.21831,10.25253],[106.21847,10.25307],[106.21766,10.25329],[106.21764,10.25541],[106.2179,10.25615],[106.21757,10.25673],[106.21686,10.25684],[106.21665,10.25752],[106.21726,10.26013],[106.21817,10.25929],[106.21873,10.25906],[106.22068,10.26027],[106.22041,10.25964],[106.22059,10.25925],[106.22179,10.25912],[106.2221,10.25952],[106.22304,10.25962],[106.2234,10.25879],[106.22515,10.25964],[106.2265,10.26016],[106.22803,10.26091],[106.22936,10.26117],[106.23187,10.26219],[106.23403,10.26318],[106.2313,10.26498],[106.22992,10.26579],[106.22886,10.26621],[106.22787,10.26632],[106.22668,10.26633],[106.22435,10.26589],[106.22134,10.2651],[106.21993,10.26503],[106.21996,10.26623],[106.22019,10.26729],[106.22,10.27092],[106.22122,10.27161],[106.22105,10.27451],[106.22305,10.2744],[106.22302,10.27518],[106.22322,10.27834],[106.22038,10.27924],[106.21992,10.27955],[106.21985,10.28023],[106.21925,10.28071],[106.21894,10.28151],[106.21898,10.28345],[106.21969,10.28401],[106.22016,10.28462],[106.22059,10.28475],[106.22162,10.2843],[106.22221,10.28465],[106.22249,10.28536],[106.22234,10.28614],[106.22105,10.28667],[106.22053,10.287],[106.22045,10.28741],[106.22125,10.28954],[106.222,10.28955],[106.22328,10.2901],[106.22332,10.29272],[106.22324,10.2931],[106.22529,10.29368],[106.22898,10.29443],[106.23194,10.2948],[106.23225,10.29496],[106.23973,10.29649],[106.24334,10.297],[106.24324,10.29887],[106.24334,10.29917],[106.24326,10.30042],[106.24358,10.30052],[106.24389,10.30195],[106.24451,10.3026],[106.24434,10.30393],[106.24447,10.30505],[106.24394,10.30537],[106.24383,10.306],[106.24316,10.30598],[106.24323,10.30652],[106.2427,10.30812],[106.24282,10.30867],[106.24252,10.30942],[106.24421,10.30982],[106.24515,10.30981],[106.24616,10.31035],[106.24759,10.3113],[106.24841,10.31173],[106.24847,10.31337],[106.2496,10.31397],[106.25034,10.31477],[106.25002,10.31559],[106.25002,10.31634],[106.24868,10.32032],[106.24728,10.32021],[106.24519,10.31983],[106.24241,10.31948],[106.24048,10.31915],[106.23859,10.31949],[106.23652,10.31949],[106.22995,10.31885],[106.22325,10.31814],[106.2216,10.31791],[106.21609,10.31696],[106.21361,10.31658],[106.21185,10.31581],[106.21025,10.31525],[106.20776,10.31468],[106.20521,10.31402],[106.20388,10.31352],[106.20219,10.31274],[106.20184,10.31248],[106.19574,10.30899],[106.19138,10.30652],[106.18766,10.30454],[106.1851,10.30326],[106.18285,10.30201],[106.18004,10.30031],[106.17621,10.29813],[106.17139,10.29556],[106.17003,10.29503],[106.16716,10.29382],[106.16062,10.29139],[106.15852,10.29051],[106.15462,10.28907],[106.15222,10.28809],[106.14976,10.28717],[106.14781,10.28654],[106.14576,10.28572],[106.14487,10.28508],[106.14373,10.2841],[106.14276,10.28386],[106.14132,10.28318],[106.14545,10.27852],[106.14887,10.27591],[106.15078,10.2745],[106.15268,10.27276],[106.15376,10.2717],[106.15582,10.26983],[106.15889,10.26718],[106.16099,10.2655],[106.16794,10.2604],[106.17092,10.25861],[106.17335,10.25731],[106.17535,10.25642],[106.17628,10.25589],[106.1816,10.25432],[106.18466,10.25352],[106.18715,10.25265],[106.19104,10.25065],[106.19307,10.24899],[106.19784,10.24593],[106.2011,10.24363],[106.2024,10.24286],[106.20527,10.24174],[106.21088,10.24013],[106.21144,10.23997],[106.21451,10.23935],[106.21657,10.23904],[106.21841,10.23884],[106.2207,10.23887],[106.22262,10.23941],[106.22424,10.24019],[106.22646,10.24159],[106.22814,10.24247]]]},"properties":{"a01_tinh":"diaphanhanhchinhcaptinh_sn.42","a02_xa":"diaphanhanhchinhcapxa_2025.2442","a03_ten":"Xã Tân Phú","a04_tentinh":"Tỉnh Vĩnh Long","a05_truocsn":"Xã Tân Phú (huyện Châu Thành), Xã Tiên Long, Xã Phú Đức","a06_trungtamhc":"UBND xã Tân Phú","a07_dt":"51.93","a08_ds":"35355","a09_dthoai":null,"a10_web":null,"ten":"Xã Tân Phú","ma":"28840","tentinh":"Tỉnh Vĩnh Long","truocsapnhap":"Xã Tân Phú (huyện Châu Thành), Xã Tiên Long, Xã Phú Đức","dientichkm2":null,"dansonguoi":null},"id":"diaphanhanhchinhcapxa_2025.2442"},
{"type":"Feature","geometry":{"type":"Polygon","coordinates":[[[105.77357,10.1222],[105.77359,10.12466],[105.77371,10.12772],[105.77385,10.13412],[105.77402,10.14029],[105.77417,10.14653],[105.7744,10.15407],[105.77444,10.15656],[105.7738,10.15634],[105.77118,10.15678],[105.77107,10.1549],[105.76949,10.15508],[105.76909,10.15302],[105.76886,10.15094],[105.76772,10.14691],[105.76728,10.14401],[105.76727,10.14298],[105.76696,10.14243],[105.7661,10.13974],[105.76594,10.139],[105.76487,10.13943],[105.76399,10.13776],[105.76353,10.13655],[105.76247,10.13687],[105.76185,10.13538],[105.76088,10.13443],[105.76064,10.13354],[105.76011,10.13324],[105.75936,10.13333],[105.75808,10.13262],[105.75695,10.13107],[105.75587,10.13013],[105.75396,10.12841],[105.75239,10.1291],[105.75078,10.12623],[105.74918,10.1236],[105.74901,10.12315],[105.74852,10.1234],[105.74803,10.12335],[105.74742,10.12379],[105.74707,10.12446],[105.74665,10.12471],[105.74545,10.12624],[105.74499,10.12605],[105.74467,10.12702],[105.74421,10.12707],[105.74426,10.12758],[105.74357,10.12802],[105.74329,10.12845],[105.74282,10.12856],[105.74274,10.12897],[105.74128,10.13021],[105.74039,10.13071],[105.74056,10.13142],[105.73985,10.13205],[105.73952,10.13264],[105.73891,10.13321],[105.73834,10.13327],[105.73772,10.13427],[105.73672,10.13483],[105.73649,10.13551],[105.7354,10.13661],[105.73424,10.13575],[105.73396,10.13456],[105.7333,10.13388],[105.73196,10.13301],[105.73118,10.13288],[105.72982,10.134],[105.72949,10.13405],[105.72483,10.13169],[105.72449,10.13164],[105.72133,10.13348],[105.72017,10.13316],[105.71923,10.13333],[105.71927,10.13288],[105.71781,10.13234],[105.71601,10.13081],[105.71529,10.13113],[105.71387,10.13255],[105.71343,10.13271],[105.71288,10.13331],[105.71249,10.13327],[105.71162,10.13375],[105.71133,10.13412],[105.71033,10.1347],[105.70959,10.13446],[105.70866,10.13156],[105.70821,10.12849],[105.70776,10.12736],[105.70731,10.1268],[105.71007,10.12492],[105.71133,10.12372],[105.71091,10.12328],[105.708,10.11865],[105.70968,10.11747],[105.71311,10.11487],[105.7165,10.11222],[105.72406,10.10548],[105.73361,10.09874],[105.73751,10.09689],[105.74024,10.09598],[105.74644,10.09341],[105.74904,10.09203],[105.75178,10.09014],[105.75723,10.08576],[105.76069,10.08302],[105.76165,10.08201],[105.76403,10.07931],[105.7651,10.07835],[105.76675,10.07732],[105.77352,10.07408],[105.77936,10.0709],[105.78231,10.06916],[105.78435,10.06746],[105.78776,10.06366],[105.79096,10.05985],[105.79375,10.05566],[105.79607,10.05246],[105.79568,10.05636],[105.79562,10.06188],[105.79566,10.06432],[105.79593,10.07312],[105.79602,10.07442],[105.79611,10.07857],[105.79622,10.08637],[105.79638,10.08978],[105.79651,10.09372],[105.79661,10.09775],[105.7965,10.09868],[105.79672,10.09983],[105.79685,10.10599],[105.79707,10.11228],[105.79647,10.1124],[105.78955,10.11425],[105.78815,10.11466],[105.77986,10.11687],[105.77463,10.11829],[105.77382,10.11808],[105.77346,10.11824],[105.77356,10.11903],[105.77357,10.12103],[105.77357,10.1222]]]},"properties":{"a01_tinh":"diaphanhanhchinhcaptinh_sn.42","a02_xa":"diaphanhanhchinhcapxa_2025.2552","a03_ten":"Xã Tân Quới","a04_tentinh":"Tỉnh Vĩnh Long","a05_truocsn":"Xã Tân Bình (huyện Bình Tân), Xã Thành Lợi, Thị trấn Tân Quới","a06_trungtamhc":"Trụ sở Trung tâm hành chính huyện Bình Tân","a07_dt":"45.66","a08_ds":"50858","a09_dthoai":null,"a10_web":null,"ten":"Xã Tân Quới","ma":"29800","tentinh":"Tỉnh Vĩnh Long","truocsapnhap":"Xã Tân Bình (huyện Bình Tân), Xã Thành Lợi, Thị trấn Tân Quới","dientichkm2":null,"dansonguoi":null},"id":"diaphanhanhchinhcapxa_2025.2552"},
{"type":"Feature","geometry":{"type":"Polygon","coordinates":[[[106.2822,10.17758],[106.28287,10.17709],[106.28383,10.17663],[106.28434,10.17568],[106.28447,10.17422],[106.28469,10.17356],[106.2852,10.17294],[106.28569,10.17264],[106.28743,10.17199],[106.28806,10.17114],[106.28794,10.17017],[106.28708,10.16994],[106.28665,10.1701],[106.28595,10.17089],[106.28491,10.1712],[106.2845,10.1706],[106.28478,10.16991],[106.2858,10.16886],[106.28675,10.16823],[106.287,10.16758],[106.28675,10.16702],[106.28682,10.16655],[106.28722,10.16615],[106.28706,10.16548],[106.28609,10.16552],[106.28519,10.16529],[106.28484,10.16474],[106.28529,10.16372],[106.28534,10.16368],[106.28662,10.16276],[106.28696,10.16235],[106.28732,10.16138],[106.28826,10.1607],[106.28711,10.15997],[106.28777,10.15818],[106.28805,10.15636],[106.28798,10.15337],[106.28953,10.15298],[106.2903,10.15218],[106.29095,10.1522],[106.29127,10.15153],[106.29167,10.15121],[106.29211,10.15049],[106.292,10.14808],[106.29127,10.14538],[106.29106,10.14441],[106.29301,10.1446],[106.2929,10.14393],[106.29293,10.14244],[106.29226,10.14123],[106.29202,10.14047],[106.29202,10.13896],[106.29126,10.1376],[106.2903,10.13699],[106.28972,10.13605],[106.28981,10.135],[106.28936,10.13444],[106.28845,10.13384],[106.28847,10.13352],[106.28943,10.13261],[106.28945,10.13029],[106.28856,10.1288],[106.28841,10.12781],[106.28681,10.1277],[106.28634,10.12779],[106.28618,10.12837],[106.28668,10.1289],[106.28681,10.13024],[106.28643,10.13101],[106.28594,10.13162],[106.28525,10.13104],[106.28483,10.13162],[106.28479,10.1324],[106.28453,10.13257],[106.28413,10.13182],[106.28357,10.13181],[106.28335,10.13297],[106.28308,10.13331],[106.28259,10.13316],[106.28221,10.1316],[106.28169,10.13152],[106.28144,10.13211],[106.28178,10.13318],[106.28154,10.13365],[106.28116,10.13366],[106.27991,10.13292],[106.27934,10.1327],[106.27917,10.13307],[106.27984,10.13367],[106.27945,10.13403],[106.27906,10.13366],[106.27865,10.13416],[106.27794,10.1344],[106.27728,10.13436],[106.27321,10.13345],[106.27015,10.13264],[106.27144,10.12891],[106.27181,10.12802],[106.27265,10.12647],[106.27391,10.12337],[106.27364,10.1232],[106.27422,10.12189],[106.27988,10.12289],[106.27996,10.12245],[106.28053,10.12252],[106.28099,10.12208],[106.2818,10.12225],[106.28224,10.12322],[106.28348,10.12315],[106.28398,10.12384],[106.28452,10.12412],[106.28521,10.1249],[106.28581,10.12483],[106.28659,10.12424],[106.28762,10.12424],[106.28778,10.12349],[106.28928,10.12412],[106.28951,10.12337],[106.29001,10.12308],[106.29046,10.12333],[106.29111,10.12486],[106.29168,10.12545],[106.29222,10.12542],[106.29252,10.1243],[106.2932,10.12319],[106.29354,10.12317],[106.29409,10.1237],[106.2943,10.12461],[106.29507,10.12491],[106.29588,10.12439],[106.29642,10.12331],[106.29655,10.12342],[106.29762,10.12598],[106.29932,10.1296],[106.29984,10.1311],[106.30114,10.1313],[106.30167,10.13194],[106.30235,10.13175],[106.30305,10.13202],[106.30315,10.13285],[106.30255,10.13339],[106.30247,10.13422],[106.30332,10.13427],[106.30357,10.13383],[106.30463,10.13377],[106.30497,10.13402],[106.30462,10.13459],[106.30416,10.13472],[106.30411,10.13545],[106.30445,10.13565],[106.30503,10.13528],[106.30597,10.13632],[106.30676,10.13623],[106.30721,10.1367],[106.30778,10.13656],[106.30801,10.13581],[106.30837,10.13555],[106.30877,10.13603],[106.30832,10.13662],[106.30843,10.13694],[106.30938,10.13663],[106.3095,10.13719],[106.30872,10.13789],[106.3089,10.13834],[106.30969,10.1388],[106.30997,10.14025],[106.30964,10.14128],[106.30995,10.1415],[106.31066,10.14147],[106.31185,10.14077],[106.31255,10.1411],[106.31249,10.142],[106.31267,10.14255],[106.3137,10.14345],[106.31429,10.14355],[106.3148,10.14391],[106.31491,10.14504],[106.31481,10.14593],[106.31802,10.14465],[106.31844,10.14494],[106.31886,10.14573],[106.3207,10.14487],[106.3223,10.14741],[106.32377,10.15047],[106.32548,10.15037],[106.32561,10.15045],[106.32795,10.15011],[106.32934,10.15259],[106.3299,10.15185],[106.33159,10.15208],[106.33287,10.15082],[106.33317,10.15004],[106.33358,10.15002],[106.33438,10.15037],[106.33556,10.15006],[106.33614,10.15057],[106.33656,10.15006],[106.33707,10.14995],[106.3369,10.1519],[106.33662,10.15345],[106.33509,10.15748],[106.33469,10.15901],[106.33404,10.16217],[106.33369,10.16315],[106.33378,10.16495],[106.337,10.16565],[106.33849,10.16587],[106.34036,10.16592],[106.34121,10.16606],[106.3433,10.16683],[106.34439,10.16704],[106.34588,10.1671],[106.34803,10.16706],[106.34894,10.16695],[106.35164,10.16646],[106.35288,10.16652],[106.3536,10.16696],[106.35437,10.1678],[106.35559,10.1693],[106.35648,10.17055],[106.35694,10.17171],[106.35738,10.17389],[106.35839,10.17484],[106.35927,10.1752],[106.36168,10.17593],[106.36093,10.17796],[106.36044,10.17926],[106.35881,10.18461],[106.35831,10.18728],[106.3574,10.19423],[106.35694,10.19732],[106.35487,10.19625],[106.35377,10.19621],[106.35188,10.19662],[106.35006,10.19728],[106.34872,10.19768],[106.34647,10.19854],[106.34422,10.19971],[106.34216,10.20188],[106.34115,10.20309],[106.33984,10.20495],[106.33729,10.2088],[106.33579,10.21076],[106.33302,10.21366],[106.33107,10.21562],[106.32754,10.21884],[106.32222,10.22349],[106.32174,10.2231],[106.321,10.22303],[106.32087,10.22262],[106.32128,10.22182],[106.32083,10.22114],[106.32068,10.21958],[106.32018,10.21885],[106.3195,10.21839],[106.3191,10.21858],[106.31858,10.21971],[106.31792,10.21977],[106.31808,10.2189],[106.31772,10.21825],[106.31731,10.2183],[106.31741,10.21913],[106.31686,10.21922],[106.31607,10.21872],[106.31546,10.21914],[106.31478,10.21859],[106.31446,10.21877],[106.31412,10.21947],[106.31353,10.21842],[106.31246,10.21821],[106.31241,10.21705],[106.31264,10.21681],[106.31188,10.2162],[106.31184,10.21553],[106.31062,10.21612],[106.31017,10.21545],[106.30703,10.21752],[106.30567,10.21591],[106.30469,10.21487],[106.30552,10.21387],[106.30627,10.21236],[106.30726,10.20972],[106.3082,10.20898],[106.30974,10.20699],[106.31022,10.20749],[106.31134,10.20641],[106.31195,10.20515],[106.31209,10.2046],[106.31311,10.20283],[106.31205,10.20295],[106.31084,10.20387],[106.31039,10.20386],[106.30983,10.2031],[106.309,10.20262],[106.30908,10.20193],[106.3076,10.20158],[106.30746,10.20125],[106.30667,10.20129],[106.3061,10.20111],[106.30578,10.20139],[106.30529,10.20112],[106.30589,10.20064],[106.30547,10.2],[106.30495,10.19993],[106.30445,10.19958],[106.30348,10.20088],[106.30242,10.20213],[106.3008,10.20154],[106.30078,10.20045],[106.30107,10.20011],[106.30061,10.19977],[106.3005,10.19864],[106.30022,10.1978],[106.29817,10.19844],[106.29776,10.19794],[106.29827,10.197],[106.29917,10.19666],[106.29972,10.19627],[106.29996,10.1953],[106.30051,10.19425],[106.3001,10.19324],[106.29921,10.19295],[106.29808,10.1932],[106.29731,10.19319],[106.29703,10.19281],[106.29671,10.1913],[106.2961,10.18959],[106.29524,10.18878],[106.29481,10.18856],[106.29163,10.18737],[106.29094,10.187],[106.28962,10.186],[106.28777,10.18396],[106.28577,10.18231],[106.28324,10.17916],[106.28222,10.17759],[106.2822,10.17758]]]},"properties":{"a01_tinh":"diaphanhanhchinhcaptinh_sn.42","a02_xa":"diaphanhanhchinhcapxa_2025.2451","a03_ten":"Xã Tân Thành Bình","a04_tentinh":"Tỉnh Vĩnh Long","a05_truocsn":"Xã Tân Bình (huyện Mỏ Cày Bắc), Xã Thành An, Xã Hòa Lộc, Xã Tân Thành Bình","a06_trungtamhc":"UBND xã Thành An","a07_dt":"52.65","a08_ds":"46858","a09_dthoai":null,"a10_web":null,"ten":"Xã Tân Thành Bình","ma":"28921","tentinh":"Tỉnh Vĩnh Long","truocsapnhap":"Xã Tân Bình (huyện Mỏ Cày Bắc), Xã Thành An, Xã Hòa Lộc, Xã Tân Thành Bình","dientichkm2":null,"dansonguoi":null},"id":"diaphanhanhchinhcapxa_2025.2451"},
{"type":"Feature","geometry":{"type":"Polygon","coordinates":[[[106.64575,10.04763],[106.64551,10.04708],[106.64424,10.04491],[106.64372,10.04376],[106.64213,10.044],[106.64174,10.04381],[106.64106,10.0421],[106.64046,10.04186],[106.63965,10.04199],[106.63886,10.04257],[106.63806,10.04294],[106.63653,10.04281],[106.63564,10.04293],[106.63447,10.04275],[106.63396,10.04252],[106.63355,10.04202],[106.63322,10.04118],[106.63241,10.04031],[106.63103,10.03937],[106.6306,10.03858],[106.63006,10.03825],[106.62926,10.03738],[106.62891,10.03682],[106.62837,10.03639],[106.62829,10.03598],[106.63034,10.0354],[106.63021,10.03461],[106.62976,10.03427],[106.63195,10.03352],[106.63207,10.03361],[106.63531,10.0326],[106.63332,10.03047],[106.62936,10.0263],[106.62739,10.02746],[106.62475,10.02945],[106.62332,10.03015],[106.62299,10.02929],[106.62227,10.02791],[106.62017,10.02602],[106.62057,10.02436],[106.62053,10.02356],[106.6203,10.02251],[106.61941,10.02238],[106.61888,10.02184],[106.61856,10.02117],[106.61862,10.01967],[106.61808,10.0182],[106.61693,10.01738],[106.61525,10.0176],[106.61397,10.01711],[106.61233,10.01705],[106.6094,10.01754],[106.60775,10.01752],[106.6057,10.01705],[106.60463,10.01663],[106.60346,10.01531],[106.60297,10.01491],[106.60067,10.01167],[106.60019,10.01111],[106.59885,10.01048],[106.59812,10.01102],[106.59689,10.01156],[106.59581,10.01153],[106.59487,10.0112],[106.59468,10.01057],[106.59423,10.01052],[106.59339,10.01107],[106.59122,10.01135],[106.59068,10.01132],[106.58996,10.01102],[106.5895,10.01054],[106.58807,10.01066],[106.58728,10.01042],[106.5866,10.01003],[106.58569,10.00899],[106.58453,10.00904],[106.58335,10.00822],[106.58308,10.00772],[106.58326,10.00711],[106.58303,10.00653],[106.58264,10.00665],[106.5823,10.00715],[106.58197,10.00847],[106.58191,10.00982],[106.5816,10.01018],[106.57938,10.00823],[106.57781,10.00677],[106.57671,10.00664],[106.57577,10.00697],[106.57484,10.00702],[106.5743,10.0068],[106.57092,10.00414],[106.5684,10.00207],[106.56744,10.00136],[106.56496,9.99891],[106.56142,9.99494],[106.56514,9.99298],[106.5708,9.98931],[106.57134,9.98901],[106.57293,9.98786],[106.57562,9.9861],[106.57763,9.98472],[106.58055,9.98295],[106.58285,9.98179],[106.5838,9.98131],[106.58529,9.98041],[106.5882,9.97841],[106.59066,9.97655],[106.59204,9.97561],[106.59517,9.97375],[106.60023,9.97131],[106.60795,9.96773],[106.62678,9.96225],[106.62678,9.97432],[106.62751,9.9737],[106.62853,9.97329],[106.62935,9.97338],[106.63093,9.97252],[106.6315,9.97245],[106.63243,9.97267],[106.63309,9.97265],[106.63599,9.97192],[106.63761,9.97201],[106.6404,9.97298],[106.64213,9.97366],[106.64356,9.97446],[106.64485,9.97552],[106.64579,9.97569],[106.64788,9.97698],[106.64829,9.97734],[106.64952,9.97795],[106.65062,9.97906],[106.65135,9.97991],[106.6537,9.98148],[106.65643,9.9839],[106.65742,9.9849],[106.65905,9.98703],[106.66013,9.9891],[106.6603,9.99027],[106.66134,9.99094],[106.66164,9.99143],[106.66584,9.99429],[106.66641,9.99404],[106.66769,9.99403],[106.66895,9.99431],[106.6711,9.9955],[106.67309,9.99702],[106.67432,9.9983],[106.67656,10.00097],[106.67686,10.00141],[106.67351,10.00179],[106.67114,10.00212],[106.66756,10.00304],[106.66648,10.00389],[106.66541,10.00436],[106.66386,10.00473],[106.66261,10.00518],[106.66153,10.00596],[106.66059,10.00703],[106.65991,10.00752],[106.65877,10.00746],[106.65801,10.00788],[106.65696,10.0096],[106.65591,10.01059],[106.65355,10.0122],[106.65246,10.01279],[106.6512,10.01324],[106.64965,10.01443],[106.64788,10.01562],[106.64541,10.01758],[106.64415,10.01817],[106.64334,10.01865],[106.64237,10.01967],[106.64131,10.02045],[106.64115,10.02107],[106.64052,10.02172],[106.63957,10.02239],[106.64331,10.02833],[106.64363,10.02839],[106.64408,10.02919],[106.64461,10.0308],[106.64588,10.03042],[106.6462,10.03103],[106.64465,10.03152],[106.64509,10.03248],[106.6458,10.03291],[106.64676,10.03382],[106.64706,10.03425],[106.64661,10.03512],[106.64811,10.03599],[106.6489,10.03675],[106.64968,10.0377],[106.64991,10.0385],[106.64984,10.03925],[106.64999,10.03989],[106.65051,10.04084],[106.65066,10.04219],[106.65037,10.04281],[106.65057,10.04372],[106.64994,10.04389],[106.64944,10.04343],[106.64845,10.04438],[106.64855,10.04485],[106.64736,10.04533],[106.64768,10.04622],[106.64716,10.04648],[106.64658,10.04619],[106.64717,10.04752],[106.64575,10.04763]]]},"properties":{"a01_tinh":"diaphanhanhchinhcaptinh_sn.42","a02_xa":"diaphanhanhchinhcapxa_2025.2477","a03_ten":"Xã Tân Thủy","a04_tentinh":"Tỉnh Vĩnh Long","a05_truocsn":"Thị trấn Tiệm Tôm, Xã An Hòa Tây, Xã Tân Thủy","a06_trungtamhc":"UBND xã Tân Thủy","a07_dt":"52.55","a08_ds":"45743","a09_dthoai":null,"a10_web":null,"ten":"Xã Tân Thủy","ma":"29167","tentinh":"Tỉnh Vĩnh Long","truocsapnhap":"Thị trấn Tiệm Tôm, Xã An Hòa Tây, Xã Tân Thủy","dientichkm2":null,"dansonguoi":null},"id":"diaphanhanhchinhcapxa_2025.2477"},
{"type":"Feature","geometry":{"type":"Polygon","coordinates":[[[106.5879,10.07859],[106.58784,10.07546],[106.58773,10.07306],[106.58782,10.07203],[106.58779,10.07034],[106.58845,10.07029],[106.58855,10.06976],[106.58984,10.06967],[106.59082,10.06996],[106.5921,10.07003],[106.59677,10.06293],[106.59826,10.06073],[106.59856,10.06084],[106.59987,10.05907],[106.60062,10.05887],[106.60129,10.05766],[106.60345,10.05905],[106.60376,10.05905],[106.60574,10.05811],[106.60729,10.05692],[106.60805,10.05619],[106.60866,10.05529],[106.61,10.05646],[106.61111,10.05706],[106.61182,10.05779],[106.6191,10.04985],[106.61966,10.05069],[106.62045,10.0524],[106.62169,10.0557],[106.62278,10.05834],[106.6259,10.05736],[106.62678,10.05761],[106.62889,10.05765],[106.62913,10.05779],[106.63038,10.05748],[106.63422,10.05689],[106.64254,10.05569],[106.64303,10.05903],[106.64329,10.06014],[106.64373,10.0634],[106.64417,10.06354],[106.64508,10.06338],[106.64524,10.06416],[106.64406,10.06444],[106.64391,10.06493],[106.64417,10.06548],[106.64428,10.06674],[106.64476,10.06982],[106.64569,10.07494],[106.64594,10.07671],[106.64622,10.07819],[106.64718,10.0846],[106.64666,10.08616],[106.64654,10.08722],[106.64633,10.08742],[106.64533,10.0912],[106.64492,10.09255],[106.64388,10.09445],[106.64753,10.09455],[106.64873,10.09468],[106.6487,10.0965],[106.64887,10.09651],[106.64958,10.09937],[106.64705,10.09952],[106.64674,10.0996],[106.64262,10.0999],[106.6409,10.09987],[106.6387,10.10392],[106.64056,10.10776],[106.64262,10.11227],[106.64234,10.11243],[106.64412,10.11583],[106.64541,10.11863],[106.64585,10.11942],[106.64662,10.12006],[106.64764,10.1205],[106.64808,10.12155],[106.64786,10.12242],[106.64795,10.1229],[106.64856,10.12424],[106.64897,10.12459],[106.64932,10.12543],[106.64937,10.12597],[106.65048,10.12595],[106.6511,10.12628],[106.65167,10.12633],[106.65179,10.12686],[106.65266,10.12677],[106.65317,10.12727],[106.65338,10.12792],[106.65314,10.12939],[106.65452,10.13188],[106.65254,10.1336],[106.65074,10.13505],[106.64924,10.13598],[106.64712,10.13687],[106.64308,10.13811],[106.63894,10.13913],[106.63704,10.13988],[106.63479,10.13997],[106.63339,10.14053],[106.63231,10.14128],[106.62933,10.14355],[106.62822,10.14482],[106.62678,10.14683],[106.62492,10.15051],[106.62309,10.14938],[106.62238,10.14908],[106.62125,10.14909],[106.62083,10.14852],[106.62075,10.14771],[106.62045,10.14739],[106.62075,10.1469],[106.62008,10.14594],[106.6192,10.14584],[106.6187,10.1456],[106.61738,10.14452],[106.61573,10.14251],[106.61284,10.14654],[106.61156,10.14838],[106.61132,10.14852],[106.60932,10.14885],[106.60836,10.14512],[106.60747,10.14149],[106.60737,10.14017],[106.60666,10.13872],[106.60583,10.13772],[106.60472,10.1371],[106.6046,10.1368],[106.60315,10.13638],[106.60266,10.13639],[106.60039,10.136],[106.59948,10.13595],[106.59851,10.13607],[106.59824,10.13538],[106.5992,10.13313],[106.59963,10.13162],[106.59933,10.13115],[106.59907,10.13001],[106.59927,10.1296],[106.60016,10.12879],[106.60089,10.12731],[106.60076,10.12637],[106.60171,10.125],[106.60227,10.12455],[106.60163,10.12436],[106.59978,10.12463],[106.59836,10.12495],[106.59628,10.12555],[106.59572,10.12097],[106.59558,10.11845],[106.59523,10.11362],[106.59536,10.11271],[106.59566,10.11185],[106.59677,10.10828],[106.59338,10.10707],[106.59466,10.10393],[106.59658,10.099],[106.59761,10.09674],[106.60854,10.10147],[106.60953,10.09952],[106.61136,10.09672],[106.61151,10.09633],[106.60941,10.09543],[106.60921,10.09519],[106.60607,10.09375],[106.60526,10.09331],[106.59989,10.09088],[106.60019,10.08998],[106.60175,10.0897],[106.6013,10.08876],[106.60107,10.08773],[106.6012,10.08702],[106.60101,10.08552],[106.60072,10.08445],[106.60011,10.08442],[106.59964,10.08182],[106.59976,10.0814],[106.59612,10.07967],[106.59497,10.07929],[106.59268,10.07901],[106.5879,10.07859]]]},"properties":{"a01_tinh":"diaphanhanhchinhcaptinh_sn.42","a02_xa":"diaphanhanhchinhcapxa_2025.2472","a03_ten":"Xã Tân Xuân","a04_tentinh":"Tỉnh Vĩnh Long","a05_truocsn":"Xã Phú Lễ, Xã Phước Ngãi, Xã Tân Xuân","a06_trungtamhc":"UBND xã Phước Ngãi","a07_dt":"50.44","a08_ds":"36387","a09_dthoai":null,"a10_web":null,"ten":"Xã Tân Xuân","ma":"29137","tentinh":"Tỉnh Vĩnh Long","truocsapnhap":"Xã Phú Lễ, Xã Phước Ngãi, Xã Tân Xuân","dientichkm2":null,"dansonguoi":null},"id":"diaphanhanhchinhcapxa_2025.2472"},
{"type":"Feature","geometry":{"type":"Polygon","coordinates":[[[106.28001,9.83767],[106.27968,9.8388],[106.27866,9.84101],[106.27827,9.84132],[106.27775,9.84255],[106.27693,9.84176],[106.27606,9.8412],[106.27458,9.84393],[106.27399,9.84427],[106.27299,9.84671],[106.27234,9.84766],[106.27151,9.84957],[106.27017,9.84897],[106.2696,9.85006],[106.26794,9.84908],[106.26729,9.85106],[106.26534,9.85009],[106.26626,9.84808],[106.2655,9.84821],[106.26516,9.84903],[106.26473,9.84884],[106.26449,9.84948],[106.26017,9.84762],[106.2596,9.8473],[106.26047,9.84563],[106.25784,9.84461],[106.25803,9.84404],[106.25739,9.84377],[106.25759,9.84326],[106.25625,9.84305],[106.25583,9.84345],[106.25178,9.84154],[106.25013,9.84109],[106.24992,9.8406],[106.24677,9.84061],[106.2467,9.84069],[106.24693,9.84344],[106.24351,9.84353],[106.24348,9.84471],[106.24257,9.84456],[106.2418,9.84461],[106.24082,9.84598],[106.23971,9.84503],[106.23944,9.84427],[106.23859,9.84608],[106.23639,9.84525],[106.23609,9.84592],[106.23508,9.84866],[106.23418,9.85156],[106.2337,9.85468],[106.23366,9.85592],[106.23371,9.85753],[106.23227,9.86464],[106.23158,9.86503],[106.23074,9.86484],[106.23027,9.86585],[106.23458,9.86716],[106.23428,9.86875],[106.23457,9.86886],[106.23402,9.87067],[106.23257,9.87398],[106.23213,9.87471],[106.23106,9.87728],[106.23013,9.87918],[106.22638,9.87573],[106.22558,9.87489],[106.225,9.87579],[106.22442,9.87732],[106.22388,9.87903],[106.22297,9.8812],[106.22109,9.88621],[106.21979,9.88977],[106.21939,9.89049],[106.21836,9.8899],[106.21772,9.88937],[106.21779,9.88911],[106.21557,9.88804],[106.21526,9.88741],[106.21548,9.88682],[106.21433,9.8865],[106.21347,9.8865],[106.21268,9.88618],[106.21273,9.88579],[106.2119,9.886],[106.21105,9.88582],[106.21096,9.88626],[106.20843,9.88613],[106.20684,9.88598],[106.20687,9.8855],[106.20516,9.88476],[106.20487,9.88447],[106.20402,9.88429],[106.20233,9.88437],[106.20225,9.8848],[106.20031,9.88598],[106.19952,9.8859],[106.19743,9.88589],[106.1968,9.88576],[106.1965,9.88707],[106.19533,9.8863],[106.19002,9.88305],[106.18829,9.88192],[106.1883,9.87976],[106.18806,9.87977],[106.18794,9.87846],[106.19043,9.8784],[106.1902,9.87643],[106.18885,9.87655],[106.1884,9.87434],[106.18791,9.87464],[106.1887,9.87247],[106.1912,9.87249],[106.19213,9.87126],[106.19265,9.86979],[106.19465,9.86966],[106.19531,9.86797],[106.196,9.86445],[106.19593,9.86274],[106.19145,9.85887],[106.19075,9.85785],[106.19078,9.85736],[106.19123,9.85656],[106.19127,9.85578],[106.19162,9.85371],[106.18978,9.85111],[106.1894,9.85023],[106.18916,9.84829],[106.18904,9.84616],[106.18923,9.84412],[106.18996,9.84143],[106.19137,9.83746],[106.19164,9.83601],[106.19242,9.83337],[106.19527,9.83443],[106.20106,9.83662],[106.20163,9.83531],[106.20483,9.83728],[106.20636,9.83398],[106.20879,9.82922],[106.20938,9.82944],[106.21076,9.83027],[106.21167,9.82993],[106.21216,9.82939],[106.21253,9.82936],[106.2134,9.82975],[106.21346,9.82904],[106.21402,9.82783],[106.21418,9.82708],[106.21471,9.82634],[106.2143,9.82582],[106.21414,9.82527],[106.21264,9.82437],[106.21333,9.82292],[106.21136,9.82223],[106.21232,9.82076],[106.20959,9.82017],[106.20897,9.81994],[106.20873,9.81938],[106.20953,9.81823],[106.20811,9.81757],[106.20969,9.81537],[106.20826,9.81368],[106.2078,9.81282],[106.20658,9.81209],[106.20632,9.81181],[106.20635,9.8112],[106.20748,9.81075],[106.20768,9.81018],[106.20784,9.80873],[106.20811,9.80814],[106.21001,9.80619],[106.21018,9.80579],[106.2097,9.80412],[106.20964,9.80348],[106.20919,9.80255],[106.20974,9.80125],[106.20994,9.80033],[106.21037,9.80004],[106.21168,9.79822],[106.21333,9.79762],[106.21462,9.7977],[106.21608,9.79768],[106.21653,9.79789],[106.21689,9.79838],[106.21734,9.79952],[106.21799,9.80259],[106.21826,9.80301],[106.21882,9.80317],[106.22043,9.80275],[106.22238,9.80245],[106.22312,9.80218],[106.22521,9.80119],[106.22589,9.80079],[106.22838,9.79897],[106.22964,9.79846],[106.23065,9.7984],[106.23193,9.79878],[106.23388,9.79971],[106.23575,9.80069],[106.23637,9.80089],[106.23741,9.8009],[106.2389,9.8013],[106.23958,9.8024],[106.24071,9.80359],[106.24327,9.80591],[106.24423,9.80702],[106.24464,9.80787],[106.24516,9.80948],[106.24556,9.81028],[106.24619,9.81109],[106.24759,9.81131],[106.25178,9.811],[106.25281,9.811],[106.25545,9.81072],[106.25977,9.81083],[106.26061,9.81078],[106.26054,9.80972],[106.26061,9.80838],[106.2609,9.80829],[106.26096,9.8068],[106.26277,9.80688],[106.26409,9.80671],[106.2665,9.80605],[106.26719,9.80574],[106.27037,9.80477],[106.27281,9.8036],[106.27317,9.80318],[106.27322,9.80162],[106.2734,9.80025],[106.27358,9.79777],[106.27404,9.79417],[106.27419,9.79263],[106.27996,9.79299],[106.27986,9.7939],[106.28175,9.79404],[106.28194,9.79286],[106.28261,9.79298],[106.28127,9.80155],[106.28154,9.80186],[106.28121,9.80395],[106.28206,9.80436],[106.28285,9.80568],[106.28243,9.80694],[106.2815,9.80677],[106.28132,9.80748],[106.28218,9.8077],[106.28119,9.80948],[106.28065,9.81106],[106.28039,9.81207],[106.27992,9.81603],[106.2828,9.81509],[106.28289,9.81532],[106.28538,9.82],[106.28065,9.83099],[106.27892,9.83706],[106.28001,9.83767]]]},"properties":{"a01_tinh":"diaphanhanhchinhcaptinh_sn.42","a02_xa":"diaphanhanhchinhcapxa_2025.2496","a03_ten":"Xã Tập Ngãi","a04_tentinh":"Tỉnh Vĩnh Long","a05_truocsn":"Xã Hiếu Tử, Xã Tập Ngãi","a06_trungtamhc":"đang cập nhật","a07_dt":"58.77","a08_ds":"31825","a09_dthoai":null,"a10_web":null,"ten":"Xã Tập Ngãi","ma":"29365","tentinh":"Tỉnh Vĩnh Long","truocsapnhap":"Xã Hiếu Tử, Xã Tập Ngãi","dientichkm2":null,"dansonguoi":null},"id":"diaphanhanhchinhcapxa_2025.2496"},
{"type":"Feature","geometry":{"type":"Polygon","coordinates":[[[106.32953,9.75645],[106.3276,9.76283],[106.32647,9.76572],[106.32761,9.7667],[106.33047,9.76961],[106.3339,9.7733],[106.33532,9.77474],[106.33623,9.77503],[106.33719,9.77491],[106.33936,9.77423],[106.33981,9.77422],[106.34057,9.77455],[106.34249,9.77707],[106.34401,9.77926],[106.34348,9.78236],[106.34412,9.78254],[106.34332,9.78808],[106.34391,9.78819],[106.34307,9.79419],[106.34287,9.79467],[106.34173,9.79478],[106.34087,9.79523],[106.34046,9.79573],[106.34008,9.79582],[106.33888,9.79543],[106.33739,9.79457],[106.33617,9.79362],[106.32913,9.79353],[106.32608,9.79345],[106.3225,9.7936],[106.32228,9.79292],[106.32178,9.79289],[106.32027,9.79335],[106.31786,9.79522],[106.31651,9.79602],[106.31523,9.79631],[106.31516,9.79733],[106.3097,9.79873],[106.31049,9.79495],[106.30711,9.79519],[106.30774,9.7928],[106.30223,9.79125],[106.30375,9.78608],[106.30138,9.78454],[106.29646,9.78232],[106.29427,9.78129],[106.29389,9.78162],[106.29215,9.7815],[106.29058,9.78127],[106.28918,9.78081],[106.2865,9.78013],[106.28594,9.7799],[106.27701,9.77712],[106.27587,9.77728],[106.2736,9.77654],[106.27061,9.7754],[106.26821,9.77461],[106.2673,9.77393],[106.26079,9.77189],[106.26141,9.77105],[106.26144,9.77052],[106.26074,9.76756],[106.2585,9.76754],[106.25727,9.76733],[106.25453,9.76712],[106.25275,9.76708],[106.25178,9.76693],[106.25083,9.76695],[106.24721,9.76627],[106.24499,9.76603],[106.23775,9.76437],[106.23834,9.76193],[106.23906,9.75606],[106.23908,9.75496],[106.23894,9.7532],[106.23777,9.75305],[106.23649,9.75308],[106.23594,9.7529],[106.23523,9.75298],[106.23449,9.75338],[106.23436,9.75477],[106.2338,9.75518],[106.23271,9.75454],[106.23236,9.75457],[106.2317,9.75514],[106.23026,9.75592],[106.22969,9.75588],[106.22754,9.75505],[106.22676,9.75489],[106.2257,9.75496],[106.22506,9.75484],[106.22414,9.75406],[106.22327,9.75368],[106.22214,9.75412],[106.22048,9.75385],[106.21939,9.7541],[106.21836,9.75392],[106.21742,9.75341],[106.21625,9.75381],[106.21572,9.75374],[106.21529,9.75311],[106.21416,9.75267],[106.21356,9.75197],[106.21286,9.75239],[106.21208,9.75244],[106.21142,9.75291],[106.21032,9.75282],[106.20989,9.75261],[106.2097,9.75209],[106.2098,9.75173],[106.20975,9.75049],[106.21017,9.74945],[106.21013,9.74869],[106.20958,9.7479],[106.2096,9.74603],[106.21,9.7446],[106.21018,9.74308],[106.20986,9.74023],[106.21009,9.73917],[106.21086,9.73797],[106.2113,9.7376],[106.21205,9.7357],[106.21321,9.73525],[106.214,9.73276],[106.21408,9.73179],[106.21439,9.73089],[106.21523,9.72979],[106.21754,9.72645],[106.21828,9.7253],[106.22115,9.72109],[106.22544,9.71491],[106.22716,9.71529],[106.23566,9.71698],[106.23676,9.71716],[106.24441,9.71866],[106.25035,9.71978],[106.25178,9.72001],[106.25742,9.72119],[106.26557,9.72277],[106.2665,9.72292],[106.26715,9.72171],[106.26701,9.72038],[106.26711,9.71962],[106.26675,9.71827],[106.26727,9.71743],[106.26872,9.71837],[106.26953,9.71841],[106.2697,9.7178],[106.27258,9.71832],[106.2761,9.71902],[106.2768,9.71976],[106.27674,9.72036],[106.27695,9.72097],[106.27574,9.72285],[106.27563,9.72373],[106.27459,9.7258],[106.27419,9.72768],[106.27363,9.72862],[106.27418,9.729],[106.27527,9.72912],[106.27667,9.73017],[106.27802,9.73053],[106.27996,9.73125],[106.28126,9.73153],[106.28248,9.73165],[106.28286,9.73181],[106.28686,9.73545],[106.28756,9.73587],[106.29184,9.73725],[106.30409,9.74119],[106.31054,9.74325],[106.31801,9.74566],[106.3194,9.74602],[106.31877,9.74786],[106.31935,9.74812],[106.31925,9.74853],[106.32099,9.74895],[106.32096,9.74965],[106.32168,9.74973],[106.32178,9.75001],[106.32246,9.75015],[106.32263,9.7497],[106.32359,9.74986],[106.32326,9.75131],[106.32281,9.75175],[106.32394,9.75208],[106.3243,9.75068],[106.32582,9.75101],[106.32711,9.75114],[106.32879,9.75156],[106.3283,9.75324],[106.32978,9.75372],[106.32953,9.75645]]]},"properties":{"a01_tinh":"diaphanhanhchinhcaptinh_sn.42","a02_xa":"diaphanhanhchinhcapxa_2025.2511","a03_ten":"Xã Tập Sơn","a04_tentinh":"Tỉnh Vĩnh Long","a05_truocsn":"Xã Tân Sơn, Xã Phước Hưng, Xã Tập Sơn","a06_trungtamhc":"đang cập nhật","a07_dt":"67.44","a08_ds":"39985","a09_dthoai":null,"a10_web":null,"ten":"Xã Tập Sơn","ma":"29467","tentinh":"Tỉnh Vĩnh Long","truocsapnhap":"Xã Tân Sơn, Xã Phước Hưng, Xã Tập Sơn","dientichkm2":null,"dansonguoi":null},"id":"diaphanhanhchinhcapxa_2025.2511"},
{"type":"Feature","geometry":{"type":"Polygon","coordinates":[[[106.62678,9.96225],[106.60795,9.96773],[106.60023,9.97131],[106.59517,9.97375],[106.59204,9.97561],[106.59066,9.97655],[106.5882,9.97841],[106.58529,9.98041],[106.5838,9.98131],[106.58285,9.98179],[106.58113,9.97899],[106.5794,9.97631],[106.57784,9.9738],[106.57578,9.96956],[106.5746,9.9675],[106.57299,9.96514],[106.57182,9.9636],[106.57063,9.96246],[106.56939,9.96163],[106.56843,9.96124],[106.56725,9.96094],[106.56482,9.96058],[106.56349,9.96024],[106.56199,9.95956],[106.56094,9.95895],[106.55998,9.95824],[106.56024,9.95777],[106.56073,9.95568],[106.56072,9.95415],[106.56004,9.95192],[106.55992,9.95101],[106.56002,9.94976],[106.56049,9.94789],[106.5614,9.94579],[106.56186,9.94484],[106.56322,9.94271],[106.56428,9.94148],[106.56557,9.94063],[106.56624,9.9404],[106.5675,9.94028],[106.56893,9.94032],[106.57151,9.93976],[106.57254,9.93926],[106.57495,9.93775],[106.5757,9.93709],[106.57669,9.93588],[106.57745,9.9348],[106.5786,9.93254],[106.5795,9.92987],[106.58052,9.92762],[106.58127,9.92664],[106.58472,9.92283],[106.5863,9.92127],[106.58753,9.92034],[106.59185,9.91834],[106.59467,9.91725],[106.59611,9.91681],[106.59741,9.91653],[106.59941,9.91622],[106.60053,9.91577],[106.60174,9.91587],[106.60587,9.9158],[106.60798,9.91599],[106.61242,9.91665],[106.61483,9.91684],[106.61938,9.91659],[106.62041,9.91665],[106.62393,9.91732],[106.62471,9.91726],[106.62573,9.91693],[106.62678,9.91644],[106.62746,9.91587],[106.62924,9.91405],[106.63089,9.91291],[106.63197,9.91229],[106.63556,9.90976],[106.6366,9.90888],[106.63841,9.907],[106.64025,9.90487],[106.64083,9.904],[106.6418,9.90203],[106.64271,9.89984],[106.64357,9.89761],[106.64403,9.89618],[106.64475,9.89287],[106.64499,9.89099],[106.64501,9.88939],[106.64493,9.88847],[106.64384,9.88297],[106.64298,9.88088],[106.64228,9.87967],[106.64141,9.87886],[106.64074,9.87864],[106.63911,9.8787],[106.63863,9.87859],[106.63612,9.8777],[106.63535,9.87717],[106.63495,9.87587],[106.63413,9.87497],[106.63348,9.87363],[106.63336,9.87304],[106.63201,9.87016],[106.63324,9.8692],[106.63383,9.86812],[106.63488,9.86661],[106.63548,9.86366],[106.63585,9.86324],[106.6364,9.86303],[106.63703,9.86379],[106.63757,9.86395],[106.63865,9.86375],[106.63926,9.86334],[106.64,9.86339],[106.63992,9.86265],[106.63915,9.86259],[106.63848,9.86194],[106.63851,9.86171],[106.63944,9.86148],[106.6397,9.86117],[106.63975,9.85923],[106.63947,9.85774],[106.63944,9.85695],[106.63924,9.85619],[106.63865,9.85556],[106.63722,9.85501],[106.63619,9.85406],[106.63572,9.85324],[106.63469,9.85071],[106.63401,9.84982],[106.63335,9.84916],[106.63372,9.84891],[106.63527,9.84876],[106.63601,9.84851],[106.63693,9.84775],[106.63747,9.84778],[106.63886,9.84913],[106.63964,9.84975],[106.64138,9.8508],[106.64237,9.85223],[106.64408,9.85403],[106.64497,9.85543],[106.64565,9.85604],[106.64635,9.85647],[106.64761,9.85694],[106.64843,9.85712],[106.65008,9.85704],[106.65104,9.85722],[106.6511,9.8567],[106.65078,9.85576],[106.65009,9.85445],[106.64962,9.85393],[106.64908,9.85291],[106.64845,9.85116],[106.64811,9.84967],[106.64804,9.84796],[106.64653,9.84634],[106.64589,9.84519],[106.64591,9.84431],[106.64671,9.84332],[106.64741,9.84287],[106.64945,9.84075],[106.65023,9.83941],[106.6508,9.83879],[106.65155,9.83591],[106.65201,9.83197],[106.65163,9.83128],[106.65141,9.83044],[106.65098,9.82976],[106.65094,9.82929],[106.65034,9.82716],[106.64977,9.82642],[106.64861,9.82535],[106.64767,9.82434],[106.64676,9.82376],[106.6455,9.82259],[106.64362,9.82042],[106.64189,9.81909],[106.6414,9.81826],[106.64124,9.81683],[106.64135,9.81431],[106.64165,9.81301],[106.64312,9.81454],[106.64374,9.81532],[106.64505,9.81669],[106.64626,9.81842],[106.65082,9.82365],[106.65399,9.82741],[106.65417,9.82727],[106.65503,9.828],[106.65641,9.82978],[106.65644,9.83021],[106.65957,9.83425],[106.66029,9.8351],[106.66064,9.83526],[106.66209,9.83722],[106.66298,9.83865],[106.66283,9.83875],[106.66395,9.84049],[106.66469,9.84178],[106.66611,9.84466],[106.66997,9.85334],[106.67102,9.85524],[106.67152,9.85598],[106.67206,9.85712],[106.67235,9.85817],[106.67291,9.85849],[106.67319,9.85906],[106.67298,9.85933],[106.67468,9.86165],[106.67578,9.86212],[106.67629,9.86339],[106.67573,9.86402],[106.67574,9.86439],[106.67657,9.86443],[106.67662,9.86508],[106.67709,9.86582],[106.67769,9.86782],[106.67823,9.86923],[106.67889,9.8714],[106.67933,9.87236],[106.68004,9.87314],[106.67991,9.87351],[106.68032,9.87435],[106.6812,9.87497],[106.6812,9.87552],[106.68232,9.87661],[106.68403,9.87942],[106.6841,9.88013],[106.68448,9.88057],[106.68484,9.88174],[106.68459,9.88377],[106.68371,9.88546],[106.68363,9.8862],[106.68312,9.88763],[106.68285,9.88806],[106.6823,9.88831],[106.68052,9.89031],[106.68032,9.89095],[106.67959,9.89149],[106.67973,9.89206],[106.67918,9.89309],[106.67846,9.89407],[106.67804,9.89433],[106.67773,9.89573],[106.67738,9.89675],[106.67728,9.89776],[106.67679,9.89861],[106.67599,9.89939],[106.67548,9.90021],[106.67321,9.90122],[106.67287,9.90172],[106.67164,9.90187],[106.67114,9.90264],[106.66986,9.90616],[106.66829,9.91101],[106.66727,9.91453],[106.66551,9.91974],[106.66476,9.92163],[106.66409,9.92301],[106.66299,9.92493],[106.66218,9.92615],[106.65944,9.92909],[106.6588,9.92958],[106.65647,9.93106],[106.65198,9.93387],[106.65012,9.93497],[106.6489,9.93579],[106.64684,9.9369],[106.6451,9.93805],[106.64438,9.93838],[106.64298,9.93844],[106.64177,9.93907],[106.64123,9.93888],[106.6391,9.9388],[106.63834,9.93934],[106.63778,9.93995],[106.63668,9.94209],[106.63575,9.94295],[106.63443,9.94379],[106.63373,9.94441],[106.63295,9.94541],[106.63156,9.94692],[106.63068,9.94761],[106.62953,9.9482],[106.62772,9.94846],[106.62678,9.94874],[106.62678,9.96225]]]},"properties":{"a01_tinh":"diaphanhanhchinhcaptinh_sn.42","a02_xa":"diaphanhanhchinhcapxa_2025.2482","a03_ten":"Xã Thạnh Hải","a04_tentinh":"Tỉnh Vĩnh Long","a05_truocsn":"Xã An Điền, Xã Thạnh Hải","a06_trungtamhc":"UBND xã Thạnh Hải","a07_dt":"100.71","a08_ds":"18261","a09_dthoai":null,"a10_web":null,"ten":"Xã Thạnh Hải","ma":"29221","tentinh":"Tỉnh Vĩnh Long","truocsapnhap":"Xã An Điền, Xã Thạnh Hải","dientichkm2":null,"dansonguoi":null},"id":"diaphanhanhchinhcapxa_2025.2482"},
{"type":"Feature","geometry":{"type":"Polygon","coordinates":[[[106.64165,9.81301],[106.64135,9.81431],[106.64124,9.81683],[106.6414,9.81826],[106.64189,9.81909],[106.64362,9.82042],[106.6455,9.82259],[106.64676,9.82376],[106.64767,9.82434],[106.64861,9.82535],[106.64977,9.82642],[106.65034,9.82716],[106.65094,9.82929],[106.65098,9.82976],[106.65141,9.83044],[106.65163,9.83128],[106.65201,9.83197],[106.65155,9.83591],[106.6508,9.83879],[106.65023,9.83941],[106.64945,9.84075],[106.64741,9.84287],[106.64671,9.84332],[106.64591,9.84431],[106.64589,9.84519],[106.64653,9.84634],[106.64804,9.84796],[106.64811,9.84967],[106.64845,9.85116],[106.64908,9.85291],[106.64962,9.85393],[106.65009,9.85445],[106.65078,9.85576],[106.6511,9.8567],[106.65104,9.85722],[106.65008,9.85704],[106.64843,9.85712],[106.64761,9.85694],[106.64635,9.85647],[106.64565,9.85604],[106.64497,9.85543],[106.64408,9.85403],[106.64237,9.85223],[106.64138,9.8508],[106.63964,9.84975],[106.63886,9.84913],[106.63747,9.84778],[106.63693,9.84775],[106.63601,9.84851],[106.63527,9.84876],[106.63372,9.84891],[106.63335,9.84916],[106.63401,9.84982],[106.63469,9.85071],[106.63572,9.85324],[106.63619,9.85406],[106.63722,9.85501],[106.63865,9.85556],[106.63924,9.85619],[106.63944,9.85695],[106.63947,9.85774],[106.63975,9.85923],[106.6397,9.86117],[106.63944,9.86148],[106.63851,9.86171],[106.63848,9.86194],[106.63915,9.86259],[106.63992,9.86265],[106.64,9.86339],[106.63926,9.86334],[106.63865,9.86375],[106.63757,9.86395],[106.63703,9.86379],[106.6364,9.86303],[106.63585,9.86324],[106.63548,9.86366],[106.63488,9.86661],[106.63383,9.86812],[106.63324,9.8692],[106.63201,9.87016],[106.63336,9.87304],[106.63348,9.87363],[106.63413,9.87497],[106.63495,9.87587],[106.63535,9.87717],[106.63612,9.8777],[106.63863,9.87859],[106.63911,9.8787],[106.64074,9.87864],[106.64141,9.87886],[106.64228,9.87967],[106.64298,9.88088],[106.64384,9.88297],[106.64493,9.88847],[106.64501,9.88939],[106.64499,9.89099],[106.64475,9.89287],[106.64403,9.89618],[106.64357,9.89761],[106.64271,9.89984],[106.6418,9.90203],[106.64083,9.904],[106.64025,9.90487],[106.63841,9.907],[106.6366,9.90888],[106.63556,9.90976],[106.63197,9.91229],[106.63089,9.91291],[106.62924,9.91405],[106.62746,9.91587],[106.62678,9.91644],[106.62573,9.91693],[106.62471,9.91726],[106.62393,9.91732],[106.62041,9.91665],[106.61938,9.91659],[106.61483,9.91684],[106.61242,9.91665],[106.60798,9.91599],[106.60587,9.9158],[106.60174,9.91587],[106.60053,9.91577],[106.60028,9.91458],[106.6002,9.91327],[106.60034,9.9121],[106.60136,9.90617],[106.6018,9.90479],[106.60337,9.90192],[106.60373,9.90107],[106.60398,9.89991],[106.60384,9.89842],[106.60343,9.89747],[106.6023,9.89593],[106.60079,9.89451],[106.60031,9.89359],[106.60005,9.89247],[106.60018,9.89086],[106.60088,9.88898],[106.60123,9.88769],[106.60127,9.88688],[106.60114,9.88584],[106.60087,9.88494],[106.59844,9.87964],[106.59769,9.87744],[106.59645,9.87398],[106.59555,9.87174],[106.59384,9.86687],[106.59234,9.86242],[106.59105,9.85767],[106.58992,9.85535],[106.5891,9.85418],[106.58602,9.8522],[106.58163,9.8489],[106.57596,9.844],[106.57392,9.84261],[106.57475,9.84175],[106.57464,9.84151],[106.57536,9.84055],[106.57601,9.83895],[106.57659,9.83882],[106.57776,9.83792],[106.57796,9.83789],[106.57952,9.83682],[106.58001,9.83555],[106.58158,9.83414],[106.58254,9.83246],[106.58274,9.83239],[106.58366,9.83132],[106.5841,9.83036],[106.5849,9.82925],[106.58601,9.82744],[106.58981,9.823],[106.59149,9.82094],[106.59172,9.82089],[106.59299,9.81991],[106.59289,9.81928],[106.59306,9.81838],[106.59357,9.81749],[106.59416,9.81673],[106.59568,9.81555],[106.59726,9.81315],[106.59809,9.81207],[106.59874,9.81077],[106.59908,9.81059],[106.60128,9.81073],[106.60208,9.81022],[106.60224,9.80953],[106.60218,9.8085],[106.60238,9.80804],[106.60214,9.80698],[106.60222,9.80667],[106.60435,9.80703],[106.60526,9.80698],[106.6057,9.80588],[106.60673,9.805],[106.6071,9.80408],[106.60719,9.80253],[106.60737,9.80164],[106.60815,9.80102],[106.6086,9.79987],[106.60972,9.79854],[106.60888,9.79687],[106.60878,9.79644],[106.6091,9.79542],[106.60964,9.79458],[106.61103,9.79373],[106.61279,9.79318],[106.61447,9.79295],[106.61623,9.79321],[106.61824,9.79362],[106.6193,9.79392],[106.62091,9.79466],[106.62367,9.79667],[106.62499,9.7981],[106.62617,9.79972],[106.62762,9.8016],[106.6276,9.8019],[106.62815,9.80251],[106.62825,9.80324],[106.62894,9.80328],[106.62943,9.80359],[106.6302,9.80453],[106.6316,9.8066],[106.63249,9.80773],[106.63337,9.80862],[106.63388,9.80935],[106.63408,9.80991],[106.63575,9.81123],[106.63602,9.81046],[106.63782,9.81046],[106.63911,9.81095],[106.64038,9.81185],[106.64165,9.81301]]]},"properties":{"a01_tinh":"diaphanhanhchinhcaptinh_sn.42","a02_xa":"diaphanhanhchinhcapxa_2025.2483","a03_ten":"Xã Thạnh Phong","a04_tentinh":"Tỉnh Vĩnh Long","a05_truocsn":"Xã Giao Thạnh, Xã Thạnh Phong","a06_trungtamhc":"UBND xã Giao Thạnh","a07_dt":"77.97","a08_ds":"20255","a09_dthoai":null,"a10_web":null,"ten":"Xã Thạnh Phong","ma":"29227","tentinh":"Tỉnh Vĩnh Long","truocsapnhap":"Xã Giao Thạnh, Xã Thạnh Phong","dientichkm2":null,"dansonguoi":null},"id":"diaphanhanhchinhcapxa_2025.2483"},
{"type":"Feature","geometry":{"type":"Polygon","coordinates":[[[106.54658,9.99738],[106.54161,9.99777],[106.53849,9.99808],[106.53231,9.99909],[106.52557,10.00107],[106.52079,10.00252],[106.51543,10.00433],[106.50956,10.00702],[106.50178,10.01184],[106.50045,10.01292],[106.49854,10.01474],[106.49428,10.01954],[106.49283,10.02099],[106.49132,10.02206],[106.48983,10.02291],[106.48687,10.017],[106.4856,10.01425],[106.48488,10.01309],[106.48505,10.01224],[106.48557,10.01119],[106.48709,10.0091],[106.48828,10.00715],[106.48933,10.00488],[106.49038,10.00296],[106.49224,9.99987],[106.49287,9.99898],[106.49378,9.99793],[106.49465,9.99675],[106.49561,9.99598],[106.49725,9.99425],[106.49844,9.99316],[106.49942,9.992],[106.50116,9.99041],[106.50253,9.98934],[106.50524,9.98691],[106.50741,9.98506],[106.50852,9.98398],[106.50974,9.98294],[106.51275,9.98051],[106.51522,9.97828],[106.51635,9.97741],[106.52013,9.97484],[106.52152,9.9738],[106.52303,9.97232],[106.52195,9.97101],[106.51977,9.96982],[106.51943,9.96955],[106.51724,9.96846],[106.51596,9.96775],[106.51564,9.9674],[106.51426,9.96671],[106.51098,9.96516],[106.51026,9.96533],[106.50697,9.9636],[106.5064,9.96312],[106.50645,9.96273],[106.50482,9.96173],[106.5046,9.96205],[106.50178,9.96067],[106.49794,9.95959],[106.49342,9.95801],[106.48974,9.95647],[106.48639,9.95532],[106.48749,9.95112],[106.48818,9.94786],[106.48907,9.94465],[106.48935,9.94314],[106.49137,9.9356],[106.49088,9.93535],[106.49004,9.93581],[106.4889,9.93677],[106.48822,9.93605],[106.48882,9.93551],[106.48875,9.93524],[106.48694,9.93419],[106.48743,9.93365],[106.48773,9.93272],[106.48775,9.93139],[106.48532,9.93005],[106.48536,9.92896],[106.48666,9.92784],[106.48765,9.92638],[106.48847,9.92548],[106.4878,9.92536],[106.48611,9.92531],[106.48546,9.92482],[106.48527,9.92416],[106.48426,9.9195],[106.48668,9.91779],[106.49251,9.9127],[106.50178,9.90523],[106.50553,9.90049],[106.50884,9.8956],[106.51085,9.89299],[106.51585,9.89745],[106.51646,9.89796],[106.52006,9.90055],[106.52083,9.90119],[106.51979,9.90284],[106.52086,9.90358],[106.52541,9.90657],[106.52467,9.90862],[106.52443,9.90877],[106.52466,9.90994],[106.52467,9.91085],[106.52513,9.91242],[106.52511,9.91285],[106.52538,9.9142],[106.52492,9.91475],[106.52584,9.91658],[106.52618,9.91832],[106.52619,9.91958],[106.52728,9.91972],[106.52702,9.92039],[106.52729,9.92085],[106.52847,9.92],[106.52901,9.91973],[106.5305,9.92291],[106.53021,9.92387],[106.53028,9.92418],[106.52949,9.9258],[106.53099,9.93005],[106.53376,9.93967],[106.53672,9.93991],[106.54335,9.94054],[106.54426,9.94075],[106.54815,9.93944],[106.54966,9.93937],[106.55119,9.94015],[106.55125,9.94029],[106.55291,9.94096],[106.55652,9.94254],[106.55821,9.94317],[106.56017,9.94404],[106.56072,9.94514],[106.5614,9.94579],[106.56049,9.94789],[106.56002,9.94976],[106.55992,9.95101],[106.56004,9.95192],[106.56072,9.95415],[106.56073,9.95568],[106.56024,9.95777],[106.55998,9.95824],[106.56094,9.95895],[106.56199,9.95956],[106.56349,9.96024],[106.56482,9.96058],[106.56725,9.96094],[106.56843,9.96124],[106.56939,9.96163],[106.57063,9.96246],[106.57182,9.9636],[106.57299,9.96514],[106.5746,9.9675],[106.57578,9.96956],[106.57784,9.9738],[106.5794,9.97631],[106.58113,9.97899],[106.58285,9.98179],[106.58055,9.98295],[106.57763,9.98472],[106.57562,9.9861],[106.57293,9.98786],[106.57134,9.98901],[106.5708,9.98931],[106.56514,9.99298],[106.56142,9.99494],[106.55994,9.99557],[106.55632,9.99639],[106.54658,9.99738]]]},"properties":{"a01_tinh":"diaphanhanhchinhcaptinh_sn.42","a02_xa":"diaphanhanhchinhcapxa_2025.2478","a03_ten":"Xã Thạnh Phú","a04_tentinh":"Tỉnh Vĩnh Long","a05_truocsn":"Thị trấn Thạnh Phú, Xã An Thạnh (huyện Thạnh Phú), Xã Bình Thạnh, Xã Mỹ An","a06_trungtamhc":"UBND thị trấn Thạnh Phú","a07_dt":"70.7","a08_ds":"42268","a09_dthoai":null,"a10_web":null,"ten":"Xã Thạnh Phú","ma":"29182","tentinh":"Tỉnh Vĩnh Long","truocsapnhap":"Thị trấn Thạnh Phú, Xã An Thạnh (huyện Thạnh Phú), Xã Bình Thạnh, Xã Mỹ An","dientichkm2":null,"dansonguoi":null},"id":"diaphanhanhchinhcapxa_2025.2478"},
{"type":"Feature","geometry":{"type":"Polygon","coordinates":[[[106.73496,10.17304],[106.73404,10.17306],[106.73163,10.17203],[106.7309,10.17129],[106.73059,10.17017],[106.73036,10.16853],[106.72945,10.16707],[106.72882,10.16648],[106.72659,10.16472],[106.72481,10.16345],[106.72339,10.16119],[106.72103,10.15859],[106.72003,10.15714],[106.71916,10.15638],[106.71845,10.15751],[106.71487,10.164],[106.71369,10.16353],[106.71342,10.16311],[106.71102,10.16195],[106.71061,10.16265],[106.70934,10.16245],[106.7062,10.16093],[106.70524,10.16061],[106.70234,10.16025],[106.70031,10.15974],[106.70017,10.16002],[106.69902,10.16093],[106.69806,10.16213],[106.6968,10.16214],[106.69662,10.16398],[106.69628,10.16479],[106.69596,10.16476],[106.69549,10.16629],[106.69505,10.16728],[106.69539,10.16785],[106.69484,10.16967],[106.69445,10.17045],[106.69261,10.17353],[106.69253,10.17442],[106.69094,10.17446],[106.69071,10.17654],[106.69138,10.17671],[106.6908,10.17792],[106.68895,10.17737],[106.6877,10.17994],[106.68719,10.18086],[106.68737,10.18097],[106.68643,10.18305],[106.68694,10.18331],[106.68626,10.18514],[106.68486,10.18446],[106.68505,10.18636],[106.68581,10.1872],[106.68463,10.18767],[106.68423,10.18861],[106.68611,10.18925],[106.68568,10.19016],[106.68547,10.19111],[106.68419,10.19294],[106.6834,10.19305],[106.68288,10.19476],[106.68225,10.1977],[106.6814,10.19923],[106.68053,10.19874],[106.6801,10.19961],[106.67977,10.19897],[106.67918,10.19856],[106.67928,10.19794],[106.67805,10.19717],[106.6787,10.19615],[106.67885,10.19476],[106.679,10.1914],[106.67721,10.19097],[106.67663,10.19057],[106.67579,10.18952],[106.67513,10.18757],[106.67469,10.18601],[106.67412,10.18438],[106.67396,10.18335],[106.67393,10.17827],[106.67355,10.17841],[106.67254,10.17741],[106.67153,10.17673],[106.66968,10.17589],[106.66865,10.1742],[106.66747,10.17099],[106.66718,10.16971],[106.6676,10.16934],[106.66621,10.16532],[106.66615,10.16417],[106.66659,10.16286],[106.66308,10.1634],[106.66135,10.15997],[106.66052,10.15967],[106.66009,10.15922],[106.65963,10.15803],[106.65851,10.15675],[106.65724,10.15482],[106.6555,10.15256],[106.65489,10.15195],[106.65407,10.15166],[106.65276,10.15223],[106.65207,10.15202],[106.65067,10.15268],[106.64999,10.15276],[106.64931,10.15309],[106.64873,10.15278],[106.64755,10.15261],[106.64693,10.15291],[106.64607,10.1527],[106.6451,10.15206],[106.64503,10.15064],[106.64434,10.15041],[106.64444,10.14976],[106.64384,10.14891],[106.64377,10.14845],[106.64226,10.14775],[106.64226,10.14661],[106.64202,10.14636],[106.64107,10.14658],[106.64106,10.1457],[106.63977,10.14446],[106.63934,10.14478],[106.63875,10.14442],[106.63866,10.14341],[106.63819,10.1429],[106.63643,10.14144],[106.63479,10.13997],[106.63704,10.13988],[106.63894,10.13913],[106.64308,10.13811],[106.64712,10.13687],[106.64924,10.13598],[106.65074,10.13505],[106.65254,10.1336],[106.65452,10.13188],[106.65521,10.13133],[106.65679,10.12982],[106.6581,10.12836],[106.66186,10.12398],[106.66372,10.12153],[106.66448,10.12073],[106.66485,10.12004],[106.66851,10.11433],[106.66948,10.11263],[106.67017,10.11162],[106.67063,10.11149],[106.6719,10.10953],[106.67322,10.10691],[106.67474,10.10408],[106.67649,10.10112],[106.6803,10.09423],[106.68097,10.09294],[106.68263,10.09022],[106.68364,10.08884],[106.68538,10.08661],[106.68686,10.0849],[106.68815,10.08303],[106.69085,10.07998],[106.69161,10.07899],[106.69351,10.07695],[106.69522,10.07543],[106.69534,10.07465],[106.69579,10.07422],[106.69702,10.0756],[106.6977,10.07598],[106.69818,10.07597],[106.69889,10.07562],[106.69936,10.07581],[106.69972,10.07627],[106.70117,10.07652],[106.70138,10.07614],[106.70218,10.07582],[106.70406,10.07661],[106.70448,10.07687],[106.70506,10.0764],[106.70626,10.07646],[106.70701,10.07688],[106.70907,10.0772],[106.70955,10.07697],[106.70976,10.07614],[106.71008,10.07594],[106.71209,10.07674],[106.71353,10.07753],[106.71479,10.07674],[106.71523,10.07728],[106.71801,10.08262],[106.71835,10.08244],[106.71854,10.08415],[106.71927,10.08448],[106.71978,10.0844],[106.72036,10.08402],[106.72324,10.08538],[106.72379,10.08536],[106.72456,10.08477],[106.72481,10.08503],[106.72717,10.08442],[106.72825,10.08808],[106.72865,10.08905],[106.72975,10.09098],[106.72994,10.09156],[106.73099,10.09271],[106.73206,10.09362],[106.73354,10.09563],[106.73397,10.09651],[106.73427,10.09746],[106.73454,10.09929],[106.73423,10.10047],[106.73358,10.10164],[106.73265,10.10248],[106.73218,10.10309],[106.73188,10.10397],[106.73194,10.10489],[106.73181,10.10547],[106.73033,10.10916],[106.73086,10.11118],[106.73171,10.11268],[106.73259,10.11368],[106.73326,10.11473],[106.734,10.11634],[106.73445,10.11914],[106.73502,10.12178],[106.7353,10.12398],[106.73527,10.12512],[106.73512,10.12559],[106.73396,10.12764],[106.73337,10.12826],[106.73415,10.12897],[106.73489,10.13028],[106.73628,10.13171],[106.7372,10.1322],[106.73897,10.13249],[106.74047,10.13253],[106.74345,10.1332],[106.74443,10.13352],[106.74404,10.13469],[106.74335,10.13534],[106.74322,10.13727],[106.74266,10.13856],[106.74221,10.13896],[106.74132,10.13917],[106.74056,10.13964],[106.73994,10.14125],[106.73938,10.14205],[106.73895,10.14349],[106.73826,10.14432],[106.73705,10.14544],[106.73634,10.14583],[106.73589,10.14678],[106.73577,10.14735],[106.73595,10.14828],[106.73583,10.14864],[106.73514,10.14888],[106.73388,10.14888],[106.73329,10.14927],[106.73342,10.15025],[106.73305,10.15061],[106.73187,10.15067],[106.73007,10.15162],[106.72994,10.15181],[106.72769,10.15275],[106.7282,10.15559],[106.72815,10.15579],[106.72907,10.15716],[106.72974,10.15837],[106.73106,10.16171],[106.73158,10.16275],[106.73183,10.16377],[106.7332,10.16714],[106.73372,10.16925],[106.73412,10.1697],[106.73438,10.1704],[106.7339,10.17142],[106.7341,10.17192],[106.73477,10.17259],[106.73496,10.17304]]]},"properties":{"a01_tinh":"diaphanhanhchinhcaptinh_sn.42","a02_xa":"diaphanhanhchinhcapxa_2025.2469","a03_ten":"Xã Thạnh Phước","a04_tentinh":"Tỉnh Vĩnh Long","a05_truocsn":"Xã Đại Hòa Lộc, Xã Thạnh Phước","a06_trungtamhc":"UBND xã Thạnh Phước","a07_dt":"76.99","a08_ds":"21208","a09_dthoai":null,"a10_web":null,"ten":"Xã Thạnh Phước","ma":"29104","tentinh":"Tỉnh Vĩnh Long","truocsapnhap":"Xã Đại Hòa Lộc, Xã Thạnh Phước","dientichkm2":null,"dansonguoi":null},"id":"diaphanhanhchinhcapxa_2025.2469"},
{"type":"Feature","geometry":{"type":"Polygon","coordinates":[[[106.34025,10.08789],[106.33961,10.08836],[106.33893,10.08793],[106.33812,10.08782],[106.33689,10.08784],[106.33679,10.08754],[106.33575,10.08785],[106.33495,10.08778],[106.33433,10.08799],[106.33486,10.08451],[106.33542,10.08032],[106.3356,10.08026],[106.3359,10.07813],[106.3348,10.07812],[106.33189,10.07831],[106.33098,10.07712],[106.32929,10.07456],[106.32721,10.07212],[106.3248,10.07357],[106.32459,10.07314],[106.3239,10.07355],[106.32425,10.0744],[106.32379,10.07472],[106.32201,10.07325],[106.31706,10.07902],[106.31839,10.08034],[106.31858,10.08063],[106.31308,10.08241],[106.30907,10.0838],[106.30211,10.08743],[106.30204,10.08762],[106.30271,10.08891],[106.30023,10.08985],[106.29937,10.08987],[106.29785,10.09058],[106.29558,10.09128],[106.29497,10.09159],[106.29377,10.09188],[106.29142,10.09262],[106.29236,10.09367],[106.29207,10.0938],[106.28899,10.0944],[106.28841,10.09463],[106.28793,10.0951],[106.28789,10.09602],[106.28715,10.09689],[106.28667,10.09706],[106.2865,10.09755],[106.28551,10.09762],[106.28533,10.09717],[106.28546,10.0955],[106.28537,10.09493],[106.28437,10.09237],[106.28401,10.09094],[106.28349,10.08832],[106.28249,10.08691],[106.28103,10.08551],[106.28001,10.08433],[106.27874,10.08249],[106.27845,10.08193],[106.27802,10.08022],[106.27808,10.07901],[106.27829,10.07764],[106.27835,10.07636],[106.27704,10.07193],[106.28221,10.06342],[106.28985,10.05063],[106.29005,10.05025],[106.29097,10.04924],[106.29204,10.04766],[106.29364,10.04455],[106.294,10.04361],[106.29454,10.04265],[106.29509,10.04092],[106.29604,10.03956],[106.29797,10.03716],[106.2985,10.03663],[106.30054,10.03419],[106.30148,10.03331],[106.30338,10.03125],[106.30707,10.02741],[106.30869,10.02584],[106.31118,10.02369],[106.31214,10.02291],[106.31789,10.0186],[106.31906,10.01792],[106.32084,10.017],[106.32413,10.01507],[106.32624,10.01372],[106.33183,10.00959],[106.33865,10.00468],[106.34357,10.0086],[106.34528,10.01006],[106.34604,10.01088],[106.34639,10.0116],[106.34649,10.01307],[106.34615,10.01402],[106.34403,10.017],[106.34308,10.01817],[106.34233,10.01925],[106.34106,10.02084],[106.33811,10.02428],[106.34176,10.02754],[106.34175,10.02801],[106.34239,10.02883],[106.34288,10.02924],[106.34198,10.03042],[106.33988,10.03348],[106.33804,10.03574],[106.33773,10.03636],[106.33775,10.037],[106.33805,10.03747],[106.33904,10.0379],[106.34007,10.03889],[106.34042,10.0396],[106.34054,10.04037],[106.34063,10.04299],[106.34105,10.04445],[106.34184,10.04596],[106.34144,10.04642],[106.33926,10.04721],[106.33888,10.04773],[106.33883,10.04838],[106.33925,10.04937],[106.34042,10.05111],[106.34064,10.05201],[106.34059,10.05255],[106.34199,10.05303],[106.34497,10.05452],[106.34601,10.05495],[106.34659,10.05472],[106.34684,10.05365],[106.34663,10.05329],[106.3473,10.05127],[106.34741,10.05066],[106.34826,10.05102],[106.34924,10.04877],[106.3498,10.04711],[106.34996,10.04638],[106.3524,10.04706],[106.35377,10.04737],[106.3554,10.04745],[106.35694,10.04813],[106.35813,10.04824],[106.35996,10.04904],[106.36097,10.0498],[106.36173,10.04981],[106.36251,10.05101],[106.36306,10.05136],[106.36299,10.05176],[106.36376,10.05276],[106.36489,10.05373],[106.36928,10.05722],[106.36915,10.05747],[106.36789,10.06002],[106.36548,10.06507],[106.36386,10.06878],[106.36109,10.07749],[106.35922,10.0763],[106.35473,10.07299],[106.35397,10.07248],[106.35233,10.07171],[106.35102,10.071],[106.34785,10.06985],[106.34736,10.07336],[106.34682,10.07668],[106.34686,10.07811],[106.34613,10.07912],[106.34512,10.07942],[106.34529,10.07995],[106.34398,10.08195],[106.34209,10.0845],[106.34102,10.08603],[106.34015,10.08701],[106.34025,10.08789]]]},"properties":{"a01_tinh":"diaphanhanhchinhcaptinh_sn.42","a02_xa":"diaphanhanhchinhcapxa_2025.2455","a03_ten":"Xã Thành Thới","a04_tentinh":"Tỉnh Vĩnh Long","a05_truocsn":"Xã An Thới, Xã Thành Thới A, Xã Thành Thới B","a06_trungtamhc":"UBND xã Thành Thới A","a07_dt":"49.35","a08_ds":"35102","a09_dthoai":null,"a10_web":null,"ten":"Xã Thành Thới","ma":"28969","tentinh":"Tỉnh Vĩnh Long","truocsapnhap":"Xã An Thới, Xã Thành Thới A, Xã Thành Thới B","dientichkm2":null,"dansonguoi":null},"id":"diaphanhanhchinhcapxa_2025.2455"},
{"type":"Feature","geometry":{"type":"Polygon","coordinates":[[[106.67296,10.23218],[106.65476,10.23735],[106.63997,10.24169],[106.61175,10.24674],[106.61089,10.24071],[106.60864,10.23885],[106.60771,10.23795],[106.60624,10.23627],[106.60459,10.23412],[106.60426,10.2338],[106.60572,10.23331],[106.60368,10.23191],[106.60244,10.23097],[106.60296,10.23034],[106.60365,10.22981],[106.60276,10.2292],[106.60002,10.22794],[106.59837,10.22753],[106.59791,10.22777],[106.59695,10.22732],[106.59554,10.22633],[106.59578,10.22582],[106.59676,10.22288],[106.59738,10.22273],[106.59822,10.22025],[106.59901,10.21773],[106.59924,10.21731],[106.59891,10.21621],[106.59867,10.21403],[106.59872,10.21331],[106.59841,10.21257],[106.5974,10.21171],[106.59607,10.21126],[106.59441,10.21102],[106.59323,10.21101],[106.59258,10.21085],[106.58972,10.2106],[106.58239,10.20817],[106.58194,10.20891],[106.57906,10.20936],[106.57739,10.20975],[106.57557,10.21005],[106.57329,10.21069],[106.57145,10.21094],[106.56935,10.21151],[106.56808,10.21211],[106.5674,10.21127],[106.56659,10.20714],[106.56656,10.2058],[106.56638,10.20508],[106.56456,10.20196],[106.56333,10.19793],[106.56518,10.19688],[106.56826,10.19483],[106.56956,10.19379],[106.57274,10.19095],[106.57511,10.18889],[106.57764,10.18679],[106.57811,10.18626],[106.58011,10.18464],[106.58194,10.18352],[106.58439,10.18237],[106.58645,10.18153],[106.58782,10.18111],[106.59111,10.18027],[106.59379,10.17983],[106.59798,10.17959],[106.60007,10.17966],[106.60113,10.18],[106.60466,10.17978],[106.607,10.1794],[106.60931,10.17848],[106.61089,10.17745],[106.61218,10.17639],[106.6135,10.17467],[106.61448,10.17314],[106.61693,10.1685],[106.61787,10.16664],[106.61905,10.16404],[106.62173,10.15726],[106.62322,10.15344],[106.62368,10.15241],[106.62492,10.15051],[106.62678,10.14683],[106.62822,10.14482],[106.62933,10.14355],[106.63231,10.14128],[106.63339,10.14053],[106.63479,10.13997],[106.63643,10.14144],[106.63819,10.1429],[106.63866,10.14341],[106.63875,10.14442],[106.63934,10.14478],[106.63977,10.14446],[106.64106,10.1457],[106.64107,10.14658],[106.64202,10.14636],[106.64226,10.14661],[106.64226,10.14775],[106.64377,10.14845],[106.64384,10.14891],[106.64444,10.14976],[106.64434,10.15041],[106.64503,10.15064],[106.6451,10.15206],[106.64607,10.1527],[106.64693,10.15291],[106.64755,10.15261],[106.64873,10.15278],[106.64931,10.15309],[106.64999,10.15276],[106.65067,10.15268],[106.65207,10.15202],[106.65276,10.15223],[106.65407,10.15166],[106.65489,10.15195],[106.6555,10.15256],[106.65724,10.15482],[106.65851,10.15675],[106.65963,10.15803],[106.66009,10.15922],[106.66052,10.15967],[106.66135,10.15997],[106.66308,10.1634],[106.66659,10.16286],[106.66615,10.16417],[106.66621,10.16532],[106.6676,10.16934],[106.66718,10.16971],[106.66747,10.17099],[106.66865,10.1742],[106.66968,10.17589],[106.67153,10.17673],[106.67254,10.17741],[106.67355,10.17841],[106.67393,10.17827],[106.67396,10.18335],[106.67412,10.18438],[106.67469,10.18601],[106.67513,10.18757],[106.67579,10.18952],[106.67663,10.19057],[106.67721,10.19097],[106.679,10.1914],[106.67885,10.19476],[106.6787,10.19615],[106.67805,10.19717],[106.6764,10.1995],[106.67581,10.20002],[106.67409,10.19825],[106.67215,10.19948],[106.67166,10.19993],[106.67019,10.20089],[106.669,10.20153],[106.66732,10.19917],[106.66647,10.19816],[106.66559,10.19691],[106.65714,10.19154],[106.65553,10.19073],[106.65428,10.19022],[106.65436,10.18988],[106.65194,10.18883],[106.6522,10.18714],[106.65164,10.18725],[106.65007,10.18984],[106.64992,10.18981],[106.65048,10.18726],[106.64819,10.18583],[106.64806,10.18602],[106.64614,10.18486],[106.64687,10.18067],[106.64474,10.17952],[106.64222,10.1838],[106.64104,10.18573],[106.63982,10.18794],[106.63819,10.19063],[106.63443,10.1877],[106.63299,10.18666],[106.6318,10.18805],[106.63097,10.18923],[106.63021,10.18869],[106.62954,10.18802],[106.62897,10.1882],[106.62775,10.18898],[106.62733,10.18892],[106.62617,10.18816],[106.62655,10.18745],[106.62663,10.18632],[106.6265,10.18576],[106.62318,10.18501],[106.62419,10.18807],[106.62522,10.19141],[106.6246,10.19197],[106.62532,10.1927],[106.62556,10.19356],[106.62503,10.19384],[106.62528,10.19428],[106.62607,10.19489],[106.62678,10.19587],[106.62979,10.20093],[106.63054,10.20047],[106.63106,10.20138],[106.63269,10.20015],[106.63271,10.19972],[106.6334,10.19931],[106.63597,10.19738],[106.63647,10.19732],[106.64122,10.20035],[106.64632,10.20332],[106.64751,10.20512],[106.64994,10.20811],[106.65037,10.20813],[106.65134,10.2065],[106.65193,10.20504],[106.65235,10.20516],[106.65203,10.2065],[106.6539,10.20724],[106.65316,10.20874],[106.65451,10.20907],[106.65668,10.20931],[106.65937,10.20972],[106.65964,10.21004],[106.6595,10.21101],[106.65987,10.21157],[106.66071,10.21235],[106.66245,10.21457],[106.6634,10.21553],[106.66297,10.21599],[106.65947,10.2173],[106.65913,10.21777],[106.65925,10.21817],[106.66002,10.21945],[106.66088,10.21889],[106.66539,10.21954],[106.66649,10.21975],[106.66684,10.21914],[106.66778,10.21938],[106.66873,10.22064],[106.67296,10.23218]]]},"properties":{"a01_tinh":"diaphanhanhchinhcaptinh_sn.42","a02_xa":"diaphanhanhchinhcapxa_2025.2468","a03_ten":"Xã Thạnh Trị","a04_tentinh":"Tỉnh Vĩnh Long","a05_truocsn":"Xã Định Trung, Xã Phú Long, Xã Thạnh Trị","a06_trungtamhc":"UBND xã Phú Long","a07_dt":"73.26","a08_ds":"29457","a09_dthoai":null,"a10_web":null,"ten":"Xã Thạnh Trị","ma":"29089","tentinh":"Tỉnh Vĩnh Long","truocsapnhap":"Xã Định Trung, Xã Phú Long, Xã Thạnh Trị","dientichkm2":null,"dansonguoi":null},"id":"diaphanhanhchinhcapxa_2025.2468"},
{"type":"Feature","geometry":{"type":"Polygon","coordinates":[[[106.69168,10.03286],[106.72093,10.03996],[106.72113,10.03925],[106.72215,10.03911],[106.72391,10.03919],[106.72513,10.03937],[106.72791,10.0399],[106.73205,10.04146],[106.73526,10.0431],[106.73739,10.04444],[106.74196,10.04893],[106.74674,10.05388],[106.74948,10.05691],[106.75249,10.06037],[106.75342,10.06137],[106.75545,10.06374],[106.75671,10.06511],[106.75794,10.06685],[106.75977,10.0688],[106.76175,10.07107],[106.76281,10.07212],[106.76444,10.07402],[106.76482,10.07424],[106.76603,10.07541],[106.7672,10.07675],[106.76836,10.07821],[106.76936,10.07926],[106.77074,10.08096],[106.77248,10.08296],[106.78047,10.0932],[106.7825,10.09608],[106.78496,10.09983],[106.78609,10.10183],[106.78749,10.10415],[106.7896,10.10805],[106.79014,10.10926],[106.79061,10.10971],[106.79139,10.11164],[106.79178,10.11304],[106.79004,10.11397],[106.78978,10.11503],[106.78991,10.11674],[106.79008,10.1177],[106.78994,10.11874],[106.78748,10.11972],[106.78736,10.11943],[106.78648,10.11984],[106.78638,10.12103],[106.78618,10.12202],[106.78549,10.12398],[106.78477,10.12537],[106.78361,10.1278],[106.78451,10.13582],[106.78501,10.13591],[106.78529,10.13655],[106.78595,10.13733],[106.7869,10.13883],[106.78718,10.14056],[106.78741,10.14121],[106.78761,10.14286],[106.78782,10.14386],[106.78816,10.14418],[106.78851,10.14513],[106.78848,10.14568],[106.78882,10.14627],[106.78893,10.14767],[106.78882,10.14986],[106.78854,10.15123],[106.78758,10.15225],[106.78707,10.15263],[106.78671,10.1532],[106.78597,10.1538],[106.78532,10.15497],[106.78476,10.15527],[106.78481,10.15605],[106.78465,10.15659],[106.78414,10.15724],[106.78246,10.1587],[106.78165,10.15973],[106.78057,10.16062],[106.78003,10.16173],[106.77954,10.16246],[106.77859,10.16452],[106.77722,10.16669],[106.7751,10.16902],[106.77374,10.17035],[106.77249,10.17125],[106.7704,10.17249],[106.76714,10.17413],[106.76506,10.17501],[106.76237,10.17568],[106.76073,10.17579],[106.75901,10.17569],[106.75823,10.17586],[106.75623,10.17659],[106.75178,10.17943],[106.75178,10.19168],[106.74441,10.19401],[106.74179,10.19493],[106.73795,10.18768],[106.73714,10.18633],[106.73659,10.18513],[106.7364,10.18388],[106.73653,10.18317],[106.73711,10.18196],[106.73875,10.18034],[106.73888,10.17965],[106.73848,10.17889],[106.7373,10.17733],[106.73673,10.17584],[106.7355,10.1742],[106.73496,10.17304],[106.73477,10.17259],[106.7341,10.17192],[106.7339,10.17142],[106.73438,10.1704],[106.73412,10.1697],[106.73372,10.16925],[106.7332,10.16714],[106.73183,10.16377],[106.73158,10.16275],[106.73106,10.16171],[106.72974,10.15837],[106.72907,10.15716],[106.72815,10.15579],[106.7282,10.15559],[106.72769,10.15275],[106.72994,10.15181],[106.73007,10.15162],[106.73187,10.15067],[106.73305,10.15061],[106.73342,10.15025],[106.73329,10.14927],[106.73388,10.14888],[106.73514,10.14888],[106.73583,10.14864],[106.73595,10.14828],[106.73577,10.14735],[106.73589,10.14678],[106.73634,10.14583],[106.73705,10.14544],[106.73826,10.14432],[106.73895,10.14349],[106.73938,10.14205],[106.73994,10.14125],[106.74056,10.13964],[106.74132,10.13917],[106.74221,10.13896],[106.74266,10.13856],[106.74322,10.13727],[106.74335,10.13534],[106.74404,10.13469],[106.74443,10.13352],[106.74345,10.1332],[106.74047,10.13253],[106.73897,10.13249],[106.7372,10.1322],[106.73628,10.13171],[106.73489,10.13028],[106.73415,10.12897],[106.73337,10.12826],[106.73396,10.12764],[106.73512,10.12559],[106.73527,10.12512],[106.7353,10.12398],[106.73502,10.12178],[106.73445,10.11914],[106.734,10.11634],[106.73326,10.11473],[106.73259,10.11368],[106.73171,10.11268],[106.73086,10.11118],[106.73033,10.10916],[106.73181,10.10547],[106.73194,10.10489],[106.73188,10.10397],[106.73218,10.10309],[106.73265,10.10248],[106.73358,10.10164],[106.73423,10.10047],[106.73454,10.09929],[106.73427,10.09746],[106.73397,10.09651],[106.73354,10.09563],[106.73206,10.09362],[106.73099,10.09271],[106.72994,10.09156],[106.72975,10.09098],[106.72865,10.08905],[106.72825,10.08808],[106.72717,10.08442],[106.72481,10.08503],[106.72456,10.08477],[106.72379,10.08536],[106.72324,10.08538],[106.72036,10.08402],[106.71978,10.0844],[106.71927,10.08448],[106.71854,10.08415],[106.71835,10.08244],[106.71801,10.08262],[106.71523,10.07728],[106.71479,10.07674],[106.71353,10.07753],[106.71209,10.07674],[106.71008,10.07594],[106.70976,10.07614],[106.70955,10.07697],[106.70907,10.0772],[106.70701,10.07688],[106.70626,10.07646],[106.70506,10.0764],[106.70448,10.07687],[106.70406,10.07661],[106.70218,10.07582],[106.70138,10.07614],[106.70117,10.07652],[106.69972,10.07627],[106.69936,10.07581],[106.69889,10.07562],[106.69818,10.07597],[106.6977,10.07598],[106.69702,10.0756],[106.69579,10.07422],[106.6972,10.07249],[106.69782,10.0715],[106.69844,10.07012],[106.69891,10.06848],[106.69901,10.06687],[106.69894,10.06522],[106.69856,10.06422],[106.69758,10.06327],[106.69585,10.06027],[106.69494,10.05892],[106.69368,10.05741],[106.69252,10.05641],[106.69003,10.05445],[106.68699,10.05221],[106.68543,10.05022],[106.68474,10.04871],[106.68462,10.0478],[106.68463,10.04493],[106.6849,10.04325],[106.68542,10.04196],[106.68621,10.04046],[106.68928,10.03652],[106.68956,10.03625],[106.69168,10.03286]]]},"properties":{"a01_tinh":"diaphanhanhchinhcaptinh_sn.42","a02_xa":"diaphanhanhchinhcapxa_2025.2470","a03_ten":"Xã Thới Thuận","a04_tentinh":"Tỉnh Vĩnh Long","a05_truocsn":"Xã Thừa Đức, Xã Thới Thuận","a06_trungtamhc":"UBND xã Thới Thuận","a07_dt":"116.95","a08_ds":"20968","a09_dthoai":null,"a10_web":null,"ten":"Xã Thới Thuận","ma":"29107","tentinh":"Tỉnh Vĩnh Long","truocsapnhap":"Xã Thừa Đức, Xã Thới Thuận","dientichkm2":null,"dansonguoi":null},"id":"diaphanhanhchinhcapxa_2025.2470"},
{"type":"Feature","geometry":{"type":"Polygon","coordinates":[[[106.22596,10.24568],[106.2268,10.24524],[106.22814,10.24247],[106.22889,10.24286],[106.23012,10.24344],[106.23096,10.24379],[106.23159,10.24402],[106.24564,10.24898],[106.249,10.25061],[106.25065,10.25141],[106.25178,10.25208],[106.2538,10.253],[106.255,10.25336],[106.25698,10.25434],[106.26131,10.25605],[106.2621,10.2562],[106.2635,10.2567],[106.26382,10.25679],[106.26892,10.2593],[106.2703,10.26003],[106.27211,10.26083],[106.2751,10.26154],[106.27595,10.26161],[106.27893,10.26204],[106.27761,10.26681],[106.27844,10.26722],[106.27856,10.26784],[106.27778,10.26811],[106.27835,10.26856],[106.27818,10.2692],[106.27853,10.26957],[106.27819,10.27022],[106.27839,10.27092],[106.27968,10.27082],[106.28029,10.27209],[106.28112,10.27259],[106.2814,10.27422],[106.28103,10.27423],[106.28114,10.27857],[106.28128,10.28115],[106.27939,10.28114],[106.27813,10.28122],[106.2769,10.28118],[106.27647,10.28613],[106.27645,10.28681],[106.28097,10.28739],[106.28264,10.2875],[106.2839,10.28732],[106.28464,10.28697],[106.28575,10.28685],[106.2857,10.28915],[106.28511,10.28913],[106.28502,10.29049],[106.28454,10.29048],[106.28444,10.29252],[106.28443,10.29463],[106.2845,10.29637],[106.28482,10.29849],[106.28421,10.29876],[106.2841,10.29934],[106.28362,10.29933],[106.28298,10.29986],[106.28312,10.30053],[106.28348,10.30062],[106.28327,10.30172],[106.28485,10.30173],[106.28615,10.30235],[106.28687,10.30231],[106.28746,10.30259],[106.28831,10.30271],[106.28853,10.30352],[106.28787,10.30336],[106.28626,10.30343],[106.28408,10.30379],[106.28157,10.30404],[106.27595,10.3047],[106.27339,10.30491],[106.27223,10.3048],[106.27034,10.30426],[106.26777,10.30336],[106.2639,10.30226],[106.25904,10.30075],[106.25548,10.29959],[106.25513,10.29963],[106.25147,10.29902],[106.24823,10.29799],[106.24733,10.29763],[106.24682,10.29763],[106.24334,10.297],[106.23973,10.29649],[106.23225,10.29496],[106.23194,10.2948],[106.22898,10.29443],[106.22529,10.29368],[106.22324,10.2931],[106.22332,10.29272],[106.22328,10.2901],[106.222,10.28955],[106.22125,10.28954],[106.22045,10.28741],[106.22053,10.287],[106.22105,10.28667],[106.22234,10.28614],[106.22249,10.28536],[106.22221,10.28465],[106.22162,10.2843],[106.22059,10.28475],[106.22016,10.28462],[106.21969,10.28401],[106.21898,10.28345],[106.21894,10.28151],[106.21925,10.28071],[106.21985,10.28023],[106.21992,10.27955],[106.22038,10.27924],[106.22322,10.27834],[106.22302,10.27518],[106.22305,10.2744],[106.22105,10.27451],[106.22122,10.27161],[106.22,10.27092],[106.22019,10.26729],[106.21996,10.26623],[106.21993,10.26503],[106.22134,10.2651],[106.22435,10.26589],[106.22668,10.26633],[106.22787,10.26632],[106.22886,10.26621],[106.22992,10.26579],[106.2313,10.26498],[106.23403,10.26318],[106.23187,10.26219],[106.22936,10.26117],[106.22803,10.26091],[106.2265,10.26016],[106.22515,10.25964],[106.2234,10.25879],[106.22304,10.25962],[106.2221,10.25952],[106.22179,10.25912],[106.22059,10.25925],[106.22041,10.25964],[106.22068,10.26027],[106.21873,10.25906],[106.21817,10.25929],[106.21726,10.26013],[106.21665,10.25752],[106.21686,10.25684],[106.21757,10.25673],[106.2179,10.25615],[106.21764,10.25541],[106.21766,10.25329],[106.21847,10.25307],[106.21831,10.25253],[106.21896,10.25212],[106.21881,10.25145],[106.21935,10.25133],[106.21933,10.25074],[106.2197,10.25068],[106.21871,10.24829],[106.21955,10.24788],[106.2204,10.24724],[106.22246,10.24641],[106.22404,10.24607],[106.22555,10.24565],[106.22596,10.24568]]]},"properties":{"a01_tinh":"diaphanhanhchinhcaptinh_sn.42","a02_xa":"diaphanhanhchinhcapxa_2025.2443","a03_ten":"Xã Tiên Thủy","a04_tentinh":"Tỉnh Vĩnh Long","a05_truocsn":"Thị trấn Tiên Thủy, Xã Thành Triệu, Xã Quới Thành","a06_trungtamhc":"UBND thị trấn Tiên Thủy","a07_dt":"33.81","a08_ds":"31792","a09_dthoai":null,"a10_web":null,"ten":"Xã Tiên Thủy","ma":"28861","tentinh":"Tỉnh Vĩnh Long","truocsapnhap":"Thị trấn Tiên Thủy, Xã Thành Triệu, Xã Quới Thành","dientichkm2":null,"dansonguoi":null},"id":"diaphanhanhchinhcapxa_2025.2443"},
{"type":"Feature","geometry":{"type":"Polygon","coordinates":[[[106.1965,9.88707],[106.19614,9.88845],[106.19584,9.88901],[106.19549,9.89087],[106.19488,9.89197],[106.18901,9.8894],[106.18501,9.88788],[106.18371,9.89257],[106.18227,9.89225],[106.18007,9.89187],[106.17877,9.89179],[106.17788,9.89159],[106.17565,9.89127],[106.17528,9.89113],[106.16978,9.8902],[106.16401,9.88932],[106.162,9.88891],[106.16324,9.88531],[106.16763,9.87399],[106.16941,9.86978],[106.17066,9.86699],[106.17214,9.86398],[106.16974,9.86344],[106.16684,9.86202],[106.16559,9.86158],[106.16647,9.86116],[106.16712,9.86063],[106.1674,9.86002],[106.16786,9.85816],[106.16754,9.8572],[106.16669,9.8566],[106.16592,9.85639],[106.16523,9.85595],[106.16388,9.85571],[106.16311,9.85513],[106.16281,9.8542],[106.16322,9.85252],[106.16235,9.84994],[106.16193,9.84926],[106.16258,9.84827],[106.16256,9.84781],[106.16194,9.84715],[106.16152,9.84708],[106.16093,9.84749],[106.15921,9.84699],[106.15964,9.84604],[106.16029,9.84559],[106.16163,9.84595],[106.16208,9.84545],[106.16146,9.84467],[106.16142,9.8443],[106.1619,9.84291],[106.16076,9.84275],[106.1604,9.84176],[106.15948,9.84178],[106.15898,9.8409],[106.15799,9.84101],[106.15803,9.84139],[106.15866,9.84203],[106.15829,9.84268],[106.15692,9.84165],[106.15541,9.84075],[106.15507,9.84001],[106.15397,9.83943],[106.15345,9.83853],[106.15294,9.83834],[106.15255,9.83777],[106.15157,9.83695],[106.14963,9.83498],[106.14735,9.83279],[106.14265,9.82808],[106.1425,9.82817],[106.14029,9.82541],[106.13976,9.82457],[106.13832,9.82282],[106.14085,9.81766],[106.14446,9.81877],[106.14708,9.81158],[106.14805,9.80938],[106.15033,9.81016],[106.15129,9.81035],[106.15234,9.81019],[106.15509,9.80634],[106.15542,9.80499],[106.15555,9.80278],[106.15599,9.80146],[106.15655,9.8006],[106.15733,9.7984],[106.15799,9.79782],[106.15866,9.79766],[106.15977,9.79704],[106.16143,9.79597],[106.16242,9.79522],[106.16329,9.79512],[106.16566,9.79144],[106.16552,9.791],[106.1665,9.7901],[106.16664,9.78918],[106.16745,9.78871],[106.16788,9.78869],[106.16835,9.78813],[106.16918,9.78825],[106.16915,9.78882],[106.17007,9.78889],[106.16997,9.78971],[106.17056,9.78961],[106.17069,9.7902],[106.17143,9.7905],[106.17282,9.79066],[106.17324,9.78998],[106.17368,9.79009],[106.17359,9.79066],[106.17431,9.79097],[106.17472,9.79143],[106.17596,9.79153],[106.17673,9.79203],[106.1774,9.79214],[106.17836,9.79186],[106.17911,9.79228],[106.18012,9.79227],[106.1811,9.79149],[106.18145,9.79071],[106.18189,9.78907],[106.18211,9.78873],[106.18424,9.78911],[106.18745,9.78993],[106.18698,9.79144],[106.18725,9.79203],[106.1878,9.79222],[106.18823,9.79175],[106.18864,9.79037],[106.18901,9.7902],[106.18983,9.79043],[106.18974,9.79074],[106.19186,9.79131],[106.19362,9.79231],[106.19348,9.79253],[106.19468,9.79307],[106.19459,9.7934],[106.19531,9.79378],[106.19764,9.79618],[106.1985,9.79729],[106.20093,9.79736],[106.20122,9.79692],[106.20193,9.79639],[106.20286,9.79647],[106.20432,9.79623],[106.20498,9.79632],[106.20573,9.79676],[106.2081,9.7991],[106.20952,9.80019],[106.20994,9.80033],[106.20974,9.80125],[106.20919,9.80255],[106.20964,9.80348],[106.2097,9.80412],[106.21018,9.80579],[106.21001,9.80619],[106.20811,9.80814],[106.20784,9.80873],[106.20768,9.81018],[106.20748,9.81075],[106.20635,9.8112],[106.20632,9.81181],[106.20658,9.81209],[106.2078,9.81282],[106.20826,9.81368],[106.20969,9.81537],[106.20811,9.81757],[106.20953,9.81823],[106.20873,9.81938],[106.20897,9.81994],[106.20959,9.82017],[106.21232,9.82076],[106.21136,9.82223],[106.21333,9.82292],[106.21264,9.82437],[106.21414,9.82527],[106.2143,9.82582],[106.21471,9.82634],[106.21418,9.82708],[106.21402,9.82783],[106.21346,9.82904],[106.2134,9.82975],[106.21253,9.82936],[106.21216,9.82939],[106.21167,9.82993],[106.21076,9.83027],[106.20938,9.82944],[106.20879,9.82922],[106.20636,9.83398],[106.20483,9.83728],[106.20163,9.83531],[106.20106,9.83662],[106.19527,9.83443],[106.19242,9.83337],[106.19164,9.83601],[106.19137,9.83746],[106.18996,9.84143],[106.18923,9.84412],[106.18904,9.84616],[106.18916,9.84829],[106.1894,9.85023],[106.18978,9.85111],[106.19162,9.85371],[106.19127,9.85578],[106.19123,9.85656],[106.19078,9.85736],[106.19075,9.85785],[106.19145,9.85887],[106.19593,9.86274],[106.196,9.86445],[106.19531,9.86797],[106.19465,9.86966],[106.19265,9.86979],[106.19213,9.87126],[106.1912,9.87249],[106.1887,9.87247],[106.18791,9.87464],[106.1884,9.87434],[106.18885,9.87655],[106.1902,9.87643],[106.19043,9.8784],[106.18794,9.87846],[106.18806,9.87977],[106.1883,9.87976],[106.18829,9.88192],[106.19002,9.88305],[106.19533,9.8863],[106.1965,9.88707]]]},"properties":{"a01_tinh":"diaphanhanhchinhcaptinh_sn.42","a02_xa":"diaphanhanhchinhcapxa_2025.2495","a03_ten":"Xã Tiểu Cần","a04_tentinh":"Tỉnh Vĩnh Long","a05_truocsn":"Thị trấn Tiểu Cần, Xã Phú Cần, Xã Hiếu Trung","a06_trungtamhc":"đang cập nhật","a07_dt":"49.73","a08_ds":"3415","a09_dthoai":null,"a10_web":null,"ten":"Xã Tiểu Cần","ma":"29341","tentinh":"Tỉnh Vĩnh Long","truocsapnhap":"Thị trấn Tiểu Cần, Xã Phú Cần, Xã Hiếu Trung","dientichkm2":null,"dansonguoi":null},"id":"diaphanhanhchinhcapxa_2025.2495"},
{"type":"Feature","geometry":{"type":"Polygon","coordinates":[[[105.98459,10.02368],[105.98379,10.0222],[105.98335,10.02106],[105.98322,10.02037],[105.98273,10.02026],[105.97837,10.01704],[105.97273,10.0129],[105.96483,10.00711],[105.95974,10.00342],[105.95395,9.99919],[105.95086,9.99696],[105.94832,9.99504],[105.94373,9.99179],[105.94142,9.99019],[105.9399,9.98894],[105.94121,9.98768],[105.94167,9.98749],[105.943,9.98739],[105.94366,9.98718],[105.94411,9.98664],[105.94466,9.98655],[105.94586,9.98765],[105.94672,9.98752],[105.94721,9.98665],[105.94827,9.98574],[105.94829,9.98513],[105.94885,9.98498],[105.94838,9.98416],[105.94784,9.98374],[105.948,9.98278],[105.94856,9.98244],[105.94869,9.98157],[105.9496,9.98191],[105.95041,9.98165],[105.95105,9.98193],[105.95114,9.98134],[105.95164,9.98146],[105.95165,9.98028],[105.95114,9.97967],[105.95182,9.97871],[105.95185,9.97804],[105.95229,9.97712],[105.95343,9.9762],[105.95409,9.9755],[105.95574,9.97457],[105.95711,9.97425],[105.95843,9.97404],[105.9594,9.97405],[105.96157,9.97343],[105.96413,9.97307],[105.96564,9.97308],[105.96865,9.97362],[105.96996,9.97325],[105.97063,9.97172],[105.97062,9.97059],[105.97041,9.97],[105.96924,9.96881],[105.96962,9.96795],[105.97052,9.96773],[105.97401,9.96729],[105.97447,9.96436],[105.97459,9.963],[105.97995,9.96212],[105.97984,9.96273],[105.98098,9.9629],[105.98154,9.96429],[105.9829,9.96411],[105.98343,9.96439],[105.98363,9.96523],[105.98495,9.96517],[105.9857,9.96732],[105.98782,9.96661],[105.98882,9.97017],[105.99078,9.96977],[105.99367,9.96927],[105.99394,9.97268],[105.99405,9.9749],[105.99498,9.97475],[105.99652,9.97381],[105.99719,9.97351],[106.00106,9.97252],[106.00178,9.97172],[106.00241,9.97137],[106.00256,9.97258],[106.0037,9.97465],[106.00432,9.97631],[106.00509,9.97741],[106.00518,9.97772],[106.00498,9.97951],[106.00534,9.98007],[106.00489,9.98069],[106.00445,9.98088],[106.00468,9.98223],[106.0048,9.98367],[106.00625,9.98395],[106.00785,9.98374],[106.00905,9.9833],[106.01025,9.9831],[106.01222,9.98314],[106.01299,9.98382],[106.01421,9.98435],[106.0137,9.98505],[106.01428,9.98713],[106.01439,9.9884],[106.01461,9.98899],[106.01427,9.98934],[106.01418,9.99021],[106.01435,9.99191],[106.01508,9.99236],[106.01465,9.99505],[106.01489,9.99575],[106.01558,9.99646],[106.01711,9.99668],[106.01753,9.99723],[106.01706,9.99736],[106.01724,9.99826],[106.01739,10.00015],[106.01753,10.00346],[106.01712,10.00514],[106.01719,10.00672],[106.01766,10.00701],[106.01826,10.00818],[106.01904,10.00878],[106.01963,10.00882],[106.02009,10.00857],[106.02047,10.00713],[106.02106,10.00654],[106.02241,10.00626],[106.02261,10.00594],[106.02297,10.00447],[106.02371,10.00441],[106.02466,10.00485],[106.02532,10.00494],[106.02835,10.00481],[106.02893,10.00435],[106.02873,10.00359],[106.02907,10.00283],[106.0303,10.0023],[106.03096,10.00258],[106.03173,10.00492],[106.03399,10.0111],[106.03412,10.01109],[106.03558,10.01536],[106.03612,10.01712],[106.03706,10.01978],[106.03437,10.02078],[106.03205,10.02143],[106.03229,10.02269],[106.02967,10.0233],[106.0308,10.02685],[106.03119,10.02837],[106.03153,10.0292],[106.03266,10.03121],[106.03364,10.03233],[106.03368,10.03304],[106.03287,10.03442],[106.03257,10.03571],[106.03262,10.03652],[106.03198,10.03691],[106.03175,10.03761],[106.03192,10.0381],[106.03269,10.03854],[106.03337,10.04025],[106.03313,10.04055],[106.03257,10.04062],[106.03149,10.04124],[106.03104,10.04197],[106.03016,10.04286],[106.03162,10.04356],[106.0329,10.04445],[106.03529,10.04509],[106.03576,10.04531],[106.03696,10.04624],[106.03798,10.04652],[106.04012,10.04545],[106.04111,10.04635],[106.04135,10.04691],[106.04191,10.04884],[106.04234,10.0506],[106.04367,10.05759],[106.04412,10.05985],[106.04415,10.06148],[106.04401,10.06452],[106.04402,10.06608],[106.04357,10.06647],[106.04186,10.06651],[106.0395,10.06672],[106.0376,10.06699],[106.0353,10.06691],[106.03416,10.06711],[106.03321,10.06697],[106.03231,10.0666],[106.03196,10.06724],[106.02732,10.06738],[106.0267,10.06717],[106.02565,10.06746],[106.02035,10.06761],[106.01638,10.06789],[106.01681,10.06856],[106.01632,10.06887],[106.01671,10.06972],[106.01618,10.07007],[106.01455,10.06773],[106.01379,10.0666],[106.01119,10.06279],[106.00393,10.05189],[105.99783,10.04311],[105.99271,10.03547],[105.98563,10.02532],[105.98459,10.02368]]]},"properties":{"a01_tinh":"diaphanhanhchinhcaptinh_sn.42","a02_xa":"diaphanhanhchinhcapxa_2025.2557","a03_ten":"Xã Trà Côn","a04_tentinh":"Tỉnh Vĩnh Long","a05_truocsn":"Xã Nhơn Bình, Xã Trà Côn, Xã Tân Mỹ, Thị trấn Tam Bình","a06_trungtamhc":"UBND xã Trà Côn","a07_dt":"59.37","a08_ds":"45778","a09_dthoai":null,"a10_web":null,"ten":"Xã Trà Côn","ma":"29836","tentinh":"Tỉnh Vĩnh Long","truocsapnhap":"Xã Nhơn Bình, Xã Trà Côn, Xã Tân Mỹ, Thị trấn Tam Bình","dientichkm2":null,"dansonguoi":null},"id":"diaphanhanhchinhcapxa_2025.2557"},
{"type":"Feature","geometry":{"type":"Polygon","coordinates":[[[106.31114,9.69109],[106.30905,9.7012],[106.30861,9.70106],[106.30837,9.70247],[106.30632,9.7089],[106.30538,9.71149],[106.30345,9.71123],[106.30235,9.71597],[106.30231,9.71642],[106.30182,9.71656],[106.30031,9.71757],[106.29907,9.71769],[106.29705,9.71759],[106.29532,9.71714],[106.29457,9.71711],[106.29454,9.71765],[106.29368,9.71775],[106.29269,9.71769],[106.29255,9.71938],[106.29289,9.71955],[106.29257,9.72032],[106.2924,9.7213],[106.29194,9.72088],[106.29099,9.72034],[106.29074,9.72395],[106.2907,9.72706],[106.29222,9.72685],[106.29231,9.72815],[106.29223,9.73065],[106.29184,9.73725],[106.28756,9.73587],[106.28686,9.73545],[106.28286,9.73181],[106.28248,9.73165],[106.28126,9.73153],[106.27996,9.73125],[106.27802,9.73053],[106.27667,9.73017],[106.27527,9.72912],[106.27418,9.729],[106.27363,9.72862],[106.27419,9.72768],[106.27459,9.7258],[106.27563,9.72373],[106.27574,9.72285],[106.27695,9.72097],[106.27674,9.72036],[106.2768,9.71976],[106.2761,9.71902],[106.27258,9.71832],[106.2697,9.7178],[106.26953,9.71841],[106.26872,9.71837],[106.26727,9.71743],[106.26675,9.71827],[106.26711,9.71962],[106.26701,9.72038],[106.26715,9.72171],[106.2665,9.72292],[106.26557,9.72277],[106.25742,9.72119],[106.25178,9.72001],[106.25035,9.71978],[106.24441,9.71866],[106.23676,9.71716],[106.23668,9.71567],[106.23669,9.71251],[106.23712,9.71229],[106.23638,9.70712],[106.23629,9.70535],[106.23633,9.70432],[106.23616,9.70348],[106.23644,9.70081],[106.2362,9.70027],[106.23707,9.69999],[106.23698,9.69909],[106.2388,9.69924],[106.2392,9.69798],[106.23953,9.69449],[106.2404,9.69459],[106.24144,9.695],[106.24231,9.69507],[106.24212,9.69218],[106.24267,9.69178],[106.24299,9.69125],[106.24488,9.69017],[106.24599,9.6903],[106.24681,9.69067],[106.24771,9.69067],[106.24836,9.69041],[106.24942,9.69117],[106.24942,9.69167],[106.25,9.69184],[106.25009,9.69236],[106.25096,9.69283],[106.25178,9.69272],[106.25206,9.69213],[106.25301,9.69228],[106.2548,9.69237],[106.25672,9.69293],[106.25704,9.68998],[106.25717,9.68804],[106.25719,9.68558],[106.25766,9.68225],[106.25804,9.68112],[106.25868,9.67841],[106.25876,9.67623],[106.26229,9.67656],[106.26305,9.67543],[106.2633,9.67532],[106.26706,9.67512],[106.26706,9.67364],[106.26736,9.67118],[106.26733,9.67048],[106.26676,9.67009],[106.26687,9.66908],[106.26655,9.66845],[106.26719,9.66826],[106.26703,9.66753],[106.26766,9.66488],[106.26807,9.66252],[106.26934,9.66265],[106.27097,9.66333],[106.27185,9.66343],[106.27165,9.66433],[106.27234,9.66454],[106.27248,9.66521],[106.27424,9.66522],[106.27526,9.66559],[106.27494,9.66687],[106.27533,9.66739],[106.2749,9.66902],[106.27731,9.66867],[106.28055,9.66893],[106.28593,9.66917],[106.2863,9.66921],[106.28591,9.67229],[106.28712,9.67204],[106.28701,9.6732],[106.28985,9.67317],[106.28992,9.67453],[106.29119,9.67455],[106.29405,9.67447],[106.29487,9.67451],[106.29674,9.67435],[106.29709,9.67447],[106.29892,9.67468],[106.30105,9.67499],[106.30089,9.6784],[106.30206,9.67856],[106.30139,9.68266],[106.3013,9.68471],[106.30232,9.685],[106.30684,9.68584],[106.3067,9.68719],[106.30734,9.6875],[106.30889,9.68772],[106.31042,9.68766],[106.31157,9.68818],[106.31114,9.69109]]]},"properties":{"a01_tinh":"diaphanhanhchinhcaptinh_sn.42","a02_xa":"diaphanhanhchinhcapxa_2025.2510","a03_ten":"Xã Trà Cú","a04_tentinh":"Tỉnh Vĩnh Long","a05_truocsn":"Thị trấn Trà Cú, Xã Ngãi Xuyên, Xã Thanh Sơn","a06_trungtamhc":"đang cập nhật","a07_dt":"37.33","a08_ds":"30037","a09_dthoai":null,"a10_web":null,"ten":"Xã Trà Cú","ma":"29461","tentinh":"Tỉnh Vĩnh Long","truocsapnhap":"Thị trấn Trà Cú, Xã Ngãi Xuyên, Xã Thanh Sơn","dientichkm2":null,"dansonguoi":null},"id":"diaphanhanhchinhcapxa_2025.2510"},
{"type":"Feature","geometry":{"type":"Polygon","coordinates":[[[105.97459,9.963],[105.97447,9.96436],[105.97401,9.96729],[105.97052,9.96773],[105.96962,9.96795],[105.96924,9.96881],[105.97041,9.97],[105.97062,9.97059],[105.97063,9.97172],[105.96996,9.97325],[105.96865,9.97362],[105.96564,9.97308],[105.96413,9.97307],[105.96157,9.97343],[105.9594,9.97405],[105.95843,9.97404],[105.95711,9.97425],[105.95574,9.97457],[105.95409,9.9755],[105.95343,9.9762],[105.95229,9.97712],[105.95185,9.97804],[105.95182,9.97871],[105.95114,9.97967],[105.95165,9.98028],[105.95164,9.98146],[105.95114,9.98134],[105.95105,9.98193],[105.95041,9.98165],[105.9496,9.98191],[105.94869,9.98157],[105.94856,9.98244],[105.948,9.98278],[105.94784,9.98374],[105.94838,9.98416],[105.94885,9.98498],[105.94829,9.98513],[105.94827,9.98574],[105.94721,9.98665],[105.94672,9.98752],[105.94586,9.98765],[105.94466,9.98655],[105.94411,9.98664],[105.94366,9.98718],[105.943,9.98739],[105.94167,9.98749],[105.94121,9.98768],[105.9399,9.98894],[105.93879,9.98769],[105.93693,9.98596],[105.93573,9.98492],[105.93488,9.98395],[105.93432,9.98293],[105.93352,9.98114],[105.93278,9.98039],[105.93133,9.9797],[105.93036,9.97858],[105.92905,9.97758],[105.92818,9.97705],[105.92602,9.97593],[105.92435,9.97535],[105.92197,9.97492],[105.92133,9.97467],[105.92062,9.97419],[105.92016,9.97366],[105.91986,9.97238],[105.91976,9.96914],[105.91881,9.96737],[105.91809,9.96644],[105.91723,9.9658],[105.9162,9.9648],[105.91927,9.96221],[105.92042,9.9611],[105.92308,9.95813],[105.92521,9.95593],[105.927,9.95428],[105.92887,9.95286],[105.93195,9.95064],[105.93638,9.94663],[105.93955,9.94371],[105.94077,9.94263],[105.94214,9.94159],[105.94232,9.94043],[105.94317,9.93847],[105.94417,9.93648],[105.94663,9.93086],[105.94963,9.92531],[105.95088,9.92357],[105.95165,9.92269],[105.9532,9.92121],[105.95458,9.92192],[105.95515,9.92203],[105.95778,9.9221],[105.95863,9.92226],[105.95945,9.92279],[105.95974,9.92277],[105.96221,9.92184],[105.96328,9.92223],[105.96433,9.92095],[105.96585,9.91952],[105.97024,9.91573],[105.9708,9.91571],[105.97142,9.91488],[105.97222,9.91408],[105.97368,9.91291],[105.97566,9.91172],[105.97682,9.91077],[105.97827,9.91058],[105.9829,9.90451],[105.98441,9.90287],[105.98623,9.90128],[105.98717,9.90198],[105.98754,9.9028],[105.98951,9.9035],[105.99031,9.90406],[105.99138,9.90618],[105.99176,9.90661],[105.9923,9.90679],[105.99282,9.90668],[105.9938,9.90583],[105.99446,9.90577],[105.99548,9.90543],[105.99626,9.90555],[105.99897,9.90755],[105.99975,9.90843],[106.00134,9.90907],[106.0029,9.91012],[106.00507,9.91111],[106.006,9.91146],[106.00686,9.91199],[106.00858,9.91262],[106.00956,9.91306],[106.01064,9.91328],[106.01116,9.91352],[106.0117,9.91453],[106.01213,9.9149],[106.01448,9.91616],[106.01534,9.91736],[106.01541,9.91787],[106.01521,9.91883],[106.01554,9.91967],[106.01548,9.92025],[106.01441,9.9211],[106.01417,9.92206],[106.01311,9.92345],[106.01302,9.92427],[106.01187,9.92386],[106.01065,9.92362],[106.00944,9.92353],[106.00791,9.92329],[106.00746,9.92364],[106.00735,9.9245],[106.00644,9.92463],[106.00592,9.92552],[106.00622,9.92652],[106.00669,9.92693],[106.00763,9.9273],[106.00753,9.92892],[106.00706,9.92948],[106.0061,9.92982],[106.00508,9.93058],[106.00426,9.93087],[106.00238,9.93212],[106.0022,9.9327],[105.99938,9.93504],[105.99684,9.93698],[105.99347,9.94037],[105.993,9.94055],[105.99171,9.94027],[105.99148,9.94108],[105.98883,9.94008],[105.98653,9.93833],[105.98608,9.93964],[105.98634,9.94079],[105.98615,9.94166],[105.98464,9.94178],[105.98352,9.94141],[105.98316,9.9408],[105.98189,9.94034],[105.98152,9.94251],[105.98171,9.94338],[105.98151,9.94387],[105.9778,9.94419],[105.97828,9.94501],[105.9784,9.94589],[105.97497,9.94475],[105.97466,9.94515],[105.9739,9.94661],[105.9767,9.94759],[105.97707,9.94779],[105.97682,9.9497],[105.97677,9.95094],[105.97654,9.95287],[105.97642,9.95526],[105.97619,9.95759],[105.97648,9.95763],[105.97607,9.96168],[105.97463,9.96236],[105.97459,9.963]]]},"properties":{"a01_tinh":"diaphanhanhchinhcaptinh_sn.42","a02_xa":"diaphanhanhchinhcapxa_2025.2555","a03_ten":"Xã Trà Ôn","a04_tentinh":"Tỉnh Vĩnh Long","a05_truocsn":"Xã Tích Thiện, Thị trấn Trà Ôn","a06_trungtamhc":"Trung tâm hành chính huyện Trà Ôn","a07_dt":"42.78","a08_ds":"37869","a09_dthoai":null,"a10_web":null,"ten":"Xã Trà Ôn","ma":"29821","tentinh":"Tỉnh Vĩnh Long","truocsapnhap":"Xã Tích Thiện, Thị trấn Trà Ôn","dientichkm2":null,"dansonguoi":null},"id":"diaphanhanhchinhcapxa_2025.2555"},
{"type":"Feature","geometry":{"type":"Polygon","coordinates":[[[106.17622,10.10116],[106.17557,10.10088],[106.17469,10.10098],[106.17339,10.10162],[106.17164,10.10159],[106.17108,10.1021],[106.17108,10.10262],[106.17175,10.10364],[106.17187,10.1043],[106.17172,10.10527],[106.17139,10.10608],[106.1706,10.10699],[106.17014,10.10716],[106.16815,10.10708],[106.16664,10.10744],[106.16594,10.10799],[106.16472,10.10953],[106.16391,10.11038],[106.16287,10.11113],[106.16161,10.11154],[106.16119,10.11152],[106.15967,10.11091],[106.15914,10.11091],[106.15784,10.11132],[106.15688,10.11176],[106.15587,10.11244],[106.15399,10.11356],[106.1526,10.11429],[106.15179,10.11488],[106.15121,10.11608],[106.15102,10.1172],[106.15071,10.11778],[106.14982,10.11794],[106.14979,10.11869],[106.14999,10.11911],[106.15061,10.11947],[106.15133,10.11927],[106.15139,10.11814],[106.15201,10.11809],[106.15227,10.1184],[106.15242,10.11934],[106.1529,10.11965],[106.15348,10.11943],[106.15403,10.11887],[106.15493,10.1189],[106.15524,10.11935],[106.15528,10.12129],[106.15555,10.12206],[106.15543,10.12331],[106.15666,10.12564],[106.15564,10.12639],[106.15394,10.1275],[106.14924,10.13041],[106.14639,10.13247],[106.14369,10.13536],[106.14279,10.13641],[106.14119,10.13771],[106.14068,10.1374],[106.13853,10.1392],[106.13818,10.13966],[106.13688,10.14066],[106.13491,10.14184],[106.13412,10.14245],[106.13215,10.14375],[106.13017,10.1407],[106.12867,10.13867],[106.12678,10.1395],[106.12268,10.14151],[106.1222,10.14112],[106.1218,10.14133],[106.11881,10.13741],[106.11813,10.13756],[106.1172,10.13825],[106.11723,10.14066],[106.11144,10.14036],[106.10904,10.14019],[106.10579,10.13987],[106.10279,10.13947],[106.10348,10.13882],[106.10398,10.13777],[106.10434,10.13638],[106.10424,10.1345],[106.10395,10.13307],[106.10342,10.13111],[106.10264,10.12867],[106.10191,10.1267],[106.10033,10.12399],[106.09922,10.123],[106.0988,10.12277],[106.09777,10.12264],[106.0968,10.1229],[106.09517,10.12399],[106.09441,10.12473],[106.09211,10.12651],[106.09144,10.1269],[106.08973,10.12749],[106.08745,10.12802],[106.08385,10.1286],[106.08187,10.12842],[106.08035,10.12807],[106.07965,10.1277],[106.0784,10.1265],[106.07788,10.12534],[106.0776,10.12399],[106.07767,10.12243],[106.07782,10.12148],[106.07837,10.12017],[106.07936,10.11891],[106.08087,10.11796],[106.08177,10.11768],[106.0833,10.11737],[106.08452,10.11687],[106.08512,10.11631],[106.08527,10.11519],[106.08512,10.11468],[106.08449,10.1135],[106.08347,10.11192],[106.0813,10.10815],[106.07925,10.10515],[106.07647,10.10172],[106.07543,10.1007],[106.07444,10.09991],[106.07319,10.09921],[106.07198,10.09879],[106.07115,10.0983],[106.07056,10.09776],[106.07029,10.09668],[106.07049,10.09545],[106.07097,10.09348],[106.07091,10.09263],[106.07039,10.09153],[106.06992,10.09119],[106.07033,10.09064],[106.07234,10.08737],[106.07386,10.08506],[106.07436,10.0847],[106.07597,10.083],[106.07695,10.08162],[106.07867,10.08037],[106.07978,10.07946],[106.08217,10.07784],[106.08294,10.07766],[106.08394,10.07769],[106.0841,10.07866],[106.08399,10.07936],[106.08443,10.07976],[106.08462,10.08104],[106.08459,10.08173],[106.08536,10.08274],[106.08545,10.08316],[106.08627,10.08399],[106.08685,10.08516],[106.08906,10.08855],[106.08903,10.08924],[106.08965,10.08982],[106.09019,10.09091],[106.09141,10.09254],[106.09172,10.09324],[106.0928,10.09492],[106.09285,10.09546],[106.09447,10.09565],[106.09691,10.09577],[106.09783,10.09572],[106.10342,10.09688],[106.1045,10.09696],[106.10824,10.09781],[106.11012,10.098],[106.11278,10.09813],[106.11352,10.09805],[106.11591,10.09883],[106.11579,10.09953],[106.11664,10.09976],[106.11819,10.09995],[106.12065,10.10048],[106.12077,10.10035],[106.12299,10.1006],[106.12678,10.10111],[106.12789,10.10132],[106.13012,10.0962],[106.13053,10.09302],[106.13167,10.08273],[106.1316,10.0823],[106.13778,10.08161],[106.13884,10.08527],[106.15253,10.08274],[106.15326,10.08288],[106.15903,10.08624],[106.16419,10.08348],[106.16502,10.08282],[106.16598,10.08253],[106.16668,10.0836],[106.16715,10.0837],[106.16756,10.08294],[106.16837,10.08318],[106.16938,10.08316],[106.17165,10.08374],[106.17132,10.08454],[106.17133,10.08504],[106.1717,10.08587],[106.17142,10.08738],[106.17165,10.08773],[106.17182,10.08862],[106.17239,10.08891],[106.17321,10.08859],[106.17357,10.0887],[106.17385,10.08945],[106.17469,10.08975],[106.1753,10.08961],[106.17548,10.09017],[106.17627,10.09104],[106.17608,10.09193],[106.17609,10.09282],[106.17665,10.09352],[106.17625,10.09403],[106.17614,10.09453],[106.17659,10.09507],[106.17658,10.09585],[106.17705,10.0968],[106.17713,10.09728],[106.17666,10.09862],[106.17653,10.1003],[106.17622,10.10116]]]},"properties":{"a01_tinh":"diaphanhanhchinhcaptinh_sn.42","a02_xa":"diaphanhanhchinhcapxa_2025.2539","a03_ten":"Xã Trung Hiệp","a04_tentinh":"Tỉnh Vĩnh Long","a05_truocsn":"Xã Tân An Luông, Xã Trung Chánh, Xã Trung Hiệp","a06_trungtamhc":"UBND xã Trung Hiệp","a07_dt":"46.73","a08_ds":"34451","a09_dthoai":null,"a10_web":null,"ten":"Xã Trung Hiệp","ma":"29683","tentinh":"Tỉnh Vĩnh Long","truocsapnhap":"Xã Tân An Luông, Xã Trung Chánh, Xã Trung Hiệp","dientichkm2":null,"dansonguoi":null},"id":"diaphanhanhchinhcapxa_2025.2539"},
{"type":"Feature","geometry":{"type":"Polygon","coordinates":[[[106.22733,10.09181],[106.22472,10.09437],[106.22048,10.09888],[106.21893,10.10064],[106.21671,10.10276],[106.21238,10.09901],[106.21119,10.09891],[106.20996,10.09912],[106.20712,10.09945],[106.20529,10.09972],[106.2022,10.09897],[106.20084,10.099],[106.19925,10.09878],[106.19733,10.09829],[106.19736,10.09717],[106.19777,10.09715],[106.19769,10.0955],[106.1975,10.09369],[106.19778,10.09289],[106.19906,10.09287],[106.19933,10.09232],[106.19929,10.09179],[106.19872,10.09087],[106.19911,10.09024],[106.19956,10.08996],[106.19988,10.08926],[106.19981,10.08895],[106.2002,10.08797],[106.19993,10.08782],[106.20003,10.08716],[106.19937,10.0871],[106.19877,10.0874],[106.19855,10.08679],[106.19879,10.08577],[106.19909,10.08514],[106.19949,10.08517],[106.20052,10.08241],[106.20127,10.08009],[106.20335,10.07328],[106.20436,10.07353],[106.20438,10.07138],[106.20467,10.07087],[106.20691,10.06824],[106.20921,10.06568],[106.20854,10.06552],[106.20625,10.06412],[106.20472,10.06374],[106.20389,10.06401],[106.20352,10.06431],[106.19968,10.06359],[106.19777,10.06313],[106.1968,10.06277],[106.1969,10.06219],[106.19572,10.06184],[106.19625,10.05872],[106.19476,10.05793],[106.19254,10.05632],[106.19159,10.05581],[106.18798,10.05409],[106.18699,10.05356],[106.18543,10.05289],[106.18362,10.05223],[106.18399,10.0514],[106.18597,10.04774],[106.18352,10.04638],[106.18419,10.04432],[106.18273,10.04344],[106.18279,10.04329],[106.17873,10.04117],[106.17991,10.04003],[106.18124,10.03834],[106.17928,10.03753],[106.17607,10.0364],[106.17246,10.03497],[106.16819,10.03333],[106.16746,10.03334],[106.16731,10.03407],[106.16408,10.0329],[106.16306,10.03258],[106.16045,10.03267],[106.16175,10.03157],[106.16461,10.029],[106.16905,10.0252],[106.17119,10.02345],[106.17186,10.02274],[106.17215,10.02218],[106.17825,10.02338],[106.17959,10.02386],[106.18053,10.02407],[106.18257,10.02438],[106.18507,10.02495],[106.18731,10.02535],[106.18999,10.02626],[106.19072,10.02611],[106.19186,10.02524],[106.19412,10.02501],[106.19482,10.02481],[106.19543,10.02376],[106.19578,10.02207],[106.19626,10.02061],[106.1975,10.01829],[106.19805,10.01693],[106.19856,10.01511],[106.1992,10.01441],[106.20031,10.01347],[106.20372,10.00995],[106.20453,10.00962],[106.20611,10.01136],[106.20674,10.01182],[106.20802,10.01173],[106.20836,10.01144],[106.20845,10.01085],[106.20779,10.00984],[106.20847,10.0089],[106.20905,10.00859],[106.20955,10.00883],[106.21033,10.00847],[106.21104,10.00874],[106.21229,10.01131],[106.21348,10.01273],[106.21475,10.01468],[106.21584,10.01475],[106.21727,10.01503],[106.21832,10.01461],[106.2214,10.01471],[106.22245,10.01634],[106.2232,10.01725],[106.22407,10.018],[106.22544,10.01873],[106.22803,10.01954],[106.22911,10.02019],[106.231,10.02201],[106.23207,10.02327],[106.23232,10.0242],[106.23226,10.0249],[106.23147,10.02807],[106.23135,10.0293],[106.23137,10.03395],[106.23134,10.0361],[106.23099,10.04044],[106.23103,10.04191],[106.22833,10.0424],[106.22685,10.04285],[106.22282,10.04358],[106.22327,10.04425],[106.22682,10.04819],[106.22676,10.04876],[106.22519,10.05486],[106.22465,10.05604],[106.22511,10.0567],[106.22503,10.0571],[106.22736,10.05805],[106.22893,10.05889],[106.22789,10.05942],[106.22739,10.06011],[106.22732,10.06082],[106.22762,10.06219],[106.22768,10.06351],[106.22819,10.06402],[106.22848,10.06535],[106.22921,10.06654],[106.22849,10.06669],[106.22773,10.06754],[106.22828,10.07049],[106.2286,10.07134],[106.22943,10.07257],[106.2304,10.07314],[106.23156,10.07359],[106.23182,10.07338],[106.23253,10.07382],[106.23258,10.07417],[106.23214,10.07491],[106.23307,10.07661],[106.2345,10.07798],[106.23828,10.08213],[106.23754,10.08288],[106.23564,10.08435],[106.23172,10.08762],[106.22984,10.08949],[106.22743,10.09172],[106.22733,10.09181]]]},"properties":{"a01_tinh":"diaphanhanhchinhcaptinh_sn.42","a02_xa":"diaphanhanhchinhcapxa_2025.2542","a03_ten":"Xã Trung Ngãi","a04_tentinh":"Tỉnh Vĩnh Long","a05_truocsn":"Xã Trung Thành Đông, Xã Trung Nghĩa, Xã Trung Ngãi","a06_trungtamhc":"UBND xã Trung Ngãi","a07_dt":"39.25","a08_ds":"27309","a09_dthoai":null,"a10_web":null,"ten":"Xã Trung Ngãi","ma":"29698","tentinh":"Tỉnh Vĩnh Long","truocsapnhap":"Xã Trung Thành Đông, Xã Trung Nghĩa, Xã Trung Ngãi","dientichkm2":null,"dansonguoi":null},"id":"diaphanhanhchinhcapxa_2025.2542"},
{"type":"Feature","geometry":{"type":"Polygon","coordinates":[[[106.19733,10.09829],[106.19607,10.09849],[106.19516,10.09907],[106.19406,10.10012],[106.19309,10.1006],[106.19223,10.10119],[106.19114,10.10211],[106.19047,10.10234],[106.18989,10.10232],[106.18893,10.10183],[106.18802,10.10183],[106.18735,10.10165],[106.18693,10.10126],[106.18688,10.10039],[106.18718,10.09934],[106.1871,10.09856],[106.18682,10.09805],[106.18581,10.09787],[106.18407,10.09805],[106.18351,10.09857],[106.18321,10.09935],[106.183,10.1006],[106.18259,10.10125],[106.18189,10.10159],[106.18038,10.10176],[106.1791,10.10206],[106.17782,10.1021],[106.17717,10.10194],[106.17622,10.10116],[106.17653,10.1003],[106.17666,10.09862],[106.17713,10.09728],[106.17705,10.0968],[106.17658,10.09585],[106.17659,10.09507],[106.17614,10.09453],[106.17625,10.09403],[106.17665,10.09352],[106.17609,10.09282],[106.17608,10.09193],[106.17627,10.09104],[106.17548,10.09017],[106.1753,10.08961],[106.17469,10.08975],[106.17385,10.08945],[106.17357,10.0887],[106.17321,10.08859],[106.17239,10.08891],[106.17182,10.08862],[106.17165,10.08773],[106.17142,10.08738],[106.1717,10.08587],[106.17133,10.08504],[106.17132,10.08454],[106.17165,10.08374],[106.16938,10.08316],[106.16837,10.08318],[106.16756,10.08294],[106.16715,10.0837],[106.16668,10.0836],[106.16598,10.08253],[106.16502,10.08282],[106.16419,10.08348],[106.15903,10.08624],[106.15326,10.08288],[106.15253,10.08274],[106.13884,10.08527],[106.13778,10.08161],[106.1316,10.0823],[106.13126,10.08025],[106.12777,10.08112],[106.12721,10.0792],[106.12566,10.07427],[106.12604,10.07184],[106.12625,10.06927],[106.12646,10.06551],[106.12899,10.0651],[106.12839,10.06146],[106.12974,10.06096],[106.12964,10.06058],[106.13117,10.06012],[106.13056,10.05875],[106.1302,10.05756],[106.13405,10.05649],[106.1337,10.05551],[106.14082,10.05304],[106.14604,10.05116],[106.14622,10.05105],[106.14862,10.05051],[106.16317,10.05026],[106.16568,10.05071],[106.16515,10.04485],[106.16477,10.04431],[106.16367,10.04376],[106.16423,10.03988],[106.16449,10.03896],[106.16448,10.03801],[106.16424,10.03727],[106.16413,10.03501],[106.16397,10.03425],[106.16408,10.0329],[106.16731,10.03407],[106.16746,10.03334],[106.16819,10.03333],[106.17246,10.03497],[106.17607,10.0364],[106.17928,10.03753],[106.18124,10.03834],[106.17991,10.04003],[106.17873,10.04117],[106.18279,10.04329],[106.18273,10.04344],[106.18419,10.04432],[106.18352,10.04638],[106.18597,10.04774],[106.18399,10.0514],[106.18362,10.05223],[106.18543,10.05289],[106.18699,10.05356],[106.18798,10.05409],[106.19159,10.05581],[106.19254,10.05632],[106.19476,10.05793],[106.19625,10.05872],[106.19572,10.06184],[106.1969,10.06219],[106.1968,10.06277],[106.19777,10.06313],[106.19968,10.06359],[106.20352,10.06431],[106.20389,10.06401],[106.20472,10.06374],[106.20625,10.06412],[106.20854,10.06552],[106.20921,10.06568],[106.20691,10.06824],[106.20467,10.07087],[106.20438,10.07138],[106.20436,10.07353],[106.20335,10.07328],[106.20127,10.08009],[106.20052,10.08241],[106.19949,10.08517],[106.19909,10.08514],[106.19879,10.08577],[106.19855,10.08679],[106.19877,10.0874],[106.19937,10.0871],[106.20003,10.08716],[106.19993,10.08782],[106.2002,10.08797],[106.19981,10.08895],[106.19988,10.08926],[106.19956,10.08996],[106.19911,10.09024],[106.19872,10.09087],[106.19929,10.09179],[106.19933,10.09232],[106.19906,10.09287],[106.19778,10.09289],[106.1975,10.09369],[106.19769,10.0955],[106.19777,10.09715],[106.19736,10.09717],[106.19733,10.09829]]]},"properties":{"a01_tinh":"diaphanhanhchinhcaptinh_sn.42","a02_xa":"diaphanhanhchinhcapxa_2025.2541","a03_ten":"Xã Trung Thành","a04_tentinh":"Tỉnh Vĩnh Long","a05_truocsn":"Thị trấn Vũng Liêm, Xã Trung Hiếu, Xã Trung Thành","a06_trungtamhc":"Trung tâm hành chính huyện Vũng Liêm","a07_dt":"35.88","a08_ds":"35593","a09_dthoai":null,"a10_web":null,"ten":"Xã Trung Thành","ma":"29659","tentinh":"Tỉnh Vĩnh Long","truocsapnhap":"Thị trấn Vũng Liêm, Xã Trung Hiếu, Xã Trung Thành","dientichkm2":null,"dansonguoi":null},"id":"diaphanhanhchinhcapxa_2025.2541"},
{"type":"Feature","geometry":{"type":"Polygon","coordinates":[[[106.48834,9.85304],[106.4863,9.85541],[106.48494,9.85676],[106.48384,9.85804],[106.4817,9.86014],[106.47837,9.86304],[106.47767,9.86384],[106.47376,9.86755],[106.47231,9.86845],[106.47004,9.87068],[106.4669,9.87398],[106.44587,9.89689],[106.44068,9.89213],[106.43924,9.89172],[106.43715,9.89083],[106.43646,9.89006],[106.43639,9.88941],[106.43678,9.88685],[106.438,9.88166],[106.43841,9.88065],[106.43891,9.87978],[106.44019,9.87798],[106.44096,9.87672],[106.44137,9.87578],[106.44185,9.87399],[106.44267,9.87212],[106.44418,9.86947],[106.44451,9.86846],[106.44456,9.86748],[106.44489,9.86582],[106.44472,9.86458],[106.44384,9.86157],[106.44204,9.86191],[106.44086,9.86197],[106.43995,9.86187],[106.43798,9.86147],[106.43587,9.8605],[106.43507,9.85991],[106.43365,9.85907],[106.43315,9.85894],[106.43176,9.85905],[106.43004,9.85953],[106.42889,9.86008],[106.42808,9.86068],[106.42659,9.86217],[106.42583,9.86278],[106.42425,9.8634],[106.42323,9.8639],[106.4218,9.8639],[106.41974,9.8636],[106.418,9.863],[106.41659,9.86228],[106.41392,9.86048],[106.41245,9.85976],[106.41082,9.85916],[106.4099,9.85904],[106.40858,9.85907],[106.40715,9.85836],[106.40611,9.85808],[106.4059,9.85883],[106.40546,9.85902],[106.40413,9.85862],[106.40373,9.85834],[106.40224,9.85768],[106.40153,9.85716],[106.39998,9.85648],[106.39822,9.85522],[106.39632,9.85373],[106.39489,9.85294],[106.3939,9.85253],[106.3918,9.85197],[106.38961,9.85163],[106.38711,9.85158],[106.38589,9.85137],[106.3841,9.85066],[106.38039,9.84896],[106.38037,9.84699],[106.3801,9.84122],[106.37981,9.83663],[106.37965,9.83295],[106.3795,9.83034],[106.37928,9.82484],[106.37923,9.82469],[106.37875,9.82065],[106.37846,9.81754],[106.38223,9.81724],[106.38866,9.81679],[106.39359,9.81649],[106.39783,9.81618],[106.4033,9.81583],[106.40434,9.81565],[106.40566,9.81502],[106.40809,9.81411],[106.40944,9.81394],[106.41072,9.81391],[106.41234,9.81404],[106.4162,9.81416],[106.42274,9.81451],[106.42757,9.81468],[106.43059,9.81475],[106.43291,9.81487],[106.43331,9.81527],[106.43396,9.81936],[106.43399,9.81993],[106.43353,9.82028],[106.4336,9.82298],[106.43327,9.82378],[106.43351,9.8242],[106.43352,9.82633],[106.43398,9.82659],[106.43471,9.82738],[106.43502,9.82808],[106.4355,9.82868],[106.43736,9.83035],[106.43811,9.83127],[106.43877,9.83113],[106.44191,9.82957],[106.44351,9.82849],[106.4451,9.82826],[106.44568,9.82792],[106.44538,9.82675],[106.44518,9.82498],[106.44517,9.82385],[106.44815,9.82339],[106.44815,9.82314],[106.44961,9.82288],[106.4493,9.82244],[106.44608,9.82006],[106.44497,9.8188],[106.44738,9.81883],[106.44771,9.81845],[106.44773,9.81796],[106.4483,9.81767],[106.45181,9.81755],[106.45377,9.81755],[106.45392,9.81857],[106.45555,9.8185],[106.45589,9.81888],[106.45673,9.81869],[106.45691,9.81788],[106.45778,9.81793],[106.45952,9.81835],[106.45983,9.81656],[106.46135,9.81767],[106.46297,9.81841],[106.46399,9.8185],[106.46394,9.81898],[106.46437,9.82052],[106.46456,9.82073],[106.46633,9.81966],[106.46805,9.82188],[106.46901,9.82117],[106.46997,9.82217],[106.47193,9.82392],[106.47145,9.82483],[106.47021,9.82494],[106.46941,9.82654],[106.46905,9.82693],[106.46825,9.82833],[106.46696,9.82998],[106.46628,9.83036],[106.46694,9.83074],[106.46726,9.83138],[106.46714,9.83202],[106.46722,9.833],[106.46771,9.83356],[106.46844,9.83395],[106.46932,9.83373],[106.47009,9.8338],[106.4703,9.83436],[106.47038,9.83588],[106.47125,9.83699],[106.47122,9.83823],[106.47141,9.83861],[106.47211,9.83913],[106.47315,9.84012],[106.47389,9.8404],[106.47447,9.84103],[106.47599,9.84233],[106.47814,9.84372],[106.47793,9.84395],[106.47953,9.84487],[106.48022,9.84604],[106.48146,9.84717],[106.48216,9.84803],[106.48834,9.85304]]]},"properties":{"a01_tinh":"diaphanhanhchinhcaptinh_sn.42","a02_xa":"diaphanhanhchinhcapxa_2025.2507","a03_ten":"Xã Vinh Kim","a04_tentinh":"Tỉnh Vĩnh Long","a05_truocsn":"Xã Kim Hòa, Xã Vinh Kim","a06_trungtamhc":"UBND xã Vinh Kim","a07_dt":"56.68","a08_ds":"30261","a09_dthoai":null,"a10_web":null,"ten":"Xã Vinh Kim","ma":"29431","tentinh":"Tỉnh Vĩnh Long","truocsapnhap":"Xã Kim Hòa, Xã Vinh Kim","dientichkm2":null,"dansonguoi":null},"id":"diaphanhanhchinhcapxa_2025.2507"},
{"type":"Feature","geometry":{"type":"Polygon","coordinates":[[[106.23826,10.21641],[106.23786,10.21813],[106.238,10.22084],[106.23846,10.22293],[106.23917,10.2231],[106.24239,10.22305],[106.24646,10.22281],[106.24783,10.22283],[106.24955,10.22262],[106.25067,10.22265],[106.25107,10.22303],[106.25178,10.22466],[106.25264,10.22706],[106.25306,10.22763],[106.25391,10.23017],[106.25445,10.23134],[106.25531,10.23356],[106.25518,10.23435],[106.254,10.23605],[106.25145,10.23957],[106.25021,10.24097],[106.25023,10.24262],[106.24944,10.24445],[106.24937,10.24501],[106.24956,10.24572],[106.24996,10.24607],[106.25047,10.24613],[106.25112,10.24551],[106.25178,10.24546],[106.25232,10.24601],[106.25211,10.24663],[106.25281,10.24747],[106.25283,10.24798],[106.25151,10.24898],[106.249,10.25061],[106.24564,10.24898],[106.23159,10.24402],[106.23096,10.24379],[106.23012,10.24344],[106.22889,10.24286],[106.22646,10.24159],[106.22424,10.24019],[106.22262,10.23941],[106.2207,10.23887],[106.21841,10.23884],[106.21657,10.23904],[106.21451,10.23935],[106.21144,10.23997],[106.21088,10.24013],[106.20992,10.23749],[106.20986,10.23647],[106.21006,10.23545],[106.20982,10.23507],[106.20915,10.23476],[106.20806,10.23374],[106.2102,10.23219],[106.21151,10.23099],[106.2119,10.2305],[106.21189,10.22807],[106.21224,10.22747],[106.21189,10.2265],[106.21196,10.2257],[106.2127,10.22578],[106.21268,10.22615],[106.21382,10.22618],[106.21545,10.22606],[106.21575,10.22576],[106.21369,10.22463],[106.21197,10.22322],[106.20943,10.21684],[106.21065,10.21545],[106.21193,10.2143],[106.21132,10.21357],[106.21025,10.21303],[106.21035,10.21134],[106.20929,10.21021],[106.2089,10.2094],[106.20926,10.20774],[106.21048,10.2033],[106.21051,10.20155],[106.20942,10.20169],[106.20867,10.20227],[106.20767,10.20462],[106.20698,10.20797],[106.20659,10.20929],[106.2059,10.20989],[106.20378,10.20982],[106.20205,10.21069],[106.19983,10.21173],[106.19811,10.21267],[106.19641,10.21322],[106.1966,10.21439],[106.1956,10.215],[106.19415,10.21354],[106.19384,10.21384],[106.19236,10.21441],[106.19186,10.21401],[106.19174,10.21353],[106.1911,10.21315],[106.19099,10.21274],[106.19039,10.21222],[106.18943,10.21206],[106.18621,10.21334],[106.18536,10.21279],[106.18308,10.2123],[106.18222,10.2118],[106.18167,10.21182],[106.18141,10.21215],[106.18107,10.21314],[106.17823,10.21418],[106.17718,10.21481],[106.17601,10.21615],[106.17683,10.21698],[106.17709,10.21751],[106.17725,10.21848],[106.17782,10.22051],[106.17782,10.22124],[106.17762,10.22225],[106.17781,10.22305],[106.17876,10.22311],[106.17917,10.22344],[106.17928,10.22405],[106.17792,10.22468],[106.17632,10.22528],[106.17438,10.22612],[106.1738,10.2263],[106.17216,10.22623],[106.1719,10.22633],[106.17095,10.22597],[106.16864,10.22549],[106.1675,10.225],[106.16718,10.2245],[106.16658,10.22404],[106.16545,10.22363],[106.16513,10.22328],[106.16513,10.2225],[106.16477,10.22169],[106.1639,10.22159],[106.16355,10.22135],[106.16226,10.22132],[106.16212,10.22052],[106.16266,10.21853],[106.16338,10.21663],[106.15726,10.21271],[106.14889,10.21346],[106.1411,10.21499],[106.14135,10.21096],[106.14206,10.20797],[106.14269,10.2064],[106.14544,10.2027],[106.14707,10.20084],[106.14919,10.19912],[106.15182,10.1976],[106.15377,10.19639],[106.15574,10.19542],[106.15694,10.19551],[106.16179,10.19299],[106.16458,10.19097],[106.16627,10.18947],[106.16707,10.18867],[106.1684,10.18702],[106.16928,10.18546],[106.17066,10.18358],[106.17386,10.17939],[106.17461,10.17869],[106.17544,10.17753],[106.17671,10.17627],[106.17786,10.17559],[106.17853,10.17544],[106.1844,10.17637],[106.18784,10.17628],[106.19198,10.17479],[106.1935,10.17374],[106.20229,10.16652],[106.20388,10.16513],[106.20494,10.16862],[106.20605,10.17298],[106.20695,10.17624],[106.20819,10.1756],[106.20911,10.17548],[106.20971,10.17496],[106.2105,10.17489],[106.2109,10.17426],[106.2114,10.17445],[106.21179,10.17529],[106.21243,10.17483],[106.2146,10.1741],[106.21556,10.17397],[106.2176,10.17339],[106.21815,10.17374],[106.21804,10.17404],[106.21742,10.17426],[106.21723,10.17491],[106.2176,10.17531],[106.21815,10.1754],[106.21894,10.17501],[106.21977,10.17502],[106.22044,10.17543],[106.22161,10.17541],[106.22209,10.17485],[106.22251,10.17492],[106.22257,10.17557],[106.22286,10.17612],[106.22327,10.17628],[106.22402,10.17578],[106.22444,10.17531],[106.2259,10.17499],[106.22605,10.17563],[106.22662,10.17665],[106.22712,10.17722],[106.2282,10.17766],[106.22866,10.17809],[106.22918,10.17817],[106.2306,10.17924],[106.23128,10.1801],[106.23143,10.18071],[106.2311,10.18145],[106.23027,10.18186],[106.22943,10.18165],[106.22811,10.18166],[106.22613,10.18149],[106.22536,10.18157],[106.22408,10.18245],[106.2241,10.18329],[106.22459,10.18413],[106.22607,10.1852],[106.22683,10.18619],[106.22809,10.18706],[106.22857,10.18721],[106.2296,10.1872],[106.22995,10.18789],[106.22998,10.19086],[106.23029,10.19601],[106.23053,10.19757],[106.23077,10.19807],[106.23146,10.19827],[106.23321,10.19762],[106.23557,10.19689],[106.23686,10.19664],[106.23986,10.19636],[106.24103,10.19663],[106.2415,10.19701],[106.24186,10.19782],[106.24203,10.19897],[106.24253,10.20094],[106.2426,10.20157],[106.24249,10.20292],[106.24236,10.20554],[106.24206,10.20785],[106.24179,10.20927],[106.24147,10.20995],[106.24101,10.20976],[106.24013,10.20978],[106.23963,10.21006],[106.23924,10.21061],[106.23882,10.21221],[106.23826,10.21641]]]},"properties":{"a01_tinh":"diaphanhanhchinhcaptinh_sn.42","a02_xa":"diaphanhanhchinhcapxa_2025.2446","a03_ten":"Xã Vĩnh Thành","a04_tentinh":"Tỉnh Vĩnh Long","a05_truocsn":"Xã Phú Sơn, Xã Tân Thiềng, Xã Vĩnh Thành","a06_trungtamhc":"UBND xã Vĩnh Thành","a07_dt":"52.01","a08_ds":"42885","a09_dthoai":null,"a10_web":null,"ten":"Xã Vĩnh Thành","ma":"28894","tentinh":"Tỉnh Vĩnh Long","truocsapnhap":"Xã Phú Sơn, Xã Tân Thiềng, Xã Vĩnh Thành","dientichkm2":null,"dansonguoi":null},"id":"diaphanhanhchinhcapxa_2025.2446"},
{"type":"Feature","geometry":{"type":"Polygon","coordinates":[[[106.03173,10.00492],[106.03096,10.00258],[106.0303,10.0023],[106.02907,10.00283],[106.02873,10.00359],[106.02893,10.00435],[106.02835,10.00481],[106.02532,10.00494],[106.02466,10.00485],[106.02371,10.00441],[106.02297,10.00447],[106.02261,10.00594],[106.02241,10.00626],[106.02106,10.00654],[106.02047,10.00713],[106.02009,10.00857],[106.01963,10.00882],[106.01904,10.00878],[106.01826,10.00818],[106.01766,10.00701],[106.01719,10.00672],[106.01712,10.00514],[106.01753,10.00346],[106.01739,10.00015],[106.01724,9.99826],[106.01706,9.99736],[106.01753,9.99723],[106.01711,9.99668],[106.01558,9.99646],[106.01489,9.99575],[106.01465,9.99505],[106.01508,9.99236],[106.01435,9.99191],[106.01418,9.99021],[106.01427,9.98934],[106.01461,9.98899],[106.01439,9.9884],[106.01428,9.98713],[106.0137,9.98505],[106.01421,9.98435],[106.01299,9.98382],[106.01222,9.98314],[106.01025,9.9831],[106.00905,9.9833],[106.00785,9.98374],[106.00625,9.98395],[106.0048,9.98367],[106.00468,9.98223],[106.00445,9.98088],[106.00489,9.98069],[106.00534,9.98007],[106.00498,9.97951],[106.00518,9.97772],[106.00509,9.97741],[106.00432,9.97631],[106.0037,9.97465],[106.00256,9.97258],[106.00241,9.97137],[106.00178,9.97172],[106.00106,9.97252],[105.99719,9.97351],[105.99652,9.97381],[105.99498,9.97475],[105.99405,9.9749],[105.99394,9.97268],[105.99367,9.96927],[105.99078,9.96977],[105.98882,9.97017],[105.98782,9.96661],[105.9857,9.96732],[105.98495,9.96517],[105.98363,9.96523],[105.98343,9.96439],[105.9829,9.96411],[105.98154,9.96429],[105.98098,9.9629],[105.97984,9.96273],[105.97995,9.96212],[105.97459,9.963],[105.97463,9.96236],[105.97607,9.96168],[105.97648,9.95763],[105.97619,9.95759],[105.97642,9.95526],[105.97654,9.95287],[105.97677,9.95094],[105.97682,9.9497],[105.97707,9.94779],[105.9767,9.94759],[105.9739,9.94661],[105.97466,9.94515],[105.97497,9.94475],[105.9784,9.94589],[105.97828,9.94501],[105.9778,9.94419],[105.98151,9.94387],[105.98171,9.94338],[105.98152,9.94251],[105.98189,9.94034],[105.98316,9.9408],[105.98352,9.94141],[105.98464,9.94178],[105.98615,9.94166],[105.98634,9.94079],[105.98608,9.93964],[105.98653,9.93833],[105.98883,9.94008],[105.99148,9.94108],[105.99171,9.94027],[105.993,9.94055],[105.99347,9.94037],[105.99684,9.93698],[105.99938,9.93504],[106.0022,9.9327],[106.00238,9.93212],[106.00426,9.93087],[106.00508,9.93058],[106.0061,9.92982],[106.00706,9.92948],[106.00753,9.92892],[106.00763,9.9273],[106.00669,9.92693],[106.00622,9.92652],[106.00592,9.92552],[106.00644,9.92463],[106.00735,9.9245],[106.00746,9.92364],[106.00791,9.92329],[106.00944,9.92353],[106.01065,9.92362],[106.01187,9.92386],[106.01302,9.92427],[106.01499,9.92554],[106.01662,9.9265],[106.01731,9.92735],[106.01799,9.92856],[106.01949,9.93149],[106.0202,9.93274],[106.02108,9.93289],[106.02182,9.93237],[106.02196,9.93168],[106.02318,9.93057],[106.024,9.93045],[106.02463,9.93056],[106.025,9.93039],[106.0257,9.92963],[106.02681,9.92957],[106.02711,9.92824],[106.02769,9.92767],[106.02944,9.92787],[106.03053,9.92779],[106.03151,9.92744],[106.03344,9.92704],[106.03479,9.9269],[106.03627,9.92747],[106.03688,9.92756],[106.03782,9.92717],[106.0386,9.9282],[106.03898,9.92847],[106.03919,9.92963],[106.03909,9.93038],[106.0394,9.93088],[106.03952,9.93156],[106.04014,9.93222],[106.0423,9.93284],[106.04249,9.93324],[106.04248,9.93491],[106.04321,9.93587],[106.0436,9.93596],[106.0448,9.93728],[106.04571,9.9381],[106.04653,9.93846],[106.04737,9.9386],[106.04883,9.93946],[106.05124,9.94122],[106.05237,9.94163],[106.05341,9.94177],[106.05363,9.94194],[106.05553,9.94217],[106.05516,9.94473],[106.05623,9.94551],[106.05584,9.94677],[106.05975,9.94615],[106.06264,9.9456],[106.06312,9.9474],[106.06296,9.94784],[106.06507,9.94779],[106.06599,9.94763],[106.0704,9.94638],[106.07319,9.94601],[106.07523,9.94555],[106.07665,9.94482],[106.07787,9.94695],[106.07871,9.94855],[106.07836,9.94884],[106.07905,9.94938],[106.08619,9.95902],[106.08659,9.95962],[106.08537,9.96041],[106.08195,9.96277],[106.07696,9.96609],[106.07374,9.96836],[106.06994,9.97115],[106.06862,9.97202],[106.06602,9.97388],[106.06508,9.97454],[106.05989,9.97841],[106.05846,9.97911],[106.05767,9.97969],[106.0569,9.98078],[106.0544,9.98272],[106.05353,9.98321],[106.05093,9.98418],[106.04975,9.98477],[106.04939,9.98529],[106.04934,9.98704],[106.04853,9.98868],[106.04651,9.99076],[106.04539,9.99156],[106.04444,9.99185],[106.0439,9.99217],[106.04359,9.99291],[106.0433,9.99432],[106.04265,9.99461],[106.04161,9.99436],[106.04104,9.99453],[106.03919,9.99637],[106.03886,9.99696],[106.03868,9.99793],[106.03843,9.99829],[106.03755,9.99889],[106.03669,10.00051],[106.03619,10.00059],[106.03513,9.99995],[106.03415,9.99996],[106.03333,10.00037],[106.03342,10.0015],[106.03376,10.00257],[106.03373,10.0031],[106.03308,10.00454],[106.03262,10.00492],[106.03173,10.00492]]]},"properties":{"a01_tinh":"diaphanhanhchinhcaptinh_sn.42","a02_xa":"diaphanhanhchinhcapxa_2025.2558","a03_ten":"Xã Vĩnh Xuân","a04_tentinh":"Tỉnh Vĩnh Long","a05_truocsn":"Xã Hựu Thành, Xã Thuận Thới, Xã Vĩnh Xuân","a06_trungtamhc":"đang cập nhật","a07_dt":"57.79","a08_ds":"4237","a09_dthoai":null,"a10_web":null,"ten":"Xã Vĩnh Xuân","ma":"29845","tentinh":"Tỉnh Vĩnh Long","truocsapnhap":"Xã Hựu Thành, Xã Thuận Thới, Xã Vĩnh Xuân","dientichkm2":null,"dansonguoi":null},"id":"diaphanhanhchinhcapxa_2025.2558"}
]}