{"type":"FeatureCollection", "features": [
{"type":"Feature","geometry":{"type":"Polygon","coordinates":[[[103.09225,21.38335],[103.09111,21.38335],[103.0909,21.384],[103.09075,21.38654],[103.0903,21.38852],[103.08942,21.39138],[103.08911,21.39301],[103.08987,21.39532],[103.08898,21.39695],[103.08887,21.39785],[103.08737,21.39878],[103.08638,21.39898],[103.0853,21.39994],[103.08644,21.40169],[103.08634,21.40251],[103.08572,21.40312],[103.08543,21.40426],[103.0845,21.40565],[103.08444,21.40687],[103.08405,21.40784],[103.08391,21.40941],[103.08436,21.41114],[103.08637,21.41241],[103.08637,21.41356],[103.08693,21.41534],[103.08745,21.41603],[103.08848,21.41626],[103.08765,21.41794],[103.08767,21.41877],[103.08623,21.42076],[103.08697,21.42145],[103.08118,21.42122],[103.08178,21.42292],[103.08288,21.42371],[103.084,21.42371],[103.08398,21.42478],[103.08242,21.42656],[103.08174,21.42924],[103.08316,21.43203],[103.08173,21.43364],[103.08165,21.43528],[103.082,21.4366],[103.08117,21.43735],[103.07892,21.43747],[103.07188,21.4372],[103.06996,21.4373],[103.06744,21.43792],[103.06192,21.43886],[103.06016,21.44015],[103.05845,21.44165],[103.05655,21.44372],[103.05541,21.44532],[103.05466,21.44703],[103.05365,21.44733],[103.05216,21.44842],[103.05128,21.4495],[103.0491,21.45097],[103.04849,21.4523],[103.0483,21.45366],[103.0469,21.45453],[103.04583,21.45559],[103.04419,21.45621],[103.04132,21.45808],[103.04021,21.46108],[103.03765,21.45842],[103.03655,21.45771],[103.03594,21.45662],[103.03368,21.45559],[103.03209,21.45403],[103.03204,21.45339],[103.03095,21.45349],[103.03004,21.45212],[103.02733,21.45168],[103.0269,21.45231],[103.02711,21.44944],[103.0277,21.44776],[103.02892,21.44664],[103.02906,21.44513],[103.0281,21.44409],[103.02703,21.44368],[103.02639,21.44285],[103.02625,21.44159],[103.02521,21.44079],[103.02558,21.43983],[103.02475,21.4382],[103.02573,21.43479],[103.02564,21.4315],[103.0248,21.42913],[103.02514,21.42785],[103.02483,21.42488],[103.02432,21.42383],[103.0252,21.42108],[103.02618,21.41925],[103.02742,21.4188],[103.02773,21.41814],[103.02913,21.41789],[103.03032,21.41692],[103.03038,21.41643],[103.0286,21.41586],[103.02889,21.41397],[103.0272,21.41231],[103.02612,21.41266],[103.02397,21.41197],[103.0224,21.41027],[103.02001,21.41138],[103.0168,21.41214],[103.0166,21.41347],[103.0155,21.41527],[103.01476,21.41579],[103.0135,21.41606],[103.01024,21.4163],[103.00943,21.41715],[103.00444,21.42135],[103.0039,21.42148],[103.00134,21.42064],[103.00013,21.41904],[102.99913,21.41558],[102.99778,21.41464],[102.99609,21.41434],[102.99544,21.41154],[102.9948,21.41085],[102.99444,21.4097],[102.99469,21.40818],[102.99438,21.40777],[102.99303,21.40758],[102.99279,21.40658],[102.99309,21.40304],[102.99372,21.40014],[102.99366,21.39963],[102.99674,21.39789],[103.00061,21.39519],[103.00379,21.3819],[103.00313,21.3801],[103.00462,21.37897],[103.0046,21.37864],[103.00789,21.37723],[103.00799,21.37537],[103.00851,21.37406],[103.00804,21.37309],[103.00738,21.3732],[103.00679,21.3717],[103.00743,21.37073],[103.00811,21.37044],[103.00883,21.37161],[103.00987,21.37208],[103.01082,21.37334],[103.01174,21.37405],[103.01132,21.37452],[103.01153,21.37606],[103.01207,21.37643],[103.01202,21.37753],[103.0115,21.378],[103.01183,21.37942],[103.01305,21.37854],[103.01503,21.37778],[103.01615,21.37956],[103.01774,21.38022],[103.01874,21.38002],[103.01929,21.38075],[103.02001,21.38026],[103.02107,21.38034],[103.02324,21.37952],[103.02373,21.38026],[103.02428,21.38213],[103.02626,21.38317],[103.02649,21.3855],[103.02748,21.38589],[103.0276,21.38678],[103.0266,21.38732],[103.02756,21.38894],[103.02705,21.39022],[103.02737,21.39154],[103.02887,21.39235],[103.02968,21.39222],[103.03006,21.3935],[103.03058,21.3939],[103.03167,21.39577],[103.03138,21.39673],[103.03252,21.39724],[103.03289,21.39665],[103.03469,21.39728],[103.03577,21.39727],[103.03607,21.39622],[103.03984,21.39577],[103.04071,21.39638],[103.0427,21.39604],[103.04315,21.39557],[103.04476,21.39491],[103.04345,21.39298],[103.04404,21.39203],[103.04489,21.39235],[103.0452,21.39127],[103.04394,21.39079],[103.04274,21.39112],[103.04305,21.38997],[103.0424,21.38918],[103.0437,21.38888],[103.04315,21.38749],[103.0437,21.38655],[103.04338,21.38555],[103.04236,21.3856],[103.04197,21.38511],[103.0396,21.38527],[103.03982,21.38387],[103.04098,21.38364],[103.04076,21.38297],[103.03992,21.38248],[103.0399,21.38161],[103.04084,21.37949],[103.04006,21.37875],[103.03978,21.37724],[103.04002,21.37633],[103.03966,21.37574],[103.03678,21.37523],[103.03808,21.37465],[103.0389,21.37345],[103.0406,21.37348],[103.04137,21.37406],[103.04428,21.37504],[103.04688,21.37528],[103.04909,21.37565],[103.05101,21.37537],[103.05258,21.37457],[103.05525,21.37379],[103.05571,21.37324],[103.05775,21.37253],[103.06003,21.37232],[103.0622,21.37277],[103.06436,21.37477],[103.06681,21.37429],[103.06857,21.37422],[103.06912,21.37529],[103.06831,21.37685],[103.06885,21.37778],[103.07177,21.37848],[103.07291,21.37821],[103.07347,21.37752],[103.07619,21.37693],[103.0767,21.37622],[103.07814,21.37559],[103.07907,21.37579],[103.07972,21.37706],[103.08029,21.3769],[103.08143,21.3778],[103.08348,21.37789],[103.08554,21.3789],[103.08593,21.38085],[103.09225,21.38335]]]},"properties":{"a01_tinh":"diaphanhanhchinhcaptinh_sn.109","a02_xa":"diaphanhanhchinhcapxa_2025.2228","a03_ten":"Phường Điện Biên Phủ","a04_tentinh":"Tỉnh Điện Biên","a05_truocsn":"Phường Him Lam, Phường Tân Thanh, Phường Mường Thanh, Phường Thanh Bình, Phường Thanh Trường, Xã Thanh Minh","a06_trungtamhc":"Trụ sở Thành ủy, HĐND và UBND TP Điện Biên Phủ","a07_dt":"56.75","a08_ds":"49205","a09_dthoai":null,"a10_web":null,"ten":"Phường Điện Biên Phủ","ma":"03127","tentinh":"Tỉnh Điện Biên","truocsapnhap":"Phường Him Lam, Phường Tân Thanh, Phường Mường Thanh, Phường Thanh Bình, Phường Thanh Trường, Xã Thanh Minh","dientichkm2":null,"dansonguoi":null},"id":"diaphanhanhchinhcapxa_2025.2228"},
{"type":"Feature","geometry":{"type":"Polygon","coordinates":[[[103.28923,22.04139],[103.28417,22.03874],[103.28166,22.03852],[103.278,22.0389],[103.27658,22.03923],[103.27343,22.04053],[103.26966,22.04242],[103.26252,22.04514],[103.25968,22.04566],[103.25619,22.04721],[103.25436,22.04758],[103.25189,22.04773],[103.24968,22.04829],[103.2435,22.04937],[103.24101,22.05041],[103.23595,22.05443],[103.23382,22.05622],[103.23234,22.05768],[103.22959,22.05971],[103.22674,22.06237],[103.22399,22.06416],[103.22002,22.06619],[103.21191,22.06957],[103.20905,22.06992],[103.20527,22.06873],[103.2029,22.06812],[103.20086,22.06794],[103.19746,22.06841],[103.19518,22.06922],[103.19126,22.06989],[103.18829,22.07103],[103.17998,22.07446],[103.17579,22.07654],[103.17298,22.0791],[103.17149,22.07973],[103.17019,22.0797],[103.16877,22.07913],[103.16779,22.07839],[103.1657,22.07513],[103.16446,22.07451],[103.16241,22.07431],[103.15982,22.07463],[103.1571,22.0754],[103.15581,22.07542],[103.15379,22.07487],[103.15183,22.074],[103.15037,22.07242],[103.15021,22.0704],[103.14943,22.06843],[103.1486,22.06731],[103.14779,22.06699],[103.14657,22.06706],[103.14393,22.0681],[103.14067,22.07072],[103.13861,22.0715],[103.13551,22.07227],[103.13419,22.07302],[103.13318,22.07418],[103.13048,22.07822],[103.12889,22.08004],[103.12746,22.08299],[103.12623,22.08648],[103.12368,22.09067],[103.12355,22.09183],[103.12239,22.09472],[103.12202,22.09514],[103.12003,22.09613],[103.11697,22.09652],[103.11519,22.09755],[103.11347,22.09911],[103.11246,22.09954],[103.11095,22.09969],[103.10809,22.10057],[103.10445,22.10115],[103.10248,22.10175],[103.1014,22.09733],[103.10062,22.09596],[103.10051,22.09389],[103.10023,22.09237],[103.10045,22.09045],[103.09922,22.08909],[103.09869,22.08626],[103.0968,22.08457],[103.09571,22.08306],[103.09598,22.0812],[103.09594,22.0799],[103.09528,22.07825],[103.0955,22.07608],[103.09311,22.07443],[103.09242,22.07288],[103.09159,22.07171],[103.08978,22.07017],[103.0901,22.06919],[103.0908,22.06883],[103.09179,22.0673],[103.09252,22.06771],[103.0936,22.06759],[103.09512,22.06695],[103.09585,22.06489],[103.09542,22.06255],[103.09542,22.0599],[103.09492,22.05759],[103.09247,22.05792],[103.09083,22.0571],[103.08787,22.05745],[103.08583,22.0583],[103.08424,22.05841],[103.08395,22.05809],[103.08111,22.05787],[103.0783,22.058],[103.07703,22.05717],[103.07543,22.05813],[103.07401,22.05867],[103.0723,22.05843],[103.06981,22.05941],[103.06879,22.06032],[103.06641,22.06133],[103.0655,22.06227],[103.06427,22.06309],[103.06273,22.0618],[103.06153,22.06191],[103.05914,22.06108],[103.05835,22.05729],[103.05748,22.05731],[103.05664,22.05545],[103.05695,22.05422],[103.05602,22.05318],[103.05333,22.05268],[103.05129,22.05143],[103.05019,22.05032],[103.04851,22.05004],[103.04775,22.04922],[103.04542,22.04844],[103.04642,22.04678],[103.04851,22.04653],[103.05019,22.04511],[103.05069,22.04388],[103.05206,22.04241],[103.05307,22.04061],[103.05409,22.04015],[103.05407,22.03963],[103.05505,22.03825],[103.05796,22.03804],[103.06024,22.03771],[103.06171,22.03781],[103.06253,22.03839],[103.06477,22.03834],[103.06648,22.03737],[103.06889,22.03551],[103.07034,22.03521],[103.07144,22.03452],[103.07262,22.03428],[103.07477,22.03296],[103.07647,22.03146],[103.07744,22.03033],[103.07852,22.02969],[103.0796,22.0286],[103.08045,22.0283],[103.08198,22.0284],[103.08315,22.02787],[103.08462,22.02547],[103.08677,22.02405],[103.0884,22.02368],[103.09013,22.02231],[103.09063,22.0212],[103.09213,22.02057],[103.09281,22.01847],[103.09375,22.01743],[103.09479,22.01529],[103.09542,22.01444],[103.09673,22.01366],[103.09719,22.01267],[103.09799,22.01191],[103.09986,22.01124],[103.10018,22.0098],[103.1009,22.00845],[103.10095,22.00758],[103.10041,22.00613],[103.10029,22.00498],[103.09982,22.00452],[103.09957,22.00315],[103.09884,22.00165],[103.09944,22.00103],[103.09946,21.99906],[103.0998,21.99849],[103.09998,21.99693],[103.09977,21.99538],[103.10025,21.99351],[103.10064,21.99299],[103.10027,21.99047],[103.10146,21.98887],[103.10215,21.9885],[103.10466,21.98796],[103.1059,21.98825],[103.1074,21.98817],[103.1095,21.98548],[103.11049,21.98476],[103.11267,21.98388],[103.11402,21.98251],[103.11437,21.98137],[103.11548,21.98056],[103.11715,21.98071],[103.11868,21.97998],[103.11979,21.97993],[103.12131,21.98041],[103.12359,21.98056],[103.1261,21.97994],[103.1253,21.97874],[103.12652,21.97662],[103.12733,21.97609],[103.1285,21.9743],[103.13117,21.97442],[103.13196,21.9734],[103.13313,21.9729],[103.13481,21.97162],[103.13415,21.96923],[103.13445,21.96861],[103.13606,21.96772],[103.1368,21.9681],[103.13726,21.96992],[103.13822,21.97009],[103.14024,21.96817],[103.14215,21.96841],[103.14427,21.96842],[103.1484,21.96874],[103.14911,21.96919],[103.15125,21.96939],[103.15079,21.96774],[103.15016,21.96708],[103.14947,21.9657],[103.15165,21.96553],[103.15455,21.96478],[103.15701,21.96271],[103.15742,21.96265],[103.15879,21.96132],[103.16046,21.96051],[103.1632,21.95886],[103.16455,21.95841],[103.16648,21.95838],[103.1674,21.95798],[103.16834,21.95807],[103.17201,21.96645],[103.17255,21.96568],[103.17246,21.96485],[103.17411,21.96444],[103.17493,21.96477],[103.17572,21.96586],[103.17844,21.9673],[103.17868,21.96765],[103.18047,21.96812],[103.18279,21.97013],[103.18911,21.96358],[103.18963,21.96312],[103.19127,21.96266],[103.19235,21.96267],[103.19404,21.96381],[103.19547,21.96312],[103.19647,21.96428],[103.19733,21.96411],[103.19804,21.96292],[103.19883,21.96262],[103.20059,21.96259],[103.20355,21.96346],[103.20438,21.96416],[103.20534,21.96432],[103.20775,21.96691],[103.20927,21.96651],[103.21079,21.96687],[103.21198,21.96825],[103.21342,21.96887],[103.21389,21.96851],[103.21591,21.96836],[103.21777,21.96778],[103.21835,21.9667],[103.21868,21.96449],[103.21768,21.96417],[103.2176,21.96236],[103.21844,21.96186],[103.21996,21.95992],[103.22157,21.95969],[103.22191,21.95861],[103.22285,21.95879],[103.22337,21.95729],[103.22208,21.95563],[103.22298,21.95484],[103.22434,21.95423],[103.22433,21.95241],[103.22313,21.95139],[103.22995,21.9518],[103.2309,21.951],[103.23245,21.95143],[103.23344,21.95136],[103.23693,21.95256],[103.23789,21.95207],[103.23946,21.94416],[103.23972,21.94248],[103.24085,21.94256],[103.24182,21.94178],[103.24202,21.94087],[103.24336,21.93971],[103.24456,21.93967],[103.24611,21.94036],[103.24793,21.93895],[103.24767,21.93793],[103.24854,21.93664],[103.24846,21.93558],[103.24889,21.93422],[103.25059,21.93212],[103.25101,21.93208],[103.25047,21.93363],[103.251,21.93504],[103.25287,21.9359],[103.25478,21.93744],[103.25616,21.93808],[103.25875,21.94111],[103.26,21.94198],[103.26216,21.94413],[103.26332,21.94552],[103.26323,21.94667],[103.26387,21.94904],[103.26396,21.9531],[103.26331,21.95488],[103.26254,21.95579],[103.26149,21.95815],[103.26073,21.96282],[103.26069,21.96385],[103.26014,21.96699],[103.25973,21.96804],[103.25916,21.97156],[103.25766,21.97322],[103.2572,21.97467],[103.25709,21.97632],[103.25764,21.97917],[103.25832,21.98131],[103.25907,21.98215],[103.26123,21.98768],[103.26259,21.99032],[103.26315,21.99306],[103.26372,21.99442],[103.26524,21.99622],[103.26646,21.99905],[103.26714,22.00161],[103.26721,22.0027],[103.26642,22.00526],[103.26628,22.00695],[103.26534,22.00819],[103.26384,22.00898],[103.26262,22.0115],[103.26154,22.01323],[103.26152,22.01493],[103.26324,22.01826],[103.26473,22.01919],[103.26635,22.02114],[103.26806,22.02191],[103.26857,22.02187],[103.27135,22.0208],[103.27272,22.02081],[103.27421,22.02166],[103.27541,22.0231],[103.27648,22.02654],[103.27708,22.027],[103.27902,22.02782],[103.2807,22.02803],[103.2827,22.02972],[103.28407,22.0319],[103.28527,22.03651],[103.28587,22.0374],[103.28923,22.04139]]]},"properties":{"a01_tinh":"diaphanhanhchinhcaptinh_sn.109","a02_xa":"diaphanhanhchinhcapxa_2025.2229","a03_ten":"Phường Mường Lay","a04_tentinh":"Tỉnh Điện Biên","a05_truocsn":"Phường Sông Đà, Phường Na Lay, Xã Lay Nưa, Xã Sá Tổng","a06_trungtamhc":"Trụ sở Thị ủy, HĐND và UBND thị xã Mường Lay","a07_dt":"222.65","a08_ds":"18208","a09_dthoai":null,"a10_web":null,"ten":"Phường Mường Lay","ma":"03151","tentinh":"Tỉnh Điện Biên","truocsapnhap":"Phường Sông Đà, Phường Na Lay, Xã Lay Nưa, Xã Sá Tổng","dientichkm2":null,"dansonguoi":null},"id":"diaphanhanhchinhcapxa_2025.2229"},
{"type":"Feature","geometry":{"type":"Polygon","coordinates":[[[103.06857,21.37422],[103.06681,21.37429],[103.06436,21.37477],[103.0622,21.37277],[103.06003,21.37232],[103.05775,21.37253],[103.05571,21.37324],[103.05525,21.37379],[103.05258,21.37457],[103.05101,21.37537],[103.04909,21.37565],[103.04688,21.37528],[103.04428,21.37504],[103.04137,21.37406],[103.0406,21.37348],[103.0389,21.37345],[103.03808,21.37465],[103.03678,21.37523],[103.03966,21.37574],[103.04002,21.37633],[103.03978,21.37724],[103.04006,21.37875],[103.04084,21.37949],[103.0399,21.38161],[103.03992,21.38248],[103.04076,21.38297],[103.04098,21.38364],[103.03982,21.38387],[103.0396,21.38527],[103.04197,21.38511],[103.04236,21.3856],[103.04338,21.38555],[103.0437,21.38655],[103.04315,21.38749],[103.0437,21.38888],[103.0424,21.38918],[103.04305,21.38997],[103.04274,21.39112],[103.04394,21.39079],[103.0452,21.39127],[103.04489,21.39235],[103.04404,21.39203],[103.04345,21.39298],[103.04476,21.39491],[103.04315,21.39557],[103.0427,21.39604],[103.04071,21.39638],[103.03984,21.39577],[103.03607,21.39622],[103.03577,21.39727],[103.03469,21.39728],[103.03289,21.39665],[103.03252,21.39724],[103.03138,21.39673],[103.03167,21.39577],[103.03058,21.3939],[103.03006,21.3935],[103.02968,21.39222],[103.02887,21.39235],[103.02737,21.39154],[103.02705,21.39022],[103.02756,21.38894],[103.0266,21.38732],[103.0276,21.38678],[103.02748,21.38589],[103.02649,21.3855],[103.02626,21.38317],[103.02428,21.38213],[103.02373,21.38026],[103.02324,21.37952],[103.02107,21.38034],[103.02001,21.38026],[103.01929,21.38075],[103.01874,21.38002],[103.01774,21.38022],[103.01615,21.37956],[103.01503,21.37778],[103.01305,21.37854],[103.01183,21.37942],[103.0115,21.378],[103.01202,21.37753],[103.01207,21.37643],[103.01153,21.37606],[103.01132,21.37452],[103.01174,21.37405],[103.01082,21.37334],[103.00987,21.37208],[103.00883,21.37161],[103.00811,21.37044],[103.00743,21.37073],[103.00679,21.3717],[103.00738,21.3732],[103.00804,21.37309],[103.00851,21.37406],[103.00799,21.37537],[103.00789,21.37723],[103.00518,21.37201],[103.00395,21.37043],[103.00103,21.3678],[103.00514,21.36704],[103.00456,21.36593],[103.00457,21.36458],[103.00503,21.36345],[103.00445,21.36197],[103.00304,21.36236],[103.0017,21.36194],[103.00134,21.36134],[103.0016,21.35977],[103.00131,21.35832],[103.00216,21.35694],[103.00309,21.35651],[103.00358,21.35448],[103.00306,21.35385],[103.00082,21.35385],[103.00007,21.3534],[102.99998,21.35213],[103.00063,21.35114],[103.00209,21.35046],[103.00431,21.34984],[103.00576,21.34987],[103.00584,21.34932],[103.00505,21.3485],[103.00417,21.3482],[103.00482,21.34737],[103.00487,21.34733],[103.00684,21.3475],[103.0072,21.34668],[103.00447,21.34426],[103.00482,21.3424],[103.00475,21.34088],[103.00544,21.33804],[103.00522,21.33637],[103.00573,21.33549],[103.00669,21.33502],[103.00844,21.33559],[103.00956,21.33539],[103.00991,21.33476],[103.01146,21.33523],[103.0127,21.33668],[103.01339,21.33685],[103.01305,21.33864],[103.01437,21.33929],[103.0159,21.33906],[103.01723,21.33967],[103.01826,21.33977],[103.01937,21.34038],[103.02153,21.34062],[103.02273,21.34056],[103.02391,21.3401],[103.02309,21.34416],[103.02605,21.34388],[103.02741,21.3441],[103.02802,21.34507],[103.02877,21.34516],[103.02952,21.34458],[103.02917,21.34351],[103.02941,21.34233],[103.03243,21.34183],[103.03368,21.34211],[103.03501,21.34135],[103.03551,21.3421],[103.03674,21.34238],[103.03608,21.34349],[103.03509,21.34396],[103.03463,21.34686],[103.03558,21.34791],[103.03637,21.34808],[103.03807,21.34784],[103.03984,21.34815],[103.04121,21.34763],[103.04145,21.34898],[103.04204,21.34994],[103.04384,21.35185],[103.04494,21.35146],[103.04682,21.35144],[103.05072,21.35037],[103.05171,21.35047],[103.05545,21.35252],[103.05696,21.35186],[103.05796,21.3518],[103.05776,21.34841],[103.05811,21.34718],[103.05933,21.34631],[103.06078,21.34594],[103.06353,21.34452],[103.06443,21.34455],[103.06537,21.34381],[103.06658,21.34349],[103.06798,21.34346],[103.06904,21.34388],[103.0705,21.34357],[103.07256,21.34282],[103.0737,21.34296],[103.07445,21.34232],[103.07581,21.3419],[103.07717,21.34215],[103.07484,21.34506],[103.07396,21.34527],[103.07313,21.34605],[103.07294,21.34707],[103.07362,21.34961],[103.07304,21.35122],[103.07334,21.35203],[103.07286,21.35347],[103.07203,21.35471],[103.07197,21.35603],[103.07148,21.3563],[103.07047,21.35854],[103.07058,21.35927],[103.06959,21.36074],[103.06946,21.36142],[103.06994,21.36281],[103.06917,21.36356],[103.06914,21.36563],[103.0679,21.36652],[103.06779,21.36733],[103.06817,21.36834],[103.06814,21.37012],[103.06666,21.37161],[103.06774,21.37213],[103.06857,21.37422]]]},"properties":{"a01_tinh":"diaphanhanhchinhcaptinh_sn.109","a02_xa":"diaphanhanhchinhcapxa_2025.2227","a03_ten":"Phường Mường Thanh","a04_tentinh":"Tỉnh Điện Biên","a05_truocsn":"Phường Noong Bua, Phường Nam Thanh, Xã Thanh Xương","a06_trungtamhc":"Trụ sở Huyện ủy, HĐND và UBND huyện Điện Biên","a07_dt":"27.56","a08_ds":"25517","a09_dthoai":null,"a10_web":null,"ten":"Phường Mường Thanh","ma":"03334","tentinh":"Tỉnh Điện Biên","truocsapnhap":"Phường Noong Bua, Phường Nam Thanh, Xã Thanh Xương","dientichkm2":null,"dansonguoi":null},"id":"diaphanhanhchinhcapxa_2025.2227"},
{"type":"Feature","geometry":{"type":"Polygon","coordinates":[[[103.394,21.52941],[103.39125,21.53151],[103.38939,21.53192],[103.3881,21.53295],[103.38609,21.53377],[103.38516,21.53437],[103.38419,21.53447],[103.38337,21.53578],[103.3825,21.53643],[103.38118,21.53622],[103.3785,21.53733],[103.37809,21.53839],[103.3751,21.54006],[103.36867,21.53974],[103.36736,21.53943],[103.36606,21.54078],[103.36277,21.54067],[103.36149,21.54186],[103.36171,21.54357],[103.36045,21.5439],[103.36047,21.54507],[103.35826,21.54625],[103.35743,21.5469],[103.35488,21.54798],[103.35396,21.54941],[103.35242,21.54971],[103.35081,21.55052],[103.34983,21.5518],[103.3489,21.55219],[103.34782,21.55205],[103.34717,21.55265],[103.34601,21.55305],[103.34518,21.55391],[103.344,21.5546],[103.34228,21.55483],[103.34134,21.55461],[103.3408,21.55391],[103.33856,21.55261],[103.33634,21.55244],[103.33544,21.552],[103.33246,21.55381],[103.33125,21.5543],[103.3306,21.55571],[103.32865,21.55636],[103.32774,21.55773],[103.32742,21.55902],[103.3264,21.56037],[103.32662,21.5618],[103.32649,21.56313],[103.32563,21.56413],[103.32224,21.56512],[103.32109,21.56622],[103.31912,21.56652],[103.31711,21.56749],[103.31579,21.56885],[103.31358,21.56943],[103.31219,21.56921],[103.31153,21.56945],[103.31083,21.5722],[103.31099,21.57342],[103.30888,21.57425],[103.30756,21.57611],[103.30716,21.57748],[103.30615,21.57817],[103.30403,21.57873],[103.30375,21.58056],[103.30291,21.58134],[103.30096,21.58225],[103.29989,21.58317],[103.29842,21.58369],[103.29799,21.58496],[103.29528,21.58547],[103.292,21.58752],[103.29053,21.589],[103.2905,21.59019],[103.28878,21.59127],[103.28758,21.59274],[103.28719,21.59357],[103.28767,21.59478],[103.28767,21.59723],[103.286,21.59782],[103.28547,21.59928],[103.28519,21.60111],[103.28421,21.60268],[103.2857,21.60502],[103.28568,21.60786],[103.28448,21.60953],[103.28262,21.61131],[103.28155,21.61277],[103.27883,21.61437],[103.27834,21.61534],[103.27663,21.61614],[103.27396,21.61674],[103.2723,21.61694],[103.27047,21.61793],[103.26866,21.61743],[103.26742,21.61775],[103.26592,21.61756],[103.26242,21.61968],[103.25961,21.62053],[103.25871,21.61956],[103.25627,21.61903],[103.25474,21.62049],[103.25301,21.61931],[103.25189,21.61883],[103.25099,21.61897],[103.24686,21.61816],[103.2453,21.61808],[103.2448,21.61737],[103.24552,21.6145],[103.24725,21.61094],[103.24707,21.60819],[103.24795,21.60535],[103.24674,21.60364],[103.24651,21.60257],[103.24712,21.6012],[103.2472,21.59996],[103.24559,21.59934],[103.24519,21.59812],[103.24528,21.59509],[103.24562,21.59459],[103.24498,21.59283],[103.24643,21.59202],[103.24406,21.59082],[103.24301,21.58913],[103.24163,21.58827],[103.24115,21.58641],[103.2395,21.58468],[103.23924,21.58387],[103.23777,21.58241],[103.23689,21.58086],[103.23582,21.57989],[103.23467,21.57973],[103.23342,21.57801],[103.23182,21.57715],[103.23148,21.57661],[103.23017,21.57582],[103.22862,21.57223],[103.22909,21.57042],[103.22864,21.56966],[103.22831,21.5679],[103.22628,21.56438],[103.22518,21.56312],[103.22216,21.56168],[103.22119,21.561],[103.2219,21.56023],[103.2219,21.55887],[103.22239,21.55845],[103.22138,21.55577],[103.22094,21.55519],[103.22143,21.55373],[103.22123,21.55266],[103.21958,21.55147],[103.21942,21.55001],[103.21976,21.54811],[103.22014,21.54745],[103.22058,21.54554],[103.22053,21.54424],[103.22118,21.54364],[103.22194,21.54216],[103.22224,21.54104],[103.22169,21.53991],[103.22271,21.53648],[103.22355,21.53476],[103.22374,21.53383],[103.22278,21.53343],[103.22265,21.53245],[103.2229,21.53071],[103.22369,21.52899],[103.22433,21.52848],[103.22502,21.52901],[103.22734,21.52882],[103.22902,21.52945],[103.22986,21.53036],[103.23135,21.53084],[103.2335,21.5302],[103.23475,21.52963],[103.23554,21.52965],[103.23679,21.52757],[103.23685,21.52577],[103.23824,21.52464],[103.23771,21.52351],[103.23851,21.52303],[103.23803,21.52204],[103.23669,21.52128],[103.23631,21.5206],[103.23668,21.51948],[103.23735,21.51978],[103.23801,21.51907],[103.23928,21.51966],[103.24008,21.51929],[103.2423,21.52015],[103.24301,21.51953],[103.24394,21.52028],[103.24609,21.51989],[103.24751,21.52028],[103.25057,21.51986],[103.25109,21.51873],[103.25245,21.51765],[103.25252,21.51849],[103.25369,21.51841],[103.25428,21.51724],[103.25582,21.51651],[103.25635,21.51654],[103.25744,21.5156],[103.26457,21.51607],[103.26561,21.5149],[103.26657,21.51431],[103.26766,21.51186],[103.26874,21.51096],[103.26947,21.5108],[103.27041,21.50969],[103.27192,21.50936],[103.27269,21.50834],[103.27335,21.50815],[103.27435,21.50717],[103.27734,21.50644],[103.2774,21.5047],[103.27908,21.5044],[103.28236,21.50306],[103.28445,21.50304],[103.28521,21.50269],[103.28632,21.50139],[103.28872,21.49984],[103.28902,21.49912],[103.29053,21.49828],[103.29111,21.49851],[103.29359,21.49876],[103.29478,21.49969],[103.29606,21.50017],[103.29853,21.50042],[103.30055,21.5013],[103.30157,21.50088],[103.30178,21.49979],[103.30317,21.49872],[103.30448,21.49846],[103.30525,21.49795],[103.30785,21.49896],[103.30914,21.49867],[103.3117,21.49978],[103.31286,21.49927],[103.31395,21.49951],[103.31542,21.49828],[103.31658,21.49803],[103.31798,21.49709],[103.31975,21.49708],[103.32028,21.49766],[103.32193,21.49795],[103.32374,21.49905],[103.32791,21.50035],[103.32894,21.50015],[103.33203,21.50046],[103.33354,21.50024],[103.33391,21.49929],[103.3346,21.49873],[103.3348,21.49702],[103.33598,21.49601],[103.33767,21.49514],[103.34018,21.49246],[103.34549,21.48721],[103.34813,21.48683],[103.34814,21.47801],[103.34981,21.47701],[103.35113,21.47553],[103.35264,21.47453],[103.35605,21.47412],[103.35752,21.47343],[103.35973,21.47268],[103.36146,21.47263],[103.36331,21.4723],[103.36462,21.47251],[103.36661,21.47393],[103.36817,21.47415],[103.36988,21.47534],[103.37162,21.47708],[103.37287,21.47777],[103.37603,21.47844],[103.37689,21.47885],[103.38027,21.47918],[103.38198,21.4792],[103.38389,21.4802],[103.38817,21.48007],[103.38983,21.47946],[103.39074,21.47967],[103.39212,21.48053],[103.39509,21.48143],[103.39979,21.48137],[103.40214,21.48181],[103.4033,21.48119],[103.40628,21.48093],[103.40756,21.481],[103.40929,21.48012],[103.40906,21.48639],[103.40986,21.48722],[103.40914,21.4891],[103.40931,21.49153],[103.40879,21.4922],[103.40728,21.49289],[103.40634,21.49413],[103.40622,21.49503],[103.40663,21.49578],[103.40465,21.49649],[103.40411,21.49728],[103.40477,21.4987],[103.40446,21.50255],[103.40151,21.50927],[103.39396,21.52506],[103.39355,21.52613],[103.39319,21.52808],[103.394,21.52941]]]},"properties":{"a01_tinh":"diaphanhanhchinhcaptinh_sn.109","a02_xa":"diaphanhanhchinhcapxa_2025.2260","a03_ten":"Xã Búng Lao","a04_tentinh":"Tỉnh Điện Biên","a05_truocsn":"Xã Ẳng Tở, Xã Chiềng Đông, Xã Búng Lao","a06_trungtamhc":"Trụ sở Đảng ủy, HĐND và UBND xã Búng Lao","a07_dt":"145.85","a08_ds":"19657","a09_dthoai":null,"a10_web":null,"ten":"Xã Búng Lao","ma":"03301","tentinh":"Tỉnh Điện Biên","truocsapnhap":"Xã Ẳng Tở, Xã Chiềng Đông, Xã Búng Lao","dientichkm2":null,"dansonguoi":null},"id":"diaphanhanhchinhcapxa_2025.2260"},
{"type":"Feature","geometry":{"type":"Polygon","coordinates":[[[102.98555,22.02653],[102.98466,22.02599],[102.98356,22.02743],[102.98261,22.02795],[102.9803,22.02967],[102.97868,22.03108],[102.97748,22.03102],[102.97642,22.03017],[102.97138,22.03003],[102.97002,22.02987],[102.96883,22.03015],[102.96856,22.03086],[102.96562,22.03285],[102.96402,22.03558],[102.96258,22.03673],[102.96134,22.03739],[102.96279,22.03833],[102.96388,22.03957],[102.96489,22.04201],[102.96228,22.04395],[102.96147,22.04523],[102.96155,22.04601],[102.96078,22.04697],[102.96056,22.04824],[102.96097,22.04923],[102.95968,22.05086],[102.95704,22.05182],[102.95651,22.05324],[102.95499,22.05556],[102.95429,22.05612],[102.95173,22.05596],[102.95056,22.05683],[102.9483,22.05815],[102.94698,22.05837],[102.94706,22.05923],[102.94615,22.0612],[102.94541,22.06201],[102.94481,22.06354],[102.94425,22.06629],[102.942,22.06652],[102.93956,22.06736],[102.93742,22.06768],[102.93634,22.06809],[102.93572,22.06747],[102.93481,22.06735],[102.9338,22.06631],[102.93275,22.06746],[102.93187,22.06794],[102.92948,22.06836],[102.92891,22.06967],[102.92865,22.0715],[102.92931,22.07363],[102.92818,22.07448],[102.92789,22.07532],[102.9296,22.07837],[102.92983,22.0794],[102.93133,22.08006],[102.93186,22.08124],[102.93397,22.08326],[102.93544,22.08515],[102.93549,22.08585],[102.93631,22.08674],[102.9352,22.08831],[102.93491,22.09081],[102.93492,22.09255],[102.93376,22.09424],[102.9334,22.09769],[102.9327,22.10052],[102.93276,22.10132],[102.93162,22.10371],[102.92944,22.10449],[102.92604,22.10531],[102.92437,22.10822],[102.92449,22.09913],[102.9252,22.09831],[102.92583,22.09683],[102.9263,22.09501],[102.92603,22.09327],[102.92616,22.09207],[102.92498,22.09101],[102.9232,22.09158],[102.92158,22.09023],[102.92006,22.0902],[102.91943,22.09068],[102.91836,22.0901],[102.91542,22.09047],[102.91349,22.09019],[102.91289,22.08971],[102.91317,22.08893],[102.91201,22.0885],[102.91113,22.08734],[102.90998,22.08743],[102.90813,22.08677],[102.9074,22.087],[102.90593,22.08634],[102.90485,22.08506],[102.90433,22.08486],[102.90399,22.08369],[102.90316,22.08332],[102.90224,22.08195],[102.9008,22.08123],[102.9014,22.0803],[102.90096,22.07889],[102.89923,22.07874],[102.89729,22.07706],[102.89739,22.07592],[102.89546,22.07633],[102.89286,22.07597],[102.89175,22.07613],[102.89211,22.07516],[102.89122,22.07451],[102.88983,22.07474],[102.88983,22.07577],[102.88817,22.07543],[102.88624,22.07655],[102.88534,22.07732],[102.88409,22.07692],[102.88328,22.07743],[102.88235,22.07867],[102.8808,22.07973],[102.87913,22.08026],[102.87763,22.07907],[102.87213,22.07831],[102.86981,22.07811],[102.86782,22.07711],[102.86551,22.07297],[102.86496,22.0717],[102.86363,22.06701],[102.8631,22.06638],[102.86337,22.06501],[102.86398,22.06456],[102.86294,22.06293],[102.8623,22.06151],[102.86311,22.0602],[102.86085,22.0598],[102.86074,22.05829],[102.86178,22.05797],[102.86228,22.05654],[102.86099,22.05533],[102.86086,22.0541],[102.86024,22.05271],[102.85928,22.05205],[102.85895,22.05124],[102.85694,22.0498],[102.8613,22.04786],[102.86216,22.04666],[102.8628,22.04512],[102.8625,22.04405],[102.86179,22.04307],[102.86169,22.03957],[102.86109,22.03779],[102.85976,22.03761],[102.85816,22.0366],[102.85611,22.03672],[102.8546,22.03579],[102.851,22.03494],[102.85107,22.03419],[102.85174,22.0333],[102.85134,22.03135],[102.85123,22.02909],[102.85312,22.02621],[102.8529,22.02425],[102.85448,22.02231],[102.85537,22.02034],[102.85439,22.01981],[102.85345,22.01854],[102.85354,22.01652],[102.85248,22.01434],[102.85305,22.01313],[102.85246,22.01179],[102.8511,22.01112],[102.84947,22.01142],[102.84817,22.01122],[102.84887,22.00967],[102.8488,22.00893],[102.84948,22.0078],[102.84999,22.00764],[102.85054,22.0065],[102.85149,22.00615],[102.85264,22.00494],[102.85313,22.0032],[102.85439,22.00132],[102.85566,22.00052],[102.85888,22.0005],[102.85991,22.00009],[102.86058,22.00058],[102.86128,22.00025],[102.86265,22.00106],[102.86286,21.99974],[102.86374,21.99876],[102.86611,21.9977],[102.86691,21.99651],[102.86728,21.99505],[102.86881,21.99432],[102.87117,21.99515],[102.87198,21.99444],[102.87016,21.99199],[102.87033,21.99063],[102.87199,21.99006],[102.8732,21.98927],[102.87411,21.98732],[102.87378,21.98672],[102.87111,21.98625],[102.86955,21.98548],[102.8697,21.98454],[102.87046,21.98406],[102.87097,21.98295],[102.87011,21.98118],[102.87031,21.98017],[102.87184,21.97947],[102.87296,21.97861],[102.87271,21.97644],[102.87207,21.97358],[102.87232,21.97076],[102.87446,21.97047],[102.87518,21.96937],[102.87633,21.96918],[102.88023,21.96737],[102.88195,21.96749],[102.8838,21.9683],[102.88518,21.96747],[102.88755,21.96687],[102.88907,21.9659],[102.8905,21.9655],[102.89294,21.96401],[102.89317,21.9625],[102.8941,21.96207],[102.89603,21.96196],[102.89728,21.96063],[102.89899,21.95932],[102.89941,21.95828],[102.9008,21.95688],[102.90153,21.95574],[102.90163,21.95437],[102.90377,21.95039],[102.90549,21.94787],[102.90664,21.94656],[102.90714,21.94485],[102.9085,21.94614],[102.90948,21.94644],[102.91137,21.94626],[102.91291,21.94671],[102.91452,21.94809],[102.91511,21.94988],[102.91598,21.9516],[102.91588,21.95264],[102.91694,21.9526],[102.91852,21.95361],[102.92022,21.95335],[102.92198,21.95258],[102.92387,21.95088],[102.92562,21.95079],[102.92769,21.95177],[102.92875,21.95267],[102.92909,21.95345],[102.93111,21.95452],[102.93389,21.95418],[102.93612,21.95417],[102.93739,21.95525],[102.9394,21.95427],[102.94077,21.95424],[102.94127,21.95365],[102.94338,21.95241],[102.94519,21.95181],[102.94624,21.95199],[102.94705,21.95083],[102.948,21.95106],[102.95019,21.95051],[102.95144,21.94977],[102.95341,21.94922],[102.95336,21.94629],[102.951,21.94421],[102.95135,21.94227],[102.95207,21.94152],[102.95054,21.94053],[102.94878,21.93791],[102.94745,21.93672],[102.94632,21.9361],[102.94623,21.93415],[102.94659,21.93146],[102.94683,21.93101],[102.94687,21.92797],[102.94636,21.92692],[102.94509,21.92583],[102.945,21.92442],[102.94319,21.92234],[102.94144,21.92102],[102.9414,21.92034],[102.94224,21.91891],[102.94184,21.91788],[102.94208,21.91724],[102.94218,21.91457],[102.94153,21.91431],[102.94027,21.91294],[102.94145,21.91012],[102.94331,21.90871],[102.94401,21.90649],[102.943,21.90403],[102.94312,21.90299],[102.94252,21.90087],[102.94301,21.90003],[102.94438,21.89937],[102.94478,21.89877],[102.9442,21.8971],[102.94375,21.89491],[102.94244,21.89332],[102.94278,21.89269],[102.94255,21.88989],[102.9414,21.8882],[102.94371,21.88656],[102.94554,21.88675],[102.94696,21.88579],[102.94891,21.88601],[102.95122,21.88661],[102.95362,21.88655],[102.95557,21.88672],[102.95722,21.88583],[102.95778,21.88403],[102.96003,21.8834],[102.96125,21.88336],[102.96232,21.88272],[102.96252,21.88183],[102.96442,21.88118],[102.96546,21.88041],[102.96619,21.87943],[102.96743,21.87925],[102.96888,21.87825],[102.96992,21.87802],[102.97062,21.8773],[102.97002,21.87531],[102.97026,21.87476],[102.97211,21.87435],[102.97289,21.8735],[102.97388,21.87349],[102.97523,21.87402],[102.97853,21.87332],[102.97962,21.87364],[102.98079,21.87358],[102.98258,21.87394],[102.98444,21.87495],[102.98895,21.87631],[102.99127,21.87664],[102.9949,21.87892],[102.996,21.879],[102.99691,21.8795],[103.00042,21.87971],[103.0012,21.88],[103.0014,21.88211],[103.00067,21.88287],[103.00206,21.8835],[103.00293,21.88523],[103.0021,21.88655],[103.00321,21.88737],[103.00447,21.88777],[103.00411,21.8889],[103.00498,21.88912],[103.00615,21.88825],[103.00685,21.89014],[103.00787,21.89055],[103.00815,21.89127],[103.00929,21.89173],[103.01027,21.89126],[103.012,21.89217],[103.01178,21.89339],[103.01304,21.8933],[103.01506,21.89435],[103.01526,21.89509],[103.01607,21.89576],[103.0173,21.89594],[103.01697,21.89732],[103.01602,21.89825],[103.01645,21.89918],[103.01606,21.90023],[103.01592,21.90176],[103.01854,21.90196],[103.01606,21.90342],[103.01545,21.90544],[103.0139,21.90596],[103.01323,21.90648],[103.01306,21.90755],[103.01205,21.90797],[103.01177,21.90981],[103.01107,21.91119],[103.01218,21.91205],[103.01392,21.91197],[103.01443,21.91098],[103.01419,21.91004],[103.01629,21.91108],[103.01676,21.91169],[103.01672,21.9134],[103.0171,21.91382],[103.01998,21.9141],[103.02092,21.9147],[103.02056,21.91586],[103.02214,21.91752],[103.02253,21.9189],[103.02332,21.91866],[103.02444,21.91905],[103.0248,21.92009],[103.02449,21.92108],[103.02556,21.92116],[103.02681,21.92211],[103.02639,21.92378],[103.02671,21.92467],[103.0262,21.92532],[103.0265,21.92711],[103.02538,21.92636],[103.02365,21.9262],[103.02332,21.92686],[103.02405,21.92743],[103.02364,21.92937],[103.0227,21.92817],[103.02208,21.92894],[103.02111,21.92917],[103.02087,21.92993],[103.02138,21.93074],[103.02015,21.93118],[103.01967,21.93053],[103.01792,21.93014],[103.01732,21.93066],[103.01798,21.93276],[103.0196,21.93284],[103.01966,21.93331],[103.01708,21.9339],[103.01693,21.93652],[103.01604,21.93668],[103.0148,21.93761],[103.01384,21.93906],[103.0122,21.93871],[103.01127,21.93879],[103.01147,21.94001],[103.01222,21.94054],[103.01263,21.94171],[103.01213,21.94198],[103.00935,21.94186],[103.00932,21.94255],[103.01091,21.94333],[103.01058,21.94432],[103.00882,21.94526],[103.00756,21.94557],[103.00851,21.94781],[103.00835,21.94958],[103.00766,21.95106],[103.00799,21.9522],[103.00881,21.95332],[103.00796,21.95528],[103.00733,21.95558],[103.00549,21.95571],[103.00548,21.9578],[103.00583,21.95881],[103.00545,21.96076],[103.00579,21.96366],[103.00514,21.96448],[103.00477,21.96691],[103.00429,21.96782],[103.00469,21.97162],[103.00532,21.97349],[103.00563,21.97632],[103.00558,21.97721],[103.00609,21.97848],[103.00486,21.98055],[103.00444,21.98242],[103.00486,21.984],[103.00468,21.98551],[103.00338,21.98792],[103.00243,21.99005],[103.00241,21.99136],[103.00173,21.99297],[103.00152,21.99457],[103.00168,21.99747],[103.00069,21.99905],[103.00002,22.00072],[102.99971,22.00221],[102.99733,22.0042],[102.99579,22.00461],[102.99382,22.00539],[102.99262,22.00644],[102.99076,22.00648],[102.98936,22.00618],[102.99301,22.01073],[102.99135,22.01042],[102.98958,22.01056],[102.98938,22.01118],[102.99068,22.01492],[102.99094,22.01659],[102.99148,22.01739],[102.992,22.01925],[102.9909,22.02156],[102.98555,22.02653]]]},"properties":{"a01_tinh":"diaphanhanhchinhcaptinh_sn.109","a02_xa":"diaphanhanhchinhcapxa_2025.2239","a03_ten":"Xã Chà Tở","a04_tentinh":"Tỉnh Điện Biên","a05_truocsn":"Xã Nậm Khăn, Xã Chà Tở","a06_trungtamhc":"Trụ sở Đảng ủy, HĐND và UBND xã Chà Tở","a07_dt":"227.92","a08_ds":"5208","a09_dthoai":null,"a10_web":null,"ten":"Xã Chà Tở","ma":"03175","tentinh":"Tỉnh Điện Biên","truocsapnhap":"Xã Nậm Khăn, Xã Chà Tở","dientichkm2":null,"dansonguoi":null},"id":"diaphanhanhchinhcapxa_2025.2239"},
{"type":"Feature","geometry":{"type":"Polygon","coordinates":[[[103.38961,21.67787],[103.39006,21.68058],[103.38954,21.68201],[103.38917,21.68379],[103.38844,21.68529],[103.38783,21.68559],[103.38638,21.68766],[103.38569,21.6892],[103.38449,21.69],[103.38352,21.69027],[103.38101,21.68998],[103.37954,21.68902],[103.37736,21.68859],[103.37366,21.68822],[103.36933,21.68862],[103.36745,21.68773],[103.36484,21.68726],[103.36347,21.68742],[103.36177,21.68698],[103.36011,21.68696],[103.35908,21.68621],[103.35842,21.68648],[103.35704,21.68606],[103.35588,21.68654],[103.35316,21.68655],[103.35217,21.68619],[103.34947,21.68641],[103.34694,21.68711],[103.3445,21.68729],[103.34231,21.68712],[103.34076,21.6872],[103.33912,21.68638],[103.33803,21.6855],[103.33762,21.68401],[103.33617,21.68329],[103.33506,21.68136],[103.3321,21.67996],[103.3297,21.68059],[103.32823,21.68],[103.32781,21.68063],[103.32549,21.68154],[103.32432,21.68232],[103.32193,21.68202],[103.32144,21.68155],[103.31714,21.6811],[103.31667,21.67919],[103.31625,21.67852],[103.31594,21.67696],[103.31696,21.67598],[103.31741,21.67445],[103.31827,21.67348],[103.31773,21.67251],[103.31803,21.67149],[103.31667,21.6683],[103.31696,21.66773],[103.316,21.66696],[103.31592,21.66528],[103.3154,21.66456],[103.31374,21.66475],[103.31031,21.66562],[103.30901,21.66556],[103.30775,21.66518],[103.30558,21.66517],[103.30378,21.6657],[103.30209,21.66531],[103.30129,21.66483],[103.29866,21.66485],[103.29754,21.66522],[103.29574,21.6664],[103.29404,21.66678],[103.29339,21.66743],[103.29315,21.66872],[103.29172,21.67141],[103.29076,21.67054],[103.28954,21.67037],[103.28871,21.67078],[103.28717,21.67086],[103.28615,21.67234],[103.28534,21.67214],[103.28433,21.67278],[103.28271,21.67301],[103.2802,21.67296],[103.27708,21.67212],[103.27507,21.6728],[103.27403,21.6772],[103.27348,21.6783],[103.27196,21.6784],[103.27098,21.67817],[103.26827,21.67803],[103.26714,21.67991],[103.26469,21.68046],[103.26428,21.68199],[103.26316,21.68098],[103.26122,21.68047],[103.25979,21.68077],[103.25716,21.68087],[103.25663,21.6807],[103.25621,21.67956],[103.25631,21.67811],[103.25608,21.67645],[103.25189,21.67393],[103.24338,21.66832],[103.24078,21.67062],[103.24051,21.67143],[103.24122,21.6737],[103.24032,21.67437],[103.23875,21.67462],[103.23797,21.67532],[103.23725,21.6772],[103.23615,21.67723],[103.23601,21.6792],[103.23473,21.68079],[103.23344,21.68133],[103.23218,21.68138],[103.23148,21.682],[103.22936,21.68196],[103.22837,21.68106],[103.22698,21.68073],[103.22661,21.682],[103.2256,21.68206],[103.22508,21.68102],[103.22428,21.68087],[103.22363,21.6814],[103.22229,21.68137],[103.22056,21.68251],[103.21873,21.68287],[103.21784,21.68346],[103.21607,21.68363],[103.21528,21.68303],[103.21312,21.68265],[103.2122,21.68403],[103.21114,21.68402],[103.21057,21.68297],[103.20891,21.68291],[103.20747,21.68085],[103.20716,21.67889],[103.20522,21.67724],[103.20352,21.67687],[103.20317,21.67573],[103.20191,21.67519],[103.19942,21.67367],[103.19878,21.67291],[103.19911,21.67187],[103.1984,21.67096],[103.19685,21.67096],[103.19604,21.67054],[103.19503,21.6707],[103.19276,21.67028],[103.19213,21.66963],[103.19218,21.66773],[103.19151,21.66699],[103.19175,21.66596],[103.19035,21.66518],[103.19005,21.66413],[103.19101,21.6632],[103.1891,21.66159],[103.1883,21.6606],[103.18767,21.66047],[103.18655,21.66099],[103.18487,21.66006],[103.18449,21.65823],[103.18214,21.65761],[103.18195,21.6568],[103.18035,21.65627],[103.18079,21.65546],[103.17754,21.65582],[103.17632,21.65542],[103.17724,21.6547],[103.17615,21.65309],[103.1752,21.65311],[103.17496,21.6523],[103.17348,21.65129],[103.17295,21.65029],[103.17153,21.64982],[103.17178,21.64833],[103.17092,21.64811],[103.16978,21.64834],[103.16863,21.64772],[103.16746,21.64837],[103.16601,21.64696],[103.16535,21.64693],[103.16407,21.64615],[103.16359,21.64522],[103.16214,21.64526],[103.1615,21.64463],[103.16061,21.64448],[103.15976,21.64348],[103.15885,21.64331],[103.15791,21.64263],[103.15661,21.64221],[103.15573,21.64235],[103.15426,21.64083],[103.15341,21.64041],[103.15149,21.64027],[103.1514,21.64022],[103.15224,21.63977],[103.15427,21.63963],[103.1568,21.6404],[103.1583,21.64029],[103.15947,21.63992],[103.16087,21.63907],[103.16212,21.63866],[103.16351,21.63863],[103.16442,21.63924],[103.16894,21.63917],[103.16974,21.63959],[103.17092,21.63934],[103.17222,21.63837],[103.17367,21.63797],[103.17546,21.63854],[103.17594,21.63918],[103.17923,21.64073],[103.18151,21.64069],[103.18225,21.64131],[103.18432,21.64245],[103.18529,21.64364],[103.18689,21.64503],[103.18768,21.64543],[103.19071,21.64501],[103.19173,21.64457],[103.19429,21.64469],[103.19515,21.63993],[103.19643,21.63809],[103.19643,21.63666],[103.19701,21.63495],[103.19832,21.63233],[103.19912,21.63277],[103.20079,21.63315],[103.20181,21.63243],[103.20424,21.63247],[103.20488,21.63228],[103.20543,21.63369],[103.2071,21.63238],[103.20748,21.63267],[103.20776,21.63416],[103.20853,21.63377],[103.21083,21.63451],[103.21104,21.63213],[103.21248,21.62933],[103.21264,21.62841],[103.21364,21.62774],[103.21453,21.62632],[103.21581,21.62529],[103.21739,21.62444],[103.22151,21.6245],[103.22284,21.62467],[103.22343,21.62367],[103.22454,21.62258],[103.22737,21.62376],[103.22791,21.62371],[103.22955,21.622],[103.23078,21.62169],[103.23209,21.62077],[103.23506,21.62121],[103.23678,21.62067],[103.23872,21.62098],[103.24134,21.62193],[103.24145,21.62088],[103.24204,21.61965],[103.24363,21.6186],[103.2453,21.61808],[103.24686,21.61816],[103.25099,21.61897],[103.25189,21.61883],[103.25301,21.61931],[103.25474,21.62049],[103.25627,21.61903],[103.25871,21.61956],[103.25961,21.62053],[103.26242,21.61968],[103.26592,21.61756],[103.26742,21.61775],[103.26866,21.61743],[103.27047,21.61793],[103.2723,21.61694],[103.27396,21.61674],[103.27663,21.61614],[103.27834,21.61534],[103.27883,21.61437],[103.28155,21.61277],[103.28262,21.61131],[103.28448,21.60953],[103.28568,21.60786],[103.2857,21.60502],[103.28421,21.60268],[103.28519,21.60111],[103.28547,21.59928],[103.286,21.59782],[103.28767,21.59723],[103.28767,21.59478],[103.28719,21.59357],[103.28758,21.59274],[103.28878,21.59127],[103.2905,21.59019],[103.29053,21.589],[103.292,21.58752],[103.29528,21.58547],[103.29799,21.58496],[103.29842,21.58369],[103.29989,21.58317],[103.30096,21.58225],[103.30291,21.58134],[103.30375,21.58056],[103.30403,21.57873],[103.30615,21.57817],[103.30716,21.57748],[103.30756,21.57611],[103.30888,21.57425],[103.31099,21.57342],[103.31083,21.5722],[103.31153,21.56945],[103.31219,21.56921],[103.31358,21.56943],[103.31579,21.56885],[103.31711,21.56749],[103.31912,21.56652],[103.32109,21.56622],[103.32224,21.56512],[103.32563,21.56413],[103.32649,21.56313],[103.32662,21.5618],[103.3264,21.56037],[103.32742,21.55902],[103.32774,21.55773],[103.32865,21.55636],[103.3306,21.55571],[103.33125,21.5543],[103.33246,21.55381],[103.33544,21.552],[103.33634,21.55244],[103.33856,21.55261],[103.3408,21.55391],[103.34134,21.55461],[103.34228,21.55483],[103.344,21.5546],[103.34518,21.55391],[103.34601,21.55305],[103.34717,21.55265],[103.34782,21.55205],[103.3489,21.55219],[103.34983,21.5518],[103.35081,21.55052],[103.35242,21.54971],[103.35396,21.54941],[103.35488,21.54798],[103.35743,21.5469],[103.35826,21.54625],[103.36047,21.54507],[103.36045,21.5439],[103.36171,21.54357],[103.36149,21.54186],[103.36277,21.54067],[103.36606,21.54078],[103.36736,21.53943],[103.36867,21.53974],[103.3751,21.54006],[103.37809,21.53839],[103.3785,21.53733],[103.38118,21.53622],[103.3825,21.53643],[103.38337,21.53578],[103.38419,21.53447],[103.38516,21.53437],[103.38609,21.53377],[103.3881,21.53295],[103.38939,21.53192],[103.39125,21.53151],[103.394,21.52941],[103.39375,21.5444],[103.39293,21.54656],[103.39276,21.54885],[103.39133,21.55141],[103.39062,21.55306],[103.39042,21.5552],[103.38975,21.5574],[103.39072,21.55882],[103.391,21.56078],[103.3921,21.56173],[103.39302,21.562],[103.39414,21.56352],[103.39582,21.56516],[103.3985,21.5671],[103.40073,21.56786],[103.40174,21.56749],[103.40293,21.56844],[103.40097,21.56991],[103.39778,21.57101],[103.39753,21.57176],[103.39606,21.57332],[103.39493,21.57407],[103.39232,21.57463],[103.39206,21.57574],[103.39101,21.57759],[103.39057,21.57792],[103.38776,21.57902],[103.38627,21.58075],[103.3835,21.58241],[103.38245,21.58421],[103.3794,21.58648],[103.37829,21.5879],[103.37953,21.58935],[103.38163,21.59022],[103.38314,21.59355],[103.38293,21.59516],[103.38378,21.59785],[103.3845,21.59924],[103.38456,21.60026],[103.38534,21.60178],[103.38588,21.60391],[103.38628,21.60445],[103.38903,21.60597],[103.38928,21.60725],[103.38874,21.61053],[103.38923,21.61169],[103.39096,21.61339],[103.39075,21.61684],[103.39079,21.6194],[103.39121,21.62025],[103.39198,21.62078],[103.39169,21.62216],[103.3898,21.62258],[103.3891,21.62404],[103.38971,21.62502],[103.38969,21.62687],[103.39021,21.62819],[103.39025,21.62907],[103.38961,21.63038],[103.39081,21.63201],[103.39021,21.63481],[103.38942,21.63555],[103.38974,21.63842],[103.38801,21.63962],[103.38885,21.6423],[103.39007,21.64375],[103.39099,21.64524],[103.39126,21.64613],[103.39093,21.64756],[103.3905,21.64822],[103.39077,21.64954],[103.39144,21.65105],[103.39134,21.65178],[103.39057,21.65233],[103.39031,21.65389],[103.3905,21.65539],[103.39017,21.65728],[103.39063,21.65859],[103.38987,21.66164],[103.38861,21.66496],[103.3892,21.66759],[103.3903,21.6688],[103.39075,21.67201],[103.3908,21.67523],[103.39007,21.6763],[103.38961,21.67787]]]},"properties":{"a01_tinh":"diaphanhanhchinhcaptinh_sn.109","a02_xa":"diaphanhanhchinhcapxa_2025.2257","a03_ten":"Xã Chiềng Sinh","a04_tentinh":"Tỉnh Điện Biên","a05_truocsn":"Xã Nà Sáy, Xã Mường Thín, Xã Mường Khong, Xã Chiềng Sinh","a06_trungtamhc":"Trụ sở Đảng ủy, HĐND và UBND xã Nà Sáy","a07_dt":"218.01","a08_ds":"15371","a09_dthoai":null,"a10_web":null,"ten":"Xã Chiềng Sinh","ma":"03283","tentinh":"Tỉnh Điện Biên","truocsapnhap":"Xã Nà Sáy, Xã Mường Thín, Xã Mường Khong, Xã Chiềng Sinh","dientichkm2":null,"dansonguoi":null},"id":"diaphanhanhchinhcapxa_2025.2257"},
{"type":"Feature","geometry":{"type":"Polygon","coordinates":[[[103.29053,21.49828],[103.28902,21.49912],[103.28872,21.49984],[103.28632,21.50139],[103.28521,21.50269],[103.28445,21.50304],[103.28236,21.50306],[103.27908,21.5044],[103.2774,21.5047],[103.27734,21.50644],[103.27435,21.50717],[103.27335,21.50815],[103.27269,21.50834],[103.27192,21.50936],[103.27041,21.50969],[103.26947,21.5108],[103.26874,21.51096],[103.26766,21.51186],[103.26657,21.51431],[103.26561,21.5149],[103.26457,21.51607],[103.25744,21.5156],[103.25635,21.51654],[103.25582,21.51651],[103.25428,21.51724],[103.25369,21.51841],[103.25252,21.51849],[103.25245,21.51765],[103.25109,21.51873],[103.25057,21.51986],[103.24751,21.52028],[103.24609,21.51989],[103.24394,21.52028],[103.24301,21.51953],[103.2423,21.52015],[103.24008,21.51929],[103.23928,21.51966],[103.23801,21.51907],[103.23735,21.51978],[103.23668,21.51948],[103.23631,21.5206],[103.23669,21.52128],[103.23803,21.52204],[103.23851,21.52303],[103.23771,21.52351],[103.23824,21.52464],[103.23685,21.52577],[103.23679,21.52757],[103.23554,21.52965],[103.23475,21.52963],[103.2335,21.5302],[103.23135,21.53084],[103.22986,21.53036],[103.22902,21.52945],[103.22734,21.52882],[103.22502,21.52901],[103.22433,21.52848],[103.22369,21.52899],[103.2229,21.53071],[103.22265,21.53245],[103.22278,21.53343],[103.22374,21.53383],[103.22355,21.53476],[103.22271,21.53648],[103.22169,21.53991],[103.22224,21.54104],[103.22194,21.54216],[103.22118,21.54364],[103.22053,21.54424],[103.22058,21.54554],[103.22014,21.54745],[103.21976,21.54811],[103.21942,21.55001],[103.21958,21.55147],[103.21763,21.55088],[103.21621,21.54943],[103.21438,21.54912],[103.21333,21.54867],[103.21147,21.54955],[103.20906,21.54953],[103.20668,21.54931],[103.20605,21.54887],[103.20556,21.54751],[103.20441,21.54697],[103.20298,21.5443],[103.2022,21.54385],[103.20114,21.54395],[103.19992,21.54324],[103.19957,21.54246],[103.19717,21.54168],[103.19642,21.54026],[103.19505,21.53883],[103.19514,21.53743],[103.19383,21.53674],[103.19267,21.53498],[103.19096,21.53318],[103.18941,21.53188],[103.18743,21.53145],[103.1862,21.53148],[103.1807,21.52887],[103.17799,21.52806],[103.1749,21.52769],[103.17322,21.52727],[103.17164,21.52719],[103.17063,21.5263],[103.16803,21.5255],[103.16769,21.52428],[103.16606,21.52444],[103.16473,21.52329],[103.16393,21.52057],[103.16463,21.51777],[103.16606,21.51578],[103.16803,21.51366],[103.16829,21.51257],[103.16787,21.51196],[103.16743,21.51006],[103.16741,21.50806],[103.16803,21.50479],[103.16769,21.5034],[103.16967,21.49968],[103.16937,21.49924],[103.16953,21.49776],[103.17018,21.49657],[103.17062,21.49276],[103.17137,21.49178],[103.17341,21.49122],[103.17391,21.49025],[103.17557,21.4888],[103.17661,21.48717],[103.17852,21.48529],[103.17831,21.48435],[103.17861,21.48282],[103.17912,21.4816],[103.17808,21.48061],[103.17883,21.47863],[103.17852,21.47793],[103.17844,21.47475],[103.17906,21.47379],[103.17994,21.47118],[103.17974,21.47042],[103.17851,21.46979],[103.17777,21.46892],[103.17723,21.46702],[103.17768,21.46618],[103.17722,21.46406],[103.17792,21.46269],[103.1784,21.46037],[103.17844,21.45891],[103.17811,21.45797],[103.17896,21.45502],[103.1788,21.45436],[103.18068,21.45122],[103.18054,21.45035],[103.18164,21.44957],[103.18245,21.44861],[103.18147,21.44773],[103.18177,21.44635],[103.18301,21.4455],[103.18368,21.44464],[103.18378,21.44323],[103.18453,21.44301],[103.18484,21.44221],[103.18434,21.44094],[103.18504,21.4401],[103.18657,21.43895],[103.18777,21.43719],[103.18941,21.43775],[103.19061,21.43712],[103.19241,21.43712],[103.19432,21.43594],[103.19521,21.43509],[103.19578,21.43372],[103.19578,21.43251],[103.19653,21.43133],[103.19698,21.43129],[103.19789,21.43],[103.20028,21.42924],[103.20078,21.42866],[103.20223,21.42831],[103.20421,21.42919],[103.20442,21.43012],[103.20832,21.43151],[103.21377,21.42811],[103.21544,21.42757],[103.21776,21.42629],[103.2204,21.42679],[103.22109,21.42724],[103.22288,21.42745],[103.22486,21.42735],[103.22596,21.42672],[103.22867,21.42764],[103.2302,21.42774],[103.23145,21.42862],[103.23082,21.43012],[103.23021,21.43024],[103.2271,21.43224],[103.22529,21.43271],[103.22415,21.43344],[103.22296,21.43489],[103.22103,21.43567],[103.22062,21.43839],[103.22084,21.43925],[103.22161,21.43983],[103.22222,21.44208],[103.22313,21.44267],[103.22305,21.4439],[103.22341,21.44539],[103.22313,21.44781],[103.22576,21.44995],[103.2262,21.4524],[103.2268,21.45312],[103.2264,21.45371],[103.22683,21.45467],[103.22679,21.45562],[103.22774,21.4561],[103.22836,21.45743],[103.22907,21.45769],[103.22992,21.45953],[103.23064,21.46062],[103.23206,21.46136],[103.2327,21.46201],[103.23287,21.46455],[103.23398,21.46609],[103.23431,21.46761],[103.23417,21.46881],[103.23467,21.47015],[103.23788,21.47141],[103.23962,21.47172],[103.24065,21.47225],[103.24107,21.4729],[103.24164,21.47498],[103.24153,21.47615],[103.24299,21.47694],[103.24322,21.47751],[103.24445,21.47801],[103.2464,21.47954],[103.24738,21.47991],[103.24762,21.48114],[103.24951,21.48331],[103.25065,21.48355],[103.2522,21.48468],[103.25332,21.4851],[103.25563,21.48661],[103.25755,21.48686],[103.25849,21.48668],[103.25948,21.48719],[103.26046,21.48818],[103.26261,21.48799],[103.26385,21.48825],[103.26545,21.48765],[103.26922,21.48927],[103.27076,21.4889],[103.27226,21.489],[103.27393,21.4898],[103.27506,21.48917],[103.27716,21.48912],[103.27897,21.48983],[103.2799,21.48993],[103.28145,21.49073],[103.28226,21.49167],[103.28364,21.49243],[103.2842,21.4931],[103.28658,21.49451],[103.28696,21.4956],[103.2889,21.49755],[103.29053,21.49828]]]},"properties":{"a01_tinh":"diaphanhanhchinhcaptinh_sn.109","a02_xa":"diaphanhanhchinhcapxa_2025.2254","a03_ten":"Xã Mường Ảng","a04_tentinh":"Tỉnh Điện Biên","a05_truocsn":"Thị trấn Mường Ảng, Xã Ẳng Nưa, Xã Ẳng Cang","a06_trungtamhc":"Trụ sở Huyện ủy, HĐND và UBND huyện Mường Ảng","a07_dt":"85.94","a08_ds":"17604","a09_dthoai":null,"a10_web":null,"ten":"Xã Mường Ảng","ma":"03256","tentinh":"Tỉnh Điện Biên","truocsapnhap":"Thị trấn Mường Ảng, Xã Ẳng Nưa, Xã Ẳng Cang","dientichkm2":null,"dansonguoi":null},"id":"diaphanhanhchinhcapxa_2025.2254"},
{"type":"Feature","geometry":{"type":"Polygon","coordinates":[[[102.86085,22.0598],[102.85915,22.05975],[102.85843,22.0612],[102.85837,22.06226],[102.85783,22.06263],[102.85645,22.06275],[102.85655,22.06388],[102.85533,22.06455],[102.85473,22.06583],[102.85396,22.06548],[102.85152,22.0662],[102.85063,22.06607],[102.84964,22.06509],[102.84786,22.06508],[102.8467,22.06536],[102.84458,22.06498],[102.84373,22.06578],[102.84303,22.06506],[102.84201,22.06506],[102.84061,22.06589],[102.83952,22.06595],[102.83883,22.06499],[102.83749,22.06444],[102.8361,22.06458],[102.8357,22.06499],[102.83395,22.06505],[102.83345,22.06448],[102.83237,22.06421],[102.83145,22.06439],[102.8309,22.06395],[102.82825,22.06434],[102.8248,22.06419],[102.82394,22.06546],[102.82231,22.06502],[102.8215,22.06571],[102.82061,22.06548],[102.81914,22.06584],[102.818,22.0666],[102.81714,22.06775],[102.81256,22.07125],[102.81147,22.07267],[102.80995,22.07393],[102.80783,22.07504],[102.80611,22.07498],[102.80462,22.07549],[102.79991,22.07774],[102.79932,22.07843],[102.79698,22.07958],[102.79622,22.08026],[102.79557,22.07965],[102.79375,22.08016],[102.79201,22.08106],[102.79118,22.08212],[102.78889,22.08354],[102.78685,22.08313],[102.78646,22.08397],[102.78548,22.08466],[102.78564,22.08552],[102.78417,22.08602],[102.78217,22.0859],[102.78052,22.08684],[102.77886,22.08642],[102.77726,22.08738],[102.77757,22.08941],[102.77683,22.09007],[102.77537,22.09017],[102.77652,22.09147],[102.77594,22.09224],[102.77696,22.09248],[102.77612,22.09331],[102.77785,22.0949],[102.77814,22.0959],[102.77897,22.09602],[102.77897,22.09716],[102.78053,22.09812],[102.78104,22.09885],[102.78084,22.09993],[102.78144,22.10049],[102.78002,22.1009],[102.77776,22.10076],[102.77748,22.10133],[102.77632,22.10141],[102.77665,22.10411],[102.77576,22.10473],[102.77087,22.1116],[102.7676,22.11725],[102.76692,22.11734],[102.76321,22.11667],[102.76198,22.11583],[102.76087,22.11345],[102.75978,22.11273],[102.75892,22.11149],[102.75911,22.10999],[102.7595,22.10909],[102.75781,22.10721],[102.75723,22.10577],[102.75623,22.10427],[102.75613,22.10308],[102.75432,22.10274],[102.75345,22.10228],[102.75093,22.10307],[102.74939,22.10327],[102.74809,22.10291],[102.74709,22.10298],[102.74553,22.10366],[102.74479,22.10337],[102.74395,22.10225],[102.74232,22.10157],[102.74075,22.1018],[102.74002,22.10139],[102.73491,22.10131],[102.73311,22.10078],[102.73254,22.09996],[102.73046,22.09888],[102.72885,22.09901],[102.72671,22.09695],[102.72499,22.09564],[102.72399,22.09353],[102.723,22.09237],[102.72288,22.0907],[102.72183,22.0907],[102.72038,22.08985],[102.71818,22.08955],[102.71774,22.08913],[102.71691,22.08506],[102.71903,22.0836],[102.71988,22.08206],[102.7205,22.07872],[102.71892,22.07674],[102.71567,22.07463],[102.71344,22.07289],[102.71304,22.07207],[102.71329,22.07089],[102.71598,22.06859],[102.71772,22.06834],[102.71843,22.06477],[102.71843,22.06288],[102.71911,22.06233],[102.71846,22.06174],[102.71833,22.06049],[102.71907,22.05808],[102.72106,22.05549],[102.72147,22.05431],[102.72267,22.05265],[102.71939,22.04954],[102.71817,22.04894],[102.71671,22.04914],[102.71594,22.04846],[102.71455,22.04788],[102.71266,22.04618],[102.71012,22.04575],[102.70833,22.04492],[102.70726,22.04266],[102.70407,22.04312],[102.70371,22.04268],[102.70361,22.04111],[102.7029,22.03988],[102.70182,22.03661],[102.70125,22.03585],[102.7008,22.03408],[102.70091,22.03333],[102.70021,22.03293],[102.69957,22.03056],[102.6969,22.02734],[102.69711,22.02531],[102.69651,22.02403],[102.6965,22.02294],[102.6957,22.02226],[102.69537,22.02109],[102.69393,22.01994],[102.69265,22.01738],[102.69155,22.01651],[102.69124,22.01562],[102.6919,22.01486],[102.69261,22.01327],[102.69405,22.0131],[102.69476,22.01272],[102.69718,22.01062],[102.69615,22.00817],[102.69518,22.00754],[102.69411,22.00734],[102.69283,22.00586],[102.69209,22.0055],[102.69197,22.00459],[102.69021,22.00354],[102.68735,22.00324],[102.68453,22.00333],[102.68221,22.00385],[102.68127,22.00326],[102.68035,22.00218],[102.67802,22.00348],[102.67647,22.00325],[102.67568,22.00033],[102.67618,21.99906],[102.67772,21.99641],[102.67863,21.99542],[102.68017,21.99475],[102.6806,21.99399],[102.68044,21.99276],[102.6811,21.99256],[102.68223,21.99155],[102.68401,21.99071],[102.68514,21.98951],[102.68704,21.98937],[102.68697,21.98793],[102.68781,21.98693],[102.68635,21.9865],[102.68599,21.98548],[102.68597,21.98347],[102.68553,21.98193],[102.68352,21.98006],[102.68278,21.97873],[102.68113,21.97667],[102.68156,21.97618],[102.68175,21.97495],[102.68149,21.97399],[102.68023,21.97268],[102.67977,21.97174],[102.67951,21.96965],[102.68107,21.96664],[102.67942,21.96503],[102.67898,21.96306],[102.68077,21.96068],[102.68165,21.9609],[102.6832,21.96058],[102.6867,21.96069],[102.68814,21.9601],[102.68911,21.96009],[102.69002,21.95919],[102.69134,21.95877],[102.69219,21.95799],[102.69273,21.95683],[102.69442,21.95722],[102.69505,21.95642],[102.69618,21.95612],[102.69677,21.95641],[102.6978,21.9561],[102.69766,21.95479],[102.69908,21.95454],[102.69928,21.95375],[102.7,21.95331],[102.69977,21.95132],[102.70069,21.95041],[102.70024,21.95002],[102.70032,21.94883],[102.69931,21.94834],[102.69875,21.947],[102.6996,21.94556],[102.70041,21.94297],[102.70113,21.94181],[102.70106,21.94108],[102.70183,21.94025],[102.70256,21.9383],[102.70326,21.93721],[102.70424,21.93776],[102.7058,21.93716],[102.70704,21.93769],[102.70795,21.93758],[102.70827,21.93686],[102.7095,21.93689],[102.7089,21.93582],[102.70945,21.93491],[102.70917,21.93433],[102.70816,21.93383],[102.70764,21.93298],[102.70794,21.93231],[102.70957,21.93181],[102.70933,21.9312],[102.70779,21.93017],[102.70786,21.92937],[102.70869,21.92846],[102.70804,21.92761],[102.70891,21.92631],[102.70891,21.92497],[102.70966,21.92433],[102.70974,21.92309],[102.70951,21.92155],[102.71016,21.92045],[102.71045,21.91901],[102.70997,21.91609],[102.711,21.91351],[102.71164,21.91332],[102.71213,21.91089],[102.713,21.90972],[102.71409,21.91001],[102.71448,21.90909],[102.71618,21.90725],[102.7169,21.90693],[102.71739,21.90581],[102.71685,21.90354],[102.71776,21.90295],[102.7186,21.90367],[102.71909,21.90288],[102.72075,21.9019],[102.72207,21.89978],[102.7245,21.89713],[102.72517,21.89557],[102.72489,21.89493],[102.72492,21.89243],[102.72615,21.89137],[102.72607,21.89008],[102.72717,21.88847],[102.72731,21.88692],[102.72886,21.88601],[102.73094,21.88648],[102.73271,21.88526],[102.73368,21.88512],[102.73468,21.88545],[102.7362,21.88459],[102.7378,21.88484],[102.73854,21.88655],[102.73863,21.88782],[102.73947,21.88884],[102.74294,21.89024],[102.74409,21.89105],[102.74565,21.89141],[102.7482,21.88978],[102.75142,21.88999],[102.75274,21.88953],[102.7538,21.88756],[102.75329,21.8861],[102.75392,21.8854],[102.75372,21.88377],[102.75464,21.88225],[102.75665,21.88143],[102.75805,21.88065],[102.75945,21.88035],[102.76308,21.87697],[102.76464,21.87702],[102.76589,21.87614],[102.76702,21.87405],[102.7683,21.87298],[102.76873,21.8699],[102.77029,21.86936],[102.7712,21.86771],[102.77302,21.86739],[102.7737,21.86629],[102.77474,21.8661],[102.77568,21.86431],[102.7772,21.863],[102.77931,21.86354],[102.78038,21.86295],[102.78135,21.86157],[102.78177,21.86005],[102.78265,21.8588],[102.78302,21.86],[102.78524,21.86228],[102.78607,21.86289],[102.78844,21.8632],[102.78914,21.86402],[102.79015,21.86422],[102.79006,21.86534],[102.79205,21.8666],[102.79414,21.86529],[102.79469,21.86457],[102.79701,21.86356],[102.79955,21.86408],[102.79971,21.86297],[102.79912,21.8621],[102.79904,21.86045],[102.80099,21.85862],[102.80255,21.85767],[102.80429,21.85721],[102.80523,21.85575],[102.8066,21.85477],[102.80779,21.85428],[102.80892,21.85268],[102.81287,21.85244],[102.81275,21.85029],[102.81293,21.8485],[102.81412,21.84673],[102.81451,21.8454],[102.81522,21.84419],[102.81461,21.84327],[102.81443,21.84192],[102.81488,21.84105],[102.81716,21.83978],[102.81865,21.84069],[102.81974,21.84107],[102.8212,21.8421],[102.82317,21.84232],[102.82465,21.84337],[102.82637,21.84394],[102.82731,21.84392],[102.83016,21.84308],[102.83106,21.84387],[102.83164,21.84547],[102.83295,21.84562],[102.83469,21.84641],[102.83655,21.84659],[102.83719,21.84639],[102.83828,21.845],[102.83946,21.84513],[102.84126,21.8463],[102.84337,21.84663],[102.84541,21.84579],[102.84615,21.84455],[102.84765,21.84347],[102.84881,21.84339],[102.84965,21.84459],[102.84921,21.84674],[102.84937,21.84768],[102.85085,21.84885],[102.85093,21.85068],[102.85032,21.85192],[102.85102,21.85498],[102.85136,21.85547],[102.85276,21.85577],[102.85425,21.85541],[102.85472,21.85648],[102.85573,21.85694],[102.85705,21.85588],[102.85762,21.85602],[102.85834,21.85709],[102.85918,21.85762],[102.86164,21.85741],[102.86232,21.85774],[102.86374,21.85977],[102.86425,21.86083],[102.86399,21.86204],[102.86328,21.86339],[102.86309,21.86451],[102.86307,21.86805],[102.86223,21.8711],[102.86109,21.87201],[102.86103,21.87345],[102.86052,21.87389],[102.86115,21.876],[102.86077,21.8765],[102.86077,21.87866],[102.86232,21.88018],[102.86407,21.88051],[102.86553,21.87909],[102.86683,21.87865],[102.86745,21.87763],[102.86936,21.87754],[102.87005,21.87725],[102.87169,21.87587],[102.87308,21.87615],[102.8739,21.8768],[102.87665,21.87822],[102.88007,21.87956],[102.88251,21.88025],[102.88333,21.87786],[102.88331,21.87713],[102.88437,21.87458],[102.88577,21.87299],[102.88707,21.87271],[102.88929,21.87164],[102.89219,21.87163],[102.89319,21.87179],[102.89693,21.87118],[102.89895,21.87106],[102.90081,21.87148],[102.90472,21.87292],[102.90642,21.87299],[102.90742,21.87444],[102.90722,21.87575],[102.90606,21.87721],[102.90656,21.87808],[102.90801,21.8785],[102.90943,21.87978],[102.91085,21.8831],[102.91089,21.88389],[102.90926,21.88657],[102.90792,21.8876],[102.90813,21.88837],[102.90951,21.88981],[102.90919,21.89046],[102.90749,21.89037],[102.90627,21.89059],[102.90465,21.89121],[102.90479,21.89198],[102.90606,21.89247],[102.90654,21.89347],[102.90602,21.89516],[102.90632,21.89621],[102.90553,21.89788],[102.90702,21.8982],[102.90757,21.89767],[102.90872,21.8977],[102.91017,21.89891],[102.91083,21.8987],[102.91098,21.89769],[102.91307,21.89901],[102.91507,21.89929],[102.91691,21.90021],[102.91777,21.90129],[102.91902,21.90119],[102.91988,21.90325],[102.92173,21.90334],[102.92246,21.90456],[102.92383,21.90371],[102.9252,21.90421],[102.92597,21.90509],[102.92787,21.90482],[102.92888,21.90605],[102.92971,21.90781],[102.93035,21.91067],[102.93112,21.91177],[102.9317,21.91324],[102.93439,21.91478],[102.93502,21.91562],[102.93722,21.91646],[102.93796,21.91722],[102.93962,21.91712],[102.9411,21.91622],[102.94218,21.91457],[102.94208,21.91724],[102.94184,21.91788],[102.94224,21.91891],[102.9414,21.92034],[102.94144,21.92102],[102.94319,21.92234],[102.945,21.92442],[102.94509,21.92583],[102.94636,21.92692],[102.94687,21.92797],[102.94683,21.93101],[102.94659,21.93146],[102.94623,21.93415],[102.94632,21.9361],[102.94745,21.93672],[102.94878,21.93791],[102.95054,21.94053],[102.95207,21.94152],[102.95135,21.94227],[102.951,21.94421],[102.95336,21.94629],[102.95341,21.94922],[102.95144,21.94977],[102.95019,21.95051],[102.948,21.95106],[102.94705,21.95083],[102.94624,21.95199],[102.94519,21.95181],[102.94338,21.95241],[102.94127,21.95365],[102.94077,21.95424],[102.9394,21.95427],[102.93739,21.95525],[102.93612,21.95417],[102.93389,21.95418],[102.93111,21.95452],[102.92909,21.95345],[102.92875,21.95267],[102.92769,21.95177],[102.92562,21.95079],[102.92387,21.95088],[102.92198,21.95258],[102.92022,21.95335],[102.91852,21.95361],[102.91694,21.9526],[102.91588,21.95264],[102.91598,21.9516],[102.91511,21.94988],[102.91452,21.94809],[102.91291,21.94671],[102.91137,21.94626],[102.90948,21.94644],[102.9085,21.94614],[102.90714,21.94485],[102.90664,21.94656],[102.90549,21.94787],[102.90377,21.95039],[102.90163,21.95437],[102.90153,21.95574],[102.9008,21.95688],[102.89941,21.95828],[102.89899,21.95932],[102.89728,21.96063],[102.89603,21.96196],[102.8941,21.96207],[102.89317,21.9625],[102.89294,21.96401],[102.8905,21.9655],[102.88907,21.9659],[102.88755,21.96687],[102.88518,21.96747],[102.8838,21.9683],[102.88195,21.96749],[102.88023,21.96737],[102.87633,21.96918],[102.87518,21.96937],[102.87446,21.97047],[102.87232,21.97076],[102.87207,21.97358],[102.87271,21.97644],[102.87296,21.97861],[102.87184,21.97947],[102.87031,21.98017],[102.87011,21.98118],[102.87097,21.98295],[102.87046,21.98406],[102.8697,21.98454],[102.86955,21.98548],[102.87111,21.98625],[102.87378,21.98672],[102.87411,21.98732],[102.8732,21.98927],[102.87199,21.99006],[102.87033,21.99063],[102.87016,21.99199],[102.87198,21.99444],[102.87117,21.99515],[102.86881,21.99432],[102.86728,21.99505],[102.86691,21.99651],[102.86611,21.9977],[102.86374,21.99876],[102.86286,21.99974],[102.86265,22.00106],[102.86128,22.00025],[102.86058,22.00058],[102.85991,22.00009],[102.85888,22.0005],[102.85566,22.00052],[102.85439,22.00132],[102.85313,22.0032],[102.85264,22.00494],[102.85149,22.00615],[102.85054,22.0065],[102.84999,22.00764],[102.84948,22.0078],[102.8488,22.00893],[102.84887,22.00967],[102.84817,22.01122],[102.84947,22.01142],[102.8511,22.01112],[102.85246,22.01179],[102.85305,22.01313],[102.85248,22.01434],[102.85354,22.01652],[102.85345,22.01854],[102.85439,22.01981],[102.85537,22.02034],[102.85448,22.02231],[102.8529,22.02425],[102.85312,22.02621],[102.85123,22.02909],[102.85134,22.03135],[102.85174,22.0333],[102.85107,22.03419],[102.851,22.03494],[102.8546,22.03579],[102.85611,22.03672],[102.85816,22.0366],[102.85976,22.03761],[102.86109,22.03779],[102.86169,22.03957],[102.86179,22.04307],[102.8625,22.04405],[102.8628,22.04512],[102.86216,22.04666],[102.8613,22.04786],[102.85694,22.0498],[102.85895,22.05124],[102.85928,22.05205],[102.86024,22.05271],[102.86086,22.0541],[102.86099,22.05533],[102.86228,22.05654],[102.86178,22.05797],[102.86074,22.05829],[102.86085,22.0598]]]},"properties":{"a01_tinh":"diaphanhanhchinhcaptinh_sn.109","a02_xa":"diaphanhanhchinhcapxa_2025.2231","a03_ten":"Xã Mường Chà","a04_tentinh":"Tỉnh Điện Biên","a05_truocsn":"Xã Chà Cang, Xã Chà Nưa, Xã Nậm Tin, Xã Pa Tần","a06_trungtamhc":"Trụ sở Đảng ủy, HĐND và UBND xã Chà Cang","a07_dt":"462.28","a08_ds":"13884","a09_dthoai":null,"a10_web":null,"ten":"Xã Mường Chà","ma":"03166","tentinh":"Tỉnh Điện Biên","truocsapnhap":"Xã Chà Cang, Xã Chà Nưa, Xã Nậm Tin, Xã Pa Tần","dientichkm2":null,"dansonguoi":null},"id":"diaphanhanhchinhcapxa_2025.2231"},
{"type":"Feature","geometry":{"type":"Polygon","coordinates":[[[103.40929,21.48012],[103.40756,21.481],[103.40628,21.48093],[103.4033,21.48119],[103.40214,21.48181],[103.39979,21.48137],[103.39509,21.48143],[103.39212,21.48053],[103.39074,21.47967],[103.38983,21.47946],[103.38817,21.48007],[103.38389,21.4802],[103.38198,21.4792],[103.38027,21.47918],[103.37689,21.47885],[103.37603,21.47844],[103.37287,21.47777],[103.37162,21.47708],[103.36988,21.47534],[103.36817,21.47415],[103.36661,21.47393],[103.36462,21.47251],[103.36331,21.4723],[103.36146,21.47263],[103.35973,21.47268],[103.35752,21.47343],[103.35605,21.47412],[103.35264,21.47453],[103.35113,21.47553],[103.34981,21.47701],[103.34814,21.47801],[103.34813,21.48683],[103.34549,21.48721],[103.34018,21.49246],[103.33767,21.49514],[103.33598,21.49601],[103.3348,21.49702],[103.3346,21.49873],[103.33391,21.49929],[103.33354,21.50024],[103.33203,21.50046],[103.32894,21.50015],[103.32791,21.50035],[103.32374,21.49905],[103.32193,21.49795],[103.32028,21.49766],[103.31975,21.49708],[103.31798,21.49709],[103.31658,21.49803],[103.31542,21.49828],[103.31395,21.49951],[103.31286,21.49927],[103.3117,21.49978],[103.30914,21.49867],[103.30785,21.49896],[103.30525,21.49795],[103.30448,21.49846],[103.30317,21.49872],[103.30178,21.49979],[103.30157,21.50088],[103.30055,21.5013],[103.29853,21.50042],[103.29606,21.50017],[103.29478,21.49969],[103.29359,21.49876],[103.29111,21.49851],[103.29053,21.49828],[103.2889,21.49755],[103.28696,21.4956],[103.28658,21.49451],[103.2842,21.4931],[103.28364,21.49243],[103.28226,21.49167],[103.28145,21.49073],[103.2799,21.48993],[103.27897,21.48983],[103.27716,21.48912],[103.27506,21.48917],[103.27393,21.4898],[103.27226,21.489],[103.27076,21.4889],[103.26922,21.48927],[103.26545,21.48765],[103.26385,21.48825],[103.26261,21.48799],[103.26046,21.48818],[103.25948,21.48719],[103.25849,21.48668],[103.25755,21.48686],[103.25563,21.48661],[103.25332,21.4851],[103.2522,21.48468],[103.25065,21.48355],[103.24951,21.48331],[103.24762,21.48114],[103.24738,21.47991],[103.2464,21.47954],[103.24445,21.47801],[103.24322,21.47751],[103.24299,21.47694],[103.24153,21.47615],[103.24164,21.47498],[103.24107,21.4729],[103.24065,21.47225],[103.23962,21.47172],[103.23788,21.47141],[103.23467,21.47015],[103.23417,21.46881],[103.23431,21.46761],[103.23398,21.46609],[103.23287,21.46455],[103.2327,21.46201],[103.23206,21.46136],[103.23064,21.46062],[103.22992,21.45953],[103.22907,21.45769],[103.22836,21.45743],[103.22774,21.4561],[103.22679,21.45562],[103.22683,21.45467],[103.2264,21.45371],[103.2268,21.45312],[103.2262,21.4524],[103.22576,21.44995],[103.22313,21.44781],[103.22341,21.44539],[103.22305,21.4439],[103.22313,21.44267],[103.22222,21.44208],[103.22161,21.43983],[103.22084,21.43925],[103.22062,21.43839],[103.22103,21.43567],[103.22296,21.43489],[103.22415,21.43344],[103.22529,21.43271],[103.2271,21.43224],[103.23021,21.43024],[103.23082,21.43012],[103.23145,21.42862],[103.2302,21.42774],[103.22867,21.42764],[103.22596,21.42672],[103.22699,21.42612],[103.22877,21.4246],[103.23003,21.4243],[103.23095,21.42358],[103.23204,21.42322],[103.23472,21.42361],[103.23596,21.42425],[103.23764,21.42437],[103.23856,21.42601],[103.23831,21.42679],[103.23958,21.4273],[103.24048,21.42834],[103.24103,21.42964],[103.24227,21.42882],[103.24503,21.42793],[103.24634,21.42791],[103.24886,21.42674],[103.25082,21.42492],[103.25249,21.42395],[103.25301,21.42326],[103.25467,21.42235],[103.2562,21.41962],[103.25716,21.41908],[103.25924,21.4184],[103.25971,21.41668],[103.26109,21.41608],[103.26218,21.41497],[103.26124,21.42069],[103.26542,21.42872],[103.26714,21.42669],[103.26739,21.42568],[103.26932,21.42481],[103.27149,21.42483],[103.27341,21.42399],[103.27539,21.42273],[103.27692,21.42062],[103.27953,21.41897],[103.28005,21.41808],[103.28193,21.41747],[103.28275,21.41783],[103.28367,21.41727],[103.28425,21.41629],[103.28534,21.41592],[103.28605,21.41393],[103.2876,21.41213],[103.28884,21.41143],[103.28973,21.40947],[103.28944,21.40833],[103.28974,21.40686],[103.28954,21.40337],[103.28991,21.40261],[103.29155,21.40232],[103.29308,21.4033],[103.29436,21.40516],[103.29551,21.40571],[103.29717,21.4057],[103.29917,21.40744],[103.29939,21.40787],[103.30165,21.40812],[103.30318,21.40766],[103.30497,21.40788],[103.30636,21.40923],[103.30818,21.41032],[103.31012,21.41006],[103.31153,21.41039],[103.31477,21.41161],[103.31605,21.41147],[103.31638,21.41101],[103.31799,21.4107],[103.31898,21.41101],[103.32003,21.41183],[103.32225,21.41295],[103.3232,21.41429],[103.33072,21.41546],[103.33387,21.41642],[103.33516,21.41614],[103.33613,21.41688],[103.33737,21.41864],[103.33729,21.42036],[103.33802,21.4208],[103.33866,21.42249],[103.34038,21.42445],[103.34066,21.42681],[103.34221,21.42782],[103.3433,21.42922],[103.34595,21.42985],[103.34662,21.42895],[103.34861,21.42782],[103.34982,21.42754],[103.3506,21.42632],[103.35237,21.42506],[103.35275,21.42448],[103.35457,21.42456],[103.35602,21.42435],[103.35701,21.42524],[103.35834,21.4241],[103.36048,21.42361],[103.36277,21.42472],[103.36552,21.42709],[103.36585,21.4278],[103.36671,21.42801],[103.36761,21.42934],[103.37044,21.42911],[103.37273,21.42761],[103.37515,21.42751],[103.37657,21.42874],[103.37919,21.42976],[103.37905,21.43049],[103.37942,21.43206],[103.37762,21.43543],[103.37826,21.43586],[103.38056,21.4342],[103.38355,21.43391],[103.38624,21.43447],[103.38969,21.43561],[103.39081,21.43615],[103.39106,21.43671],[103.39221,21.43635],[103.39758,21.43503],[103.39834,21.43446],[103.39922,21.43534],[103.39955,21.4364],[103.40117,21.43654],[103.40498,21.43931],[103.40682,21.44217],[103.40695,21.44508],[103.40749,21.44602],[103.40845,21.44897],[103.40948,21.45057],[103.40933,21.45199],[103.40954,21.45477],[103.40903,21.45554],[103.40919,21.45637],[103.41161,21.45936],[103.41344,21.4627],[103.41371,21.4642],[103.41432,21.46564],[103.41349,21.4668],[103.41323,21.46929],[103.4138,21.4701],[103.41311,21.47137],[103.4131,21.47274],[103.41135,21.47406],[103.41181,21.47526],[103.41065,21.47624],[103.41075,21.47785],[103.41037,21.47895],[103.41069,21.47945],[103.40929,21.48012]]]},"properties":{"a01_tinh":"diaphanhanhchinhcaptinh_sn.109","a02_xa":"diaphanhanhchinhcapxa_2025.2261","a03_ten":"Xã Mường Lạn","a04_tentinh":"Tỉnh Điện Biên","a05_truocsn":"Xã Nặm Lịch, Xã Xuân Lao, Xã Mường Lạn","a06_trungtamhc":"Trụ sở Đảng ủy, HĐND và UBND xã Mường Lạn","a07_dt":"136.01","a08_ds":"13497","a09_dthoai":null,"a10_web":null,"ten":"Xã Mường Lạn","ma":"03313","tentinh":"Tỉnh Điện Biên","truocsapnhap":"Xã Nặm Lịch, Xã Xuân Lao, Xã Mường Lạn","dientichkm2":null,"dansonguoi":null},"id":"diaphanhanhchinhcapxa_2025.2261"},
{"type":"Feature","geometry":{"type":"Polygon","coordinates":[[[103.36971,21.3313],[103.36893,21.3313],[103.36821,21.33204],[103.36726,21.33201],[103.36657,21.33253],[103.36678,21.33339],[103.36511,21.33367],[103.3638,21.33284],[103.36257,21.33279],[103.36114,21.33224],[103.3592,21.33298],[103.3585,21.33356],[103.35722,21.33357],[103.35663,21.33255],[103.35321,21.33284],[103.35285,21.33235],[103.35132,21.33214],[103.34927,21.33098],[103.3482,21.33079],[103.34807,21.32963],[103.34665,21.32777],[103.34604,21.32639],[103.34271,21.32159],[103.34244,21.32008],[103.34149,21.31706],[103.34285,21.31694],[103.34408,21.31641],[103.34538,21.31654],[103.34624,21.31584],[103.34658,21.31467],[103.34749,21.31321],[103.3481,21.31319],[103.34904,21.31215],[103.34875,21.30981],[103.35118,21.29493],[103.35254,21.2938],[103.35142,21.29256],[103.35068,21.29227],[103.34897,21.29228],[103.34747,21.29123],[103.34585,21.29074],[103.34407,21.29113],[103.34293,21.29049],[103.34088,21.29052],[103.33869,21.29084],[103.33707,21.29136],[103.33665,21.29185],[103.33472,21.29277],[103.33513,21.29106],[103.33567,21.29029],[103.33485,21.28895],[103.3348,21.28813],[103.33543,21.2871],[103.3357,21.28564],[103.33621,21.28516],[103.33551,21.28249],[103.3359,21.28122],[103.33275,21.28017],[103.33187,21.27839],[103.33078,21.27527],[103.32965,21.27285],[103.32846,21.27169],[103.32792,21.27005],[103.32862,21.26834],[103.32857,21.26726],[103.32814,21.26661],[103.32678,21.26575],[103.32515,21.264],[103.32564,21.26275],[103.32635,21.26199],[103.32604,21.26113],[103.32677,21.25992],[103.32633,21.25932],[103.32677,21.25809],[103.32522,21.25599],[103.32539,21.25536],[103.32461,21.25395],[103.32471,21.25096],[103.32644,21.24961],[103.32667,21.24863],[103.32859,21.24765],[103.32815,21.24533],[103.32902,21.24463],[103.3288,21.24374],[103.32785,21.24366],[103.32489,21.24184],[103.32293,21.24137],[103.31966,21.23886],[103.31811,21.23969],[103.31715,21.24049],[103.31624,21.24054],[103.31481,21.24001],[103.31467,21.23928],[103.31499,21.23703],[103.31458,21.2352],[103.3129,21.2351],[103.31184,21.234],[103.31169,21.23283],[103.31194,21.23072],[103.31102,21.22986],[103.30778,21.23002],[103.30734,21.22979],[103.30492,21.22735],[103.30317,21.22648],[103.3017,21.22606],[103.30059,21.22515],[103.2986,21.22397],[103.29649,21.22304],[103.29591,21.22218],[103.29638,21.22124],[103.29901,21.22026],[103.30095,21.21989],[103.30201,21.2192],[103.3032,21.21915],[103.30668,21.21951],[103.30875,21.21884],[103.30962,21.2191],[103.31102,21.21835],[103.31147,21.21878],[103.3125,21.21851],[103.31335,21.21928],[103.31557,21.21978],[103.31669,21.21894],[103.31898,21.21883],[103.32161,21.21761],[103.32379,21.21408],[103.32913,21.21852],[103.3359,21.21868],[103.33528,21.21953],[103.33704,21.21978],[103.33742,21.2202],[103.3417,21.22263],[103.34298,21.22245],[103.34353,21.22197],[103.34599,21.22122],[103.3467,21.22048],[103.34764,21.22055],[103.34784,21.2192],[103.34858,21.21748],[103.34935,21.21652],[103.351,21.21537],[103.35168,21.21381],[103.35063,21.21264],[103.35046,21.212],[103.3514,21.20997],[103.35287,21.20748],[103.35397,21.20723],[103.35459,21.20542],[103.3527,21.20448],[103.35165,21.20296],[103.35134,21.20132],[103.35025,21.20023],[103.35368,21.1968],[103.3546,21.19424],[103.35521,21.19374],[103.35589,21.19242],[103.35665,21.19162],[103.35782,21.19197],[103.35751,21.18967],[103.35797,21.18909],[103.35872,21.1871],[103.35965,21.18675],[103.35897,21.18517],[103.35943,21.18469],[103.36269,21.18365],[103.3628,21.18223],[103.36328,21.18193],[103.36351,21.1808],[103.36494,21.18088],[103.36467,21.1792],[103.36408,21.17788],[103.36443,21.17649],[103.36592,21.17365],[103.36511,21.17212],[103.36481,21.16933],[103.36589,21.16842],[103.36562,21.16756],[103.36621,21.16658],[103.36728,21.16627],[103.36787,21.1655],[103.36982,21.16419],[103.37142,21.16466],[103.37248,21.16642],[103.37235,21.16776],[103.37272,21.16823],[103.37951,21.17078],[103.38917,21.17412],[103.39061,21.1732],[103.39134,21.17223],[103.39235,21.17177],[103.394,21.17272],[103.39713,21.17319],[103.39861,21.17435],[103.39985,21.17449],[103.4004,21.17277],[103.40152,21.17202],[103.40174,21.17128],[103.40084,21.17016],[103.40078,21.16957],[103.4018,21.16744],[103.40296,21.16676],[103.40334,21.16508],[103.40413,21.16446],[103.40471,21.1633],[103.40653,21.16248],[103.40793,21.16136],[103.40945,21.16263],[103.40968,21.16355],[103.41123,21.16388],[103.41179,21.16458],[103.41279,21.16479],[103.41383,21.16551],[103.41463,21.16656],[103.41538,21.16479],[103.41639,21.16467],[103.41693,21.16308],[103.41862,21.16139],[103.42019,21.16102],[103.42246,21.15969],[103.42394,21.15945],[103.42544,21.16047],[103.42619,21.16164],[103.42727,21.16169],[103.42809,21.16274],[103.4296,21.16313],[103.4301,21.1642],[103.43083,21.16462],[103.43212,21.16603],[103.43305,21.16651],[103.43406,21.16773],[103.43438,21.16852],[103.43413,21.16981],[103.43456,21.17081],[103.43435,21.17142],[103.43492,21.17274],[103.43519,21.17434],[103.43494,21.17528],[103.43565,21.1772],[103.43629,21.17786],[103.43601,21.17964],[103.43539,21.18142],[103.43539,21.18297],[103.43634,21.18474],[103.43661,21.1861],[103.43734,21.18782],[103.43771,21.18808],[103.43819,21.18996],[103.43785,21.19188],[103.43708,21.19239],[103.43749,21.19486],[103.43751,21.19638],[103.43696,21.19701],[103.43782,21.19794],[103.43734,21.19887],[103.43745,21.19974],[103.43617,21.20105],[103.43431,21.20479],[103.43271,21.2061],[103.43231,21.20953],[103.43287,21.21065],[103.43229,21.21227],[103.43263,21.21362],[103.43355,21.21459],[103.43328,21.21554],[103.43447,21.21622],[103.43374,21.21808],[103.4346,21.21889],[103.43425,21.2199],[103.43185,21.22331],[103.43203,21.22396],[103.43325,21.22501],[103.43297,21.22659],[103.43231,21.22729],[103.43233,21.2288],[103.43297,21.22923],[103.43328,21.23088],[103.43402,21.23183],[103.43403,21.23313],[103.43351,21.23428],[103.43331,21.23701],[103.43043,21.23908],[103.43056,21.24143],[103.42992,21.24259],[103.43035,21.24311],[103.42973,21.24441],[103.42979,21.24565],[103.4288,21.24676],[103.4289,21.24734],[103.42714,21.25177],[103.42779,21.25429],[103.42949,21.25273],[103.43087,21.25254],[103.43135,21.25377],[103.43116,21.25533],[103.43242,21.25705],[103.43389,21.25803],[103.43409,21.2591],[103.43531,21.26073],[103.43683,21.26106],[103.43896,21.26335],[103.43832,21.26528],[103.4383,21.26677],[103.43874,21.26763],[103.43874,21.27045],[103.43827,21.27135],[103.43819,21.27343],[103.4401,21.27459],[103.44108,21.2773],[103.44076,21.27916],[103.44121,21.28267],[103.44147,21.2837],[103.43932,21.28396],[103.43949,21.28438],[103.43911,21.28601],[103.43968,21.2878],[103.43148,21.30754],[103.43027,21.30876],[103.42712,21.30898],[103.42437,21.31024],[103.42368,21.31108],[103.42228,21.31154],[103.42112,21.31268],[103.42112,21.31349],[103.41942,21.31544],[103.41689,21.31703],[103.41571,21.31966],[103.41479,21.31915],[103.41113,21.31905],[103.4102,21.31811],[103.4076,21.31781],[103.40551,21.31857],[103.40307,21.31789],[103.40108,21.31752],[103.39912,21.31685],[103.39791,21.31682],[103.39545,21.31757],[103.39353,21.31859],[103.39168,21.32035],[103.38947,21.32112],[103.38785,21.32275],[103.38537,21.3259],[103.38355,21.32679],[103.38255,21.32761],[103.38163,21.32885],[103.3799,21.3287],[103.37956,21.3293],[103.37825,21.32975],[103.37644,21.32936],[103.37489,21.3287],[103.37393,21.32869],[103.37217,21.32998],[103.3702,21.33082],[103.36971,21.3313]]]},"properties":{"a01_tinh":"diaphanhanhchinhcaptinh_sn.109","a02_xa":"diaphanhanhchinhcapxa_2025.2247","a03_ten":"Xã Mường Luân","a04_tentinh":"Tỉnh Điện Biên","a05_truocsn":"Xã Chiềng Sơ, Xã Luân Giói, Xã Mường Luân","a06_trungtamhc":"Trụ sở Đảng ủy, HĐND và UBND xã Mường Luân","a07_dt":"186.22","a08_ds":"16012","a09_dthoai":null,"a10_web":null,"ten":"Xã Mường Luân","ma":"03214","tentinh":"Tỉnh Điện Biên","truocsapnhap":"Xã Chiềng Sơ, Xã Luân Giói, Xã Mường Luân","dientichkm2":null,"dansonguoi":null},"id":"diaphanhanhchinhcapxa_2025.2247"},
{"type":"Feature","geometry":{"type":"Polygon","coordinates":[[[103.41026,21.77511],[103.40834,21.77518],[103.40635,21.77459],[103.40497,21.77468],[103.40335,21.77555],[103.40165,21.77593],[103.40003,21.77601],[103.39894,21.77548],[103.39842,21.77457],[103.39741,21.77391],[103.39485,21.77153],[103.39272,21.76992],[103.39254,21.76926],[103.39103,21.76865],[103.38935,21.76851],[103.38869,21.76795],[103.38777,21.76809],[103.38725,21.76943],[103.385,21.77067],[103.38356,21.76987],[103.381,21.76911],[103.3805,21.77064],[103.38067,21.77391],[103.37838,21.776],[103.37577,21.77731],[103.37531,21.77829],[103.37359,21.77961],[103.37123,21.77957],[103.37045,21.77995],[103.36963,21.77968],[103.36867,21.78042],[103.36771,21.78055],[103.36563,21.78183],[103.36324,21.78302],[103.36049,21.78372],[103.3596,21.78378],[103.35845,21.78441],[103.35629,21.78523],[103.35368,21.78535],[103.34901,21.78522],[103.34805,21.78537],[103.34294,21.78501],[103.34153,21.78535],[103.3398,21.78532],[103.33855,21.78493],[103.33548,21.78475],[103.33403,21.78529],[103.33225,21.78673],[103.33108,21.78729],[103.33207,21.78813],[103.33134,21.78974],[103.33228,21.79],[103.3326,21.79089],[103.33183,21.79379],[103.3311,21.79565],[103.33118,21.79629],[103.32947,21.79793],[103.32784,21.79747],[103.32752,21.79857],[103.32235,21.80513],[103.31976,21.80541],[103.31793,21.80641],[103.31634,21.8069],[103.3137,21.8072],[103.31301,21.80813],[103.31154,21.80799],[103.30959,21.80857],[103.30838,21.80936],[103.30585,21.80773],[103.30553,21.80686],[103.3037,21.80586],[103.3015,21.80448],[103.30037,21.80336],[103.29998,21.80238],[103.2989,21.80098],[103.29569,21.79915],[103.29302,21.79779],[103.29116,21.7974],[103.28996,21.79681],[103.28864,21.79473],[103.28613,21.79181],[103.28454,21.79048],[103.28382,21.7881],[103.2834,21.78751],[103.28231,21.78701],[103.27938,21.78697],[103.2785,21.78672],[103.27725,21.78552],[103.27631,21.78405],[103.27379,21.78152],[103.27159,21.78068],[103.26946,21.77944],[103.26857,21.77858],[103.2681,21.77709],[103.26629,21.77419],[103.26485,21.77333],[103.26252,21.76897],[103.26053,21.76728],[103.25869,21.76498],[103.25672,21.7641],[103.25507,21.76294],[103.25413,21.76187],[103.25295,21.76126],[103.25189,21.75881],[103.24901,21.75672],[103.24659,21.75449],[103.24123,21.7514],[103.23948,21.74981],[103.23727,21.74359],[103.23583,21.74143],[103.23493,21.73902],[103.23466,21.7364],[103.23514,21.73392],[103.23629,21.73194],[103.23612,21.72758],[103.23567,21.72555],[103.23277,21.72242],[103.22932,21.72048],[103.22738,21.71914],[103.22349,21.71748],[103.22236,21.71682],[103.22099,21.71496],[103.21866,21.71347],[103.21743,21.71305],[103.21618,21.71228],[103.21539,21.71241],[103.21407,21.71382],[103.21306,21.71448],[103.2113,21.71629],[103.20994,21.71642],[103.20665,21.7161],[103.20379,21.71632],[103.20233,21.71703],[103.20069,21.71858],[103.19796,21.71934],[103.19598,21.71871],[103.19482,21.71773],[103.19407,21.7166],[103.19283,21.71626],[103.19048,21.71619],[103.18838,21.7164],[103.18669,21.7177],[103.18388,21.7187],[103.18153,21.71856],[103.17792,21.71808],[103.17356,21.71767],[103.16881,21.71789],[103.16751,21.71759],[103.16409,21.71737],[103.1649,21.71635],[103.16643,21.71548],[103.16671,21.71487],[103.16547,21.71413],[103.16489,21.71263],[103.16524,21.71165],[103.16467,21.71101],[103.16356,21.71059],[103.164,21.70899],[103.16275,21.70842],[103.16222,21.70745],[103.1635,21.70583],[103.16363,21.70426],[103.16259,21.70255],[103.16228,21.70153],[103.16288,21.70067],[103.16437,21.69978],[103.16376,21.69881],[103.16354,21.69733],[103.16266,21.69607],[103.16256,21.69495],[103.16079,21.6936],[103.16072,21.69287],[103.16003,21.69227],[103.15836,21.68974],[103.15776,21.68955],[103.15538,21.68775],[103.15408,21.68706],[103.15283,21.68673],[103.1513,21.68427],[103.14972,21.68299],[103.14941,21.68212],[103.14982,21.68152],[103.15032,21.67886],[103.15224,21.67832],[103.15336,21.67778],[103.15409,21.67688],[103.15458,21.6753],[103.15377,21.67174],[103.15489,21.66941],[103.1569,21.66718],[103.15669,21.66559],[103.15556,21.66534],[103.1547,21.66461],[103.1533,21.66259],[103.15299,21.66036],[103.15399,21.65967],[103.15442,21.65867],[103.15431,21.65718],[103.1549,21.65584],[103.15472,21.65496],[103.15552,21.65306],[103.15509,21.65099],[103.15499,21.64951],[103.15432,21.64782],[103.15419,21.64621],[103.15347,21.64529],[103.15231,21.64121],[103.15149,21.64027],[103.15341,21.64041],[103.15426,21.64083],[103.15573,21.64235],[103.15661,21.64221],[103.15791,21.64263],[103.15885,21.64331],[103.15976,21.64348],[103.16061,21.64448],[103.1615,21.64463],[103.16214,21.64526],[103.16359,21.64522],[103.16407,21.64615],[103.16535,21.64693],[103.16601,21.64696],[103.16746,21.64837],[103.16863,21.64772],[103.16978,21.64834],[103.17092,21.64811],[103.17178,21.64833],[103.17153,21.64982],[103.17295,21.65029],[103.17348,21.65129],[103.17496,21.6523],[103.1752,21.65311],[103.17615,21.65309],[103.17724,21.6547],[103.17632,21.65542],[103.17754,21.65582],[103.18079,21.65546],[103.18035,21.65627],[103.18195,21.6568],[103.18214,21.65761],[103.18449,21.65823],[103.18487,21.66006],[103.18655,21.66099],[103.18767,21.66047],[103.1883,21.6606],[103.1891,21.66159],[103.19101,21.6632],[103.19005,21.66413],[103.19035,21.66518],[103.19175,21.66596],[103.19151,21.66699],[103.19218,21.66773],[103.19213,21.66963],[103.19276,21.67028],[103.19503,21.6707],[103.19604,21.67054],[103.19685,21.67096],[103.1984,21.67096],[103.19911,21.67187],[103.19878,21.67291],[103.19942,21.67367],[103.20191,21.67519],[103.20317,21.67573],[103.20352,21.67687],[103.20522,21.67724],[103.20716,21.67889],[103.20747,21.68085],[103.20891,21.68291],[103.21057,21.68297],[103.21114,21.68402],[103.2122,21.68403],[103.21312,21.68265],[103.21528,21.68303],[103.21607,21.68363],[103.21784,21.68346],[103.21873,21.68287],[103.22056,21.68251],[103.22229,21.68137],[103.22363,21.6814],[103.22428,21.68087],[103.22508,21.68102],[103.2256,21.68206],[103.22661,21.682],[103.22698,21.68073],[103.22837,21.68106],[103.22936,21.68196],[103.23148,21.682],[103.23218,21.68138],[103.23344,21.68133],[103.23473,21.68079],[103.23601,21.6792],[103.23615,21.67723],[103.23725,21.6772],[103.23797,21.67532],[103.23875,21.67462],[103.24032,21.67437],[103.24122,21.6737],[103.24051,21.67143],[103.24078,21.67062],[103.24338,21.66832],[103.25189,21.67393],[103.25608,21.67645],[103.25631,21.67811],[103.25621,21.67956],[103.25663,21.6807],[103.25716,21.68087],[103.25979,21.68077],[103.26122,21.68047],[103.26316,21.68098],[103.26428,21.68199],[103.26469,21.68046],[103.26714,21.67991],[103.26827,21.67803],[103.27098,21.67817],[103.27196,21.6784],[103.27348,21.6783],[103.27403,21.6772],[103.27507,21.6728],[103.27708,21.67212],[103.2802,21.67296],[103.28271,21.67301],[103.28433,21.67278],[103.28534,21.67214],[103.28615,21.67234],[103.28717,21.67086],[103.28871,21.67078],[103.28954,21.67037],[103.29076,21.67054],[103.29172,21.67141],[103.29315,21.66872],[103.29339,21.66743],[103.29404,21.66678],[103.29574,21.6664],[103.29754,21.66522],[103.29866,21.66485],[103.30129,21.66483],[103.30209,21.66531],[103.30378,21.6657],[103.30558,21.66517],[103.30775,21.66518],[103.30901,21.66556],[103.31031,21.66562],[103.31374,21.66475],[103.3154,21.66456],[103.31592,21.66528],[103.316,21.66696],[103.31696,21.66773],[103.31667,21.6683],[103.31803,21.67149],[103.31773,21.67251],[103.31827,21.67348],[103.31741,21.67445],[103.31696,21.67598],[103.31594,21.67696],[103.31625,21.67852],[103.31667,21.67919],[103.31714,21.6811],[103.32144,21.68155],[103.32193,21.68202],[103.32432,21.68232],[103.32549,21.68154],[103.32781,21.68063],[103.32823,21.68],[103.3297,21.68059],[103.3321,21.67996],[103.33506,21.68136],[103.33617,21.68329],[103.33762,21.68401],[103.33803,21.6855],[103.33912,21.68638],[103.34076,21.6872],[103.34231,21.68712],[103.3445,21.68729],[103.34694,21.68711],[103.34947,21.68641],[103.35217,21.68619],[103.35316,21.68655],[103.35588,21.68654],[103.35704,21.68606],[103.35842,21.68648],[103.35908,21.68621],[103.36011,21.68696],[103.36177,21.68698],[103.36347,21.68742],[103.36484,21.68726],[103.36745,21.68773],[103.36933,21.68862],[103.37366,21.68822],[103.37736,21.68859],[103.37954,21.68902],[103.38101,21.68998],[103.38352,21.69027],[103.38449,21.69],[103.38569,21.6892],[103.38638,21.68766],[103.38783,21.68559],[103.38844,21.68529],[103.38917,21.68379],[103.38954,21.68201],[103.39006,21.68058],[103.38961,21.67787],[103.39079,21.67937],[103.39179,21.6802],[103.3948,21.6806],[103.39671,21.68028],[103.39843,21.68153],[103.40045,21.68196],[103.40103,21.68408],[103.4015,21.6847],[103.40435,21.68528],[103.40757,21.68654],[103.4088,21.68755],[103.40939,21.68868],[103.41127,21.69103],[103.41254,21.69164],[103.41168,21.6928],[103.41166,21.69373],[103.41285,21.69502],[103.41424,21.69528],[103.41481,21.69494],[103.41389,21.69732],[103.41415,21.69833],[103.414,21.70033],[103.41341,21.70165],[103.41458,21.70272],[103.41454,21.70345],[103.4135,21.70511],[103.41373,21.7066],[103.41242,21.70748],[103.41107,21.70959],[103.40912,21.71033],[103.40818,21.71104],[103.40701,21.71332],[103.40767,21.71524],[103.4073,21.7162],[103.40645,21.71663],[103.40599,21.71754],[103.40483,21.71837],[103.40366,21.71839],[103.40322,21.71909],[103.40325,21.7207],[103.40236,21.72312],[103.40174,21.72413],[103.40221,21.72715],[103.4022,21.72821],[103.40265,21.72984],[103.40226,21.73253],[103.4027,21.7333],[103.40462,21.73462],[103.4053,21.73564],[103.40532,21.73671],[103.40425,21.73792],[103.40398,21.73893],[103.40428,21.74175],[103.40543,21.74264],[103.40699,21.74479],[103.4067,21.74803],[103.40565,21.74905],[103.40569,21.751],[103.40652,21.75296],[103.40683,21.7545],[103.40652,21.75794],[103.40744,21.75895],[103.40773,21.76161],[103.40713,21.76258],[103.40606,21.76344],[103.40571,21.76478],[103.40643,21.76539],[103.4061,21.76632],[103.40719,21.77029],[103.40787,21.77089],[103.40917,21.77379],[103.41026,21.77511]]]},"properties":{"a01_tinh":"diaphanhanhchinhcaptinh_sn.109","a02_xa":"diaphanhanhchinhcapxa_2025.2256","a03_ten":"Xã Mường Mùn","a04_tentinh":"Tỉnh Điện Biên","a05_truocsn":"Xã Mùn Chung, Xã Pú Xi, Xã Mường Mùn","a06_trungtamhc":"Trụ sở Đảng ủy, HĐND và UBND xã Mường Mùn","a07_dt":"252.84","a08_ds":"14374","a09_dthoai":null,"a10_web":null,"ten":"Xã Mường Mùn","ma":"03268","tentinh":"Tỉnh Điện Biên","truocsapnhap":"Xã Mùn Chung, Xã Pú Xi, Xã Mường Mùn","dientichkm2":null,"dansonguoi":null},"id":"diaphanhanhchinhcapxa_2025.2256"},
{"type":"Feature","geometry":{"type":"Polygon","coordinates":[[[103.28139,21.0399],[103.27984,21.04121],[103.27834,21.04135],[103.27535,21.03994],[103.27295,21.03894],[103.271,21.0386],[103.26817,21.04035],[103.26595,21.04004],[103.26395,21.03828],[103.262,21.03749],[103.2586,21.038],[103.25734,21.03724],[103.25482,21.03755],[103.2534,21.037],[103.25188,21.03697],[103.25029,21.0379],[103.24852,21.03709],[103.24658,21.03704],[103.24519,21.03767],[103.24418,21.03867],[103.24236,21.03789],[103.24146,21.03597],[103.23785,21.03747],[103.23645,21.03729],[103.2359,21.03686],[103.23458,21.03785],[103.23355,21.03753],[103.23271,21.03869],[103.22981,21.03955],[103.22822,21.03875],[103.22714,21.03856],[103.22565,21.03991],[103.22379,21.0409],[103.22329,21.04164],[103.22193,21.04257],[103.2203,21.0441],[103.21926,21.04472],[103.21763,21.04521],[103.21705,21.04577],[103.21541,21.04496],[103.21453,21.04506],[103.21249,21.04439],[103.21104,21.04444],[103.20879,21.04347],[103.2074,21.04241],[103.20628,21.04232],[103.20421,21.04062],[103.20151,21.04146],[103.20062,21.04064],[103.20019,21.03968],[103.19847,21.03953],[103.19628,21.0398],[103.19435,21.03926],[103.19304,21.03866],[103.19196,21.03777],[103.19125,21.03652],[103.19016,21.03723],[103.18759,21.03726],[103.18571,21.03649],[103.18515,21.03592],[103.18236,21.03535],[103.18129,21.03483],[103.17987,21.03521],[103.179,21.03616],[103.17759,21.03652],[103.17645,21.03604],[103.17511,21.03502],[103.17431,21.0348],[103.17291,21.03364],[103.17037,21.03341],[103.16655,21.03246],[103.16513,21.03266],[103.16393,21.03237],[103.1626,21.03241],[103.16066,21.03105],[103.15835,21.02896],[103.15632,21.02888],[103.15433,21.03028],[103.15219,21.03006],[103.15111,21.03166],[103.14945,21.03156],[103.14872,21.03188],[103.14678,21.03137],[103.14635,21.03187],[103.14567,21.03365],[103.14496,21.03389],[103.1452,21.03495],[103.14441,21.03665],[103.1443,21.03811],[103.14384,21.03937],[103.14225,21.04019],[103.14059,21.04069],[103.14126,21.04176],[103.14175,21.04339],[103.14273,21.04496],[103.14422,21.04558],[103.14519,21.04703],[103.14739,21.04704],[103.14812,21.04798],[103.14807,21.04899],[103.14939,21.04971],[103.14986,21.05122],[103.15314,21.05325],[103.15557,21.05549],[103.15601,21.05702],[103.15695,21.05776],[103.15683,21.05825],[103.15744,21.05953],[103.15922,21.06049],[103.15962,21.0624],[103.1583,21.06359],[103.15816,21.06441],[103.15872,21.06564],[103.15754,21.06662],[103.15727,21.06819],[103.1579,21.06969],[103.1588,21.07007],[103.1599,21.07145],[103.16137,21.07282],[103.16233,21.07292],[103.16418,21.07418],[103.16349,21.07543],[103.16401,21.07689],[103.16393,21.07764],[103.16522,21.07885],[103.16427,21.08149],[103.16327,21.08226],[103.1629,21.08397],[103.16186,21.08459],[103.16159,21.0857],[103.16159,21.08791],[103.16106,21.0894],[103.16218,21.09042],[103.16357,21.09216],[103.16324,21.09295],[103.16427,21.096],[103.1657,21.09933],[103.16407,21.10053],[103.16285,21.102],[103.16048,21.10348],[103.15986,21.10502],[103.15907,21.10607],[103.1596,21.10733],[103.15939,21.10901],[103.15967,21.11109],[103.15929,21.11297],[103.15803,21.11411],[103.15763,21.11531],[103.16,21.11692],[103.16036,21.11909],[103.16083,21.11956],[103.16256,21.1203],[103.16443,21.12015],[103.1653,21.12135],[103.16605,21.12179],[103.16809,21.1219],[103.16886,21.12241],[103.17064,21.12286],[103.17312,21.12393],[103.17407,21.12354],[103.17579,21.12369],[103.17691,21.12436],[103.17681,21.12553],[103.17766,21.1273],[103.17745,21.12831],[103.17789,21.12939],[103.17936,21.13117],[103.18001,21.13357],[103.18166,21.13544],[103.18112,21.13697],[103.18117,21.1382],[103.18072,21.13941],[103.17907,21.14105],[103.17897,21.14176],[103.17761,21.14263],[103.17689,21.14487],[103.17648,21.14829],[103.17528,21.14962],[103.17357,21.14956],[103.17248,21.14915],[103.16909,21.14977],[103.16669,21.15],[103.16541,21.14915],[103.1627,21.14929],[103.16121,21.15139],[103.16074,21.15313],[103.15932,21.15486],[103.15829,21.15698],[103.15514,21.15945],[103.15166,21.16087],[103.15033,21.15975],[103.14815,21.15869],[103.14642,21.15866],[103.14426,21.15824],[103.14268,21.15843],[103.13924,21.15838],[103.13512,21.15814],[103.13348,21.15871],[103.13143,21.15914],[103.12999,21.15982],[103.12972,21.16034],[103.12792,21.16074],[103.12761,21.16151],[103.12625,21.1627],[103.12572,21.16251],[103.12279,21.16034],[103.12142,21.16005],[103.12093,21.1591],[103.11967,21.15802],[103.11919,21.15722],[103.11762,21.15644],[103.11737,21.15505],[103.11632,21.1541],[103.11496,21.15383],[103.11235,21.1525],[103.10975,21.14898],[103.1084,21.14742],[103.10563,21.14558],[103.10558,21.14474],[103.10394,21.14466],[103.10204,21.14537],[103.10056,21.14545],[103.09873,21.14484],[103.09715,21.14456],[103.09502,21.14471],[103.09403,21.14346],[103.09426,21.14259],[103.09371,21.14176],[103.0923,21.14162],[103.09105,21.14107],[103.09154,21.14021],[103.0908,21.13974],[103.09017,21.14014],[103.0889,21.13898],[103.08979,21.13749],[103.08965,21.13672],[103.08808,21.13686],[103.08666,21.13651],[103.0857,21.13447],[103.08432,21.13521],[103.08211,21.13545],[103.08121,21.13644],[103.07972,21.1363],[103.07753,21.13838],[103.07732,21.13937],[103.0761,21.13956],[103.07499,21.13798],[103.07311,21.13575],[103.07241,21.13547],[103.07,21.13354],[103.07219,21.13064],[103.07394,21.13126],[103.07417,21.13084],[103.07331,21.12946],[103.07391,21.12788],[103.0714,21.12851],[103.07049,21.12806],[103.07012,21.12714],[103.07145,21.12495],[103.07198,21.12375],[103.07209,21.12268],[103.07378,21.11969],[103.07418,21.11776],[103.07414,21.11584],[103.07341,21.11538],[103.07265,21.11388],[103.07113,21.11321],[103.07032,21.11351],[103.069,21.11239],[103.06781,21.10976],[103.06595,21.10838],[103.06543,21.10758],[103.06565,21.10624],[103.06517,21.10557],[103.06527,21.10374],[103.06495,21.10278],[103.06578,21.10143],[103.06587,21.10018],[103.06544,21.09903],[103.06643,21.09807],[103.06727,21.09672],[103.06656,21.09554],[103.06388,21.09403],[103.06395,21.09246],[103.0653,21.09134],[103.06592,21.08892],[103.06521,21.08699],[103.06416,21.08474],[103.0641,21.08358],[103.06446,21.08232],[103.06437,21.08088],[103.06395,21.07954],[103.06191,21.07748],[103.06175,21.07649],[103.06193,21.07456],[103.06155,21.0726],[103.06047,21.07126],[103.0586,21.07091],[103.05706,21.07164],[103.05578,21.07165],[103.05441,21.07336],[103.05366,21.07314],[103.05316,21.07212],[103.0532,21.07061],[103.05173,21.07057],[103.05086,21.06901],[103.04955,21.07025],[103.04811,21.07046],[103.04773,21.07114],[103.04568,21.07013],[103.0441,21.07032],[103.04201,21.06798],[103.04103,21.06404],[103.03993,21.06273],[103.03853,21.06033],[103.03717,21.05983],[103.03538,21.0566],[103.03455,21.0558],[103.03556,21.05498],[103.03527,21.05344],[103.03463,21.05336],[103.03351,21.05188],[103.03378,21.05059],[103.03489,21.05027],[103.03616,21.04943],[103.03763,21.04902],[103.03812,21.04848],[103.03889,21.0463],[103.04011,21.04585],[103.03923,21.04425],[103.04001,21.04376],[103.04016,21.04281],[103.0396,21.04163],[103.03899,21.04135],[103.03814,21.03986],[103.0387,21.03806],[103.04023,21.03643],[103.04219,21.03574],[103.04362,21.03582],[103.04387,21.03441],[103.04473,21.03343],[103.04423,21.03221],[103.04697,21.03063],[103.04726,21.02734],[103.04805,21.02659],[103.04951,21.02736],[103.05016,21.02692],[103.05094,21.02467],[103.05056,21.02371],[103.05122,21.02241],[103.05251,21.02139],[103.05317,21.02031],[103.05407,21.01976],[103.05431,21.01702],[103.05406,21.0166],[103.05558,21.01466],[103.05611,21.01365],[103.05831,21.01447],[103.05829,21.01302],[103.0586,21.01197],[103.05793,21.01139],[103.05768,21.00883],[103.05764,21.00642],[103.0573,21.00534],[103.0585,21.00405],[103.05852,21.00298],[103.05899,21.00117],[103.06067,20.99905],[103.06073,20.99847],[103.06505,20.99519],[103.06702,20.99539],[103.06775,20.99348],[103.06853,20.99271],[103.06995,20.99189],[103.06955,20.99041],[103.06856,20.98833],[103.06951,20.9871],[103.07063,20.98464],[103.07077,20.9829],[103.07072,20.98064],[103.07187,20.98101],[103.0738,20.98087],[103.07524,20.97997],[103.07653,20.9782],[103.07765,20.97592],[103.07821,20.97297],[103.07913,20.97118],[103.081,20.97117],[103.08298,20.97063],[103.08394,20.97097],[103.08503,20.96769],[103.08434,20.96685],[103.08412,20.96446],[103.08481,20.96306],[103.08518,20.9616],[103.08488,20.95928],[103.08457,20.95847],[103.0848,20.95705],[103.08582,20.9557],[103.0853,20.95418],[103.08528,20.95244],[103.08469,20.95134],[103.08524,20.94943],[103.08498,20.94831],[103.08416,20.94743],[103.08419,20.94556],[103.0833,20.94474],[103.0832,20.94399],[103.08426,20.94318],[103.0856,20.94111],[103.0861,20.9409],[103.0866,20.9393],[103.08747,20.93901],[103.08807,20.93816],[103.08809,20.93715],[103.09093,20.93671],[103.09119,20.93604],[103.09241,20.93476],[103.09348,20.93419],[103.09455,20.93409],[103.09665,20.93476],[103.09741,20.93424],[103.09885,20.93429],[103.0998,20.93541],[103.10092,20.9357],[103.10409,20.93434],[103.10419,20.93311],[103.10381,20.93166],[103.10443,20.93137],[103.10572,20.92984],[103.10669,20.92801],[103.10653,20.9274],[103.10711,20.92512],[103.10483,20.92374],[103.10474,20.92074],[103.10536,20.91827],[103.10781,20.91826],[103.10868,20.9176],[103.10955,20.91772],[103.11052,20.91696],[103.11114,20.91488],[103.11179,20.91415],[103.11253,20.91202],[103.1124,20.91126],[103.11065,20.91087],[103.10978,20.9099],[103.11026,20.90899],[103.11027,20.9077],[103.11119,20.90667],[103.1104,20.90346],[103.10943,20.90214],[103.10934,20.90156],[103.10997,20.89968],[103.11177,20.89877],[103.11355,20.89687],[103.11422,20.89654],[103.11764,20.89579],[103.1194,20.89729],[103.11999,20.89974],[103.12073,20.90008],[103.1211,20.90188],[103.12154,20.90221],[103.12244,20.90407],[103.12338,20.90493],[103.12481,20.90703],[103.12581,20.90784],[103.12625,20.90876],[103.12782,20.90936],[103.12883,20.90921],[103.12888,20.90835],[103.12944,20.90764],[103.1316,20.90687],[103.1325,20.90719],[103.13419,20.90665],[103.13483,20.90851],[103.13658,20.9082],[103.1375,20.90694],[103.13852,20.90811],[103.14116,20.9066],[103.14141,20.90577],[103.14242,20.90623],[103.1437,20.90518],[103.14541,20.90556],[103.14638,20.905],[103.14818,20.90438],[103.14909,20.90383],[103.1503,20.90368],[103.15167,20.90426],[103.1518,20.90485],[103.1532,20.90544],[103.15385,20.90488],[103.15501,20.9052],[103.15562,20.90598],[103.15684,20.90592],[103.15783,20.90537],[103.15938,20.90645],[103.16124,20.90676],[103.16248,20.90803],[103.16239,20.90875],[103.16371,20.90914],[103.16541,20.91129],[103.16541,20.91396],[103.16491,20.91557],[103.16558,20.91633],[103.16666,20.91662],[103.16728,20.91542],[103.1674,20.91435],[103.16787,20.91374],[103.16921,20.91385],[103.17092,20.91467],[103.17127,20.91374],[103.17289,20.91324],[103.17348,20.9124],[103.17372,20.91049],[103.1757,20.90986],[103.17744,20.90959],[103.17797,20.90872],[103.17945,20.90819],[103.18226,20.90851],[103.18329,20.90815],[103.1835,20.90648],[103.18477,20.90539],[103.18641,20.90263],[103.18771,20.90225],[103.18948,20.90219],[103.19047,20.9015],[103.19181,20.90154],[103.19199,20.90249],[103.19407,20.90353],[103.19503,20.90422],[103.19574,20.90533],[103.19759,20.90635],[103.19819,20.9053],[103.19811,20.90376],[103.19896,20.9037],[103.19982,20.90297],[103.20005,20.90188],[103.2009,20.90149],[103.20391,20.90267],[103.20536,20.90196],[103.20878,20.90114],[103.21104,20.90121],[103.21267,20.89969],[103.21459,20.89933],[103.21498,20.89767],[103.21575,20.89655],[103.21681,20.89594],[103.21901,20.89599],[103.22015,20.89518],[103.22122,20.89501],[103.22215,20.89565],[103.22411,20.89611],[103.2254,20.89568],[103.22681,20.89642],[103.22771,20.89651],[103.22924,20.89581],[103.23014,20.89599],[103.23158,20.89563],[103.2335,20.89292],[103.23341,20.89236],[103.23429,20.89182],[103.23459,20.89086],[103.23557,20.88986],[103.23578,20.88874],[103.23553,20.88798],[103.23758,20.88649],[103.2393,20.88693],[103.24137,20.88595],[103.24296,20.88559],[103.24329,20.88482],[103.24475,20.88596],[103.24635,20.8866],[103.24771,20.88647],[103.24855,20.88745],[103.24961,20.88681],[103.25061,20.887],[103.25139,20.88762],[103.25203,20.88709],[103.25347,20.88731],[103.25434,20.88858],[103.25575,20.88806],[103.25615,20.88739],[103.25734,20.88777],[103.25755,20.88683],[103.25869,20.88687],[103.25958,20.88745],[103.26047,20.88715],[103.26201,20.88774],[103.26262,20.88848],[103.26387,20.88914],[103.26482,20.89018],[103.26577,20.89169],[103.26767,20.89269],[103.26588,20.89572],[103.26411,20.89808],[103.26308,20.89834],[103.26146,20.89792],[103.2594,20.89644],[103.25854,20.89648],[103.25772,20.89727],[103.25902,20.8976],[103.2604,20.89836],[103.26533,20.90168],[103.26639,20.90155],[103.26711,20.90265],[103.26842,20.90289],[103.27179,20.90184],[103.27274,20.90253],[103.2748,20.90052],[103.2749,20.89966],[103.27594,20.89789],[103.27742,20.8973],[103.27909,20.89756],[103.27963,20.89824],[103.28038,20.90058],[103.28118,20.90143],[103.28111,20.90255],[103.28508,20.90472],[103.28725,20.90559],[103.28738,20.90669],[103.28808,20.90844],[103.2874,20.91002],[103.28563,20.91215],[103.28449,20.91274],[103.28377,20.91353],[103.28381,20.91465],[103.28234,20.91541],[103.28182,20.91638],[103.27933,20.91921],[103.27859,20.92028],[103.27684,20.92133],[103.27747,20.9222],[103.27811,20.92436],[103.27631,20.92587],[103.27485,20.92654],[103.27449,20.92839],[103.27552,20.93018],[103.27528,20.93357],[103.27479,20.93614],[103.27508,20.93875],[103.27573,20.93959],[103.27695,20.93988],[103.27923,20.94174],[103.28029,20.94196],[103.28203,20.94384],[103.28309,20.94472],[103.28381,20.94606],[103.28498,20.94685],[103.28601,20.94817],[103.28774,20.94776],[103.29024,20.94625],[103.29149,20.94526],[103.29265,20.94577],[103.29401,20.94584],[103.29463,20.94631],[103.29603,20.94634],[103.29791,20.94765],[103.29724,20.94985],[103.29754,20.95176],[103.29717,20.95332],[103.29655,20.954],[103.29604,20.95542],[103.29602,20.95679],[103.29527,20.95768],[103.29587,20.95963],[103.29585,20.96233],[103.29661,20.96318],[103.29747,20.96335],[103.29893,20.96478],[103.2968,20.96819],[103.29637,20.96856],[103.2974,20.97039],[103.29762,20.97259],[103.29806,20.97498],[103.29717,20.9772],[103.29699,20.97898],[103.29614,20.98018],[103.29562,20.98415],[103.29463,20.98638],[103.29324,20.98793],[103.2922,20.98987],[103.29199,20.9922],[103.29018,20.99449],[103.28931,20.99497],[103.2886,20.99584],[103.28768,20.99624],[103.28633,20.9961],[103.28524,20.99721],[103.28368,20.99743],[103.28387,20.9985],[103.28536,20.99905],[103.28549,20.99951],[103.28398,20.99988],[103.28157,20.99884],[103.28125,20.99905],[103.28089,21.00184],[103.28008,21.00357],[103.28048,21.00461],[103.28237,21.00511],[103.28468,21.00474],[103.28528,21.00485],[103.28531,21.00624],[103.28567,21.00779],[103.28706,21.00956],[103.2872,21.01112],[103.28633,21.01212],[103.28434,21.01282],[103.28339,21.01362],[103.28397,21.01422],[103.28573,21.01437],[103.28661,21.01417],[103.28845,21.01513],[103.28987,21.01548],[103.29161,21.01648],[103.29221,21.01728],[103.29172,21.01807],[103.29201,21.02032],[103.29057,21.02014],[103.28925,21.02041],[103.28916,21.02145],[103.28967,21.02201],[103.29107,21.02251],[103.29207,21.02358],[103.29199,21.02491],[103.29054,21.02514],[103.28858,21.02496],[103.28698,21.02595],[103.28717,21.02671],[103.28876,21.02692],[103.28862,21.02777],[103.28693,21.02804],[103.28602,21.02852],[103.28514,21.0297],[103.28652,21.03356],[103.28664,21.03436],[103.28614,21.03529],[103.28497,21.03529],[103.28382,21.03618],[103.28191,21.03829],[103.28139,21.0399]]]},"properties":{"a01_tinh":"diaphanhanhchinhcaptinh_sn.109","a02_xa":"diaphanhanhchinhcapxa_2025.2268","a03_ten":"Xã Mường Nhà","a04_tentinh":"Tỉnh Điện Biên","a05_truocsn":"Xã Mường Lói, Xã Phu Luông, Xã Mường Nhà","a06_trungtamhc":"Trụ sở Đảng ủy, HĐND và UBND xã Phu Luông","a07_dt":"463","a08_ds":"9653","a09_dthoai":null,"a10_web":null,"ten":"Xã Mường Nhà","ma":"03368","tentinh":"Tỉnh Điện Biên","truocsapnhap":"Xã Mường Lói, Xã Phu Luông, Xã Mường Nhà","dientichkm2":null,"dansonguoi":null},"id":"diaphanhanhchinhcapxa_2025.2268"},
{"type":"Feature","geometry":{"type":"Polygon","coordinates":[[[102.44473,22.36135],[102.44421,22.36113],[102.43949,22.36105],[102.4384,22.36056],[102.43705,22.3606],[102.43592,22.36112],[102.42507,22.35852],[102.42492,22.35628],[102.42334,22.35439],[102.42255,22.35163],[102.42183,22.34843],[102.42239,22.34617],[102.42203,22.34503],[102.42178,22.34174],[102.42157,22.34092],[102.42314,22.34051],[102.424,22.33887],[102.42411,22.33771],[102.42384,22.33562],[102.42232,22.33478],[102.42111,22.33486],[102.41872,22.33369],[102.41697,22.33324],[102.41745,22.33245],[102.41459,22.33198],[102.41458,22.33129],[102.41245,22.33086],[102.41211,22.32876],[102.41102,22.327],[102.40974,22.32566],[102.40913,22.32535],[102.40883,22.3243],[102.40773,22.32413],[102.40712,22.32352],[102.40498,22.32304],[102.40099,22.32129],[102.3977,22.32131],[102.39761,22.32311],[102.39849,22.32548],[102.39389,22.3283],[102.38988,22.32722],[102.38869,22.32671],[102.38794,22.32826],[102.38731,22.32738],[102.38738,22.3266],[102.3865,22.32575],[102.38768,22.32387],[102.38827,22.32252],[102.38901,22.32203],[102.39157,22.32123],[102.39218,22.32061],[102.39176,22.31986],[102.38935,22.31926],[102.38752,22.31761],[102.38606,22.31706],[102.38549,22.31581],[102.38457,22.31501],[102.38417,22.31549],[102.3807,22.31426],[102.37979,22.31316],[102.37838,22.31252],[102.37611,22.31082],[102.37448,22.30898],[102.37321,22.30847],[102.37148,22.30714],[102.36981,22.30685],[102.36804,22.30611],[102.36694,22.30504],[102.36564,22.30526],[102.36387,22.30592],[102.3633,22.30581],[102.36081,22.30328],[102.35934,22.30217],[102.3586,22.30067],[102.3577,22.29975],[102.35099,22.29822],[102.34735,22.2941],[102.34387,22.29343],[102.34275,22.2925],[102.34171,22.29215],[102.33923,22.29068],[102.33872,22.29015],[102.33821,22.28877],[102.33522,22.28757],[102.33384,22.28538],[102.33118,22.28605],[102.32487,22.2756],[102.32586,22.27213],[102.32574,22.27064],[102.32485,22.26888],[102.32344,22.26754],[102.32186,22.26764],[102.32125,22.26684],[102.32206,22.26555],[102.32226,22.26443],[102.32197,22.26383],[102.32041,22.26307],[102.31772,22.26447],[102.31645,22.26451],[102.31587,22.26598],[102.31516,22.26648],[102.31351,22.26536],[102.31302,22.26599],[102.3133,22.26726],[102.31114,22.26758],[102.30933,22.26832],[102.30906,22.26965],[102.30819,22.2704],[102.3076,22.26994],[102.30677,22.26839],[102.30551,22.26798],[102.30484,22.26834],[102.30317,22.27061],[102.30098,22.27232],[102.30014,22.27148],[102.30081,22.27054],[102.30032,22.26952],[102.30139,22.26839],[102.30082,22.26696],[102.30193,22.26622],[102.30123,22.26498],[102.30192,22.26382],[102.30161,22.26308],[102.30173,22.26191],[102.29981,22.26043],[102.30045,22.25891],[102.29835,22.25829],[102.29762,22.25714],[102.29607,22.25628],[102.29581,22.25524],[102.29518,22.2546],[102.2942,22.25446],[102.29433,22.25375],[102.2952,22.25293],[102.29516,22.25224],[102.29279,22.25085],[102.29135,22.25116],[102.29077,22.25067],[102.29103,22.24987],[102.29021,22.24884],[102.28863,22.24832],[102.28641,22.24882],[102.28432,22.24843],[102.282,22.24953],[102.27962,22.24944],[102.27913,22.25016],[102.27812,22.25003],[102.27746,22.24925],[102.27645,22.24989],[102.27496,22.25012],[102.27413,22.24977],[102.27274,22.25027],[102.27176,22.24997],[102.26988,22.24986],[102.26759,22.25009],[102.26635,22.24947],[102.26552,22.24972],[102.26482,22.24908],[102.26259,22.2496],[102.26084,22.24889],[102.25984,22.24887],[102.25843,22.2473],[102.25891,22.24638],[102.25635,22.24603],[102.25608,22.24484],[102.25502,22.24477],[102.25396,22.24519],[102.25264,22.24443],[102.25163,22.24435],[102.25128,22.24368],[102.24997,22.24433],[102.2489,22.24387],[102.24819,22.24553],[102.24767,22.24733],[102.24289,22.24824],[102.24069,22.24803],[102.23956,22.24855],[102.23784,22.24871],[102.23811,22.24711],[102.23915,22.24554],[102.23937,22.24325],[102.23991,22.24244],[102.24028,22.2404],[102.2402,22.23962],[102.24072,22.23862],[102.24344,22.2375],[102.24465,22.23759],[102.24509,22.23682],[102.24636,22.2365],[102.24847,22.2371],[102.25233,22.23659],[102.2534,22.23577],[102.25667,22.23584],[102.25713,22.23525],[102.25809,22.23508],[102.25976,22.2369],[102.26093,22.23469],[102.26221,22.23372],[102.26338,22.23441],[102.26426,22.23582],[102.26596,22.23618],[102.26691,22.23714],[102.26961,22.2373],[102.27177,22.23693],[102.27272,22.23624],[102.27373,22.23473],[102.2736,22.23412],[102.27232,22.23216],[102.27307,22.22877],[102.27214,22.22753],[102.2715,22.22533],[102.27167,22.22469],[102.27349,22.22451],[102.2747,22.22389],[102.2753,22.22281],[102.27662,22.22255],[102.27752,22.22098],[102.2785,22.22006],[102.27854,22.21932],[102.2774,22.21836],[102.27686,22.2163],[102.27711,22.2147],[102.27652,22.21374],[102.27641,22.21255],[102.27713,22.21125],[102.27887,22.2104],[102.27949,22.20971],[102.27941,22.20873],[102.2785,22.20694],[102.27896,22.20588],[102.27984,22.20503],[102.28052,22.20577],[102.28381,22.20726],[102.2845,22.20691],[102.2861,22.2071],[102.28656,22.20575],[102.28791,22.20609],[102.29092,22.20609],[102.29255,22.2053],[102.29362,22.2054],[102.29395,22.2047],[102.29719,22.20556],[102.29848,22.2035],[102.2994,22.20319],[102.30267,22.20113],[102.30364,22.20121],[102.30641,22.20233],[102.30778,22.20322],[102.30907,22.20499],[102.3093,22.20607],[102.30892,22.20797],[102.31005,22.20761],[102.31258,22.2077],[102.31453,22.20613],[102.31541,22.20486],[102.3171,22.20427],[102.31893,22.2042],[102.32142,22.20285],[102.32257,22.2011],[102.3226,22.19913],[102.32373,22.19827],[102.32403,22.19764],[102.32539,22.19723],[102.32732,22.19491],[102.32805,22.1951],[102.3305,22.19464],[102.33062,22.19387],[102.33192,22.19198],[102.33224,22.18877],[102.33446,22.18797],[102.33484,22.18519],[102.33481,22.18359],[102.33516,22.18246],[102.33416,22.18041],[102.335,22.17828],[102.33496,22.17543],[102.33435,22.17458],[102.33483,22.17303],[102.33478,22.17079],[102.33408,22.16954],[102.33449,22.16888],[102.33495,22.16633],[102.33789,22.1671],[102.33886,22.16644],[102.33957,22.16542],[102.3413,22.16513],[102.34302,22.16512],[102.34499,22.1631],[102.34653,22.16329],[102.34727,22.16306],[102.35263,22.16464],[102.35512,22.16588],[102.35649,22.16607],[102.35736,22.16691],[102.3583,22.16708],[102.35975,22.16676],[102.36067,22.16563],[102.3635,22.16359],[102.3654,22.16343],[102.36609,22.16275],[102.36698,22.16096],[102.36724,22.15972],[102.36773,22.15905],[102.36877,22.15853],[102.3704,22.15857],[102.37054,22.15761],[102.37366,22.15556],[102.37428,22.15442],[102.37496,22.15416],[102.37567,22.15324],[102.37793,22.15339],[102.37966,22.15228],[102.37995,22.15147],[102.38243,22.15003],[102.38415,22.14938],[102.38354,22.14746],[102.3844,22.14618],[102.38438,22.14414],[102.38396,22.14366],[102.38514,22.14146],[102.38459,22.14027],[102.38515,22.13939],[102.38524,22.13786],[102.38505,22.13627],[102.38581,22.13527],[102.38521,22.13404],[102.38458,22.13186],[102.3849,22.13077],[102.38451,22.12967],[102.38579,22.12925],[102.38632,22.12839],[102.38833,22.12774],[102.39036,22.12642],[102.39209,22.12712],[102.39327,22.12647],[102.39449,22.12665],[102.39651,22.12556],[102.3975,22.12638],[102.39993,22.12614],[102.40098,22.12637],[102.40203,22.1257],[102.40477,22.12665],[102.40651,22.12777],[102.40803,22.128],[102.40919,22.12641],[102.41006,22.12562],[102.41082,22.12406],[102.41203,22.12283],[102.41429,22.12206],[102.41548,22.12209],[102.41735,22.11985],[102.41759,22.11926],[102.42024,22.11852],[102.42044,22.11713],[102.42181,22.11604],[102.4237,22.11628],[102.42532,22.11573],[102.4271,22.11538],[102.42773,22.11618],[102.42966,22.11652],[102.43095,22.11608],[102.4316,22.11638],[102.43337,22.11633],[102.43466,22.11663],[102.43476,22.1159],[102.43374,22.11452],[102.43409,22.11356],[102.43386,22.11246],[102.43554,22.11069],[102.43622,22.10951],[102.43727,22.10882],[102.43859,22.10556],[102.43959,22.10351],[102.43999,22.101],[102.44048,22.10022],[102.44075,22.09876],[102.4392,22.09674],[102.4388,22.09571],[102.43939,22.0945],[102.4377,22.09146],[102.43859,22.09088],[102.43865,22.08988],[102.43986,22.08894],[102.44166,22.08799],[102.44314,22.08779],[102.44358,22.08628],[102.44421,22.08554],[102.44543,22.08496],[102.44599,22.0841],[102.44486,22.08311],[102.44519,22.08137],[102.44572,22.0807],[102.44535,22.07934],[102.44306,22.07878],[102.44169,22.07918],[102.44071,22.07828],[102.44054,22.07744],[102.44111,22.07609],[102.44184,22.07514],[102.44143,22.07426],[102.44331,22.0741],[102.4453,22.07422],[102.44633,22.07465],[102.44754,22.07354],[102.45001,22.07237],[102.45165,22.07225],[102.45208,22.0728],[102.45329,22.07263],[102.45366,22.0722],[102.45458,22.07391],[102.45528,22.07454],[102.45694,22.07541],[102.45823,22.07694],[102.46061,22.0782],[102.46304,22.07998],[102.46527,22.08272],[102.46692,22.08388],[102.46865,22.08448],[102.47078,22.08598],[102.47086,22.08718],[102.47148,22.08815],[102.47282,22.08928],[102.47409,22.09137],[102.47448,22.0924],[102.47445,22.09356],[102.47528,22.09649],[102.47557,22.0969],[102.47875,22.09789],[102.47938,22.09832],[102.47924,22.10001],[102.48,22.10063],[102.48136,22.09971],[102.48281,22.09999],[102.48427,22.10239],[102.48276,22.10242],[102.48243,22.10329],[102.48387,22.10399],[102.48493,22.10418],[102.48783,22.10356],[102.48868,22.10302],[102.48912,22.10415],[102.4888,22.10487],[102.48973,22.10542],[102.48982,22.10681],[102.49177,22.10754],[102.49229,22.10825],[102.49391,22.10926],[102.49368,22.11065],[102.49488,22.11066],[102.4956,22.11104],[102.49567,22.11246],[102.49459,22.11325],[102.49496,22.11388],[102.49696,22.11328],[102.49931,22.11439],[102.50113,22.11434],[102.5025,22.11344],[102.50333,22.11374],[102.50327,22.11517],[102.50469,22.11548],[102.50527,22.11593],[102.50764,22.11683],[102.50863,22.11805],[102.51018,22.11757],[102.51078,22.11844],[102.51129,22.1202],[102.51296,22.12201],[102.51726,22.12411],[102.51851,22.12423],[102.51892,22.12566],[102.51962,22.12639],[102.52061,22.12843],[102.51921,22.12955],[102.51843,22.13091],[102.51898,22.13205],[102.51848,22.13394],[102.51883,22.13474],[102.5187,22.13613],[102.51898,22.13702],[102.51897,22.13867],[102.52044,22.14014],[102.52182,22.14236],[102.52317,22.14268],[102.52363,22.14325],[102.52314,22.14427],[102.52329,22.14499],[102.52426,22.14508],[102.52635,22.14375],[102.52769,22.14436],[102.52871,22.14626],[102.52973,22.14628],[102.53052,22.14752],[102.53012,22.14815],[102.53008,22.15208],[102.53176,22.15336],[102.53222,22.1529],[102.53626,22.15291],[102.53716,22.15379],[102.53545,22.15719],[102.53205,22.16054],[102.53144,22.16149],[102.53017,22.16272],[102.53004,22.16398],[102.52951,22.16495],[102.52653,22.16644],[102.52582,22.16923],[102.52437,22.17104],[102.52364,22.17329],[102.52259,22.17434],[102.5228,22.17709],[102.5238,22.17821],[102.52659,22.17934],[102.52761,22.18556],[102.52934,22.18579],[102.53228,22.18536],[102.53401,22.18631],[102.5351,22.18752],[102.53688,22.18799],[102.53731,22.18873],[102.53927,22.18829],[102.53972,22.18784],[102.54105,22.18784],[102.54263,22.1875],[102.54363,22.18684],[102.54464,22.18675],[102.54542,22.18721],[102.54822,22.18639],[102.54913,22.18686],[102.55022,22.18826],[102.55118,22.19004],[102.55151,22.19235],[102.54954,22.1934],[102.54845,22.19474],[102.54973,22.19805],[102.55051,22.19887],[102.55293,22.20066],[102.55461,22.20078],[102.55573,22.20159],[102.55678,22.20133],[102.55857,22.20223],[102.55859,22.20285],[102.56013,22.20434],[102.56008,22.20482],[102.55879,22.20571],[102.55907,22.20649],[102.55907,22.20821],[102.55807,22.2084],[102.55733,22.20798],[102.55633,22.20942],[102.55616,22.21127],[102.55561,22.2116],[102.55799,22.21279],[102.55996,22.21303],[102.55937,22.21366],[102.56014,22.21492],[102.5629,22.21604],[102.56485,22.21805],[102.56323,22.21967],[102.56298,22.22102],[102.56166,22.22304],[102.55984,22.22403],[102.55856,22.22394],[102.55892,22.22509],[102.55829,22.22733],[102.55861,22.22838],[102.55826,22.22922],[102.55722,22.22986],[102.55712,22.23077],[102.55768,22.23227],[102.55861,22.23278],[102.55852,22.23345],[102.55738,22.23376],[102.55664,22.23527],[102.55464,22.23688],[102.55432,22.23798],[102.55436,22.23992],[102.5541,22.24079],[102.55431,22.24174],[102.55382,22.24335],[102.55171,22.24306],[102.55025,22.24326],[102.54933,22.2426],[102.54776,22.243],[102.54552,22.24212],[102.54349,22.24203],[102.54203,22.24234],[102.54018,22.24336],[102.53848,22.24356],[102.53758,22.24522],[102.53562,22.24655],[102.53396,22.24598],[102.53343,22.24607],[102.53188,22.24795],[102.52933,22.24978],[102.52832,22.2501],[102.52739,22.25091],[102.52302,22.253],[102.52236,22.2536],[102.52166,22.25492],[102.52042,22.256],[102.51767,22.25871],[102.51666,22.25888],[102.51526,22.26052],[102.51392,22.26039],[102.51354,22.26308],[102.51306,22.26377],[102.51281,22.26657],[102.51221,22.26735],[102.51167,22.26896],[102.51043,22.27027],[102.5101,22.27123],[102.50923,22.27199],[102.50869,22.2739],[102.50996,22.27513],[102.50902,22.27694],[102.50842,22.27874],[102.50705,22.2801],[102.50679,22.28084],[102.50496,22.28354],[102.50325,22.285],[102.50239,22.28731],[102.50068,22.28884],[102.50037,22.28945],[102.49746,22.29171],[102.49701,22.29321],[102.49563,22.29365],[102.49454,22.29249],[102.49352,22.29306],[102.49216,22.29421],[102.49167,22.29581],[102.49052,22.29661],[102.48997,22.29862],[102.49094,22.30081],[102.49067,22.30231],[102.48942,22.30384],[102.48878,22.30419],[102.48724,22.30595],[102.48638,22.30651],[102.48508,22.30655],[102.48404,22.30701],[102.48427,22.30869],[102.48301,22.30992],[102.48179,22.31066],[102.4821,22.31254],[102.48118,22.31371],[102.48015,22.31404],[102.47657,22.31819],[102.47448,22.3192],[102.47449,22.32013],[102.47404,22.32139],[102.47386,22.3237],[102.4736,22.32438],[102.4739,22.3256],[102.47386,22.32684],[102.47268,22.32695],[102.47182,22.32754],[102.47093,22.32759],[102.46965,22.32855],[102.46854,22.33034],[102.46769,22.33113],[102.46753,22.33284],[102.4654,22.3346],[102.46415,22.33481],[102.46357,22.33616],[102.46251,22.33705],[102.45782,22.33976],[102.45584,22.34175],[102.45696,22.34427],[102.45667,22.34569],[102.45667,22.34749],[102.45696,22.34949],[102.4553,22.35037],[102.45231,22.35278],[102.45231,22.35522],[102.452,22.35595],[102.45038,22.35754],[102.44985,22.3589],[102.44888,22.36014],[102.4478,22.3611],[102.44667,22.36146],[102.44473,22.36135]]]},"properties":{"a01_tinh":"diaphanhanhchinhcaptinh_sn.109","a02_xa":"diaphanhanhchinhcapxa_2025.2232","a03_ten":"Xã Mường Nhé","a04_tentinh":"Tỉnh Điện Biên","a05_truocsn":"Xã Nậm Vì, Xã Chung Chải, Xã Mường Nhé","a06_trungtamhc":"Trụ sở Huyện ủy, HĐND và UBND huyện Mường Nhé","a07_dt":"489.47","a08_ds":"24294","a09_dthoai":null,"a10_web":null,"ten":"Xã Mường Nhé","ma":"03160","tentinh":"Tỉnh Điện Biên","truocsapnhap":"Xã Nậm Vì, Xã Chung Chải, Xã Mường Nhé","dientichkm2":null,"dansonguoi":null},"id":"diaphanhanhchinhcapxa_2025.2232"},
{"type":"Feature","geometry":{"type":"Polygon","coordinates":[[[103.17062,21.49276],[103.16974,21.49225],[103.16836,21.49217],[103.1671,21.49241],[103.16578,21.49309],[103.16427,21.49298],[103.16154,21.49251],[103.15958,21.49247],[103.15885,21.49182],[103.15673,21.49202],[103.15641,21.49155],[103.15488,21.49222],[103.15422,21.49166],[103.15368,21.49259],[103.15145,21.4905],[103.15096,21.48935],[103.15095,21.48784],[103.15048,21.48715],[103.14944,21.48679],[103.14861,21.48596],[103.14709,21.48614],[103.14535,21.48544],[103.14504,21.48506],[103.14372,21.48581],[103.14196,21.48512],[103.14156,21.48277],[103.14041,21.4818],[103.13859,21.48161],[103.13776,21.48235],[103.1368,21.48238],[103.13601,21.48165],[103.13487,21.4815],[103.13438,21.48081],[103.13258,21.47987],[103.13159,21.48066],[103.13168,21.48213],[103.1306,21.48157],[103.12884,21.48192],[103.12805,21.4837],[103.12535,21.48381],[103.1245,21.4858],[103.12517,21.48675],[103.12379,21.48731],[103.12181,21.48772],[103.1211,21.48878],[103.11995,21.48917],[103.11975,21.49179],[103.11871,21.49361],[103.1176,21.49517],[103.11689,21.4966],[103.11551,21.497],[103.11524,21.49831],[103.11463,21.49965],[103.11517,21.50219],[103.11463,21.50325],[103.11343,21.50396],[103.11151,21.50295],[103.11024,21.50321],[103.1115,21.50692],[103.11248,21.50865],[103.10973,21.51018],[103.10726,21.51005],[103.10742,21.51159],[103.10845,21.51277],[103.1083,21.51346],[103.10543,21.51334],[103.10464,21.51498],[103.10459,21.51593],[103.10351,21.51657],[103.10209,21.5169],[103.10131,21.51675],[103.1009,21.51837],[103.10123,21.52055],[103.09914,21.52208],[103.09887,21.52314],[103.09921,21.52617],[103.09753,21.52654],[103.09675,21.52749],[103.09674,21.52857],[103.096,21.52961],[103.09437,21.53044],[103.09371,21.53146],[103.09356,21.53262],[103.09253,21.53442],[103.09093,21.53594],[103.09004,21.53802],[103.08896,21.5392],[103.08855,21.54077],[103.08858,21.54251],[103.08941,21.54394],[103.08957,21.54519],[103.08818,21.54611],[103.08716,21.54648],[103.0877,21.54756],[103.08725,21.54863],[103.08533,21.54928],[103.08372,21.55039],[103.082,21.55197],[103.07913,21.55361],[103.0787,21.55619],[103.0776,21.55837],[103.07673,21.55912],[103.07411,21.55906],[103.07302,21.55921],[103.07185,21.56016],[103.07071,21.56014],[103.06833,21.56093],[103.06699,21.56158],[103.06758,21.56009],[103.06728,21.55873],[103.0677,21.55748],[103.06599,21.55736],[103.06541,21.55892],[103.06574,21.55979],[103.06473,21.561],[103.06262,21.56112],[103.06237,21.56063],[103.06065,21.55887],[103.06212,21.55815],[103.06189,21.55733],[103.06093,21.55682],[103.05949,21.55716],[103.05812,21.55696],[103.05748,21.55561],[103.05836,21.55396],[103.05764,21.55351],[103.05852,21.55072],[103.05778,21.54822],[103.05708,21.54754],[103.05604,21.54847],[103.05473,21.54642],[103.05475,21.54581],[103.05597,21.54536],[103.0558,21.54423],[103.05498,21.5439],[103.05498,21.54303],[103.05546,21.54195],[103.05636,21.54101],[103.05728,21.53832],[103.05723,21.53728],[103.05775,21.53542],[103.05663,21.535],[103.05576,21.53425],[103.05455,21.53409],[103.05503,21.53286],[103.05488,21.53179],[103.05438,21.53101],[103.05473,21.52999],[103.05386,21.52944],[103.05278,21.52965],[103.05264,21.52843],[103.05304,21.52732],[103.05274,21.52687],[103.05088,21.52867],[103.04937,21.52889],[103.04869,21.52785],[103.04948,21.52689],[103.04836,21.52582],[103.04819,21.52382],[103.04756,21.52321],[103.04654,21.52292],[103.04537,21.52125],[103.04534,21.52074],[103.04623,21.51936],[103.04748,21.51951],[103.04834,21.51882],[103.04814,21.51782],[103.04645,21.51707],[103.04417,21.51512],[103.04121,21.51359],[103.04038,21.51236],[103.04125,21.51185],[103.04136,21.51023],[103.04038,21.50959],[103.03954,21.50851],[103.03994,21.5074],[103.04139,21.50579],[103.04207,21.50573],[103.04299,21.50459],[103.04305,21.50395],[103.0425,21.50215],[103.04286,21.50047],[103.04365,21.49906],[103.04441,21.4983],[103.04289,21.49731],[103.04056,21.49677],[103.03556,21.49645],[103.03653,21.49535],[103.03601,21.49409],[103.03599,21.49204],[103.03529,21.49116],[103.0343,21.49065],[103.0328,21.48776],[103.03361,21.48545],[103.03341,21.48347],[103.03423,21.48292],[103.0348,21.48126],[103.03569,21.48048],[103.03671,21.48068],[103.03684,21.47884],[103.03597,21.4794],[103.03505,21.47831],[103.03429,21.47633],[103.03322,21.47522],[103.03158,21.47516],[103.03161,21.47414],[103.03043,21.47361],[103.0302,21.47305],[103.02863,21.47224],[103.02858,21.47166],[103.02716,21.47104],[103.02603,21.47148],[103.02509,21.47141],[103.02491,21.46957],[103.02431,21.46786],[103.02523,21.46782],[103.02672,21.46703],[103.02831,21.46693],[103.02821,21.46531],[103.02909,21.46385],[103.02762,21.46237],[103.02719,21.46082],[103.02618,21.4593],[103.02634,21.45828],[103.02891,21.45675],[103.02648,21.45524],[103.02657,21.45349],[103.0269,21.45231],[103.02733,21.45168],[103.03004,21.45212],[103.03095,21.45349],[103.03204,21.45339],[103.03209,21.45403],[103.03368,21.45559],[103.03594,21.45662],[103.03655,21.45771],[103.03765,21.45842],[103.04021,21.46108],[103.04132,21.45808],[103.04419,21.45621],[103.04583,21.45559],[103.0469,21.45453],[103.0483,21.45366],[103.04849,21.4523],[103.0491,21.45097],[103.05128,21.4495],[103.05216,21.44842],[103.05365,21.44733],[103.05466,21.44703],[103.05541,21.44532],[103.05655,21.44372],[103.05845,21.44165],[103.06016,21.44015],[103.06192,21.43886],[103.06744,21.43792],[103.06996,21.4373],[103.07188,21.4372],[103.07892,21.43747],[103.08117,21.43735],[103.082,21.4366],[103.08165,21.43528],[103.08173,21.43364],[103.08316,21.43203],[103.08174,21.42924],[103.08242,21.42656],[103.08398,21.42478],[103.084,21.42371],[103.08288,21.42371],[103.08178,21.42292],[103.08118,21.42122],[103.08697,21.42145],[103.08623,21.42076],[103.08767,21.41877],[103.08765,21.41794],[103.08848,21.41626],[103.08745,21.41603],[103.08693,21.41534],[103.08637,21.41356],[103.08637,21.41241],[103.08436,21.41114],[103.08391,21.40941],[103.08405,21.40784],[103.08444,21.40687],[103.0845,21.40565],[103.08543,21.40426],[103.08572,21.40312],[103.08634,21.40251],[103.08644,21.40169],[103.0853,21.39994],[103.08638,21.39898],[103.08737,21.39878],[103.08887,21.39785],[103.08898,21.39695],[103.08987,21.39532],[103.08911,21.39301],[103.08942,21.39138],[103.0903,21.38852],[103.09075,21.38654],[103.0909,21.384],[103.09111,21.38335],[103.09225,21.38335],[103.09465,21.38456],[103.09559,21.38459],[103.09686,21.38529],[103.09803,21.38661],[103.09952,21.3869],[103.10091,21.38688],[103.10246,21.38616],[103.10281,21.38674],[103.10383,21.38711],[103.10477,21.38808],[103.1063,21.38808],[103.10696,21.38857],[103.10846,21.38905],[103.10896,21.39011],[103.10885,21.39079],[103.10966,21.39169],[103.11091,21.39252],[103.11121,21.39358],[103.112,21.39447],[103.11336,21.39523],[103.11439,21.39645],[103.11665,21.39638],[103.11815,21.3947],[103.11904,21.39424],[103.12104,21.39387],[103.122,21.39461],[103.12286,21.39475],[103.12333,21.39542],[103.12325,21.39642],[103.12396,21.39781],[103.12502,21.39899],[103.12565,21.40056],[103.12689,21.40057],[103.12983,21.40128],[103.13133,21.40249],[103.13282,21.40431],[103.13537,21.4051],[103.13696,21.40667],[103.13753,21.40796],[103.1391,21.40774],[103.14002,21.40865],[103.14078,21.40824],[103.14101,21.40707],[103.14191,21.40678],[103.14521,21.4051],[103.14896,21.40488],[103.15062,21.4046],[103.15168,21.4048],[103.15413,21.4061],[103.15483,21.40712],[103.15729,21.40877],[103.15847,21.4105],[103.15991,21.41156],[103.16227,21.41266],[103.16342,21.41299],[103.16594,21.41565],[103.16616,21.41668],[103.16821,21.41855],[103.16943,21.42079],[103.17047,21.42109],[103.17182,21.42085],[103.17302,21.42024],[103.17449,21.41994],[103.17636,21.42078],[103.17689,21.42279],[103.17758,21.42377],[103.17942,21.4255],[103.18112,21.42656],[103.18166,21.42751],[103.18288,21.42815],[103.18296,21.42929],[103.18392,21.43032],[103.18478,21.43177],[103.18503,21.4329],[103.18607,21.43418],[103.18602,21.43515],[103.18777,21.43719],[103.18657,21.43895],[103.18504,21.4401],[103.18434,21.44094],[103.18484,21.44221],[103.18453,21.44301],[103.18378,21.44323],[103.18368,21.44464],[103.18301,21.4455],[103.18177,21.44635],[103.18147,21.44773],[103.18245,21.44861],[103.18164,21.44957],[103.18054,21.45035],[103.18068,21.45122],[103.1788,21.45436],[103.17896,21.45502],[103.17811,21.45797],[103.17844,21.45891],[103.1784,21.46037],[103.17792,21.46269],[103.17722,21.46406],[103.17768,21.46618],[103.17723,21.46702],[103.17777,21.46892],[103.17851,21.46979],[103.17974,21.47042],[103.17994,21.47118],[103.17906,21.47379],[103.17844,21.47475],[103.17852,21.47793],[103.17883,21.47863],[103.17808,21.48061],[103.17912,21.4816],[103.17861,21.48282],[103.17831,21.48435],[103.17852,21.48529],[103.17661,21.48717],[103.17557,21.4888],[103.17391,21.49025],[103.17341,21.49122],[103.17137,21.49178],[103.17062,21.49276]]]},"properties":{"a01_tinh":"diaphanhanhchinhcaptinh_sn.109","a02_xa":"diaphanhanhchinhcapxa_2025.2262","a03_ten":"Xã Mường Phăng","a04_tentinh":"Tỉnh Điện Biên","a05_truocsn":"Xã Nà Nhạn, Xã Pá Khoang, Xã Mường Phăng","a06_trungtamhc":"Trụ sở Đảng ủy, HĐND và UBND xã Mường Phăng","a07_dt":"166.7","a08_ds":"16063","a09_dthoai":null,"a10_web":null,"ten":"Xã Mường Phăng","ma":"03325","tentinh":"Tỉnh Điện Biên","truocsapnhap":"Xã Nà Nhạn, Xã Pá Khoang, Xã Mường Phăng","dientichkm2":null,"dansonguoi":null},"id":"diaphanhanhchinhcapxa_2025.2262"},
{"type":"Feature","geometry":{"type":"Polygon","coordinates":[[[103.15336,21.67778],[103.15163,21.67643],[103.14966,21.67618],[103.14592,21.67622],[103.14393,21.67595],[103.13997,21.67642],[103.13798,21.67643],[103.13644,21.67804],[103.13575,21.67815],[103.13326,21.67762],[103.13141,21.67562],[103.13054,21.67398],[103.12796,21.67172],[103.12686,21.67055],[103.12572,21.66978],[103.12408,21.66757],[103.12331,21.667],[103.12219,21.6679],[103.12058,21.66856],[103.11801,21.66907],[103.11469,21.66909],[103.11236,21.66849],[103.11055,21.66885],[103.10638,21.66884],[103.10306,21.66937],[103.10155,21.67077],[103.10143,21.67147],[103.10223,21.67201],[103.10219,21.67299],[103.10118,21.67336],[103.09996,21.67328],[103.09882,21.67383],[103.09759,21.67384],[103.09456,21.67146],[103.08967,21.67059],[103.08842,21.67003],[103.08541,21.67011],[103.08428,21.67144],[103.08386,21.67251],[103.08376,21.67418],[103.08407,21.67563],[103.08407,21.67702],[103.0845,21.6786],[103.08416,21.68043],[103.08473,21.68192],[103.08559,21.68324],[103.08515,21.68471],[103.08514,21.68741],[103.08377,21.688],[103.08212,21.68608],[103.08012,21.68447],[103.07935,21.68445],[103.07816,21.68336],[103.0754,21.682],[103.07454,21.6811],[103.0735,21.68104],[103.07283,21.68309],[103.07205,21.68267],[103.07015,21.68311],[103.06887,21.68435],[103.06779,21.6836],[103.06514,21.68273],[103.06328,21.68233],[103.06244,21.68331],[103.06231,21.68514],[103.06161,21.68594],[103.05944,21.68549],[103.05766,21.68582],[103.05697,21.68543],[103.05598,21.68645],[103.05515,21.68689],[103.0531,21.68611],[103.05188,21.68661],[103.05068,21.68653],[103.04922,21.68733],[103.04612,21.68725],[103.04531,21.68807],[103.04421,21.68856],[103.04301,21.6887],[103.04231,21.68934],[103.04116,21.68936],[103.04003,21.68982],[103.0375,21.68975],[103.03664,21.68993],[103.03353,21.68999],[103.03251,21.68855],[103.03183,21.68687],[103.02943,21.6831],[103.02771,21.68124],[103.02572,21.68101],[103.02475,21.68008],[103.0237,21.67968],[103.02253,21.67878],[103.02164,21.67861],[103.01787,21.67931],[103.01554,21.67892],[103.01335,21.67917],[103.01134,21.67878],[103.00803,21.67985],[103.00672,21.68056],[103.00616,21.6812],[103.00509,21.68162],[103.00392,21.68298],[103.00294,21.68288],[103.00107,21.68406],[103.00007,21.68367],[103.00021,21.68303],[102.99909,21.68229],[102.99955,21.68134],[103.00086,21.68113],[103.00086,21.68004],[102.99983,21.67884],[102.99997,21.67811],[103.00073,21.67715],[102.99895,21.67557],[102.9988,21.67409],[102.99974,21.67351],[103.00085,21.67375],[103.00163,21.67346],[103.00102,21.67233],[102.99999,21.67205],[102.99828,21.67249],[102.99671,21.67193],[102.99548,21.67048],[102.99558,21.66977],[102.9983,21.6691],[102.99964,21.66818],[102.99968,21.66737],[102.99827,21.66722],[102.99672,21.66626],[102.99496,21.66662],[102.99267,21.66588],[102.99107,21.66488],[102.98981,21.66377],[102.98774,21.66335],[102.98826,21.66254],[102.9893,21.66177],[102.98943,21.66012],[102.98814,21.65902],[102.98739,21.65805],[102.98618,21.65768],[102.98532,21.65604],[102.98479,21.65561],[102.98278,21.65689],[102.98065,21.65745],[102.98016,21.65696],[102.98132,21.65563],[102.98299,21.65499],[102.98346,21.65448],[102.98324,21.65351],[102.98257,21.65269],[102.98147,21.65222],[102.97999,21.65207],[102.97954,21.65144],[102.98044,21.64907],[102.98143,21.64811],[102.98134,21.64575],[102.98083,21.64401],[102.98197,21.64369],[102.9848,21.64493],[102.98655,21.64474],[102.98662,21.64332],[102.98609,21.64204],[102.98405,21.63991],[102.98598,21.63804],[102.98688,21.63749],[102.98699,21.63683],[102.98521,21.63635],[102.98331,21.6365],[102.98279,21.63606],[102.98337,21.6338],[102.98442,21.63307],[102.98597,21.63008],[102.98695,21.62865],[102.98566,21.62803],[102.98519,21.62644],[102.98671,21.62559],[102.98842,21.62385],[102.9899,21.62274],[102.98994,21.62189],[102.98764,21.61978],[102.98688,21.61854],[102.98714,21.61705],[102.98904,21.61643],[102.98927,21.61547],[102.98851,21.61498],[102.98697,21.61537],[102.98546,21.61455],[102.98489,21.61343],[102.98593,21.61201],[102.9856,21.60912],[102.98482,21.60723],[102.9848,21.60608],[102.98581,21.60559],[102.98766,21.60595],[102.98851,21.60544],[102.98857,21.60414],[102.98893,21.60374],[102.99036,21.60351],[102.99111,21.60273],[102.99137,21.59776],[102.9922,21.59571],[102.99202,21.59157],[102.9929,21.59022],[102.99202,21.58859],[102.99201,21.5863],[102.99135,21.5851],[102.98907,21.58392],[102.98697,21.58385],[102.98511,21.58302],[102.98457,21.582],[102.98462,21.57966],[102.98358,21.57809],[102.98141,21.57534],[102.98006,21.57343],[102.97971,21.57221],[102.9782,21.57098],[102.9759,21.5703],[102.97329,21.56803],[102.97188,21.56786],[102.96962,21.56703],[102.96883,21.56518],[102.96766,21.56439],[102.96734,21.56268],[102.96683,21.56164],[102.96682,21.56051],[102.96585,21.56015],[102.96513,21.55895],[102.9632,21.55679],[102.96089,21.55589],[102.95882,21.55312],[102.95889,21.55169],[102.96017,21.54856],[102.96161,21.54782],[102.9614,21.54611],[102.95949,21.54514],[102.95858,21.54493],[102.95766,21.54425],[102.95738,21.54282],[102.95557,21.54042],[102.95355,21.53901],[102.95184,21.53867],[102.95028,21.53787],[102.9498,21.53732],[102.94819,21.5368],[102.94698,21.536],[102.94542,21.53449],[102.9442,21.53281],[102.94303,21.53243],[102.94264,21.53057],[102.94297,21.52938],[102.94208,21.52696],[102.94042,21.52598],[102.93848,21.52589],[102.93616,21.52525],[102.93462,21.5253],[102.93307,21.52473],[102.93194,21.52394],[102.93192,21.52266],[102.93295,21.52086],[102.93317,21.51993],[102.9327,21.51793],[102.93266,21.51687],[102.93049,21.51626],[102.92937,21.51671],[102.92802,21.51651],[102.92713,21.51553],[102.92581,21.51472],[102.92522,21.51371],[102.92426,21.51309],[102.92407,21.51229],[102.92307,21.51141],[102.92093,21.51047],[102.92026,21.50999],[102.91915,21.50982],[102.91848,21.50925],[102.91948,21.50588],[102.91864,21.50459],[102.91542,21.50428],[102.91357,21.50351],[102.91315,21.50188],[102.91366,21.50084],[102.91463,21.50032],[102.91359,21.49822],[102.91357,21.49749],[102.9151,21.49532],[102.91734,21.49479],[102.91822,21.49518],[102.92013,21.49444],[102.92378,21.49482],[102.92653,21.49368],[102.92701,21.49221],[102.92679,21.49165],[102.92713,21.49009],[102.92837,21.48983],[102.92996,21.48811],[102.93096,21.48778],[102.93138,21.48715],[102.93222,21.48711],[102.93353,21.48653],[102.93503,21.48648],[102.93749,21.48573],[102.93875,21.48518],[102.94187,21.48423],[102.94426,21.48507],[102.94551,21.48518],[102.94649,21.48632],[102.94759,21.48715],[102.94887,21.48875],[102.95014,21.49162],[102.95154,21.49225],[102.95349,21.49235],[102.95489,21.49324],[102.95739,21.49417],[102.95889,21.49395],[102.95929,21.49426],[102.96191,21.49467],[102.96261,21.49585],[102.96363,21.49642],[102.96557,21.49671],[102.96664,21.4964],[102.96759,21.49558],[102.96908,21.49508],[102.97025,21.49509],[102.97217,21.49425],[102.97972,21.49149],[102.98049,21.49005],[102.98218,21.48942],[102.98378,21.48846],[102.98421,21.48728],[102.98529,21.4865],[102.98681,21.48712],[102.989,21.48696],[102.99002,21.48735],[102.99115,21.48712],[102.9934,21.48842],[102.99488,21.48858],[102.99591,21.48905],[102.99705,21.49002],[102.99822,21.49024],[102.99901,21.49119],[102.99918,21.49278],[102.99955,21.4933],[103.00104,21.49353],[103.00341,21.49432],[103.00599,21.49438],[103.0067,21.49477],[103.00751,21.49438],[103.00872,21.49468],[103.00977,21.49548],[103.01058,21.49554],[103.01214,21.49474],[103.01334,21.49332],[103.01557,21.49146],[103.01637,21.48949],[103.01712,21.48869],[103.01805,21.4888],[103.01917,21.4903],[103.02048,21.49001],[103.02222,21.49096],[103.0222,21.49168],[103.02326,21.49289],[103.0249,21.49329],[103.02549,21.4937],[103.02733,21.49389],[103.02888,21.49472],[103.03173,21.49467],[103.0323,21.49524],[103.03435,21.49623],[103.03556,21.49645],[103.04056,21.49677],[103.04289,21.49731],[103.04441,21.4983],[103.04365,21.49906],[103.04286,21.50047],[103.0425,21.50215],[103.04305,21.50395],[103.04299,21.50459],[103.04207,21.50573],[103.04139,21.50579],[103.03994,21.5074],[103.03954,21.50851],[103.04038,21.50959],[103.04136,21.51023],[103.04125,21.51185],[103.04038,21.51236],[103.04121,21.51359],[103.04417,21.51512],[103.04645,21.51707],[103.04814,21.51782],[103.04834,21.51882],[103.04748,21.51951],[103.04623,21.51936],[103.04534,21.52074],[103.04537,21.52125],[103.04654,21.52292],[103.04756,21.52321],[103.04819,21.52382],[103.04836,21.52582],[103.04948,21.52689],[103.04869,21.52785],[103.04937,21.52889],[103.05088,21.52867],[103.05274,21.52687],[103.05304,21.52732],[103.05264,21.52843],[103.05278,21.52965],[103.05386,21.52944],[103.05473,21.52999],[103.05438,21.53101],[103.05488,21.53179],[103.05503,21.53286],[103.05455,21.53409],[103.05576,21.53425],[103.05663,21.535],[103.05775,21.53542],[103.05723,21.53728],[103.05728,21.53832],[103.05636,21.54101],[103.05546,21.54195],[103.05498,21.54303],[103.05498,21.5439],[103.0558,21.54423],[103.05597,21.54536],[103.05475,21.54581],[103.05473,21.54642],[103.05604,21.54847],[103.05708,21.54754],[103.05778,21.54822],[103.05852,21.55072],[103.05764,21.55351],[103.05836,21.55396],[103.05748,21.55561],[103.05812,21.55696],[103.05949,21.55716],[103.06093,21.55682],[103.06189,21.55733],[103.06212,21.55815],[103.06065,21.55887],[103.06237,21.56063],[103.06262,21.56112],[103.06473,21.561],[103.06574,21.55979],[103.06541,21.55892],[103.06599,21.55736],[103.0677,21.55748],[103.06728,21.55873],[103.06758,21.56009],[103.06699,21.56158],[103.066,21.56109],[103.06505,21.56175],[103.06472,21.56309],[103.06548,21.56342],[103.06557,21.56454],[103.06479,21.56659],[103.06305,21.56618],[103.06216,21.56711],[103.06166,21.56823],[103.06154,21.56955],[103.06191,21.57065],[103.06267,21.57139],[103.06276,21.57237],[103.06236,21.57355],[103.06304,21.5743],[103.06253,21.57519],[103.06099,21.57448],[103.06139,21.57696],[103.06314,21.57685],[103.06138,21.5795],[103.06065,21.5816],[103.06096,21.58295],[103.06226,21.58447],[103.06248,21.58555],[103.06471,21.5861],[103.06637,21.58677],[103.06805,21.58716],[103.06973,21.58729],[103.07228,21.58999],[103.07355,21.59059],[103.07509,21.59074],[103.0756,21.59163],[103.07638,21.59202],[103.07729,21.59344],[103.07769,21.59486],[103.07901,21.59599],[103.07923,21.59739],[103.08239,21.60098],[103.08298,21.60504],[103.08359,21.60604],[103.08398,21.60799],[103.08475,21.60936],[103.0868,21.61081],[103.08803,21.61103],[103.08872,21.61269],[103.08957,21.61392],[103.09069,21.61453],[103.0924,21.61453],[103.09305,21.61398],[103.09496,21.61385],[103.09966,21.61394],[103.10367,21.61383],[103.10473,21.61298],[103.10579,21.61456],[103.10668,21.61535],[103.11022,21.61682],[103.1126,21.6168],[103.11391,21.61741],[103.11462,21.61825],[103.1183,21.61932],[103.1221,21.62122],[103.12354,21.62264],[103.12507,21.62366],[103.12838,21.62351],[103.12959,21.62452],[103.13131,21.62545],[103.13261,21.62553],[103.13418,21.62603],[103.13493,21.62656],[103.13522,21.62829],[103.13783,21.63017],[103.14075,21.63382],[103.14138,21.63506],[103.14344,21.63589],[103.14397,21.63561],[103.14581,21.63661],[103.14742,21.63827],[103.1514,21.64022],[103.15149,21.64027],[103.15231,21.64121],[103.15347,21.64529],[103.15419,21.64621],[103.15432,21.64782],[103.15499,21.64951],[103.15509,21.65099],[103.15552,21.65306],[103.15472,21.65496],[103.1549,21.65584],[103.15431,21.65718],[103.15442,21.65867],[103.15399,21.65967],[103.15299,21.66036],[103.1533,21.66259],[103.1547,21.66461],[103.15556,21.66534],[103.15669,21.66559],[103.1569,21.66718],[103.15489,21.66941],[103.15377,21.67174],[103.15458,21.6753],[103.15409,21.67688],[103.15336,21.67778]]]},"properties":{"a01_tinh":"diaphanhanhchinhcaptinh_sn.109","a02_xa":"diaphanhanhchinhcapxa_2025.2244","a03_ten":"Xã Mường Pồn","a04_tentinh":"Tỉnh Điện Biên","a05_truocsn":"Xã Mường Mươn, Xã Mường Pồn","a06_trungtamhc":"Trụ sở Đảng ủy, HĐND và UBND xã Mường Mươn","a07_dt":"258.76","a08_ds":"10401","a09_dthoai":null,"a10_web":null,"ten":"Xã Mường Pồn","ma":"03202","tentinh":"Tỉnh Điện Biên","truocsapnhap":"Xã Mường Mươn, Xã Mường Pồn","dientichkm2":null,"dansonguoi":null},"id":"diaphanhanhchinhcapxa_2025.2244"},
{"type":"Feature","geometry":{"type":"Polygon","coordinates":[[[102.74808,22.12913],[102.74485,22.1311],[102.7439,22.13128],[102.74414,22.13269],[102.74261,22.13521],[102.74242,22.1361],[102.7427,22.13717],[102.74216,22.13788],[102.74237,22.13958],[102.74148,22.14001],[102.74119,22.14095],[102.74114,22.14264],[102.74016,22.1436],[102.74055,22.14416],[102.73919,22.14487],[102.73918,22.14579],[102.7404,22.14835],[102.7403,22.14964],[102.74116,22.15142],[102.74077,22.15329],[102.74016,22.15405],[102.73999,22.15557],[102.73932,22.15603],[102.73851,22.15762],[102.73876,22.15833],[102.73812,22.16075],[102.7368,22.16237],[102.73702,22.1637],[102.73685,22.16479],[102.73728,22.16717],[102.73696,22.16872],[102.73818,22.17197],[102.73857,22.17244],[102.74013,22.17308],[102.74141,22.17316],[102.74363,22.174],[102.74433,22.17498],[102.74632,22.17629],[102.74743,22.17798],[102.74774,22.18025],[102.74783,22.1836],[102.74739,22.18451],[102.74769,22.18652],[102.74826,22.18808],[102.74955,22.19],[102.75028,22.19208],[102.74999,22.19314],[102.74919,22.19406],[102.74934,22.19592],[102.74906,22.19742],[102.74944,22.19913],[102.75031,22.20051],[102.751,22.20233],[102.75106,22.20368],[102.75166,22.20478],[102.75148,22.20647],[102.75344,22.2066],[102.75376,22.20764],[102.75131,22.20828],[102.75017,22.20975],[102.74974,22.21121],[102.75079,22.2134],[102.75003,22.21466],[102.74891,22.21489],[102.74902,22.21633],[102.74736,22.21837],[102.74624,22.21874],[102.74523,22.21841],[102.74368,22.21939],[102.74336,22.22005],[102.74344,22.22279],[102.74261,22.22311],[102.74132,22.22257],[102.74076,22.22287],[102.73956,22.22532],[102.73961,22.22792],[102.73913,22.22888],[102.73788,22.22895],[102.73729,22.2297],[102.73626,22.23007],[102.73533,22.22994],[102.73494,22.23055],[102.73564,22.23229],[102.73521,22.23314],[102.73445,22.23342],[102.73107,22.2325],[102.73093,22.2334],[102.73129,22.23481],[102.73068,22.23517],[102.72965,22.23481],[102.72888,22.23551],[102.72983,22.23758],[102.72945,22.23806],[102.72752,22.23765],[102.72461,22.23833],[102.72174,22.23767],[102.71843,22.2398],[102.71744,22.23968],[102.71686,22.23864],[102.7158,22.23897],[102.71587,22.24075],[102.71533,22.2412],[102.71445,22.24094],[102.71336,22.23944],[102.713,22.23853],[102.7118,22.23865],[102.7107,22.23799],[102.70958,22.2387],[102.70939,22.23984],[102.70804,22.24077],[102.70633,22.24263],[102.70496,22.24354],[102.70382,22.24365],[102.70286,22.24318],[102.70189,22.24532],[102.69942,22.24539],[102.6979,22.2464],[102.69663,22.24589],[102.69545,22.24506],[102.693,22.24641],[102.692,22.24635],[102.69165,22.24714],[102.6928,22.24755],[102.69316,22.24849],[102.69188,22.24883],[102.69022,22.24987],[102.68836,22.25073],[102.68691,22.25233],[102.68685,22.25314],[102.68479,22.25387],[102.68302,22.25523],[102.68263,22.25618],[102.68168,22.25621],[102.68138,22.25751],[102.68012,22.25865],[102.67835,22.2612],[102.67777,22.26151],[102.67722,22.2627],[102.67581,22.26081],[102.67379,22.25949],[102.67176,22.25888],[102.6696,22.2575],[102.66695,22.25603],[102.66495,22.25579],[102.664,22.25534],[102.66295,22.25429],[102.66251,22.25288],[102.66442,22.25199],[102.66655,22.25165],[102.66829,22.25075],[102.66883,22.24962],[102.6693,22.24781],[102.6703,22.24739],[102.67086,22.24653],[102.67355,22.24651],[102.67456,22.2462],[102.67512,22.24517],[102.67577,22.24481],[102.67822,22.24509],[102.67952,22.24464],[102.68084,22.24337],[102.68104,22.24173],[102.68187,22.2404],[102.68349,22.23972],[102.68511,22.23787],[102.68652,22.23732],[102.68759,22.23644],[102.68724,22.23421],[102.6875,22.23226],[102.68681,22.231],[102.6869,22.22991],[102.68773,22.22863],[102.68936,22.22665],[102.68945,22.22475],[102.69271,22.22268],[102.69365,22.22095],[102.69495,22.21918],[102.69495,22.21467],[102.69644,22.21223],[102.6979,22.20925],[102.69785,22.20754],[102.69737,22.20606],[102.6973,22.20468],[102.69654,22.20247],[102.69609,22.20014],[102.69517,22.19823],[102.69486,22.19716],[102.69255,22.1956],[102.69074,22.19406],[102.6894,22.19395],[102.68824,22.19305],[102.68769,22.19139],[102.68801,22.19009],[102.68785,22.18831],[102.68713,22.18588],[102.68735,22.18433],[102.68662,22.18303],[102.6864,22.18166],[102.68487,22.18083],[102.68476,22.17959],[102.68309,22.17952],[102.68222,22.17858],[102.68161,22.17729],[102.68146,22.17536],[102.68169,22.17425],[102.681,22.17353],[102.68075,22.17239],[102.67817,22.1697],[102.67671,22.16837],[102.67631,22.16741],[102.67549,22.16697],[102.67407,22.16805],[102.67212,22.16846],[102.67075,22.16833],[102.6686,22.16856],[102.66816,22.16984],[102.66716,22.17163],[102.666,22.17201],[102.66463,22.17127],[102.66387,22.17209],[102.66208,22.17344],[102.66143,22.17421],[102.65933,22.17499],[102.65692,22.17498],[102.65612,22.17536],[102.65445,22.17559],[102.65372,22.17517],[102.65117,22.17533],[102.6496,22.17483],[102.64839,22.17489],[102.64514,22.17369],[102.64182,22.17624],[102.64045,22.17607],[102.63942,22.17682],[102.63876,22.17799],[102.63787,22.18022],[102.63723,22.1812],[102.63675,22.1831],[102.63692,22.18484],[102.63648,22.1871],[102.6337,22.18785],[102.63079,22.18749],[102.62956,22.18715],[102.62845,22.18837],[102.62762,22.18885],[102.6269,22.19066],[102.62656,22.19237],[102.62383,22.19535],[102.62309,22.19701],[102.62151,22.19737],[102.62081,22.19785],[102.61817,22.19871],[102.61717,22.20261],[102.61737,22.2036],[102.61725,22.2051],[102.61761,22.20588],[102.61884,22.20715],[102.61864,22.20834],[102.61904,22.20898],[102.61847,22.20968],[102.61827,22.21081],[102.61846,22.21265],[102.61659,22.21307],[102.61589,22.21442],[102.61584,22.21533],[102.61768,22.21731],[102.61757,22.21955],[102.61657,22.22146],[102.61584,22.22233],[102.61673,22.22277],[102.61687,22.22389],[102.61822,22.22487],[102.61964,22.22683],[102.62086,22.2273],[102.6196,22.22936],[102.6199,22.23092],[102.61973,22.23369],[102.61865,22.23525],[102.61642,22.2351],[102.61453,22.23551],[102.61397,22.23684],[102.61246,22.23778],[102.61064,22.23853],[102.61026,22.239],[102.6089,22.23899],[102.6084,22.23967],[102.60746,22.24],[102.60667,22.23971],[102.60543,22.23823],[102.6015,22.24168],[102.60124,22.2425],[102.59933,22.24394],[102.59754,22.24438],[102.59693,22.2452],[102.59422,22.24599],[102.59346,22.24839],[102.59207,22.24954],[102.58923,22.25055],[102.58833,22.25148],[102.58742,22.25173],[102.58604,22.25389],[102.58562,22.25496],[102.58454,22.25575],[102.58304,22.25623],[102.58176,22.25773],[102.58028,22.25818],[102.57885,22.26058],[102.57814,22.26076],[102.5761,22.26063],[102.57445,22.26028],[102.57173,22.2605],[102.57024,22.26097],[102.56691,22.25931],[102.56549,22.26033],[102.56402,22.26089],[102.56175,22.25876],[102.56149,22.25676],[102.56062,22.25562],[102.55934,22.25486],[102.55902,22.25318],[102.55918,22.25142],[102.55877,22.24983],[102.5579,22.24906],[102.55779,22.24844],[102.55582,22.2466],[102.55533,22.24525],[102.55382,22.24335],[102.55431,22.24174],[102.5541,22.24079],[102.55436,22.23992],[102.55432,22.23798],[102.55464,22.23688],[102.55664,22.23527],[102.55738,22.23376],[102.55852,22.23345],[102.55861,22.23278],[102.55768,22.23227],[102.55712,22.23077],[102.55722,22.22986],[102.55826,22.22922],[102.55861,22.22838],[102.55829,22.22733],[102.55892,22.22509],[102.55856,22.22394],[102.55984,22.22403],[102.56166,22.22304],[102.56298,22.22102],[102.56323,22.21967],[102.56485,22.21805],[102.5629,22.21604],[102.56014,22.21492],[102.55937,22.21366],[102.55996,22.21303],[102.55799,22.21279],[102.55561,22.2116],[102.55616,22.21127],[102.55633,22.20942],[102.55733,22.20798],[102.55807,22.2084],[102.55907,22.20821],[102.55907,22.20649],[102.55879,22.20571],[102.56008,22.20482],[102.56013,22.20434],[102.55859,22.20285],[102.55857,22.20223],[102.55678,22.20133],[102.55573,22.20159],[102.55461,22.20078],[102.55293,22.20066],[102.55051,22.19887],[102.54973,22.19805],[102.54845,22.19474],[102.54954,22.1934],[102.55151,22.19235],[102.55118,22.19004],[102.55022,22.18826],[102.54913,22.18686],[102.54822,22.18639],[102.54542,22.18721],[102.54464,22.18675],[102.54363,22.18684],[102.54263,22.1875],[102.54105,22.18784],[102.53972,22.18784],[102.53927,22.18829],[102.53731,22.18873],[102.53688,22.18799],[102.5351,22.18752],[102.53401,22.18631],[102.53228,22.18536],[102.52934,22.18579],[102.52761,22.18556],[102.52659,22.17934],[102.5238,22.17821],[102.5228,22.17709],[102.52259,22.17434],[102.52364,22.17329],[102.52437,22.17104],[102.52582,22.16923],[102.52653,22.16644],[102.52951,22.16495],[102.53004,22.16398],[102.53017,22.16272],[102.53144,22.16149],[102.53205,22.16054],[102.53545,22.15719],[102.53716,22.15379],[102.53626,22.15291],[102.53222,22.1529],[102.53176,22.15336],[102.53008,22.15208],[102.53012,22.14815],[102.53052,22.14752],[102.52973,22.14628],[102.52871,22.14626],[102.52769,22.14436],[102.52635,22.14375],[102.52426,22.14508],[102.52329,22.14499],[102.52314,22.14427],[102.52363,22.14325],[102.52317,22.14268],[102.52182,22.14236],[102.52044,22.14014],[102.52127,22.13868],[102.52093,22.13782],[102.52143,22.13514],[102.52519,22.13217],[102.52529,22.13163],[102.52688,22.13044],[102.53237,22.12921],[102.5362,22.12666],[102.53807,22.1251],[102.54089,22.12407],[102.54162,22.12363],[102.54418,22.12279],[102.54507,22.1222],[102.54892,22.12155],[102.54989,22.12167],[102.55252,22.12271],[102.55458,22.12285],[102.5549,22.12348],[102.55714,22.12419],[102.5605,22.12434],[102.563,22.12631],[102.56565,22.12642],[102.56696,22.12541],[102.56759,22.12524],[102.57023,22.12552],[102.57164,22.12538],[102.57287,22.12562],[102.5759,22.125],[102.57693,22.12684],[102.57619,22.12833],[102.57725,22.12976],[102.57846,22.1302],[102.58078,22.13168],[102.58203,22.13104],[102.58203,22.12925],[102.58372,22.13],[102.58557,22.12991],[102.58928,22.13057],[102.59263,22.13143],[102.59395,22.13149],[102.59536,22.13273],[102.59774,22.13185],[102.5998,22.13277],[102.60099,22.13409],[102.60314,22.13295],[102.60431,22.13303],[102.60547,22.13185],[102.60693,22.13278],[102.60759,22.13201],[102.60951,22.13141],[102.61007,22.13087],[102.61213,22.1309],[102.61328,22.13251],[102.61219,22.133],[102.61178,22.13391],[102.61256,22.13497],[102.6118,22.13539],[102.61225,22.13624],[102.61124,22.13646],[102.61011,22.1372],[102.61003,22.13855],[102.61151,22.13961],[102.6124,22.13924],[102.61318,22.14077],[102.61442,22.14069],[102.61524,22.13996],[102.61801,22.13869],[102.61924,22.13843],[102.6202,22.13941],[102.62183,22.13922],[102.62248,22.13949],[102.62504,22.13916],[102.62626,22.13962],[102.62858,22.14092],[102.63448,22.14097],[102.63569,22.13942],[102.63545,22.13863],[102.63688,22.1386],[102.63798,22.13674],[102.63964,22.13647],[102.64109,22.1375],[102.64255,22.13766],[102.64605,22.13614],[102.64802,22.13513],[102.64818,22.13441],[102.64801,22.13229],[102.64868,22.13144],[102.64846,22.13049],[102.64891,22.12962],[102.65008,22.12993],[102.65175,22.13112],[102.65338,22.13106],[102.65599,22.12989],[102.65931,22.13],[102.66017,22.12989],[102.66107,22.12907],[102.6635,22.129],[102.66425,22.12948],[102.66614,22.12947],[102.6667,22.12858],[102.66652,22.1274],[102.66666,22.12552],[102.66931,22.12265],[102.66779,22.12019],[102.6692,22.11929],[102.67049,22.11751],[102.67039,22.11597],[102.67218,22.11494],[102.67261,22.11394],[102.67364,22.11021],[102.67514,22.10919],[102.67672,22.10734],[102.67773,22.1071],[102.67892,22.10579],[102.68027,22.10535],[102.68156,22.10532],[102.68249,22.10649],[102.6835,22.10689],[102.68413,22.10785],[102.68509,22.1083],[102.68652,22.10844],[102.68747,22.1089],[102.6881,22.10992],[102.68828,22.11097],[102.691,22.11337],[102.69225,22.11376],[102.69295,22.1146],[102.69622,22.11657],[102.69757,22.11842],[102.69941,22.11933],[102.70044,22.11957],[102.70201,22.11738],[102.70483,22.11623],[102.70771,22.114],[102.71039,22.11422],[102.71281,22.11413],[102.71344,22.11603],[102.71515,22.11746],[102.71583,22.11888],[102.71642,22.1176],[102.71751,22.11649],[102.71807,22.11411],[102.7193,22.11216],[102.72084,22.11169],[102.72113,22.11023],[102.7215,22.10994],[102.72318,22.10985],[102.72411,22.10903],[102.72616,22.10905],[102.72958,22.10973],[102.7312,22.11061],[102.73206,22.1118],[102.73274,22.1121],[102.73525,22.11231],[102.73787,22.11392],[102.73947,22.11432],[102.74032,22.11497],[102.74262,22.11805],[102.74331,22.12057],[102.74453,22.12314],[102.74572,22.1248],[102.7475,22.12653],[102.74789,22.12736],[102.74808,22.12913]]]},"properties":{"a01_tinh":"diaphanhanhchinhcaptinh_sn.109","a02_xa":"diaphanhanhchinhcapxa_2025.2234","a03_ten":"Xã Mường Toong","a04_tentinh":"Tỉnh Điện Biên","a05_truocsn":"Xã Huổi Lếch, Xã Mường Toong","a06_trungtamhc":"Trụ sở Đảng ủy, HĐND và UBND xã Mường Toong","a07_dt":"230.69","a08_ds":"10832","a09_dthoai":null,"a10_web":null,"ten":"Xã Mường Toong","ma":"03163","tentinh":"Tỉnh Điện Biên","truocsapnhap":"Xã Huổi Lếch, Xã Mường Toong","dientichkm2":null,"dansonguoi":null},"id":"diaphanhanhchinhcapxa_2025.2234"},
{"type":"Feature","geometry":{"type":"Polygon","coordinates":[[[103.16384,21.8706],[103.16397,21.87292],[103.16426,21.87354],[103.16375,21.87627],[103.16385,21.87727],[103.16442,21.87781],[103.16495,21.87941],[103.16461,21.88073],[103.16511,21.88263],[103.16882,21.88735],[103.17213,21.89444],[103.17189,21.89488],[103.17566,21.9019],[103.18337,21.90068],[103.18752,21.90399],[103.18389,21.91504],[103.18305,21.92612],[103.18527,21.93001],[103.18568,21.93095],[103.18538,21.93336],[103.18454,21.93353],[103.18386,21.93419],[103.18362,21.93517],[103.18212,21.93689],[103.18153,21.93794],[103.18207,21.93996],[103.18063,21.94475],[103.18066,21.9465],[103.17908,21.94789],[103.17808,21.94926],[103.17726,21.95224],[103.17532,21.9541],[103.17488,21.95532],[103.17321,21.9574],[103.172,21.95966],[103.17181,21.96065],[103.17208,21.96206],[103.17285,21.96373],[103.17246,21.96485],[103.17255,21.96568],[103.17201,21.96645],[103.16834,21.95807],[103.1674,21.95798],[103.16648,21.95838],[103.16455,21.95841],[103.1632,21.95886],[103.16046,21.96051],[103.15879,21.96132],[103.15742,21.96265],[103.15701,21.96271],[103.15455,21.96478],[103.15165,21.96553],[103.14947,21.9657],[103.15016,21.96708],[103.15079,21.96774],[103.15125,21.96939],[103.14911,21.96919],[103.1484,21.96874],[103.14427,21.96842],[103.14215,21.96841],[103.14024,21.96817],[103.13822,21.97009],[103.13726,21.96992],[103.1368,21.9681],[103.13606,21.96772],[103.13445,21.96861],[103.13415,21.96923],[103.13481,21.97162],[103.13313,21.9729],[103.13196,21.9734],[103.13117,21.97442],[103.1285,21.9743],[103.12733,21.97609],[103.12652,21.97662],[103.1253,21.97874],[103.1261,21.97994],[103.12359,21.98056],[103.12131,21.98041],[103.11979,21.97993],[103.11868,21.97998],[103.11715,21.98071],[103.11548,21.98056],[103.11437,21.98137],[103.11402,21.98251],[103.11267,21.98388],[103.11049,21.98476],[103.1095,21.98548],[103.1074,21.98817],[103.1059,21.98825],[103.10466,21.98796],[103.10215,21.9885],[103.10146,21.98887],[103.10027,21.99047],[103.10064,21.99299],[103.10025,21.99351],[103.09977,21.99538],[103.09998,21.99693],[103.0998,21.99849],[103.09946,21.99906],[103.09944,22.00103],[103.09884,22.00165],[103.09957,22.00315],[103.09982,22.00452],[103.10029,22.00498],[103.10041,22.00613],[103.10095,22.00758],[103.1009,22.00845],[103.10018,22.0098],[103.09986,22.01124],[103.09799,22.01191],[103.09719,22.01267],[103.09673,22.01366],[103.09542,22.01444],[103.09479,22.01529],[103.09375,22.01743],[103.09281,22.01847],[103.09213,22.02057],[103.09063,22.0212],[103.09013,22.02231],[103.0884,22.02368],[103.08677,22.02405],[103.08462,22.02547],[103.08315,22.02787],[103.08198,22.0284],[103.08045,22.0283],[103.0796,22.0286],[103.07852,22.02969],[103.07744,22.03033],[103.07647,22.03146],[103.07477,22.03296],[103.07262,22.03428],[103.07144,22.03452],[103.07034,22.03521],[103.06889,22.03551],[103.06648,22.03737],[103.06477,22.03834],[103.06253,22.03839],[103.06171,22.03781],[103.06024,22.03771],[103.05796,22.03804],[103.05505,22.03825],[103.05407,22.03963],[103.05409,22.04015],[103.05307,22.04061],[103.05206,22.04241],[103.05069,22.04388],[103.05019,22.04511],[103.04851,22.04653],[103.04642,22.04678],[103.04542,22.04844],[103.04286,22.04839],[103.03865,22.04754],[103.03568,22.04895],[103.03363,22.04938],[103.03285,22.04993],[103.03104,22.05047],[103.02942,22.0517],[103.02738,22.0518],[103.02679,22.05212],[103.02558,22.0538],[103.0222,22.05618],[103.02098,22.05602],[103.01825,22.05489],[103.0166,22.05521],[103.01594,22.05442],[103.01347,22.05272],[103.01163,22.05176],[103.00963,22.05149],[103.00839,22.05187],[103.00701,22.05269],[103.0063,22.05265],[103.00413,22.05131],[103.00366,22.0502],[103.00254,22.0501],[103.00036,22.0512],[102.99966,22.05199],[102.99854,22.05167],[102.99851,22.05012],[102.99731,22.04884],[102.99728,22.04736],[102.99682,22.04652],[102.99576,22.04573],[102.99513,22.0444],[102.99403,22.04362],[102.9945,22.04198],[102.99551,22.03968],[102.99454,22.03804],[102.99455,22.03709],[102.99521,22.03607],[102.99356,22.03502],[102.99162,22.03432],[102.99161,22.03226],[102.99132,22.03113],[102.99067,22.03013],[102.9903,22.02837],[102.98948,22.02792],[102.98555,22.02653],[102.9909,22.02156],[102.992,22.01925],[102.99148,22.01739],[102.99094,22.01659],[102.99068,22.01492],[102.98938,22.01118],[102.98958,22.01056],[102.99135,22.01042],[102.99301,22.01073],[102.98936,22.00618],[102.99076,22.00648],[102.99262,22.00644],[102.99382,22.00539],[102.99579,22.00461],[102.99733,22.0042],[102.99971,22.00221],[103.00002,22.00072],[103.00069,21.99905],[103.00168,21.99747],[103.00152,21.99457],[103.00173,21.99297],[103.00241,21.99136],[103.00243,21.99005],[103.00338,21.98792],[103.00468,21.98551],[103.00486,21.984],[103.00444,21.98242],[103.00486,21.98055],[103.00609,21.97848],[103.00558,21.97721],[103.00563,21.97632],[103.00532,21.97349],[103.00469,21.97162],[103.00429,21.96782],[103.00477,21.96691],[103.00514,21.96448],[103.00579,21.96366],[103.00545,21.96076],[103.00583,21.95881],[103.00548,21.9578],[103.00549,21.95571],[103.00733,21.95558],[103.00796,21.95528],[103.00881,21.95332],[103.00799,21.9522],[103.00766,21.95106],[103.00835,21.94958],[103.00851,21.94781],[103.00756,21.94557],[103.00882,21.94526],[103.01058,21.94432],[103.01091,21.94333],[103.00932,21.94255],[103.00935,21.94186],[103.01213,21.94198],[103.01263,21.94171],[103.01222,21.94054],[103.01147,21.94001],[103.01127,21.93879],[103.0122,21.93871],[103.01384,21.93906],[103.0148,21.93761],[103.01604,21.93668],[103.01693,21.93652],[103.01708,21.9339],[103.01966,21.93331],[103.0196,21.93284],[103.01798,21.93276],[103.01732,21.93066],[103.01792,21.93014],[103.01967,21.93053],[103.02015,21.93118],[103.02138,21.93074],[103.02087,21.92993],[103.02111,21.92917],[103.02208,21.92894],[103.0227,21.92817],[103.02364,21.92937],[103.02405,21.92743],[103.02332,21.92686],[103.02365,21.9262],[103.02538,21.92636],[103.0265,21.92711],[103.0262,21.92532],[103.02671,21.92467],[103.02639,21.92378],[103.02681,21.92211],[103.02556,21.92116],[103.02449,21.92108],[103.0248,21.92009],[103.02444,21.91905],[103.02332,21.91866],[103.02253,21.9189],[103.02214,21.91752],[103.02056,21.91586],[103.02092,21.9147],[103.01998,21.9141],[103.0171,21.91382],[103.01672,21.9134],[103.01676,21.91169],[103.01629,21.91108],[103.01419,21.91004],[103.01443,21.91098],[103.01392,21.91197],[103.01218,21.91205],[103.01107,21.91119],[103.01177,21.90981],[103.01205,21.90797],[103.01306,21.90755],[103.01323,21.90648],[103.0139,21.90596],[103.01545,21.90544],[103.01606,21.90342],[103.01854,21.90196],[103.01592,21.90176],[103.01606,21.90023],[103.01645,21.89918],[103.01602,21.89825],[103.01697,21.89732],[103.0173,21.89594],[103.01796,21.89523],[103.018,21.8943],[103.01874,21.8942],[103.01988,21.89262],[103.01951,21.89208],[103.02015,21.89121],[103.01996,21.89001],[103.02098,21.88957],[103.02149,21.88858],[103.0222,21.88819],[103.02256,21.88615],[103.02347,21.8845],[103.02361,21.88367],[103.02596,21.88237],[103.02929,21.87955],[103.02976,21.8778],[103.03366,21.87832],[103.03468,21.87954],[103.03466,21.88072],[103.03571,21.88123],[103.03672,21.88127],[103.03716,21.8821],[103.03934,21.88301],[103.04035,21.88295],[103.04089,21.88339],[103.04207,21.88311],[103.04258,21.88227],[103.04441,21.88202],[103.04662,21.87965],[103.04963,21.87842],[103.0526,21.87918],[103.05395,21.87908],[103.05524,21.87933],[103.05598,21.87908],[103.05734,21.87982],[103.05837,21.87968],[103.06006,21.87833],[103.06018,21.87762],[103.0597,21.87617],[103.06026,21.87443],[103.0601,21.87339],[103.06081,21.87149],[103.06079,21.87051],[103.06149,21.86823],[103.0626,21.86811],[103.06386,21.86842],[103.06436,21.86603],[103.06426,21.86419],[103.06397,21.86303],[103.0655,21.86269],[103.068,21.86239],[103.06991,21.86056],[103.07068,21.86043],[103.07334,21.86132],[103.0755,21.86098],[103.07538,21.85953],[103.07468,21.85812],[103.07456,21.85598],[103.07496,21.85531],[103.07695,21.85375],[103.07902,21.85105],[103.08085,21.84967],[103.0822,21.85003],[103.08348,21.84973],[103.08471,21.85051],[103.08794,21.85018],[103.08959,21.84975],[103.09152,21.84878],[103.09181,21.84979],[103.09379,21.85104],[103.09408,21.85179],[103.09514,21.85259],[103.09604,21.85374],[103.09868,21.85348],[103.10075,21.85301],[103.1035,21.85353],[103.10406,21.8539],[103.10536,21.85585],[103.10625,21.85645],[103.10824,21.85723],[103.11064,21.85618],[103.11337,21.85607],[103.11436,21.85588],[103.1159,21.85465],[103.1191,21.85323],[103.12106,21.85195],[103.12437,21.85052],[103.12689,21.84987],[103.12941,21.84973],[103.12991,21.85053],[103.13146,21.85207],[103.13153,21.85408],[103.13427,21.85709],[103.14228,21.8604],[103.14218,21.86524],[103.14906,21.87222],[103.15332,21.87159],[103.15574,21.87184],[103.1594,21.87154],[103.15976,21.87097],[103.16384,21.8706]]]},"properties":{"a01_tinh":"diaphanhanhchinhcaptinh_sn.109","a02_xa":"diaphanhanhchinhcapxa_2025.2240","a03_ten":"Xã Mường Tùng","a04_tentinh":"Tỉnh Điện Biên","a05_truocsn":"Xã Huổi Lèng, Xã Mường Tùng","a06_trungtamhc":"Trụ sở Đảng ủy, HĐND và UBND xã Mường Tùng","a07_dt":"278.93","a08_ds":"945","a09_dthoai":null,"a10_web":null,"ten":"Xã Mường Tùng","ma":"03181","tentinh":"Tỉnh Điện Biên","truocsapnhap":"Xã Huổi Lèng, Xã Mường Tùng","dientichkm2":null,"dansonguoi":null},"id":"diaphanhanhchinhcapxa_2025.2240"},
{"type":"Feature","geometry":{"type":"Polygon","coordinates":[[[102.78793,21.70742],[102.78677,21.70904],[102.78518,21.70975],[102.7838,21.70971],[102.7814,21.71166],[102.78155,21.71252],[102.78085,21.71385],[102.7782,21.71475],[102.77796,21.71561],[102.7785,21.71648],[102.7781,21.71725],[102.77874,21.71777],[102.77859,21.71847],[102.77915,21.72089],[102.77929,21.72242],[102.78103,21.72473],[102.78117,21.72611],[102.78059,21.72738],[102.78028,21.72889],[102.78127,21.72942],[102.78269,21.72962],[102.78417,21.73056],[102.78494,21.7306],[102.78689,21.73198],[102.78612,21.73401],[102.78679,21.73896],[102.78569,21.74054],[102.78569,21.74324],[102.78518,21.74414],[102.78528,21.74506],[102.7863,21.74594],[102.78615,21.74717],[102.78325,21.74835],[102.78129,21.74845],[102.77656,21.74961],[102.77485,21.75069],[102.77509,21.75284],[102.77485,21.75408],[102.77301,21.75473],[102.77178,21.7555],[102.77072,21.75582],[102.77014,21.75748],[102.76874,21.75679],[102.76768,21.75715],[102.76549,21.75739],[102.76521,21.7584],[102.76338,21.75891],[102.76295,21.76068],[102.76321,21.76176],[102.76306,21.76328],[102.76392,21.76453],[102.76417,21.766],[102.7647,21.76688],[102.76451,21.76862],[102.76452,21.7721],[102.76405,21.77326],[102.76423,21.77416],[102.76392,21.77675],[102.76103,21.77816],[102.75859,21.77854],[102.75631,21.77937],[102.75581,21.78096],[102.75479,21.78048],[102.75501,21.77916],[102.7541,21.77942],[102.754,21.78012],[102.75287,21.77983],[102.75126,21.77886],[102.75039,21.77956],[102.74969,21.7789],[102.74816,21.77804],[102.74888,21.77761],[102.74908,21.77665],[102.75039,21.77582],[102.74966,21.77516],[102.74944,21.77304],[102.74842,21.77261],[102.74765,21.77154],[102.74665,21.7711],[102.7452,21.77104],[102.74419,21.77232],[102.74295,21.77258],[102.74181,21.77242],[102.74147,21.77352],[102.7401,21.77502],[102.73809,21.77587],[102.73768,21.77627],[102.73543,21.77428],[102.73456,21.77402],[102.73297,21.7725],[102.73107,21.76877],[102.72949,21.76899],[102.72824,21.76884],[102.72633,21.7697],[102.72533,21.77066],[102.72346,21.77112],[102.72197,21.77229],[102.71679,21.77325],[102.71597,21.77233],[102.71455,21.77168],[102.71372,21.77053],[102.71261,21.77036],[102.71173,21.77064],[102.70924,21.77094],[102.70593,21.77024],[102.7008,21.76863],[102.69731,21.76958],[102.69618,21.76944],[102.69352,21.76955],[102.69238,21.7702],[102.69012,21.77072],[102.68943,21.77159],[102.68833,21.77185],[102.68741,21.77246],[102.68675,21.7723],[102.68594,21.7729],[102.68444,21.77319],[102.682,21.77415],[102.68052,21.77591],[102.67954,21.77645],[102.67838,21.77783],[102.67834,21.7784],[102.67742,21.77953],[102.67674,21.7796],[102.67559,21.78075],[102.67411,21.78155],[102.67333,21.7833],[102.6721,21.78326],[102.67111,21.7841],[102.67114,21.78573],[102.67146,21.7863],[102.67102,21.7875],[102.67155,21.78948],[102.67226,21.79294],[102.67324,21.79478],[102.67312,21.796],[102.67242,21.79718],[102.66992,21.79557],[102.66825,21.79351],[102.66611,21.79251],[102.66286,21.79364],[102.66174,21.79314],[102.66217,21.79195],[102.66189,21.7896],[102.66119,21.78755],[102.66138,21.78592],[102.66051,21.7852],[102.65901,21.78346],[102.65993,21.78108],[102.6591,21.78123],[102.65864,21.77991],[102.65782,21.77883],[102.6579,21.77755],[102.65688,21.77668],[102.65664,21.77577],[102.6565,21.77358],[102.6542,21.77145],[102.65261,21.77025],[102.65176,21.76848],[102.65078,21.7678],[102.65085,21.76703],[102.64998,21.76408],[102.64907,21.76315],[102.64895,21.76125],[102.64821,21.75936],[102.64922,21.75551],[102.649,21.75304],[102.64848,21.75219],[102.64907,21.74971],[102.64852,21.74755],[102.64896,21.74597],[102.64872,21.7457],[102.64877,21.7422],[102.64735,21.74086],[102.64734,21.7404],[102.64825,21.7383],[102.64801,21.73579],[102.64819,21.73509],[102.64666,21.73411],[102.64543,21.73368],[102.64526,21.73227],[102.64887,21.72828],[102.65093,21.72806],[102.65151,21.72534],[102.651,21.72385],[102.65246,21.72274],[102.65307,21.72128],[102.65261,21.71947],[102.65441,21.71873],[102.65554,21.71888],[102.65679,21.71707],[102.65807,21.71405],[102.65814,21.71229],[102.65845,21.71119],[102.66008,21.71045],[102.66053,21.70972],[102.65995,21.70909],[102.65982,21.7081],[102.66034,21.70649],[102.66013,21.7051],[102.66044,21.70454],[102.66039,21.70312],[102.66138,21.70223],[102.66141,21.70159],[102.66073,21.70018],[102.66191,21.69834],[102.66233,21.69669],[102.66432,21.69463],[102.66451,21.69082],[102.66411,21.69026],[102.66465,21.68885],[102.66599,21.68742],[102.66659,21.6871],[102.66733,21.68537],[102.66582,21.68441],[102.66505,21.68434],[102.66437,21.68321],[102.66288,21.68235],[102.66268,21.67981],[102.66344,21.67915],[102.66637,21.6782],[102.66769,21.67668],[102.66829,21.6753],[102.66852,21.67322],[102.66831,21.67251],[102.6696,21.67062],[102.67043,21.67036],[102.67092,21.66887],[102.67348,21.66467],[102.67334,21.66401],[102.67408,21.66181],[102.67483,21.66146],[102.67461,21.65967],[102.67571,21.65848],[102.67579,21.65744],[102.67496,21.65617],[102.67424,21.65595],[102.67463,21.65501],[102.67653,21.65495],[102.67799,21.65447],[102.67866,21.65387],[102.67958,21.65458],[102.68257,21.65507],[102.68518,21.65472],[102.68577,21.65624],[102.68551,21.65683],[102.68665,21.65793],[102.68877,21.65806],[102.68875,21.65973],[102.68784,21.66036],[102.68745,21.66136],[102.68873,21.66238],[102.68969,21.66264],[102.69108,21.66346],[102.69214,21.66333],[102.69322,21.6644],[102.69555,21.66322],[102.69632,21.66219],[102.6974,21.66142],[102.69877,21.66135],[102.70063,21.66159],[102.70249,21.66247],[102.70416,21.66185],[102.7059,21.6623],[102.70653,21.66365],[102.70959,21.66457],[102.71118,21.6639],[102.71288,21.66263],[102.71478,21.66229],[102.71662,21.66233],[102.71742,21.66269],[102.7187,21.66266],[102.72035,21.6631],[102.72186,21.66387],[102.72313,21.66416],[102.72442,21.66377],[102.72571,21.66407],[102.72649,21.66354],[102.72961,21.66318],[102.73196,21.66375],[102.73244,21.66307],[102.73231,21.66105],[102.73414,21.66036],[102.73463,21.65962],[102.73579,21.65982],[102.7367,21.65909],[102.73865,21.65907],[102.73922,21.65942],[102.74058,21.65935],[102.74104,21.66073],[102.74232,21.66194],[102.74378,21.6621],[102.74505,21.66336],[102.74599,21.66343],[102.74677,21.66459],[102.74757,21.66485],[102.74941,21.66456],[102.75111,21.66616],[102.75159,21.66796],[102.75173,21.66964],[102.75316,21.67202],[102.75443,21.67292],[102.75481,21.67377],[102.75663,21.67447],[102.75826,21.67447],[102.75976,21.67497],[102.76232,21.67484],[102.76315,21.67567],[102.7647,21.67835],[102.76452,21.67966],[102.76486,21.68048],[102.76605,21.68089],[102.76691,21.68056],[102.76795,21.68176],[102.76873,21.68179],[102.76762,21.68411],[102.76805,21.68512],[102.7694,21.68607],[102.76931,21.68717],[102.76983,21.68789],[102.77016,21.68924],[102.77076,21.68999],[102.77193,21.69008],[102.77365,21.69094],[102.775,21.69249],[102.77497,21.6932],[102.77643,21.69514],[102.7789,21.69693],[102.7789,21.6976],[102.78056,21.69957],[102.77972,21.69984],[102.78006,21.70058],[102.78303,21.70297],[102.78502,21.70247],[102.78569,21.70547],[102.78793,21.70742]]]},"properties":{"a01_tinh":"diaphanhanhchinhcaptinh_sn.109","a02_xa":"diaphanhanhchinhcapxa_2025.2237","a03_ten":"Xã Nà Bủng","a04_tentinh":"Tỉnh Điện Biên","a05_truocsn":"Xã Vàng Đán, Xã Nà Bủng","a06_trungtamhc":"Trụ sở Đảng ủy, HĐND và UBND xã Vàng Đán","a07_dt":"162.52","a08_ds":"10114","a09_dthoai":null,"a10_web":null,"ten":"Xã Nà Bủng","ma":"03176","tentinh":"Tỉnh Điện Biên","truocsapnhap":"Xã Vàng Đán, Xã Nà Bủng","dientichkm2":null,"dansonguoi":null},"id":"diaphanhanhchinhcapxa_2025.2237"},
{"type":"Feature","geometry":{"type":"Polygon","coordinates":[[[102.81716,21.83978],[102.81488,21.84105],[102.81443,21.84192],[102.81461,21.84327],[102.81522,21.84419],[102.81451,21.8454],[102.81412,21.84673],[102.81293,21.8485],[102.81275,21.85029],[102.81287,21.85244],[102.80892,21.85268],[102.80779,21.85428],[102.8066,21.85477],[102.80523,21.85575],[102.80429,21.85721],[102.80255,21.85767],[102.80099,21.85862],[102.79904,21.86045],[102.79912,21.8621],[102.79971,21.86297],[102.79955,21.86408],[102.79701,21.86356],[102.79469,21.86457],[102.79414,21.86529],[102.79205,21.8666],[102.79006,21.86534],[102.79015,21.86422],[102.78914,21.86402],[102.78844,21.8632],[102.78607,21.86289],[102.78524,21.86228],[102.78302,21.86],[102.78265,21.8588],[102.78177,21.86005],[102.78135,21.86157],[102.78038,21.86295],[102.77931,21.86354],[102.7772,21.863],[102.77568,21.86431],[102.77474,21.8661],[102.7737,21.86629],[102.77302,21.86739],[102.7712,21.86771],[102.77029,21.86936],[102.76873,21.8699],[102.7683,21.87298],[102.76702,21.87405],[102.76589,21.87614],[102.76464,21.87702],[102.76308,21.87697],[102.75945,21.88035],[102.75805,21.88065],[102.75665,21.88143],[102.75464,21.88225],[102.75372,21.88377],[102.75392,21.8854],[102.75329,21.8861],[102.7538,21.88756],[102.75274,21.88953],[102.75142,21.88999],[102.7482,21.88978],[102.74565,21.89141],[102.74409,21.89105],[102.74294,21.89024],[102.73947,21.88884],[102.73863,21.88782],[102.73854,21.88655],[102.7378,21.88484],[102.7362,21.88459],[102.73468,21.88545],[102.73368,21.88512],[102.73271,21.88526],[102.73094,21.88648],[102.72886,21.88601],[102.72731,21.88692],[102.72717,21.88847],[102.72607,21.89008],[102.72615,21.89137],[102.72492,21.89243],[102.72489,21.89493],[102.72517,21.89557],[102.7245,21.89713],[102.72207,21.89978],[102.72075,21.9019],[102.71909,21.90288],[102.7186,21.90367],[102.71776,21.90295],[102.71685,21.90354],[102.71739,21.90581],[102.7169,21.90693],[102.71618,21.90725],[102.71448,21.90909],[102.71409,21.91001],[102.713,21.90972],[102.71213,21.91089],[102.71164,21.91332],[102.711,21.91351],[102.70997,21.91609],[102.71045,21.91901],[102.71016,21.92045],[102.70951,21.92155],[102.70974,21.92309],[102.70966,21.92433],[102.70891,21.92497],[102.70891,21.92631],[102.70804,21.92761],[102.70869,21.92846],[102.70786,21.92937],[102.70779,21.93017],[102.70933,21.9312],[102.70957,21.93181],[102.70794,21.93231],[102.70764,21.93298],[102.70816,21.93383],[102.70917,21.93433],[102.70945,21.93491],[102.7089,21.93582],[102.7095,21.93689],[102.70827,21.93686],[102.70795,21.93758],[102.70704,21.93769],[102.7058,21.93716],[102.70424,21.93776],[102.70326,21.93721],[102.70256,21.9383],[102.70183,21.94025],[102.70106,21.94108],[102.70113,21.94181],[102.70041,21.94297],[102.6996,21.94556],[102.69875,21.947],[102.69931,21.94834],[102.70032,21.94883],[102.70024,21.95002],[102.70069,21.95041],[102.69977,21.95132],[102.7,21.95331],[102.69928,21.95375],[102.69908,21.95454],[102.69766,21.95479],[102.6978,21.9561],[102.69677,21.95641],[102.69618,21.95612],[102.69505,21.95642],[102.69442,21.95722],[102.69273,21.95683],[102.69219,21.95799],[102.69134,21.95877],[102.69002,21.95919],[102.68911,21.96009],[102.68814,21.9601],[102.6867,21.96069],[102.6832,21.96058],[102.68165,21.9609],[102.68077,21.96068],[102.68001,21.96082],[102.6781,21.95938],[102.67674,21.95946],[102.67605,21.96],[102.67481,21.9593],[102.67284,21.95971],[102.67109,21.95829],[102.67051,21.95735],[102.67013,21.95486],[102.66952,21.9536],[102.66983,21.95096],[102.66907,21.94904],[102.66924,21.94743],[102.66794,21.9445],[102.66661,21.94241],[102.66664,21.94122],[102.66633,21.93946],[102.66587,21.93844],[102.66423,21.93676],[102.66379,21.93588],[102.66355,21.93442],[102.66276,21.9335],[102.66148,21.92992],[102.66,21.92917],[102.65856,21.92902],[102.65815,21.92685],[102.65769,21.92584],[102.65742,21.92427],[102.65669,21.92393],[102.65579,21.92421],[102.65518,21.9256],[102.65393,21.92473],[102.65269,21.92525],[102.65085,21.92532],[102.65014,21.92627],[102.64932,21.92624],[102.64658,21.92472],[102.64505,21.9244],[102.64451,21.92322],[102.64305,21.92133],[102.63975,21.91857],[102.63981,21.91706],[102.64172,21.91524],[102.64384,21.91452],[102.64319,21.91247],[102.64245,21.91146],[102.64162,21.91095],[102.64146,21.90993],[102.64012,21.90917],[102.63906,21.9072],[102.63903,21.9065],[102.63729,21.90364],[102.63609,21.90334],[102.63429,21.90249],[102.63257,21.90268],[102.63101,21.90341],[102.62864,21.90397],[102.62466,21.9027],[102.62414,21.90186],[102.6229,21.90136],[102.62121,21.90127],[102.62086,21.89897],[102.61933,21.89515],[102.61713,21.89414],[102.61642,21.89249],[102.61618,21.89027],[102.61577,21.8891],[102.6145,21.88719],[102.61366,21.88511],[102.61377,21.88447],[102.61312,21.8836],[102.61322,21.8822],[102.61132,21.8813],[102.61028,21.88194],[102.6094,21.88147],[102.61039,21.87962],[102.61082,21.87712],[102.61177,21.87609],[102.61199,21.87496],[102.61267,21.87453],[102.6139,21.87275],[102.61841,21.87125],[102.62124,21.87132],[102.62219,21.87036],[102.6239,21.87029],[102.62446,21.87001],[102.62476,21.86897],[102.62558,21.8695],[102.62771,21.86911],[102.62927,21.86914],[102.62827,21.86757],[102.62791,21.8661],[102.62959,21.86425],[102.63066,21.86357],[102.63083,21.86296],[102.63276,21.86254],[102.63348,21.86144],[102.6348,21.86099],[102.63772,21.86064],[102.64015,21.85937],[102.64236,21.86],[102.64364,21.85995],[102.64515,21.85904],[102.64553,21.85761],[102.64491,21.8555],[102.64612,21.85466],[102.64468,21.85212],[102.64463,21.85111],[102.64341,21.85013],[102.64189,21.84827],[102.64273,21.84704],[102.6428,21.84533],[102.64371,21.8423],[102.64366,21.8409],[102.64414,21.83948],[102.64473,21.83888],[102.64566,21.83714],[102.64742,21.83578],[102.64783,21.83513],[102.64734,21.833],[102.64787,21.83119],[102.64983,21.8292],[102.64985,21.82821],[102.65097,21.82599],[102.65064,21.82531],[102.65071,21.82327],[102.6503,21.82242],[102.65017,21.82042],[102.65033,21.81881],[102.64995,21.81518],[102.64867,21.81465],[102.64891,21.8134],[102.64848,21.81196],[102.64769,21.81042],[102.64843,21.80931],[102.64809,21.80786],[102.6483,21.80719],[102.64925,21.80648],[102.65066,21.80586],[102.65191,21.80437],[102.65305,21.80368],[102.65464,21.80223],[102.65487,21.8015],[102.6561,21.80137],[102.65802,21.79975],[102.65954,21.79937],[102.65923,21.79862],[102.65991,21.79667],[102.65994,21.79542],[102.66163,21.79382],[102.66174,21.79314],[102.66286,21.79364],[102.66611,21.79251],[102.66825,21.79351],[102.66992,21.79557],[102.67242,21.79718],[102.67312,21.796],[102.67324,21.79478],[102.67226,21.79294],[102.67155,21.78948],[102.67102,21.7875],[102.67146,21.7863],[102.67114,21.78573],[102.67111,21.7841],[102.6721,21.78326],[102.67333,21.7833],[102.67411,21.78155],[102.67559,21.78075],[102.67674,21.7796],[102.67742,21.77953],[102.67834,21.7784],[102.67838,21.77783],[102.67954,21.77645],[102.68052,21.77591],[102.682,21.77415],[102.68444,21.77319],[102.68594,21.7729],[102.68675,21.7723],[102.68741,21.77246],[102.68833,21.77185],[102.68943,21.77159],[102.69012,21.77072],[102.69238,21.7702],[102.69352,21.76955],[102.69618,21.76944],[102.69731,21.76958],[102.7008,21.76863],[102.70593,21.77024],[102.70924,21.77094],[102.71173,21.77064],[102.71261,21.77036],[102.71372,21.77053],[102.71455,21.77168],[102.71597,21.77233],[102.71679,21.77325],[102.72197,21.77229],[102.72346,21.77112],[102.72533,21.77066],[102.72633,21.7697],[102.72824,21.76884],[102.72949,21.76899],[102.73107,21.76877],[102.73297,21.7725],[102.73456,21.77402],[102.73543,21.77428],[102.73768,21.77627],[102.73809,21.77587],[102.7401,21.77502],[102.74147,21.77352],[102.74181,21.77242],[102.74295,21.77258],[102.74419,21.77232],[102.7452,21.77104],[102.74665,21.7711],[102.74765,21.77154],[102.74842,21.77261],[102.74944,21.77304],[102.74966,21.77516],[102.75039,21.77582],[102.74908,21.77665],[102.74888,21.77761],[102.74816,21.77804],[102.74969,21.7789],[102.75039,21.77956],[102.75126,21.77886],[102.75287,21.77983],[102.754,21.78012],[102.7541,21.77942],[102.75501,21.77916],[102.75479,21.78048],[102.75581,21.78096],[102.75631,21.77937],[102.75859,21.77854],[102.76103,21.77816],[102.76392,21.77675],[102.76423,21.77416],[102.76405,21.77326],[102.76452,21.7721],[102.76451,21.76862],[102.7647,21.76688],[102.76417,21.766],[102.76392,21.76453],[102.76306,21.76328],[102.76321,21.76176],[102.76295,21.76068],[102.76338,21.75891],[102.76521,21.7584],[102.76549,21.75739],[102.76768,21.75715],[102.76874,21.75679],[102.77014,21.75748],[102.77072,21.75582],[102.77178,21.7555],[102.77301,21.75473],[102.77485,21.75408],[102.77509,21.75284],[102.77485,21.75069],[102.77656,21.74961],[102.78129,21.74845],[102.78325,21.74835],[102.78615,21.74717],[102.7863,21.74594],[102.78528,21.74506],[102.78518,21.74414],[102.78569,21.74324],[102.78569,21.74054],[102.78679,21.73896],[102.78612,21.73401],[102.78689,21.73198],[102.78494,21.7306],[102.78417,21.73056],[102.78269,21.72962],[102.78127,21.72942],[102.78028,21.72889],[102.78059,21.72738],[102.78117,21.72611],[102.78103,21.72473],[102.77929,21.72242],[102.77915,21.72089],[102.77859,21.71847],[102.77874,21.71777],[102.7781,21.71725],[102.7785,21.71648],[102.77796,21.71561],[102.7782,21.71475],[102.78085,21.71385],[102.78155,21.71252],[102.7814,21.71166],[102.7838,21.70971],[102.78518,21.70975],[102.78677,21.70904],[102.78793,21.70742],[102.78867,21.70682],[102.79064,21.70656],[102.79139,21.70691],[102.79429,21.70677],[102.79629,21.70645],[102.79706,21.70707],[102.79915,21.70774],[102.80071,21.71029],[102.80166,21.71139],[102.80154,21.71282],[102.80276,21.71439],[102.8035,21.71488],[102.80361,21.71696],[102.8087,21.71696],[102.8093,21.71886],[102.80999,21.71924],[102.81142,21.71926],[102.81074,21.72046],[102.81068,21.72164],[102.80999,21.72369],[102.80923,21.72453],[102.80969,21.72534],[102.81111,21.72641],[102.81379,21.72743],[102.81372,21.72894],[102.8141,21.73076],[102.81479,21.73184],[102.81608,21.73235],[102.81736,21.73229],[102.81992,21.73094],[102.82228,21.73248],[102.82305,21.73356],[102.8248,21.7346],[102.82692,21.7356],[102.82498,21.73934],[102.82402,21.74187],[102.82412,21.74401],[102.82351,21.74575],[102.8244,21.74657],[102.82445,21.74811],[102.8239,21.74869],[102.82379,21.75017],[102.82415,21.75139],[102.82195,21.75478],[102.8211,21.7576],[102.82061,21.7606],[102.82014,21.76215],[102.82014,21.76416],[102.8206,21.76717],[102.82025,21.77048],[102.82031,21.77173],[102.82002,21.77318],[102.82059,21.77498],[102.8207,21.77764],[102.81949,21.77939],[102.81818,21.7804],[102.81767,21.78181],[102.81656,21.78321],[102.81649,21.78443],[102.81563,21.78699],[102.81583,21.78859],[102.8149,21.79071],[102.81503,21.79115],[102.81683,21.7923],[102.81732,21.79296],[102.81939,21.79411],[102.81959,21.79592],[102.82001,21.79665],[102.82015,21.79816],[102.81973,21.80031],[102.81906,21.80169],[102.81858,21.80488],[102.81876,21.80639],[102.81823,21.8069],[102.81788,21.80841],[102.816,21.8112],[102.81537,21.81362],[102.81508,21.81406],[102.81335,21.81485],[102.8123,21.81635],[102.81214,21.81703],[102.81038,21.81943],[102.8112,21.82177],[102.81042,21.82481],[102.81204,21.82685],[102.81292,21.82721],[102.81348,21.82934],[102.81381,21.82968],[102.81716,21.83155],[102.818,21.83352],[102.81833,21.83541],[102.81805,21.83688],[102.81677,21.83745],[102.81716,21.83978]]]},"properties":{"a01_tinh":"diaphanhanhchinhcaptinh_sn.109","a02_xa":"diaphanhanhchinhcapxa_2025.2236","a03_ten":"Xã Nà Hỳ","a04_tentinh":"Tỉnh Điện Biên","a05_truocsn":"Xã Nà Khoa, Xã Nậm Nhừ, Xã Nậm Chua, Xã Nà Hỳ","a06_trungtamhc":"Trụ sở Huyện ủy, HĐND và UBND huyện Nậm Pồ","a07_dt":"275.64","a08_ds":"1671","a09_dthoai":null,"a10_web":null,"ten":"Xã Nà Hỳ","ma":"03169","tentinh":"Tỉnh Điện Biên","truocsapnhap":"Xã Nà Khoa, Xã Nậm Nhừ, Xã Nậm Chua, Xã Nà Hỳ","dientichkm2":null,"dansonguoi":null},"id":"diaphanhanhchinhcapxa_2025.2236"},
{"type":"Feature","geometry":{"type":"Polygon","coordinates":[[[103.16384,21.8706],[103.15976,21.87097],[103.1594,21.87154],[103.15574,21.87184],[103.15332,21.87159],[103.14906,21.87222],[103.14218,21.86524],[103.14228,21.8604],[103.13427,21.85709],[103.13153,21.85408],[103.13146,21.85207],[103.12991,21.85053],[103.12941,21.84973],[103.12689,21.84987],[103.12437,21.85052],[103.12106,21.85195],[103.1191,21.85323],[103.1159,21.85465],[103.11436,21.85588],[103.11337,21.85607],[103.11064,21.85618],[103.10824,21.85723],[103.10625,21.85645],[103.10536,21.85585],[103.10406,21.8539],[103.1035,21.85353],[103.10075,21.85301],[103.09868,21.85348],[103.09604,21.85374],[103.09514,21.85259],[103.09408,21.85179],[103.09379,21.85104],[103.09181,21.84979],[103.09152,21.84878],[103.08959,21.84975],[103.08794,21.85018],[103.08471,21.85051],[103.08348,21.84973],[103.0822,21.85003],[103.08085,21.84967],[103.07902,21.85105],[103.07695,21.85375],[103.07496,21.85531],[103.07456,21.85598],[103.07468,21.85812],[103.07538,21.85953],[103.0755,21.86098],[103.07334,21.86132],[103.07068,21.86043],[103.06991,21.86056],[103.068,21.86239],[103.0655,21.86269],[103.06397,21.86303],[103.06426,21.86419],[103.06436,21.86603],[103.06386,21.86842],[103.0626,21.86811],[103.06149,21.86823],[103.06079,21.87051],[103.06081,21.87149],[103.0601,21.87339],[103.06026,21.87443],[103.0597,21.87617],[103.06018,21.87762],[103.06006,21.87833],[103.05837,21.87968],[103.05734,21.87982],[103.05598,21.87908],[103.05524,21.87933],[103.05395,21.87908],[103.0526,21.87918],[103.04963,21.87842],[103.04662,21.87965],[103.04441,21.88202],[103.04258,21.88227],[103.04207,21.88311],[103.04089,21.88339],[103.04035,21.88295],[103.03934,21.88301],[103.03716,21.8821],[103.03672,21.88127],[103.03571,21.88123],[103.03466,21.88072],[103.03468,21.87954],[103.03366,21.87832],[103.02976,21.8778],[103.02929,21.87955],[103.02596,21.88237],[103.02361,21.88367],[103.02347,21.8845],[103.02256,21.88615],[103.0222,21.88819],[103.02149,21.88858],[103.02098,21.88957],[103.01996,21.89001],[103.02015,21.89121],[103.01951,21.89208],[103.01988,21.89262],[103.01874,21.8942],[103.018,21.8943],[103.01796,21.89523],[103.0173,21.89594],[103.01607,21.89576],[103.01526,21.89509],[103.01506,21.89435],[103.01304,21.8933],[103.01178,21.89339],[103.012,21.89217],[103.01027,21.89126],[103.00929,21.89173],[103.00815,21.89127],[103.00787,21.89055],[103.00685,21.89014],[103.00615,21.88825],[103.00498,21.88912],[103.00411,21.8889],[103.00447,21.88777],[103.00321,21.88737],[103.0021,21.88655],[103.00293,21.88523],[103.00206,21.8835],[103.00067,21.88287],[103.0014,21.88211],[103.0012,21.88],[103.00042,21.87971],[102.99691,21.8795],[102.996,21.879],[102.99645,21.87761],[102.99715,21.87722],[102.99855,21.8756],[102.99842,21.87382],[102.99894,21.87238],[102.99898,21.87068],[102.99941,21.86958],[102.99874,21.86779],[102.99877,21.86678],[102.99924,21.86579],[103.00017,21.8624],[103.00068,21.86146],[103.00063,21.86062],[102.99983,21.85934],[102.9995,21.85812],[102.99964,21.85635],[102.99951,21.85461],[102.99994,21.85338],[102.99947,21.85176],[102.99934,21.85038],[102.99844,21.84835],[102.99689,21.84744],[102.99632,21.8474],[102.99576,21.84644],[102.99646,21.84494],[102.99662,21.84392],[102.99752,21.843],[102.99702,21.84223],[102.99592,21.84189],[102.99551,21.83953],[102.99611,21.83883],[102.99601,21.83794],[102.99509,21.83658],[102.99452,21.83503],[102.99447,21.83316],[102.99312,21.83196],[102.99172,21.83119],[102.99185,21.83045],[102.98941,21.82851],[102.9892,21.82764],[102.99013,21.82729],[102.98957,21.82538],[102.98876,21.82442],[102.98796,21.82269],[102.98735,21.82195],[102.98568,21.81926],[102.9858,21.81796],[102.98886,21.81634],[102.98869,21.81484],[102.99109,21.81432],[102.99115,21.81307],[102.98904,21.81269],[102.98725,21.81128],[102.98587,21.81071],[102.98539,21.80984],[102.98542,21.80851],[102.98506,21.80766],[102.98492,21.80617],[102.98443,21.80511],[102.98426,21.8026],[102.98474,21.80096],[102.98358,21.79808],[102.98304,21.79562],[102.98139,21.7935],[102.98072,21.79219],[102.97961,21.78905],[102.9788,21.78716],[102.9809,21.78563],[102.98236,21.78482],[102.98329,21.78337],[102.98206,21.7823],[102.98106,21.77956],[102.98154,21.77866],[102.98294,21.77874],[102.98322,21.77757],[102.98201,21.77688],[102.983,21.77579],[102.98134,21.77509],[102.98143,21.77386],[102.9806,21.77244],[102.97923,21.77092],[102.97994,21.7703],[102.97925,21.76939],[102.97915,21.76836],[102.97832,21.7674],[102.97834,21.76607],[102.97766,21.76531],[102.97836,21.76459],[102.97793,21.76374],[102.98018,21.76282],[102.98317,21.76216],[102.98437,21.76124],[102.98517,21.76018],[102.98561,21.75706],[102.98446,21.75604],[102.9832,21.75591],[102.98174,21.75506],[102.98098,21.75316],[102.97989,21.75121],[102.97955,21.74878],[102.97854,21.74807],[102.97757,21.74666],[102.97465,21.74493],[102.97421,21.74273],[102.9729,21.74137],[102.97321,21.74015],[102.97266,21.73758],[102.97309,21.73649],[102.97423,21.73615],[102.97624,21.73515],[102.97752,21.7348],[102.97724,21.73403],[102.97754,21.7329],[102.97896,21.73184],[102.98026,21.7298],[102.9812,21.72929],[102.9823,21.72917],[102.98379,21.72814],[102.98431,21.72677],[102.98387,21.72569],[102.98504,21.72456],[102.98529,21.72352],[102.98499,21.72237],[102.98749,21.72106],[102.98838,21.72037],[102.98795,21.71914],[102.98909,21.71704],[102.98892,21.71552],[102.9882,21.71487],[102.9883,21.71393],[102.98979,21.71148],[102.98865,21.7084],[102.98914,21.70621],[102.9881,21.70505],[102.98788,21.70384],[102.98716,21.70294],[102.98609,21.70228],[102.98391,21.70226],[102.98202,21.70059],[102.98138,21.70066],[102.98082,21.69904],[102.97997,21.6979],[102.97884,21.69745],[102.97841,21.69662],[102.97846,21.69488],[102.98014,21.69168],[102.97974,21.69022],[102.98033,21.68911],[102.98227,21.68839],[102.98481,21.68877],[102.98552,21.68845],[102.98661,21.6872],[102.9871,21.68608],[102.98854,21.68507],[102.98995,21.68448],[102.98981,21.68139],[102.98865,21.67851],[102.98873,21.67736],[102.9876,21.67528],[102.98777,21.67456],[102.98681,21.67334],[102.98679,21.67158],[102.98716,21.67063],[102.9863,21.66973],[102.98624,21.66863],[102.98545,21.66788],[102.98565,21.66651],[102.98527,21.66524],[102.98536,21.66406],[102.98646,21.66204],[102.98668,21.66117],[102.98513,21.65848],[102.98389,21.65788],[102.98252,21.65762],[102.98099,21.65809],[102.98006,21.65765],[102.98016,21.65696],[102.98065,21.65745],[102.98278,21.65689],[102.98479,21.65561],[102.98532,21.65604],[102.98618,21.65768],[102.98739,21.65805],[102.98814,21.65902],[102.98943,21.66012],[102.9893,21.66177],[102.98826,21.66254],[102.98774,21.66335],[102.98981,21.66377],[102.99107,21.66488],[102.99267,21.66588],[102.99496,21.66662],[102.99672,21.66626],[102.99827,21.66722],[102.99968,21.66737],[102.99964,21.66818],[102.9983,21.6691],[102.99558,21.66977],[102.99548,21.67048],[102.99671,21.67193],[102.99828,21.67249],[102.99999,21.67205],[103.00102,21.67233],[103.00163,21.67346],[103.00085,21.67375],[102.99974,21.67351],[102.9988,21.67409],[102.99895,21.67557],[103.00073,21.67715],[102.99997,21.67811],[102.99983,21.67884],[103.00086,21.68004],[103.00086,21.68113],[102.99955,21.68134],[102.99909,21.68229],[103.00021,21.68303],[103.00007,21.68367],[103.00107,21.68406],[103.00294,21.68288],[103.00392,21.68298],[103.00509,21.68162],[103.00616,21.6812],[103.00672,21.68056],[103.00803,21.67985],[103.01134,21.67878],[103.01335,21.67917],[103.01554,21.67892],[103.01787,21.67931],[103.02164,21.67861],[103.02253,21.67878],[103.0237,21.67968],[103.02475,21.68008],[103.02572,21.68101],[103.02771,21.68124],[103.02943,21.6831],[103.03183,21.68687],[103.03251,21.68855],[103.03353,21.68999],[103.03664,21.68993],[103.0375,21.68975],[103.04003,21.68982],[103.04116,21.68936],[103.04231,21.68934],[103.04301,21.6887],[103.04421,21.68856],[103.04531,21.68807],[103.04612,21.68725],[103.04922,21.68733],[103.05068,21.68653],[103.05188,21.68661],[103.0531,21.68611],[103.05515,21.68689],[103.05598,21.68645],[103.05697,21.68543],[103.05766,21.68582],[103.05944,21.68549],[103.06161,21.68594],[103.06231,21.68514],[103.06244,21.68331],[103.06328,21.68233],[103.06514,21.68273],[103.06779,21.6836],[103.06887,21.68435],[103.07015,21.68311],[103.07205,21.68267],[103.07283,21.68309],[103.0735,21.68104],[103.07454,21.6811],[103.0754,21.682],[103.07816,21.68336],[103.07935,21.68445],[103.08012,21.68447],[103.08212,21.68608],[103.08377,21.688],[103.08514,21.68741],[103.08515,21.68471],[103.08559,21.68324],[103.08473,21.68192],[103.08416,21.68043],[103.0845,21.6786],[103.08407,21.67702],[103.08407,21.67563],[103.08376,21.67418],[103.08386,21.67251],[103.08428,21.67144],[103.08541,21.67011],[103.08842,21.67003],[103.08967,21.67059],[103.09456,21.67146],[103.09759,21.67384],[103.09882,21.67383],[103.09996,21.67328],[103.10118,21.67336],[103.10219,21.67299],[103.10223,21.67201],[103.10143,21.67147],[103.10155,21.67077],[103.10306,21.66937],[103.10638,21.66884],[103.11055,21.66885],[103.11236,21.66849],[103.11469,21.66909],[103.11801,21.66907],[103.12058,21.66856],[103.12219,21.6679],[103.12331,21.667],[103.12408,21.66757],[103.12572,21.66978],[103.12686,21.67055],[103.12796,21.67172],[103.13054,21.67398],[103.13141,21.67562],[103.13326,21.67762],[103.13575,21.67815],[103.13644,21.67804],[103.13798,21.67643],[103.13997,21.67642],[103.14393,21.67595],[103.14592,21.67622],[103.14966,21.67618],[103.15163,21.67643],[103.15336,21.67778],[103.15224,21.67832],[103.15032,21.67886],[103.14982,21.68152],[103.14941,21.68212],[103.14972,21.68299],[103.1513,21.68427],[103.15283,21.68673],[103.15408,21.68706],[103.15538,21.68775],[103.15776,21.68955],[103.15836,21.68974],[103.16003,21.69227],[103.16072,21.69287],[103.16079,21.6936],[103.16256,21.69495],[103.16266,21.69607],[103.16354,21.69733],[103.16376,21.69881],[103.16437,21.69978],[103.16288,21.70067],[103.16228,21.70153],[103.16259,21.70255],[103.16363,21.70426],[103.1635,21.70583],[103.16222,21.70745],[103.16275,21.70842],[103.164,21.70899],[103.16356,21.71059],[103.16467,21.71101],[103.16524,21.71165],[103.16489,21.71263],[103.16547,21.71413],[103.16671,21.71487],[103.16643,21.71548],[103.1649,21.71635],[103.16409,21.71737],[103.16235,21.71742],[103.15923,21.71632],[103.15661,21.71565],[103.15457,21.71616],[103.15289,21.71625],[103.15203,21.71574],[103.15119,21.71578],[103.14916,21.71661],[103.14745,21.71647],[103.14437,21.7167],[103.14536,21.72214],[103.14375,21.72285],[103.14391,21.72394],[103.14246,21.72543],[103.14153,21.72772],[103.14032,21.72874],[103.13831,21.72962],[103.13738,21.73071],[103.13656,21.73114],[103.13477,21.73158],[103.13279,21.73373],[103.13238,21.73557],[103.13144,21.73629],[103.13082,21.73839],[103.12991,21.73995],[103.13008,21.74124],[103.12952,21.74203],[103.12985,21.74311],[103.12997,21.74514],[103.12883,21.74554],[103.12586,21.74605],[103.12462,21.74776],[103.12459,21.74834],[103.12627,21.7524],[103.12824,21.75318],[103.12739,21.75389],[103.12728,21.75486],[103.12785,21.7558],[103.12685,21.7565],[103.12816,21.75766],[103.12652,21.75855],[103.12623,21.76074],[103.12574,21.76154],[103.12619,21.76236],[103.12666,21.76417],[103.12683,21.76575],[103.12729,21.76692],[103.12592,21.76823],[103.12532,21.76922],[103.12485,21.77091],[103.12536,21.77149],[103.12806,21.7725],[103.12965,21.77257],[103.13176,21.77306],[103.13515,21.77439],[103.13748,21.77469],[103.13901,21.77461],[103.14068,21.77501],[103.14019,21.77713],[103.14045,21.77927],[103.14113,21.78026],[103.1401,21.78177],[103.14013,21.7842],[103.14084,21.78525],[103.14049,21.78746],[103.14095,21.78856],[103.14127,21.79262],[103.14228,21.79455],[103.14338,21.79525],[103.14411,21.79741],[103.14529,21.79834],[103.14612,21.79948],[103.14641,21.8008],[103.14719,21.80144],[103.14876,21.80364],[103.15019,21.80433],[103.15039,21.80646],[103.15139,21.80834],[103.15138,21.81018],[103.15317,21.81144],[103.15635,21.81307],[103.15627,21.81434],[103.15779,21.81696],[103.15849,21.81757],[103.15938,21.81674],[103.16209,21.81665],[103.16257,21.81634],[103.16584,21.81711],[103.16625,21.81944],[103.16713,21.82063],[103.16891,21.82068],[103.16935,21.82132],[103.17066,21.82166],[103.17144,21.82275],[103.17287,21.82314],[103.17477,21.82463],[103.17627,21.82557],[103.17677,21.82696],[103.176,21.82869],[103.17616,21.83048],[103.17659,21.83192],[103.17741,21.83342],[103.17815,21.83423],[103.17898,21.83861],[103.17824,21.84064],[103.17862,21.84221],[103.17791,21.84322],[103.17712,21.84628],[103.17694,21.84795],[103.17597,21.84946],[103.17473,21.85058],[103.17449,21.85234],[103.17398,21.85307],[103.17197,21.85318],[103.16985,21.85364],[103.16952,21.85402],[103.16897,21.85832],[103.16806,21.85919],[103.1678,21.86072],[103.16807,21.86221],[103.16537,21.86354],[103.16464,21.86421],[103.1647,21.86616],[103.16396,21.86844],[103.16384,21.8706]]]},"properties":{"a01_tinh":"diaphanhanhchinhcaptinh_sn.109","a02_xa":"diaphanhanhchinhcapxa_2025.2238","a03_ten":"Xã Na Sang","a04_tentinh":"Tỉnh Điện Biên","a05_truocsn":"Thị trấn Mường Chà, Xã Ma Thì Hồ, Xã Sa Lông, Xã Na Sang","a06_trungtamhc":"Trụ sở Huyện ủy, HĐND và UBND huyện Mường Chà","a07_dt":"360.15","a08_ds":"19598","a09_dthoai":null,"a10_web":null,"ten":"Xã Na Sang","ma":"03172","tentinh":"Tỉnh Điện Biên","truocsapnhap":"Thị trấn Mường Chà, Xã Ma Thì Hồ, Xã Sa Lông, Xã Na Sang","dientichkm2":null,"dansonguoi":null},"id":"diaphanhanhchinhcapxa_2025.2238"},
{"type":"Feature","geometry":{"type":"Polygon","coordinates":[[[103.11046,21.24857],[103.10523,21.24617],[103.10126,21.24223],[103.09583,21.23586],[103.09499,21.22372],[103.09434,21.21998],[103.09513,21.21635],[103.09596,21.2147],[103.09598,21.21376],[103.09676,21.21256],[103.09706,21.2109],[103.09822,21.20956],[103.09956,21.20717],[103.10005,21.20577],[103.09984,21.20502],[103.10024,21.20327],[103.10099,21.20306],[103.10158,21.20154],[103.10135,21.20016],[103.10265,21.19856],[103.10299,21.1976],[103.10427,21.19571],[103.10576,21.1948],[103.10686,21.19461],[103.11165,21.19456],[103.11782,21.17395],[103.11935,21.17169],[103.12061,21.17069],[103.12194,21.16814],[103.12205,21.16753],[103.12272,21.1679],[103.12514,21.16672],[103.1266,21.16672],[103.12847,21.16632],[103.12991,21.16654],[103.1315,21.16594],[103.13443,21.16526],[103.13609,21.16515],[103.13649,21.16552],[103.13837,21.1662],[103.14002,21.16732],[103.14189,21.16735],[103.14261,21.16786],[103.14433,21.16845],[103.14562,21.16973],[103.14666,21.17125],[103.14778,21.17179],[103.1488,21.17435],[103.15149,21.17541],[103.15378,21.17549],[103.15487,21.17602],[103.15781,21.17583],[103.15944,21.17652],[103.16116,21.17544],[103.16175,21.17531],[103.20207,21.20168],[103.20793,21.20968],[103.21569,21.21136],[103.21889,21.21679],[103.2193,21.21804],[103.22063,21.21852],[103.22062,21.21976],[103.22162,21.22029],[103.22246,21.22122],[103.22444,21.22026],[103.22573,21.22028],[103.22669,21.22089],[103.22647,21.22235],[103.22802,21.2234],[103.2285,21.22436],[103.22941,21.22451],[103.23143,21.22564],[103.23221,21.22698],[103.23224,21.22815],[103.23075,21.22789],[103.23008,21.22937],[103.22996,21.23045],[103.23061,21.23188],[103.23232,21.23323],[103.23393,21.23407],[103.2334,21.23549],[103.23375,21.23674],[103.23466,21.23735],[103.23391,21.23946],[103.23431,21.24054],[103.23503,21.24098],[103.2356,21.2424],[103.23654,21.24204],[103.23821,21.24065],[103.23782,21.23982],[103.2388,21.23961],[103.23982,21.2399],[103.24151,21.24183],[103.24217,21.24312],[103.24222,21.24402],[103.24154,21.24472],[103.23967,21.245],[103.23899,21.24565],[103.23908,21.24658],[103.23989,21.24741],[103.24158,21.24634],[103.24257,21.24683],[103.2431,21.24794],[103.24306,21.24962],[103.24341,21.25021],[103.24582,21.25223],[103.24767,21.25272],[103.24968,21.25381],[103.25155,21.25311],[103.25277,21.25525],[103.25356,21.25398],[103.2549,21.25324],[103.25678,21.2533],[103.25781,21.25499],[103.25877,21.25562],[103.25909,21.25688],[103.25833,21.25761],[103.25884,21.2587],[103.26035,21.25894],[103.2617,21.25882],[103.26202,21.2597],[103.26064,21.26024],[103.25976,21.26137],[103.26098,21.26242],[103.26205,21.26272],[103.26297,21.26444],[103.26278,21.26584],[103.26208,21.26657],[103.26073,21.26702],[103.26052,21.26771],[103.26163,21.26917],[103.26158,21.27022],[103.26072,21.27202],[103.26072,21.27372],[103.25895,21.27487],[103.25947,21.27738],[103.25927,21.27824],[103.25708,21.27734],[103.25611,21.27738],[103.25601,21.27852],[103.25711,21.2791],[103.25711,21.27977],[103.25474,21.28061],[103.25284,21.28249],[103.25262,21.28339],[103.25356,21.28411],[103.25582,21.28486],[103.25515,21.2858],[103.25367,21.28638],[103.2527,21.2875],[103.25348,21.28902],[103.25357,21.29035],[103.25417,21.29097],[103.25756,21.29214],[103.25751,21.29315],[103.25549,21.2939],[103.25488,21.295],[103.25392,21.29483],[103.25365,21.29371],[103.25217,21.29366],[103.2512,21.29425],[103.25278,21.29669],[103.25105,21.29798],[103.25083,21.29885],[103.25143,21.30008],[103.2524,21.30025],[103.25313,21.30203],[103.25305,21.3031],[103.254,21.30433],[103.25517,21.30507],[103.25576,21.3061],[103.25601,21.30765],[103.25798,21.30946],[103.25923,21.313],[103.2592,21.31416],[103.25953,21.31792],[103.25739,21.31799],[103.25708,21.319],[103.258,21.32021],[103.25667,21.32174],[103.25661,21.32293],[103.25696,21.32501],[103.25758,21.32532],[103.25762,21.32621],[103.25901,21.32701],[103.25891,21.32775],[103.2604,21.32914],[103.26094,21.33014],[103.26217,21.33133],[103.26237,21.33216],[103.26427,21.33314],[103.26455,21.33388],[103.26536,21.33445],[103.26644,21.33661],[103.26664,21.33763],[103.26747,21.33906],[103.26559,21.3387],[103.26493,21.3378],[103.26332,21.33667],[103.26245,21.33512],[103.26011,21.3335],[103.25855,21.33436],[103.25734,21.33441],[103.25619,21.33489],[103.25244,21.33525],[103.25035,21.33655],[103.24852,21.33724],[103.2482,21.33827],[103.24912,21.34146],[103.24995,21.34259],[103.24994,21.34353],[103.25072,21.34422],[103.25025,21.34526],[103.25178,21.34513],[103.25229,21.34633],[103.2481,21.35174],[103.24783,21.35385],[103.24906,21.35587],[103.25034,21.35674],[103.25091,21.35781],[103.25221,21.35835],[103.25361,21.36006],[103.2537,21.36115],[103.2527,21.3634],[103.25258,21.36637],[103.25098,21.3681],[103.25088,21.36922],[103.24997,21.3708],[103.24838,21.372],[103.24805,21.3732],[103.24704,21.37381],[103.24884,21.37474],[103.24923,21.37873],[103.24947,21.37968],[103.25022,21.38065],[103.25103,21.38234],[103.25252,21.38314],[103.25231,21.38405],[103.2516,21.3847],[103.25027,21.38518],[103.25013,21.38638],[103.25029,21.38824],[103.24975,21.39074],[103.25004,21.39168],[103.24951,21.39279],[103.25257,21.40082],[103.25407,21.40251],[103.25538,21.40362],[103.25461,21.40597],[103.25354,21.41054],[103.25061,21.41401],[103.25001,21.4152],[103.24929,21.41587],[103.24889,21.41689],[103.24938,21.41834],[103.24965,21.42033],[103.25017,21.42145],[103.25082,21.42492],[103.24886,21.42674],[103.24634,21.42791],[103.24503,21.42793],[103.24227,21.42882],[103.24103,21.42964],[103.24048,21.42834],[103.23958,21.4273],[103.23831,21.42679],[103.23856,21.42601],[103.23764,21.42437],[103.23596,21.42425],[103.22941,21.41716],[103.22851,21.41689],[103.22679,21.41484],[103.22601,21.41235],[103.22441,21.41082],[103.22367,21.40972],[103.22349,21.40813],[103.22304,21.40688],[103.22311,21.40617],[103.22383,21.40576],[103.22359,21.40499],[103.22404,21.40443],[103.22308,21.40342],[103.22158,21.4039],[103.21921,21.40314],[103.21921,21.40223],[103.21846,21.40129],[103.21769,21.40113],[103.21695,21.39972],[103.21735,21.39912],[103.21734,21.39804],[103.21609,21.39716],[103.21617,21.39589],[103.2138,21.39438],[103.21384,21.39197],[103.20833,21.37871],[103.20969,21.37712],[103.21064,21.37668],[103.2128,21.37479],[103.21297,21.37305],[103.21209,21.37266],[103.20965,21.37096],[103.20702,21.37007],[103.20587,21.3688],[103.20588,21.36698],[103.20506,21.36613],[103.20437,21.366],[103.20354,21.36457],[103.20428,21.36397],[103.2046,21.36309],[103.20456,21.36178],[103.204,21.36158],[103.20227,21.36005],[103.20056,21.3581],[103.20089,21.35632],[103.20048,21.35517],[103.19985,21.35454],[103.19783,21.35033],[103.19647,21.34885],[103.19628,21.34793],[103.19541,21.34715],[103.19537,21.34609],[103.1957,21.34447],[103.19381,21.34322],[103.19436,21.34245],[103.19365,21.34188],[103.19387,21.34111],[103.1929,21.34084],[103.19172,21.33936],[103.19211,21.33775],[103.19134,21.33714],[103.19156,21.33614],[103.19137,21.33418],[103.18892,21.33232],[103.18855,21.33057],[103.18818,21.33024],[103.18828,21.32884],[103.18756,21.32722],[103.18695,21.32433],[103.18632,21.3233],[103.186,21.32205],[103.18606,21.32048],[103.18535,21.32008],[103.17741,21.30953],[103.1767,21.30706],[103.17693,21.30536],[103.17611,21.30342],[103.17652,21.30213],[103.17793,21.30042],[103.17708,21.2984],[103.17668,21.29673],[103.17525,21.29525],[103.17485,21.29317],[103.17496,21.29188],[103.17441,21.29104],[103.17247,21.28973],[103.17087,21.28832],[103.16886,21.28778],[103.1675,21.28774],[103.16669,21.28642],[103.16623,21.28471],[103.16447,21.284],[103.16411,21.28315],[103.16342,21.28277],[103.16052,21.28295],[103.15681,21.28105],[103.15632,21.28045],[103.15434,21.2794],[103.15334,21.27848],[103.15189,21.27762],[103.15109,21.27658],[103.15018,21.27617],[103.1507,21.27481],[103.14968,21.27372],[103.1491,21.27255],[103.14809,21.27199],[103.14672,21.2698],[103.14557,21.26847],[103.14461,21.2678],[103.14345,21.26743],[103.14128,21.2656],[103.1405,21.26451],[103.13965,21.26274],[103.13819,21.26061],[103.13771,21.25938],[103.13632,21.2587],[103.13184,21.25802],[103.12979,21.25683],[103.12665,21.25385],[103.12584,21.25414],[103.1244,21.25555],[103.12404,21.25631],[103.12304,21.25666],[103.12182,21.25854],[103.12177,21.25853],[103.11592,21.25263],[103.11046,21.24857]]]},"properties":{"a01_tinh":"diaphanhanhchinhcaptinh_sn.109","a02_xa":"diaphanhanhchinhcapxa_2025.2245","a03_ten":"Xã Na Son","a04_tentinh":"Tỉnh Điện Biên","a05_truocsn":"Thị trấn Điện Biên Đông, Xã Keo Lôm, Xã Na Son","a06_trungtamhc":"Trụ sở Huyện ủy, HĐND và UBND huyện Điện Biên Đông","a07_dt":"230.71","a08_ds":"15331","a09_dthoai":null,"a10_web":null,"ten":"Xã Na Son","ma":"03203","tentinh":"Tỉnh Điện Biên","truocsapnhap":"Thị trấn Điện Biên Đông, Xã Keo Lôm, Xã Na Son","dientichkm2":null,"dansonguoi":null},"id":"diaphanhanhchinhcapxa_2025.2245"},
{"type":"Feature","geometry":{"type":"Polygon","coordinates":[[[103.2453,21.61808],[103.24363,21.6186],[103.24204,21.61965],[103.24145,21.62088],[103.24134,21.62193],[103.23872,21.62098],[103.23678,21.62067],[103.23506,21.62121],[103.23209,21.62077],[103.23078,21.62169],[103.22955,21.622],[103.22791,21.62371],[103.22737,21.62376],[103.22454,21.62258],[103.22343,21.62367],[103.22284,21.62467],[103.22151,21.6245],[103.21739,21.62444],[103.21581,21.62529],[103.21453,21.62632],[103.21364,21.62774],[103.21264,21.62841],[103.21248,21.62933],[103.21104,21.63213],[103.21083,21.63451],[103.20853,21.63377],[103.20776,21.63416],[103.20748,21.63267],[103.2071,21.63238],[103.20543,21.63369],[103.20488,21.63228],[103.20424,21.63247],[103.20181,21.63243],[103.20079,21.63315],[103.19912,21.63277],[103.19832,21.63233],[103.19701,21.63495],[103.19643,21.63666],[103.19643,21.63809],[103.19515,21.63993],[103.19429,21.64469],[103.19173,21.64457],[103.19071,21.64501],[103.18768,21.64543],[103.18689,21.64503],[103.18529,21.64364],[103.18432,21.64245],[103.18225,21.64131],[103.18151,21.64069],[103.17923,21.64073],[103.17594,21.63918],[103.17546,21.63854],[103.17367,21.63797],[103.17222,21.63837],[103.17092,21.63934],[103.16974,21.63959],[103.16894,21.63917],[103.16442,21.63924],[103.16351,21.63863],[103.16212,21.63866],[103.16087,21.63907],[103.15947,21.63992],[103.1583,21.64029],[103.1568,21.6404],[103.15427,21.63963],[103.15224,21.63977],[103.1514,21.64022],[103.14742,21.63827],[103.14581,21.63661],[103.14397,21.63561],[103.14344,21.63589],[103.14138,21.63506],[103.14075,21.63382],[103.13783,21.63017],[103.13522,21.62829],[103.13493,21.62656],[103.13418,21.62603],[103.13261,21.62553],[103.13131,21.62545],[103.12959,21.62452],[103.12838,21.62351],[103.12507,21.62366],[103.12354,21.62264],[103.1221,21.62122],[103.1183,21.61932],[103.11462,21.61825],[103.11391,21.61741],[103.1126,21.6168],[103.11022,21.61682],[103.10668,21.61535],[103.10579,21.61456],[103.10473,21.61298],[103.10367,21.61383],[103.09966,21.61394],[103.09496,21.61385],[103.09305,21.61398],[103.0924,21.61453],[103.09069,21.61453],[103.08957,21.61392],[103.08872,21.61269],[103.08803,21.61103],[103.0868,21.61081],[103.08475,21.60936],[103.08398,21.60799],[103.08359,21.60604],[103.08298,21.60504],[103.08239,21.60098],[103.07923,21.59739],[103.07901,21.59599],[103.07769,21.59486],[103.07729,21.59344],[103.07638,21.59202],[103.0756,21.59163],[103.07509,21.59074],[103.07355,21.59059],[103.07228,21.58999],[103.06973,21.58729],[103.06805,21.58716],[103.06637,21.58677],[103.06471,21.5861],[103.06248,21.58555],[103.06226,21.58447],[103.06096,21.58295],[103.06065,21.5816],[103.06138,21.5795],[103.06314,21.57685],[103.06139,21.57696],[103.06099,21.57448],[103.06253,21.57519],[103.06304,21.5743],[103.06236,21.57355],[103.06276,21.57237],[103.06267,21.57139],[103.06191,21.57065],[103.06154,21.56955],[103.06166,21.56823],[103.06216,21.56711],[103.06305,21.56618],[103.06479,21.56659],[103.06557,21.56454],[103.06548,21.56342],[103.06472,21.56309],[103.06505,21.56175],[103.066,21.56109],[103.06699,21.56158],[103.06833,21.56093],[103.07071,21.56014],[103.07185,21.56016],[103.07302,21.55921],[103.07411,21.55906],[103.07673,21.55912],[103.0776,21.55837],[103.0787,21.55619],[103.07913,21.55361],[103.082,21.55197],[103.08372,21.55039],[103.08533,21.54928],[103.08725,21.54863],[103.0877,21.54756],[103.08716,21.54648],[103.08818,21.54611],[103.08957,21.54519],[103.08941,21.54394],[103.08858,21.54251],[103.08855,21.54077],[103.08896,21.5392],[103.09004,21.53802],[103.09093,21.53594],[103.09253,21.53442],[103.09356,21.53262],[103.09371,21.53146],[103.09437,21.53044],[103.096,21.52961],[103.09674,21.52857],[103.09675,21.52749],[103.09753,21.52654],[103.09921,21.52617],[103.09887,21.52314],[103.09914,21.52208],[103.10123,21.52055],[103.1009,21.51837],[103.10131,21.51675],[103.10209,21.5169],[103.10351,21.51657],[103.10459,21.51593],[103.10464,21.51498],[103.10543,21.51334],[103.1083,21.51346],[103.10845,21.51277],[103.10742,21.51159],[103.10726,21.51005],[103.10973,21.51018],[103.11248,21.50865],[103.1115,21.50692],[103.11024,21.50321],[103.11151,21.50295],[103.11343,21.50396],[103.11463,21.50325],[103.11517,21.50219],[103.11463,21.49965],[103.11524,21.49831],[103.11551,21.497],[103.11689,21.4966],[103.1176,21.49517],[103.11871,21.49361],[103.11975,21.49179],[103.11995,21.48917],[103.1211,21.48878],[103.12181,21.48772],[103.12379,21.48731],[103.12517,21.48675],[103.1245,21.4858],[103.12535,21.48381],[103.12805,21.4837],[103.12884,21.48192],[103.1306,21.48157],[103.13168,21.48213],[103.13159,21.48066],[103.13258,21.47987],[103.13438,21.48081],[103.13487,21.4815],[103.13601,21.48165],[103.1368,21.48238],[103.13776,21.48235],[103.13859,21.48161],[103.14041,21.4818],[103.14156,21.48277],[103.14196,21.48512],[103.14372,21.48581],[103.14504,21.48506],[103.14535,21.48544],[103.14709,21.48614],[103.14861,21.48596],[103.14944,21.48679],[103.15048,21.48715],[103.15095,21.48784],[103.15096,21.48935],[103.15145,21.4905],[103.15368,21.49259],[103.15422,21.49166],[103.15488,21.49222],[103.15641,21.49155],[103.15673,21.49202],[103.15885,21.49182],[103.15958,21.49247],[103.16154,21.49251],[103.16427,21.49298],[103.16578,21.49309],[103.1671,21.49241],[103.16836,21.49217],[103.16974,21.49225],[103.17062,21.49276],[103.17018,21.49657],[103.16953,21.49776],[103.16937,21.49924],[103.16967,21.49968],[103.16769,21.5034],[103.16803,21.50479],[103.16741,21.50806],[103.16743,21.51006],[103.16787,21.51196],[103.16829,21.51257],[103.16803,21.51366],[103.16606,21.51578],[103.16463,21.51777],[103.16393,21.52057],[103.16473,21.52329],[103.16606,21.52444],[103.16769,21.52428],[103.16803,21.5255],[103.17063,21.5263],[103.17164,21.52719],[103.17322,21.52727],[103.1749,21.52769],[103.17799,21.52806],[103.1807,21.52887],[103.1862,21.53148],[103.18743,21.53145],[103.18941,21.53188],[103.19096,21.53318],[103.19267,21.53498],[103.19383,21.53674],[103.19514,21.53743],[103.19505,21.53883],[103.19642,21.54026],[103.19717,21.54168],[103.19957,21.54246],[103.19992,21.54324],[103.20114,21.54395],[103.2022,21.54385],[103.20298,21.5443],[103.20441,21.54697],[103.20556,21.54751],[103.20605,21.54887],[103.20668,21.54931],[103.20906,21.54953],[103.21147,21.54955],[103.21333,21.54867],[103.21438,21.54912],[103.21621,21.54943],[103.21763,21.55088],[103.21958,21.55147],[103.22123,21.55266],[103.22143,21.55373],[103.22094,21.55519],[103.22138,21.55577],[103.22239,21.55845],[103.2219,21.55887],[103.2219,21.56023],[103.22119,21.561],[103.22216,21.56168],[103.22518,21.56312],[103.22628,21.56438],[103.22831,21.5679],[103.22864,21.56966],[103.22909,21.57042],[103.22862,21.57223],[103.23017,21.57582],[103.23148,21.57661],[103.23182,21.57715],[103.23342,21.57801],[103.23467,21.57973],[103.23582,21.57989],[103.23689,21.58086],[103.23777,21.58241],[103.23924,21.58387],[103.2395,21.58468],[103.24115,21.58641],[103.24163,21.58827],[103.24301,21.58913],[103.24406,21.59082],[103.24643,21.59202],[103.24498,21.59283],[103.24562,21.59459],[103.24528,21.59509],[103.24519,21.59812],[103.24559,21.59934],[103.2472,21.59996],[103.24712,21.6012],[103.24651,21.60257],[103.24674,21.60364],[103.24795,21.60535],[103.24707,21.60819],[103.24725,21.61094],[103.24552,21.6145],[103.2448,21.61737],[103.2453,21.61808]]]},"properties":{"a01_tinh":"diaphanhanhchinhcaptinh_sn.109","a02_xa":"diaphanhanhchinhcapxa_2025.2259","a03_ten":"Xã Nà Tấu","a04_tentinh":"Tỉnh Điện Biên","a05_truocsn":"Xã Mường Đăng, Xã Ngối Cáy, Xã Nà Tấu","a06_trungtamhc":"Trụ sở Đảng ủy, HĐND và UBND xã Nà Tấu","a07_dt":"188.55","a08_ds":"14939","a09_dthoai":null,"a10_web":null,"ten":"Xã Nà Tấu","ma":"03316","tentinh":"Tỉnh Điện Biên","truocsapnhap":"Xã Mường Đăng, Xã Ngối Cáy, Xã Nà Tấu","dientichkm2":null,"dansonguoi":null},"id":"diaphanhanhchinhcapxa_2025.2259"},
{"type":"Feature","geometry":{"type":"Polygon","coordinates":[[[102.74808,22.12913],[102.74789,22.12736],[102.7475,22.12653],[102.74572,22.1248],[102.74453,22.12314],[102.74331,22.12057],[102.74262,22.11805],[102.74032,22.11497],[102.73947,22.11432],[102.73787,22.11392],[102.73525,22.11231],[102.73274,22.1121],[102.73206,22.1118],[102.7312,22.11061],[102.72958,22.10973],[102.72616,22.10905],[102.72411,22.10903],[102.72318,22.10985],[102.7215,22.10994],[102.72113,22.11023],[102.72084,22.11169],[102.7193,22.11216],[102.71807,22.11411],[102.71751,22.11649],[102.71642,22.1176],[102.71583,22.11888],[102.71515,22.11746],[102.71344,22.11603],[102.71281,22.11413],[102.71039,22.11422],[102.70771,22.114],[102.70483,22.11623],[102.70201,22.11738],[102.70044,22.11957],[102.69941,22.11933],[102.69757,22.11842],[102.69622,22.11657],[102.69295,22.1146],[102.69225,22.11376],[102.691,22.11337],[102.68828,22.11097],[102.6881,22.10992],[102.68747,22.1089],[102.68652,22.10844],[102.68509,22.1083],[102.68413,22.10785],[102.6835,22.10689],[102.68249,22.10649],[102.68156,22.10532],[102.68027,22.10535],[102.67892,22.10579],[102.67773,22.1071],[102.67672,22.10734],[102.67514,22.10919],[102.67364,22.11021],[102.67261,22.11394],[102.67218,22.11494],[102.67039,22.11597],[102.67049,22.11751],[102.6692,22.11929],[102.66779,22.12019],[102.66931,22.12265],[102.66666,22.12552],[102.66652,22.1274],[102.6667,22.12858],[102.66614,22.12947],[102.66425,22.12948],[102.6635,22.129],[102.66107,22.12907],[102.66017,22.12989],[102.65931,22.13],[102.65599,22.12989],[102.65338,22.13106],[102.65175,22.13112],[102.65008,22.12993],[102.64891,22.12962],[102.64846,22.13049],[102.64868,22.13144],[102.64801,22.13229],[102.64818,22.13441],[102.64802,22.13513],[102.64605,22.13614],[102.64255,22.13766],[102.64109,22.1375],[102.63964,22.13647],[102.63798,22.13674],[102.63688,22.1386],[102.63545,22.13863],[102.63569,22.13942],[102.63448,22.14097],[102.62858,22.14092],[102.62626,22.13962],[102.62504,22.13916],[102.62248,22.13949],[102.62183,22.13922],[102.6202,22.13941],[102.61924,22.13843],[102.61801,22.13869],[102.61524,22.13996],[102.61442,22.14069],[102.61318,22.14077],[102.6124,22.13924],[102.61151,22.13961],[102.61003,22.13855],[102.61011,22.1372],[102.61124,22.13646],[102.61225,22.13624],[102.6118,22.13539],[102.61256,22.13497],[102.61178,22.13391],[102.61219,22.133],[102.61328,22.13251],[102.61213,22.1309],[102.61007,22.13087],[102.60951,22.13141],[102.60759,22.13201],[102.60693,22.13278],[102.60547,22.13185],[102.60431,22.13303],[102.60314,22.13295],[102.60099,22.13409],[102.5998,22.13277],[102.59774,22.13185],[102.59536,22.13273],[102.59395,22.13149],[102.59263,22.13143],[102.58928,22.13057],[102.58557,22.12991],[102.58372,22.13],[102.58203,22.12925],[102.58203,22.13104],[102.58078,22.13168],[102.57846,22.1302],[102.57725,22.12976],[102.57619,22.12833],[102.57693,22.12684],[102.5759,22.125],[102.57287,22.12562],[102.57164,22.12538],[102.57023,22.12552],[102.56759,22.12524],[102.56696,22.12541],[102.56565,22.12642],[102.563,22.12631],[102.5605,22.12434],[102.55714,22.12419],[102.5549,22.12348],[102.55458,22.12285],[102.55252,22.12271],[102.54989,22.12167],[102.54892,22.12155],[102.54507,22.1222],[102.54418,22.12279],[102.54162,22.12363],[102.54089,22.12407],[102.53807,22.1251],[102.5362,22.12666],[102.53237,22.12921],[102.52688,22.13044],[102.52529,22.13163],[102.52519,22.13217],[102.52143,22.13514],[102.52093,22.13782],[102.52127,22.13868],[102.52044,22.14014],[102.51897,22.13867],[102.51898,22.13702],[102.5187,22.13613],[102.51883,22.13474],[102.51848,22.13394],[102.51898,22.13205],[102.51843,22.13091],[102.51921,22.12955],[102.52061,22.12843],[102.51962,22.12639],[102.51892,22.12566],[102.51851,22.12423],[102.51726,22.12411],[102.51296,22.12201],[102.51129,22.1202],[102.51078,22.11844],[102.51018,22.11757],[102.50863,22.11805],[102.50764,22.11683],[102.50527,22.11593],[102.50469,22.11548],[102.50327,22.11517],[102.50333,22.11374],[102.5025,22.11344],[102.50113,22.11434],[102.49931,22.11439],[102.49696,22.11328],[102.49496,22.11388],[102.49459,22.11325],[102.49567,22.11246],[102.4956,22.11104],[102.49488,22.11066],[102.49368,22.11065],[102.49391,22.10926],[102.49229,22.10825],[102.49177,22.10754],[102.48982,22.10681],[102.48973,22.10542],[102.4888,22.10487],[102.48912,22.10415],[102.48868,22.10302],[102.48783,22.10356],[102.48493,22.10418],[102.48387,22.10399],[102.48243,22.10329],[102.48276,22.10242],[102.48427,22.10239],[102.48281,22.09999],[102.48136,22.09971],[102.48,22.10063],[102.47924,22.10001],[102.47938,22.09832],[102.47875,22.09789],[102.47557,22.0969],[102.47528,22.09649],[102.47445,22.09356],[102.47448,22.0924],[102.47409,22.09137],[102.47282,22.08928],[102.47148,22.08815],[102.47086,22.08718],[102.47078,22.08598],[102.46865,22.08448],[102.46692,22.08388],[102.46527,22.08272],[102.46304,22.07998],[102.46061,22.0782],[102.45823,22.07694],[102.45694,22.07541],[102.45528,22.07454],[102.45458,22.07391],[102.45366,22.0722],[102.45382,22.07122],[102.45662,22.07062],[102.45862,22.06964],[102.45931,22.06848],[102.45998,22.06798],[102.45984,22.06596],[102.46182,22.06529],[102.46256,22.06469],[102.46376,22.06455],[102.46592,22.06294],[102.46791,22.0624],[102.46837,22.06146],[102.4692,22.06173],[102.471,22.06144],[102.4726,22.06189],[102.47298,22.06101],[102.47296,22.0591],[102.47245,22.05763],[102.47356,22.05698],[102.47466,22.05692],[102.47478,22.05472],[102.47514,22.05396],[102.47597,22.05347],[102.47653,22.05207],[102.47849,22.05062],[102.4785,22.0499],[102.4802,22.0475],[102.48211,22.04659],[102.4823,22.04523],[102.48329,22.04402],[102.48362,22.04266],[102.48419,22.04179],[102.48654,22.04124],[102.48762,22.03993],[102.4887,22.03951],[102.49127,22.03943],[102.49269,22.03885],[102.49336,22.03734],[102.49437,22.03584],[102.49409,22.03502],[102.49435,22.03396],[102.49508,22.03356],[102.49613,22.03457],[102.49763,22.03542],[102.4996,22.03752],[102.50029,22.03668],[102.50129,22.03608],[102.50115,22.03463],[102.5017,22.03356],[102.50298,22.03325],[102.50521,22.03428],[102.50572,22.03517],[102.5089,22.03679],[102.51026,22.03566],[102.51179,22.03533],[102.51258,22.03451],[102.51481,22.03419],[102.51647,22.03161],[102.51858,22.03095],[102.5198,22.02844],[102.51952,22.02567],[102.52119,22.02437],[102.52095,22.02341],[102.51983,22.02271],[102.51887,22.0227],[102.51776,22.02207],[102.51741,22.02136],[102.51587,22.02056],[102.51449,22.01905],[102.51188,22.01792],[102.51114,22.01637],[102.50958,22.01545],[102.50791,22.01491],[102.50753,22.01388],[102.50446,22.01404],[102.50263,22.01345],[102.50066,22.01427],[102.49971,22.01443],[102.49848,22.01378],[102.49704,22.01374],[102.49559,22.01328],[102.49439,22.01396],[102.49295,22.01423],[102.49335,22.01325],[102.49243,22.01198],[102.492,22.00923],[102.49091,22.00852],[102.4894,22.00841],[102.48826,22.00728],[102.48812,22.00589],[102.48871,22.00439],[102.48782,22.00368],[102.48739,22.00171],[102.48758,22.00041],[102.48801,21.99979],[102.488,21.99827],[102.48748,21.99723],[102.48778,21.9961],[102.48876,21.99567],[102.48916,21.99491],[102.48877,21.99364],[102.49007,21.99335],[102.4916,21.99199],[102.49295,21.99154],[102.49322,21.99083],[102.49298,21.98977],[102.49384,21.98754],[102.49674,21.98577],[102.49831,21.9854],[102.49916,21.98465],[102.50006,21.98128],[102.50088,21.98247],[102.50358,21.9831],[102.50608,21.98653],[102.50738,21.98773],[102.5123,21.98204],[102.51519,21.98196],[102.51707,21.98292],[102.51792,21.98373],[102.5181,21.98467],[102.51867,21.985],[102.51961,21.9867],[102.52074,21.98752],[102.52086,21.98819],[102.52206,21.98948],[102.52271,21.99351],[102.52487,21.99596],[102.52636,21.99731],[102.52734,21.99691],[102.53001,21.9977],[102.53186,21.99845],[102.53409,21.99802],[102.53393,21.99893],[102.53555,21.99928],[102.53582,22.00061],[102.53542,22.00215],[102.53545,22.00353],[102.5343,22.00457],[102.5354,22.00643],[102.53684,22.00673],[102.53618,22.00735],[102.53613,22.00938],[102.53498,22.01159],[102.53316,22.01421],[102.54012,22.01763],[102.54051,22.01789],[102.54029,22.01934],[102.5414,22.02077],[102.54182,22.02332],[102.54134,22.02502],[102.54038,22.02683],[102.54032,22.02813],[102.54075,22.02878],[102.54076,22.02988],[102.54024,22.03091],[102.5406,22.0334],[102.54159,22.03489],[102.54224,22.03542],[102.543,22.03694],[102.54378,22.03678],[102.545,22.03571],[102.54677,22.03503],[102.5481,22.03636],[102.54847,22.03707],[102.54986,22.03737],[102.55107,22.03822],[102.5526,22.03983],[102.55448,22.04075],[102.55409,22.04179],[102.55469,22.04462],[102.55527,22.04532],[102.55514,22.04727],[102.55547,22.04952],[102.55605,22.05026],[102.55631,22.05198],[102.55803,22.05375],[102.5584,22.05541],[102.55828,22.05649],[102.55998,22.05776],[102.55995,22.05842],[102.55906,22.05946],[102.55994,22.06217],[102.55963,22.0639],[102.55969,22.06505],[102.56042,22.06648],[102.56124,22.06666],[102.5619,22.0676],[102.56379,22.06783],[102.56643,22.06694],[102.56683,22.06765],[102.56805,22.06801],[102.56895,22.06782],[102.5702,22.06637],[102.57114,22.06563],[102.5729,22.06537],[102.5751,22.06701],[102.57897,22.06831],[102.57954,22.06912],[102.58075,22.06869],[102.5814,22.06999],[102.58274,22.07121],[102.58355,22.07053],[102.58427,22.0689],[102.58569,22.06792],[102.58772,22.06779],[102.58836,22.06801],[102.59751,22.0665],[102.59908,22.06827],[102.60009,22.06858],[102.60163,22.06798],[102.60339,22.06844],[102.60533,22.0679],[102.60612,22.0672],[102.60808,22.06763],[102.60837,22.06824],[102.61004,22.06958],[102.61194,22.06984],[102.61284,22.06956],[102.61376,22.06856],[102.61508,22.06855],[102.6167,22.06796],[102.61809,22.06792],[102.61838,22.06688],[102.61936,22.06672],[102.62097,22.06801],[102.62205,22.06718],[102.6233,22.0672],[102.62485,22.06783],[102.62555,22.06851],[102.62674,22.06874],[102.6281,22.06958],[102.62933,22.06938],[102.63085,22.06855],[102.63359,22.06803],[102.6382,22.06936],[102.6401,22.06762],[102.64039,22.06558],[102.6418,22.06428],[102.64252,22.06409],[102.64371,22.06305],[102.64378,22.06254],[102.64523,22.06217],[102.64693,22.06205],[102.64701,22.06076],[102.64558,22.06043],[102.64471,22.05886],[102.64468,22.05669],[102.64314,22.05554],[102.64305,22.05443],[102.64348,22.05357],[102.64477,22.05331],[102.64617,22.05471],[102.647,22.05448],[102.64707,22.05329],[102.64806,22.05279],[102.6497,22.05363],[102.64982,22.05526],[102.6507,22.05649],[102.65142,22.05656],[102.65542,22.05608],[102.65635,22.05448],[102.65758,22.05447],[102.65906,22.05503],[102.65988,22.05485],[102.6622,22.05298],[102.66286,22.05199],[102.66392,22.05289],[102.66419,22.05388],[102.66566,22.05401],[102.6668,22.05259],[102.66853,22.05247],[102.6705,22.05202],[102.67183,22.05223],[102.67293,22.05199],[102.67495,22.05266],[102.67536,22.05497],[102.67699,22.05561],[102.67978,22.05577],[102.68164,22.05561],[102.68284,22.05519],[102.68427,22.05408],[102.68476,22.05423],[102.68624,22.05601],[102.68766,22.0564],[102.68868,22.05587],[102.68957,22.05355],[102.69129,22.05252],[102.69165,22.05185],[102.69336,22.05281],[102.69385,22.05184],[102.69463,22.05165],[102.69475,22.05093],[102.69552,22.0505],[102.69577,22.04938],[102.69681,22.04978],[102.7001,22.04891],[102.70077,22.04951],[102.70165,22.04915],[102.70242,22.05006],[102.70445,22.05071],[102.70676,22.05056],[102.7109,22.04802],[102.71266,22.04618],[102.71455,22.04788],[102.71594,22.04846],[102.71671,22.04914],[102.71817,22.04894],[102.71939,22.04954],[102.72267,22.05265],[102.72147,22.05431],[102.72106,22.05549],[102.71907,22.05808],[102.71833,22.06049],[102.71846,22.06174],[102.71911,22.06233],[102.71843,22.06288],[102.71843,22.06477],[102.71772,22.06834],[102.71598,22.06859],[102.71329,22.07089],[102.71304,22.07207],[102.71344,22.07289],[102.71567,22.07463],[102.71892,22.07674],[102.7205,22.07872],[102.71988,22.08206],[102.71903,22.0836],[102.71691,22.08506],[102.71774,22.08913],[102.71818,22.08955],[102.72038,22.08985],[102.72183,22.0907],[102.72288,22.0907],[102.723,22.09237],[102.72399,22.09353],[102.72499,22.09564],[102.72671,22.09695],[102.72885,22.09901],[102.73046,22.09888],[102.73254,22.09996],[102.73311,22.10078],[102.73491,22.10131],[102.74002,22.10139],[102.74075,22.1018],[102.74232,22.10157],[102.74395,22.10225],[102.74479,22.10337],[102.74553,22.10366],[102.74709,22.10298],[102.74809,22.10291],[102.74939,22.10327],[102.75093,22.10307],[102.75345,22.10228],[102.75432,22.10274],[102.75613,22.10308],[102.75623,22.10427],[102.75723,22.10577],[102.75781,22.10721],[102.7595,22.10909],[102.75911,22.10999],[102.75892,22.11149],[102.75978,22.11273],[102.76087,22.11345],[102.76198,22.11583],[102.76141,22.11614],[102.76091,22.11745],[102.75903,22.11961],[102.75719,22.11985],[102.75602,22.12099],[102.75548,22.12232],[102.75563,22.12471],[102.7546,22.12493],[102.75345,22.12571],[102.7519,22.12633],[102.74926,22.12838],[102.74808,22.12913]]]},"properties":{"a01_tinh":"diaphanhanhchinhcaptinh_sn.109","a02_xa":"diaphanhanhchinhcapxa_2025.2233","a03_ten":"Xã Nậm Kè","a04_tentinh":"Tỉnh Điện Biên","a05_truocsn":"Xã Pá Mỳ, Xã Nậm Kè","a06_trungtamhc":"Trụ sở Đảng ủy, HĐND và UBND xã Nậm Kè","a07_dt":"224.7","a08_ds":"8977","a09_dthoai":null,"a10_web":null,"ten":"Xã Nậm Kè","ma":"03162","tentinh":"Tỉnh Điện Biên","truocsapnhap":"Xã Pá Mỳ, Xã Nậm Kè","dientichkm2":null,"dansonguoi":null},"id":"diaphanhanhchinhcapxa_2025.2233"},
{"type":"Feature","geometry":{"type":"Polygon","coordinates":[[[103.29324,21.86759],[103.29322,21.86894],[103.2923,21.87309],[103.29227,21.87768],[103.29188,21.87935],[103.29192,21.88031],[103.29114,21.88348],[103.29035,21.88486],[103.2892,21.886],[103.2878,21.88676],[103.2872,21.88983],[103.28417,21.89494],[103.28263,21.89659],[103.27929,21.89494],[103.27814,21.89337],[103.27682,21.89039],[103.2761,21.88993],[103.27495,21.88827],[103.27395,21.8882],[103.2713,21.88717],[103.27119,21.88666],[103.26914,21.88613],[103.26792,21.88476],[103.26624,21.88395],[103.26417,21.88376],[103.26227,21.88307],[103.26063,21.88183],[103.25939,21.87996],[103.25738,21.87933],[103.25872,21.877],[103.26033,21.87632],[103.26093,21.87548],[103.26412,21.87396],[103.26499,21.87392],[103.26552,21.87306],[103.26489,21.87172],[103.26486,21.87084],[103.26423,21.86981],[103.26393,21.86861],[103.26429,21.86579],[103.26423,21.86271],[103.26374,21.86114],[103.26448,21.85913],[103.26432,21.85591],[103.26447,21.85405],[103.2642,21.85254],[103.2636,21.8513],[103.26212,21.8501],[103.26131,21.85011],[103.26076,21.84837],[103.25919,21.84783],[103.25812,21.84711],[103.2569,21.84703],[103.25599,21.84597],[103.25693,21.84499],[103.2567,21.84378],[103.25777,21.8422],[103.25805,21.84097],[103.25873,21.83985],[103.25911,21.83814],[103.25907,21.8365],[103.25952,21.83473],[103.25842,21.8332],[103.25781,21.83324],[103.25635,21.83259],[103.25548,21.83177],[103.25189,21.82923],[103.24975,21.82805],[103.24852,21.82793],[103.24749,21.82716],[103.24478,21.82653],[103.24349,21.82592],[103.24301,21.82466],[103.2412,21.82442],[103.23899,21.82384],[103.23797,21.82387],[103.23641,21.82304],[103.23498,21.82178],[103.23342,21.82136],[103.23249,21.82057],[103.23144,21.8204],[103.22926,21.81812],[103.22767,21.81731],[103.22731,21.81589],[103.22555,21.81463],[103.22451,21.81425],[103.22418,21.81232],[103.22297,21.81345],[103.22328,21.81554],[103.22135,21.81693],[103.21978,21.81706],[103.21862,21.81754],[103.21803,21.81826],[103.21633,21.81874],[103.21574,21.81855],[103.21481,21.81931],[103.21408,21.8193],[103.2137,21.82016],[103.21258,21.82053],[103.21273,21.82263],[103.2117,21.82312],[103.21088,21.82281],[103.20929,21.82139],[103.20774,21.82056],[103.20519,21.82114],[103.20263,21.82001],[103.20143,21.81877],[103.20007,21.81878],[103.19952,21.81946],[103.19821,21.81962],[103.19628,21.81884],[103.19314,21.81853],[103.19209,21.81863],[103.19029,21.81812],[103.18966,21.81751],[103.18782,21.818],[103.18444,21.81934],[103.18178,21.81978],[103.17898,21.82129],[103.17665,21.8214],[103.17382,21.82091],[103.17098,21.82088],[103.16935,21.82132],[103.16891,21.82068],[103.16713,21.82063],[103.16625,21.81944],[103.16584,21.81711],[103.16257,21.81634],[103.16209,21.81665],[103.15938,21.81674],[103.15849,21.81757],[103.15779,21.81696],[103.15627,21.81434],[103.15635,21.81307],[103.15317,21.81144],[103.15138,21.81018],[103.15139,21.80834],[103.15039,21.80646],[103.15019,21.80433],[103.14876,21.80364],[103.14719,21.80144],[103.14641,21.8008],[103.14612,21.79948],[103.14529,21.79834],[103.14411,21.79741],[103.14338,21.79525],[103.14228,21.79455],[103.14127,21.79262],[103.14095,21.78856],[103.14049,21.78746],[103.14084,21.78525],[103.14013,21.7842],[103.1401,21.78177],[103.14113,21.78026],[103.14045,21.77927],[103.14019,21.77713],[103.14068,21.77501],[103.13901,21.77461],[103.13748,21.77469],[103.13515,21.77439],[103.13176,21.77306],[103.12965,21.77257],[103.12806,21.7725],[103.12536,21.77149],[103.12485,21.77091],[103.12532,21.76922],[103.12592,21.76823],[103.12729,21.76692],[103.12683,21.76575],[103.12666,21.76417],[103.12619,21.76236],[103.12574,21.76154],[103.12623,21.76074],[103.12652,21.75855],[103.12816,21.75766],[103.12685,21.7565],[103.12785,21.7558],[103.12728,21.75486],[103.12739,21.75389],[103.12824,21.75318],[103.12627,21.7524],[103.12459,21.74834],[103.12462,21.74776],[103.12586,21.74605],[103.12883,21.74554],[103.12997,21.74514],[103.12985,21.74311],[103.12952,21.74203],[103.13008,21.74124],[103.12991,21.73995],[103.13082,21.73839],[103.13144,21.73629],[103.13238,21.73557],[103.13279,21.73373],[103.13477,21.73158],[103.13656,21.73114],[103.13738,21.73071],[103.13831,21.72962],[103.14032,21.72874],[103.14153,21.72772],[103.14246,21.72543],[103.14391,21.72394],[103.14375,21.72285],[103.14536,21.72214],[103.14437,21.7167],[103.14745,21.71647],[103.14916,21.71661],[103.15119,21.71578],[103.15203,21.71574],[103.15289,21.71625],[103.15457,21.71616],[103.15661,21.71565],[103.15923,21.71632],[103.16235,21.71742],[103.16409,21.71737],[103.16751,21.71759],[103.16881,21.71789],[103.17356,21.71767],[103.17792,21.71808],[103.18153,21.71856],[103.18388,21.7187],[103.18669,21.7177],[103.18838,21.7164],[103.19048,21.71619],[103.19283,21.71626],[103.19407,21.7166],[103.19482,21.71773],[103.19598,21.71871],[103.19796,21.71934],[103.20069,21.71858],[103.20233,21.71703],[103.20379,21.71632],[103.20665,21.7161],[103.20994,21.71642],[103.2113,21.71629],[103.21306,21.71448],[103.21407,21.71382],[103.21539,21.71241],[103.21618,21.71228],[103.21743,21.71305],[103.21866,21.71347],[103.22099,21.71496],[103.22236,21.71682],[103.22349,21.71748],[103.22738,21.71914],[103.22932,21.72048],[103.23277,21.72242],[103.23567,21.72555],[103.23612,21.72758],[103.23629,21.73194],[103.23514,21.73392],[103.23466,21.7364],[103.23493,21.73902],[103.23583,21.74143],[103.23727,21.74359],[103.23948,21.74981],[103.24123,21.7514],[103.24659,21.75449],[103.24901,21.75672],[103.25189,21.75881],[103.25295,21.76126],[103.25413,21.76187],[103.25507,21.76294],[103.25672,21.7641],[103.25869,21.76498],[103.26053,21.76728],[103.26252,21.76897],[103.26485,21.77333],[103.26629,21.77419],[103.2681,21.77709],[103.26857,21.77858],[103.26946,21.77944],[103.27159,21.78068],[103.27379,21.78152],[103.27631,21.78405],[103.27725,21.78552],[103.2785,21.78672],[103.27938,21.78697],[103.28231,21.78701],[103.2834,21.78751],[103.28382,21.7881],[103.28454,21.79048],[103.28613,21.79181],[103.28864,21.79473],[103.28996,21.79681],[103.29116,21.7974],[103.29302,21.79779],[103.29569,21.79915],[103.2989,21.80098],[103.29998,21.80238],[103.30037,21.80336],[103.3015,21.80448],[103.3037,21.80586],[103.30351,21.80804],[103.30382,21.80941],[103.30339,21.81017],[103.30339,21.81129],[103.30267,21.81366],[103.30186,21.81486],[103.30303,21.81679],[103.30393,21.81738],[103.30362,21.81831],[103.30192,21.8194],[103.29962,21.82216],[103.29769,21.82422],[103.29745,21.82516],[103.29801,21.82615],[103.29837,21.82858],[103.29782,21.82957],[103.29773,21.83072],[103.29612,21.83369],[103.29563,21.83627],[103.29441,21.83879],[103.29413,21.83992],[103.29301,21.84173],[103.29294,21.8435],[103.29162,21.84494],[103.29187,21.84554],[103.29178,21.84703],[103.29129,21.84804],[103.28916,21.84981],[103.28881,21.85114],[103.28948,21.85221],[103.2902,21.8542],[103.2897,21.85611],[103.28936,21.85847],[103.28966,21.85979],[103.29182,21.86219],[103.29333,21.86657],[103.29324,21.86759]]]},"properties":{"a01_tinh":"diaphanhanhchinhcaptinh_sn.109","a02_xa":"diaphanhanhchinhcapxa_2025.2242","a03_ten":"Xã Nậm Nèn","a04_tentinh":"Tỉnh Điện Biên","a05_truocsn":"Xã Huổi Mí, Xã Nậm Nèn","a06_trungtamhc":"Trụ sở Đảng ủy, HĐND và UBND xã Nậm Nèn","a07_dt":"175","a08_ds":"7496","a09_dthoai":null,"a10_web":null,"ten":"Xã Nậm Nèn","ma":"03194","tentinh":"Tỉnh Điện Biên","truocsapnhap":"Xã Huổi Mí, Xã Nậm Nèn","dientichkm2":null,"dansonguoi":null},"id":"diaphanhanhchinhcapxa_2025.2242"},
{"type":"Feature","geometry":{"type":"Polygon","coordinates":[[[103.12171,21.25851],[103.1216,21.25953],[103.12136,21.26169],[103.12045,21.27006],[103.11889,21.27173],[103.11831,21.27277],[103.1189,21.27514],[103.11934,21.27565],[103.11871,21.27733],[103.11825,21.27779],[103.11512,21.28371],[103.11405,21.28462],[103.11144,21.28589],[103.10029,21.285],[103.09937,21.2862],[103.09829,21.28969],[103.09736,21.2914],[103.0959,21.29297],[103.09436,21.29577],[103.09398,21.29761],[103.09307,21.29921],[103.09298,21.30001],[103.09103,21.29977],[103.09022,21.29904],[103.08907,21.29902],[103.08802,21.29949],[103.08664,21.29949],[103.08559,21.29994],[103.08354,21.29966],[103.08322,21.30036],[103.08132,21.30148],[103.07761,21.30257],[103.0776,21.29985],[103.0759,21.29758],[103.07409,21.29626],[103.07377,21.29507],[103.073,21.29447],[103.07228,21.29305],[103.07131,21.29216],[103.07063,21.29061],[103.06776,21.28793],[103.06557,21.28386],[103.0646,21.28299],[103.06423,21.28166],[103.06302,21.27934],[103.0612,21.27851],[103.05999,21.27719],[103.05725,21.2766],[103.05402,21.27374],[103.05136,21.27326],[103.0507,21.27252],[103.04906,21.27262],[103.04746,21.27237],[103.04591,21.27085],[103.04512,21.26965],[103.04408,21.2692],[103.04191,21.26993],[103.0412,21.26993],[103.04046,21.26928],[103.03954,21.26932],[103.03849,21.26868],[103.03797,21.26756],[103.03726,21.26694],[103.03728,21.26546],[103.03779,21.26414],[103.03961,21.26308],[103.0393,21.26189],[103.03808,21.26196],[103.03634,21.26256],[103.03452,21.26227],[103.03615,21.26075],[103.03582,21.25959],[103.03698,21.25772],[103.03583,21.25683],[103.03398,21.25574],[103.0311,21.25636],[103.0299,21.25722],[103.02918,21.25663],[103.02726,21.25665],[103.02391,21.25804],[103.0222,21.2595],[103.02138,21.26046],[103.02099,21.25972],[103.02203,21.25879],[103.02226,21.25773],[103.02289,21.25668],[103.02387,21.25591],[103.0257,21.2538],[103.02578,21.25259],[103.02487,21.25247],[103.02314,21.25293],[103.02137,21.25137],[103.02172,21.25094],[103.02185,21.24946],[103.02044,21.24842],[103.01931,21.24808],[103.01925,21.24702],[103.02051,21.24609],[103.01942,21.24483],[103.01924,21.24247],[103.01864,21.24154],[103.01925,21.24084],[103.01898,21.23914],[103.01768,21.23765],[103.01625,21.23809],[103.01583,21.23776],[103.01516,21.23585],[103.01452,21.23596],[103.01303,21.23525],[103.01235,21.23558],[103.01157,21.23485],[103.01037,21.23448],[103.00934,21.23362],[103.00753,21.23346],[103.00302,21.23207],[103.00148,21.23181],[102.99905,21.23226],[102.99807,21.23214],[102.99665,21.2315],[102.99558,21.23145],[102.99355,21.22889],[102.99155,21.22759],[102.99119,21.22967],[102.98861,21.22951],[102.98634,21.22841],[102.98342,21.22655],[102.98147,21.22561],[102.98267,21.22411],[102.98294,21.22258],[102.98228,21.22145],[102.98054,21.22017],[102.98148,21.21745],[102.98315,21.21578],[102.9857,21.21515],[102.98473,21.21283],[102.9869,21.21147],[102.98669,21.20869],[102.98769,21.20751],[102.98946,21.20662],[102.99038,21.20586],[102.99056,21.20516],[102.99002,21.20319],[102.99011,21.20261],[102.98923,21.20061],[102.98882,21.19821],[102.98842,21.19714],[102.98819,21.19547],[102.98737,21.1945],[102.98884,21.19252],[102.98866,21.19139],[102.98899,21.19001],[102.98971,21.18935],[102.99,21.18675],[102.99254,21.18529],[102.99194,21.18417],[102.99191,21.18333],[102.99302,21.18261],[102.99288,21.18038],[102.99195,21.1808],[102.99097,21.17979],[102.98984,21.17915],[102.98954,21.17784],[102.98793,21.17809],[102.98714,21.17761],[102.98756,21.17673],[102.98872,21.17549],[102.98889,21.17399],[102.98829,21.17346],[102.98881,21.17271],[102.989,21.17077],[102.98808,21.17066],[102.98902,21.16944],[102.98782,21.16942],[102.98861,21.16755],[102.98916,21.16695],[102.98809,21.16464],[102.9886,21.16398],[102.98961,21.16371],[102.99006,21.16158],[102.98885,21.16068],[102.98856,21.15956],[102.98771,21.16012],[102.98711,21.15944],[102.98659,21.15783],[102.98709,21.15662],[102.98622,21.15646],[102.98503,21.15549],[102.98459,21.15409],[102.98499,21.15326],[102.98506,21.15095],[102.98629,21.15042],[102.98621,21.14776],[102.98693,21.14702],[102.98668,21.14617],[102.98437,21.14347],[102.98407,21.14261],[102.98435,21.14107],[102.98372,21.14096],[102.98313,21.14207],[102.98241,21.14184],[102.98052,21.13925],[102.97966,21.13947],[102.97791,21.1382],[102.97752,21.13757],[102.97765,21.13592],[102.97801,21.13495],[102.98041,21.13412],[102.98021,21.13272],[102.97778,21.13158],[102.97669,21.13135],[102.97408,21.12922],[102.97109,21.12721],[102.96959,21.12543],[102.96905,21.12326],[102.96715,21.12191],[102.96606,21.12086],[102.96594,21.1191],[102.96642,21.11798],[102.96567,21.117],[102.96372,21.11556],[102.96361,21.11455],[102.96137,21.11311],[102.96083,21.11106],[102.96154,21.11047],[102.96313,21.10635],[102.96309,21.10571],[102.96449,21.10322],[102.9647,21.1025],[102.96567,21.10159],[102.96684,21.09959],[102.96692,21.09862],[102.96746,21.09754],[102.96757,21.09498],[102.96783,21.09424],[102.96758,21.09322],[102.96746,21.09094],[102.96665,21.08977],[102.96673,21.08834],[102.96533,21.08683],[102.96538,21.08602],[102.96415,21.0848],[102.96256,21.08397],[102.96117,21.08037],[102.96239,21.07891],[102.96223,21.0776],[102.96356,21.07746],[102.96459,21.07669],[102.96633,21.07593],[102.96704,21.07489],[102.96709,21.07244],[102.96802,21.0707],[102.96947,21.06966],[102.97079,21.0695],[102.97183,21.06796],[102.97286,21.06766],[102.97424,21.06565],[102.97615,21.06625],[102.97718,21.06706],[102.97835,21.06733],[102.98008,21.06568],[102.98144,21.06599],[102.98316,21.06488],[102.98547,21.06315],[102.98677,21.06319],[102.98801,21.06244],[102.98947,21.06311],[102.99237,21.06163],[102.9942,21.06218],[102.99534,21.06308],[102.99621,21.06282],[102.99683,21.06188],[102.99791,21.06179],[102.99941,21.06104],[102.99946,21.06049],[103.00118,21.05899],[103.00291,21.06067],[103.00494,21.06045],[103.00624,21.06189],[103.007,21.06327],[103.00771,21.06401],[103.01144,21.06232],[103.0125,21.06276],[103.01256,21.06365],[103.01347,21.06468],[103.01484,21.06388],[103.01631,21.06272],[103.0177,21.06255],[103.01837,21.06144],[103.01966,21.06066],[103.02273,21.05974],[103.02513,21.05779],[103.02717,21.05822],[103.02852,21.05738],[103.03029,21.05878],[103.03096,21.05884],[103.03233,21.05796],[103.03421,21.05791],[103.03393,21.05665],[103.03455,21.0558],[103.03538,21.0566],[103.03717,21.05983],[103.03853,21.06033],[103.03993,21.06273],[103.04103,21.06404],[103.04201,21.06798],[103.0441,21.07032],[103.04568,21.07013],[103.04773,21.07114],[103.04811,21.07046],[103.04955,21.07025],[103.05086,21.06901],[103.05173,21.07057],[103.0532,21.07061],[103.05316,21.07212],[103.05366,21.07314],[103.05441,21.07336],[103.05578,21.07165],[103.05706,21.07164],[103.0586,21.07091],[103.06047,21.07126],[103.06155,21.0726],[103.06193,21.07456],[103.06175,21.07649],[103.06191,21.07748],[103.06395,21.07954],[103.06437,21.08088],[103.06446,21.08232],[103.0641,21.08358],[103.06416,21.08474],[103.06521,21.08699],[103.06592,21.08892],[103.0653,21.09134],[103.06395,21.09246],[103.06388,21.09403],[103.06656,21.09554],[103.06727,21.09672],[103.06643,21.09807],[103.06544,21.09903],[103.06587,21.10018],[103.06578,21.10143],[103.06495,21.10278],[103.06527,21.10374],[103.06517,21.10557],[103.06565,21.10624],[103.06543,21.10758],[103.06595,21.10838],[103.06781,21.10976],[103.069,21.11239],[103.07032,21.11351],[103.07113,21.11321],[103.07265,21.11388],[103.07341,21.11538],[103.07414,21.11584],[103.07418,21.11776],[103.07378,21.11969],[103.07209,21.12268],[103.07198,21.12375],[103.07145,21.12495],[103.07012,21.12714],[103.07049,21.12806],[103.0714,21.12851],[103.07391,21.12788],[103.07331,21.12946],[103.07417,21.13084],[103.07394,21.13126],[103.07219,21.13064],[103.07,21.13354],[103.07241,21.13547],[103.07311,21.13575],[103.07499,21.13798],[103.0761,21.13956],[103.07732,21.13937],[103.07753,21.13838],[103.07972,21.1363],[103.08121,21.13644],[103.08211,21.13545],[103.08432,21.13521],[103.0857,21.13447],[103.08666,21.13651],[103.08808,21.13686],[103.08965,21.13672],[103.08979,21.13749],[103.0889,21.13898],[103.09017,21.14014],[103.0908,21.13974],[103.09154,21.14021],[103.09105,21.14107],[103.0923,21.14162],[103.09371,21.14176],[103.09426,21.14259],[103.09403,21.14346],[103.09502,21.14471],[103.09715,21.14456],[103.09873,21.14484],[103.10056,21.14545],[103.10204,21.14537],[103.10394,21.14466],[103.10558,21.14474],[103.10563,21.14558],[103.1084,21.14742],[103.10975,21.14898],[103.11235,21.1525],[103.11496,21.15383],[103.11632,21.1541],[103.11737,21.15505],[103.11762,21.15644],[103.11919,21.15722],[103.11967,21.15802],[103.12093,21.1591],[103.12142,21.16005],[103.12279,21.16034],[103.12572,21.16251],[103.12625,21.1627],[103.12554,21.1645],[103.12467,21.16553],[103.12294,21.16701],[103.12205,21.16753],[103.12194,21.16814],[103.12061,21.17069],[103.11935,21.17169],[103.11782,21.17395],[103.11165,21.19456],[103.10686,21.19461],[103.10576,21.1948],[103.10427,21.19571],[103.10299,21.1976],[103.10265,21.19856],[103.10135,21.20016],[103.10158,21.20154],[103.10099,21.20306],[103.10024,21.20327],[103.09984,21.20502],[103.10005,21.20577],[103.09956,21.20717],[103.09822,21.20956],[103.09706,21.2109],[103.09676,21.21256],[103.09598,21.21376],[103.09596,21.2147],[103.09513,21.21635],[103.09434,21.21998],[103.09499,21.22372],[103.09583,21.23586],[103.10126,21.24223],[103.10523,21.24617],[103.11046,21.24857],[103.11581,21.25255],[103.11686,21.25358],[103.12177,21.25853],[103.12171,21.25851]]]},"properties":{"a01_tinh":"diaphanhanhchinhcaptinh_sn.109","a02_xa":"diaphanhanhchinhcapxa_2025.2267","a03_ten":"Xã Núa Ngam","a04_tentinh":"Tỉnh Điện Biên","a05_truocsn":"Xã Hẹ Muông, Xã Na Tông, Xã Núa Ngam","a06_trungtamhc":"Trụ sở Đảng ủy, HĐND và UBND xã Núa Ngam","a07_dt":"264.78","a08_ds":"11804","a09_dthoai":null,"a10_web":null,"ten":"Xã Núa Ngam","ma":"03358","tentinh":"Tỉnh Điện Biên","truocsapnhap":"Xã Hẹ Muông, Xã Na Tông, Xã Núa Ngam","dientichkm2":null,"dansonguoi":null},"id":"diaphanhanhchinhcapxa_2025.2267"},
{"type":"Feature","geometry":{"type":"Polygon","coordinates":[[[103.17246,21.96485],[103.17285,21.96373],[103.17208,21.96206],[103.17181,21.96065],[103.172,21.95966],[103.17321,21.9574],[103.17488,21.95532],[103.17532,21.9541],[103.17726,21.95224],[103.17808,21.94926],[103.17908,21.94789],[103.18066,21.9465],[103.18063,21.94475],[103.18207,21.93996],[103.18153,21.93794],[103.18212,21.93689],[103.18362,21.93517],[103.18386,21.93419],[103.18454,21.93353],[103.18538,21.93336],[103.18568,21.93095],[103.18527,21.93001],[103.18305,21.92612],[103.18389,21.91504],[103.18752,21.90399],[103.18337,21.90068],[103.17566,21.9019],[103.17189,21.89488],[103.17213,21.89444],[103.16882,21.88735],[103.16511,21.88263],[103.16461,21.88073],[103.16495,21.87941],[103.16442,21.87781],[103.16385,21.87727],[103.16375,21.87627],[103.16426,21.87354],[103.16397,21.87292],[103.16384,21.8706],[103.16396,21.86844],[103.1647,21.86616],[103.16464,21.86421],[103.16537,21.86354],[103.16807,21.86221],[103.1678,21.86072],[103.16806,21.85919],[103.16897,21.85832],[103.16952,21.85402],[103.16985,21.85364],[103.17197,21.85318],[103.17398,21.85307],[103.17449,21.85234],[103.17473,21.85058],[103.17597,21.84946],[103.17694,21.84795],[103.17712,21.84628],[103.17791,21.84322],[103.17862,21.84221],[103.17824,21.84064],[103.17898,21.83861],[103.17815,21.83423],[103.17741,21.83342],[103.17659,21.83192],[103.17616,21.83048],[103.176,21.82869],[103.17677,21.82696],[103.17627,21.82557],[103.17477,21.82463],[103.17287,21.82314],[103.17144,21.82275],[103.17066,21.82166],[103.16935,21.82132],[103.17098,21.82088],[103.17382,21.82091],[103.17665,21.8214],[103.17898,21.82129],[103.18178,21.81978],[103.18444,21.81934],[103.18782,21.818],[103.18966,21.81751],[103.19029,21.81812],[103.19209,21.81863],[103.19314,21.81853],[103.19628,21.81884],[103.19821,21.81962],[103.19952,21.81946],[103.20007,21.81878],[103.20143,21.81877],[103.20263,21.82001],[103.20519,21.82114],[103.20774,21.82056],[103.20929,21.82139],[103.21088,21.82281],[103.2117,21.82312],[103.21273,21.82263],[103.21258,21.82053],[103.2137,21.82016],[103.21408,21.8193],[103.21481,21.81931],[103.21574,21.81855],[103.21633,21.81874],[103.21803,21.81826],[103.21862,21.81754],[103.21978,21.81706],[103.22135,21.81693],[103.22328,21.81554],[103.22297,21.81345],[103.22418,21.81232],[103.22451,21.81425],[103.22555,21.81463],[103.22731,21.81589],[103.22767,21.81731],[103.22926,21.81812],[103.23144,21.8204],[103.23249,21.82057],[103.23342,21.82136],[103.23498,21.82178],[103.23641,21.82304],[103.23797,21.82387],[103.23899,21.82384],[103.2412,21.82442],[103.24301,21.82466],[103.24349,21.82592],[103.24478,21.82653],[103.24749,21.82716],[103.24852,21.82793],[103.24975,21.82805],[103.25189,21.82923],[103.25548,21.83177],[103.25635,21.83259],[103.25781,21.83324],[103.25842,21.8332],[103.25952,21.83473],[103.25907,21.8365],[103.25911,21.83814],[103.25873,21.83985],[103.25805,21.84097],[103.25777,21.8422],[103.2567,21.84378],[103.25693,21.84499],[103.25599,21.84597],[103.2569,21.84703],[103.25812,21.84711],[103.25919,21.84783],[103.26076,21.84837],[103.26131,21.85011],[103.26212,21.8501],[103.2636,21.8513],[103.2642,21.85254],[103.26447,21.85405],[103.26432,21.85591],[103.26448,21.85913],[103.26374,21.86114],[103.26423,21.86271],[103.26429,21.86579],[103.26393,21.86861],[103.26423,21.86981],[103.26486,21.87084],[103.26489,21.87172],[103.26552,21.87306],[103.26499,21.87392],[103.26412,21.87396],[103.26093,21.87548],[103.26033,21.87632],[103.25872,21.877],[103.25738,21.87933],[103.25939,21.87996],[103.26063,21.88183],[103.26227,21.88307],[103.26417,21.88376],[103.26624,21.88395],[103.26792,21.88476],[103.26914,21.88613],[103.27119,21.88666],[103.2713,21.88717],[103.27395,21.8882],[103.27495,21.88827],[103.2761,21.88993],[103.27682,21.89039],[103.27814,21.89337],[103.27929,21.89494],[103.28263,21.89659],[103.28206,21.89758],[103.27951,21.89885],[103.27792,21.90083],[103.27844,21.90283],[103.27813,21.90404],[103.27721,21.90498],[103.27669,21.90638],[103.27551,21.90825],[103.27436,21.91078],[103.27331,21.91267],[103.27254,21.91359],[103.27013,21.9153],[103.26921,21.91655],[103.26705,21.9175],[103.26515,21.91979],[103.26404,21.92069],[103.26277,21.92274],[103.25966,21.9265],[103.25599,21.92888],[103.25495,21.92903],[103.2545,21.92957],[103.25314,21.9301],[103.25189,21.93151],[103.25101,21.93208],[103.25059,21.93212],[103.24889,21.93422],[103.24846,21.93558],[103.24854,21.93664],[103.24767,21.93793],[103.24793,21.93895],[103.24611,21.94036],[103.24456,21.93967],[103.24336,21.93971],[103.24202,21.94087],[103.24182,21.94178],[103.24085,21.94256],[103.23972,21.94248],[103.23946,21.94416],[103.23789,21.95207],[103.23693,21.95256],[103.23344,21.95136],[103.23245,21.95143],[103.2309,21.951],[103.22995,21.9518],[103.22313,21.95139],[103.22433,21.95241],[103.22434,21.95423],[103.22298,21.95484],[103.22208,21.95563],[103.22337,21.95729],[103.22285,21.95879],[103.22191,21.95861],[103.22157,21.95969],[103.21996,21.95992],[103.21844,21.96186],[103.2176,21.96236],[103.21768,21.96417],[103.21868,21.96449],[103.21835,21.9667],[103.21777,21.96778],[103.21591,21.96836],[103.21389,21.96851],[103.21342,21.96887],[103.21198,21.96825],[103.21079,21.96687],[103.20927,21.96651],[103.20775,21.96691],[103.20534,21.96432],[103.20438,21.96416],[103.20355,21.96346],[103.20059,21.96259],[103.19883,21.96262],[103.19804,21.96292],[103.19733,21.96411],[103.19647,21.96428],[103.19547,21.96312],[103.19404,21.96381],[103.19235,21.96267],[103.19127,21.96266],[103.18963,21.96312],[103.18911,21.96358],[103.18279,21.97013],[103.18047,21.96812],[103.17868,21.96765],[103.17844,21.9673],[103.17572,21.96586],[103.17493,21.96477],[103.17411,21.96444],[103.17246,21.96485]]]},"properties":{"a01_tinh":"diaphanhanhchinhcaptinh_sn.109","a02_xa":"diaphanhanhchinhcapxa_2025.2241","a03_ten":"Xã Pa Ham","a04_tentinh":"Tỉnh Điện Biên","a05_truocsn":"Xã Hừa Ngài, Xã Pa Ham","a06_trungtamhc":"Trụ sở Đảng ủy, HĐND và UBND xã Pa Ham","a07_dt":"135.84","a08_ds":"8171","a09_dthoai":null,"a10_web":null,"ten":"Xã Pa Ham","ma":"03193","tentinh":"Tỉnh Điện Biên","truocsapnhap":"Xã Hừa Ngài, Xã Pa Ham","dientichkm2":null,"dansonguoi":null},"id":"diaphanhanhchinhcapxa_2025.2241"},
{"type":"Feature","geometry":{"type":"Polygon","coordinates":[[[103.28004,21.2112],[103.27968,21.21001],[103.27879,21.2093],[103.27744,21.20935],[103.27582,21.2088],[103.27399,21.2095],[103.2714,21.2115],[103.27065,21.21248],[103.27039,21.21352],[103.26966,21.21429],[103.26892,21.21411],[103.26701,21.21239],[103.26536,21.21132],[103.26354,21.21079],[103.26253,21.20969],[103.26074,21.20887],[103.25883,21.20923],[103.25754,21.20886],[103.25531,21.2078],[103.25286,21.20788],[103.2493,21.2087],[103.24809,21.20991],[103.24735,21.21204],[103.24445,21.21286],[103.24332,21.2123],[103.24266,21.21123],[103.24186,21.21102],[103.24091,21.21168],[103.24058,21.21295],[103.23944,21.21387],[103.2377,21.21433],[103.23639,21.21515],[103.2354,21.2163],[103.23357,21.21998],[103.23303,21.21997],[103.23031,21.21893],[103.22919,21.21887],[103.22894,21.21971],[103.22962,21.22068],[103.22898,21.22142],[103.22804,21.22139],[103.22669,21.22089],[103.22573,21.22028],[103.22444,21.22026],[103.22246,21.22122],[103.22162,21.22029],[103.22062,21.21976],[103.22063,21.21852],[103.2193,21.21804],[103.21889,21.21679],[103.21569,21.21136],[103.20793,21.20968],[103.20207,21.20168],[103.16175,21.17531],[103.16116,21.17544],[103.15944,21.17652],[103.15781,21.17583],[103.15487,21.17602],[103.15378,21.17549],[103.15149,21.17541],[103.1488,21.17435],[103.14778,21.17179],[103.14666,21.17125],[103.14562,21.16973],[103.14433,21.16845],[103.14261,21.16786],[103.14189,21.16735],[103.14002,21.16732],[103.13837,21.1662],[103.13649,21.16552],[103.13609,21.16515],[103.13443,21.16526],[103.1315,21.16594],[103.12991,21.16654],[103.12847,21.16632],[103.1266,21.16672],[103.12514,21.16672],[103.12272,21.1679],[103.12205,21.16753],[103.12294,21.16701],[103.12467,21.16553],[103.12554,21.1645],[103.12625,21.1627],[103.12761,21.16151],[103.12792,21.16074],[103.12972,21.16034],[103.12999,21.15982],[103.13143,21.15914],[103.13348,21.15871],[103.13512,21.15814],[103.13924,21.15838],[103.14268,21.15843],[103.14426,21.15824],[103.14642,21.15866],[103.14815,21.15869],[103.15033,21.15975],[103.15166,21.16087],[103.15514,21.15945],[103.15829,21.15698],[103.15932,21.15486],[103.16074,21.15313],[103.16121,21.15139],[103.1627,21.14929],[103.16541,21.14915],[103.16669,21.15],[103.16909,21.14977],[103.17248,21.14915],[103.17357,21.14956],[103.17528,21.14962],[103.17648,21.14829],[103.17689,21.14487],[103.17761,21.14263],[103.17897,21.14176],[103.17907,21.14105],[103.18072,21.13941],[103.18117,21.1382],[103.18112,21.13697],[103.18166,21.13544],[103.18001,21.13357],[103.17936,21.13117],[103.17789,21.12939],[103.17745,21.12831],[103.17766,21.1273],[103.17681,21.12553],[103.17691,21.12436],[103.17579,21.12369],[103.17407,21.12354],[103.17312,21.12393],[103.17064,21.12286],[103.16886,21.12241],[103.16809,21.1219],[103.16605,21.12179],[103.1653,21.12135],[103.16443,21.12015],[103.16256,21.1203],[103.16083,21.11956],[103.16036,21.11909],[103.16,21.11692],[103.15763,21.11531],[103.15803,21.11411],[103.15929,21.11297],[103.15967,21.11109],[103.15939,21.10901],[103.1596,21.10733],[103.15907,21.10607],[103.15986,21.10502],[103.16048,21.10348],[103.16285,21.102],[103.16407,21.10053],[103.1657,21.09933],[103.16427,21.096],[103.16324,21.09295],[103.16357,21.09216],[103.16218,21.09042],[103.16106,21.0894],[103.16159,21.08791],[103.16159,21.0857],[103.16186,21.08459],[103.1629,21.08397],[103.16327,21.08226],[103.16427,21.08149],[103.16522,21.07885],[103.16393,21.07764],[103.16401,21.07689],[103.16349,21.07543],[103.16418,21.07418],[103.16233,21.07292],[103.16137,21.07282],[103.1599,21.07145],[103.1588,21.07007],[103.1579,21.06969],[103.15727,21.06819],[103.15754,21.06662],[103.15872,21.06564],[103.15816,21.06441],[103.1583,21.06359],[103.15962,21.0624],[103.15922,21.06049],[103.15744,21.05953],[103.15683,21.05825],[103.15695,21.05776],[103.15601,21.05702],[103.15557,21.05549],[103.15314,21.05325],[103.14986,21.05122],[103.14939,21.04971],[103.14807,21.04899],[103.14812,21.04798],[103.14739,21.04704],[103.14519,21.04703],[103.14422,21.04558],[103.14273,21.04496],[103.14175,21.04339],[103.14126,21.04176],[103.14059,21.04069],[103.14225,21.04019],[103.14384,21.03937],[103.1443,21.03811],[103.14441,21.03665],[103.1452,21.03495],[103.14496,21.03389],[103.14567,21.03365],[103.14635,21.03187],[103.14678,21.03137],[103.14872,21.03188],[103.14945,21.03156],[103.15111,21.03166],[103.15219,21.03006],[103.15433,21.03028],[103.15632,21.02888],[103.15835,21.02896],[103.16066,21.03105],[103.1626,21.03241],[103.16393,21.03237],[103.16513,21.03266],[103.16655,21.03246],[103.17037,21.03341],[103.17291,21.03364],[103.17431,21.0348],[103.17511,21.03502],[103.17645,21.03604],[103.17759,21.03652],[103.179,21.03616],[103.17987,21.03521],[103.18129,21.03483],[103.18236,21.03535],[103.18515,21.03592],[103.18571,21.03649],[103.18759,21.03726],[103.19016,21.03723],[103.19125,21.03652],[103.19196,21.03777],[103.19304,21.03866],[103.19435,21.03926],[103.19628,21.0398],[103.19847,21.03953],[103.20019,21.03968],[103.20062,21.04064],[103.20151,21.04146],[103.20421,21.04062],[103.20628,21.04232],[103.2074,21.04241],[103.20879,21.04347],[103.21104,21.04444],[103.21249,21.04439],[103.21453,21.04506],[103.21541,21.04496],[103.21705,21.04577],[103.21763,21.04521],[103.21926,21.04472],[103.2203,21.0441],[103.22193,21.04257],[103.22329,21.04164],[103.22379,21.0409],[103.22565,21.03991],[103.22714,21.03856],[103.22822,21.03875],[103.22981,21.03955],[103.23271,21.03869],[103.23355,21.03753],[103.23458,21.03785],[103.2359,21.03686],[103.23645,21.03729],[103.23785,21.03747],[103.24146,21.03597],[103.24236,21.03789],[103.24418,21.03867],[103.24519,21.03767],[103.24658,21.03704],[103.24852,21.03709],[103.25029,21.0379],[103.25188,21.03697],[103.2534,21.037],[103.25482,21.03755],[103.25734,21.03724],[103.2586,21.038],[103.262,21.03749],[103.26395,21.03828],[103.26595,21.04004],[103.26817,21.04035],[103.271,21.0386],[103.27295,21.03894],[103.27535,21.03994],[103.27834,21.04135],[103.27984,21.04121],[103.28139,21.0399],[103.28143,21.04155],[103.28108,21.0425],[103.27864,21.04366],[103.27663,21.044],[103.27662,21.04605],[103.27703,21.04762],[103.27705,21.04904],[103.27758,21.051],[103.27515,21.05176],[103.2743,21.05222],[103.27428,21.05306],[103.27487,21.05458],[103.27503,21.05615],[103.27554,21.05714],[103.27665,21.05773],[103.27801,21.05793],[103.27878,21.0587],[103.27879,21.05941],[103.27739,21.06076],[103.27579,21.0614],[103.27618,21.06269],[103.2775,21.06257],[103.27904,21.06133],[103.28068,21.06038],[103.28136,21.06035],[103.28179,21.06169],[103.2808,21.06345],[103.28108,21.06443],[103.28193,21.06525],[103.28185,21.06613],[103.28261,21.06648],[103.28407,21.06591],[103.28603,21.06765],[103.2879,21.07366],[103.28844,21.07435],[103.2889,21.07681],[103.28796,21.07783],[103.28673,21.07801],[103.286,21.07856],[103.28646,21.08084],[103.28576,21.08307],[103.28496,21.08439],[103.28457,21.08442],[103.2825,21.08935],[103.28178,21.09026],[103.28066,21.09118],[103.27963,21.09267],[103.2763,21.09461],[103.27559,21.09875],[103.27499,21.10146],[103.27546,21.10304],[103.2753,21.10559],[103.27381,21.10842],[103.27342,21.11017],[103.27341,21.11229],[103.27189,21.11349],[103.27115,21.11446],[103.27119,21.11534],[103.27245,21.11804],[103.27108,21.12086],[103.27146,21.12172],[103.27162,21.12378],[103.27209,21.12471],[103.27177,21.1272],[103.27235,21.12956],[103.27299,21.13067],[103.27466,21.131],[103.27704,21.13041],[103.27838,21.13076],[103.2779,21.13148],[103.2764,21.13243],[103.27604,21.13418],[103.27613,21.13626],[103.27545,21.13796],[103.27481,21.14123],[103.27539,21.14391],[103.27517,21.14669],[103.27645,21.14785],[103.27728,21.14964],[103.27853,21.15067],[103.28182,21.15222],[103.28242,21.15314],[103.28143,21.15497],[103.28164,21.15624],[103.283,21.15692],[103.28255,21.1583],[103.28163,21.16018],[103.28258,21.162],[103.28356,21.16283],[103.2846,21.16289],[103.28601,21.16373],[103.28698,21.16472],[103.28701,21.16596],[103.28835,21.1679],[103.28851,21.16945],[103.28798,21.17048],[103.2865,21.17108],[103.28422,21.1704],[103.28283,21.17065],[103.28262,21.17197],[103.28364,21.17312],[103.28372,21.17427],[103.28283,21.17563],[103.28239,21.17761],[103.28073,21.17832],[103.2795,21.17847],[103.27829,21.17827],[103.27686,21.17845],[103.27547,21.17901],[103.27372,21.18009],[103.27322,21.18074],[103.27434,21.18211],[103.27504,21.18473],[103.27488,21.18572],[103.27416,21.18654],[103.27424,21.18769],[103.27485,21.18899],[103.27485,21.19077],[103.27614,21.19352],[103.27732,21.19406],[103.27819,21.19383],[103.28038,21.195],[103.28139,21.19579],[103.28196,21.19704],[103.28175,21.19782],[103.2805,21.19881],[103.28044,21.19946],[103.28151,21.20036],[103.28131,21.20195],[103.28066,21.20398],[103.28109,21.20482],[103.28208,21.20557],[103.28261,21.20658],[103.28257,21.20788],[103.28004,21.2112]]]},"properties":{"a01_tinh":"diaphanhanhchinhcaptinh_sn.109","a02_xa":"diaphanhanhchinhcapxa_2025.2270","a03_ten":"Xã Phình Giàng","a04_tentinh":"Tỉnh Điện Biên","a05_truocsn":"Xã Pú Hồng, Xã Phình Giàng","a06_trungtamhc":"Trụ sở HĐND và UBND xã Phình Giàng","a07_dt":"226.37","a08_ds":"10467","a09_dthoai":null,"a10_web":null,"ten":"Xã Phình Giàng","ma":"03382","tentinh":"Tỉnh Điện Biên","truocsapnhap":"Xã Pú Hồng, Xã Phình Giàng","dientichkm2":null,"dansonguoi":null},"id":"diaphanhanhchinhcapxa_2025.2270"},
{"type":"Feature","geometry":{"type":"Polygon","coordinates":[[[103.22596,21.42672],[103.22486,21.42735],[103.22288,21.42745],[103.22109,21.42724],[103.2204,21.42679],[103.21776,21.42629],[103.21544,21.42757],[103.21377,21.42811],[103.20832,21.43151],[103.20442,21.43012],[103.20421,21.42919],[103.20223,21.42831],[103.20078,21.42866],[103.20028,21.42924],[103.19789,21.43],[103.19698,21.43129],[103.19653,21.43133],[103.19578,21.43251],[103.19578,21.43372],[103.19521,21.43509],[103.19432,21.43594],[103.19241,21.43712],[103.19061,21.43712],[103.18941,21.43775],[103.18777,21.43719],[103.18602,21.43515],[103.18607,21.43418],[103.18503,21.4329],[103.18478,21.43177],[103.18392,21.43032],[103.18296,21.42929],[103.18288,21.42815],[103.18166,21.42751],[103.18112,21.42656],[103.17942,21.4255],[103.17758,21.42377],[103.17689,21.42279],[103.17636,21.42078],[103.17449,21.41994],[103.17302,21.42024],[103.17182,21.42085],[103.17047,21.42109],[103.16943,21.42079],[103.16821,21.41855],[103.16616,21.41668],[103.16594,21.41565],[103.16342,21.41299],[103.16227,21.41266],[103.15991,21.41156],[103.15847,21.4105],[103.15729,21.40877],[103.15483,21.40712],[103.15413,21.4061],[103.15168,21.4048],[103.15062,21.4046],[103.14896,21.40488],[103.14521,21.4051],[103.14191,21.40678],[103.14101,21.40707],[103.14078,21.40824],[103.14002,21.40865],[103.1391,21.40774],[103.13753,21.40796],[103.13696,21.40667],[103.13537,21.4051],[103.13282,21.40431],[103.13133,21.40249],[103.12983,21.40128],[103.12689,21.40057],[103.12565,21.40056],[103.12502,21.39899],[103.12396,21.39781],[103.12325,21.39642],[103.12333,21.39542],[103.12286,21.39475],[103.122,21.39461],[103.12104,21.39387],[103.11904,21.39424],[103.11815,21.3947],[103.11665,21.39638],[103.11439,21.39645],[103.11336,21.39523],[103.112,21.39447],[103.11121,21.39358],[103.11091,21.39252],[103.10966,21.39169],[103.10885,21.39079],[103.10896,21.39011],[103.10846,21.38905],[103.10696,21.38857],[103.1063,21.38808],[103.10477,21.38808],[103.10383,21.38711],[103.10281,21.38674],[103.10246,21.38616],[103.10091,21.38688],[103.09952,21.3869],[103.09803,21.38661],[103.09686,21.38529],[103.09559,21.38459],[103.09465,21.38456],[103.09225,21.38335],[103.08593,21.38085],[103.08554,21.3789],[103.08348,21.37789],[103.08143,21.3778],[103.08029,21.3769],[103.07972,21.37706],[103.07907,21.37579],[103.07814,21.37559],[103.0767,21.37622],[103.07619,21.37693],[103.07347,21.37752],[103.07291,21.37821],[103.07177,21.37848],[103.06885,21.37778],[103.06831,21.37685],[103.06912,21.37529],[103.06857,21.37422],[103.06774,21.37213],[103.06666,21.37161],[103.06814,21.37012],[103.06817,21.36834],[103.06779,21.36733],[103.0679,21.36652],[103.06914,21.36563],[103.06917,21.36356],[103.06994,21.36281],[103.06946,21.36142],[103.06959,21.36074],[103.07058,21.35927],[103.07047,21.35854],[103.07148,21.3563],[103.07197,21.35603],[103.07203,21.35471],[103.07286,21.35347],[103.07334,21.35203],[103.07304,21.35122],[103.07362,21.34961],[103.07294,21.34707],[103.07313,21.34605],[103.07396,21.34527],[103.07484,21.34506],[103.07717,21.34215],[103.07859,21.33996],[103.07959,21.33919],[103.07862,21.33865],[103.0769,21.33648],[103.07508,21.33503],[103.07413,21.33367],[103.07298,21.33103],[103.07104,21.32898],[103.07076,21.32589],[103.07094,21.32495],[103.07057,21.32269],[103.07107,21.32133],[103.07039,21.31858],[103.07059,21.31751],[103.07006,21.31617],[103.07028,21.31452],[103.06971,21.31346],[103.06965,21.31245],[103.07012,21.31082],[103.07082,21.3099],[103.07162,21.30956],[103.07221,21.30829],[103.07307,21.30799],[103.07395,21.30681],[103.07501,21.3062],[103.07595,21.30654],[103.0774,21.3055],[103.07814,21.3053],[103.07823,21.30344],[103.07761,21.30257],[103.08132,21.30148],[103.08322,21.30036],[103.08354,21.29966],[103.08559,21.29994],[103.08664,21.29949],[103.08802,21.29949],[103.08907,21.29902],[103.09022,21.29904],[103.09103,21.29977],[103.09298,21.30001],[103.09307,21.29921],[103.09398,21.29761],[103.09436,21.29577],[103.0959,21.29297],[103.09736,21.2914],[103.09829,21.28969],[103.09937,21.2862],[103.10029,21.285],[103.11144,21.28589],[103.11405,21.28462],[103.11512,21.28371],[103.11825,21.27779],[103.11871,21.27733],[103.11934,21.27565],[103.1189,21.27514],[103.11831,21.27277],[103.11889,21.27173],[103.12045,21.27006],[103.12136,21.26169],[103.1216,21.25953],[103.12171,21.25851],[103.12182,21.25854],[103.12304,21.25666],[103.12404,21.25631],[103.1244,21.25555],[103.12584,21.25414],[103.12665,21.25385],[103.12979,21.25683],[103.13184,21.25802],[103.13632,21.2587],[103.13771,21.25938],[103.13819,21.26061],[103.13965,21.26274],[103.1405,21.26451],[103.14128,21.2656],[103.14345,21.26743],[103.14461,21.2678],[103.14557,21.26847],[103.14672,21.2698],[103.14809,21.27199],[103.1491,21.27255],[103.14968,21.27372],[103.1507,21.27481],[103.15018,21.27617],[103.15109,21.27658],[103.15189,21.27762],[103.15334,21.27848],[103.15434,21.2794],[103.15632,21.28045],[103.15681,21.28105],[103.16052,21.28295],[103.16342,21.28277],[103.16411,21.28315],[103.16447,21.284],[103.16623,21.28471],[103.16669,21.28642],[103.1675,21.28774],[103.16886,21.28778],[103.17087,21.28832],[103.17247,21.28973],[103.17441,21.29104],[103.17496,21.29188],[103.17485,21.29317],[103.17525,21.29525],[103.17668,21.29673],[103.17708,21.2984],[103.17793,21.30042],[103.17652,21.30213],[103.17611,21.30342],[103.17693,21.30536],[103.1767,21.30706],[103.17741,21.30953],[103.18535,21.32008],[103.18606,21.32048],[103.186,21.32205],[103.18632,21.3233],[103.18695,21.32433],[103.18756,21.32722],[103.18828,21.32884],[103.18818,21.33024],[103.18855,21.33057],[103.18892,21.33232],[103.19137,21.33418],[103.19156,21.33614],[103.19134,21.33714],[103.19211,21.33775],[103.19172,21.33936],[103.1929,21.34084],[103.19387,21.34111],[103.19365,21.34188],[103.19436,21.34245],[103.19381,21.34322],[103.1957,21.34447],[103.19537,21.34609],[103.19541,21.34715],[103.19628,21.34793],[103.19647,21.34885],[103.19783,21.35033],[103.19985,21.35454],[103.20048,21.35517],[103.20089,21.35632],[103.20056,21.3581],[103.20227,21.36005],[103.204,21.36158],[103.20456,21.36178],[103.2046,21.36309],[103.20428,21.36397],[103.20354,21.36457],[103.20437,21.366],[103.20506,21.36613],[103.20588,21.36698],[103.20587,21.3688],[103.20702,21.37007],[103.20965,21.37096],[103.21209,21.37266],[103.21297,21.37305],[103.2128,21.37479],[103.21064,21.37668],[103.20969,21.37712],[103.20833,21.37871],[103.21384,21.39197],[103.2138,21.39438],[103.21617,21.39589],[103.21609,21.39716],[103.21734,21.39804],[103.21735,21.39912],[103.21695,21.39972],[103.21769,21.40113],[103.21846,21.40129],[103.21921,21.40223],[103.21921,21.40314],[103.22158,21.4039],[103.22308,21.40342],[103.22404,21.40443],[103.22359,21.40499],[103.22383,21.40576],[103.22311,21.40617],[103.22304,21.40688],[103.22349,21.40813],[103.22367,21.40972],[103.22441,21.41082],[103.22601,21.41235],[103.22679,21.41484],[103.22851,21.41689],[103.22941,21.41716],[103.23596,21.42425],[103.23472,21.42361],[103.23204,21.42322],[103.23095,21.42358],[103.23003,21.4243],[103.22877,21.4246],[103.22699,21.42612],[103.22596,21.42672]]]},"properties":{"a01_tinh":"diaphanhanhchinhcaptinh_sn.109","a02_xa":"diaphanhanhchinhcapxa_2025.2269","a03_ten":"Xã Pu Nhi","a04_tentinh":"Tỉnh Điện Biên","a05_truocsn":"Xã Nong U, Xã Pu Nhi","a06_trungtamhc":"Trụ sở Đảng ủy, HĐND và UBND xã Pu Nhi","a07_dt":"181.22","a08_ds":"999","a09_dthoai":null,"a10_web":null,"ten":"Xã Pu Nhi","ma":"03370","tentinh":"Tỉnh Điện Biên","truocsapnhap":"Xã Nong U, Xã Pu Nhi","dientichkm2":null,"dansonguoi":null},"id":"diaphanhanhchinhcapxa_2025.2269"},
{"type":"Feature","geometry":{"type":"Polygon","coordinates":[[[103.54237,21.77966],[103.54185,21.78007],[103.54142,21.78221],[103.53975,21.78355],[103.53789,21.78656],[103.53682,21.78743],[103.5364,21.78967],[103.53556,21.79085],[103.53432,21.79323],[103.53218,21.79132],[103.52861,21.78946],[103.52738,21.78703],[103.52736,21.78527],[103.52686,21.78482],[103.52756,21.78234],[103.52554,21.78182],[103.52331,21.78077],[103.5219,21.77991],[103.51697,21.7781],[103.51328,21.77803],[103.51264,21.77783],[103.51129,21.77649],[103.51101,21.77541],[103.5088,21.77376],[103.50758,21.77347],[103.50637,21.77277],[103.50534,21.77282],[103.50418,21.77225],[103.50215,21.77034],[103.50115,21.76847],[103.49974,21.76728],[103.49897,21.76614],[103.49789,21.76741],[103.4946,21.76812],[103.49399,21.76871],[103.49212,21.76904],[103.49057,21.77064],[103.48947,21.77027],[103.48815,21.7706],[103.48838,21.77183],[103.48778,21.77276],[103.48638,21.77358],[103.4855,21.77467],[103.47491,21.77206],[103.47325,21.77282],[103.4724,21.77414],[103.47106,21.77468],[103.4703,21.77465],[103.46893,21.77595],[103.46795,21.77399],[103.46826,21.7719],[103.46689,21.77035],[103.46349,21.76891],[103.46218,21.7695],[103.46218,21.77016],[103.46104,21.77156],[103.46113,21.77223],[103.46037,21.77337],[103.46073,21.77452],[103.45982,21.77535],[103.4589,21.77885],[103.45611,21.77822],[103.45457,21.77707],[103.45411,21.77743],[103.45219,21.77768],[103.44931,21.77859],[103.44531,21.78013],[103.44392,21.7798],[103.44183,21.77861],[103.44056,21.77838],[103.43672,21.77953],[103.43658,21.78035],[103.43511,21.78209],[103.43441,21.7834],[103.43342,21.78423],[103.43297,21.78546],[103.43214,21.78633],[103.43105,21.78851],[103.42827,21.79012],[103.42793,21.78893],[103.42594,21.78804],[103.42647,21.7858],[103.42588,21.7848],[103.42399,21.78479],[103.42226,21.78525],[103.42154,21.78493],[103.42028,21.785],[103.41824,21.78547],[103.41728,21.78516],[103.41677,21.7834],[103.41583,21.78233],[103.4146,21.78199],[103.41367,21.78222],[103.4124,21.78169],[103.40964,21.78197],[103.40909,21.78135],[103.40997,21.78029],[103.41173,21.77949],[103.41323,21.77806],[103.41354,21.77737],[103.4124,21.77606],[103.41026,21.77511],[103.40917,21.77379],[103.40787,21.77089],[103.40719,21.77029],[103.4061,21.76632],[103.40643,21.76539],[103.40571,21.76478],[103.40606,21.76344],[103.40713,21.76258],[103.40773,21.76161],[103.40744,21.75895],[103.40652,21.75794],[103.40683,21.7545],[103.40652,21.75296],[103.40569,21.751],[103.40565,21.74905],[103.4067,21.74803],[103.40699,21.74479],[103.40543,21.74264],[103.40428,21.74175],[103.40398,21.73893],[103.40425,21.73792],[103.40532,21.73671],[103.4053,21.73564],[103.40462,21.73462],[103.4027,21.7333],[103.40226,21.73253],[103.40265,21.72984],[103.4022,21.72821],[103.40221,21.72715],[103.40174,21.72413],[103.40236,21.72312],[103.40325,21.7207],[103.40322,21.71909],[103.40366,21.71839],[103.40483,21.71837],[103.40599,21.71754],[103.40645,21.71663],[103.4073,21.7162],[103.40767,21.71524],[103.40701,21.71332],[103.40818,21.71104],[103.40912,21.71033],[103.41107,21.70959],[103.41242,21.70748],[103.41373,21.7066],[103.4135,21.70511],[103.41454,21.70345],[103.41458,21.70272],[103.41341,21.70165],[103.414,21.70033],[103.41415,21.69833],[103.41389,21.69732],[103.41481,21.69494],[103.41605,21.69391],[103.41718,21.69427],[103.41831,21.6939],[103.4188,21.69272],[103.42065,21.69191],[103.42203,21.69255],[103.42407,21.69095],[103.42495,21.69063],[103.4259,21.69109],[103.42722,21.69029],[103.42881,21.69033],[103.42932,21.6908],[103.43269,21.69018],[103.43401,21.69028],[103.43423,21.68926],[103.43401,21.68764],[103.43462,21.68677],[103.43812,21.67377],[103.43939,21.67286],[103.44242,21.6722],[103.44613,21.67273],[103.44741,21.67159],[103.44844,21.6676],[103.44976,21.66626],[103.45126,21.66571],[103.45302,21.66587],[103.45678,21.66482],[103.45775,21.6639],[103.45816,21.66208],[103.4591,21.66201],[103.46195,21.66229],[103.46291,21.66117],[103.46247,21.66035],[103.46149,21.65993],[103.46129,21.65769],[103.46005,21.6571],[103.45884,21.65582],[103.46097,21.65308],[103.46807,21.65571],[103.48585,21.66821],[103.48609,21.66622],[103.48677,21.66527],[103.48694,21.66425],[103.48797,21.66249],[103.48944,21.66096],[103.49043,21.66063],[103.49177,21.66111],[103.49269,21.66206],[103.49481,21.66256],[103.49599,21.66221],[103.49647,21.66019],[103.49759,21.66024],[103.5006,21.65824],[103.50189,21.65593],[103.50314,21.65464],[103.50356,21.65326],[103.50422,21.65268],[103.50593,21.65388],[103.50561,21.65527],[103.50671,21.65655],[103.50801,21.65649],[103.50888,21.65732],[103.51647,21.65651],[103.51985,21.65631],[103.52137,21.65455],[103.52581,21.6539],[103.5265,21.65421],[103.52862,21.65354],[103.5295,21.65469],[103.53074,21.65436],[103.53284,21.6543],[103.53397,21.65486],[103.53543,21.65469],[103.53604,21.65506],[103.53741,21.65511],[103.54009,21.65286],[103.54145,21.65291],[103.54411,21.6538],[103.54815,21.65419],[103.55045,21.6525],[103.55201,21.65179],[103.55379,21.65231],[103.55461,21.65348],[103.55618,21.65479],[103.55664,21.6555],[103.55749,21.65582],[103.55699,21.65877],[103.5582,21.66129],[103.55952,21.66292],[103.55969,21.66443],[103.56012,21.66485],[103.56006,21.66692],[103.56027,21.66758],[103.56697,21.67193],[103.56778,21.67768],[103.57569,21.68309],[103.57636,21.6836],[103.57984,21.68382],[103.58399,21.68506],[103.58558,21.68396],[103.58619,21.68241],[103.58706,21.68145],[103.58836,21.68148],[103.58954,21.67963],[103.58947,21.67853],[103.59202,21.6762],[103.59225,21.67548],[103.59324,21.67458],[103.5952,21.67484],[103.59524,21.67825],[103.59579,21.67882],[103.59682,21.68075],[103.59829,21.68204],[103.59829,21.6838],[103.59734,21.68481],[103.59456,21.68618],[103.59328,21.68912],[103.59324,21.6928],[103.59213,21.6937],[103.59184,21.69465],[103.59096,21.69507],[103.58966,21.69714],[103.58813,21.69839],[103.58786,21.69916],[103.58674,21.69982],[103.58611,21.70234],[103.58508,21.70297],[103.58498,21.70393],[103.58426,21.70419],[103.58406,21.70498],[103.58623,21.70741],[103.58461,21.7105],[103.58457,21.71145],[103.58339,21.7135],[103.58322,21.71433],[103.58231,21.71456],[103.5813,21.71586],[103.58021,21.71833],[103.57897,21.71956],[103.57808,21.71994],[103.57759,21.72305],[103.5771,21.72517],[103.57642,21.72627],[103.57568,21.72836],[103.57494,21.72892],[103.57483,21.72994],[103.57514,21.73181],[103.57489,21.73301],[103.57161,21.73709],[103.57371,21.73878],[103.57254,21.7402],[103.57091,21.74104],[103.56989,21.74102],[103.56756,21.74309],[103.56734,21.74372],[103.56623,21.74467],[103.56511,21.74687],[103.56166,21.7486],[103.56128,21.75058],[103.56019,21.75248],[103.55976,21.75379],[103.56003,21.75525],[103.56066,21.75675],[103.55997,21.75715],[103.55814,21.75947],[103.55791,21.76021],[103.55882,21.76157],[103.55822,21.76271],[103.55651,21.76303],[103.55502,21.76575],[103.55263,21.76656],[103.55178,21.76817],[103.5498,21.76962],[103.54622,21.77114],[103.54483,21.77278],[103.54348,21.77348],[103.54198,21.77506],[103.54128,21.77611],[103.54076,21.77774],[103.54109,21.77911],[103.54237,21.77966]]]},"properties":{"a01_tinh":"diaphanhanhchinhcaptinh_sn.109","a02_xa":"diaphanhanhchinhcapxa_2025.2255","a03_ten":"Xã Pú Nhung","a04_tentinh":"Tỉnh Điện Biên","a05_truocsn":"Xã Rạng Đông, Xã Ta Ma, Xã Pú Nhung","a06_trungtamhc":"Trụ sở Đảng ủy, HĐND và UBND xã Rạng Đông","a07_dt":"209.93","a08_ds":"12547","a09_dthoai":null,"a10_web":null,"ten":"Xã Pú Nhung","ma":"03260","tentinh":"Tỉnh Điện Biên","truocsapnhap":"Xã Rạng Đông, Xã Ta Ma, Xã Pú Nhung","dientichkm2":null,"dansonguoi":null},"id":"diaphanhanhchinhcapxa_2025.2255"},
{"type":"Feature","geometry":{"type":"Polygon","coordinates":[[[103.55045,21.6525],[103.54815,21.65419],[103.54411,21.6538],[103.54145,21.65291],[103.54009,21.65286],[103.53741,21.65511],[103.53604,21.65506],[103.53543,21.65469],[103.53397,21.65486],[103.53284,21.6543],[103.53074,21.65436],[103.5295,21.65469],[103.52862,21.65354],[103.5265,21.65421],[103.52581,21.6539],[103.52137,21.65455],[103.51985,21.65631],[103.51647,21.65651],[103.50888,21.65732],[103.50801,21.65649],[103.50671,21.65655],[103.50561,21.65527],[103.50593,21.65388],[103.50422,21.65268],[103.50294,21.64858],[103.50406,21.64346],[103.50558,21.64097],[103.50634,21.63854],[103.50766,21.63643],[103.50824,21.63511],[103.50878,21.63462],[103.507,21.6331],[103.50379,21.63197],[103.50189,21.6317],[103.50021,21.63183],[103.49849,21.63137],[103.49611,21.62918],[103.49453,21.62891],[103.49303,21.6282],[103.49224,21.62821],[103.49125,21.62742],[103.4904,21.62622],[103.4885,21.62465],[103.48815,21.62404],[103.48612,21.62249],[103.4863,21.62092],[103.48631,21.61709],[103.48693,21.61543],[103.48716,21.61401],[103.48623,21.61307],[103.48418,21.61159],[103.48423,21.61072],[103.48279,21.61093],[103.48178,21.6128],[103.47988,21.61393],[103.47513,21.6153],[103.47308,21.61543],[103.47023,21.61711],[103.47014,21.61506],[103.46926,21.6128],[103.46861,21.61215],[103.46841,21.6107],[103.46901,21.60852],[103.47073,21.60536],[103.46996,21.60427],[103.47,21.60321],[103.46925,21.60215],[103.46831,21.60312],[103.46552,21.60308],[103.46401,21.60354],[103.46281,21.60317],[103.46163,21.60208],[103.45992,21.60213],[103.45793,21.60174],[103.45701,21.60127],[103.45564,21.60137],[103.45541,21.60089],[103.45604,21.59826],[103.4559,21.59756],[103.45741,21.5964],[103.45659,21.59592],[103.45494,21.59422],[103.45701,21.59462],[103.45707,21.59309],[103.45526,21.59232],[103.45531,21.5917],[103.45644,21.59143],[103.45725,21.59047],[103.45453,21.58884],[103.45362,21.58726],[103.45237,21.58645],[103.45335,21.58477],[103.45434,21.58437],[103.45438,21.58328],[103.45656,21.58222],[103.45755,21.58015],[103.45619,21.58113],[103.45535,21.58106],[103.45305,21.58137],[103.4517,21.58229],[103.45005,21.58221],[103.44775,21.58292],[103.4469,21.5823],[103.44557,21.58233],[103.4411,21.58089],[103.43875,21.58271],[103.43871,21.584],[103.43833,21.58465],[103.43742,21.58493],[103.43643,21.58417],[103.43517,21.58411],[103.4331,21.58286],[103.43233,21.58217],[103.43086,21.5802],[103.42967,21.58037],[103.42799,21.58023],[103.42712,21.5793],[103.42476,21.57926],[103.42364,21.58009],[103.42236,21.58025],[103.41993,21.58159],[103.41986,21.5807],[103.41732,21.57964],[103.4163,21.5796],[103.41439,21.57887],[103.41394,21.57694],[103.41234,21.57527],[103.41053,21.57456],[103.41022,21.57214],[103.41059,21.57125],[103.41023,21.57035],[103.40921,21.56929],[103.40811,21.56868],[103.40745,21.5677],[103.4065,21.56698],[103.40425,21.56845],[103.40293,21.56844],[103.40174,21.56749],[103.40073,21.56786],[103.3985,21.5671],[103.39582,21.56516],[103.39414,21.56352],[103.39302,21.562],[103.3921,21.56173],[103.391,21.56078],[103.39072,21.55882],[103.38975,21.5574],[103.39042,21.5552],[103.39062,21.55306],[103.39133,21.55141],[103.39276,21.54885],[103.39293,21.54656],[103.39375,21.5444],[103.394,21.52941],[103.39319,21.52808],[103.39355,21.52613],[103.39396,21.52506],[103.40151,21.50927],[103.40446,21.50255],[103.40477,21.4987],[103.40411,21.49728],[103.40465,21.49649],[103.40663,21.49578],[103.40622,21.49503],[103.40634,21.49413],[103.40728,21.49289],[103.40879,21.4922],[103.40931,21.49153],[103.40914,21.4891],[103.40986,21.48722],[103.40906,21.48639],[103.40929,21.48012],[103.41069,21.47945],[103.41037,21.47895],[103.41075,21.47785],[103.41065,21.47624],[103.41181,21.47526],[103.41135,21.47406],[103.4131,21.47274],[103.41311,21.47137],[103.4138,21.4701],[103.41323,21.46929],[103.41349,21.4668],[103.41432,21.46564],[103.41371,21.4642],[103.41344,21.4627],[103.41161,21.45936],[103.40919,21.45637],[103.40903,21.45554],[103.40954,21.45477],[103.40933,21.45199],[103.40948,21.45057],[103.40992,21.44875],[103.4096,21.44756],[103.41103,21.444],[103.41171,21.44323],[103.4123,21.44071],[103.4131,21.43966],[103.41302,21.43644],[103.41394,21.43545],[103.41404,21.4343],[103.41275,21.42957],[103.41301,21.42801],[103.4152,21.42791],[103.41538,21.42676],[103.41723,21.42635],[103.41894,21.42671],[103.41991,21.4276],[103.42048,21.42857],[103.42047,21.42966],[103.42231,21.42999],[103.42401,21.43061],[103.42521,21.43059],[103.42702,21.43022],[103.42894,21.43035],[103.42992,21.4301],[103.43218,21.43084],[103.43339,21.43173],[103.43695,21.4309],[103.43797,21.43186],[103.44002,21.43191],[103.44117,21.43094],[103.44267,21.43187],[103.44349,21.43308],[103.44434,21.43357],[103.4447,21.43441],[103.44708,21.43544],[103.44734,21.43669],[103.44928,21.43794],[103.44551,21.44422],[103.45674,21.45789],[103.45252,21.46964],[103.45283,21.47199],[103.45334,21.47318],[103.4531,21.47512],[103.45321,21.47617],[103.4541,21.47818],[103.45324,21.47923],[103.45368,21.48024],[103.44693,21.48568],[103.44722,21.48698],[103.44786,21.48758],[103.44812,21.48891],[103.4501,21.49077],[103.4505,21.49255],[103.45085,21.49638],[103.45125,21.49904],[103.45096,21.50078],[103.45152,21.50204],[103.45238,21.50301],[103.45494,21.5054],[103.45587,21.50685],[103.45638,21.50893],[103.45749,21.51003],[103.45816,21.51025],[103.46134,21.51235],[103.4611,21.51426],[103.46038,21.51494],[103.45916,21.51693],[103.45925,21.51854],[103.46049,21.51967],[103.46133,21.51991],[103.46327,21.5196],[103.46375,21.51906],[103.466,21.51774],[103.46783,21.51739],[103.46935,21.51653],[103.47068,21.51809],[103.47167,21.5185],[103.47308,21.5201],[103.4745,21.52046],[103.47848,21.51991],[103.48007,21.52064],[103.48205,21.52061],[103.48294,21.52021],[103.48426,21.52058],[103.48509,21.52213],[103.48618,21.52316],[103.48696,21.52342],[103.48764,21.52512],[103.48756,21.52616],[103.48856,21.52753],[103.48991,21.52728],[103.49111,21.52799],[103.49203,21.52897],[103.49291,21.52893],[103.49402,21.52997],[103.49539,21.53033],[103.49647,21.53133],[103.49833,21.53134],[103.49992,21.53344],[103.5012,21.53301],[103.50189,21.53363],[103.50427,21.53512],[103.5055,21.53498],[103.50842,21.53333],[103.51006,21.53368],[103.5147,21.53332],[103.51666,21.53298],[103.51739,21.53347],[103.51739,21.53712],[103.51837,21.53799],[103.51879,21.5395],[103.51958,21.54077],[103.52109,21.54195],[103.52214,21.54344],[103.52204,21.54541],[103.52155,21.54642],[103.52213,21.54746],[103.52152,21.54892],[103.52126,21.55075],[103.52068,21.55127],[103.52068,21.55234],[103.5194,21.5547],[103.51923,21.55636],[103.51817,21.55955],[103.51955,21.5604],[103.51973,21.56098],[103.51933,21.5625],[103.51948,21.56474],[103.5213,21.56596],[103.52172,21.56713],[103.52287,21.56676],[103.52389,21.56508],[103.52504,21.56542],[103.5258,21.56502],[103.5274,21.56524],[103.52847,21.56584],[103.52853,21.56727],[103.52973,21.56677],[103.53147,21.56653],[103.53259,21.56788],[103.53358,21.56944],[103.53144,21.57048],[103.53101,21.57175],[103.53095,21.57309],[103.53178,21.57472],[103.53152,21.57603],[103.53154,21.57783],[103.53212,21.57863],[103.53243,21.57986],[103.53164,21.58124],[103.5306,21.58127],[103.52957,21.58191],[103.52919,21.58402],[103.52974,21.58495],[103.52945,21.58588],[103.52997,21.58693],[103.53161,21.58812],[103.53274,21.59047],[103.53388,21.59093],[103.53553,21.59072],[103.53722,21.58986],[103.53829,21.58962],[103.53716,21.59785],[103.53858,21.59913],[103.53848,21.60051],[103.53903,21.60103],[103.54046,21.6012],[103.54152,21.60216],[103.54284,21.60256],[103.54471,21.60183],[103.54638,21.60177],[103.54786,21.60252],[103.54875,21.60431],[103.54841,21.60681],[103.54868,21.6081],[103.55008,21.60973],[103.55077,21.61102],[103.55179,21.61172],[103.55396,21.61274],[103.55406,21.61489],[103.5556,21.61766],[103.55384,21.62078],[103.55324,21.62211],[103.55329,21.62313],[103.55417,21.62475],[103.55395,21.62604],[103.55214,21.62728],[103.55094,21.6284],[103.55031,21.62978],[103.55016,21.63159],[103.55022,21.63649],[103.55047,21.63741],[103.55038,21.63901],[103.54943,21.6399],[103.54835,21.64044],[103.54748,21.64032],[103.54527,21.63946],[103.54402,21.63988],[103.5436,21.64093],[103.54386,21.64201],[103.54532,21.64302],[103.54314,21.64281],[103.54205,21.64331],[103.54175,21.64445],[103.54184,21.64662],[103.54278,21.64763],[103.54417,21.64862],[103.54679,21.65],[103.54687,21.65139],[103.54861,21.65122],[103.54916,21.6522],[103.55045,21.6525]]]},"properties":{"a01_tinh":"diaphanhanhchinhcaptinh_sn.109","a02_xa":"diaphanhanhchinhcapxa_2025.2258","a03_ten":"Xã Quài Tở","a04_tentinh":"Tỉnh Điện Biên","a05_truocsn":"Xã Tỏa Tình, Xã Tênh Phông, Xã Quài Tở","a06_trungtamhc":"Trụ sở Đảng ủy, HĐND và UBND xã Quài Tở","a07_dt":"182.01","a08_ds":"14887","a09_dthoai":null,"a10_web":null,"ten":"Xã Quài Tở","ma":"03295","tentinh":"Tỉnh Điện Biên","truocsapnhap":"Xã Tỏa Tình, Xã Tênh Phông, Xã Quài Tở","dientichkm2":null,"dansonguoi":null},"id":"diaphanhanhchinhcapxa_2025.2258"},
{"type":"Feature","geometry":{"type":"Polygon","coordinates":[[[102.71266,22.04618],[102.7109,22.04802],[102.70676,22.05056],[102.70445,22.05071],[102.70242,22.05006],[102.70165,22.04915],[102.70077,22.04951],[102.7001,22.04891],[102.69681,22.04978],[102.69577,22.04938],[102.69552,22.0505],[102.69475,22.05093],[102.69463,22.05165],[102.69385,22.05184],[102.69336,22.05281],[102.69165,22.05185],[102.69129,22.05252],[102.68957,22.05355],[102.68868,22.05587],[102.68766,22.0564],[102.68624,22.05601],[102.68476,22.05423],[102.68427,22.05408],[102.68284,22.05519],[102.68164,22.05561],[102.67978,22.05577],[102.67699,22.05561],[102.67536,22.05497],[102.67495,22.05266],[102.67293,22.05199],[102.67183,22.05223],[102.6705,22.05202],[102.66853,22.05247],[102.6668,22.05259],[102.66566,22.05401],[102.66419,22.05388],[102.66392,22.05289],[102.66286,22.05199],[102.6622,22.05298],[102.65988,22.05485],[102.65906,22.05503],[102.65758,22.05447],[102.65635,22.05448],[102.65542,22.05608],[102.65142,22.05656],[102.6507,22.05649],[102.64982,22.05526],[102.6497,22.05363],[102.64806,22.05279],[102.64707,22.05329],[102.647,22.05448],[102.64617,22.05471],[102.64477,22.05331],[102.64348,22.05357],[102.64305,22.05443],[102.64314,22.05554],[102.64468,22.05669],[102.64471,22.05886],[102.64558,22.06043],[102.64701,22.06076],[102.64693,22.06205],[102.64523,22.06217],[102.64378,22.06254],[102.64371,22.06305],[102.64252,22.06409],[102.6418,22.06428],[102.64039,22.06558],[102.6401,22.06762],[102.6382,22.06936],[102.63359,22.06803],[102.63085,22.06855],[102.62933,22.06938],[102.6281,22.06958],[102.62674,22.06874],[102.62555,22.06851],[102.62485,22.06783],[102.6233,22.0672],[102.62205,22.06718],[102.62097,22.06801],[102.61936,22.06672],[102.61838,22.06688],[102.61809,22.06792],[102.6167,22.06796],[102.61508,22.06855],[102.61376,22.06856],[102.61284,22.06956],[102.61194,22.06984],[102.61004,22.06958],[102.60837,22.06824],[102.60808,22.06763],[102.60612,22.0672],[102.60533,22.0679],[102.60339,22.06844],[102.60163,22.06798],[102.60009,22.06858],[102.59908,22.06827],[102.59751,22.0665],[102.58836,22.06801],[102.58772,22.06779],[102.58569,22.06792],[102.58427,22.0689],[102.58355,22.07053],[102.58274,22.07121],[102.5814,22.06999],[102.58075,22.06869],[102.57954,22.06912],[102.57897,22.06831],[102.5751,22.06701],[102.5729,22.06537],[102.57114,22.06563],[102.5702,22.06637],[102.56895,22.06782],[102.56805,22.06801],[102.56683,22.06765],[102.56643,22.06694],[102.56379,22.06783],[102.5619,22.0676],[102.56124,22.06666],[102.56042,22.06648],[102.55969,22.06505],[102.55963,22.0639],[102.55994,22.06217],[102.55906,22.05946],[102.55995,22.05842],[102.55998,22.05776],[102.55828,22.05649],[102.5584,22.05541],[102.55803,22.05375],[102.55631,22.05198],[102.55605,22.05026],[102.55547,22.04952],[102.55514,22.04727],[102.55527,22.04532],[102.55469,22.04462],[102.55409,22.04179],[102.55448,22.04075],[102.5526,22.03983],[102.55107,22.03822],[102.54986,22.03737],[102.54847,22.03707],[102.5481,22.03636],[102.54677,22.03503],[102.545,22.03571],[102.54378,22.03678],[102.543,22.03694],[102.54224,22.03542],[102.54159,22.03489],[102.5406,22.0334],[102.54024,22.03091],[102.54076,22.02988],[102.54075,22.02878],[102.54032,22.02813],[102.54038,22.02683],[102.54134,22.02502],[102.54182,22.02332],[102.5414,22.02077],[102.54029,22.01934],[102.54051,22.01789],[102.54012,22.01763],[102.53316,22.01421],[102.53498,22.01159],[102.53613,22.00938],[102.53618,22.00735],[102.53684,22.00673],[102.5354,22.00643],[102.5343,22.00457],[102.53545,22.00353],[102.53542,22.00215],[102.53582,22.00061],[102.53555,21.99928],[102.53393,21.99893],[102.53409,21.99802],[102.53186,21.99845],[102.53001,21.9977],[102.52734,21.99691],[102.52636,21.99731],[102.52487,21.99596],[102.52271,21.99351],[102.52206,21.98948],[102.52086,21.98819],[102.52074,21.98752],[102.51961,21.9867],[102.51867,21.985],[102.5181,21.98467],[102.51792,21.98373],[102.51707,21.98292],[102.51519,21.98196],[102.5123,21.98204],[102.50738,21.98773],[102.50608,21.98653],[102.50358,21.9831],[102.50088,21.98247],[102.50006,21.98128],[102.5005,21.98059],[102.50189,21.98027],[102.50323,21.97931],[102.50351,21.97628],[102.50497,21.97637],[102.50566,21.97523],[102.50513,21.97459],[102.50577,21.97361],[102.50679,21.9731],[102.50793,21.97206],[102.50833,21.9709],[102.50937,21.97087],[102.50946,21.97019],[102.51078,21.97027],[102.51214,21.96876],[102.51292,21.96738],[102.51426,21.96569],[102.5156,21.96657],[102.51756,21.96587],[102.51825,21.96645],[102.52056,21.96667],[102.5243,21.96531],[102.52503,21.96423],[102.52666,21.96282],[102.52899,21.96245],[102.52949,21.96204],[102.53238,21.96128],[102.53342,21.96064],[102.53501,21.96027],[102.53563,21.95958],[102.53745,21.9588],[102.53951,21.95701],[102.54057,21.95633],[102.54136,21.95488],[102.54414,21.95301],[102.54669,21.95313],[102.54934,21.95175],[102.54961,21.95075],[102.5509,21.94969],[102.55221,21.94919],[102.55379,21.94746],[102.55518,21.94674],[102.5594,21.94376],[102.56142,21.94343],[102.56439,21.94108],[102.56465,21.94031],[102.56437,21.93905],[102.56498,21.93837],[102.56652,21.93767],[102.56828,21.93745],[102.57153,21.93613],[102.57299,21.93577],[102.57584,21.9345],[102.57952,21.93455],[102.58108,21.93128],[102.58203,21.93097],[102.58254,21.93013],[102.58364,21.92923],[102.58381,21.92866],[102.58546,21.92816],[102.58803,21.92765],[102.58962,21.92811],[102.59011,21.92745],[102.59189,21.92676],[102.59315,21.92504],[102.59481,21.92418],[102.59643,21.92502],[102.59788,21.92527],[102.5998,21.92514],[102.60182,21.92453],[102.60233,21.92493],[102.604,21.92444],[102.60468,21.9239],[102.60459,21.92281],[102.60569,21.9229],[102.60634,21.9224],[102.60894,21.92228],[102.60945,21.92145],[102.61177,21.9208],[102.61287,21.91989],[102.61339,21.91791],[102.61383,21.91715],[102.61557,21.91562],[102.61581,21.91486],[102.61722,21.9133],[102.61778,21.91112],[102.61823,21.91025],[102.61966,21.9064],[102.61943,21.90573],[102.62059,21.90228],[102.62121,21.90127],[102.6229,21.90136],[102.62414,21.90186],[102.62466,21.9027],[102.62864,21.90397],[102.63101,21.90341],[102.63257,21.90268],[102.63429,21.90249],[102.63609,21.90334],[102.63729,21.90364],[102.63903,21.9065],[102.63906,21.9072],[102.64012,21.90917],[102.64146,21.90993],[102.64162,21.91095],[102.64245,21.91146],[102.64319,21.91247],[102.64384,21.91452],[102.64172,21.91524],[102.63981,21.91706],[102.63975,21.91857],[102.64305,21.92133],[102.64451,21.92322],[102.64505,21.9244],[102.64658,21.92472],[102.64932,21.92624],[102.65014,21.92627],[102.65085,21.92532],[102.65269,21.92525],[102.65393,21.92473],[102.65518,21.9256],[102.65579,21.92421],[102.65669,21.92393],[102.65742,21.92427],[102.65769,21.92584],[102.65815,21.92685],[102.65856,21.92902],[102.66,21.92917],[102.66148,21.92992],[102.66276,21.9335],[102.66355,21.93442],[102.66379,21.93588],[102.66423,21.93676],[102.66587,21.93844],[102.66633,21.93946],[102.66664,21.94122],[102.66661,21.94241],[102.66794,21.9445],[102.66924,21.94743],[102.66907,21.94904],[102.66983,21.95096],[102.66952,21.9536],[102.67013,21.95486],[102.67051,21.95735],[102.67109,21.95829],[102.67284,21.95971],[102.67481,21.9593],[102.67605,21.96],[102.67674,21.95946],[102.6781,21.95938],[102.68001,21.96082],[102.68077,21.96068],[102.67898,21.96306],[102.67942,21.96503],[102.68107,21.96664],[102.67951,21.96965],[102.67977,21.97174],[102.68023,21.97268],[102.68149,21.97399],[102.68175,21.97495],[102.68156,21.97618],[102.68113,21.97667],[102.68278,21.97873],[102.68352,21.98006],[102.68553,21.98193],[102.68597,21.98347],[102.68599,21.98548],[102.68635,21.9865],[102.68781,21.98693],[102.68697,21.98793],[102.68704,21.98937],[102.68514,21.98951],[102.68401,21.99071],[102.68223,21.99155],[102.6811,21.99256],[102.68044,21.99276],[102.6806,21.99399],[102.68017,21.99475],[102.67863,21.99542],[102.67772,21.99641],[102.67618,21.99906],[102.67568,22.00033],[102.67647,22.00325],[102.67802,22.00348],[102.68035,22.00218],[102.68127,22.00326],[102.68221,22.00385],[102.68453,22.00333],[102.68735,22.00324],[102.69021,22.00354],[102.69197,22.00459],[102.69209,22.0055],[102.69283,22.00586],[102.69411,22.00734],[102.69518,22.00754],[102.69615,22.00817],[102.69718,22.01062],[102.69476,22.01272],[102.69405,22.0131],[102.69261,22.01327],[102.6919,22.01486],[102.69124,22.01562],[102.69155,22.01651],[102.69265,22.01738],[102.69393,22.01994],[102.69537,22.02109],[102.6957,22.02226],[102.6965,22.02294],[102.69651,22.02403],[102.69711,22.02531],[102.6969,22.02734],[102.69957,22.03056],[102.70021,22.03293],[102.70091,22.03333],[102.7008,22.03408],[102.70125,22.03585],[102.70182,22.03661],[102.7029,22.03988],[102.70361,22.04111],[102.70371,22.04268],[102.70407,22.04312],[102.70726,22.04266],[102.70833,22.04492],[102.71012,22.04575],[102.71266,22.04618]]]},"properties":{"a01_tinh":"diaphanhanhchinhcaptinh_sn.109","a02_xa":"diaphanhanhchinhcapxa_2025.2235","a03_ten":"Xã Quảng Lâm","a04_tentinh":"Tỉnh Điện Biên","a05_truocsn":"Xã Na Cô Sa, Xã Quảng Lâm","a06_trungtamhc":"Trụ sở Đảng ủy, HĐND và UBND xã Quảng Lâm","a07_dt":"233.25","a08_ds":"10021","a09_dthoai":null,"a10_web":null,"ten":"Xã Quảng Lâm","ma":"03164","tentinh":"Tỉnh Điện Biên","truocsapnhap":"Xã Na Cô Sa, Xã Quảng Lâm","dientichkm2":null,"dansonguoi":null},"id":"diaphanhanhchinhcapxa_2025.2235"},
{"type":"Feature","geometry":{"type":"Polygon","coordinates":[[[103.02137,21.25137],[103.01875,21.25125],[103.01713,21.25195],[103.01754,21.25432],[103.01639,21.2551],[103.01568,21.25655],[103.01545,21.2576],[103.0146,21.25908],[103.01326,21.259],[103.01206,21.26063],[103.01054,21.26364],[103.01021,21.26533],[103.01061,21.26639],[103.01156,21.26735],[103.01235,21.26953],[103.0123,21.27023],[103.01105,21.27275],[103.01097,21.27495],[103.00972,21.27537],[103.00874,21.27608],[103.01017,21.27748],[103.01065,21.27868],[103.01161,21.27963],[103.01169,21.28073],[103.0123,21.28253],[103.0126,21.28267],[103.01356,21.28525],[103.01467,21.28531],[103.01515,21.2865],[103.01749,21.2882],[103.01692,21.29079],[103.02063,21.29074],[103.02067,21.29219],[103.01994,21.293],[103.01977,21.29448],[103.02287,21.29584],[103.02331,21.29569],[103.02392,21.29739],[103.02452,21.29791],[103.02446,21.29906],[103.02224,21.29903],[103.02055,21.29927],[103.01937,21.29886],[103.01812,21.30141],[103.01625,21.30145],[103.01533,21.30185],[103.0119,21.30133],[103.01053,21.30085],[103.009,21.29938],[103.00696,21.2987],[103.00647,21.29765],[103.00617,21.29546],[103.00404,21.29488],[103.00302,21.29535],[103.00052,21.29482],[102.99997,21.29451],[103.00129,21.2925],[103.00113,21.28986],[103.00318,21.28846],[103.00351,21.28764],[103.00325,21.28677],[103.00079,21.28564],[102.9998,21.28484],[102.99903,21.28337],[102.99718,21.28161],[102.9966,21.28015],[102.99364,21.27823],[102.99156,21.27783],[102.98484,21.27616],[102.9823,21.27673],[102.98,21.27559],[102.97888,21.27531],[102.97808,21.27604],[102.97767,21.27732],[102.97851,21.27887],[102.97852,21.27955],[102.97718,21.28051],[102.97506,21.28103],[102.97286,21.281],[102.97102,21.28068],[102.96859,21.27906],[102.96739,21.27955],[102.96873,21.2823],[102.96863,21.28362],[102.96773,21.28468],[102.96668,21.28504],[102.96509,21.28514],[102.96294,21.28437],[102.96174,21.28423],[102.96035,21.28448],[102.95868,21.28563],[102.95472,21.28646],[102.95249,21.28773],[102.94989,21.28823],[102.94643,21.28831],[102.94569,21.2861],[102.9454,21.28457],[102.94576,21.28284],[102.9452,21.28242],[102.94392,21.28279],[102.94288,21.28352],[102.94114,21.28354],[102.93801,21.28527],[102.93627,21.28544],[102.93463,21.28456],[102.93217,21.28402],[102.93081,21.28392],[102.92972,21.28342],[102.92738,21.28406],[102.92438,21.28138],[102.92329,21.28145],[102.92244,21.2819],[102.91954,21.28195],[102.9183,21.28259],[102.91672,21.28304],[102.91324,21.283],[102.91242,21.28273],[102.91055,21.28346],[102.90827,21.28284],[102.90898,21.28042],[102.90972,21.27961],[102.90978,21.27847],[102.90817,21.27774],[102.90734,21.27786],[102.90588,21.27721],[102.90477,21.27511],[102.90511,21.27328],[102.90617,21.2722],[102.90662,21.27064],[102.90635,21.27],[102.90729,21.26809],[102.90728,21.26733],[102.90548,21.26568],[102.9047,21.26409],[102.90277,21.26203],[102.90173,21.26147],[102.90074,21.26135],[102.90037,21.26186],[102.89847,21.26263],[102.89728,21.26273],[102.89539,21.26213],[102.8935,21.26184],[102.89208,21.26256],[102.89087,21.26182],[102.88759,21.26093],[102.88616,21.26115],[102.88468,21.26046],[102.88353,21.26058],[102.88185,21.25971],[102.88172,21.25846],[102.88126,21.25767],[102.87998,21.2575],[102.8789,21.25684],[102.87596,21.2566],[102.87548,21.25674],[102.87379,21.25606],[102.87087,21.25522],[102.86841,21.25498],[102.86701,21.25458],[102.86839,21.2539],[102.87034,21.25345],[102.87088,21.25257],[102.87173,21.25337],[102.87328,21.25367],[102.8758,21.25214],[102.87627,21.2529],[102.87708,21.25198],[102.87929,21.25129],[102.88013,21.25008],[102.88137,21.25066],[102.88396,21.24879],[102.88468,21.24884],[102.88734,21.24696],[102.8899,21.24621],[102.89183,21.24645],[102.89305,21.24512],[102.89457,21.24426],[102.89481,21.24337],[102.89605,21.24255],[102.8973,21.24131],[102.89823,21.23968],[102.89944,21.23645],[102.90083,21.23421],[102.90369,21.23177],[102.90601,21.23113],[102.90672,21.23151],[102.90823,21.23098],[102.90983,21.23099],[102.91192,21.22952],[102.91239,21.22861],[102.91256,21.22696],[102.9099,21.2261],[102.90868,21.22537],[102.90822,21.2243],[102.90845,21.22313],[102.90779,21.22162],[102.90794,21.21923],[102.90765,21.2184],[102.90813,21.21754],[102.90908,21.21707],[102.90969,21.21618],[102.90966,21.21306],[102.90991,21.21276],[102.91005,21.21034],[102.90961,21.20845],[102.90968,21.2077],[102.90896,21.20654],[102.90899,21.20583],[102.91119,21.20392],[102.90908,21.20176],[102.90774,21.20019],[102.90744,21.19921],[102.90828,21.19702],[102.90882,21.19632],[102.90682,21.19493],[102.90631,21.19365],[102.90474,21.1925],[102.90435,21.19116],[102.90351,21.19025],[102.9037,21.18923],[102.90469,21.18841],[102.90489,21.18732],[102.90592,21.18611],[102.90575,21.18526],[102.90712,21.18429],[102.90764,21.18292],[102.90875,21.18168],[102.90921,21.17999],[102.90775,21.17811],[102.90799,21.17612],[102.90712,21.17558],[102.9061,21.17616],[102.9036,21.17495],[102.90347,21.17386],[102.90389,21.1732],[102.90332,21.17255],[102.90346,21.17069],[102.90271,21.16968],[102.90293,21.16795],[102.90334,21.16761],[102.90261,21.1662],[102.90358,21.16534],[102.90458,21.165],[102.90623,21.16518],[102.90677,21.16477],[102.90753,21.16319],[102.90902,21.16228],[102.91008,21.16241],[102.91258,21.16164],[102.91279,21.16118],[102.91557,21.16085],[102.91736,21.16122],[102.91861,21.16003],[102.91913,21.15858],[102.92109,21.15769],[102.92232,21.1561],[102.92348,21.15756],[102.92378,21.15916],[102.92486,21.16139],[102.92595,21.16167],[102.92795,21.16266],[102.92851,21.1625],[102.92962,21.16126],[102.92994,21.16033],[102.9313,21.15946],[102.93607,21.15937],[102.93718,21.15906],[102.93821,21.15778],[102.93799,21.15706],[102.93664,21.15566],[102.93791,21.15328],[102.9388,21.15306],[102.93927,21.1524],[102.93945,21.15123],[102.94024,21.1499],[102.94203,21.1487],[102.94202,21.14817],[102.9431,21.14653],[102.94404,21.14458],[102.94671,21.14224],[102.94817,21.14144],[102.94955,21.14124],[102.94889,21.13958],[102.94961,21.13863],[102.94916,21.13798],[102.94772,21.13739],[102.94661,21.13656],[102.94529,21.13609],[102.9446,21.13458],[102.94451,21.13329],[102.94314,21.13297],[102.94107,21.13198],[102.94029,21.1301],[102.93943,21.12891],[102.94071,21.12742],[102.94056,21.12641],[102.94251,21.12513],[102.94259,21.12434],[102.94361,21.1234],[102.94575,21.12369],[102.94826,21.12283],[102.94854,21.12181],[102.94972,21.12155],[102.95141,21.1206],[102.9513,21.11991],[102.95293,21.11998],[102.95444,21.11941],[102.95467,21.11902],[102.95499,21.11667],[102.95628,21.11574],[102.95944,21.11485],[102.96109,21.11368],[102.96137,21.11311],[102.96361,21.11455],[102.96372,21.11556],[102.96567,21.117],[102.96642,21.11798],[102.96594,21.1191],[102.96606,21.12086],[102.96715,21.12191],[102.96905,21.12326],[102.96959,21.12543],[102.97109,21.12721],[102.97408,21.12922],[102.97669,21.13135],[102.97778,21.13158],[102.98021,21.13272],[102.98041,21.13412],[102.97801,21.13495],[102.97765,21.13592],[102.97752,21.13757],[102.97791,21.1382],[102.97966,21.13947],[102.98052,21.13925],[102.98241,21.14184],[102.98313,21.14207],[102.98372,21.14096],[102.98435,21.14107],[102.98407,21.14261],[102.98437,21.14347],[102.98668,21.14617],[102.98693,21.14702],[102.98621,21.14776],[102.98629,21.15042],[102.98506,21.15095],[102.98499,21.15326],[102.98459,21.15409],[102.98503,21.15549],[102.98622,21.15646],[102.98709,21.15662],[102.98659,21.15783],[102.98711,21.15944],[102.98771,21.16012],[102.98856,21.15956],[102.98885,21.16068],[102.99006,21.16158],[102.98961,21.16371],[102.9886,21.16398],[102.98809,21.16464],[102.98916,21.16695],[102.98861,21.16755],[102.98782,21.16942],[102.98902,21.16944],[102.98808,21.17066],[102.989,21.17077],[102.98881,21.17271],[102.98829,21.17346],[102.98889,21.17399],[102.98872,21.17549],[102.98756,21.17673],[102.98714,21.17761],[102.98793,21.17809],[102.98954,21.17784],[102.98984,21.17915],[102.99097,21.17979],[102.99195,21.1808],[102.99288,21.18038],[102.99302,21.18261],[102.99191,21.18333],[102.99194,21.18417],[102.99254,21.18529],[102.99,21.18675],[102.98971,21.18935],[102.98899,21.19001],[102.98866,21.19139],[102.98884,21.19252],[102.98737,21.1945],[102.98819,21.19547],[102.98842,21.19714],[102.98882,21.19821],[102.98923,21.20061],[102.99011,21.20261],[102.99002,21.20319],[102.99056,21.20516],[102.99038,21.20586],[102.98946,21.20662],[102.98769,21.20751],[102.98669,21.20869],[102.9869,21.21147],[102.98473,21.21283],[102.9857,21.21515],[102.98315,21.21578],[102.98148,21.21745],[102.98054,21.22017],[102.98228,21.22145],[102.98294,21.22258],[102.98267,21.22411],[102.98147,21.22561],[102.98342,21.22655],[102.98634,21.22841],[102.98861,21.22951],[102.99119,21.22967],[102.99155,21.22759],[102.99355,21.22889],[102.99558,21.23145],[102.99665,21.2315],[102.99807,21.23214],[102.99905,21.23226],[103.00148,21.23181],[103.00302,21.23207],[103.00753,21.23346],[103.00934,21.23362],[103.01037,21.23448],[103.01157,21.23485],[103.01235,21.23558],[103.01303,21.23525],[103.01452,21.23596],[103.01516,21.23585],[103.01583,21.23776],[103.01625,21.23809],[103.01768,21.23765],[103.01898,21.23914],[103.01925,21.24084],[103.01864,21.24154],[103.01924,21.24247],[103.01942,21.24483],[103.02051,21.24609],[103.01925,21.24702],[103.01931,21.24808],[103.02044,21.24842],[103.02185,21.24946],[103.02172,21.25094],[103.02137,21.25137]]]},"properties":{"a01_tinh":"diaphanhanhchinhcaptinh_sn.109","a02_xa":"diaphanhanhchinhcapxa_2025.2266","a03_ten":"Xã Sam Mứn","a04_tentinh":"Tỉnh Điện Biên","a05_truocsn":"Xã Pom Lót, Xã Na Ư","a06_trungtamhc":"Trụ sở Đảng ủy, HĐND và UBND xã Pom Lót","a07_dt":"156.12","a08_ds":"8183","a09_dthoai":null,"a10_web":null,"ten":"Xã Sam Mứn","ma":"03356","tentinh":"Tỉnh Điện Biên","truocsapnhap":"Xã Pom Lót, Xã Na Ư","dientichkm2":null,"dansonguoi":null},"id":"diaphanhanhchinhcapxa_2025.2266"},
{"type":"Feature","geometry":{"type":"Polygon","coordinates":[[[103.48185,21.91647],[103.48239,21.91736],[103.48358,21.91849],[103.48414,21.91948],[103.48447,21.92115],[103.48276,21.92274],[103.47791,21.92225],[103.47381,21.92173],[103.46637,21.92368],[103.45875,21.92701],[103.45578,21.92691],[103.45461,21.92572],[103.4535,21.92565],[103.45259,21.92489],[103.45046,21.92515],[103.44972,21.92492],[103.44767,21.92581],[103.44739,21.92482],[103.44791,21.9241],[103.44462,21.9216],[103.44365,21.9201],[103.44266,21.91905],[103.44179,21.91881],[103.44042,21.91746],[103.44029,21.9159],[103.4409,21.91472],[103.44068,21.91308],[103.43937,21.91204],[103.43869,21.91111],[103.43727,21.91023],[103.43585,21.90975],[103.43483,21.91],[103.43331,21.9096],[103.43136,21.91086],[103.43066,21.91323],[103.42928,21.91452],[103.42873,21.91593],[103.42672,21.91722],[103.42661,21.91801],[103.42865,21.92166],[103.42923,21.92215],[103.41925,21.92513],[103.41895,21.924],[103.41744,21.92288],[103.41649,21.92182],[103.41382,21.92222],[103.41175,21.92326],[103.40847,21.9236],[103.40601,21.92259],[103.40583,21.92175],[103.4022,21.92116],[103.40079,21.92143],[103.39952,21.92067],[103.39695,21.92024],[103.3961,21.91911],[103.3946,21.91815],[103.39549,21.91737],[103.39602,21.91629],[103.39746,21.91512],[103.3983,21.91364],[103.39952,21.91297],[103.40124,21.91275],[103.40259,21.90998],[103.40168,21.90835],[103.40142,21.9073],[103.3999,21.90645],[103.40018,21.90565],[103.39989,21.90437],[103.40025,21.90357],[103.40215,21.90247],[103.4044,21.90199],[103.40785,21.89967],[103.41048,21.8956],[103.41138,21.89392],[103.41116,21.89314],[103.41137,21.89178],[103.4111,21.89086],[103.40826,21.89066],[103.40501,21.89001],[103.40035,21.89122],[103.39539,21.89211],[103.38184,21.88921],[103.38087,21.89014],[103.37904,21.89072],[103.37741,21.89089],[103.37697,21.89035],[103.37589,21.88803],[103.37592,21.887],[103.37549,21.88639],[103.37545,21.88441],[103.3749,21.88324],[103.37463,21.88192],[103.37405,21.88161],[103.374,21.87871],[103.37422,21.87752],[103.3749,21.87574],[103.37689,21.87386],[103.37977,21.87077],[103.38015,21.86958],[103.38025,21.86696],[103.38007,21.86423],[103.38139,21.86255],[103.38235,21.86062],[103.38323,21.85754],[103.38429,21.85649],[103.3836,21.85461],[103.38359,21.85397],[103.38205,21.852],[103.38017,21.85116],[103.37876,21.8511],[103.37933,21.84999],[103.38071,21.84889],[103.38205,21.84734],[103.38263,21.8479],[103.38451,21.84762],[103.38661,21.84843],[103.38893,21.84796],[103.38956,21.84688],[103.38918,21.84639],[103.38793,21.84609],[103.38884,21.84476],[103.38801,21.84411],[103.39017,21.84215],[103.39091,21.8424],[103.39143,21.84083],[103.39086,21.83889],[103.38996,21.8373],[103.39061,21.83588],[103.38951,21.8355],[103.38859,21.83338],[103.38853,21.83126],[103.38795,21.83003],[103.38891,21.82923],[103.39012,21.82937],[103.39087,21.8301],[103.38952,21.831],[103.38956,21.83208],[103.39075,21.83367],[103.39332,21.83381],[103.39507,21.83494],[103.39631,21.83532],[103.39791,21.83424],[103.39975,21.83403],[103.40177,21.83343],[103.40299,21.83273],[103.40456,21.83322],[103.40868,21.83297],[103.40975,21.83229],[103.41164,21.83207],[103.41402,21.83157],[103.4153,21.83195],[103.41965,21.83097],[103.42027,21.83067],[103.42233,21.83085],[103.42314,21.83037],[103.42447,21.82851],[103.42419,21.82765],[103.42321,21.82688],[103.42308,21.82473],[103.42355,21.82269],[103.4242,21.82182],[103.42361,21.82035],[103.42397,21.81913],[103.42579,21.81703],[103.42712,21.81668],[103.42834,21.81383],[103.42949,21.81154],[103.4307,21.80968],[103.42918,21.80973],[103.42827,21.80877],[103.42757,21.80673],[103.42851,21.8054],[103.42842,21.80475],[103.42978,21.80401],[103.42987,21.80184],[103.43129,21.80039],[103.43232,21.80015],[103.43167,21.79873],[103.4302,21.79638],[103.43012,21.79575],[103.42813,21.79392],[103.42842,21.79374],[103.42827,21.79012],[103.43105,21.78851],[103.43214,21.78633],[103.43297,21.78546],[103.43342,21.78423],[103.43441,21.7834],[103.43511,21.78209],[103.43658,21.78035],[103.43672,21.77953],[103.44056,21.77838],[103.44183,21.77861],[103.44392,21.7798],[103.44531,21.78013],[103.44931,21.77859],[103.45219,21.77768],[103.45411,21.77743],[103.45457,21.77707],[103.45611,21.77822],[103.4589,21.77885],[103.45982,21.77535],[103.46073,21.77452],[103.46037,21.77337],[103.46113,21.77223],[103.46104,21.77156],[103.46218,21.77016],[103.46218,21.7695],[103.46349,21.76891],[103.46689,21.77035],[103.46826,21.7719],[103.46795,21.77399],[103.46893,21.77595],[103.4703,21.77465],[103.47106,21.77468],[103.4724,21.77414],[103.47325,21.77282],[103.47491,21.77206],[103.4855,21.77467],[103.48638,21.77358],[103.48778,21.77276],[103.48838,21.77183],[103.48815,21.7706],[103.48947,21.77027],[103.49057,21.77064],[103.49212,21.76904],[103.49399,21.76871],[103.4946,21.76812],[103.49789,21.76741],[103.49897,21.76614],[103.49974,21.76728],[103.50115,21.76847],[103.50215,21.77034],[103.50418,21.77225],[103.50534,21.77282],[103.50637,21.77277],[103.50758,21.77347],[103.5088,21.77376],[103.51101,21.77541],[103.51129,21.77649],[103.51264,21.77783],[103.51328,21.77803],[103.51697,21.7781],[103.5219,21.77991],[103.52331,21.78077],[103.52554,21.78182],[103.52756,21.78234],[103.52686,21.78482],[103.52736,21.78527],[103.52738,21.78703],[103.52861,21.78946],[103.53218,21.79132],[103.53432,21.79323],[103.53556,21.79085],[103.5364,21.78967],[103.53682,21.78743],[103.53789,21.78656],[103.53975,21.78355],[103.54142,21.78221],[103.54185,21.78007],[103.54237,21.77966],[103.54672,21.77997],[103.54743,21.78024],[103.55194,21.7832],[103.5508,21.78574],[103.55061,21.78658],[103.55077,21.78809],[103.55058,21.78892],[103.55315,21.79278],[103.55239,21.79407],[103.55159,21.79487],[103.55066,21.79486],[103.54763,21.79675],[103.54682,21.79653],[103.54681,21.7995],[103.54663,21.80096],[103.54538,21.80273],[103.54383,21.80449],[103.5425,21.8052],[103.54212,21.8067],[103.54153,21.80742],[103.54077,21.80988],[103.53935,21.81153],[103.53896,21.81265],[103.53773,21.81321],[103.53608,21.81433],[103.53895,21.81629],[103.53976,21.81726],[103.54026,21.82018],[103.54204,21.82172],[103.5419,21.82303],[103.54101,21.82401],[103.54015,21.82718],[103.53947,21.82823],[103.53761,21.82856],[103.5364,21.83121],[103.53548,21.83219],[103.53408,21.83236],[103.53282,21.83122],[103.53061,21.8324],[103.52944,21.83402],[103.52802,21.83487],[103.52899,21.83684],[103.5291,21.83855],[103.52975,21.83926],[103.52935,21.84066],[103.52918,21.8425],[103.52852,21.84502],[103.5275,21.84711],[103.52684,21.84778],[103.52652,21.84883],[103.52496,21.85002],[103.5249,21.85153],[103.52448,21.85261],[103.52261,21.85479],[103.52237,21.85714],[103.52245,21.85942],[103.52211,21.86211],[103.5199,21.8631],[103.51896,21.86423],[103.51284,21.86644],[103.51119,21.86752],[103.51085,21.86829],[103.51065,21.87043],[103.50901,21.87203],[103.50825,21.87346],[103.50464,21.87389],[103.50323,21.87343],[103.50097,21.87352],[103.4992,21.87385],[103.49871,21.87478],[103.49668,21.87491],[103.49559,21.87431],[103.49458,21.8743],[103.49242,21.87523],[103.49276,21.8768],[103.49358,21.8772],[103.49403,21.87857],[103.49527,21.87967],[103.49417,21.88154],[103.49308,21.88162],[103.49131,21.88243],[103.49074,21.88317],[103.48955,21.88393],[103.48847,21.88415],[103.49062,21.88974],[103.48934,21.89088],[103.48789,21.89108],[103.48722,21.89158],[103.48545,21.89397],[103.48445,21.89686],[103.48543,21.89885],[103.48695,21.90083],[103.48809,21.90299],[103.48784,21.90423],[103.48718,21.90505],[103.48472,21.90626],[103.48406,21.90704],[103.48244,21.90657],[103.48115,21.90674],[103.4803,21.90784],[103.4809,21.90913],[103.48199,21.9126],[103.47922,21.91533],[103.47964,21.91614],[103.48102,21.91699],[103.48185,21.91647]]]},"properties":{"a01_tinh":"diaphanhanhchinhcaptinh_sn.109","a02_xa":"diaphanhanhchinhcapxa_2025.2252","a03_ten":"Xã Sáng Nhè","a04_tentinh":"Tỉnh Điện Biên","a05_truocsn":"Xã Xá Nhè, Xã Mường Đun, Xã Phình Sáng","a06_trungtamhc":"Trụ sở Đảng ủy, HĐND và UBND xã Xá Nhè","a07_dt":"215.5","a08_ds":"15722","a09_dthoai":null,"a10_web":null,"ten":"Xã Sáng Nhè","ma":"03244","tentinh":"Tỉnh Điện Biên","truocsapnhap":"Xã Xá Nhè, Xã Mường Đun, Xã Phình Sáng","dientichkm2":null,"dansonguoi":null},"id":"diaphanhanhchinhcapxa_2025.2252"},
{"type":"Feature","geometry":{"type":"Polygon","coordinates":[[[102.94218,21.91457],[102.9411,21.91622],[102.93962,21.91712],[102.93796,21.91722],[102.93722,21.91646],[102.93502,21.91562],[102.93439,21.91478],[102.9317,21.91324],[102.93112,21.91177],[102.93035,21.91067],[102.92971,21.90781],[102.92888,21.90605],[102.92787,21.90482],[102.92597,21.90509],[102.9252,21.90421],[102.92383,21.90371],[102.92246,21.90456],[102.92173,21.90334],[102.91988,21.90325],[102.91902,21.90119],[102.91777,21.90129],[102.91691,21.90021],[102.91507,21.89929],[102.91307,21.89901],[102.91098,21.89769],[102.91083,21.8987],[102.91017,21.89891],[102.90872,21.8977],[102.90757,21.89767],[102.90702,21.8982],[102.90553,21.89788],[102.90632,21.89621],[102.90602,21.89516],[102.90654,21.89347],[102.90606,21.89247],[102.90479,21.89198],[102.90465,21.89121],[102.90627,21.89059],[102.90749,21.89037],[102.90919,21.89046],[102.90951,21.88981],[102.90813,21.88837],[102.90792,21.8876],[102.90926,21.88657],[102.91089,21.88389],[102.91085,21.8831],[102.90943,21.87978],[102.90801,21.8785],[102.90656,21.87808],[102.90606,21.87721],[102.90722,21.87575],[102.90742,21.87444],[102.90642,21.87299],[102.90472,21.87292],[102.90081,21.87148],[102.89895,21.87106],[102.89693,21.87118],[102.89319,21.87179],[102.89219,21.87163],[102.88929,21.87164],[102.88707,21.87271],[102.88577,21.87299],[102.88437,21.87458],[102.88331,21.87713],[102.88333,21.87786],[102.88251,21.88025],[102.88007,21.87956],[102.87665,21.87822],[102.8739,21.8768],[102.87308,21.87615],[102.87169,21.87587],[102.87005,21.87725],[102.86936,21.87754],[102.86745,21.87763],[102.86683,21.87865],[102.86553,21.87909],[102.86407,21.88051],[102.86232,21.88018],[102.86077,21.87866],[102.86077,21.8765],[102.86115,21.876],[102.86052,21.87389],[102.86103,21.87345],[102.86109,21.87201],[102.86223,21.8711],[102.86307,21.86805],[102.86309,21.86451],[102.86328,21.86339],[102.86399,21.86204],[102.86425,21.86083],[102.86374,21.85977],[102.86232,21.85774],[102.86164,21.85741],[102.85918,21.85762],[102.85834,21.85709],[102.85762,21.85602],[102.85705,21.85588],[102.85573,21.85694],[102.85472,21.85648],[102.85425,21.85541],[102.85276,21.85577],[102.85136,21.85547],[102.85102,21.85498],[102.85032,21.85192],[102.85093,21.85068],[102.85085,21.84885],[102.84937,21.84768],[102.84921,21.84674],[102.84965,21.84459],[102.85036,21.84318],[102.85149,21.84237],[102.8511,21.84177],[102.8521,21.84001],[102.85222,21.83885],[102.85199,21.83725],[102.85277,21.83531],[102.85298,21.83381],[102.85273,21.83247],[102.85374,21.83132],[102.85375,21.82776],[102.85355,21.82503],[102.85383,21.82384],[102.85556,21.82391],[102.85662,21.82367],[102.85681,21.82219],[102.85763,21.82044],[102.8576,21.81826],[102.85641,21.81507],[102.85575,21.81295],[102.85496,21.81203],[102.85468,21.81085],[102.85485,21.80993],[102.85582,21.80819],[102.85659,21.80749],[102.85696,21.80642],[102.85592,21.8054],[102.85618,21.80434],[102.85623,21.8021],[102.85717,21.80205],[102.85795,21.80121],[102.85812,21.7996],[102.85974,21.79839],[102.85991,21.79758],[102.85927,21.79671],[102.85933,21.79539],[102.85848,21.79478],[102.85821,21.79349],[102.85758,21.79263],[102.85723,21.79082],[102.85549,21.78933],[102.85434,21.78899],[102.85427,21.78811],[102.85629,21.78418],[102.85785,21.78419],[102.85888,21.78367],[102.85922,21.78287],[102.85861,21.78191],[102.85865,21.78066],[102.85791,21.77892],[102.85738,21.77671],[102.85812,21.7758],[102.85862,21.77451],[102.85751,21.77344],[102.85743,21.77226],[102.8566,21.77195],[102.8563,21.77127],[102.85634,21.76988],[102.8556,21.76977],[102.85576,21.76759],[102.85699,21.76832],[102.85884,21.76711],[102.86028,21.76691],[102.86146,21.76641],[102.8618,21.76495],[102.8613,21.76355],[102.86058,21.76238],[102.86085,21.76134],[102.86011,21.75958],[102.86041,21.75589],[102.86078,21.75462],[102.85989,21.75405],[102.85921,21.75161],[102.85831,21.75105],[102.85677,21.75072],[102.85639,21.74976],[102.85709,21.748],[102.85603,21.74695],[102.85502,21.74642],[102.85526,21.74463],[102.85458,21.7425],[102.85493,21.74087],[102.85437,21.73974],[102.8556,21.73838],[102.85673,21.73671],[102.85678,21.73615],[102.85802,21.73426],[102.85848,21.73111],[102.85893,21.73043],[102.85874,21.7287],[102.85686,21.72733],[102.85644,21.72562],[102.8565,21.72116],[102.85746,21.72086],[102.85852,21.71995],[102.85946,21.71999],[102.86028,21.71947],[102.86072,21.71791],[102.86222,21.71613],[102.86397,21.71605],[102.86485,21.71501],[102.86549,21.71484],[102.86725,21.71514],[102.86821,21.71395],[102.86997,21.71309],[102.87051,21.71197],[102.87051,21.71062],[102.87173,21.70842],[102.87416,21.70724],[102.87509,21.70724],[102.87718,21.70631],[102.8777,21.70554],[102.87746,21.70332],[102.87808,21.7023],[102.88059,21.7046],[102.88195,21.70557],[102.88213,21.70865],[102.88405,21.70999],[102.88441,21.71077],[102.8854,21.71141],[102.88616,21.7125],[102.88747,21.71296],[102.88851,21.71296],[102.89,21.7124],[102.89195,21.71305],[102.89326,21.71305],[102.89364,21.71362],[102.89451,21.71348],[102.89515,21.71407],[102.89693,21.71407],[102.89854,21.71458],[102.89966,21.71643],[102.9028,21.7188],[102.90634,21.71756],[102.90704,21.71716],[102.90953,21.71809],[102.91076,21.71927],[102.91206,21.71993],[102.913,21.72093],[102.91454,21.72184],[102.91518,21.72191],[102.91612,21.72111],[102.91714,21.72083],[102.9179,21.72121],[102.92032,21.72369],[102.92276,21.72481],[102.92445,21.72515],[102.92571,21.72508],[102.92815,21.72437],[102.92989,21.72457],[102.93223,21.72444],[102.93369,21.7249],[102.93522,21.72489],[102.93662,21.72443],[102.93759,21.72516],[102.93926,21.72556],[102.9405,21.72663],[102.94215,21.72612],[102.94424,21.72625],[102.94574,21.72658],[102.94817,21.7279],[102.94903,21.72902],[102.95106,21.72834],[102.9548,21.72852],[102.95587,21.7295],[102.95648,21.73114],[102.9561,21.73244],[102.95618,21.7334],[102.95795,21.73412],[102.95954,21.73536],[102.96004,21.73607],[102.96156,21.73727],[102.96171,21.73815],[102.96327,21.73962],[102.96309,21.74051],[102.96403,21.74207],[102.96443,21.74341],[102.96671,21.74421],[102.96774,21.74556],[102.96867,21.74583],[102.96959,21.74669],[102.97465,21.74493],[102.97757,21.74666],[102.97854,21.74807],[102.97955,21.74878],[102.97989,21.75121],[102.98098,21.75316],[102.98174,21.75506],[102.9832,21.75591],[102.98446,21.75604],[102.98561,21.75706],[102.98517,21.76018],[102.98437,21.76124],[102.98317,21.76216],[102.98018,21.76282],[102.97793,21.76374],[102.97836,21.76459],[102.97766,21.76531],[102.97834,21.76607],[102.97832,21.7674],[102.97915,21.76836],[102.97925,21.76939],[102.97994,21.7703],[102.97923,21.77092],[102.9806,21.77244],[102.98143,21.77386],[102.98134,21.77509],[102.983,21.77579],[102.98201,21.77688],[102.98322,21.77757],[102.98294,21.77874],[102.98154,21.77866],[102.98106,21.77956],[102.98206,21.7823],[102.98329,21.78337],[102.98236,21.78482],[102.9809,21.78563],[102.9788,21.78716],[102.97961,21.78905],[102.98072,21.79219],[102.98139,21.7935],[102.98304,21.79562],[102.98358,21.79808],[102.98474,21.80096],[102.98426,21.8026],[102.98443,21.80511],[102.98492,21.80617],[102.98506,21.80766],[102.98542,21.80851],[102.98539,21.80984],[102.98587,21.81071],[102.98725,21.81128],[102.98904,21.81269],[102.99115,21.81307],[102.99109,21.81432],[102.98869,21.81484],[102.98886,21.81634],[102.9858,21.81796],[102.98568,21.81926],[102.98735,21.82195],[102.98796,21.82269],[102.98876,21.82442],[102.98957,21.82538],[102.99013,21.82729],[102.9892,21.82764],[102.98941,21.82851],[102.99185,21.83045],[102.99172,21.83119],[102.99312,21.83196],[102.99447,21.83316],[102.99452,21.83503],[102.99509,21.83658],[102.99601,21.83794],[102.99611,21.83883],[102.99551,21.83953],[102.99592,21.84189],[102.99702,21.84223],[102.99752,21.843],[102.99662,21.84392],[102.99646,21.84494],[102.99576,21.84644],[102.99632,21.8474],[102.99689,21.84744],[102.99844,21.84835],[102.99934,21.85038],[102.99947,21.85176],[102.99994,21.85338],[102.99951,21.85461],[102.99964,21.85635],[102.9995,21.85812],[102.99983,21.85934],[103.00063,21.86062],[103.00068,21.86146],[103.00017,21.8624],[102.99924,21.86579],[102.99877,21.86678],[102.99874,21.86779],[102.99941,21.86958],[102.99898,21.87068],[102.99894,21.87238],[102.99842,21.87382],[102.99855,21.8756],[102.99715,21.87722],[102.99645,21.87761],[102.996,21.879],[102.9949,21.87892],[102.99127,21.87664],[102.98895,21.87631],[102.98444,21.87495],[102.98258,21.87394],[102.98079,21.87358],[102.97962,21.87364],[102.97853,21.87332],[102.97523,21.87402],[102.97388,21.87349],[102.97289,21.8735],[102.97211,21.87435],[102.97026,21.87476],[102.97002,21.87531],[102.97062,21.8773],[102.96992,21.87802],[102.96888,21.87825],[102.96743,21.87925],[102.96619,21.87943],[102.96546,21.88041],[102.96442,21.88118],[102.96252,21.88183],[102.96232,21.88272],[102.96125,21.88336],[102.96003,21.8834],[102.95778,21.88403],[102.95722,21.88583],[102.95557,21.88672],[102.95362,21.88655],[102.95122,21.88661],[102.94891,21.88601],[102.94696,21.88579],[102.94554,21.88675],[102.94371,21.88656],[102.9414,21.8882],[102.94255,21.88989],[102.94278,21.89269],[102.94244,21.89332],[102.94375,21.89491],[102.9442,21.8971],[102.94478,21.89877],[102.94438,21.89937],[102.94301,21.90003],[102.94252,21.90087],[102.94312,21.90299],[102.943,21.90403],[102.94401,21.90649],[102.94331,21.90871],[102.94145,21.91012],[102.94027,21.91294],[102.94153,21.91431],[102.94218,21.91457]]]},"properties":{"a01_tinh":"diaphanhanhchinhcaptinh_sn.109","a02_xa":"diaphanhanhchinhcapxa_2025.2243","a03_ten":"Xã Si Pa Phìn","a04_tentinh":"Tỉnh Điện Biên","a05_truocsn":"Xã Phìn Hồ, Xã Si Pa Phìn","a06_trungtamhc":"Trụ sở Đảng ủy, HĐND và UBND xã Si Pa Phìn","a07_dt":"186.87","a08_ds":"19208","a09_dthoai":null,"a10_web":null,"ten":"Xã Si Pa Phìn","ma":"03199","tentinh":"Tỉnh Điện Biên","truocsapnhap":"Xã Phìn Hồ, Xã Si Pa Phìn","dientichkm2":null,"dansonguoi":null},"id":"diaphanhanhchinhcapxa_2025.2243"},
{"type":"Feature","geometry":{"type":"Polygon","coordinates":[[[103.40683,22.01559],[103.40881,22.01646],[103.4098,22.01712],[103.41013,22.01815],[103.41111,22.01885],[103.41059,22.0205],[103.41059,22.02266],[103.40963,22.02392],[103.40931,22.02705],[103.40995,22.0279],[103.40962,22.02904],[103.41097,22.03124],[103.41086,22.0332],[103.41135,22.03422],[103.41272,22.03552],[103.41331,22.03658],[103.4133,22.0388],[103.41461,22.03998],[103.41336,22.04097],[103.41215,22.04458],[103.41135,22.0465],[103.41069,22.04962],[103.41006,22.05063],[103.4091,22.05149],[103.40895,22.05314],[103.40641,22.05464],[103.40885,22.05806],[103.40798,22.05801],[103.4074,22.05876],[103.40682,22.06061],[103.40386,22.06085],[103.40232,22.06238],[103.4013,22.0639],[103.40108,22.06502],[103.40027,22.0646],[103.39943,22.06472],[103.39888,22.06542],[103.39539,22.06704],[103.3939,22.06732],[103.39438,22.06883],[103.3973,22.07255],[103.39937,22.0735],[103.39583,22.07493],[103.39467,22.07584],[103.39197,22.07702],[103.39114,22.08197],[103.39049,22.08724],[103.38949,22.08879],[103.38731,22.09089],[103.38662,22.09112],[103.38606,22.09213],[103.38676,22.09982],[103.38523,22.10073],[103.38194,22.1014],[103.38142,22.10171],[103.37963,22.1043],[103.37941,22.10555],[103.37947,22.10712],[103.37801,22.10837],[103.37811,22.10939],[103.37683,22.11018],[103.37543,22.1126],[103.37382,22.114],[103.37356,22.11467],[103.37377,22.11603],[103.37362,22.11769],[103.3721,22.12048],[103.37116,22.1211],[103.36996,22.12295],[103.36884,22.12405],[103.36731,22.12647],[103.36783,22.12756],[103.36849,22.12993],[103.36895,22.13051],[103.36659,22.13445],[103.36633,22.13703],[103.36573,22.13863],[103.36576,22.14001],[103.36512,22.14052],[103.36474,22.1429],[103.36366,22.14636],[103.36266,22.14735],[103.36204,22.14864],[103.36184,22.14999],[103.3612,22.15099],[103.36124,22.15231],[103.36181,22.15407],[103.35692,22.15261],[103.35394,22.15225],[103.35124,22.15209],[103.34929,22.15229],[103.34485,22.15233],[103.34163,22.15264],[103.33912,22.15313],[103.33361,22.15359],[103.33124,22.15297],[103.32976,22.15172],[103.32865,22.14949],[103.32815,22.14787],[103.32714,22.14678],[103.32101,22.1437],[103.32043,22.14329],[103.31913,22.14159],[103.31761,22.13823],[103.31593,22.13381],[103.31488,22.13194],[103.3135,22.13032],[103.30842,22.12673],[103.30742,22.12544],[103.30652,22.12202],[103.30669,22.12052],[103.30733,22.11819],[103.30714,22.11514],[103.30608,22.11392],[103.30289,22.1132],[103.29996,22.11298],[103.29839,22.11308],[103.29474,22.11293],[103.29305,22.11267],[103.29182,22.11222],[103.28926,22.11055],[103.2861,22.10804],[103.28515,22.10706],[103.28409,22.10428],[103.28442,22.10067],[103.2841,22.09873],[103.2836,22.09767],[103.28327,22.09567],[103.28367,22.08995],[103.28327,22.08853],[103.28232,22.0871],[103.27974,22.08443],[103.27718,22.08233],[103.27581,22.08086],[103.27447,22.07863],[103.27235,22.07425],[103.27226,22.07311],[103.27325,22.07122],[103.27423,22.0689],[103.27672,22.06569],[103.27865,22.06364],[103.2798,22.06218],[103.28367,22.05936],[103.28527,22.05806],[103.28792,22.05559],[103.2899,22.0513],[103.29128,22.04891],[103.29148,22.04771],[103.29141,22.04543],[103.29092,22.044],[103.28923,22.04139],[103.28587,22.0374],[103.28527,22.03651],[103.28407,22.0319],[103.2827,22.02972],[103.2807,22.02803],[103.27902,22.02782],[103.27708,22.027],[103.27648,22.02654],[103.27541,22.0231],[103.27421,22.02166],[103.27272,22.02081],[103.27135,22.0208],[103.26857,22.02187],[103.26806,22.02191],[103.26635,22.02114],[103.26473,22.01919],[103.26324,22.01826],[103.26152,22.01493],[103.26154,22.01323],[103.26262,22.0115],[103.26384,22.00898],[103.26534,22.00819],[103.26628,22.00695],[103.26642,22.00526],[103.26721,22.0027],[103.26714,22.00161],[103.26646,21.99905],[103.26524,21.99622],[103.26372,21.99442],[103.26315,21.99306],[103.26259,21.99032],[103.26123,21.98768],[103.25907,21.98215],[103.25832,21.98131],[103.25764,21.97917],[103.25709,21.97632],[103.2572,21.97467],[103.25766,21.97322],[103.25916,21.97156],[103.25973,21.96804],[103.26014,21.96699],[103.26069,21.96385],[103.26073,21.96282],[103.26149,21.95815],[103.26254,21.95579],[103.26331,21.95488],[103.26396,21.9531],[103.26477,21.95393],[103.26634,21.95456],[103.26946,21.95543],[103.27154,21.95511],[103.27367,21.95554],[103.27515,21.95694],[103.27773,21.95781],[103.27852,21.95862],[103.28009,21.95958],[103.28116,21.95968],[103.28261,21.96054],[103.28525,21.96158],[103.28781,21.96361],[103.28937,21.96401],[103.29029,21.96454],[103.29111,21.96568],[103.29099,21.96718],[103.29148,21.96776],[103.29457,21.96905],[103.29607,21.96932],[103.29778,21.97007],[103.30007,21.96967],[103.30089,21.97036],[103.30241,21.97108],[103.303,21.97254],[103.30786,21.97557],[103.31421,21.97815],[103.31544,21.97906],[103.31737,21.97922],[103.31819,21.9828],[103.31798,21.98511],[103.31858,21.98599],[103.31861,21.98684],[103.31746,21.98797],[103.31753,21.98958],[103.3165,21.99014],[103.31716,21.99151],[103.31843,21.99228],[103.31956,21.99358],[103.31928,21.99437],[103.31967,21.99606],[103.32054,21.99703],[103.32175,21.99738],[103.3218,21.99906],[103.32292,22.0008],[103.32233,22.00243],[103.32393,22.00258],[103.3243,22.00414],[103.32486,22.00453],[103.32616,22.00442],[103.32803,22.00507],[103.3285,22.00437],[103.33044,22.00327],[103.33261,22.00329],[103.33782,22.00776],[103.33845,22.00703],[103.3428,22.00681],[103.34331,22.00626],[103.34464,22.00628],[103.34711,22.00731],[103.34789,22.00833],[103.34993,22.00713],[103.35075,22.00694],[103.35202,22.00728],[103.35558,22.00954],[103.3569,22.00937],[103.35855,22.0098],[103.36011,22.01154],[103.36172,22.01457],[103.3648,22.01392],[103.36565,22.01399],[103.3689,22.01336],[103.37074,22.01336],[103.37286,22.01477],[103.37396,22.0161],[103.37493,22.01794],[103.37434,22.01896],[103.37448,22.0196],[103.3738,22.02183],[103.37407,22.02254],[103.37739,22.02334],[103.37974,22.02442],[103.38195,22.02441],[103.38395,22.02516],[103.38466,22.02514],[103.38635,22.02409],[103.38776,22.02443],[103.3917,22.02424],[103.39376,22.02543],[103.39446,22.02632],[103.39522,22.02638],[103.39611,22.02443],[103.39652,22.0217],[103.39751,22.02088],[103.39799,22.01997],[103.40068,22.01991],[103.40233,22.01927],[103.40313,22.01987],[103.40386,22.01922],[103.40571,22.01887],[103.40683,22.01559]]]},"properties":{"a01_tinh":"diaphanhanhchinhcaptinh_sn.109","a02_xa":"diaphanhanhchinhcapxa_2025.2250","a03_ten":"Xã Sín Chải","a04_tentinh":"Tỉnh Điện Biên","a05_truocsn":"Xã Tả Sìn Thàng, Xã Lao Xả Phình, Xã Sín Chải","a06_trungtamhc":"Trụ sở Đảng ủy, HĐND và UBND xã Tả Sìn Thàng","a07_dt":"241.65","a08_ds":"10772","a09_dthoai":null,"a10_web":null,"ten":"Xã Sín Chải","ma":"03226","tentinh":"Tỉnh Điện Biên","truocsapnhap":"Xã Tả Sìn Thàng, Xã Lao Xả Phình, Xã Sín Chải","dientichkm2":null,"dansonguoi":null},"id":"diaphanhanhchinhcapxa_2025.2250"},
{"type":"Feature","geometry":{"type":"Polygon","coordinates":[[[102.23956,22.24855],[102.24069,22.24803],[102.24289,22.24824],[102.24767,22.24733],[102.24819,22.24553],[102.2489,22.24387],[102.24997,22.24433],[102.25128,22.24368],[102.25163,22.24435],[102.25264,22.24443],[102.25396,22.24519],[102.25502,22.24477],[102.25608,22.24484],[102.25635,22.24603],[102.25891,22.24638],[102.25843,22.2473],[102.25984,22.24887],[102.26084,22.24889],[102.26259,22.2496],[102.26482,22.24908],[102.26552,22.24972],[102.26635,22.24947],[102.26759,22.25009],[102.26988,22.24986],[102.27176,22.24997],[102.27274,22.25027],[102.27413,22.24977],[102.27496,22.25012],[102.27645,22.24989],[102.27746,22.24925],[102.27812,22.25003],[102.27913,22.25016],[102.27962,22.24944],[102.282,22.24953],[102.28432,22.24843],[102.28641,22.24882],[102.28863,22.24832],[102.29021,22.24884],[102.29103,22.24987],[102.29077,22.25067],[102.29135,22.25116],[102.29279,22.25085],[102.29516,22.25224],[102.2952,22.25293],[102.29433,22.25375],[102.2942,22.25446],[102.29518,22.2546],[102.29581,22.25524],[102.29607,22.25628],[102.29762,22.25714],[102.29835,22.25829],[102.30045,22.25891],[102.29981,22.26043],[102.30173,22.26191],[102.30161,22.26308],[102.30192,22.26382],[102.30123,22.26498],[102.30193,22.26622],[102.30082,22.26696],[102.30139,22.26839],[102.30032,22.26952],[102.30081,22.27054],[102.30014,22.27148],[102.30098,22.27232],[102.30317,22.27061],[102.30484,22.26834],[102.30551,22.26798],[102.30677,22.26839],[102.3076,22.26994],[102.30819,22.2704],[102.30906,22.26965],[102.30933,22.26832],[102.31114,22.26758],[102.3133,22.26726],[102.31302,22.26599],[102.31351,22.26536],[102.31516,22.26648],[102.31587,22.26598],[102.31645,22.26451],[102.31772,22.26447],[102.32041,22.26307],[102.32197,22.26383],[102.32226,22.26443],[102.32206,22.26555],[102.32125,22.26684],[102.32186,22.26764],[102.32344,22.26754],[102.32485,22.26888],[102.32574,22.27064],[102.32586,22.27213],[102.32487,22.2756],[102.33118,22.28605],[102.33384,22.28538],[102.33522,22.28757],[102.33821,22.28877],[102.33872,22.29015],[102.33923,22.29068],[102.34171,22.29215],[102.34275,22.2925],[102.34387,22.29343],[102.34735,22.2941],[102.35099,22.29822],[102.3577,22.29975],[102.3586,22.30067],[102.35934,22.30217],[102.36081,22.30328],[102.3633,22.30581],[102.36387,22.30592],[102.36564,22.30526],[102.36694,22.30504],[102.36804,22.30611],[102.36981,22.30685],[102.37148,22.30714],[102.37321,22.30847],[102.37448,22.30898],[102.37611,22.31082],[102.37838,22.31252],[102.37979,22.31316],[102.3807,22.31426],[102.38417,22.31549],[102.38457,22.31501],[102.38549,22.31581],[102.38606,22.31706],[102.38752,22.31761],[102.38935,22.31926],[102.39176,22.31986],[102.39218,22.32061],[102.39157,22.32123],[102.38901,22.32203],[102.38827,22.32252],[102.38768,22.32387],[102.3865,22.32575],[102.38738,22.3266],[102.38731,22.32738],[102.38794,22.32826],[102.38869,22.32671],[102.38988,22.32722],[102.39389,22.3283],[102.39849,22.32548],[102.39761,22.32311],[102.3977,22.32131],[102.40099,22.32129],[102.40498,22.32304],[102.40712,22.32352],[102.40773,22.32413],[102.40883,22.3243],[102.40913,22.32535],[102.40974,22.32566],[102.41102,22.327],[102.41211,22.32876],[102.41245,22.33086],[102.41458,22.33129],[102.41459,22.33198],[102.41745,22.33245],[102.41697,22.33324],[102.41872,22.33369],[102.42111,22.33486],[102.42232,22.33478],[102.42384,22.33562],[102.42411,22.33771],[102.424,22.33887],[102.42314,22.34051],[102.42157,22.34092],[102.42178,22.34174],[102.42203,22.34503],[102.42239,22.34617],[102.42183,22.34843],[102.42255,22.35163],[102.42334,22.35439],[102.42492,22.35628],[102.42507,22.35852],[102.43592,22.36112],[102.43705,22.3606],[102.4384,22.36056],[102.43949,22.36105],[102.44421,22.36113],[102.44473,22.36135],[102.44383,22.36319],[102.44278,22.36371],[102.44226,22.36457],[102.44069,22.36601],[102.43808,22.36598],[102.43627,22.36521],[102.43525,22.36615],[102.43341,22.36686],[102.43208,22.36828],[102.42942,22.36933],[102.42662,22.37016],[102.42573,22.37018],[102.42584,22.37236],[102.42559,22.37347],[102.4243,22.37479],[102.42445,22.37578],[102.4238,22.37695],[102.42369,22.37782],[102.42402,22.37914],[102.42391,22.38129],[102.42217,22.38441],[102.42099,22.38584],[102.41884,22.38613],[102.41702,22.38822],[102.40991,22.38773],[102.40904,22.38793],[102.40755,22.39007],[102.40573,22.39181],[102.40484,22.39381],[102.40464,22.39587],[102.40354,22.39709],[102.40203,22.39763],[102.4,22.39932],[102.39959,22.40044],[102.3983,22.40156],[102.39748,22.40153],[102.3946,22.40023],[102.39342,22.401],[102.39207,22.4023],[102.39148,22.4042],[102.39012,22.40685],[102.38866,22.40716],[102.38818,22.4077],[102.38739,22.41164],[102.38948,22.41228],[102.39017,22.41277],[102.39062,22.41398],[102.39206,22.41473],[102.39252,22.41597],[102.39092,22.41749],[102.3911,22.41856],[102.39113,22.421],[102.39239,22.42151],[102.39331,22.42001],[102.39468,22.41882],[102.39623,22.41802],[102.39755,22.41788],[102.39819,22.4183],[102.39744,22.4204],[102.39769,22.42202],[102.39673,22.42428],[102.39655,22.42689],[102.39602,22.42828],[102.39709,22.43032],[102.39716,22.43143],[102.39684,22.43317],[102.39648,22.43366],[102.39434,22.43544],[102.3942,22.43599],[102.39312,22.43656],[102.39162,22.43871],[102.38988,22.43989],[102.39036,22.44072],[102.39068,22.44241],[102.39047,22.44469],[102.39104,22.44561],[102.3908,22.44724],[102.3912,22.44875],[102.39192,22.44973],[102.3922,22.45197],[102.39105,22.45362],[102.39191,22.45437],[102.39262,22.45571],[102.39226,22.45804],[102.39287,22.4597],[102.39291,22.46073],[102.39062,22.46194],[102.39005,22.46194],[102.38768,22.46426],[102.38715,22.46511],[102.3869,22.46659],[102.38713,22.46736],[102.38608,22.46821],[102.38184,22.47032],[102.38082,22.46933],[102.37966,22.46937],[102.37904,22.47026],[102.37794,22.47099],[102.37605,22.47173],[102.37407,22.47153],[102.37338,22.4722],[102.37137,22.47172],[102.3704,22.472],[102.36986,22.47327],[102.36894,22.47359],[102.36863,22.47448],[102.36726,22.47442],[102.36643,22.4749],[102.36592,22.47574],[102.36273,22.4745],[102.36118,22.47444],[102.36161,22.47523],[102.36153,22.4771],[102.36087,22.47936],[102.36117,22.48021],[102.35912,22.48404],[102.35912,22.48578],[102.35876,22.48771],[102.35953,22.48886],[102.35766,22.49016],[102.35454,22.49083],[102.35309,22.49062],[102.35023,22.49108],[102.34828,22.49047],[102.34746,22.49112],[102.34797,22.49217],[102.34792,22.49492],[102.34682,22.49599],[102.34782,22.4971],[102.34771,22.49831],[102.34818,22.49935],[102.347,22.50095],[102.34713,22.50283],[102.34749,22.50371],[102.34825,22.50427],[102.34851,22.50562],[102.34744,22.50575],[102.34675,22.50533],[102.34548,22.50543],[102.3444,22.50593],[102.3446,22.5065],[102.34591,22.50713],[102.34591,22.50787],[102.34463,22.50771],[102.34369,22.50816],[102.34347,22.50907],[102.34271,22.50983],[102.34342,22.51104],[102.34318,22.51209],[102.34228,22.51372],[102.34122,22.51442],[102.3414,22.51593],[102.33962,22.51679],[102.33879,22.518],[102.33862,22.51996],[102.33824,22.52052],[102.33923,22.5212],[102.33916,22.52168],[102.33762,22.52268],[102.33874,22.52353],[102.33919,22.52432],[102.34027,22.52447],[102.34086,22.52497],[102.3412,22.52608],[102.34236,22.52773],[102.34198,22.52871],[102.3393,22.52776],[102.33835,22.52902],[102.33638,22.52969],[102.33659,22.53094],[102.33535,22.53183],[102.33421,22.53223],[102.33398,22.53372],[102.33265,22.53445],[102.33086,22.53385],[102.33038,22.53417],[102.33052,22.53552],[102.32906,22.53661],[102.32924,22.53873],[102.32719,22.53957],[102.32654,22.54043],[102.3256,22.54327],[102.32468,22.54408],[102.32365,22.54345],[102.3222,22.54354],[102.32194,22.54403],[102.32297,22.54603],[102.32372,22.54699],[102.32247,22.54717],[102.32159,22.54801],[102.3205,22.5475],[102.31984,22.54679],[102.3185,22.54671],[102.31869,22.54601],[102.31681,22.54564],[102.31766,22.5443],[102.31561,22.54304],[102.31494,22.54208],[102.31398,22.54249],[102.31335,22.54163],[102.31151,22.54155],[102.31051,22.541],[102.31085,22.5397],[102.30784,22.53682],[102.30766,22.5357],[102.3065,22.53577],[102.30572,22.5366],[102.3046,22.5357],[102.3035,22.53558],[102.30347,22.53486],[102.30275,22.53402],[102.30154,22.53321],[102.30049,22.53143],[102.30045,22.53047],[102.29968,22.53037],[102.29941,22.52924],[102.3003,22.52798],[102.29998,22.52711],[102.30029,22.52605],[102.29975,22.52579],[102.29909,22.52425],[102.2979,22.52438],[102.29687,22.5241],[102.29581,22.52261],[102.29715,22.52176],[102.29589,22.52017],[102.29556,22.51914],[102.29389,22.5188],[102.29305,22.51786],[102.29404,22.51681],[102.29296,22.51554],[102.29327,22.51378],[102.29421,22.51325],[102.29411,22.51251],[102.29221,22.51004],[102.29059,22.50981],[102.28924,22.50789],[102.28814,22.50751],[102.28816,22.50656],[102.28895,22.50597],[102.28796,22.50457],[102.28503,22.50386],[102.28395,22.50405],[102.28241,22.5029],[102.28143,22.50249],[102.28,22.50252],[102.27965,22.50125],[102.28004,22.50047],[102.27805,22.49849],[102.2777,22.49581],[102.27622,22.49354],[102.2767,22.49247],[102.27657,22.49059],[102.27517,22.4887],[102.27538,22.48765],[102.2761,22.48743],[102.27642,22.48656],[102.27628,22.4848],[102.27657,22.48393],[102.27769,22.48285],[102.27724,22.48182],[102.27556,22.47935],[102.27467,22.47898],[102.27345,22.48025],[102.2723,22.48081],[102.2707,22.48074],[102.26932,22.47992],[102.26531,22.4782],[102.26484,22.47628],[102.26411,22.47486],[102.26427,22.47224],[102.26395,22.47108],[102.26305,22.46978],[102.26415,22.46814],[102.26385,22.46713],[102.2624,22.46541],[102.26114,22.4654],[102.25969,22.46613],[102.2583,22.46608],[102.25733,22.4649],[102.25605,22.46456],[102.25392,22.46447],[102.25261,22.46316],[102.2519,22.46213],[102.25007,22.46279],[102.24915,22.46249],[102.24862,22.46045],[102.24864,22.45895],[102.24901,22.45737],[102.25068,22.456],[102.25137,22.45498],[102.25288,22.45482],[102.25384,22.45434],[102.25397,22.45339],[102.25504,22.45199],[102.25476,22.45125],[102.25609,22.45027],[102.25727,22.44902],[102.25734,22.44789],[102.25786,22.44712],[102.25837,22.44312],[102.25921,22.44158],[102.26219,22.43957],[102.26264,22.43745],[102.26367,22.43626],[102.26407,22.43505],[102.26588,22.43379],[102.26622,22.43222],[102.26693,22.43075],[102.26618,22.42845],[102.26633,22.4273],[102.26723,22.4261],[102.26829,22.42555],[102.26877,22.42481],[102.26757,22.42283],[102.2665,22.42216],[102.26564,22.4209],[102.26639,22.41926],[102.26624,22.41864],[102.2648,22.4176],[102.26471,22.41702],[102.26366,22.41613],[102.26337,22.41471],[102.26249,22.41383],[102.25957,22.41393],[102.25855,22.41494],[102.25673,22.41542],[102.25544,22.4164],[102.25326,22.4172],[102.25221,22.41779],[102.25158,22.41908],[102.24953,22.42055],[102.24794,22.42105],[102.24668,22.4207],[102.24581,22.42148],[102.24402,22.42216],[102.24282,22.42338],[102.24196,22.42471],[102.24205,22.42547],[102.24075,22.42525],[102.23999,22.42598],[102.2396,22.42694],[102.23858,22.42797],[102.23731,22.42788],[102.23526,22.42644],[102.23396,22.4262],[102.23296,22.4264],[102.23254,22.42752],[102.23056,22.42828],[102.2289,22.42661],[102.22672,22.42719],[102.22612,22.42766],[102.22427,22.42752],[102.22407,22.42641],[102.22272,22.42536],[102.22186,22.42544],[102.21978,22.42675],[102.21764,22.42737],[102.2167,22.42792],[102.21516,22.42942],[102.21308,22.43111],[102.21212,22.43157],[102.21166,22.43027],[102.21099,22.42958],[102.20816,22.42844],[102.20689,22.42733],[102.20464,22.42895],[102.20295,22.42909],[102.20089,22.42972],[102.19941,22.42981],[102.19607,22.43166],[102.19443,22.43192],[102.19263,22.43172],[102.19082,22.43314],[102.18909,22.43414],[102.1861,22.4348],[102.18503,22.43401],[102.18386,22.43381],[102.18252,22.43298],[102.1818,22.43294],[102.18061,22.4322],[102.17908,22.43181],[102.17742,22.43226],[102.17683,22.43213],[102.17499,22.43244],[102.17296,22.43092],[102.17158,22.43044],[102.17053,22.42843],[102.16978,22.42829],[102.16781,22.42847],[102.1668,22.42894],[102.16526,22.42874],[102.16314,22.42931],[102.16031,22.42976],[102.15946,22.4302],[102.15827,22.42851],[102.1586,22.42698],[102.15821,22.42585],[102.15766,22.42582],[102.15665,22.42494],[102.15587,22.42525],[102.15393,22.42489],[102.15364,22.42365],[102.15468,22.42125],[102.15383,22.41982],[102.15469,22.41768],[102.15459,22.41702],[102.15342,22.41506],[102.15295,22.41377],[102.15228,22.41317],[102.15119,22.41103],[102.1499,22.41067],[102.14923,22.41],[102.14893,22.40805],[102.14795,22.40693],[102.14567,22.40604],[102.14543,22.40456],[102.1468,22.40268],[102.14579,22.40231],[102.14391,22.40064],[102.14411,22.39957],[102.14467,22.39893],[102.14739,22.39818],[102.14826,22.39654],[102.14853,22.39514],[102.14835,22.39275],[102.14772,22.39158],[102.14833,22.39004],[102.14923,22.38959],[102.15026,22.38842],[102.15094,22.38825],[102.15179,22.38705],[102.15277,22.38742],[102.15398,22.38743],[102.15462,22.38678],[102.15716,22.38506],[102.15844,22.38514],[102.15906,22.38476],[102.15898,22.38366],[102.15971,22.38228],[102.16101,22.38048],[102.16147,22.38036],[102.16254,22.3782],[102.16252,22.37752],[102.1649,22.37686],[102.16625,22.37673],[102.16851,22.37591],[102.16892,22.37484],[102.16891,22.37286],[102.17102,22.37142],[102.17105,22.37045],[102.16964,22.37009],[102.16864,22.36873],[102.16762,22.36828],[102.16735,22.36719],[102.16574,22.36444],[102.16481,22.36337],[102.16276,22.36234],[102.16275,22.36133],[102.16478,22.35783],[102.16534,22.35561],[102.16498,22.35498],[102.16585,22.3537],[102.16621,22.35255],[102.16704,22.3515],[102.16756,22.34986],[102.1692,22.34892],[102.1706,22.34768],[102.17111,22.34569],[102.17331,22.34454],[102.17489,22.34157],[102.17593,22.3411],[102.17713,22.33903],[102.17959,22.33819],[102.18052,22.3383],[102.18266,22.33998],[102.18393,22.34043],[102.18578,22.34158],[102.1868,22.3409],[102.18952,22.33993],[102.19192,22.33972],[102.19304,22.33901],[102.19448,22.33727],[102.1962,22.33616],[102.19196,22.33244],[102.18997,22.33081],[102.18987,22.33031],[102.18855,22.328],[102.18861,22.32632],[102.1881,22.32575],[102.18692,22.32557],[102.18463,22.32485],[102.18265,22.32387],[102.18051,22.32144],[102.17949,22.31927],[102.17834,22.31758],[102.17817,22.31671],[102.17694,22.31377],[102.17737,22.31353],[102.17775,22.30455],[102.1787,22.30504],[102.18061,22.30491],[102.18107,22.30445],[102.18219,22.30471],[102.18359,22.30362],[102.18466,22.30381],[102.1859,22.30324],[102.18689,22.30334],[102.18796,22.30282],[102.1905,22.30254],[102.19103,22.30132],[102.19212,22.30094],[102.1926,22.2996],[102.19309,22.29921],[102.19484,22.29903],[102.19686,22.29847],[102.19742,22.29768],[102.20101,22.29582],[102.20203,22.29573],[102.20255,22.29422],[102.20357,22.29351],[102.20395,22.29264],[102.20599,22.29101],[102.20727,22.29141],[102.20867,22.2909],[102.21026,22.29069],[102.21122,22.29093],[102.21164,22.28985],[102.2111,22.28857],[102.21118,22.28771],[102.21191,22.28733],[102.21347,22.28724],[102.21476,22.28787],[102.21522,22.28682],[102.21701,22.28569],[102.21917,22.28677],[102.22127,22.28687],[102.22344,22.28605],[102.22524,22.2866],[102.22555,22.28509],[102.2264,22.28439],[102.22789,22.28438],[102.22977,22.28489],[102.23248,22.28465],[102.23449,22.28216],[102.23381,22.27987],[102.23342,22.27776],[102.2337,22.2766],[102.23197,22.27593],[102.2302,22.27472],[102.23188,22.27426],[102.23272,22.27324],[102.23251,22.2699],[102.23374,22.2692],[102.23398,22.26807],[102.23205,22.26572],[102.23238,22.26391],[102.23358,22.26386],[102.23424,22.26344],[102.23553,22.26151],[102.23668,22.26121],[102.23772,22.25981],[102.2387,22.26057],[102.24055,22.25903],[102.24004,22.2583],[102.24017,22.25727],[102.24076,22.25597],[102.24241,22.25453],[102.24192,22.25364],[102.24217,22.25261],[102.24091,22.25166],[102.24113,22.25048],[102.24008,22.24994],[102.23956,22.24855]]]},"properties":{"a01_tinh":"diaphanhanhchinhcaptinh_sn.109","a02_xa":"diaphanhanhchinhcapxa_2025.2230","a03_ten":"Xã Sín Thầu","a04_tentinh":"Tỉnh Điện Biên","a05_truocsn":"Xã Sen Thượng, Xã Leng Su Sìn, Xã Sín Thầu","a06_trungtamhc":"Trụ sở Đảng ủy, HĐND và UBND xã Leng Su Sìn","a07_dt":"189.13","a08_ds":"12915","a09_dthoai":null,"a10_web":null,"ten":"Xã Sín Thầu","ma":"03158","tentinh":"Tỉnh Điện Biên","truocsapnhap":"Xã Sen Thượng, Xã Leng Su Sìn, Xã Sín Thầu","dientichkm2":null,"dansonguoi":null},"id":"diaphanhanhchinhcapxa_2025.2230"},
{"type":"Feature","geometry":{"type":"Polygon","coordinates":[[[103.3946,21.91815],[103.39343,21.91786],[103.39256,21.91669],[103.39148,21.9162],[103.38956,21.91679],[103.38785,21.91788],[103.38667,21.91825],[103.38523,21.91813],[103.38443,21.91842],[103.38415,21.91955],[103.3843,21.92055],[103.38373,21.92087],[103.38311,21.92209],[103.38383,21.92428],[103.38397,21.92595],[103.38523,21.92775],[103.38533,21.92985],[103.38628,21.93061],[103.38648,21.93147],[103.38771,21.93305],[103.38845,21.9335],[103.38887,21.9354],[103.38937,21.9364],[103.38958,21.93776],[103.39,21.93811],[103.39011,21.93971],[103.39086,21.93963],[103.39169,21.94015],[103.3926,21.94015],[103.39459,21.94113],[103.38908,21.948],[103.38993,21.94938],[103.39074,21.95011],[103.39092,21.95254],[103.39143,21.95419],[103.39089,21.95533],[103.39149,21.95957],[103.39063,21.96158],[103.39091,21.96235],[103.3896,21.96415],[103.38921,21.96579],[103.39019,21.96822],[103.39317,21.97034],[103.39383,21.97127],[103.39432,21.97272],[103.39511,21.97327],[103.39698,21.9752],[103.39707,21.97765],[103.39542,21.98169],[103.39463,21.98274],[103.39492,21.98346],[103.39352,21.9844],[103.39339,21.98676],[103.39215,21.98814],[103.39207,21.98905],[103.39336,21.99077],[103.3948,21.98997],[103.39502,21.99084],[103.39634,21.99079],[103.39711,21.99144],[103.39898,21.99201],[103.40028,21.99124],[103.40051,21.9918],[103.40234,21.99222],[103.40265,21.99131],[103.4039,21.99102],[103.40421,21.99616],[103.40369,21.99724],[103.40535,21.99777],[103.40669,21.99876],[103.40848,21.99849],[103.40967,21.99894],[103.41016,22.0002],[103.41068,22.00333],[103.40968,22.00405],[103.40925,22.00512],[103.40917,22.00652],[103.40976,22.00769],[103.40954,22.00948],[103.40972,22.01066],[103.41143,22.01192],[103.41421,22.01331],[103.41459,22.01372],[103.41563,22.01603],[103.41359,22.01465],[103.41211,22.01415],[103.41054,22.01412],[103.40911,22.01446],[103.40683,22.01559],[103.40571,22.01887],[103.40386,22.01922],[103.40313,22.01987],[103.40233,22.01927],[103.40068,22.01991],[103.39799,22.01997],[103.39751,22.02088],[103.39652,22.0217],[103.39611,22.02443],[103.39522,22.02638],[103.39446,22.02632],[103.39376,22.02543],[103.3917,22.02424],[103.38776,22.02443],[103.38635,22.02409],[103.38466,22.02514],[103.38395,22.02516],[103.38195,22.02441],[103.37974,22.02442],[103.37739,22.02334],[103.37407,22.02254],[103.3738,22.02183],[103.37448,22.0196],[103.37434,22.01896],[103.37493,22.01794],[103.37396,22.0161],[103.37286,22.01477],[103.37074,22.01336],[103.3689,22.01336],[103.36565,22.01399],[103.3648,22.01392],[103.36172,22.01457],[103.36011,22.01154],[103.35855,22.0098],[103.3569,22.00937],[103.35558,22.00954],[103.35202,22.00728],[103.35075,22.00694],[103.34993,22.00713],[103.34789,22.00833],[103.34711,22.00731],[103.34464,22.00628],[103.34331,22.00626],[103.3428,22.00681],[103.33845,22.00703],[103.33782,22.00776],[103.33261,22.00329],[103.33044,22.00327],[103.3285,22.00437],[103.32803,22.00507],[103.32616,22.00442],[103.32486,22.00453],[103.3243,22.00414],[103.32393,22.00258],[103.32233,22.00243],[103.32292,22.0008],[103.3218,21.99906],[103.32175,21.99738],[103.32054,21.99703],[103.31967,21.99606],[103.31928,21.99437],[103.31956,21.99358],[103.31843,21.99228],[103.31716,21.99151],[103.3165,21.99014],[103.31753,21.98958],[103.31746,21.98797],[103.31861,21.98684],[103.31858,21.98599],[103.31798,21.98511],[103.31819,21.9828],[103.31737,21.97922],[103.31544,21.97906],[103.31421,21.97815],[103.30786,21.97557],[103.303,21.97254],[103.30241,21.97108],[103.30089,21.97036],[103.30007,21.96967],[103.29778,21.97007],[103.29607,21.96932],[103.29457,21.96905],[103.29148,21.96776],[103.29099,21.96718],[103.29111,21.96568],[103.29029,21.96454],[103.28937,21.96401],[103.28781,21.96361],[103.28525,21.96158],[103.28261,21.96054],[103.28116,21.95968],[103.28009,21.95958],[103.27852,21.95862],[103.27773,21.95781],[103.27515,21.95694],[103.27367,21.95554],[103.27154,21.95511],[103.26946,21.95543],[103.26634,21.95456],[103.26477,21.95393],[103.26396,21.9531],[103.26387,21.94904],[103.26323,21.94667],[103.26332,21.94552],[103.26216,21.94413],[103.26,21.94198],[103.25875,21.94111],[103.25616,21.93808],[103.25478,21.93744],[103.25287,21.9359],[103.251,21.93504],[103.25047,21.93363],[103.25101,21.93208],[103.25189,21.93151],[103.25314,21.9301],[103.2545,21.92957],[103.25495,21.92903],[103.25599,21.92888],[103.25966,21.9265],[103.26277,21.92274],[103.26404,21.92069],[103.26515,21.91979],[103.26705,21.9175],[103.26921,21.91655],[103.27013,21.9153],[103.27254,21.91359],[103.27331,21.91267],[103.27436,21.91078],[103.27551,21.90825],[103.27669,21.90638],[103.27721,21.90498],[103.27813,21.90404],[103.27844,21.90283],[103.27792,21.90083],[103.27951,21.89885],[103.28206,21.89758],[103.28263,21.89659],[103.28417,21.89494],[103.2872,21.88983],[103.2878,21.88676],[103.2892,21.886],[103.29035,21.88486],[103.29114,21.88348],[103.29192,21.88031],[103.29188,21.87935],[103.29227,21.87768],[103.2923,21.87309],[103.29322,21.86894],[103.29324,21.86759],[103.29387,21.86678],[103.29489,21.86687],[103.29637,21.86565],[103.29657,21.8651],[103.29786,21.86411],[103.29821,21.86461],[103.29947,21.86455],[103.30011,21.86406],[103.30119,21.86437],[103.3047,21.86373],[103.30608,21.86436],[103.30697,21.86431],[103.30841,21.86372],[103.30973,21.86366],[103.31251,21.8639],[103.31383,21.86337],[103.31738,21.86323],[103.31868,21.86355],[103.3202,21.86326],[103.32214,21.86395],[103.32361,21.86556],[103.32607,21.86581],[103.32709,21.86717],[103.32763,21.8688],[103.3281,21.87101],[103.32928,21.87088],[103.33045,21.87119],[103.33214,21.8723],[103.33303,21.87495],[103.33563,21.87471],[103.33661,21.87406],[103.34075,21.87318],[103.34164,21.87368],[103.34299,21.8734],[103.34424,21.87244],[103.34615,21.87277],[103.34665,21.87254],[103.34848,21.87291],[103.35014,21.8725],[103.35148,21.8726],[103.35325,21.8724],[103.35414,21.87287],[103.35506,21.87254],[103.35651,21.87267],[103.35537,21.8737],[103.3551,21.87433],[103.35396,21.8749],[103.35631,21.87625],[103.35707,21.87565],[103.35934,21.87483],[103.36105,21.87489],[103.36309,21.87407],[103.36433,21.87428],[103.36892,21.87278],[103.37002,21.87337],[103.37073,21.87319],[103.37312,21.87354],[103.37403,21.87405],[103.3749,21.87574],[103.37422,21.87752],[103.374,21.87871],[103.37405,21.88161],[103.37463,21.88192],[103.3749,21.88324],[103.37545,21.88441],[103.37549,21.88639],[103.37592,21.887],[103.37589,21.88803],[103.37697,21.89035],[103.37741,21.89089],[103.37904,21.89072],[103.38087,21.89014],[103.38184,21.88921],[103.39539,21.89211],[103.40035,21.89122],[103.40501,21.89001],[103.40826,21.89066],[103.4111,21.89086],[103.41137,21.89178],[103.41116,21.89314],[103.41138,21.89392],[103.41048,21.8956],[103.40785,21.89967],[103.4044,21.90199],[103.40215,21.90247],[103.40025,21.90357],[103.39989,21.90437],[103.40018,21.90565],[103.3999,21.90645],[103.40142,21.9073],[103.40168,21.90835],[103.40259,21.90998],[103.40124,21.91275],[103.39952,21.91297],[103.3983,21.91364],[103.39746,21.91512],[103.39602,21.91629],[103.39549,21.91737],[103.3946,21.91815]]]},"properties":{"a01_tinh":"diaphanhanhchinhcaptinh_sn.109","a02_xa":"diaphanhanhchinhcapxa_2025.2251","a03_ten":"Xã Sính Phình","a04_tentinh":"Tỉnh Điện Biên","a05_truocsn":"Xã Trung Thu, Xã Tả Phìn, Xã Sính Phình","a06_trungtamhc":"Trụ sở Đảng ủy, HĐND và UBND xã Sính Phình","a07_dt":"516.42","a08_ds":"6058","a09_dthoai":null,"a10_web":null,"ten":"Xã Sính Phình","ma":"03241","tentinh":"Tỉnh Điện Biên","truocsapnhap":"Xã Trung Thu, Xã Tả Phìn, Xã Sính Phình","dientichkm2":null,"dansonguoi":null},"id":"diaphanhanhchinhcapxa_2025.2251"},
{"type":"Feature","geometry":{"type":"Polygon","coordinates":[[[103.07717,21.34215],[103.07581,21.3419],[103.07445,21.34232],[103.0737,21.34296],[103.07256,21.34282],[103.0705,21.34357],[103.06904,21.34388],[103.06798,21.34346],[103.06658,21.34349],[103.06537,21.34381],[103.06443,21.34455],[103.06353,21.34452],[103.06078,21.34594],[103.05933,21.34631],[103.05811,21.34718],[103.05776,21.34841],[103.05796,21.3518],[103.05696,21.35186],[103.05545,21.35252],[103.05171,21.35047],[103.05072,21.35037],[103.04682,21.35144],[103.04494,21.35146],[103.04384,21.35185],[103.04204,21.34994],[103.04145,21.34898],[103.04121,21.34763],[103.03984,21.34815],[103.03807,21.34784],[103.03637,21.34808],[103.03558,21.34791],[103.03463,21.34686],[103.03509,21.34396],[103.03608,21.34349],[103.03674,21.34238],[103.03551,21.3421],[103.03501,21.34135],[103.03368,21.34211],[103.03243,21.34183],[103.02941,21.34233],[103.02917,21.34351],[103.02952,21.34458],[103.02877,21.34516],[103.02802,21.34507],[103.02741,21.3441],[103.02605,21.34388],[103.02309,21.34416],[103.02391,21.3401],[103.02273,21.34056],[103.02153,21.34062],[103.01937,21.34038],[103.01826,21.33977],[103.01723,21.33967],[103.0159,21.33906],[103.01437,21.33929],[103.01305,21.33864],[103.01339,21.33685],[103.0127,21.33668],[103.01146,21.33523],[103.00991,21.33476],[103.00963,21.3336],[103.00983,21.33255],[103.00923,21.33132],[103.00787,21.33106],[103.00782,21.33046],[103.00613,21.32943],[103.00635,21.32819],[103.00604,21.32735],[103.00458,21.3271],[103.00366,21.32746],[103.00322,21.32662],[103.00325,21.32562],[103.00156,21.32282],[103.00319,21.3198],[103.00381,21.31908],[103.00349,21.3184],[103.00142,21.31768],[102.99946,21.31722],[102.99896,21.31659],[102.99936,21.31584],[103.00248,21.31481],[103.00346,21.31413],[103.00297,21.31329],[103.00183,21.31278],[103.00107,21.31021],[103.00002,21.30908],[102.9982,21.30798],[102.99764,21.30732],[102.99722,21.30601],[102.99815,21.30469],[102.99947,21.30376],[102.99965,21.3023],[102.99851,21.30122],[102.99816,21.3001],[102.99861,21.29861],[103.00184,21.29696],[103.00288,21.29616],[103.00302,21.29535],[103.00404,21.29488],[103.00617,21.29546],[103.00647,21.29765],[103.00696,21.2987],[103.009,21.29938],[103.01053,21.30085],[103.0119,21.30133],[103.01533,21.30185],[103.01625,21.30145],[103.01812,21.30141],[103.01937,21.29886],[103.02055,21.29927],[103.02224,21.29903],[103.02446,21.29906],[103.02452,21.29791],[103.02392,21.29739],[103.02331,21.29569],[103.02287,21.29584],[103.01977,21.29448],[103.01994,21.293],[103.02067,21.29219],[103.02063,21.29074],[103.01692,21.29079],[103.01749,21.2882],[103.01515,21.2865],[103.01467,21.28531],[103.01356,21.28525],[103.0126,21.28267],[103.0123,21.28253],[103.01169,21.28073],[103.01161,21.27963],[103.01065,21.27868],[103.01017,21.27748],[103.00874,21.27608],[103.00972,21.27537],[103.01097,21.27495],[103.01105,21.27275],[103.0123,21.27023],[103.01235,21.26953],[103.01156,21.26735],[103.01061,21.26639],[103.01021,21.26533],[103.01054,21.26364],[103.01206,21.26063],[103.01326,21.259],[103.0146,21.25908],[103.01545,21.2576],[103.01568,21.25655],[103.01639,21.2551],[103.01754,21.25432],[103.01713,21.25195],[103.01875,21.25125],[103.02137,21.25137],[103.02314,21.25293],[103.02487,21.25247],[103.02578,21.25259],[103.0257,21.2538],[103.02387,21.25591],[103.02289,21.25668],[103.02226,21.25773],[103.02203,21.25879],[103.02099,21.25972],[103.02138,21.26046],[103.0222,21.2595],[103.02391,21.25804],[103.02726,21.25665],[103.02918,21.25663],[103.0299,21.25722],[103.0311,21.25636],[103.03398,21.25574],[103.03583,21.25683],[103.03698,21.25772],[103.03582,21.25959],[103.03615,21.26075],[103.03452,21.26227],[103.03634,21.26256],[103.03808,21.26196],[103.0393,21.26189],[103.03961,21.26308],[103.03779,21.26414],[103.03728,21.26546],[103.03726,21.26694],[103.03797,21.26756],[103.03849,21.26868],[103.03954,21.26932],[103.04046,21.26928],[103.0412,21.26993],[103.04191,21.26993],[103.04408,21.2692],[103.04512,21.26965],[103.04591,21.27085],[103.04746,21.27237],[103.04906,21.27262],[103.0507,21.27252],[103.05136,21.27326],[103.05402,21.27374],[103.05725,21.2766],[103.05999,21.27719],[103.0612,21.27851],[103.06302,21.27934],[103.06423,21.28166],[103.0646,21.28299],[103.06557,21.28386],[103.06776,21.28793],[103.07063,21.29061],[103.07131,21.29216],[103.07228,21.29305],[103.073,21.29447],[103.07377,21.29507],[103.07409,21.29626],[103.0759,21.29758],[103.0776,21.29985],[103.07761,21.30257],[103.07823,21.30344],[103.07814,21.3053],[103.0774,21.3055],[103.07595,21.30654],[103.07501,21.3062],[103.07395,21.30681],[103.07307,21.30799],[103.07221,21.30829],[103.07162,21.30956],[103.07082,21.3099],[103.07012,21.31082],[103.06965,21.31245],[103.06971,21.31346],[103.07028,21.31452],[103.07006,21.31617],[103.07059,21.31751],[103.07039,21.31858],[103.07107,21.32133],[103.07057,21.32269],[103.07094,21.32495],[103.07076,21.32589],[103.07104,21.32898],[103.07298,21.33103],[103.07413,21.33367],[103.07508,21.33503],[103.0769,21.33648],[103.07862,21.33865],[103.07959,21.33919],[103.07859,21.33996],[103.07717,21.34215]]]},"properties":{"a01_tinh":"diaphanhanhchinhcaptinh_sn.109","a02_xa":"diaphanhanhchinhcapxa_2025.2265","a03_ten":"Xã Thanh An","a04_tentinh":"Tỉnh Điện Biên","a05_truocsn":"Xã Noong Hẹt, Xã Sam Mứn, Xã Thanh An","a06_trungtamhc":"Trụ sở Đảng ủy, HĐND và UBND xã Noong Hẹt","a07_dt":"174.53","a08_ds":"15815","a09_dthoai":null,"a10_web":null,"ten":"Xã Thanh An","ma":"03352","tentinh":"Tỉnh Điện Biên","truocsapnhap":"Xã Noong Hẹt, Xã Sam Mứn, Xã Thanh An","dientichkm2":null,"dansonguoi":null},"id":"diaphanhanhchinhcapxa_2025.2265"},
{"type":"Feature","geometry":{"type":"Polygon","coordinates":[[[102.89918,21.3657],[102.89969,21.36651],[102.90076,21.36667],[102.90223,21.36518],[102.90341,21.36491],[102.90529,21.36547],[102.90673,21.36517],[102.90841,21.36546],[102.909,21.36517],[102.91001,21.36366],[102.91288,21.36281],[102.91344,21.36228],[102.91541,21.36185],[102.91689,21.36096],[102.91891,21.36131],[102.91943,21.36094],[102.92077,21.36101],[102.92235,21.36219],[102.92335,21.36182],[102.92522,21.36171],[102.92593,21.36096],[102.92675,21.36072],[102.92728,21.3614],[102.93109,21.36176],[102.93203,21.36219],[102.93368,21.36232],[102.93443,21.362],[102.93534,21.36106],[102.93651,21.36135],[102.93818,21.35924],[102.94009,21.35859],[102.94003,21.35697],[102.94099,21.35617],[102.942,21.35465],[102.94258,21.35449],[102.94127,21.35255],[102.94142,21.35179],[102.94269,21.352],[102.94397,21.3528],[102.94478,21.35366],[102.94719,21.35492],[102.94835,21.35527],[102.94936,21.35499],[102.9515,21.35548],[102.95365,21.35501],[102.95382,21.35456],[102.95515,21.35393],[102.95527,21.35301],[102.95648,21.35277],[102.95698,21.35211],[102.95792,21.35257],[102.95854,21.35227],[102.96063,21.3525],[102.961,21.35319],[102.96293,21.35294],[102.96435,21.35351],[102.96613,21.35469],[102.96961,21.35498],[102.97383,21.3535],[102.97251,21.35174],[102.97218,21.35088],[102.9735,21.34973],[102.97506,21.34939],[102.97588,21.34963],[102.97655,21.35074],[102.97845,21.34982],[102.97965,21.35136],[102.981,21.35082],[102.98116,21.34969],[102.98281,21.34914],[102.98373,21.34953],[102.98423,21.34813],[102.98533,21.34692],[102.98712,21.34631],[102.98707,21.34775],[102.99066,21.34744],[102.99151,21.34792],[102.99247,21.34726],[102.99302,21.34777],[102.99754,21.3477],[102.99678,21.35015],[103.00063,21.35114],[102.99998,21.35213],[103.00007,21.3534],[103.00082,21.35385],[103.00306,21.35385],[103.00358,21.35448],[103.00309,21.35651],[103.00216,21.35694],[103.00131,21.35832],[103.0016,21.35977],[103.00134,21.36134],[103.0017,21.36194],[103.00304,21.36236],[103.00445,21.36197],[103.00503,21.36345],[103.00457,21.36458],[103.00456,21.36593],[103.00514,21.36704],[103.00103,21.3678],[103.00395,21.37043],[103.00518,21.37201],[103.00789,21.37723],[103.0046,21.37864],[103.00462,21.37897],[103.00313,21.3801],[103.00379,21.3819],[103.00061,21.39519],[102.99674,21.39789],[102.99366,21.39963],[102.99372,21.40014],[102.99309,21.40304],[102.99279,21.40658],[102.99303,21.40758],[102.99438,21.40777],[102.99469,21.40818],[102.99444,21.4097],[102.9948,21.41085],[102.99544,21.41154],[102.99609,21.41434],[102.99778,21.41464],[102.99913,21.41558],[103.00013,21.41904],[103.00134,21.42064],[103.0039,21.42148],[103.00444,21.42135],[103.00943,21.41715],[103.01024,21.4163],[103.0135,21.41606],[103.01476,21.41579],[103.0155,21.41527],[103.0166,21.41347],[103.0168,21.41214],[103.02001,21.41138],[103.0224,21.41027],[103.02397,21.41197],[103.02612,21.41266],[103.0272,21.41231],[103.02889,21.41397],[103.0286,21.41586],[103.03038,21.41643],[103.03032,21.41692],[103.02913,21.41789],[103.02773,21.41814],[103.02742,21.4188],[103.02618,21.41925],[103.0252,21.42108],[103.02432,21.42383],[103.02483,21.42488],[103.02514,21.42785],[103.0248,21.42913],[103.02564,21.4315],[103.02573,21.43479],[103.02475,21.4382],[103.02558,21.43983],[103.02521,21.44079],[103.02625,21.44159],[103.02639,21.44285],[103.02703,21.44368],[103.0281,21.44409],[103.02906,21.44513],[103.02892,21.44664],[103.0277,21.44776],[103.02711,21.44944],[103.0269,21.45231],[103.02657,21.45349],[103.02648,21.45524],[103.02891,21.45675],[103.02634,21.45828],[103.02618,21.4593],[103.02719,21.46082],[103.02762,21.46237],[103.02909,21.46385],[103.02821,21.46531],[103.02831,21.46693],[103.02672,21.46703],[103.02523,21.46782],[103.02431,21.46786],[103.02491,21.46957],[103.02509,21.47141],[103.02603,21.47148],[103.02716,21.47104],[103.02858,21.47166],[103.02863,21.47224],[103.0302,21.47305],[103.03043,21.47361],[103.03161,21.47414],[103.03158,21.47516],[103.03322,21.47522],[103.03429,21.47633],[103.03505,21.47831],[103.03597,21.4794],[103.03684,21.47884],[103.03671,21.48068],[103.03569,21.48048],[103.0348,21.48126],[103.03423,21.48292],[103.03341,21.48347],[103.03361,21.48545],[103.0328,21.48776],[103.0343,21.49065],[103.03529,21.49116],[103.03599,21.49204],[103.03601,21.49409],[103.03653,21.49535],[103.03556,21.49645],[103.03435,21.49623],[103.0323,21.49524],[103.03173,21.49467],[103.02888,21.49472],[103.02733,21.49389],[103.02549,21.4937],[103.0249,21.49329],[103.02326,21.49289],[103.0222,21.49168],[103.02222,21.49096],[103.02048,21.49001],[103.01917,21.4903],[103.01805,21.4888],[103.01712,21.48869],[103.01637,21.48949],[103.01557,21.49146],[103.01334,21.49332],[103.01214,21.49474],[103.01058,21.49554],[103.00977,21.49548],[103.00872,21.49468],[103.00751,21.49438],[103.0067,21.49477],[103.00599,21.49438],[103.00341,21.49432],[103.00104,21.49353],[102.99955,21.4933],[102.99918,21.49278],[102.99901,21.49119],[102.99822,21.49024],[102.99705,21.49002],[102.99591,21.48905],[102.99488,21.48858],[102.9934,21.48842],[102.99115,21.48712],[102.99002,21.48735],[102.989,21.48696],[102.98681,21.48712],[102.98529,21.4865],[102.98421,21.48728],[102.98378,21.48846],[102.98218,21.48942],[102.98049,21.49005],[102.97972,21.49149],[102.97217,21.49425],[102.97025,21.49509],[102.96908,21.49508],[102.96759,21.49558],[102.96664,21.4964],[102.96557,21.49671],[102.96363,21.49642],[102.96261,21.49585],[102.96191,21.49467],[102.95929,21.49426],[102.95889,21.49395],[102.95739,21.49417],[102.95489,21.49324],[102.95349,21.49235],[102.95154,21.49225],[102.95014,21.49162],[102.94887,21.48875],[102.94759,21.48715],[102.94649,21.48632],[102.94551,21.48518],[102.94426,21.48507],[102.94187,21.48423],[102.93875,21.48518],[102.93749,21.48573],[102.93503,21.48648],[102.93353,21.48653],[102.93222,21.48711],[102.93138,21.48715],[102.93096,21.48778],[102.92996,21.48811],[102.92837,21.48983],[102.92713,21.49009],[102.92679,21.49165],[102.92701,21.49221],[102.92653,21.49368],[102.92378,21.49482],[102.92013,21.49444],[102.91822,21.49518],[102.91734,21.49479],[102.9151,21.49532],[102.91518,21.49477],[102.91425,21.49406],[102.91359,21.49139],[102.91281,21.49093],[102.91196,21.48878],[102.91202,21.48806],[102.91049,21.48666],[102.90862,21.48662],[102.90769,21.48691],[102.90732,21.48571],[102.90811,21.48328],[102.90908,21.48262],[102.90936,21.48153],[102.90799,21.48021],[102.90745,21.47857],[102.90575,21.47827],[102.90474,21.4777],[102.90262,21.47696],[102.90131,21.47772],[102.90002,21.47763],[102.89858,21.47808],[102.89675,21.47754],[102.89549,21.47778],[102.89506,21.47824],[102.89381,21.4774],[102.89283,21.47852],[102.8914,21.47846],[102.89009,21.47889],[102.88969,21.47835],[102.88984,21.47742],[102.888,21.47755],[102.88714,21.47689],[102.88643,21.47701],[102.88556,21.47586],[102.88848,21.47405],[102.88975,21.47306],[102.88973,21.47205],[102.891,21.47007],[102.8903,21.46876],[102.88879,21.46758],[102.88781,21.46601],[102.88818,21.46478],[102.88763,21.4642],[102.88609,21.46342],[102.8849,21.46331],[102.88456,21.46165],[102.88486,21.46097],[102.88591,21.46006],[102.88634,21.4581],[102.88562,21.45794],[102.88527,21.45704],[102.88542,21.45562],[102.88656,21.45314],[102.88548,21.44926],[102.88421,21.44796],[102.8834,21.44748],[102.88118,21.44715],[102.88043,21.44753],[102.87906,21.4473],[102.87723,21.44548],[102.87713,21.44399],[102.87739,21.44297],[102.87747,21.44103],[102.87886,21.43977],[102.87864,21.43872],[102.87715,21.43703],[102.87695,21.43619],[102.87443,21.43449],[102.87434,21.43363],[102.87135,21.43247],[102.87081,21.43063],[102.86935,21.42884],[102.86977,21.42659],[102.8707,21.42537],[102.87206,21.42468],[102.87316,21.42457],[102.87374,21.42411],[102.87506,21.42451],[102.87562,21.42435],[102.8775,21.42491],[102.87881,21.42452],[102.88037,21.42505],[102.88153,21.425],[102.88284,21.42593],[102.88458,21.426],[102.88528,21.42682],[102.88693,21.42659],[102.88751,21.42728],[102.8892,21.42814],[102.89031,21.42826],[102.89099,21.42941],[102.89089,21.43022],[102.89173,21.43086],[102.89213,21.43235],[102.89327,21.4334],[102.89454,21.43317],[102.8954,21.43396],[102.89764,21.43452],[102.89953,21.43596],[102.90005,21.43612],[102.90069,21.43485],[102.90068,21.43377],[102.89997,21.43314],[102.90124,21.43229],[102.90165,21.43147],[102.90295,21.43057],[102.90461,21.43057],[102.90511,21.43161],[102.90498,21.43361],[102.90557,21.43485],[102.9082,21.43502],[102.90975,21.43564],[102.91133,21.4374],[102.91253,21.43776],[102.91361,21.4376],[102.9139,21.43831],[102.91269,21.44021],[102.91343,21.44033],[102.91469,21.44203],[102.91492,21.44272],[102.91405,21.4451],[102.91508,21.44577],[102.91581,21.44687],[102.91638,21.44697],[102.91738,21.44804],[102.91685,21.4491],[102.91868,21.44924],[102.92033,21.45023],[102.92056,21.45174],[102.91989,21.45279],[102.92152,21.45253],[102.92213,21.45343],[102.92226,21.45488],[102.9226,21.45541],[102.92507,21.45674],[102.92736,21.4572],[102.93048,21.45711],[102.93276,21.45774],[102.93362,21.45825],[102.93481,21.45779],[102.93643,21.4587],[102.93752,21.45892],[102.93875,21.45878],[102.94036,21.45823],[102.94086,21.45758],[102.94211,21.45681],[102.94257,21.45612],[102.94158,21.45484],[102.94115,21.45351],[102.94008,21.45261],[102.93906,21.45127],[102.93791,21.45093],[102.93736,21.44981],[102.93584,21.44908],[102.93487,21.4483],[102.93498,21.44766],[102.93412,21.44585],[102.93441,21.445],[102.93377,21.44428],[102.93166,21.44615],[102.93134,21.44478],[102.92962,21.44243],[102.92989,21.44156],[102.92906,21.44122],[102.92822,21.44031],[102.92848,21.43797],[102.92811,21.43712],[102.92684,21.4369],[102.92691,21.43628],[102.92585,21.4343],[102.92615,21.43326],[102.9252,21.43234],[102.92407,21.43206],[102.92352,21.43092],[102.92401,21.42834],[102.92261,21.42696],[102.92224,21.42566],[102.92279,21.42369],[102.92191,21.42281],[102.92176,21.42114],[102.92131,21.42051],[102.91907,21.41922],[102.91863,21.41811],[102.91867,21.41648],[102.91805,21.41502],[102.91835,21.41386],[102.91799,21.41105],[102.91831,21.4098],[102.91976,21.40937],[102.92019,21.40834],[102.91917,21.40663],[102.91821,21.40679],[102.91612,21.40626],[102.91535,21.40476],[102.91508,21.40311],[102.91208,21.40141],[102.91004,21.3998],[102.90929,21.39803],[102.90934,21.39688],[102.90904,21.39455],[102.90864,21.3938],[102.90662,21.39253],[102.90562,21.39269],[102.90459,21.39225],[102.90298,21.39095],[102.90206,21.38979],[102.90166,21.3884],[102.89863,21.38663],[102.89724,21.3872],[102.89621,21.38647],[102.89605,21.38558],[102.89652,21.38467],[102.89642,21.38321],[102.89716,21.38109],[102.89676,21.38043],[102.89744,21.37849],[102.89856,21.37757],[102.89877,21.37591],[102.89861,21.37421],[102.89788,21.37358],[102.89655,21.3716],[102.89651,21.37108],[102.89527,21.36991],[102.89476,21.36775],[102.89664,21.36829],[102.89891,21.36614],[102.89918,21.3657]]]},"properties":{"a01_tinh":"diaphanhanhchinhcaptinh_sn.109","a02_xa":"diaphanhanhchinhcapxa_2025.2263","a03_ten":"Xã Thanh Nưa","a04_tentinh":"Tỉnh Điện Biên","a05_truocsn":"Xã Hua Thanh, Xã Thanh Luông, Xã Thanh Hưng, Xã Thanh Chăn, Xã Thanh Nưa","a06_trungtamhc":"Trụ sở Đảng ủy, HĐND và UBND xã Thanh Luông","a07_dt":"57.23","a08_ds":"20686","a09_dthoai":null,"a10_web":null,"ten":"Xã Thanh Nưa","ma":"03328","tentinh":"Tỉnh Điện Biên","truocsapnhap":"Xã Hua Thanh, Xã Thanh Luông, Xã Thanh Hưng, Xã Thanh Chăn, Xã Thanh Nưa","dientichkm2":null,"dansonguoi":null},"id":"diaphanhanhchinhcapxa_2025.2263"},
{"type":"Feature","geometry":{"type":"Polygon","coordinates":[[[103.00063,21.35114],[102.99678,21.35015],[102.99754,21.3477],[102.99302,21.34777],[102.99247,21.34726],[102.99151,21.34792],[102.99066,21.34744],[102.98707,21.34775],[102.98712,21.34631],[102.98533,21.34692],[102.98423,21.34813],[102.98373,21.34953],[102.98281,21.34914],[102.98116,21.34969],[102.981,21.35082],[102.97965,21.35136],[102.97845,21.34982],[102.97655,21.35074],[102.97588,21.34963],[102.97506,21.34939],[102.9735,21.34973],[102.97218,21.35088],[102.97251,21.35174],[102.97383,21.3535],[102.96961,21.35498],[102.96613,21.35469],[102.96435,21.35351],[102.96293,21.35294],[102.961,21.35319],[102.96063,21.3525],[102.95854,21.35227],[102.95792,21.35257],[102.95698,21.35211],[102.95648,21.35277],[102.95527,21.35301],[102.95515,21.35393],[102.95382,21.35456],[102.95365,21.35501],[102.9515,21.35548],[102.94936,21.35499],[102.94835,21.35527],[102.94719,21.35492],[102.94478,21.35366],[102.94397,21.3528],[102.94269,21.352],[102.94142,21.35179],[102.94127,21.35255],[102.94258,21.35449],[102.942,21.35465],[102.94099,21.35617],[102.94003,21.35697],[102.94009,21.35859],[102.93818,21.35924],[102.93651,21.36135],[102.93534,21.36106],[102.93443,21.362],[102.93368,21.36232],[102.93203,21.36219],[102.93109,21.36176],[102.92728,21.3614],[102.92675,21.36072],[102.92593,21.36096],[102.92522,21.36171],[102.92335,21.36182],[102.92235,21.36219],[102.92077,21.36101],[102.91943,21.36094],[102.91891,21.36131],[102.91689,21.36096],[102.91541,21.36185],[102.91344,21.36228],[102.91288,21.36281],[102.91001,21.36366],[102.909,21.36517],[102.90841,21.36546],[102.90673,21.36517],[102.90529,21.36547],[102.90341,21.36491],[102.90223,21.36518],[102.90076,21.36667],[102.89969,21.36651],[102.89918,21.3657],[102.89846,21.36427],[102.89834,21.36331],[102.89772,21.36323],[102.8965,21.36224],[102.89517,21.36223],[102.89413,21.36131],[102.89351,21.36008],[102.89369,21.35885],[102.89463,21.35819],[102.89588,21.35796],[102.89682,21.35647],[102.89618,21.35527],[102.89457,21.3542],[102.89376,21.35262],[102.89404,21.35084],[102.89383,21.34898],[102.89402,21.34773],[102.89232,21.34582],[102.89239,21.34463],[102.89283,21.3442],[102.89303,21.34274],[102.89354,21.34203],[102.89348,21.34094],[102.892,21.34031],[102.891,21.33921],[102.89064,21.33776],[102.89093,21.33583],[102.89033,21.33415],[102.88969,21.33348],[102.8893,21.33207],[102.89232,21.33022],[102.89275,21.32857],[102.89401,21.32708],[102.89437,21.32609],[102.89548,21.32422],[102.89592,21.32283],[102.89727,21.32189],[102.89808,21.32078],[102.89935,21.31781],[102.89951,21.31689],[102.89916,21.31589],[102.89812,21.31422],[102.89936,21.31175],[102.89854,21.31071],[102.89812,21.30917],[102.89829,21.30817],[102.89749,21.30698],[102.89748,21.3051],[102.89679,21.30405],[102.89565,21.30319],[102.89403,21.30367],[102.89278,21.30372],[102.8889,21.30223],[102.88792,21.30119],[102.88616,21.30064],[102.88404,21.29951],[102.88292,21.301],[102.88081,21.30125],[102.87725,21.30258],[102.87492,21.30156],[102.87369,21.3006],[102.87255,21.30041],[102.87159,21.30081],[102.86923,21.30087],[102.86734,21.3011],[102.86635,21.30037],[102.86407,21.30087],[102.86253,21.3008],[102.86161,21.30044],[102.86104,21.29966],[102.8592,21.2981],[102.85714,21.29802],[102.85543,21.29838],[102.85269,21.29986],[102.85166,21.299],[102.85121,21.29762],[102.85102,21.29421],[102.85028,21.2919],[102.84937,21.29043],[102.84792,21.28964],[102.84636,21.28964],[102.84533,21.29046],[102.84424,21.29259],[102.84337,21.29292],[102.84075,21.29115],[102.84051,21.28907],[102.84012,21.28811],[102.83912,21.28667],[102.83942,21.28485],[102.83931,21.28307],[102.83897,21.28245],[102.83657,21.28315],[102.83513,21.28376],[102.8343,21.28344],[102.8336,21.28235],[102.83375,21.27952],[102.83262,21.27778],[102.8316,21.27755],[102.83094,21.27843],[102.82933,21.27842],[102.82834,21.27746],[102.82698,21.27737],[102.82433,21.27529],[102.82313,21.27499],[102.8208,21.27286],[102.81919,21.27216],[102.81634,21.2721],[102.81509,21.27156],[102.81505,21.27082],[102.81674,21.26975],[102.81714,21.26901],[102.81494,21.26649],[102.81412,21.26639],[102.81261,21.26713],[102.81142,21.26725],[102.80973,21.26661],[102.80889,21.26526],[102.8081,21.26465],[102.80789,21.26313],[102.80964,21.26174],[102.81114,21.25961],[102.81191,21.25919],[102.81342,21.25906],[102.81417,21.25867],[102.81509,21.25738],[102.81543,21.25584],[102.81493,21.25507],[102.81408,21.25471],[102.8113,21.25279],[102.81195,21.25112],[102.81361,21.2507],[102.8169,21.25167],[102.8183,21.25233],[102.82004,21.25344],[102.82076,21.25329],[102.82121,21.25203],[102.82031,21.25101],[102.82021,21.24963],[102.82157,21.24831],[102.82204,21.2465],[102.82363,21.24667],[102.82354,21.24574],[102.82432,21.24548],[102.82702,21.24676],[102.82722,21.24609],[102.82829,21.24655],[102.82916,21.24631],[102.82919,21.24731],[102.82994,21.24772],[102.83194,21.24685],[102.83292,21.24755],[102.83471,21.24674],[102.83511,21.24738],[102.8362,21.24665],[102.83793,21.24747],[102.83906,21.24701],[102.84036,21.24743],[102.84189,21.24754],[102.84264,21.24682],[102.8432,21.24759],[102.84311,21.24853],[102.84489,21.2494],[102.84546,21.25002],[102.84568,21.25115],[102.84651,21.251],[102.84717,21.25195],[102.84824,21.25286],[102.84915,21.2529],[102.85002,21.2541],[102.85097,21.25407],[102.8514,21.25352],[102.85313,21.25333],[102.8544,21.25351],[102.8547,21.25241],[102.85589,21.25437],[102.85697,21.25502],[102.85775,21.25609],[102.85869,21.25615],[102.86047,21.2568],[102.86188,21.25537],[102.86285,21.25542],[102.86325,21.25601],[102.8631,21.25737],[102.86417,21.25745],[102.8652,21.25639],[102.86465,21.25524],[102.86537,21.25496],[102.86658,21.25558],[102.86701,21.25458],[102.86841,21.25498],[102.87087,21.25522],[102.87379,21.25606],[102.87548,21.25674],[102.87596,21.2566],[102.8789,21.25684],[102.87998,21.2575],[102.88126,21.25767],[102.88172,21.25846],[102.88185,21.25971],[102.88353,21.26058],[102.88468,21.26046],[102.88616,21.26115],[102.88759,21.26093],[102.89087,21.26182],[102.89208,21.26256],[102.8935,21.26184],[102.89539,21.26213],[102.89728,21.26273],[102.89847,21.26263],[102.90037,21.26186],[102.90074,21.26135],[102.90173,21.26147],[102.90277,21.26203],[102.9047,21.26409],[102.90548,21.26568],[102.90728,21.26733],[102.90729,21.26809],[102.90635,21.27],[102.90662,21.27064],[102.90617,21.2722],[102.90511,21.27328],[102.90477,21.27511],[102.90588,21.27721],[102.90734,21.27786],[102.90817,21.27774],[102.90978,21.27847],[102.90972,21.27961],[102.90898,21.28042],[102.90827,21.28284],[102.91055,21.28346],[102.91242,21.28273],[102.91324,21.283],[102.91672,21.28304],[102.9183,21.28259],[102.91954,21.28195],[102.92244,21.2819],[102.92329,21.28145],[102.92438,21.28138],[102.92738,21.28406],[102.92972,21.28342],[102.93081,21.28392],[102.93217,21.28402],[102.93463,21.28456],[102.93627,21.28544],[102.93801,21.28527],[102.94114,21.28354],[102.94288,21.28352],[102.94392,21.28279],[102.9452,21.28242],[102.94576,21.28284],[102.9454,21.28457],[102.94569,21.2861],[102.94643,21.28831],[102.94989,21.28823],[102.95249,21.28773],[102.95472,21.28646],[102.95868,21.28563],[102.96035,21.28448],[102.96174,21.28423],[102.96294,21.28437],[102.96509,21.28514],[102.96668,21.28504],[102.96773,21.28468],[102.96863,21.28362],[102.96873,21.2823],[102.96739,21.27955],[102.96859,21.27906],[102.97102,21.28068],[102.97286,21.281],[102.97506,21.28103],[102.97718,21.28051],[102.97852,21.27955],[102.97851,21.27887],[102.97767,21.27732],[102.97808,21.27604],[102.97888,21.27531],[102.98,21.27559],[102.9823,21.27673],[102.98484,21.27616],[102.99156,21.27783],[102.99364,21.27823],[102.9966,21.28015],[102.99718,21.28161],[102.99903,21.28337],[102.9998,21.28484],[103.00079,21.28564],[103.00325,21.28677],[103.00351,21.28764],[103.00318,21.28846],[103.00113,21.28986],[103.00129,21.2925],[102.99997,21.29451],[103.00052,21.29482],[103.00302,21.29535],[103.00288,21.29616],[103.00184,21.29696],[102.99861,21.29861],[102.99816,21.3001],[102.99851,21.30122],[102.99965,21.3023],[102.99947,21.30376],[102.99815,21.30469],[102.99722,21.30601],[102.99764,21.30732],[102.9982,21.30798],[103.00002,21.30908],[103.00107,21.31021],[103.00183,21.31278],[103.00297,21.31329],[103.00346,21.31413],[103.00248,21.31481],[102.99936,21.31584],[102.99896,21.31659],[102.99946,21.31722],[103.00142,21.31768],[103.00349,21.3184],[103.00381,21.31908],[103.00319,21.3198],[103.00156,21.32282],[103.00325,21.32562],[103.00322,21.32662],[103.00366,21.32746],[103.00458,21.3271],[103.00604,21.32735],[103.00635,21.32819],[103.00613,21.32943],[103.00782,21.33046],[103.00787,21.33106],[103.00923,21.33132],[103.00983,21.33255],[103.00963,21.3336],[103.00991,21.33476],[103.00956,21.33539],[103.00844,21.33559],[103.00669,21.33502],[103.00573,21.33549],[103.00522,21.33637],[103.00544,21.33804],[103.00475,21.34088],[103.00482,21.3424],[103.00447,21.34426],[103.0072,21.34668],[103.00684,21.3475],[103.00487,21.34733],[103.00482,21.34737],[103.00417,21.3482],[103.00505,21.3485],[103.00584,21.34932],[103.00576,21.34987],[103.00431,21.34984],[103.00209,21.35046],[103.00063,21.35114]]]},"properties":{"a01_tinh":"diaphanhanhchinhcaptinh_sn.109","a02_xa":"diaphanhanhchinhcapxa_2025.2264","a03_ten":"Xã Thanh Yên","a04_tentinh":"Tỉnh Điện Biên","a05_truocsn":"Xã Noong Luống, Xã Pa Thơm, Xã Thanh Yên","a06_trungtamhc":"Trụ sở Đảng ủy, HĐND và UBND xã Noong Luống","a07_dt":"176.97","a08_ds":"29397","a09_dthoai":null,"a10_web":null,"ten":"Xã Thanh Yên","ma":"03349","tentinh":"Tỉnh Điện Biên","truocsapnhap":"Xã Noong Luống, Xã Pa Thơm, Xã Thanh Yên","dientichkm2":null,"dansonguoi":null},"id":"diaphanhanhchinhcapxa_2025.2264"},
{"type":"Feature","geometry":{"type":"Polygon","coordinates":[[[103.40793,21.16136],[103.40653,21.16248],[103.40471,21.1633],[103.40413,21.16446],[103.40334,21.16508],[103.40296,21.16676],[103.4018,21.16744],[103.40078,21.16957],[103.40084,21.17016],[103.40174,21.17128],[103.40152,21.17202],[103.4004,21.17277],[103.39985,21.17449],[103.39861,21.17435],[103.39713,21.17319],[103.394,21.17272],[103.39235,21.17177],[103.39134,21.17223],[103.39061,21.1732],[103.38917,21.17412],[103.37951,21.17078],[103.37272,21.16823],[103.37235,21.16776],[103.37248,21.16642],[103.37142,21.16466],[103.36982,21.16419],[103.36787,21.1655],[103.36728,21.16627],[103.36621,21.16658],[103.36562,21.16756],[103.36589,21.16842],[103.36481,21.16933],[103.36511,21.17212],[103.36592,21.17365],[103.36443,21.17649],[103.36408,21.17788],[103.36467,21.1792],[103.36494,21.18088],[103.36351,21.1808],[103.36328,21.18193],[103.3628,21.18223],[103.36269,21.18365],[103.35943,21.18469],[103.35897,21.18517],[103.35965,21.18675],[103.35872,21.1871],[103.35797,21.18909],[103.35751,21.18967],[103.35782,21.19197],[103.35665,21.19162],[103.35589,21.19242],[103.35521,21.19374],[103.3546,21.19424],[103.35368,21.1968],[103.35025,21.20023],[103.35134,21.20132],[103.35165,21.20296],[103.3527,21.20448],[103.35459,21.20542],[103.35397,21.20723],[103.35287,21.20748],[103.3514,21.20997],[103.35046,21.212],[103.35063,21.21264],[103.35168,21.21381],[103.351,21.21537],[103.34935,21.21652],[103.34858,21.21748],[103.34784,21.2192],[103.34764,21.22055],[103.3467,21.22048],[103.34599,21.22122],[103.34353,21.22197],[103.34298,21.22245],[103.3417,21.22263],[103.33742,21.2202],[103.33704,21.21978],[103.33528,21.21953],[103.3359,21.21868],[103.32913,21.21852],[103.32379,21.21408],[103.32161,21.21761],[103.31898,21.21883],[103.31669,21.21894],[103.31557,21.21978],[103.31335,21.21928],[103.3125,21.21851],[103.31147,21.21878],[103.31102,21.21835],[103.30962,21.2191],[103.30875,21.21884],[103.30668,21.21951],[103.3032,21.21915],[103.30201,21.2192],[103.30095,21.21989],[103.29901,21.22026],[103.29638,21.22124],[103.29591,21.22218],[103.29649,21.22304],[103.2942,21.22173],[103.29335,21.22005],[103.29261,21.21944],[103.29241,21.21845],[103.29154,21.21773],[103.28922,21.21647],[103.28526,21.21548],[103.28394,21.21484],[103.28082,21.21236],[103.28004,21.2112],[103.28257,21.20788],[103.28261,21.20658],[103.28208,21.20557],[103.28109,21.20482],[103.28066,21.20398],[103.28131,21.20195],[103.28151,21.20036],[103.28044,21.19946],[103.2805,21.19881],[103.28175,21.19782],[103.28196,21.19704],[103.28139,21.19579],[103.28038,21.195],[103.27819,21.19383],[103.27732,21.19406],[103.27614,21.19352],[103.27485,21.19077],[103.27485,21.18899],[103.27424,21.18769],[103.27416,21.18654],[103.27488,21.18572],[103.27504,21.18473],[103.27434,21.18211],[103.27322,21.18074],[103.27372,21.18009],[103.27547,21.17901],[103.27686,21.17845],[103.27829,21.17827],[103.2795,21.17847],[103.28073,21.17832],[103.28239,21.17761],[103.28283,21.17563],[103.28372,21.17427],[103.28364,21.17312],[103.28262,21.17197],[103.28283,21.17065],[103.28422,21.1704],[103.2865,21.17108],[103.28798,21.17048],[103.28851,21.16945],[103.28835,21.1679],[103.28701,21.16596],[103.28698,21.16472],[103.28601,21.16373],[103.2846,21.16289],[103.28356,21.16283],[103.28258,21.162],[103.28163,21.16018],[103.28255,21.1583],[103.283,21.15692],[103.28164,21.15624],[103.28143,21.15497],[103.28242,21.15314],[103.28182,21.15222],[103.27853,21.15067],[103.27728,21.14964],[103.27645,21.14785],[103.27517,21.14669],[103.27539,21.14391],[103.27481,21.14123],[103.27545,21.13796],[103.27613,21.13626],[103.27604,21.13418],[103.2764,21.13243],[103.2779,21.13148],[103.27838,21.13076],[103.27704,21.13041],[103.27466,21.131],[103.27299,21.13067],[103.27235,21.12956],[103.27177,21.1272],[103.27209,21.12471],[103.27162,21.12378],[103.27146,21.12172],[103.27108,21.12086],[103.27245,21.11804],[103.27119,21.11534],[103.27115,21.11446],[103.27189,21.11349],[103.27341,21.11229],[103.27342,21.11017],[103.27381,21.10842],[103.2753,21.10559],[103.27546,21.10304],[103.27499,21.10146],[103.27559,21.09875],[103.2763,21.09461],[103.27963,21.09267],[103.28066,21.09118],[103.28178,21.09026],[103.28291,21.09054],[103.28374,21.09019],[103.28408,21.09105],[103.28481,21.09088],[103.28698,21.09151],[103.2865,21.0936],[103.28679,21.09404],[103.2853,21.0947],[103.28711,21.09555],[103.28869,21.09697],[103.29025,21.09808],[103.28667,21.09999],[103.28905,21.10198],[103.29155,21.10065],[103.29311,21.09877],[103.29588,21.09697],[103.29745,21.09652],[103.29856,21.09531],[103.29984,21.09489],[103.30082,21.09514],[103.30267,21.09509],[103.3038,21.09439],[103.30517,21.09492],[103.30662,21.09591],[103.30787,21.09544],[103.30899,21.09557],[103.31072,21.09419],[103.31114,21.09352],[103.31106,21.09259],[103.31324,21.09197],[103.3158,21.09387],[103.31633,21.09503],[103.31722,21.09566],[103.31887,21.09465],[103.32068,21.09324],[103.32249,21.09255],[103.32442,21.09282],[103.32677,21.09165],[103.32966,21.0913],[103.33117,21.09093],[103.3332,21.09113],[103.33388,21.09081],[103.33525,21.08847],[103.33619,21.08833],[103.33678,21.08759],[103.33828,21.08683],[103.33869,21.08611],[103.33993,21.08581],[103.34094,21.08483],[103.34211,21.08484],[103.3427,21.08443],[103.34382,21.08456],[103.34443,21.08394],[103.34634,21.08305],[103.34688,21.08183],[103.3475,21.0814],[103.34878,21.08185],[103.34941,21.08044],[103.35092,21.07837],[103.35191,21.07739],[103.35308,21.07677],[103.35386,21.07553],[103.35542,21.07493],[103.35607,21.07359],[103.35704,21.07294],[103.35807,21.07181],[103.35887,21.07226],[103.36078,21.07219],[103.36242,21.07135],[103.36336,21.0705],[103.36486,21.07056],[103.36553,21.07098],[103.36629,21.06974],[103.3677,21.06945],[103.36844,21.0682],[103.36972,21.06776],[103.37155,21.06779],[103.37256,21.06755],[103.37486,21.06576],[103.37678,21.06573],[103.37795,21.06484],[103.37793,21.06424],[103.37709,21.06273],[103.37734,21.06175],[103.37832,21.06157],[103.38082,21.06156],[103.38247,21.06058],[103.38455,21.06004],[103.38544,21.06003],[103.38674,21.06124],[103.38814,21.06109],[103.38916,21.06151],[103.38973,21.06228],[103.39201,21.06364],[103.39322,21.06282],[103.39615,21.06332],[103.39782,21.06339],[103.39906,21.06441],[103.40012,21.06489],[103.40134,21.06471],[103.40214,21.06562],[103.40296,21.06509],[103.40436,21.06548],[103.40804,21.06367],[103.41163,21.06517],[103.41378,21.06487],[103.41581,21.06506],[103.41784,21.06502],[103.42004,21.06603],[103.42194,21.06573],[103.42409,21.06777],[103.42376,21.06826],[103.42444,21.07],[103.4233,21.07225],[103.42267,21.07249],[103.42247,21.07338],[103.42109,21.07518],[103.42147,21.07812],[103.42191,21.07992],[103.42137,21.08165],[103.41993,21.08266],[103.419,21.08427],[103.41736,21.08488],[103.41564,21.08585],[103.41582,21.08663],[103.4151,21.08705],[103.41536,21.08883],[103.41467,21.08917],[103.4133,21.08914],[103.4132,21.08978],[103.41397,21.09084],[103.41385,21.09206],[103.41306,21.09279],[103.41299,21.09392],[103.41214,21.09551],[103.4123,21.09664],[103.41308,21.09809],[103.41243,21.09947],[103.41198,21.1011],[103.41043,21.10262],[103.40935,21.10425],[103.40964,21.10556],[103.40878,21.10609],[103.40709,21.10816],[103.40545,21.10912],[103.40563,21.10997],[103.40465,21.11191],[103.40471,21.11321],[103.40553,21.11448],[103.40569,21.11602],[103.40522,21.11662],[103.40538,21.11851],[103.40613,21.11955],[103.40624,21.12082],[103.40577,21.12136],[103.40616,21.12292],[103.40762,21.12405],[103.40778,21.12479],[103.40613,21.12725],[103.40602,21.12935],[103.40617,21.13083],[103.40542,21.13133],[103.40462,21.13312],[103.40498,21.1346],[103.40423,21.1361],[103.40355,21.13615],[103.40371,21.13748],[103.40433,21.13829],[103.40431,21.13903],[103.4023,21.13968],[103.40098,21.14152],[103.40059,21.14306],[103.40085,21.14348],[103.39994,21.1448],[103.39718,21.14582],[103.39652,21.14642],[103.39667,21.14937],[103.3982,21.15101],[103.39767,21.15166],[103.39806,21.15261],[103.39948,21.15281],[103.40031,21.15356],[103.4025,21.15358],[103.40309,21.15431],[103.40431,21.15494],[103.40506,21.15624],[103.40622,21.15708],[103.40611,21.15834],[103.40726,21.15978],[103.40701,21.16081],[103.40793,21.16136]]]},"properties":{"a01_tinh":"diaphanhanhchinhcaptinh_sn.109","a02_xa":"diaphanhanhchinhcapxa_2025.2271","a03_ten":"Xã Tìa Dình","a04_tentinh":"Tỉnh Điện Biên","a05_truocsn":"Xã Háng Lìa, Xã Tìa Dình","a06_trungtamhc":"Trụ sở Đảng ủy, HĐND và UBND xã Háng Lìa","a07_dt":"130.1","a08_ds":"15697","a09_dthoai":null,"a10_web":null,"ten":"Xã Tìa Dình","ma":"03385","tentinh":"Tỉnh Điện Biên","truocsapnhap":"Xã Háng Lìa, Xã Tìa Dình","dientichkm2":null,"dansonguoi":null},"id":"diaphanhanhchinhcapxa_2025.2271"},
{"type":"Feature","geometry":{"type":"Polygon","coordinates":[[[103.3749,21.87574],[103.37403,21.87405],[103.37312,21.87354],[103.37073,21.87319],[103.37002,21.87337],[103.36892,21.87278],[103.36433,21.87428],[103.36309,21.87407],[103.36105,21.87489],[103.35934,21.87483],[103.35707,21.87565],[103.35631,21.87625],[103.35396,21.8749],[103.3551,21.87433],[103.35537,21.8737],[103.35651,21.87267],[103.35506,21.87254],[103.35414,21.87287],[103.35325,21.8724],[103.35148,21.8726],[103.35014,21.8725],[103.34848,21.87291],[103.34665,21.87254],[103.34615,21.87277],[103.34424,21.87244],[103.34299,21.8734],[103.34164,21.87368],[103.34075,21.87318],[103.33661,21.87406],[103.33563,21.87471],[103.33303,21.87495],[103.33214,21.8723],[103.33045,21.87119],[103.32928,21.87088],[103.3281,21.87101],[103.32763,21.8688],[103.32709,21.86717],[103.32607,21.86581],[103.32361,21.86556],[103.32214,21.86395],[103.3202,21.86326],[103.31868,21.86355],[103.31738,21.86323],[103.31383,21.86337],[103.31251,21.8639],[103.30973,21.86366],[103.30841,21.86372],[103.30697,21.86431],[103.30608,21.86436],[103.3047,21.86373],[103.30119,21.86437],[103.30011,21.86406],[103.29947,21.86455],[103.29821,21.86461],[103.29786,21.86411],[103.29657,21.8651],[103.29637,21.86565],[103.29489,21.86687],[103.29387,21.86678],[103.29324,21.86759],[103.29333,21.86657],[103.29182,21.86219],[103.28966,21.85979],[103.28936,21.85847],[103.2897,21.85611],[103.2902,21.8542],[103.28948,21.85221],[103.28881,21.85114],[103.28916,21.84981],[103.29129,21.84804],[103.29178,21.84703],[103.29187,21.84554],[103.29162,21.84494],[103.29294,21.8435],[103.29301,21.84173],[103.29413,21.83992],[103.29441,21.83879],[103.29563,21.83627],[103.29612,21.83369],[103.29773,21.83072],[103.29782,21.82957],[103.29837,21.82858],[103.29801,21.82615],[103.29745,21.82516],[103.29769,21.82422],[103.29962,21.82216],[103.30192,21.8194],[103.30362,21.81831],[103.30393,21.81738],[103.30303,21.81679],[103.30186,21.81486],[103.30267,21.81366],[103.30339,21.81129],[103.30339,21.81017],[103.30382,21.80941],[103.30351,21.80804],[103.3037,21.80586],[103.30553,21.80686],[103.30585,21.80773],[103.30838,21.80936],[103.30959,21.80857],[103.31154,21.80799],[103.31301,21.80813],[103.3137,21.8072],[103.31634,21.8069],[103.31793,21.80641],[103.31976,21.80541],[103.32235,21.80513],[103.32752,21.79857],[103.32784,21.79747],[103.32947,21.79793],[103.33118,21.79629],[103.3311,21.79565],[103.33183,21.79379],[103.3326,21.79089],[103.33228,21.79],[103.33134,21.78974],[103.33207,21.78813],[103.33108,21.78729],[103.33225,21.78673],[103.33403,21.78529],[103.33548,21.78475],[103.33855,21.78493],[103.3398,21.78532],[103.34153,21.78535],[103.34294,21.78501],[103.34805,21.78537],[103.34901,21.78522],[103.35368,21.78535],[103.35629,21.78523],[103.35845,21.78441],[103.3596,21.78378],[103.36049,21.78372],[103.36324,21.78302],[103.36563,21.78183],[103.36771,21.78055],[103.36867,21.78042],[103.36963,21.77968],[103.37045,21.77995],[103.37123,21.77957],[103.37359,21.77961],[103.37531,21.77829],[103.37577,21.77731],[103.37838,21.776],[103.38067,21.77391],[103.3805,21.77064],[103.381,21.76911],[103.38356,21.76987],[103.385,21.77067],[103.38725,21.76943],[103.38777,21.76809],[103.38869,21.76795],[103.38935,21.76851],[103.39103,21.76865],[103.39254,21.76926],[103.39272,21.76992],[103.39485,21.77153],[103.39741,21.77391],[103.39842,21.77457],[103.39894,21.77548],[103.40003,21.77601],[103.40165,21.77593],[103.40335,21.77555],[103.40497,21.77468],[103.40635,21.77459],[103.40834,21.77518],[103.41026,21.77511],[103.4124,21.77606],[103.41354,21.77737],[103.41323,21.77806],[103.41173,21.77949],[103.40997,21.78029],[103.40909,21.78135],[103.40964,21.78197],[103.4124,21.78169],[103.41367,21.78222],[103.4146,21.78199],[103.41583,21.78233],[103.41677,21.7834],[103.41728,21.78516],[103.41824,21.78547],[103.42028,21.785],[103.42154,21.78493],[103.42226,21.78525],[103.42399,21.78479],[103.42588,21.7848],[103.42647,21.7858],[103.42594,21.78804],[103.42793,21.78893],[103.42827,21.79012],[103.42842,21.79374],[103.42813,21.79392],[103.43012,21.79575],[103.4302,21.79638],[103.43167,21.79873],[103.43232,21.80015],[103.43129,21.80039],[103.42987,21.80184],[103.42978,21.80401],[103.42842,21.80475],[103.42851,21.8054],[103.42757,21.80673],[103.42827,21.80877],[103.42918,21.80973],[103.4307,21.80968],[103.42949,21.81154],[103.42834,21.81383],[103.42712,21.81668],[103.42579,21.81703],[103.42397,21.81913],[103.42361,21.82035],[103.4242,21.82182],[103.42355,21.82269],[103.42308,21.82473],[103.42321,21.82688],[103.42419,21.82765],[103.42447,21.82851],[103.42314,21.83037],[103.42233,21.83085],[103.42027,21.83067],[103.41965,21.83097],[103.4153,21.83195],[103.41402,21.83157],[103.41164,21.83207],[103.40975,21.83229],[103.40868,21.83297],[103.40456,21.83322],[103.40299,21.83273],[103.40177,21.83343],[103.39975,21.83403],[103.39791,21.83424],[103.39631,21.83532],[103.39507,21.83494],[103.39332,21.83381],[103.39075,21.83367],[103.38956,21.83208],[103.38952,21.831],[103.39087,21.8301],[103.39012,21.82937],[103.38891,21.82923],[103.38795,21.83003],[103.38853,21.83126],[103.38859,21.83338],[103.38951,21.8355],[103.39061,21.83588],[103.38996,21.8373],[103.39086,21.83889],[103.39143,21.84083],[103.39091,21.8424],[103.39017,21.84215],[103.38801,21.84411],[103.38884,21.84476],[103.38793,21.84609],[103.38918,21.84639],[103.38956,21.84688],[103.38893,21.84796],[103.38661,21.84843],[103.38451,21.84762],[103.38263,21.8479],[103.38205,21.84734],[103.38071,21.84889],[103.37933,21.84999],[103.37876,21.8511],[103.38017,21.85116],[103.38205,21.852],[103.38359,21.85397],[103.3836,21.85461],[103.38429,21.85649],[103.38323,21.85754],[103.38235,21.86062],[103.38139,21.86255],[103.38007,21.86423],[103.38025,21.86696],[103.38015,21.86958],[103.37977,21.87077],[103.37689,21.87386],[103.3749,21.87574]]]},"properties":{"a01_tinh":"diaphanhanhchinhcaptinh_sn.109","a02_xa":"diaphanhanhchinhcapxa_2025.2248","a03_ten":"Xã Tủa Chùa","a04_tentinh":"Tỉnh Điện Biên","a05_truocsn":"Thị trấn Tủa Chùa, Xã Mường Báng, Xã Nà Tòng","a06_trungtamhc":"Trụ sở Huyện ủy, HĐND và UBND huyện Tủa Chùa","a07_dt":"166.76","a08_ds":"7292","a09_dthoai":null,"a10_web":null,"ten":"Xã Tủa Chùa","ma":"03217","tentinh":"Tỉnh Điện Biên","truocsapnhap":"Thị trấn Tủa Chùa, Xã Mường Báng, Xã Nà Tòng","dientichkm2":null,"dansonguoi":null},"id":"diaphanhanhchinhcapxa_2025.2248"},
{"type":"Feature","geometry":{"type":"Polygon","coordinates":[[[103.40683,22.01559],[103.40911,22.01446],[103.41054,22.01412],[103.41211,22.01415],[103.41359,22.01465],[103.41563,22.01603],[103.41459,22.01372],[103.41421,22.01331],[103.41143,22.01192],[103.40972,22.01066],[103.40954,22.00948],[103.40976,22.00769],[103.40917,22.00652],[103.40925,22.00512],[103.40968,22.00405],[103.41068,22.00333],[103.41016,22.0002],[103.40967,21.99894],[103.40848,21.99849],[103.40669,21.99876],[103.40535,21.99777],[103.40369,21.99724],[103.40421,21.99616],[103.4039,21.99102],[103.40265,21.99131],[103.40234,21.99222],[103.40051,21.9918],[103.40028,21.99124],[103.39898,21.99201],[103.39711,21.99144],[103.39634,21.99079],[103.39502,21.99084],[103.3948,21.98997],[103.39336,21.99077],[103.39207,21.98905],[103.39215,21.98814],[103.39339,21.98676],[103.39352,21.9844],[103.39492,21.98346],[103.39463,21.98274],[103.39542,21.98169],[103.39707,21.97765],[103.39698,21.9752],[103.39511,21.97327],[103.39432,21.97272],[103.39383,21.97127],[103.39317,21.97034],[103.39019,21.96822],[103.38921,21.96579],[103.3896,21.96415],[103.39091,21.96235],[103.39063,21.96158],[103.39149,21.95957],[103.39089,21.95533],[103.39143,21.95419],[103.39092,21.95254],[103.39074,21.95011],[103.38993,21.94938],[103.38908,21.948],[103.39459,21.94113],[103.3926,21.94015],[103.39169,21.94015],[103.39086,21.93963],[103.39011,21.93971],[103.39,21.93811],[103.38958,21.93776],[103.38937,21.9364],[103.38887,21.9354],[103.38845,21.9335],[103.38771,21.93305],[103.38648,21.93147],[103.38628,21.93061],[103.38533,21.92985],[103.38523,21.92775],[103.38397,21.92595],[103.38383,21.92428],[103.38311,21.92209],[103.38373,21.92087],[103.3843,21.92055],[103.38415,21.91955],[103.38443,21.91842],[103.38523,21.91813],[103.38667,21.91825],[103.38785,21.91788],[103.38956,21.91679],[103.39148,21.9162],[103.39256,21.91669],[103.39343,21.91786],[103.3946,21.91815],[103.3961,21.91911],[103.39695,21.92024],[103.39952,21.92067],[103.40079,21.92143],[103.4022,21.92116],[103.40583,21.92175],[103.40601,21.92259],[103.40847,21.9236],[103.41175,21.92326],[103.41382,21.92222],[103.41649,21.92182],[103.41744,21.92288],[103.41895,21.924],[103.41925,21.92513],[103.42923,21.92215],[103.42865,21.92166],[103.42661,21.91801],[103.42672,21.91722],[103.42873,21.91593],[103.42928,21.91452],[103.43066,21.91323],[103.43136,21.91086],[103.43331,21.9096],[103.43483,21.91],[103.43585,21.90975],[103.43727,21.91023],[103.43869,21.91111],[103.43937,21.91204],[103.44068,21.91308],[103.4409,21.91472],[103.44029,21.9159],[103.44042,21.91746],[103.44179,21.91881],[103.44266,21.91905],[103.44365,21.9201],[103.44462,21.9216],[103.44791,21.9241],[103.44739,21.92482],[103.44767,21.92581],[103.44972,21.92492],[103.45046,21.92515],[103.45259,21.92489],[103.4535,21.92565],[103.45461,21.92572],[103.45578,21.92691],[103.45875,21.92701],[103.46637,21.92368],[103.47381,21.92173],[103.47791,21.92225],[103.48276,21.92274],[103.48447,21.92115],[103.48414,21.91948],[103.48358,21.91849],[103.48239,21.91736],[103.48185,21.91647],[103.4822,21.91588],[103.48512,21.9149],[103.48584,21.91364],[103.487,21.91327],[103.4874,21.91272],[103.48944,21.91175],[103.49152,21.91038],[103.49408,21.91192],[103.49623,21.91079],[103.49705,21.91068],[103.49736,21.91001],[103.49753,21.90804],[103.49914,21.90733],[103.50047,21.90635],[103.50117,21.9065],[103.50311,21.9041],[103.50423,21.90502],[103.50646,21.90616],[103.50723,21.9071],[103.50767,21.90858],[103.50864,21.91005],[103.50868,21.91106],[103.51134,21.91129],[103.51203,21.91212],[103.51384,21.913],[103.51595,21.91311],[103.51643,21.91334],[103.51825,21.91332],[103.51914,21.91356],[103.52032,21.91318],[103.52187,21.91397],[103.52088,21.91498],[103.52051,21.91616],[103.51942,21.91782],[103.51857,21.91862],[103.51829,21.92009],[103.51873,21.9218],[103.51701,21.92237],[103.51635,21.92304],[103.51636,21.92547],[103.51442,21.92742],[103.51281,21.9302],[103.5083,21.93697],[103.50699,21.93842],[103.5044,21.9423],[103.49818,21.94906],[103.49921,21.94968],[103.5004,21.95159],[103.50243,21.95303],[103.5038,21.95427],[103.50543,21.95502],[103.50929,21.95631],[103.50197,21.96697],[103.4999,21.96934],[103.49769,21.97121],[103.4946,21.97272],[103.49189,21.9755],[103.48997,21.9769],[103.48747,21.97817],[103.48449,21.97898],[103.48094,21.97931],[103.47572,21.98155],[103.47351,21.98286],[103.47103,21.98476],[103.46904,21.987],[103.46544,21.99149],[103.46412,21.99373],[103.46272,21.99523],[103.46076,21.99686],[103.45919,21.99905],[103.45823,22.00009],[103.45659,22.00433],[103.45568,22.00953],[103.45583,22.01221],[103.45568,22.01366],[103.45613,22.01632],[103.45693,22.01756],[103.45807,22.01877],[103.45955,22.01982],[103.46277,22.02182],[103.4669,22.02493],[103.46825,22.02579],[103.46949,22.02691],[103.46993,22.0278],[103.46953,22.03033],[103.46813,22.03208],[103.46591,22.0337],[103.46293,22.03732],[103.46169,22.03906],[103.46022,22.04179],[103.45829,22.04734],[103.45798,22.04934],[103.4567,22.05087],[103.45476,22.05383],[103.45397,22.0547],[103.45163,22.0561],[103.44828,22.05675],[103.44684,22.0574],[103.4455,22.05763],[103.44334,22.05742],[103.44124,22.05668],[103.43934,22.05569],[103.43671,22.05513],[103.43461,22.0553],[103.43091,22.05956],[103.43042,22.06272],[103.42834,22.06747],[103.42607,22.06967],[103.42403,22.07055],[103.4219,22.07234],[103.42114,22.07339],[103.42068,22.07462],[103.42024,22.0767],[103.4192,22.07873],[103.41851,22.08114],[103.41871,22.08457],[103.41915,22.08551],[103.41893,22.08633],[103.41801,22.08698],[103.41737,22.08812],[103.41494,22.0917],[103.41429,22.09312],[103.41231,22.09642],[103.41159,22.10015],[103.41079,22.10292],[103.40941,22.1092],[103.4088,22.11045],[103.40754,22.112],[103.40734,22.11282],[103.4076,22.11508],[103.40739,22.11625],[103.40663,22.1179],[103.40564,22.11917],[103.40398,22.1258],[103.40239,22.12929],[103.39992,22.13354],[103.39661,22.13659],[103.39472,22.13889],[103.39302,22.14126],[103.39242,22.14478],[103.39099,22.14724],[103.3901,22.14957],[103.39016,22.1526],[103.38959,22.15455],[103.389,22.15536],[103.38742,22.15582],[103.38577,22.15578],[103.38427,22.15609],[103.38262,22.15674],[103.38058,22.15693],[103.3789,22.15681],[103.3769,22.15629],[103.37576,22.15505],[103.37467,22.15448],[103.37106,22.15408],[103.36919,22.15404],[103.36268,22.15422],[103.36181,22.15407],[103.36124,22.15231],[103.3612,22.15099],[103.36184,22.14999],[103.36204,22.14864],[103.36266,22.14735],[103.36366,22.14636],[103.36474,22.1429],[103.36512,22.14052],[103.36576,22.14001],[103.36573,22.13863],[103.36633,22.13703],[103.36659,22.13445],[103.36895,22.13051],[103.36849,22.12993],[103.36783,22.12756],[103.36731,22.12647],[103.36884,22.12405],[103.36996,22.12295],[103.37116,22.1211],[103.3721,22.12048],[103.37362,22.11769],[103.37377,22.11603],[103.37356,22.11467],[103.37382,22.114],[103.37543,22.1126],[103.37683,22.11018],[103.37811,22.10939],[103.37801,22.10837],[103.37947,22.10712],[103.37941,22.10555],[103.37963,22.1043],[103.38142,22.10171],[103.38194,22.1014],[103.38523,22.10073],[103.38676,22.09982],[103.38606,22.09213],[103.38662,22.09112],[103.38731,22.09089],[103.38949,22.08879],[103.39049,22.08724],[103.39114,22.08197],[103.39197,22.07702],[103.39467,22.07584],[103.39583,22.07493],[103.39937,22.0735],[103.3973,22.07255],[103.39438,22.06883],[103.3939,22.06732],[103.39539,22.06704],[103.39888,22.06542],[103.39943,22.06472],[103.40027,22.0646],[103.40108,22.06502],[103.4013,22.0639],[103.40232,22.06238],[103.40386,22.06085],[103.40682,22.06061],[103.4074,22.05876],[103.40798,22.05801],[103.40885,22.05806],[103.40641,22.05464],[103.40895,22.05314],[103.4091,22.05149],[103.41006,22.05063],[103.41069,22.04962],[103.41135,22.0465],[103.41215,22.04458],[103.41336,22.04097],[103.41461,22.03998],[103.4133,22.0388],[103.41331,22.03658],[103.41272,22.03552],[103.41135,22.03422],[103.41086,22.0332],[103.41097,22.03124],[103.40962,22.02904],[103.40995,22.0279],[103.40931,22.02705],[103.40963,22.02392],[103.41059,22.02266],[103.41059,22.0205],[103.41111,22.01885],[103.41013,22.01815],[103.4098,22.01712],[103.40881,22.01646],[103.40683,22.01559]]]},"properties":{"a01_tinh":"diaphanhanhchinhcaptinh_sn.109","a02_xa":"diaphanhanhchinhcapxa_2025.2249","a03_ten":"Xã Tủa Thàng","a04_tentinh":"Tỉnh Điện Biên","a05_truocsn":"Xã Huổi Só, Xã Tủa Thàng","a06_trungtamhc":"Trụ sở Đảng ủy, HĐND và UBND xã Huổi Só","a07_dt":"108.33","a08_ds":"17817","a09_dthoai":null,"a10_web":null,"ten":"Xã Tủa Thàng","ma":"03220","tentinh":"Tỉnh Điện Biên","truocsapnhap":"Xã Huổi Só, Xã Tủa Thàng","dientichkm2":null,"dansonguoi":null},"id":"diaphanhanhchinhcapxa_2025.2249"},
{"type":"Feature","geometry":{"type":"Polygon","coordinates":[[[103.41481,21.69494],[103.41424,21.69528],[103.41285,21.69502],[103.41166,21.69373],[103.41168,21.6928],[103.41254,21.69164],[103.41127,21.69103],[103.40939,21.68868],[103.4088,21.68755],[103.40757,21.68654],[103.40435,21.68528],[103.4015,21.6847],[103.40103,21.68408],[103.40045,21.68196],[103.39843,21.68153],[103.39671,21.68028],[103.3948,21.6806],[103.39179,21.6802],[103.39079,21.67937],[103.38961,21.67787],[103.39007,21.6763],[103.3908,21.67523],[103.39075,21.67201],[103.3903,21.6688],[103.3892,21.66759],[103.38861,21.66496],[103.38987,21.66164],[103.39063,21.65859],[103.39017,21.65728],[103.3905,21.65539],[103.39031,21.65389],[103.39057,21.65233],[103.39134,21.65178],[103.39144,21.65105],[103.39077,21.64954],[103.3905,21.64822],[103.39093,21.64756],[103.39126,21.64613],[103.39099,21.64524],[103.39007,21.64375],[103.38885,21.6423],[103.38801,21.63962],[103.38974,21.63842],[103.38942,21.63555],[103.39021,21.63481],[103.39081,21.63201],[103.38961,21.63038],[103.39025,21.62907],[103.39021,21.62819],[103.38969,21.62687],[103.38971,21.62502],[103.3891,21.62404],[103.3898,21.62258],[103.39169,21.62216],[103.39198,21.62078],[103.39121,21.62025],[103.39079,21.6194],[103.39075,21.61684],[103.39096,21.61339],[103.38923,21.61169],[103.38874,21.61053],[103.38928,21.60725],[103.38903,21.60597],[103.38628,21.60445],[103.38588,21.60391],[103.38534,21.60178],[103.38456,21.60026],[103.3845,21.59924],[103.38378,21.59785],[103.38293,21.59516],[103.38314,21.59355],[103.38163,21.59022],[103.37953,21.58935],[103.37829,21.5879],[103.3794,21.58648],[103.38245,21.58421],[103.3835,21.58241],[103.38627,21.58075],[103.38776,21.57902],[103.39057,21.57792],[103.39101,21.57759],[103.39206,21.57574],[103.39232,21.57463],[103.39493,21.57407],[103.39606,21.57332],[103.39753,21.57176],[103.39778,21.57101],[103.40097,21.56991],[103.40293,21.56844],[103.40425,21.56845],[103.4065,21.56698],[103.40745,21.5677],[103.40811,21.56868],[103.40921,21.56929],[103.41023,21.57035],[103.41059,21.57125],[103.41022,21.57214],[103.41053,21.57456],[103.41234,21.57527],[103.41394,21.57694],[103.41439,21.57887],[103.4163,21.5796],[103.41732,21.57964],[103.41986,21.5807],[103.41993,21.58159],[103.42236,21.58025],[103.42364,21.58009],[103.42476,21.57926],[103.42712,21.5793],[103.42799,21.58023],[103.42967,21.58037],[103.43086,21.5802],[103.43233,21.58217],[103.4331,21.58286],[103.43517,21.58411],[103.43643,21.58417],[103.43742,21.58493],[103.43833,21.58465],[103.43871,21.584],[103.43875,21.58271],[103.4411,21.58089],[103.44557,21.58233],[103.4469,21.5823],[103.44775,21.58292],[103.45005,21.58221],[103.4517,21.58229],[103.45305,21.58137],[103.45535,21.58106],[103.45619,21.58113],[103.45755,21.58015],[103.45656,21.58222],[103.45438,21.58328],[103.45434,21.58437],[103.45335,21.58477],[103.45237,21.58645],[103.45362,21.58726],[103.45453,21.58884],[103.45725,21.59047],[103.45644,21.59143],[103.45531,21.5917],[103.45526,21.59232],[103.45707,21.59309],[103.45701,21.59462],[103.45494,21.59422],[103.45659,21.59592],[103.45741,21.5964],[103.4559,21.59756],[103.45604,21.59826],[103.45541,21.60089],[103.45564,21.60137],[103.45701,21.60127],[103.45793,21.60174],[103.45992,21.60213],[103.46163,21.60208],[103.46281,21.60317],[103.46401,21.60354],[103.46552,21.60308],[103.46831,21.60312],[103.46925,21.60215],[103.47,21.60321],[103.46996,21.60427],[103.47073,21.60536],[103.46901,21.60852],[103.46841,21.6107],[103.46861,21.61215],[103.46926,21.6128],[103.47014,21.61506],[103.47023,21.61711],[103.47308,21.61543],[103.47513,21.6153],[103.47988,21.61393],[103.48178,21.6128],[103.48279,21.61093],[103.48423,21.61072],[103.48418,21.61159],[103.48623,21.61307],[103.48716,21.61401],[103.48693,21.61543],[103.48631,21.61709],[103.4863,21.62092],[103.48612,21.62249],[103.48815,21.62404],[103.4885,21.62465],[103.4904,21.62622],[103.49125,21.62742],[103.49224,21.62821],[103.49303,21.6282],[103.49453,21.62891],[103.49611,21.62918],[103.49849,21.63137],[103.50021,21.63183],[103.50189,21.6317],[103.50379,21.63197],[103.507,21.6331],[103.50878,21.63462],[103.50824,21.63511],[103.50766,21.63643],[103.50634,21.63854],[103.50558,21.64097],[103.50406,21.64346],[103.50294,21.64858],[103.50422,21.65268],[103.50356,21.65326],[103.50314,21.65464],[103.50189,21.65593],[103.5006,21.65824],[103.49759,21.66024],[103.49647,21.66019],[103.49599,21.66221],[103.49481,21.66256],[103.49269,21.66206],[103.49177,21.66111],[103.49043,21.66063],[103.48944,21.66096],[103.48797,21.66249],[103.48694,21.66425],[103.48677,21.66527],[103.48609,21.66622],[103.48585,21.66821],[103.46807,21.65571],[103.46097,21.65308],[103.45884,21.65582],[103.46005,21.6571],[103.46129,21.65769],[103.46149,21.65993],[103.46247,21.66035],[103.46291,21.66117],[103.46195,21.66229],[103.4591,21.66201],[103.45816,21.66208],[103.45775,21.6639],[103.45678,21.66482],[103.45302,21.66587],[103.45126,21.66571],[103.44976,21.66626],[103.44844,21.6676],[103.44741,21.67159],[103.44613,21.67273],[103.44242,21.6722],[103.43939,21.67286],[103.43812,21.67377],[103.43462,21.68677],[103.43401,21.68764],[103.43423,21.68926],[103.43401,21.69028],[103.43269,21.69018],[103.42932,21.6908],[103.42881,21.69033],[103.42722,21.69029],[103.4259,21.69109],[103.42495,21.69063],[103.42407,21.69095],[103.42203,21.69255],[103.42065,21.69191],[103.4188,21.69272],[103.41831,21.6939],[103.41718,21.69427],[103.41605,21.69391],[103.41481,21.69494]]]},"properties":{"a01_tinh":"diaphanhanhchinhcaptinh_sn.109","a02_xa":"diaphanhanhchinhcapxa_2025.2253","a03_ten":"Xã Tuần Giáo","a04_tentinh":"Tỉnh Điện Biên","a05_truocsn":"Thị trấn Tuần Giáo, Xã Quài Cang, Xã Quài Nưa","a06_trungtamhc":"Trụ sở Huyện ủy, HĐND và UBND huyện Tuần Giáo","a07_dt":"150.92","a08_ds":"8944","a09_dthoai":null,"a10_web":null,"ten":"Xã Tuần Giáo","ma":"03253","tentinh":"Tỉnh Điện Biên","truocsapnhap":"Thị trấn Tuần Giáo, Xã Quài Cang, Xã Quài Nưa","dientichkm2":null,"dansonguoi":null},"id":"diaphanhanhchinhcapxa_2025.2253"},
{"type":"Feature","geometry":{"type":"Polygon","coordinates":[[[103.33072,21.41546],[103.3232,21.41429],[103.32225,21.41295],[103.32003,21.41183],[103.31898,21.41101],[103.31799,21.4107],[103.31638,21.41101],[103.31605,21.41147],[103.31477,21.41161],[103.31153,21.41039],[103.31012,21.41006],[103.30818,21.41032],[103.30636,21.40923],[103.30497,21.40788],[103.30318,21.40766],[103.30165,21.40812],[103.29939,21.40787],[103.29917,21.40744],[103.29717,21.4057],[103.29551,21.40571],[103.29436,21.40516],[103.29308,21.4033],[103.29155,21.40232],[103.28991,21.40261],[103.28954,21.40337],[103.28974,21.40686],[103.28944,21.40833],[103.28973,21.40947],[103.28884,21.41143],[103.2876,21.41213],[103.28605,21.41393],[103.28534,21.41592],[103.28425,21.41629],[103.28367,21.41727],[103.28275,21.41783],[103.28193,21.41747],[103.28005,21.41808],[103.27953,21.41897],[103.27692,21.42062],[103.27539,21.42273],[103.27341,21.42399],[103.27149,21.42483],[103.26932,21.42481],[103.26739,21.42568],[103.26714,21.42669],[103.26542,21.42872],[103.26124,21.42069],[103.26218,21.41497],[103.26109,21.41608],[103.25971,21.41668],[103.25924,21.4184],[103.25716,21.41908],[103.2562,21.41962],[103.25467,21.42235],[103.25301,21.42326],[103.25249,21.42395],[103.25082,21.42492],[103.25017,21.42145],[103.24965,21.42033],[103.24938,21.41834],[103.24889,21.41689],[103.24929,21.41587],[103.25001,21.4152],[103.25061,21.41401],[103.25354,21.41054],[103.25461,21.40597],[103.25538,21.40362],[103.25407,21.40251],[103.25257,21.40082],[103.24951,21.39279],[103.25004,21.39168],[103.24975,21.39074],[103.25029,21.38824],[103.25013,21.38638],[103.25027,21.38518],[103.2516,21.3847],[103.25231,21.38405],[103.25252,21.38314],[103.25103,21.38234],[103.25022,21.38065],[103.24947,21.37968],[103.24923,21.37873],[103.24884,21.37474],[103.24704,21.37381],[103.24805,21.3732],[103.24838,21.372],[103.24997,21.3708],[103.25088,21.36922],[103.25098,21.3681],[103.25258,21.36637],[103.2527,21.3634],[103.2537,21.36115],[103.25361,21.36006],[103.25221,21.35835],[103.25091,21.35781],[103.25034,21.35674],[103.24906,21.35587],[103.24783,21.35385],[103.2481,21.35174],[103.25229,21.34633],[103.25178,21.34513],[103.25025,21.34526],[103.25072,21.34422],[103.24994,21.34353],[103.24995,21.34259],[103.24912,21.34146],[103.2482,21.33827],[103.24852,21.33724],[103.25035,21.33655],[103.25244,21.33525],[103.25619,21.33489],[103.25734,21.33441],[103.25855,21.33436],[103.26011,21.3335],[103.26245,21.33512],[103.26332,21.33667],[103.26493,21.3378],[103.26559,21.3387],[103.26747,21.33906],[103.26664,21.33763],[103.26644,21.33661],[103.26536,21.33445],[103.26455,21.33388],[103.26427,21.33314],[103.26237,21.33216],[103.26217,21.33133],[103.26094,21.33014],[103.2604,21.32914],[103.25891,21.32775],[103.25901,21.32701],[103.25762,21.32621],[103.25758,21.32532],[103.25696,21.32501],[103.25661,21.32293],[103.25667,21.32174],[103.258,21.32021],[103.25708,21.319],[103.25739,21.31799],[103.25953,21.31792],[103.2592,21.31416],[103.25923,21.313],[103.25798,21.30946],[103.25601,21.30765],[103.25576,21.3061],[103.25517,21.30507],[103.254,21.30433],[103.25305,21.3031],[103.25313,21.30203],[103.2524,21.30025],[103.25143,21.30008],[103.25083,21.29885],[103.25105,21.29798],[103.25278,21.29669],[103.2512,21.29425],[103.25217,21.29366],[103.25365,21.29371],[103.25392,21.29483],[103.25488,21.295],[103.25549,21.2939],[103.25751,21.29315],[103.25756,21.29214],[103.25417,21.29097],[103.25357,21.29035],[103.25348,21.28902],[103.2527,21.2875],[103.25367,21.28638],[103.25515,21.2858],[103.25582,21.28486],[103.25356,21.28411],[103.25262,21.28339],[103.25284,21.28249],[103.25474,21.28061],[103.25711,21.27977],[103.25711,21.2791],[103.25601,21.27852],[103.25611,21.27738],[103.25708,21.27734],[103.25927,21.27824],[103.25947,21.27738],[103.25895,21.27487],[103.26072,21.27372],[103.26072,21.27202],[103.26158,21.27022],[103.26163,21.26917],[103.26052,21.26771],[103.26073,21.26702],[103.26208,21.26657],[103.26278,21.26584],[103.26297,21.26444],[103.26205,21.26272],[103.26098,21.26242],[103.25976,21.26137],[103.26064,21.26024],[103.26202,21.2597],[103.2617,21.25882],[103.26035,21.25894],[103.25884,21.2587],[103.25833,21.25761],[103.25909,21.25688],[103.25877,21.25562],[103.25781,21.25499],[103.25678,21.2533],[103.2549,21.25324],[103.25356,21.25398],[103.25277,21.25525],[103.25155,21.25311],[103.24968,21.25381],[103.24767,21.25272],[103.24582,21.25223],[103.24341,21.25021],[103.24306,21.24962],[103.2431,21.24794],[103.24257,21.24683],[103.24158,21.24634],[103.23989,21.24741],[103.23908,21.24658],[103.23899,21.24565],[103.23967,21.245],[103.24154,21.24472],[103.24222,21.24402],[103.24217,21.24312],[103.24151,21.24183],[103.23982,21.2399],[103.2388,21.23961],[103.23782,21.23982],[103.23821,21.24065],[103.23654,21.24204],[103.2356,21.2424],[103.23503,21.24098],[103.23431,21.24054],[103.23391,21.23946],[103.23466,21.23735],[103.23375,21.23674],[103.2334,21.23549],[103.23393,21.23407],[103.23232,21.23323],[103.23061,21.23188],[103.22996,21.23045],[103.23008,21.22937],[103.23075,21.22789],[103.23224,21.22815],[103.23221,21.22698],[103.23143,21.22564],[103.22941,21.22451],[103.2285,21.22436],[103.22802,21.2234],[103.22647,21.22235],[103.22669,21.22089],[103.22804,21.22139],[103.22898,21.22142],[103.22962,21.22068],[103.22894,21.21971],[103.22919,21.21887],[103.23031,21.21893],[103.23303,21.21997],[103.23357,21.21998],[103.2354,21.2163],[103.23639,21.21515],[103.2377,21.21433],[103.23944,21.21387],[103.24058,21.21295],[103.24091,21.21168],[103.24186,21.21102],[103.24266,21.21123],[103.24332,21.2123],[103.24445,21.21286],[103.24735,21.21204],[103.24809,21.20991],[103.2493,21.2087],[103.25286,21.20788],[103.25531,21.2078],[103.25754,21.20886],[103.25883,21.20923],[103.26074,21.20887],[103.26253,21.20969],[103.26354,21.21079],[103.26536,21.21132],[103.26701,21.21239],[103.26892,21.21411],[103.26966,21.21429],[103.27039,21.21352],[103.27065,21.21248],[103.2714,21.2115],[103.27399,21.2095],[103.27582,21.2088],[103.27744,21.20935],[103.27879,21.2093],[103.27968,21.21001],[103.28004,21.2112],[103.28082,21.21236],[103.28394,21.21484],[103.28526,21.21548],[103.28922,21.21647],[103.29154,21.21773],[103.29241,21.21845],[103.29261,21.21944],[103.29335,21.22005],[103.2942,21.22173],[103.29649,21.22304],[103.2986,21.22397],[103.30059,21.22515],[103.3017,21.22606],[103.30317,21.22648],[103.30492,21.22735],[103.30734,21.22979],[103.30778,21.23002],[103.31102,21.22986],[103.31194,21.23072],[103.31169,21.23283],[103.31184,21.234],[103.3129,21.2351],[103.31458,21.2352],[103.31499,21.23703],[103.31467,21.23928],[103.31481,21.24001],[103.31624,21.24054],[103.31715,21.24049],[103.31811,21.23969],[103.31966,21.23886],[103.32293,21.24137],[103.32489,21.24184],[103.32785,21.24366],[103.3288,21.24374],[103.32902,21.24463],[103.32815,21.24533],[103.32859,21.24765],[103.32667,21.24863],[103.32644,21.24961],[103.32471,21.25096],[103.32461,21.25395],[103.32539,21.25536],[103.32522,21.25599],[103.32677,21.25809],[103.32633,21.25932],[103.32677,21.25992],[103.32604,21.26113],[103.32635,21.26199],[103.32564,21.26275],[103.32515,21.264],[103.32678,21.26575],[103.32814,21.26661],[103.32857,21.26726],[103.32862,21.26834],[103.32792,21.27005],[103.32846,21.27169],[103.32965,21.27285],[103.33078,21.27527],[103.33187,21.27839],[103.33275,21.28017],[103.3359,21.28122],[103.33551,21.28249],[103.33621,21.28516],[103.3357,21.28564],[103.33543,21.2871],[103.3348,21.28813],[103.33485,21.28895],[103.33567,21.29029],[103.33513,21.29106],[103.33472,21.29277],[103.33665,21.29185],[103.33707,21.29136],[103.33869,21.29084],[103.34088,21.29052],[103.34293,21.29049],[103.34407,21.29113],[103.34585,21.29074],[103.34747,21.29123],[103.34897,21.29228],[103.35068,21.29227],[103.35142,21.29256],[103.35254,21.2938],[103.35118,21.29493],[103.34875,21.30981],[103.34904,21.31215],[103.3481,21.31319],[103.34749,21.31321],[103.34658,21.31467],[103.34624,21.31584],[103.34538,21.31654],[103.34408,21.31641],[103.34285,21.31694],[103.34149,21.31706],[103.34244,21.32008],[103.34271,21.32159],[103.34604,21.32639],[103.34665,21.32777],[103.34807,21.32963],[103.3482,21.33079],[103.34927,21.33098],[103.35132,21.33214],[103.35285,21.33235],[103.35321,21.33284],[103.35663,21.33255],[103.35722,21.33357],[103.3585,21.33356],[103.3592,21.33298],[103.36114,21.33224],[103.36257,21.33279],[103.3638,21.33284],[103.36511,21.33367],[103.36678,21.33339],[103.36657,21.33253],[103.36726,21.33201],[103.36821,21.33204],[103.36893,21.3313],[103.36971,21.3313],[103.37054,21.33474],[103.37039,21.33543],[103.36947,21.33662],[103.36828,21.33731],[103.36907,21.33896],[103.36949,21.34155],[103.36947,21.3439],[103.36969,21.34459],[103.36945,21.34668],[103.37064,21.34732],[103.37158,21.34699],[103.37341,21.3468],[103.37441,21.34643],[103.37689,21.34642],[103.37768,21.34734],[103.37896,21.34748],[103.37974,21.34843],[103.3805,21.34994],[103.38069,21.35101],[103.38157,21.3523],[103.38225,21.35274],[103.38205,21.35346],[103.38227,21.35482],[103.38319,21.35715],[103.38425,21.35727],[103.38562,21.35787],[103.3879,21.36064],[103.38768,21.36225],[103.38794,21.36531],[103.38749,21.36788],[103.38668,21.36862],[103.38533,21.36877],[103.38273,21.36984],[103.37998,21.36992],[103.3788,21.36979],[103.37587,21.36995],[103.37322,21.37129],[103.37211,21.37236],[103.36647,21.37201],[103.36155,21.37183],[103.36127,21.37362],[103.36046,21.37508],[103.36167,21.37808],[103.36034,21.37947],[103.35991,21.38034],[103.35972,21.38169],[103.3599,21.38376],[103.35973,21.3847],[103.35863,21.38742],[103.35785,21.38983],[103.35611,21.39185],[103.35498,21.39159],[103.35309,21.39245],[103.34846,21.39568],[103.34871,21.39628],[103.34719,21.39702],[103.34663,21.39765],[103.34503,21.39813],[103.34523,21.3991],[103.34193,21.39885],[103.34088,21.39955],[103.33905,21.39937],[103.33913,21.40083],[103.33866,21.40397],[103.338,21.40643],[103.33854,21.40774],[103.33677,21.40881],[103.33611,21.411],[103.33522,21.41183],[103.33451,21.41197],[103.33163,21.41151],[103.3305,21.41241],[103.33027,21.41455],[103.33072,21.41546]]]},"properties":{"a01_tinh":"diaphanhanhchinhcaptinh_sn.109","a02_xa":"diaphanhanhchinhcapxa_2025.2246","a03_ten":"Xã Xa Dung","a04_tentinh":"Tỉnh Điện Biên","a05_truocsn":"Xã Phì Nhừ, Xã Xa Dung","a06_trungtamhc":"Trụ sở Đảng ủy, HĐND và UBND xã Phì Nhừ","a07_dt":"108.49","a08_ds":"24303","a09_dthoai":null,"a10_web":null,"ten":"Xã Xa Dung","ma":"03208","tentinh":"Tỉnh Điện Biên","truocsapnhap":"Xã Phì Nhừ, Xã Xa Dung","dientichkm2":null,"dansonguoi":null},"id":"diaphanhanhchinhcapxa_2025.2246"}
]}