{"type":"FeatureCollection", "features": [
{"type":"Feature","geometry":{"type":"Polygon","coordinates":[[[104.82713,21.67028],[104.82976,21.66918],[104.83088,21.66947],[104.83178,21.66855],[104.83366,21.66774],[104.83476,21.66677],[104.83686,21.66956],[104.84195,21.66809],[104.84544,21.66858],[104.84921,21.66984],[104.85195,21.66762],[104.85473,21.66764],[104.86207,21.67025],[104.86273,21.66763],[104.86496,21.66627],[104.86576,21.66541],[104.86802,21.6642],[104.87053,21.66091],[104.87041,21.6597],[104.87091,21.65862],[104.87174,21.65785],[104.87226,21.65553],[104.87399,21.6533],[104.87411,21.65234],[104.87366,21.65136],[104.87497,21.64922],[104.87452,21.64747],[104.87485,21.64556],[104.87598,21.64479],[104.87561,21.64365],[104.87644,21.64202],[104.87736,21.64219],[104.87888,21.64075],[104.88022,21.64012],[104.8825,21.63807],[104.88282,21.63695],[104.88395,21.63576],[104.8817,21.63288],[104.88231,21.63216],[104.88379,21.63152],[104.8839,21.63033],[104.88449,21.62865],[104.88731,21.62636],[104.88861,21.62631],[104.88812,21.62377],[104.88879,21.62285],[104.89112,21.62152],[104.89137,21.61878],[104.89068,21.61764],[104.89062,21.61549],[104.88991,21.61457],[104.88778,21.61251],[104.88899,21.61095],[104.89057,21.60947],[104.89089,21.6088],[104.89436,21.60837],[104.89518,21.60898],[104.89685,21.60919],[104.89777,21.60967],[104.90088,21.61068],[104.90228,21.61026],[104.90489,21.60822],[104.9059,21.60893],[104.90549,21.61027],[104.905,21.6141],[104.90451,21.61581],[104.90464,21.61673],[104.90429,21.62178],[104.90325,21.62312],[104.90312,21.62503],[104.9044,21.62773],[104.90739,21.63186],[104.90925,21.6337],[104.91157,21.63531],[104.91339,21.63634],[104.91829,21.63873],[104.91952,21.63963],[104.92157,21.64039],[104.92325,21.64063],[104.92761,21.64063],[104.93133,21.64099],[104.93263,21.64146],[104.93485,21.64293],[104.93577,21.6439],[104.93727,21.64609],[104.938,21.64881],[104.93812,21.65136],[104.9374,21.65425],[104.93543,21.65833],[104.93356,21.66138],[104.9329,21.66325],[104.93251,21.66738],[104.93165,21.67015],[104.93075,21.67168],[104.92866,21.67403],[104.92531,21.67623],[104.9234,21.67795],[104.9198,21.68038],[104.91597,21.68237],[104.90959,21.68485],[104.90705,21.68619],[104.90629,21.68695],[104.90502,21.68944],[104.90403,21.69315],[104.90129,21.6998],[104.9009,21.70041],[104.89649,21.70564],[104.89454,21.70723],[104.89248,21.70768],[104.89071,21.7076],[104.88741,21.7061],[104.88635,21.70527],[104.88453,21.70308],[104.88354,21.70143],[104.87983,21.69665],[104.87845,21.69527],[104.87543,21.69342],[104.87396,21.69321],[104.87242,21.69366],[104.86944,21.69534],[104.86814,21.69713],[104.86754,21.7004],[104.86761,21.70431],[104.86746,21.70667],[104.86709,21.70813],[104.86519,21.71098],[104.86351,21.71292],[104.86263,21.71348],[104.86033,21.71367],[104.85606,21.71334],[104.85273,21.71276],[104.84933,21.71249],[104.84688,21.71248],[104.84485,21.71271],[104.84232,21.71328],[104.84112,21.71186],[104.83964,21.71305],[104.83591,21.71213],[104.83423,21.71189],[104.83345,21.71094],[104.83206,21.71158],[104.83002,21.71153],[104.82939,21.71215],[104.828,21.71235],[104.82653,21.71119],[104.82469,21.7107],[104.82295,21.71082],[104.82126,21.71045],[104.82038,21.70985],[104.82056,21.70856],[104.82165,21.70815],[104.82193,21.7064],[104.82363,21.70507],[104.825,21.70295],[104.82449,21.70244],[104.82457,21.70021],[104.82519,21.69965],[104.82528,21.69858],[104.8242,21.69785],[104.82392,21.69567],[104.82281,21.69446],[104.82298,21.6939],[104.82187,21.69321],[104.82257,21.6923],[104.8252,21.6901],[104.82586,21.68902],[104.82659,21.68608],[104.82677,21.68304],[104.82748,21.68102],[104.8265,21.67892],[104.82569,21.67825],[104.82574,21.67588],[104.82618,21.67528],[104.82662,21.67301],[104.82669,21.67125],[104.82713,21.67028]]]},"properties":{"a01_tinh":"diaphanhanhchinhcaptinh_sn.114","a02_xa":"diaphanhanhchinhcapxa_2025.1033","a03_ten":"Phường Âu Lâu","a04_tentinh":"Tỉnh Lào Cai","a05_truocsn":"Phường Hợp Minh, Xã Giới Phiên, Xã Minh Quân, Xã Âu Lâu","a06_trungtamhc":"đang cập nhật","a07_dt":"66.17","a08_ds":"23245","a09_dthoai":null,"a10_web":null,"ten":"Phường Âu Lâu","ma":"04543","tentinh":"Tỉnh Lào Cai","truocsapnhap":"Phường Hợp Minh, Xã Giới Phiên, Xã Minh Quân, Xã Âu Lâu","dientichkm2":null,"dansonguoi":null},"id":"diaphanhanhchinhcapxa_2025.1033"},
{"type":"Feature","geometry":{"type":"Polygon","coordinates":[[[104.02723,22.45269],[104.02191,22.45479],[104.01858,22.45528],[104.01139,22.45531],[104.00861,22.45495],[104.00654,22.45541],[104.00462,22.45652],[104.00286,22.45825],[104.0019,22.46005],[104.00145,22.46455],[104.00089,22.46831],[104.00095,22.4718],[104.00028,22.47434],[103.9984,22.47852],[103.99707,22.47947],[103.99524,22.47929],[103.99295,22.47774],[103.99107,22.4781],[103.98995,22.47864],[103.9873,22.48069],[103.98564,22.47843],[103.98464,22.47844],[103.98289,22.47908],[103.98024,22.47934],[103.9776,22.47998],[103.97659,22.47935],[103.97704,22.47827],[103.97822,22.47697],[103.97805,22.47566],[103.97591,22.47373],[103.973,22.47337],[103.97095,22.47239],[103.97031,22.4705],[103.96915,22.47071],[103.96889,22.47413],[103.96816,22.47463],[103.96738,22.47463],[103.9666,22.47324],[103.96463,22.47102],[103.9655,22.46946],[103.96244,22.46808],[103.96435,22.46665],[103.96195,22.46422],[103.96252,22.46236],[103.9635,22.46148],[103.96319,22.45961],[103.96205,22.45895],[103.95958,22.45821],[103.95811,22.45709],[103.95759,22.45468],[103.95649,22.45454],[103.95612,22.45206],[103.95607,22.44956],[103.95797,22.44562],[103.96007,22.4434],[103.96052,22.44214],[103.96141,22.44169],[103.96126,22.4401],[103.96212,22.44014],[103.96312,22.43865],[103.96469,22.43726],[103.96562,22.43439],[103.96518,22.4319],[103.96594,22.43156],[103.96781,22.42981],[103.9692,22.43031],[103.96997,22.43014],[103.97128,22.43059],[103.97274,22.43051],[103.97362,22.42965],[103.97499,22.42924],[103.97573,22.42737],[103.97659,22.4269],[103.97637,22.42615],[103.97732,22.4238],[103.97675,22.42293],[103.97883,22.41897],[103.97852,22.41796],[103.97885,22.41672],[103.98073,22.41469],[103.98111,22.41332],[103.98185,22.41267],[103.98245,22.41143],[103.98567,22.40913],[103.98626,22.40772],[103.98737,22.40768],[103.99028,22.40642],[103.9911,22.40677],[103.99227,22.40893],[103.99442,22.41019],[103.99576,22.40904],[103.99897,22.40572],[104.00095,22.40623],[104.00295,22.40492],[104.00392,22.40483],[104.00709,22.40351],[104.00917,22.40339],[104.01094,22.40283],[104.01198,22.40208],[104.01069,22.40044],[104.01156,22.3992],[104.01132,22.39798],[104.013,22.3965],[104.01318,22.39585],[104.0148,22.39492],[104.01472,22.39434],[104.01749,22.39311],[104.0176,22.39102],[104.0192,22.39004],[104.01779,22.38937],[104.01756,22.38796],[104.01956,22.38658],[104.02168,22.38479],[104.02241,22.38524],[104.02454,22.38439],[104.0257,22.38329],[104.02683,22.38323],[104.02794,22.38384],[104.02973,22.38271],[104.02988,22.3813],[104.02939,22.38048],[104.02755,22.37939],[104.02625,22.37648],[104.02896,22.37451],[104.03048,22.37557],[104.03029,22.37752],[104.03038,22.37958],[104.03181,22.38156],[104.03316,22.38169],[104.03576,22.38111],[104.03756,22.38106],[104.0383,22.38217],[104.03709,22.38339],[104.0378,22.3841],[104.03788,22.38626],[104.03971,22.38665],[104.04085,22.38757],[104.04169,22.38959],[104.04395,22.38909],[104.04393,22.3906],[104.04477,22.39167],[104.04625,22.39271],[104.0465,22.3934],[104.04784,22.3943],[104.05342,22.39963],[104.05746,22.4042],[104.05854,22.40673],[104.05963,22.40705],[104.05948,22.40824],[104.06048,22.40813],[104.06152,22.40856],[104.06404,22.41114],[104.06248,22.41102],[104.06074,22.41194],[104.05773,22.41618],[104.05538,22.42016],[104.05365,22.4223],[104.0503,22.42467],[104.04897,22.42543],[104.04301,22.42803],[104.04079,22.42969],[104.03836,22.43343],[104.03728,22.43663],[104.03456,22.4432],[104.03299,22.44604],[104.03039,22.44956],[104.02871,22.45151],[104.02723,22.45269]]]},"properties":{"a01_tinh":"diaphanhanhchinhcaptinh_sn.114","a02_xa":"diaphanhanhchinhcapxa_2025.1056","a03_ten":"Phường Cam Đường","a04_tentinh":"Tỉnh Lào Cai","a05_truocsn":"Phường Nam Cường (thành phố Lào Cai), Phường Xuân Tăng, Phường Pom Hán, Phường Bắc Cường, Phường Bắc Lệnh, Phường Bình Minh, Xã Cam Đường","a06_trungtamhc":"Đường Nguyễn Hữu An, Phường Cam Đường (Trụ sở Phường Bình Minh cũ)","a07_dt":"59.9","a08_ds":"67877","a09_dthoai":null,"a10_web":null,"ten":"Phường Cam Đường","ma":"02671","tentinh":"Tỉnh Lào Cai","truocsapnhap":"Phường Nam Cường (thành phố Lào Cai), Phường Xuân Tăng, Phường Pom Hán, Phường Bắc Cường, Phường Bắc Lệnh, Phường Bình Minh, Xã Cam Đường","dientichkm2":null,"dansonguoi":null},"id":"diaphanhanhchinhcapxa_2025.1056"},
{"type":"Feature","geometry":{"type":"Polygon","coordinates":[[[104.53445,21.53407],[104.53282,21.53802],[104.53173,21.53893],[104.52907,21.54008],[104.52793,21.54137],[104.52718,21.54323],[104.52758,21.54562],[104.52689,21.54569],[104.52639,21.54677],[104.52318,21.54775],[104.52305,21.55019],[104.52237,21.55114],[104.52275,21.55231],[104.5237,21.55359],[104.5225,21.55473],[104.52295,21.55738],[104.52399,21.55982],[104.52558,21.56185],[104.52687,21.56495],[104.52939,21.56657],[104.53027,21.56779],[104.53292,21.57],[104.53479,21.57301],[104.53362,21.5737],[104.53404,21.57423],[104.52936,21.57616],[104.52834,21.5763],[104.52782,21.57785],[104.52618,21.57732],[104.52628,21.57832],[104.5248,21.57866],[104.52385,21.57986],[104.52213,21.58154],[104.52236,21.58206],[104.52257,21.58486],[104.5223,21.58629],[104.52281,21.58718],[104.52471,21.58832],[104.52545,21.58939],[104.52649,21.5917],[104.52379,21.59268],[104.52244,21.5924],[104.52146,21.59266],[104.52062,21.59223],[104.5204,21.59144],[104.51852,21.59178],[104.51785,21.59304],[104.51727,21.59222],[104.517,21.5907],[104.51743,21.59008],[104.51717,21.5887],[104.51515,21.58701],[104.51563,21.58636],[104.51437,21.58522],[104.51402,21.58361],[104.51425,21.58085],[104.51395,21.57973],[104.51636,21.57955],[104.51675,21.5788],[104.51837,21.57979],[104.51887,21.57919],[104.51855,21.57769],[104.51797,21.57733],[104.51724,21.57574],[104.51655,21.57514],[104.51414,21.57569],[104.51467,21.57707],[104.51385,21.57734],[104.51305,21.57592],[104.51189,21.57527],[104.51094,21.57552],[104.50927,21.57899],[104.5089,21.579],[104.50671,21.57744],[104.50674,21.57515],[104.50592,21.57515],[104.50468,21.57452],[104.50417,21.57499],[104.50306,21.57456],[104.50187,21.57466],[104.50176,21.57526],[104.49988,21.57561],[104.49928,21.57488],[104.49854,21.57584],[104.49608,21.57663],[104.49444,21.57695],[104.49353,21.57625],[104.49378,21.57497],[104.4933,21.57436],[104.49151,21.57377],[104.48751,21.57322],[104.48608,21.5734],[104.48368,21.57315],[104.4832,21.57268],[104.48013,21.57177],[104.47969,21.57136],[104.4771,21.5716],[104.47687,21.57074],[104.47563,21.56911],[104.47561,21.56704],[104.47457,21.56644],[104.47302,21.56506],[104.47122,21.56475],[104.47205,21.56288],[104.47553,21.56269],[104.47613,21.56218],[104.47872,21.56154],[104.47927,21.56063],[104.47652,21.56015],[104.47445,21.55812],[104.47474,21.55669],[104.47378,21.55571],[104.47355,21.55466],[104.47419,21.5528],[104.47425,21.55075],[104.47347,21.54919],[104.47414,21.5475],[104.47526,21.54583],[104.47551,21.5442],[104.47457,21.54314],[104.47492,21.54084],[104.47582,21.53922],[104.47674,21.53878],[104.47891,21.53861],[104.48145,21.53663],[104.48432,21.53679],[104.48532,21.53609],[104.48604,21.53449],[104.48476,21.53115],[104.48289,21.52843],[104.48058,21.52769],[104.47903,21.52826],[104.47772,21.52694],[104.47855,21.52526],[104.47814,21.5247],[104.47636,21.5256],[104.47454,21.52473],[104.47235,21.52606],[104.47236,21.52434],[104.47013,21.52418],[104.46842,21.52274],[104.46709,21.52218],[104.46731,21.51985],[104.46816,21.51735],[104.46886,21.51677],[104.47116,21.51719],[104.47211,21.51652],[104.4728,21.51748],[104.47484,21.51847],[104.47542,21.51981],[104.47644,21.52096],[104.47746,21.52125],[104.47851,21.52044],[104.48053,21.52042],[104.48145,21.5191],[104.48235,21.52052],[104.48396,21.52015],[104.48511,21.52135],[104.48912,21.52318],[104.49027,21.52341],[104.48966,21.52166],[104.49067,21.52103],[104.49223,21.52183],[104.49259,21.52071],[104.4935,21.52153],[104.49447,21.52107],[104.49644,21.52245],[104.49761,21.52211],[104.49901,21.52352],[104.49992,21.52276],[104.50057,21.52071],[104.50155,21.52007],[104.50405,21.51988],[104.50598,21.52012],[104.50715,21.52151],[104.50723,21.52262],[104.50775,21.52317],[104.50739,21.5249],[104.50651,21.52552],[104.50636,21.52657],[104.50854,21.5264],[104.50866,21.52809],[104.51007,21.52815],[104.51076,21.52912],[104.51274,21.52951],[104.51338,21.53007],[104.5152,21.53059],[104.51609,21.52845],[104.51753,21.52928],[104.51866,21.52939],[104.51955,21.53107],[104.52126,21.53247],[104.52205,21.53148],[104.52297,21.53128],[104.52419,21.5303],[104.52487,21.53119],[104.52428,21.53213],[104.52548,21.53233],[104.52731,21.53326],[104.52793,21.53428],[104.52894,21.53467],[104.52982,21.53562],[104.5313,21.53606],[104.53445,21.53407]]]},"properties":{"a01_tinh":"diaphanhanhchinhcaptinh_sn.114","a02_xa":"diaphanhanhchinhcapxa_2025.1008","a03_ten":"Phường Cầu Thia","a04_tentinh":"Tỉnh Lào Cai","a05_truocsn":"Phường Cầu Thia, Xã Thanh Lương, Xã Thạch Lương, Xã Phúc Sơn, Xã Hạnh Sơn","a06_trungtamhc":"đang cập nhật","a07_dt":"31.84","a08_ds":"25234","a09_dthoai":null,"a10_web":null,"ten":"Phường Cầu Thia","ma":"04681","tentinh":"Tỉnh Lào Cai","truocsapnhap":"Phường Cầu Thia, Xã Thanh Lương, Xã Thạch Lương, Xã Phúc Sơn, Xã Hạnh Sơn","dientichkm2":null,"dansonguoi":null},"id":"diaphanhanhchinhcapxa_2025.1008"},
{"type":"Feature","geometry":{"type":"Polygon","coordinates":[[[104.05237,22.52785],[104.05207,22.53059],[104.05125,22.5316],[104.04988,22.53162],[104.0483,22.53278],[104.04648,22.53284],[104.0459,22.53362],[104.04658,22.53463],[104.04533,22.53638],[104.04351,22.53623],[104.04108,22.53751],[104.04063,22.5387],[104.0393,22.53954],[104.03795,22.5396],[104.03718,22.54027],[104.03589,22.54007],[104.03502,22.54055],[104.03362,22.54075],[104.03227,22.54316],[104.03116,22.5439],[104.02872,22.54789],[104.02838,22.54944],[104.0257,22.55026],[104.02535,22.55131],[104.02462,22.55209],[104.02421,22.55351],[104.02214,22.55605],[104.02037,22.55675],[104.01826,22.55657],[104.01632,22.55879],[104.0142,22.55858],[104.01211,22.55988],[104.0116,22.55936],[104.01164,22.55831],[104.01052,22.55814],[104.01062,22.55673],[104.01362,22.55436],[104.01404,22.55318],[104.01386,22.55241],[104.01453,22.55102],[104.01452,22.54978],[104.01214,22.54863],[104.01158,22.54793],[104.01271,22.54693],[104.01315,22.54468],[104.01501,22.54493],[104.0144,22.54369],[104.01236,22.54345],[104.01162,22.54421],[104.00943,22.54462],[104.0086,22.54427],[104.00749,22.54278],[104.00729,22.54182],[104.00577,22.54094],[104.00498,22.53925],[104.00547,22.538],[104.00805,22.53609],[104.00959,22.53336],[104.0098,22.53156],[104.00967,22.52922],[104.01076,22.52767],[104.01239,22.52368],[104.01202,22.52286],[104.01092,22.52228],[104.00882,22.5206],[104.00683,22.52044],[104.00616,22.51995],[104.00582,22.51723],[104.00462,22.5171],[104.0023,22.51807],[103.99971,22.51956],[103.99809,22.51944],[103.99605,22.51854],[103.99478,22.51893],[103.99269,22.51998],[103.99162,22.52003],[103.99001,22.51943],[103.98962,22.51873],[103.98873,22.51531],[103.98808,22.51453],[103.98681,22.51398],[103.98419,22.51335],[103.98271,22.51232],[103.98195,22.51118],[103.98128,22.50955],[103.97998,22.5079],[103.97819,22.50711],[103.97619,22.5066],[103.97316,22.50659],[103.97196,22.50716],[103.97159,22.50799],[103.97133,22.51082],[103.97101,22.51141],[103.96964,22.51164],[103.96778,22.51125],[103.96559,22.50963],[103.96456,22.50785],[103.96405,22.50571],[103.96327,22.5057],[103.96061,22.50679],[103.95612,22.51018],[103.95358,22.51147],[103.95173,22.51355],[103.95051,22.516],[103.94948,22.51862],[103.9485,22.52101],[103.94649,22.5241],[103.9451,22.52534],[103.94236,22.5261],[103.93687,22.52614],[103.93481,22.52653],[103.93262,22.52737],[103.93003,22.52627],[103.92974,22.52594],[103.92968,22.52366],[103.92783,22.52318],[103.92623,22.52168],[103.92584,22.52009],[103.92662,22.51753],[103.92803,22.5164],[103.92939,22.51568],[103.93212,22.51417],[103.9362,22.51299],[103.93743,22.51214],[103.9397,22.50953],[103.94274,22.50561],[103.94368,22.50451],[103.9449,22.50225],[103.9459,22.49911],[103.94657,22.49796],[103.9485,22.49551],[103.95117,22.49732],[103.95235,22.49575],[103.95269,22.49451],[103.95349,22.49376],[103.95361,22.492],[103.95532,22.49173],[103.9559,22.49128],[103.95594,22.48983],[103.95807,22.48818],[103.95954,22.48666],[103.96008,22.48502],[103.96117,22.48482],[103.96249,22.48361],[103.96249,22.48241],[103.96492,22.48005],[103.96519,22.47948],[103.96665,22.47824],[103.96705,22.47714],[103.96781,22.47655],[103.96816,22.47463],[103.96889,22.47413],[103.96915,22.47071],[103.97031,22.4705],[103.97095,22.47239],[103.973,22.47337],[103.97591,22.47373],[103.97805,22.47566],[103.97822,22.47697],[103.97704,22.47827],[103.97659,22.47935],[103.9776,22.47998],[103.98024,22.47934],[103.98289,22.47908],[103.98464,22.47844],[103.98564,22.47843],[103.9873,22.48069],[103.98995,22.47864],[103.99107,22.4781],[103.99295,22.47774],[103.99524,22.47929],[103.99707,22.47947],[103.9984,22.47852],[104.00028,22.47434],[104.00095,22.4718],[104.00089,22.46831],[104.00145,22.46455],[104.0019,22.46005],[104.00286,22.45825],[104.00462,22.45652],[104.00654,22.45541],[104.00861,22.45495],[104.01139,22.45531],[104.01858,22.45528],[104.02191,22.45479],[104.02723,22.45269],[104.02755,22.45379],[104.02602,22.45518],[104.02694,22.45611],[104.03022,22.45638],[104.03144,22.45845],[104.03323,22.46061],[104.03429,22.46131],[104.03363,22.46207],[104.03365,22.46308],[104.03518,22.46372],[104.03505,22.4643],[104.03636,22.46468],[104.03733,22.46581],[104.0393,22.46656],[104.04042,22.46637],[104.04152,22.46841],[104.03981,22.46905],[104.04111,22.47057],[104.04072,22.47122],[104.0411,22.47249],[104.04053,22.47307],[104.04164,22.47408],[104.0418,22.47557],[104.04277,22.4766],[104.04347,22.47644],[104.04456,22.4772],[104.04545,22.47702],[104.04679,22.47758],[104.04794,22.47667],[104.04906,22.47716],[104.05005,22.47663],[104.05176,22.47498],[104.05268,22.47454],[104.05427,22.47259],[104.05587,22.47212],[104.05672,22.47058],[104.05791,22.4703],[104.05946,22.46935],[104.05972,22.46843],[104.06135,22.46701],[104.06268,22.46517],[104.06284,22.46406],[104.0644,22.46448],[104.06546,22.46526],[104.06731,22.46547],[104.0682,22.46515],[104.06864,22.46419],[104.0708,22.46384],[104.07212,22.4649],[104.07298,22.46495],[104.07559,22.46696],[104.07636,22.46628],[104.07775,22.4658],[104.07854,22.466],[104.07934,22.46684],[104.08089,22.46993],[104.07974,22.47054],[104.07931,22.47298],[104.07773,22.47474],[104.07739,22.47573],[104.07612,22.47612],[104.0758,22.47693],[104.0749,22.47757],[104.07471,22.47841],[104.07369,22.47903],[104.07324,22.48048],[104.07205,22.48106],[104.07112,22.48251],[104.0702,22.48301],[104.06907,22.48422],[104.06767,22.48468],[104.06636,22.48592],[104.06445,22.48595],[104.06325,22.48694],[104.06257,22.48814],[104.06069,22.48899],[104.05944,22.48988],[104.05887,22.49074],[104.05781,22.4914],[104.05595,22.49333],[104.05438,22.4959],[104.05242,22.4968],[104.05083,22.49927],[104.05109,22.50067],[104.05044,22.50153],[104.04891,22.50223],[104.04832,22.50367],[104.04563,22.50522],[104.04601,22.50627],[104.04515,22.50688],[104.04449,22.50826],[104.04303,22.5089],[104.04133,22.50931],[104.03843,22.51188],[104.03915,22.51298],[104.03788,22.51572],[104.03889,22.51869],[104.0398,22.51936],[104.04175,22.51896],[104.043,22.51983],[104.04404,22.51991],[104.04438,22.5206],[104.04584,22.5215],[104.04769,22.52119],[104.04876,22.5243],[104.04943,22.5252],[104.05124,22.52636],[104.05119,22.52687],[104.05237,22.52785]]]},"properties":{"a01_tinh":"diaphanhanhchinhcaptinh_sn.114","a02_xa":"diaphanhanhchinhcapxa_2025.1090","a03_ten":"Phường Lào Cai","a04_tentinh":"Tỉnh Lào Cai","a05_truocsn":"Phường Duyên Hải, Phường Cốc Lếu, Phường Kim Tân, Phường Lào Cai, Xã Vạn Hòa, Xã Bản Phiệt","a06_trungtamhc":"Số 591 đường Hoàng Liên, Phường Lào Cai (Trụ sở HĐND&UBND thành phố Lào Cai cũ)","a07_dt":"72.32","a08_ds":"76981","a09_dthoai":null,"a10_web":null,"ten":"Phường Lào Cai","ma":"02647","tentinh":"Tỉnh Lào Cai","truocsapnhap":"Phường Duyên Hải, Phường Cốc Lếu, Phường Kim Tân, Phường Lào Cai, Xã Vạn Hòa, Xã Bản Phiệt","dientichkm2":null,"dansonguoi":null},"id":"diaphanhanhchinhcapxa_2025.1090"},
{"type":"Feature","geometry":{"type":"Polygon","coordinates":[[[104.92607,21.74454],[104.92626,21.74595],[104.92687,21.74719],[104.92516,21.74775],[104.9254,21.75037],[104.92415,21.75104],[104.92408,21.75195],[104.92325,21.75277],[104.92173,21.75221],[104.92025,21.75243],[104.91939,21.75194],[104.91888,21.75267],[104.91789,21.75299],[104.91717,21.75574],[104.91672,21.75654],[104.91705,21.75746],[104.91677,21.7599],[104.91741,21.76145],[104.91532,21.76188],[104.91466,21.76303],[104.9129,21.7633],[104.91267,21.76559],[104.91206,21.76635],[104.90919,21.76753],[104.90919,21.7695],[104.90992,21.77149],[104.9097,21.77254],[104.90877,21.77279],[104.90915,21.77424],[104.90824,21.77549],[104.90764,21.77686],[104.90595,21.77762],[104.90562,21.77894],[104.9065,21.78022],[104.90396,21.78143],[104.90353,21.78348],[104.90198,21.78498],[104.89881,21.78711],[104.89775,21.78642],[104.8968,21.78629],[104.89605,21.78691],[104.8944,21.79051],[104.89293,21.79192],[104.89126,21.79273],[104.8906,21.7912],[104.8898,21.79058],[104.88951,21.78942],[104.88774,21.78712],[104.88583,21.7859],[104.88387,21.78591],[104.88333,21.78548],[104.88106,21.78616],[104.88074,21.78474],[104.88009,21.78373],[104.87835,21.78317],[104.87689,21.78311],[104.87565,21.78165],[104.87534,21.78053],[104.87533,21.77875],[104.8757,21.77794],[104.87462,21.77643],[104.87319,21.77621],[104.87319,21.77524],[104.87171,21.77498],[104.87144,21.77416],[104.86849,21.77263],[104.86737,21.77078],[104.86771,21.76996],[104.86655,21.7696],[104.86658,21.76889],[104.86525,21.76685],[104.86485,21.76575],[104.86513,21.76355],[104.86582,21.76261],[104.86477,21.76169],[104.86461,21.76016],[104.86313,21.75838],[104.86248,21.75715],[104.86121,21.75815],[104.85912,21.75584],[104.85811,21.75523],[104.85744,21.75564],[104.85702,21.75432],[104.85628,21.75332],[104.85444,21.75267],[104.85418,21.75183],[104.85299,21.75154],[104.85232,21.75251],[104.8507,21.75298],[104.84959,21.75445],[104.84972,21.75644],[104.84899,21.7569],[104.84848,21.75829],[104.84702,21.75855],[104.8467,21.75807],[104.84482,21.75777],[104.84395,21.75648],[104.84122,21.75605],[104.8407,21.75566],[104.83938,21.75136],[104.83816,21.75121],[104.83733,21.75174],[104.83716,21.75263],[104.83557,21.75464],[104.83515,21.75387],[104.83387,21.7535],[104.8337,21.75168],[104.83293,21.75044],[104.8335,21.74945],[104.83246,21.74771],[104.83102,21.74643],[104.83537,21.74193],[104.83935,21.7382],[104.84166,21.73465],[104.84243,21.73263],[104.8426,21.73133],[104.84238,21.72868],[104.84188,21.72611],[104.84111,21.72411],[104.83899,21.71995],[104.8383,21.71779],[104.83869,21.71615],[104.83951,21.71529],[104.84232,21.71328],[104.84485,21.71271],[104.84688,21.71248],[104.84933,21.71249],[104.85273,21.71276],[104.85606,21.71334],[104.86033,21.71367],[104.86263,21.71348],[104.86351,21.71292],[104.86723,21.71519],[104.86642,21.71605],[104.8669,21.71745],[104.86758,21.71794],[104.87019,21.71694],[104.87083,21.71535],[104.87195,21.71505],[104.87301,21.71605],[104.87467,21.71543],[104.87604,21.71563],[104.87737,21.71628],[104.87843,21.71607],[104.87951,21.7188],[104.88149,21.71943],[104.8834,21.7218],[104.88359,21.72275],[104.883,21.72424],[104.88351,21.72496],[104.88536,21.72561],[104.887,21.72672],[104.88747,21.73044],[104.88795,21.73139],[104.88651,21.73275],[104.88734,21.73475],[104.89099,21.73553],[104.89209,21.73505],[104.89282,21.73298],[104.89381,21.73237],[104.89435,21.73126],[104.89535,21.73157],[104.89634,21.73132],[104.89662,21.72987],[104.8992,21.73051],[104.89971,21.72973],[104.90213,21.73039],[104.90343,21.73149],[104.90489,21.73158],[104.90545,21.73261],[104.90887,21.73375],[104.91006,21.73397],[104.91084,21.73554],[104.91249,21.73468],[104.91285,21.73275],[104.91547,21.733],[104.91598,21.73203],[104.919,21.73286],[104.92163,21.73404],[104.92099,21.73633],[104.92341,21.73804],[104.92452,21.73909],[104.92419,21.74064],[104.92414,21.74277],[104.92519,21.74296],[104.92555,21.74436],[104.92607,21.74454]]]},"properties":{"a01_tinh":"diaphanhanhchinhcaptinh_sn.114","a02_xa":"diaphanhanhchinhcapxa_2025.1006","a03_ten":"Phường Nam Cường","a04_tentinh":"Tỉnh Lào Cai","a05_truocsn":"Phường Nam Cường (thành phố Yên Bái), Xã Minh Bảo, Xã Tuy Lộc, Xã Cường Thịnh","a06_trungtamhc":"đang cập nhật","a07_dt":"46.09","a08_ds":"17754","a09_dthoai":null,"a10_web":null,"ten":"Phường Nam Cường","ma":"04273","tentinh":"Tỉnh Lào Cai","truocsapnhap":"Phường Nam Cường (thành phố Yên Bái), Xã Minh Bảo, Xã Tuy Lộc, Xã Cường Thịnh","dientichkm2":null,"dansonguoi":null},"id":"diaphanhanhchinhcapxa_2025.1006"},
{"type":"Feature","geometry":{"type":"Polygon","coordinates":[[[104.47571,21.62007],[104.47227,21.62008],[104.47083,21.62032],[104.46742,21.61992],[104.46689,21.6193],[104.46764,21.6169],[104.46636,21.61712],[104.46544,21.61684],[104.4656,21.61525],[104.46475,21.61465],[104.46435,21.61321],[104.46112,21.61181],[104.46018,21.61108],[104.46064,21.61049],[104.46025,21.60962],[104.45778,21.61002],[104.45687,21.6079],[104.45606,21.60769],[104.45435,21.60826],[104.45323,21.60768],[104.45223,21.6083],[104.45135,21.60834],[104.4512,21.60916],[104.4502,21.61005],[104.44961,21.60896],[104.44939,21.60726],[104.44702,21.60568],[104.44436,21.60557],[104.44499,21.60465],[104.44553,21.6022],[104.4457,21.59974],[104.44471,21.59664],[104.44654,21.59576],[104.44824,21.59564],[104.44928,21.59485],[104.45126,21.59466],[104.45235,21.59406],[104.45293,21.59459],[104.45488,21.59501],[104.45561,21.59472],[104.45679,21.59514],[104.45827,21.59462],[104.45864,21.59243],[104.45861,21.59073],[104.45799,21.58708],[104.45628,21.58632],[104.45582,21.58545],[104.45498,21.58537],[104.45406,21.58442],[104.4522,21.58475],[104.45481,21.5801],[104.45489,21.57748],[104.45371,21.57435],[104.45543,21.57128],[104.45535,21.56921],[104.45496,21.56813],[104.45688,21.56831],[104.45754,21.56887],[104.4596,21.5694],[104.4614,21.56907],[104.46206,21.56954],[104.46352,21.56962],[104.46549,21.57008],[104.46641,21.56932],[104.46675,21.56838],[104.46795,21.56769],[104.47008,21.56506],[104.47122,21.56475],[104.47302,21.56506],[104.47457,21.56644],[104.47561,21.56704],[104.47563,21.56911],[104.47687,21.57074],[104.4771,21.5716],[104.47969,21.57136],[104.48013,21.57177],[104.4832,21.57268],[104.48368,21.57315],[104.48608,21.5734],[104.48751,21.57322],[104.49151,21.57377],[104.4933,21.57436],[104.49378,21.57497],[104.49353,21.57625],[104.49444,21.57695],[104.49608,21.57663],[104.49854,21.57584],[104.49928,21.57488],[104.49988,21.57561],[104.50176,21.57526],[104.50187,21.57466],[104.50306,21.57456],[104.50417,21.57499],[104.50468,21.57452],[104.50592,21.57515],[104.50674,21.57515],[104.50671,21.57744],[104.5089,21.579],[104.50927,21.57899],[104.51094,21.57552],[104.51189,21.57527],[104.51305,21.57592],[104.51385,21.57734],[104.51467,21.57707],[104.51414,21.57569],[104.51655,21.57514],[104.51724,21.57574],[104.51797,21.57733],[104.51855,21.57769],[104.51887,21.57919],[104.51837,21.57979],[104.51675,21.5788],[104.51636,21.57955],[104.51395,21.57973],[104.51425,21.58085],[104.51402,21.58361],[104.51437,21.58522],[104.51563,21.58636],[104.51515,21.58701],[104.51717,21.5887],[104.51743,21.59008],[104.517,21.5907],[104.51727,21.59222],[104.5128,21.59807],[104.5101,21.60136],[104.50668,21.60172],[104.50607,21.60352],[104.50597,21.60502],[104.50615,21.6101],[104.50679,21.61067],[104.50703,21.61203],[104.50624,21.6126],[104.50699,21.61427],[104.5052,21.61507],[104.5047,21.61357],[104.50386,21.61333],[104.50036,21.61504],[104.49885,21.61544],[104.49789,21.61405],[104.49794,21.61151],[104.49712,21.61081],[104.49622,21.61074],[104.49419,21.61264],[104.4933,21.61284],[104.49327,21.61455],[104.49535,21.61717],[104.49502,21.61763],[104.49233,21.61853],[104.48922,21.61882],[104.48761,21.61845],[104.48589,21.61768],[104.48333,21.61729],[104.48194,21.61634],[104.48036,21.61678],[104.47982,21.61801],[104.47924,21.61796],[104.4785,21.61926],[104.47678,21.61917],[104.47571,21.62007]]]},"properties":{"a01_tinh":"diaphanhanhchinhcaptinh_sn.114","a02_xa":"diaphanhanhchinhcapxa_2025.1055","a03_ten":"Phường Nghĩa Lộ","a04_tentinh":"Tỉnh Lào Cai","a05_truocsn":"Phường Tân An, Phường Pú Trạng, Xã Nghĩa An, Xã Nghĩa Sơn","a06_trungtamhc":"đang cập nhật","a07_dt":"29.88","a08_ds":"18712","a09_dthoai":null,"a10_web":null,"ten":"Phường Nghĩa Lộ","ma":"04288","tentinh":"Tỉnh Lào Cai","truocsapnhap":"Phường Tân An, Phường Pú Trạng, Xã Nghĩa An, Xã Nghĩa Sơn","dientichkm2":null,"dansonguoi":null},"id":"diaphanhanhchinhcapxa_2025.1055"},
{"type":"Feature","geometry":{"type":"Polygon","coordinates":[[[103.88789,22.34682],[103.89141,22.35372],[103.88869,22.35507],[103.87989,22.34799],[103.87276,22.35334],[103.86983,22.36337],[103.86753,22.36594],[103.8708,22.37211],[103.86966,22.3725],[103.86669,22.37452],[103.86568,22.37561],[103.86301,22.37922],[103.85824,22.37903],[103.8512,22.37875],[103.8495,22.37677],[103.84816,22.37619],[103.84571,22.37512],[103.84046,22.3748],[103.83559,22.37409],[103.82851,22.36738],[103.82622,22.36793],[103.8244,22.36868],[103.82315,22.36968],[103.82106,22.36983],[103.82004,22.37043],[103.81801,22.37264],[103.81648,22.37252],[103.81547,22.37285],[103.81116,22.37591],[103.81043,22.37731],[103.8085,22.37982],[103.80748,22.3799],[103.80674,22.37826],[103.80595,22.37789],[103.8025,22.37899],[103.79375,22.37456],[103.79292,22.37483],[103.78963,22.37694],[103.78679,22.37768],[103.78487,22.37792],[103.77451,22.37793],[103.77268,22.37788],[103.77033,22.37876],[103.76931,22.37891],[103.76819,22.37959],[103.76829,22.37871],[103.76785,22.37739],[103.76701,22.37664],[103.76639,22.37522],[103.76656,22.37383],[103.76641,22.37193],[103.76719,22.36943],[103.76681,22.36705],[103.76643,22.36672],[103.7672,22.36548],[103.76738,22.36378],[103.7671,22.36097],[103.7677,22.35981],[103.76709,22.35871],[103.76736,22.35796],[103.76644,22.35591],[103.76765,22.35447],[103.77058,22.35383],[103.7711,22.35324],[103.77218,22.3533],[103.77482,22.35276],[103.77595,22.35331],[103.77557,22.3545],[103.77696,22.35614],[103.77802,22.35616],[103.78014,22.35701],[103.78113,22.35846],[103.78269,22.35728],[103.78513,22.35687],[103.78592,22.35638],[103.7869,22.35656],[103.78795,22.35543],[103.7892,22.35612],[103.79165,22.3556],[103.79262,22.35566],[103.79308,22.35476],[103.79435,22.35472],[103.79581,22.35416],[103.79693,22.35275],[103.79888,22.35238],[103.80007,22.3519],[103.8031,22.35211],[103.80392,22.35182],[103.80402,22.35101],[103.80498,22.34962],[103.80514,22.3484],[103.80575,22.34783],[103.80646,22.34609],[103.80876,22.34358],[103.8105,22.34059],[103.81033,22.33977],[103.81093,22.33892],[103.81219,22.33798],[103.81662,22.33826],[103.82324,22.33225],[103.83101,22.32957],[103.83307,22.33111],[103.83575,22.33094],[103.83619,22.33063],[103.83661,22.32806],[103.83621,22.32725],[103.84184,22.32301],[103.84608,22.32124],[103.84804,22.31981],[103.84907,22.31939],[103.85021,22.31837],[103.85085,22.31703],[103.8512,22.31413],[103.8524,22.31461],[103.8534,22.31375],[103.85397,22.31272],[103.85407,22.31097],[103.85518,22.31036],[103.85691,22.31099],[103.85818,22.31092],[103.86065,22.30958],[103.86208,22.30969],[103.86339,22.30936],[103.86437,22.30857],[103.86538,22.30829],[103.8664,22.30868],[103.86664,22.30945],[103.86784,22.3097],[103.86955,22.30815],[103.87013,22.30894],[103.87165,22.30977],[103.87533,22.31018],[103.87546,22.31017],[103.8769,22.30951],[103.87908,22.31044],[103.88001,22.31004],[103.88089,22.30912],[103.88373,22.30785],[103.88561,22.30809],[103.88662,22.30917],[103.88912,22.31321],[103.87882,22.32163],[103.87693,22.32248],[103.87611,22.32352],[103.87574,22.32476],[103.87978,22.32998],[103.88549,22.33313],[103.88618,22.34019],[103.88585,22.34595],[103.88789,22.34682]]]},"properties":{"a01_tinh":"diaphanhanhchinhcaptinh_sn.114","a02_xa":"diaphanhanhchinhcapxa_2025.1099","a03_ten":"Phường Sa Pa","a04_tentinh":"Tỉnh Lào Cai","a05_truocsn":"Phường Hàm Rồng, Phường Ô Quý Hồ, Phường Sa Pả, Phường Cầu Mây, Phường Phan Si Păng, Phường Sa Pa","a06_trungtamhc":"Số 091 Đường Xuân Viên (Trụ sở phường Sa Pa cũ)","a07_dt":"54.63","a08_ds":"22882","a09_dthoai":null,"a10_web":null,"ten":"Phường Sa Pa","ma":"03006","tentinh":"Tỉnh Lào Cai","truocsapnhap":"Phường Hàm Rồng, Phường Ô Quý Hồ, Phường Sa Pả, Phường Cầu Mây, Phường Phan Si Păng, Phường Sa Pa","dientichkm2":null,"dansonguoi":null},"id":"diaphanhanhchinhcapxa_2025.1099"},
{"type":"Feature","geometry":{"type":"Polygon","coordinates":[[[104.54399,21.62514],[104.54325,21.62863],[104.54364,21.63035],[104.54308,21.63347],[104.54345,21.63413],[104.54328,21.63568],[104.54103,21.6346],[104.53891,21.6347],[104.53806,21.63637],[104.53579,21.63758],[104.53324,21.63743],[104.53234,21.63854],[104.53232,21.64088],[104.53137,21.63965],[104.52817,21.63818],[104.52651,21.63817],[104.52545,21.64041],[104.52456,21.64151],[104.52249,21.64226],[104.52173,21.64227],[104.51825,21.64032],[104.51747,21.64053],[104.51617,21.63944],[104.5155,21.63645],[104.51575,21.63523],[104.51746,21.63261],[104.51352,21.63243],[104.51367,21.63032],[104.51435,21.6299],[104.51458,21.62854],[104.51275,21.62689],[104.5124,21.62529],[104.51277,21.62387],[104.51405,21.62285],[104.51592,21.62175],[104.51657,21.62059],[104.51558,21.61908],[104.51457,21.61916],[104.51365,21.618],[104.51203,21.61772],[104.51033,21.61376],[104.50844,21.61256],[104.50703,21.61203],[104.50679,21.61067],[104.50615,21.6101],[104.50597,21.60502],[104.50607,21.60352],[104.50668,21.60172],[104.5101,21.60136],[104.5128,21.59807],[104.51727,21.59222],[104.51785,21.59304],[104.51852,21.59178],[104.5204,21.59144],[104.52062,21.59223],[104.52146,21.59266],[104.52244,21.5924],[104.52379,21.59268],[104.52649,21.5917],[104.52545,21.58939],[104.52471,21.58832],[104.52281,21.58718],[104.5223,21.58629],[104.52257,21.58486],[104.52236,21.58206],[104.52213,21.58154],[104.52385,21.57986],[104.5248,21.57866],[104.52628,21.57832],[104.52618,21.57732],[104.52782,21.57785],[104.52834,21.5763],[104.52936,21.57616],[104.53404,21.57423],[104.53362,21.5737],[104.53479,21.57301],[104.53292,21.57],[104.53027,21.56779],[104.52939,21.56657],[104.52687,21.56495],[104.52558,21.56185],[104.52399,21.55982],[104.52295,21.55738],[104.5225,21.55473],[104.5237,21.55359],[104.52275,21.55231],[104.52237,21.55114],[104.52305,21.55019],[104.52318,21.54775],[104.52639,21.54677],[104.52689,21.54569],[104.52758,21.54562],[104.52718,21.54323],[104.52793,21.54137],[104.52907,21.54008],[104.53173,21.53893],[104.53282,21.53802],[104.53445,21.53407],[104.53466,21.53524],[104.5353,21.53626],[104.5345,21.53763],[104.53587,21.53874],[104.53704,21.5386],[104.53707,21.53987],[104.53821,21.54099],[104.5402,21.54244],[104.54192,21.54394],[104.54274,21.54337],[104.54402,21.54313],[104.54503,21.54204],[104.54556,21.5424],[104.54394,21.54505],[104.54418,21.54587],[104.54573,21.54567],[104.54604,21.5468],[104.54711,21.54735],[104.5482,21.54707],[104.54843,21.54812],[104.54979,21.54867],[104.55078,21.54824],[104.55204,21.54849],[104.55511,21.55071],[104.55741,21.55146],[104.56137,21.55214],[104.56451,21.55157],[104.56527,21.55303],[104.56711,21.55407],[104.56813,21.55429],[104.56645,21.55442],[104.56606,21.55505],[104.56402,21.55591],[104.56417,21.5578],[104.56395,21.55938],[104.56471,21.56211],[104.56439,21.56315],[104.56291,21.56473],[104.56189,21.56491],[104.56008,21.56445],[104.5584,21.56615],[104.55692,21.56535],[104.55356,21.56566],[104.55355,21.56806],[104.55306,21.56884],[104.55555,21.57023],[104.55767,21.57011],[104.5586,21.57077],[104.55973,21.573],[104.55985,21.57451],[104.56033,21.57549],[104.55953,21.57658],[104.55969,21.5786],[104.56002,21.57917],[104.55993,21.58068],[104.56021,21.58141],[104.56025,21.5839],[104.56073,21.58492],[104.56181,21.5861],[104.56277,21.58578],[104.56415,21.58688],[104.56726,21.58657],[104.56791,21.58709],[104.56837,21.58856],[104.56909,21.58914],[104.57012,21.58894],[104.57136,21.58961],[104.57313,21.58942],[104.57361,21.58995],[104.5735,21.59108],[104.57402,21.59146],[104.57409,21.59333],[104.57579,21.5949],[104.57659,21.59776],[104.57649,21.59873],[104.57489,21.60014],[104.5745,21.60256],[104.57391,21.60297],[104.57225,21.60294],[104.57073,21.60402],[104.56923,21.60291],[104.56717,21.60285],[104.56737,21.60496],[104.56638,21.60508],[104.566,21.60579],[104.56433,21.60648],[104.56459,21.60773],[104.56344,21.60828],[104.56158,21.60749],[104.56101,21.6088],[104.55754,21.61102],[104.55628,21.61125],[104.5558,21.61216],[104.555,21.61249],[104.55404,21.61391],[104.55227,21.61374],[104.55271,21.61551],[104.55179,21.61733],[104.55076,21.61793],[104.5492,21.61991],[104.54895,21.62174],[104.54723,21.62211],[104.54455,21.62435],[104.54399,21.62514]]]},"properties":{"a01_tinh":"diaphanhanhchinhcaptinh_sn.114","a02_xa":"diaphanhanhchinhcapxa_2025.1007","a03_ten":"Phường Trung Tâm","a04_tentinh":"Tỉnh Lào Cai","a05_truocsn":"Phường Trung Tâm, Xã Phù Nham, Xã Nghĩa Lợi, Xã Nghĩa Lộ","a06_trungtamhc":"đang cập nhật","a07_dt":"43.15","a08_ds":"26888","a09_dthoai":null,"a10_web":null,"ten":"Phường Trung Tâm","ma":"04663","tentinh":"Tỉnh Lào Cai","truocsapnhap":"Phường Trung Tâm, Xã Phù Nham, Xã Nghĩa Lợi, Xã Nghĩa Lộ","dientichkm2":null,"dansonguoi":null},"id":"diaphanhanhchinhcapxa_2025.1007"},
{"type":"Feature","geometry":{"type":"Polygon","coordinates":[[[104.98007,21.67289],[104.97953,21.67642],[104.97913,21.67716],[104.97755,21.67754],[104.97719,21.67868],[104.97632,21.67787],[104.97502,21.67895],[104.97509,21.67994],[104.9757,21.68116],[104.9741,21.68269],[104.97325,21.68287],[104.97164,21.68529],[104.97242,21.68798],[104.97377,21.68804],[104.97633,21.68749],[104.97842,21.68877],[104.97914,21.69005],[104.97936,21.69148],[104.981,21.69297],[104.98148,21.69445],[104.98224,21.6947],[104.98362,21.6975],[104.98622,21.69818],[104.98674,21.69924],[104.98671,21.70027],[104.9872,21.70185],[104.98614,21.70285],[104.98518,21.70314],[104.98443,21.70393],[104.98349,21.70388],[104.98214,21.70446],[104.9814,21.7035],[104.97982,21.70413],[104.97853,21.70543],[104.9809,21.70794],[104.98099,21.70941],[104.98163,21.7102],[104.98164,21.71115],[104.98067,21.71162],[104.98091,21.71239],[104.97903,21.7162],[104.9811,21.71688],[104.98159,21.71866],[104.9793,21.71733],[104.97909,21.71878],[104.97803,21.71979],[104.97539,21.71869],[104.97438,21.71784],[104.97334,21.71754],[104.96967,21.71813],[104.96651,21.7191],[104.96488,21.71995],[104.96267,21.71953],[104.96156,21.72024],[104.96105,21.72104],[104.96113,21.72215],[104.9604,21.72259],[104.96002,21.7251],[104.95851,21.72459],[104.95594,21.72577],[104.95592,21.7237],[104.9551,21.72376],[104.95375,21.72468],[104.9533,21.72615],[104.95356,21.72717],[104.95448,21.72877],[104.95382,21.72945],[104.95238,21.73003],[104.95041,21.73168],[104.95002,21.73319],[104.94817,21.73336],[104.94715,21.73434],[104.94528,21.73497],[104.94317,21.73517],[104.94106,21.73407],[104.93915,21.73345],[104.93752,21.73476],[104.93715,21.7356],[104.93776,21.73763],[104.93648,21.73729],[104.93568,21.73661],[104.93435,21.73795],[104.93442,21.73958],[104.93385,21.74027],[104.93256,21.74088],[104.93161,21.74278],[104.93268,21.74494],[104.93282,21.74595],[104.93173,21.74642],[104.93009,21.74591],[104.92856,21.74513],[104.92748,21.7454],[104.92607,21.74454],[104.92555,21.74436],[104.92519,21.74296],[104.92414,21.74277],[104.92419,21.74064],[104.92452,21.73909],[104.92341,21.73804],[104.92099,21.73633],[104.92163,21.73404],[104.919,21.73286],[104.91598,21.73203],[104.9162,21.73135],[104.91597,21.7294],[104.91619,21.72842],[104.91745,21.72823],[104.91886,21.72658],[104.91767,21.72634],[104.91795,21.72456],[104.91893,21.72364],[104.92019,21.72382],[104.92083,21.72291],[104.92249,21.72332],[104.92252,21.72204],[104.9241,21.72152],[104.92465,21.72037],[104.9262,21.7198],[104.92638,21.71855],[104.92761,21.71766],[104.92633,21.71658],[104.92436,21.7159],[104.92266,21.71611],[104.92178,21.71445],[104.92003,21.7136],[104.91858,21.71116],[104.91802,21.70824],[104.91798,21.70691],[104.91902,21.70474],[104.9181,21.70231],[104.91886,21.70109],[104.91851,21.69996],[104.91717,21.69934],[104.91628,21.69854],[104.91544,21.69851],[104.91523,21.69965],[104.91321,21.69943],[104.91109,21.6995],[104.91017,21.69995],[104.90813,21.6979],[104.90763,21.69638],[104.90601,21.69586],[104.90612,21.6937],[104.90403,21.69315],[104.90502,21.68944],[104.90629,21.68695],[104.90705,21.68619],[104.90959,21.68485],[104.91597,21.68237],[104.9198,21.68038],[104.9234,21.67795],[104.92531,21.67623],[104.92866,21.67403],[104.93075,21.67168],[104.93165,21.67015],[104.93251,21.66738],[104.9329,21.66325],[104.93356,21.66138],[104.93543,21.65833],[104.9374,21.65425],[104.93812,21.65136],[104.94122,21.65267],[104.94218,21.65216],[104.94272,21.65281],[104.94385,21.65322],[104.94444,21.65475],[104.94511,21.65459],[104.94662,21.65571],[104.94873,21.65485],[104.94968,21.65504],[104.95044,21.65664],[104.95237,21.657],[104.95194,21.65808],[104.95266,21.65921],[104.95365,21.65882],[104.95485,21.66038],[104.95597,21.66081],[104.95711,21.66064],[104.95851,21.65848],[104.95928,21.65581],[104.96043,21.65655],[104.96126,21.65426],[104.96115,21.65298],[104.96334,21.65299],[104.96454,21.65205],[104.96567,21.65017],[104.96757,21.64812],[104.96979,21.64664],[104.97113,21.64696],[104.97152,21.64586],[104.97253,21.64637],[104.97205,21.64752],[104.97216,21.64931],[104.97005,21.65041],[104.97014,21.65118],[104.97157,21.65304],[104.97346,21.65364],[104.97332,21.65514],[104.97264,21.65637],[104.97362,21.65706],[104.97621,21.65722],[104.97812,21.65985],[104.97931,21.66042],[104.98304,21.66033],[104.9846,21.66097],[104.98611,21.66191],[104.98711,21.66296],[104.98549,21.66551],[104.98612,21.66617],[104.98582,21.6676],[104.98384,21.6699],[104.98263,21.67035],[104.98134,21.67143],[104.97987,21.67178],[104.98007,21.67289]]]},"properties":{"a01_tinh":"diaphanhanhchinhcaptinh_sn.114","a02_xa":"diaphanhanhchinhcapxa_2025.1034","a03_ten":"Phường Văn Phú","a04_tentinh":"Tỉnh Lào Cai","a05_truocsn":"Phường Yên Thịnh, Xã Tân Thịnh (thành phố Yên Bái), Xã Văn Phú, Xã Phú Thịnh","a06_trungtamhc":"đang cập nhật","a07_dt":"51.46","a08_ds":"26573","a09_dthoai":null,"a10_web":null,"ten":"Phường Văn Phú","ma":"04279","tentinh":"Tỉnh Lào Cai","truocsapnhap":"Phường Yên Thịnh, Xã Tân Thịnh (thành phố Yên Bái), Xã Văn Phú, Xã Phú Thịnh","dientichkm2":null,"dansonguoi":null},"id":"diaphanhanhchinhcapxa_2025.1034"},
{"type":"Feature","geometry":{"type":"Polygon","coordinates":[[[104.91598,21.73203],[104.91547,21.733],[104.91285,21.73275],[104.91249,21.73468],[104.91084,21.73554],[104.91006,21.73397],[104.90887,21.73375],[104.90545,21.73261],[104.90489,21.73158],[104.90343,21.73149],[104.90213,21.73039],[104.89971,21.72973],[104.8992,21.73051],[104.89662,21.72987],[104.89634,21.73132],[104.89535,21.73157],[104.89435,21.73126],[104.89381,21.73237],[104.89282,21.73298],[104.89209,21.73505],[104.89099,21.73553],[104.88734,21.73475],[104.88651,21.73275],[104.88795,21.73139],[104.88747,21.73044],[104.887,21.72672],[104.88536,21.72561],[104.88351,21.72496],[104.883,21.72424],[104.88359,21.72275],[104.8834,21.7218],[104.88149,21.71943],[104.87951,21.7188],[104.87843,21.71607],[104.87737,21.71628],[104.87604,21.71563],[104.87467,21.71543],[104.87301,21.71605],[104.87195,21.71505],[104.87083,21.71535],[104.87019,21.71694],[104.86758,21.71794],[104.8669,21.71745],[104.86642,21.71605],[104.86723,21.71519],[104.86351,21.71292],[104.86519,21.71098],[104.86709,21.70813],[104.86746,21.70667],[104.86761,21.70431],[104.86754,21.7004],[104.86814,21.69713],[104.86944,21.69534],[104.87242,21.69366],[104.87396,21.69321],[104.87543,21.69342],[104.87845,21.69527],[104.87983,21.69665],[104.88354,21.70143],[104.88453,21.70308],[104.88635,21.70527],[104.88741,21.7061],[104.89071,21.7076],[104.89248,21.70768],[104.89454,21.70723],[104.89649,21.70564],[104.9009,21.70041],[104.90129,21.6998],[104.90403,21.69315],[104.90612,21.6937],[104.90601,21.69586],[104.90763,21.69638],[104.90813,21.6979],[104.91017,21.69995],[104.91109,21.6995],[104.91321,21.69943],[104.91523,21.69965],[104.91544,21.69851],[104.91628,21.69854],[104.91717,21.69934],[104.91851,21.69996],[104.91886,21.70109],[104.9181,21.70231],[104.91902,21.70474],[104.91798,21.70691],[104.91802,21.70824],[104.91858,21.71116],[104.92003,21.7136],[104.92178,21.71445],[104.92266,21.71611],[104.92436,21.7159],[104.92633,21.71658],[104.92761,21.71766],[104.92638,21.71855],[104.9262,21.7198],[104.92465,21.72037],[104.9241,21.72152],[104.92252,21.72204],[104.92249,21.72332],[104.92083,21.72291],[104.92019,21.72382],[104.91893,21.72364],[104.91795,21.72456],[104.91767,21.72634],[104.91886,21.72658],[104.91745,21.72823],[104.91619,21.72842],[104.91597,21.7294],[104.9162,21.73135],[104.91598,21.73203]]]},"properties":{"a01_tinh":"diaphanhanhchinhcaptinh_sn.114","a02_xa":"diaphanhanhchinhcapxa_2025.1005","a03_ten":"Phường Yên Bái","a04_tentinh":"Tỉnh Lào Cai","a05_truocsn":"Phường Đồng Tâm, Phường Yên Ninh, Phường Minh Tân, Phường Nguyễn Thái Học, Phường Hồng Hà","a06_trungtamhc":"đang cập nhật","a07_dt":"16.92","a08_ds":"70391","a09_dthoai":null,"a10_web":null,"ten":"Phường Yên Bái","ma":"04252","tentinh":"Tỉnh Lào Cai","truocsapnhap":"Phường Đồng Tâm, Phường Yên Ninh, Phường Minh Tân, Phường Nguyễn Thái Học, Phường Hồng Hà","dientichkm2":null,"dansonguoi":null},"id":"diaphanhanhchinhcapxa_2025.1005"},
{"type":"Feature","geometry":{"type":"Polygon","coordinates":[[[103.73772,22.71277],[103.73464,22.71522],[103.73105,22.71834],[103.72558,22.72498],[103.72391,22.72648],[103.72004,22.72917],[103.7099,22.73812],[103.70733,22.74086],[103.70409,22.74377],[103.70211,22.74533],[103.69993,22.74619],[103.6954,22.74644],[103.69232,22.74761],[103.68593,22.75194],[103.68437,22.75329],[103.6835,22.75506],[103.68319,22.75735],[103.68226,22.7611],[103.68172,22.76234],[103.68005,22.76403],[103.67877,22.76496],[103.67472,22.76615],[103.67228,22.76755],[103.67075,22.76817],[103.66875,22.76863],[103.6672,22.77013],[103.66578,22.77262],[103.66533,22.77484],[103.66556,22.77667],[103.66514,22.77999],[103.66394,22.78321],[103.66341,22.78539],[103.6625,22.78671],[103.66059,22.78856],[103.65856,22.78969],[103.65572,22.79049],[103.6541,22.79118],[103.65153,22.79113],[103.64992,22.7917],[103.64606,22.79494],[103.64372,22.79356],[103.64282,22.79274],[103.64197,22.79258],[103.64066,22.79305],[103.64009,22.79391],[103.64203,22.79484],[103.64264,22.7955],[103.64178,22.79777],[103.64047,22.79798],[103.63922,22.79751],[103.63829,22.79633],[103.63833,22.79515],[103.63911,22.7925],[103.63819,22.79199],[103.63653,22.79229],[103.6353,22.7918],[103.63486,22.79026],[103.63737,22.78793],[103.63798,22.78673],[103.63646,22.7864],[103.63473,22.78705],[103.63293,22.78742],[103.63085,22.78747],[103.63045,22.78936],[103.63135,22.79091],[103.631,22.79144],[103.62985,22.79094],[103.62866,22.78932],[103.62774,22.7889],[103.62415,22.78625],[103.62329,22.78579],[103.62185,22.78568],[103.62067,22.78624],[103.61954,22.78628],[103.61843,22.78557],[103.61742,22.78386],[103.6173,22.7827],[103.61761,22.78172],[103.61862,22.78037],[103.61931,22.77886],[103.62051,22.77505],[103.6201,22.77398],[103.61889,22.77364],[103.61834,22.77258],[103.61605,22.77179],[103.61487,22.77192],[103.61445,22.77144],[103.61431,22.76954],[103.61298,22.76679],[103.61114,22.7661],[103.60861,22.7638],[103.60892,22.76204],[103.60942,22.76083],[103.60969,22.75817],[103.61002,22.7572],[103.60953,22.75597],[103.60885,22.75584],[103.60688,22.75685],[103.60606,22.7564],[103.60618,22.75393],[103.60551,22.75259],[103.60457,22.74971],[103.60332,22.7492],[103.60172,22.74978],[103.59978,22.75004],[103.59859,22.74974],[103.59771,22.74865],[103.59702,22.74716],[103.59768,22.74534],[103.59736,22.74492],[103.59957,22.74323],[103.60096,22.74321],[103.60428,22.7438],[103.60479,22.7427],[103.60437,22.74128],[103.60679,22.74023],[103.6079,22.74008],[103.6091,22.7387],[103.60906,22.73796],[103.60797,22.73656],[103.60968,22.73332],[103.60997,22.72992],[103.61246,22.72971],[103.61314,22.72893],[103.61327,22.72801],[103.61288,22.72697],[103.61364,22.72588],[103.61398,22.7243],[103.61587,22.72387],[103.61627,22.72279],[103.61609,22.7213],[103.61526,22.72063],[103.61628,22.71922],[103.61632,22.71732],[103.61773,22.71581],[103.61853,22.71452],[103.62002,22.71395],[103.61966,22.71284],[103.62017,22.71151],[103.61983,22.71042],[103.61974,22.70809],[103.62023,22.70629],[103.62228,22.70194],[103.62157,22.70004],[103.6222,22.69736],[103.62279,22.6962],[103.62507,22.69481],[103.626,22.69233],[103.62703,22.69073],[103.62825,22.68672],[103.62809,22.68568],[103.62858,22.68323],[103.6297,22.68013],[103.62867,22.67939],[103.6266,22.67853],[103.62419,22.6791],[103.6237,22.67825],[103.62483,22.67725],[103.62524,22.6762],[103.6269,22.67598],[103.63508,22.67544],[103.63887,22.67592],[103.64051,22.67715],[103.64389,22.67917],[103.64783,22.67921],[103.65307,22.67862],[103.65541,22.67774],[103.65776,22.67616],[103.66031,22.67421],[103.66129,22.67376],[103.66146,22.67269],[103.66107,22.67025],[103.6603,22.66955],[103.66685,22.66941],[103.67123,22.66951],[103.67222,22.67133],[103.67412,22.67237],[103.67741,22.67579],[103.67693,22.67666],[103.67767,22.67785],[103.67766,22.67857],[103.68299,22.68151],[103.68455,22.68188],[103.68578,22.68336],[103.68815,22.68537],[103.69051,22.68599],[103.69199,22.68603],[103.69274,22.68665],[103.69476,22.68734],[103.69606,22.68932],[103.69889,22.69132],[103.69962,22.69151],[103.70219,22.69476],[103.70161,22.69521],[103.70061,22.69726],[103.70162,22.69789],[103.70496,22.7018],[103.70756,22.70255],[103.70925,22.70244],[103.71052,22.70134],[103.71263,22.70313],[103.71221,22.70698],[103.7163,22.71092],[103.71652,22.71074],[103.7194,22.71086],[103.72027,22.71048],[103.72315,22.71105],[103.72401,22.71223],[103.72589,22.71334],[103.72694,22.71222],[103.72919,22.71234],[103.73043,22.7129],[103.73188,22.71274],[103.73275,22.71175],[103.73432,22.71107],[103.73573,22.71157],[103.73772,22.71277]]]},"properties":{"a01_tinh":"diaphanhanhchinhcaptinh_sn.114","a02_xa":"diaphanhanhchinhcapxa_2025.1092","a03_ten":"Xã A Mú Sung","a04_tentinh":"Tỉnh Lào Cai","a05_truocsn":"Xã Nậm Chạc, Xã A Mú Sung","a06_trungtamhc":"Thôn Y Giang, xã A Mú Sung (Trụ sở xã A Mú Sung cũ)","a07_dt":"104.4","a08_ds":"5955","a09_dthoai":null,"a10_web":null,"ten":"Xã A Mú Sung","ma":"02686","tentinh":"Tỉnh Lào Cai","truocsapnhap":"Xã Nậm Chạc, Xã A Mú Sung","dientichkm2":null,"dansonguoi":null},"id":"diaphanhanhchinhcapxa_2025.1092"},
{"type":"Feature","geometry":{"type":"Polygon","coordinates":[[[104.42425,22.57219],[104.42378,22.57256],[104.4209,22.5731],[104.42064,22.57364],[104.41906,22.57469],[104.41748,22.57657],[104.41579,22.57984],[104.41545,22.58117],[104.41434,22.58175],[104.41264,22.57973],[104.41267,22.57845],[104.41213,22.57693],[104.40996,22.57814],[104.40901,22.57957],[104.40882,22.58062],[104.40668,22.58155],[104.40683,22.58289],[104.40628,22.58429],[104.40489,22.58474],[104.40301,22.58487],[104.40206,22.58616],[104.40193,22.58738],[104.40271,22.58762],[104.40324,22.58884],[104.40202,22.58884],[104.40234,22.58997],[104.40227,22.5916],[104.40268,22.59233],[104.40373,22.59285],[104.40466,22.59458],[104.40206,22.59463],[104.40048,22.59523],[104.39931,22.59521],[104.39871,22.59583],[104.3961,22.59703],[104.39488,22.59867],[104.39318,22.59769],[104.39197,22.59765],[104.39092,22.59585],[104.38941,22.59516],[104.38851,22.59406],[104.38822,22.59278],[104.38584,22.59186],[104.38547,22.59086],[104.38492,22.5872],[104.384,22.58497],[104.38004,22.58414],[104.37824,22.58257],[104.37505,22.58341],[104.374,22.58267],[104.37091,22.58143],[104.3691,22.58106],[104.3678,22.58033],[104.36628,22.58115],[104.36512,22.58134],[104.36402,22.58275],[104.36214,22.58132],[104.36096,22.57953],[104.35927,22.57827],[104.35781,22.57896],[104.35734,22.57576],[104.35755,22.57514],[104.35686,22.57307],[104.35728,22.57181],[104.35806,22.5708],[104.35781,22.56839],[104.35773,22.56359],[104.35683,22.56273],[104.3554,22.56288],[104.35357,22.56397],[104.35143,22.56418],[104.35073,22.56534],[104.34665,22.56488],[104.34562,22.56426],[104.34361,22.56473],[104.34232,22.56386],[104.34073,22.56331],[104.33875,22.56175],[104.3372,22.56008],[104.33558,22.55922],[104.33322,22.55882],[104.33272,22.5572],[104.33202,22.5567],[104.32994,22.55657],[104.32851,22.55679],[104.32765,22.55638],[104.32452,22.55675],[104.32419,22.55878],[104.32492,22.56016],[104.32485,22.56149],[104.32421,22.5628],[104.32353,22.56334],[104.32149,22.56349],[104.31863,22.56319],[104.31696,22.56203],[104.31454,22.56134],[104.31354,22.56004],[104.31226,22.55673],[104.30817,22.5549],[104.30695,22.55478],[104.30498,22.55345],[104.30603,22.55293],[104.30529,22.55152],[104.30192,22.5519],[104.30224,22.55355],[104.30151,22.55453],[104.30249,22.55661],[104.30165,22.55687],[104.29997,22.55652],[104.29878,22.55758],[104.29807,22.5595],[104.29662,22.56026],[104.29629,22.56127],[104.29925,22.56298],[104.29922,22.56421],[104.29684,22.56485],[104.29673,22.56551],[104.29547,22.56677],[104.2956,22.56931],[104.29456,22.57005],[104.2946,22.57084],[104.29372,22.57196],[104.29352,22.57324],[104.29277,22.57391],[104.29244,22.57564],[104.29125,22.57752],[104.29129,22.5798],[104.29227,22.5808],[104.29184,22.58257],[104.2913,22.58365],[104.2906,22.58278],[104.28887,22.58298],[104.28848,22.58358],[104.28699,22.58312],[104.2851,22.58292],[104.28397,22.5836],[104.28226,22.58353],[104.28082,22.58203],[104.27899,22.58275],[104.27816,22.58227],[104.2768,22.58071],[104.27623,22.58054],[104.27416,22.57753],[104.27336,22.57588],[104.27203,22.57762],[104.27224,22.57879],[104.27157,22.58093],[104.27106,22.58148],[104.26925,22.58216],[104.26931,22.58421],[104.26969,22.58551],[104.26973,22.58706],[104.26809,22.58905],[104.26706,22.58932],[104.26661,22.59054],[104.26772,22.59224],[104.26538,22.59365],[104.26378,22.59292],[104.26107,22.59276],[104.26048,22.59239],[104.25953,22.59078],[104.25756,22.58882],[104.25596,22.58814],[104.25464,22.58846],[104.25363,22.58814],[104.25307,22.5873],[104.25152,22.58731],[104.24977,22.58692],[104.24925,22.58634],[104.24502,22.5858],[104.24269,22.58501],[104.24054,22.58556],[104.23727,22.58736],[104.23662,22.58856],[104.23258,22.59057],[104.23196,22.5903],[104.23029,22.59066],[104.2272,22.59097],[104.22564,22.59042],[104.22444,22.59049],[104.22302,22.58946],[104.22197,22.58972],[104.22095,22.58914],[104.21994,22.58912],[104.21866,22.58816],[104.21661,22.5876],[104.21516,22.58683],[104.21433,22.5868],[104.21328,22.5859],[104.20956,22.58533],[104.20749,22.58473],[104.20754,22.5835],[104.20587,22.57998],[104.20569,22.57864],[104.20491,22.57779],[104.20297,22.57629],[104.20111,22.57362],[104.20018,22.57297],[104.19912,22.5711],[104.19749,22.56995],[104.1946,22.56545],[104.19242,22.56368],[104.19044,22.56118],[104.18975,22.55789],[104.19031,22.55549],[104.19131,22.55342],[104.19224,22.55094],[104.19322,22.54911],[104.19436,22.54777],[104.19642,22.54603],[104.19792,22.54358],[104.19879,22.54279],[104.20085,22.53984],[104.20126,22.5382],[104.20194,22.53702],[104.20409,22.53809],[104.20594,22.53825],[104.20648,22.53924],[104.20811,22.54044],[104.20944,22.54081],[104.21091,22.54043],[104.21192,22.5411],[104.21507,22.54124],[104.21646,22.53997],[104.21768,22.53931],[104.21838,22.5383],[104.22005,22.53869],[104.22109,22.53982],[104.22063,22.54174],[104.22237,22.54429],[104.22233,22.54545],[104.22357,22.54643],[104.23029,22.54555],[104.23517,22.54434],[104.23655,22.54355],[104.23683,22.5429],[104.2395,22.54081],[104.2399,22.53981],[104.23838,22.5384],[104.23824,22.53769],[104.24018,22.53687],[104.24336,22.53686],[104.24746,22.536],[104.24665,22.5332],[104.24682,22.53269],[104.24509,22.53158],[104.24559,22.53101],[104.24738,22.53057],[104.25007,22.52904],[104.25119,22.5286],[104.25328,22.52657],[104.25317,22.5241],[104.2545,22.52336],[104.25676,22.52103],[104.2594,22.52023],[104.26103,22.51995],[104.26166,22.51769],[104.2624,22.51705],[104.26306,22.51443],[104.26115,22.51343],[104.25953,22.51149],[104.25827,22.51132],[104.25746,22.51168],[104.25701,22.51307],[104.25648,22.51348],[104.25484,22.51378],[104.25395,22.51447],[104.25186,22.51483],[104.24752,22.51407],[104.24405,22.51289],[104.24249,22.51138],[104.24181,22.50954],[104.241,22.50901],[104.23915,22.50697],[104.23642,22.50615],[104.23536,22.50536],[104.23516,22.50432],[104.2345,22.5033],[104.23328,22.50302],[104.23147,22.50177],[104.23079,22.50099],[104.22952,22.49849],[104.22938,22.49725],[104.22876,22.49517],[104.22705,22.49473],[104.22499,22.49378],[104.22329,22.49166],[104.22271,22.48967],[104.22179,22.48877],[104.22092,22.48392],[104.21973,22.4827],[104.21941,22.4803],[104.21963,22.47848],[104.22037,22.47725],[104.22004,22.47523],[104.21948,22.47435],[104.22013,22.47365],[104.22114,22.47349],[104.22312,22.47392],[104.22315,22.47293],[104.2241,22.47064],[104.2243,22.46926],[104.2248,22.46879],[104.22702,22.46842],[104.22779,22.46758],[104.22881,22.46731],[104.2304,22.46772],[104.23021,22.46853],[104.23065,22.46954],[104.23166,22.47013],[104.23205,22.47096],[104.23338,22.47198],[104.23462,22.47231],[104.23538,22.47295],[104.23891,22.4715],[104.24108,22.47018],[104.24147,22.46908],[104.24279,22.46802],[104.24282,22.46668],[104.24216,22.46619],[104.24274,22.46516],[104.24375,22.46457],[104.24499,22.46477],[104.24495,22.46607],[104.24583,22.46766],[104.2462,22.46904],[104.2474,22.46965],[104.24876,22.47084],[104.24862,22.47183],[104.24943,22.47527],[104.25101,22.47389],[104.25422,22.47225],[104.25576,22.47245],[104.25764,22.4708],[104.25925,22.46904],[104.25981,22.46805],[104.26022,22.46573],[104.25944,22.46531],[104.25774,22.46549],[104.25709,22.4642],[104.25788,22.46327],[104.25754,22.46231],[104.258,22.46147],[104.25685,22.46074],[104.25656,22.45875],[104.25769,22.45856],[104.25788,22.45724],[104.25757,22.45626],[104.25851,22.45543],[104.25956,22.45587],[104.26126,22.45561],[104.26155,22.45509],[104.26338,22.45533],[104.26424,22.4558],[104.26449,22.45915],[104.26615,22.4579],[104.26601,22.45716],[104.26729,22.45528],[104.26697,22.45395],[104.26787,22.45288],[104.27002,22.45531],[104.27174,22.45411],[104.27179,22.45366],[104.27342,22.45226],[104.27347,22.45147],[104.27541,22.45075],[104.27649,22.45233],[104.27854,22.45302],[104.28,22.45294],[104.28289,22.45428],[104.28516,22.45509],[104.28713,22.4552],[104.28782,22.45586],[104.29047,22.45614],[104.29187,22.45735],[104.2943,22.45788],[104.29623,22.45881],[104.29741,22.46006],[104.29944,22.46026],[104.30114,22.46014],[104.30244,22.46156],[104.30163,22.46408],[104.30039,22.4667],[104.29978,22.46734],[104.30057,22.46903],[104.30038,22.46943],[104.30149,22.47189],[104.30108,22.4735],[104.30161,22.47435],[104.30173,22.47633],[104.30231,22.47731],[104.30262,22.47951],[104.30251,22.48126],[104.30289,22.48253],[104.30212,22.48374],[104.30243,22.48535],[104.30173,22.48714],[104.29995,22.48842],[104.30079,22.49017],[104.30006,22.49346],[104.30165,22.49421],[104.30237,22.49412],[104.30497,22.49534],[104.30613,22.49443],[104.3091,22.49415],[104.31001,22.49434],[104.31335,22.49321],[104.31623,22.49323],[104.31776,22.49302],[104.31834,22.49212],[104.32129,22.49158],[104.32255,22.49274],[104.32373,22.49253],[104.32592,22.49357],[104.3272,22.49372],[104.32735,22.49431],[104.32998,22.4942],[104.33307,22.4935],[104.33388,22.49383],[104.33734,22.4932],[104.33765,22.49254],[104.33967,22.49252],[104.34031,22.49213],[104.34029,22.49394],[104.34124,22.49615],[104.34018,22.49683],[104.3405,22.49878],[104.3397,22.50011],[104.33972,22.50109],[104.33882,22.50167],[104.33761,22.50348],[104.3387,22.50431],[104.3407,22.50527],[104.34301,22.50719],[104.34413,22.50849],[104.34636,22.50868],[104.3472,22.50923],[104.34803,22.51057],[104.35128,22.51071],[104.35228,22.511],[104.3552,22.51083],[104.35602,22.5111],[104.3564,22.51196],[104.3574,22.51218],[104.36165,22.51513],[104.36319,22.5156],[104.36492,22.51721],[104.36435,22.51845],[104.36419,22.51977],[104.36465,22.52176],[104.36614,22.52373],[104.36705,22.52454],[104.3678,22.52822],[104.3684,22.52928],[104.36786,22.52992],[104.36848,22.53165],[104.36799,22.53281],[104.3688,22.5346],[104.37093,22.53591],[104.37165,22.53693],[104.37283,22.53724],[104.3756,22.53932],[104.37828,22.53915],[104.3788,22.54019],[104.37984,22.54066],[104.38087,22.54203],[104.38319,22.54408],[104.38567,22.54212],[104.38648,22.54129],[104.38667,22.53915],[104.38796,22.53954],[104.39215,22.54287],[104.39447,22.54225],[104.39601,22.54416],[104.39617,22.5447],[104.39548,22.54712],[104.39415,22.54882],[104.39416,22.55055],[104.39575,22.55072],[104.39737,22.55021],[104.39887,22.55096],[104.40056,22.55096],[104.40289,22.55138],[104.4034,22.55205],[104.40346,22.55333],[104.40389,22.55432],[104.4048,22.55504],[104.40568,22.55507],[104.40911,22.55454],[104.40879,22.55655],[104.40782,22.55805],[104.40891,22.55981],[104.41051,22.56052],[104.41069,22.56153],[104.4114,22.56278],[104.41474,22.56479],[104.41761,22.56754],[104.41885,22.56832],[104.42044,22.56871],[104.4214,22.57026],[104.42268,22.57107],[104.42371,22.57134],[104.42425,22.57219]]]},"properties":{"a01_tinh":"diaphanhanhchinhcaptinh_sn.114","a02_xa":"diaphanhanhchinhcapxa_2025.1064","a03_ten":"Xã Bắc Hà","a04_tentinh":"Tỉnh Lào Cai","a05_truocsn":"Thị trấn Bắc Hà, Xã Na Hối, Xã Thải Giàng Phố, Xã Bản Phố, Xã Hoàng Thu Phố, Xã Nậm Mòn","a06_trungtamhc":"TDP Nậm Sắt 2, xã Bắc Hà (Trụ sở thị trấn Bắc Hà cũ)","a07_dt":"179.7","a08_ds":"30521","a09_dthoai":null,"a10_web":null,"ten":"Xã Bắc Hà","ma":"02839","tentinh":"Tỉnh Lào Cai","truocsapnhap":"Thị trấn Bắc Hà, Xã Na Hối, Xã Thải Giàng Phố, Xã Bản Phố, Xã Hoàng Thu Phố, Xã Nậm Mòn","dientichkm2":null,"dansonguoi":null},"id":"diaphanhanhchinhcapxa_2025.1064"},
{"type":"Feature","geometry":{"type":"Polygon","coordinates":[[[104.02534,22.33382],[104.02294,22.33573],[104.02115,22.3357],[104.01841,22.33632],[104.01752,22.33581],[104.01604,22.33614],[104.01404,22.33602],[104.01092,22.33735],[104.0098,22.33758],[104.0073,22.33875],[104.00535,22.33928],[104.00379,22.34035],[104.0021,22.34254],[104.00082,22.34333],[103.99928,22.34368],[103.99801,22.3434],[103.99597,22.34383],[103.99282,22.34372],[103.98896,22.34406],[103.98667,22.34282],[103.98433,22.34219],[103.98362,22.34072],[103.98199,22.34039],[103.97936,22.33947],[103.97798,22.33963],[103.97349,22.33856],[103.97217,22.33802],[103.97145,22.33679],[103.9704,22.33583],[103.96893,22.33353],[103.96762,22.33249],[103.96609,22.32839],[103.96281,22.32724],[103.96259,22.32657],[103.95931,22.32398],[103.95713,22.32277],[103.9554,22.32246],[103.95293,22.32112],[103.95194,22.31977],[103.95081,22.31917],[103.94982,22.31821],[103.94942,22.3169],[103.94805,22.31593],[103.9462,22.31568],[103.94456,22.31589],[103.94249,22.31661],[103.93965,22.31713],[103.93893,22.31787],[103.93745,22.31787],[103.93727,22.31729],[103.93453,22.31612],[103.93306,22.31465],[103.93212,22.31411],[103.9296,22.31071],[103.92931,22.31055],[103.9293,22.30954],[103.931,22.30606],[103.93216,22.30513],[103.93274,22.30386],[103.9333,22.30172],[103.93394,22.30075],[103.93546,22.29966],[103.93612,22.29792],[103.9384,22.29524],[103.93991,22.29491],[103.942,22.2933],[103.94324,22.29322],[103.94449,22.29178],[103.94414,22.29073],[103.94544,22.28821],[103.94644,22.28751],[103.94788,22.28596],[103.95128,22.28364],[103.94846,22.2816],[103.94672,22.27994],[103.94534,22.2792],[103.94355,22.2776],[103.94354,22.27688],[103.94203,22.2766],[103.9425,22.27797],[103.94084,22.2774],[103.94042,22.27645],[103.94051,22.27489],[103.94014,22.27421],[103.9407,22.27311],[103.94063,22.27197],[103.93974,22.27163],[103.93873,22.2719],[103.93723,22.27282],[103.93646,22.27423],[103.9364,22.27509],[103.93512,22.2757],[103.93368,22.27706],[103.93317,22.27861],[103.9306,22.28094],[103.92923,22.28026],[103.9269,22.28016],[103.92569,22.27933],[103.92445,22.2789],[103.92346,22.27949],[103.92237,22.27955],[103.9197,22.27871],[103.91826,22.27725],[103.91692,22.27717],[103.91537,22.27619],[103.91425,22.27611],[103.91225,22.27519],[103.91121,22.27436],[103.90875,22.27308],[103.90784,22.27285],[103.90702,22.27344],[103.90257,22.27165],[103.90187,22.27088],[103.90058,22.27026],[103.89854,22.26978],[103.89808,22.26792],[103.89664,22.26729],[103.89517,22.26472],[103.89615,22.26299],[103.89749,22.25814],[103.89946,22.25712],[103.90002,22.25589],[103.90089,22.25488],[103.90156,22.25349],[103.90368,22.25194],[103.90387,22.25105],[103.90606,22.24932],[103.90783,22.24874],[103.91025,22.24665],[103.91054,22.24513],[103.91152,22.24392],[103.91266,22.24343],[103.91442,22.24155],[103.91532,22.23994],[103.91769,22.23791],[103.91848,22.23794],[103.91972,22.23863],[103.92084,22.23828],[103.92114,22.23716],[103.92224,22.23557],[103.92273,22.23541],[103.92378,22.23342],[103.92521,22.23193],[103.92668,22.23132],[103.92822,22.23016],[103.92769,22.22905],[103.92812,22.22783],[103.92791,22.22711],[103.92666,22.22635],[103.92544,22.22434],[103.92497,22.22198],[103.9233,22.22018],[103.92214,22.21809],[103.92202,22.21675],[103.92073,22.21597],[103.91995,22.21506],[103.91905,22.21294],[103.91625,22.21114],[103.9158,22.21012],[103.91544,22.20737],[103.91235,22.20466],[103.91173,22.20346],[103.91045,22.20241],[103.90907,22.20203],[103.90857,22.20139],[103.90694,22.20124],[103.90571,22.20056],[103.90397,22.20006],[103.9016,22.20044],[103.89924,22.19954],[103.89808,22.19648],[103.89714,22.19637],[103.89519,22.19489],[103.89437,22.19326],[103.89292,22.19155],[103.89102,22.19103],[103.8905,22.19011],[103.88779,22.18717],[103.88591,22.18645],[103.88375,22.18507],[103.88261,22.18399],[103.88027,22.1826],[103.87977,22.18147],[103.87809,22.18044],[103.87587,22.18031],[103.87481,22.17973],[103.87333,22.17981],[103.87076,22.17892],[103.86805,22.17837],[103.87202,22.17649],[103.87544,22.17658],[103.87655,22.17609],[103.87847,22.17574],[103.87929,22.17586],[103.88175,22.17549],[103.88242,22.17578],[103.88658,22.17422],[103.88809,22.1742],[103.88868,22.17377],[103.8898,22.17195],[103.89137,22.17013],[103.89373,22.16789],[103.89377,22.16688],[103.89564,22.16566],[103.89641,22.16479],[103.89638,22.16379],[103.89691,22.16322],[103.89634,22.16249],[103.89709,22.1607],[103.89859,22.15935],[103.89896,22.15792],[103.90054,22.15756],[103.90095,22.1571],[103.90293,22.1566],[103.90604,22.15546],[103.90689,22.15536],[103.90738,22.15387],[103.90899,22.15302],[103.9094,22.15199],[103.91065,22.1505],[103.91098,22.14964],[103.91233,22.1481],[103.91265,22.14668],[103.91378,22.14493],[103.91553,22.14379],[103.91642,22.14358],[103.91839,22.14407],[103.91961,22.14307],[103.92243,22.14136],[103.92537,22.14211],[103.92683,22.14164],[103.92762,22.14069],[103.929,22.14068],[103.93115,22.14026],[103.93267,22.14052],[103.93375,22.14139],[103.93558,22.14111],[103.93691,22.14134],[103.93796,22.13986],[103.93826,22.13814],[103.94015,22.14105],[103.94117,22.14196],[103.94195,22.14357],[103.94378,22.14441],[103.94379,22.1458],[103.94429,22.14605],[103.94601,22.14548],[103.94728,22.14401],[103.94834,22.14351],[103.95056,22.1431],[103.95183,22.14362],[103.95325,22.14467],[103.95629,22.14619],[103.95846,22.1455],[103.95969,22.14566],[103.96039,22.14512],[103.96214,22.1464],[103.96359,22.14836],[103.96513,22.14883],[103.96672,22.15039],[103.96871,22.15128],[103.96947,22.1505],[103.97135,22.15014],[103.97257,22.15041],[103.97447,22.15149],[103.97559,22.15177],[103.97563,22.1528],[103.97755,22.1553],[103.97813,22.15647],[103.97851,22.15872],[103.9795,22.16029],[103.98012,22.16302],[103.98162,22.16537],[103.98106,22.16607],[103.98114,22.16771],[103.97891,22.16972],[103.97879,22.17179],[103.9809,22.17479],[103.98193,22.17684],[103.98315,22.17873],[103.98501,22.17954],[103.98616,22.18086],[103.98669,22.18246],[103.98788,22.18467],[103.98987,22.18879],[103.99134,22.19079],[103.9936,22.19326],[103.9915,22.19427],[103.99077,22.19541],[103.98948,22.19622],[103.98689,22.1967],[103.98581,22.19766],[103.98631,22.19823],[103.9862,22.19944],[103.98495,22.19989],[103.98409,22.20131],[103.98209,22.20315],[103.98174,22.20397],[103.98219,22.20514],[103.98171,22.20555],[103.97912,22.20567],[103.97784,22.20748],[103.97983,22.20981],[103.97967,22.21178],[103.97865,22.21389],[103.97766,22.21413],[103.976,22.21527],[103.974,22.21775],[103.97345,22.21809],[103.97151,22.21813],[103.97185,22.22004],[103.97313,22.2222],[103.97327,22.22323],[103.97249,22.2243],[103.97192,22.2265],[103.97104,22.22757],[103.97134,22.22881],[103.97241,22.23012],[103.97178,22.2325],[103.97106,22.23421],[103.97116,22.23522],[103.97291,22.23592],[103.97429,22.23684],[103.97514,22.23818],[103.97506,22.23954],[103.97579,22.24175],[103.97642,22.24208],[103.97833,22.24437],[103.97993,22.24478],[103.9809,22.24762],[103.98083,22.24869],[103.982,22.24983],[103.98446,22.25135],[103.98438,22.25215],[103.98582,22.25441],[103.98517,22.25554],[103.98056,22.25707],[103.97997,22.25794],[103.97999,22.25881],[103.98105,22.259],[103.98147,22.26096],[103.98257,22.26287],[103.98442,22.26412],[103.98505,22.26491],[103.98418,22.26705],[103.98465,22.26836],[103.9872,22.269],[103.98769,22.26983],[103.98683,22.27114],[103.98724,22.27227],[103.9873,22.27501],[103.9884,22.27641],[103.98865,22.28067],[103.98941,22.2821],[103.99111,22.2827],[103.99358,22.28238],[103.99543,22.28336],[103.99796,22.28303],[103.99936,22.28339],[103.99933,22.28523],[104.00356,22.28674],[104.0046,22.28792],[104.00556,22.29016],[104.00783,22.2929],[104.00998,22.29439],[104.01077,22.29441],[104.01232,22.2936],[104.01337,22.2935],[104.01489,22.29562],[104.01625,22.29573],[104.01958,22.29343],[104.02087,22.2936],[104.02169,22.2944],[104.02233,22.29633],[104.0221,22.29878],[104.02183,22.29941],[104.02408,22.30138],[104.02465,22.30275],[104.02511,22.30479],[104.02655,22.30588],[104.02843,22.30782],[104.03047,22.30791],[104.03304,22.30979],[104.03559,22.31106],[104.03246,22.31404],[104.03175,22.31662],[104.0294,22.31848],[104.02949,22.31939],[104.02813,22.32204],[104.02861,22.32429],[104.02789,22.32563],[104.02761,22.32684],[104.02692,22.32761],[104.02694,22.32916],[104.02611,22.3296],[104.02557,22.33169],[104.02534,22.33382]]]},"properties":{"a01_tinh":"diaphanhanhchinhcaptinh_sn.114","a02_xa":"diaphanhanhchinhcapxa_2025.1103","a03_ten":"Xã Bản Hồ","a04_tentinh":"Tỉnh Lào Cai","a05_truocsn":"Xã Thanh Bình (thị xã Sa Pa), Xã Bản Hồ","a06_trungtamhc":"Thôn Bản Sái, Xã Bản Hồ (Trụ sở xã Bản Hồ cũ)","a07_dt":"166.2","a08_ds":"9351","a09_dthoai":null,"a10_web":null,"ten":"Xã Bản Hồ","ma":"03046","tentinh":"Tỉnh Lào Cai","truocsapnhap":"Xã Thanh Bình (thị xã Sa Pa), Xã Bản Hồ","dientichkm2":null,"dansonguoi":null},"id":"diaphanhanhchinhcapxa_2025.1103"},
{"type":"Feature","geometry":{"type":"Polygon","coordinates":[[[104.11568,22.66484],[104.11447,22.66542],[104.11354,22.66629],[104.11039,22.66468],[104.10853,22.66433],[104.10755,22.66372],[104.10629,22.66236],[104.10512,22.66189],[104.10272,22.66187],[104.10144,22.6638],[104.099,22.66594],[104.09598,22.66746],[104.09493,22.66683],[104.09415,22.66563],[104.09347,22.66566],[104.09179,22.66362],[104.09054,22.66274],[104.08847,22.65909],[104.08689,22.65774],[104.08643,22.6561],[104.08588,22.65545],[104.08527,22.65282],[104.08536,22.65199],[104.08612,22.65091],[104.0856,22.64946],[104.08424,22.65034],[104.08282,22.65016],[104.08233,22.65141],[104.08022,22.65263],[104.07796,22.6536],[104.07736,22.65488],[104.07551,22.65478],[104.07434,22.65349],[104.07336,22.65369],[104.07324,22.65472],[104.07154,22.65489],[104.07099,22.65547],[104.06894,22.65479],[104.06831,22.65493],[104.06584,22.65456],[104.06376,22.65501],[104.06264,22.65467],[104.0606,22.65623],[104.05895,22.65598],[104.058,22.6548],[104.05653,22.65414],[104.05501,22.6544],[104.05508,22.65249],[104.05316,22.65149],[104.0518,22.65027],[104.05244,22.64916],[104.05179,22.64715],[104.05294,22.64603],[104.05122,22.64379],[104.05077,22.64264],[104.04983,22.64195],[104.04804,22.64171],[104.04686,22.64012],[104.04135,22.63998],[104.04053,22.63929],[104.03973,22.63928],[104.03791,22.63827],[104.0366,22.63936],[104.03513,22.63955],[104.03346,22.64061],[104.03295,22.64194],[104.03096,22.64296],[104.03106,22.64218],[104.02976,22.6411],[104.02957,22.6404],[104.02835,22.63888],[104.02829,22.6375],[104.02762,22.63607],[104.02777,22.63438],[104.02825,22.63355],[104.02983,22.63282],[104.02987,22.62985],[104.02912,22.62732],[104.02958,22.62589],[104.02521,22.62302],[104.02457,22.62045],[104.02517,22.61913],[104.02496,22.61667],[104.02588,22.61654],[104.02649,22.61534],[104.02526,22.61507],[104.02495,22.61229],[104.02389,22.61076],[104.02391,22.60946],[104.02296,22.60838],[104.02285,22.60727],[104.02099,22.60681],[104.02042,22.60452],[104.02077,22.6032],[104.0205,22.59957],[104.01981,22.59811],[104.01983,22.59648],[104.01924,22.59525],[104.01714,22.59517],[104.01578,22.59467],[104.01542,22.59357],[104.01442,22.59308],[104.01397,22.5888],[104.01293,22.58818],[104.01345,22.58701],[104.01472,22.5867],[104.01428,22.58497],[104.01323,22.58314],[104.01357,22.5825],[104.01353,22.58019],[104.01402,22.57894],[104.0128,22.57833],[104.01073,22.57938],[104.00985,22.57937],[104.00828,22.57737],[104.006,22.57692],[104.00517,22.5756],[104.00718,22.57499],[104.00859,22.572],[104.01021,22.5722],[104.01242,22.57106],[104.01357,22.56931],[104.01365,22.56872],[104.01492,22.56788],[104.01394,22.56683],[104.01415,22.56617],[104.01609,22.56559],[104.01639,22.56407],[104.01552,22.56363],[104.01359,22.56377],[104.01176,22.56262],[104.01042,22.56343],[104.00985,22.56253],[104.01005,22.56144],[104.01103,22.56079],[104.01207,22.56061],[104.01211,22.55988],[104.0142,22.55858],[104.01632,22.55879],[104.01826,22.55657],[104.02037,22.55675],[104.02214,22.55605],[104.02421,22.55351],[104.02462,22.55209],[104.02535,22.55131],[104.0257,22.55026],[104.02838,22.54944],[104.02872,22.54789],[104.03116,22.5439],[104.03227,22.54316],[104.03362,22.54075],[104.03502,22.54055],[104.03589,22.54007],[104.03718,22.54027],[104.03795,22.5396],[104.0393,22.53954],[104.04063,22.5387],[104.04108,22.53751],[104.04351,22.53623],[104.04533,22.53638],[104.04658,22.53463],[104.0459,22.53362],[104.04648,22.53284],[104.0483,22.53278],[104.04988,22.53162],[104.05125,22.5316],[104.05207,22.53059],[104.05237,22.52785],[104.05351,22.5269],[104.05505,22.52652],[104.05602,22.52674],[104.05694,22.52602],[104.058,22.52608],[104.05934,22.52714],[104.06092,22.52682],[104.06269,22.5276],[104.06371,22.52837],[104.06526,22.52894],[104.06463,22.53102],[104.06576,22.53111],[104.06809,22.53212],[104.06939,22.5315],[104.07182,22.53301],[104.07305,22.53403],[104.07416,22.53428],[104.07458,22.53494],[104.07579,22.53474],[104.07784,22.53578],[104.07868,22.53676],[104.08117,22.5411],[104.08208,22.53898],[104.08217,22.5367],[104.08349,22.53501],[104.0847,22.53469],[104.08529,22.53409],[104.08564,22.53259],[104.08544,22.53069],[104.0859,22.52957],[104.08576,22.52775],[104.08643,22.52585],[104.08944,22.52641],[104.09027,22.52822],[104.0914,22.52883],[104.09252,22.5281],[104.09332,22.52828],[104.09466,22.52944],[104.09549,22.5311],[104.09496,22.53297],[104.09557,22.53592],[104.09486,22.53761],[104.09509,22.54126],[104.09913,22.54159],[104.10121,22.54156],[104.10409,22.54221],[104.10701,22.54216],[104.10858,22.54295],[104.11068,22.54276],[104.11072,22.54527],[104.11207,22.54721],[104.11327,22.54708],[104.11399,22.54745],[104.11678,22.54819],[104.11669,22.54936],[104.11775,22.55055],[104.11784,22.55342],[104.11828,22.55484],[104.11759,22.55647],[104.11753,22.55769],[104.11825,22.56002],[104.11896,22.56106],[104.11781,22.56238],[104.1182,22.56418],[104.11845,22.5671],[104.12002,22.57041],[104.11882,22.57642],[104.11784,22.57839],[104.11653,22.58236],[104.11497,22.58359],[104.11141,22.58364],[104.11016,22.58397],[104.10617,22.58578],[104.10452,22.58995],[104.10398,22.59323],[104.10509,22.5971],[104.10279,22.5988],[104.10459,22.60142],[104.10522,22.60017],[104.10608,22.60143],[104.10856,22.60679],[104.10924,22.61253],[104.1124,22.61505],[104.11356,22.61938],[104.11215,22.61964],[104.11134,22.62084],[104.11025,22.6211],[104.11068,22.62301],[104.11226,22.62437],[104.11362,22.62472],[104.11521,22.62559],[104.12044,22.63272],[104.12049,22.63362],[104.11905,22.63884],[104.12392,22.6495],[104.12424,22.65413],[104.12287,22.65648],[104.12181,22.65777],[104.12049,22.65868],[104.11809,22.6593],[104.11693,22.66108],[104.11596,22.66334],[104.11568,22.66484]]]},"properties":{"a01_tinh":"diaphanhanhchinhcaptinh_sn.114","a02_xa":"diaphanhanhchinhcapxa_2025.1061","a03_ten":"Xã Bản Lầu","a04_tentinh":"Tỉnh Lào Cai","a05_truocsn":"Xã Bản Sen, Xã Lùng Vai, Xã Bản Lầu","a06_trungtamhc":"Thôn Bản Sen, xã Bản Lầu mới (Trụ sở xã Bản Sen cũ)","a07_dt":"125.3","a08_ds":"18559","a09_dthoai":null,"a10_web":null,"ten":"Xã Bản Lầu","ma":"02788","tentinh":"Tỉnh Lào Cai","truocsapnhap":"Xã Bản Sen, Xã Lùng Vai, Xã Bản Lầu","dientichkm2":null,"dansonguoi":null},"id":"diaphanhanhchinhcapxa_2025.1061"},
{"type":"Feature","geometry":{"type":"Polygon","coordinates":[[[104.44509,22.50387],[104.44522,22.50542],[104.44651,22.50773],[104.44474,22.50969],[104.44468,22.51082],[104.4451,22.51167],[104.44465,22.51342],[104.44372,22.51474],[104.44206,22.51522],[104.44148,22.51617],[104.44046,22.51681],[104.43942,22.5184],[104.43893,22.51979],[104.43619,22.52032],[104.43533,22.52096],[104.4346,22.52295],[104.43385,22.52296],[104.43186,22.52217],[104.42914,22.52339],[104.42778,22.52353],[104.42403,22.52438],[104.42244,22.52435],[104.42164,22.52481],[104.42135,22.52659],[104.42009,22.5286],[104.41797,22.52833],[104.4167,22.52898],[104.41591,22.52998],[104.41494,22.53046],[104.41462,22.53271],[104.41515,22.53355],[104.41505,22.53512],[104.4155,22.53655],[104.41609,22.5373],[104.41678,22.53933],[104.41924,22.54085],[104.41998,22.5425],[104.41989,22.54332],[104.42124,22.54408],[104.42182,22.54504],[104.42189,22.54622],[104.42332,22.5489],[104.42359,22.55108],[104.42299,22.55278],[104.42294,22.55388],[104.42216,22.55632],[104.42122,22.55709],[104.42124,22.55856],[104.42172,22.56026],[104.42438,22.56378],[104.42426,22.56522],[104.42469,22.56614],[104.42452,22.56751],[104.42493,22.56864],[104.42425,22.57219],[104.42371,22.57134],[104.42268,22.57107],[104.4214,22.57026],[104.42044,22.56871],[104.41885,22.56832],[104.41761,22.56754],[104.41474,22.56479],[104.4114,22.56278],[104.41069,22.56153],[104.41051,22.56052],[104.40891,22.55981],[104.40782,22.55805],[104.40879,22.55655],[104.40911,22.55454],[104.40568,22.55507],[104.4048,22.55504],[104.40389,22.55432],[104.40346,22.55333],[104.4034,22.55205],[104.40289,22.55138],[104.40056,22.55096],[104.39887,22.55096],[104.39737,22.55021],[104.39575,22.55072],[104.39416,22.55055],[104.39415,22.54882],[104.39548,22.54712],[104.39617,22.5447],[104.39601,22.54416],[104.39447,22.54225],[104.39215,22.54287],[104.38796,22.53954],[104.38667,22.53915],[104.38648,22.54129],[104.38567,22.54212],[104.38319,22.54408],[104.38087,22.54203],[104.37984,22.54066],[104.3788,22.54019],[104.37828,22.53915],[104.3756,22.53932],[104.37283,22.53724],[104.37165,22.53693],[104.37093,22.53591],[104.3688,22.5346],[104.36799,22.53281],[104.36848,22.53165],[104.36786,22.52992],[104.3684,22.52928],[104.3678,22.52822],[104.36705,22.52454],[104.36614,22.52373],[104.36465,22.52176],[104.36419,22.51977],[104.36435,22.51845],[104.36492,22.51721],[104.36319,22.5156],[104.36165,22.51513],[104.3574,22.51218],[104.3564,22.51196],[104.35602,22.5111],[104.3552,22.51083],[104.35228,22.511],[104.35128,22.51071],[104.34803,22.51057],[104.3472,22.50923],[104.34636,22.50868],[104.34413,22.50849],[104.34301,22.50719],[104.3407,22.50527],[104.3387,22.50431],[104.33761,22.50348],[104.33882,22.50167],[104.33972,22.50109],[104.3397,22.50011],[104.3405,22.49878],[104.34018,22.49683],[104.34124,22.49615],[104.34029,22.49394],[104.34031,22.49213],[104.34057,22.48992],[104.34185,22.48985],[104.34289,22.48899],[104.34331,22.48707],[104.34269,22.48609],[104.34245,22.48416],[104.34271,22.48349],[104.34269,22.48121],[104.3436,22.47991],[104.34332,22.47862],[104.34473,22.47771],[104.34683,22.47846],[104.34828,22.47692],[104.34951,22.47651],[104.34884,22.47474],[104.35011,22.47312],[104.35101,22.47255],[104.35089,22.47076],[104.34905,22.46969],[104.34774,22.46947],[104.34628,22.46781],[104.34582,22.46513],[104.34348,22.46435],[104.34333,22.46325],[104.34234,22.46223],[104.34268,22.45912],[104.34332,22.45842],[104.3449,22.45751],[104.34528,22.4569],[104.34478,22.45474],[104.34459,22.45298],[104.34352,22.45128],[104.34323,22.45019],[104.34338,22.44883],[104.34227,22.44659],[104.3409,22.44654],[104.33952,22.44598],[104.33741,22.44659],[104.33379,22.44497],[104.33199,22.44505],[104.33042,22.44545],[104.32956,22.44481],[104.32782,22.44444],[104.3273,22.4435],[104.32375,22.44098],[104.32276,22.43814],[104.32181,22.43656],[104.32072,22.43587],[104.32023,22.43497],[104.31924,22.43429],[104.31772,22.43261],[104.31577,22.43261],[104.31448,22.43185],[104.31387,22.43108],[104.31404,22.43027],[104.31639,22.42934],[104.31664,22.42838],[104.31427,22.4259],[104.31349,22.42549],[104.31334,22.42462],[104.31508,22.42367],[104.3167,22.42399],[104.31771,22.42332],[104.31845,22.42213],[104.31888,22.42058],[104.3203,22.41888],[104.32049,22.41791],[104.32229,22.41881],[104.32272,22.41982],[104.32262,22.42319],[104.32454,22.427],[104.32467,22.42787],[104.32632,22.42944],[104.32701,22.43058],[104.32909,22.43182],[104.33156,22.4343],[104.33322,22.43472],[104.33413,22.43417],[104.33674,22.43333],[104.33764,22.43382],[104.33901,22.43548],[104.34025,22.43617],[104.34145,22.43637],[104.34384,22.43589],[104.34508,22.43592],[104.34524,22.4371],[104.34931,22.43982],[104.35034,22.4409],[104.35199,22.44373],[104.35443,22.44645],[104.35663,22.44768],[104.35868,22.44735],[104.36056,22.44674],[104.36383,22.4461],[104.36483,22.44814],[104.36716,22.45007],[104.36695,22.45205],[104.36854,22.45382],[104.36969,22.45434],[104.37041,22.45516],[104.37176,22.45567],[104.37198,22.45658],[104.37286,22.45672],[104.37409,22.45856],[104.37651,22.45979],[104.37857,22.46246],[104.38051,22.46298],[104.38255,22.46326],[104.3835,22.46387],[104.38729,22.46425],[104.38832,22.46484],[104.39019,22.46592],[104.39054,22.46707],[104.39143,22.46768],[104.3921,22.46984],[104.39174,22.47136],[104.39555,22.47195],[104.39756,22.47307],[104.40129,22.47355],[104.40199,22.47422],[104.40512,22.47379],[104.40823,22.47475],[104.40962,22.47574],[104.41128,22.47623],[104.41099,22.47785],[104.41283,22.47879],[104.41474,22.48105],[104.41462,22.48175],[104.41316,22.48417],[104.4131,22.48638],[104.41251,22.48765],[104.41492,22.48866],[104.41604,22.48952],[104.41833,22.49054],[104.42005,22.49193],[104.42222,22.49268],[104.4247,22.49267],[104.42563,22.49331],[104.4269,22.49582],[104.42753,22.49619],[104.42761,22.49805],[104.43071,22.4981],[104.43234,22.49734],[104.43358,22.49822],[104.43409,22.49933],[104.43508,22.50017],[104.4372,22.50083],[104.43834,22.50062],[104.43918,22.50113],[104.44069,22.50127],[104.44162,22.50191],[104.44284,22.50219],[104.44367,22.50315],[104.44509,22.50387]]]},"properties":{"a01_tinh":"diaphanhanhchinhcaptinh_sn.114","a02_xa":"diaphanhanhchinhcapxa_2025.1067","a03_ten":"Xã Bản Liền","a04_tentinh":"Tỉnh Lào Cai","a05_truocsn":"Xã Nậm Khánh, Xã Bản Liền","a06_trungtamhc":"Thôn Đội 2, xã Bản Liền (Trụ sở xã Bản Liền cũ)","a07_dt":"76.7","a08_ds":"4221","a09_dthoai":null,"a10_web":null,"ten":"Xã Bản Liền","ma":"02869","tentinh":"Tỉnh Lào Cai","truocsapnhap":"Xã Nậm Khánh, Xã Bản Liền","dientichkm2":null,"dansonguoi":null},"id":"diaphanhanhchinhcapxa_2025.1067"},
{"type":"Feature","geometry":{"type":"Polygon","coordinates":[[[103.78713,22.49299],[103.78619,22.49453],[103.78829,22.49616],[103.78966,22.49678],[103.79091,22.49697],[103.79221,22.49768],[103.79662,22.4982],[103.79913,22.49944],[103.79969,22.5],[103.80221,22.49993],[103.80392,22.50043],[103.80836,22.50124],[103.81219,22.50241],[103.81494,22.50255],[103.81656,22.50353],[103.81656,22.50514],[103.81577,22.50734],[103.81452,22.50839],[103.81194,22.51004],[103.81103,22.51119],[103.80947,22.51265],[103.80973,22.51357],[103.80731,22.51466],[103.80693,22.5172],[103.80781,22.51933],[103.80862,22.52217],[103.80916,22.52308],[103.81025,22.5264],[103.81243,22.53056],[103.813,22.53133],[103.81327,22.53305],[103.81428,22.5352],[103.81543,22.53567],[103.81698,22.53731],[103.81907,22.54146],[103.82049,22.54301],[103.82226,22.54533],[103.8226,22.547],[103.82483,22.54988],[103.82518,22.55098],[103.82617,22.55231],[103.82623,22.55301],[103.8246,22.55525],[103.82495,22.55668],[103.82865,22.55889],[103.82711,22.56049],[103.8262,22.56239],[103.82658,22.56494],[103.82467,22.56621],[103.82231,22.56748],[103.8191,22.56891],[103.81861,22.57369],[103.81649,22.57311],[103.81505,22.57349],[103.81244,22.5727],[103.81012,22.57322],[103.809,22.57163],[103.80825,22.57238],[103.80697,22.57196],[103.80568,22.57278],[103.80503,22.57196],[103.80554,22.57058],[103.80522,22.56899],[103.80215,22.56933],[103.80123,22.57072],[103.79956,22.57166],[103.7984,22.57296],[103.7969,22.57365],[103.79462,22.57373],[103.79191,22.57451],[103.79093,22.57401],[103.78922,22.57375],[103.78849,22.57286],[103.78846,22.57161],[103.78693,22.56958],[103.78622,22.5693],[103.78454,22.56952],[103.78263,22.56786],[103.78096,22.56576],[103.77846,22.56301],[103.77714,22.56196],[103.77558,22.56109],[103.77371,22.55953],[103.77241,22.55769],[103.77085,22.55644],[103.76851,22.55604],[103.76725,22.55508],[103.76476,22.55927],[103.76454,22.55997],[103.76255,22.56236],[103.76201,22.56373],[103.76039,22.56613],[103.75807,22.5691],[103.75684,22.56859],[103.75463,22.56684],[103.75408,22.56589],[103.75147,22.5643],[103.75004,22.56286],[103.74915,22.56245],[103.74697,22.56122],[103.74488,22.55814],[103.7448,22.5567],[103.74334,22.55406],[103.74337,22.55146],[103.74267,22.54865],[103.7421,22.54739],[103.74235,22.54542],[103.74362,22.54269],[103.74261,22.54114],[103.742,22.54097],[103.73868,22.54197],[103.738,22.54302],[103.73783,22.54402],[103.73703,22.54429],[103.73574,22.54319],[103.73423,22.54279],[103.7317,22.54045],[103.73053,22.53958],[103.73087,22.53815],[103.72974,22.53635],[103.72924,22.53478],[103.72818,22.53312],[103.72818,22.53195],[103.72709,22.53104],[103.72703,22.5289],[103.72858,22.52676],[103.72761,22.52505],[103.72631,22.52183],[103.72636,22.51973],[103.72683,22.51626],[103.72774,22.51428],[103.7273,22.51348],[103.72719,22.51088],[103.72602,22.50847],[103.72643,22.50721],[103.72723,22.50605],[103.7271,22.50458],[103.72618,22.5031],[103.72601,22.50124],[103.72567,22.50054],[103.7269,22.49936],[103.72789,22.49801],[103.72833,22.49646],[103.73017,22.49423],[103.73081,22.49297],[103.73285,22.49001],[103.73535,22.48692],[103.73646,22.48619],[103.7366,22.48521],[103.73548,22.48297],[103.73637,22.48146],[103.73667,22.47981],[103.7379,22.47897],[103.73882,22.47775],[103.7411,22.47647],[103.74139,22.4746],[103.74264,22.47437],[103.74444,22.47185],[103.74512,22.47275],[103.74584,22.47458],[103.74593,22.47587],[103.74882,22.47727],[103.75066,22.47583],[103.7532,22.47837],[103.75561,22.4794],[103.75899,22.47969],[103.76034,22.47929],[103.76153,22.47958],[103.76304,22.47836],[103.76355,22.47734],[103.7637,22.47584],[103.76474,22.47384],[103.76635,22.46879],[103.76718,22.46925],[103.77036,22.46795],[103.77174,22.4669],[103.77403,22.4611],[103.77488,22.46062],[103.77608,22.45808],[103.77729,22.45903],[103.77742,22.45997],[103.77838,22.46056],[103.7801,22.4609],[103.78026,22.46214],[103.78005,22.46409],[103.77937,22.46525],[103.77719,22.46722],[103.77703,22.46822],[103.77618,22.46965],[103.77643,22.47158],[103.77602,22.47168],[103.77649,22.47361],[103.7753,22.47433],[103.77481,22.47542],[103.77666,22.47619],[103.77843,22.47803],[103.77848,22.47888],[103.77974,22.48098],[103.77918,22.48212],[103.77898,22.48386],[103.77954,22.48477],[103.7794,22.48622],[103.77977,22.48711],[103.77957,22.48838],[103.78017,22.48994],[103.78006,22.4921],[103.7818,22.49291],[103.78365,22.49302],[103.78512,22.49349],[103.78713,22.49299]]]},"properties":{"a01_tinh":"diaphanhanhchinhcaptinh_sn.114","a02_xa":"diaphanhanhchinhcapxa_2025.1096","a03_ten":"Xã Bản Xèo","a04_tentinh":"Tỉnh Lào Cai","a05_truocsn":"Xã Pa Cheo, Xã Mường Vi, Xã Bản Xèo","a06_trungtamhc":"Thôn Bản Xèo, xã Bản Xèo (Trụ sở xã Bản Xèo cũ)","a07_dt":"78.3","a08_ds":"856","a09_dthoai":null,"a10_web":null,"ten":"Xã Bản Xèo","ma":"02725","tentinh":"Tỉnh Lào Cai","truocsapnhap":"Xã Pa Cheo, Xã Mường Vi, Xã Bản Xèo","dientichkm2":null,"dansonguoi":null},"id":"diaphanhanhchinhcapxa_2025.1096"},
{"type":"Feature","geometry":{"type":"Polygon","coordinates":[[[104.74356,21.93446],[104.74795,21.93041],[104.74794,21.92843],[104.74704,21.9271],[104.74586,21.92418],[104.74599,21.92344],[104.74748,21.92181],[104.74844,21.92134],[104.75014,21.92177],[104.7517,21.92151],[104.75274,21.921],[104.74992,21.91859],[104.74881,21.91686],[104.74947,21.91614],[104.74928,21.91502],[104.75189,21.91443],[104.75414,21.91493],[104.75745,21.91394],[104.75819,21.91304],[104.75956,21.91227],[104.76082,21.91214],[104.76223,21.91117],[104.76385,21.91132],[104.76516,21.91271],[104.76728,21.91346],[104.76881,21.91271],[104.77022,21.91119],[104.77088,21.91012],[104.77407,21.90929],[104.77649,21.90731],[104.77828,21.90642],[104.77939,21.9052],[104.78261,21.90367],[104.78369,21.90093],[104.78527,21.89792],[104.78644,21.89639],[104.78683,21.89532],[104.78587,21.89461],[104.78535,21.89345],[104.78598,21.89248],[104.78525,21.89131],[104.78525,21.89022],[104.78579,21.8891],[104.78589,21.88794],[104.78782,21.88641],[104.79018,21.88548],[104.79073,21.88415],[104.79165,21.88315],[104.79166,21.88046],[104.79242,21.87867],[104.79248,21.87769],[104.79416,21.87742],[104.79564,21.87655],[104.79784,21.87729],[104.79914,21.87645],[104.80238,21.8755],[104.80416,21.8748],[104.80599,21.87211],[104.80805,21.87088],[104.80958,21.86962],[104.81169,21.86743],[104.8126,21.86718],[104.81445,21.86473],[104.81601,21.8633],[104.81884,21.86231],[104.81999,21.86072],[104.82181,21.85963],[104.82283,21.85799],[104.82516,21.85688],[104.8262,21.85605],[104.82701,21.85434],[104.82764,21.85374],[104.8275,21.85274],[104.82855,21.85014],[104.82836,21.84915],[104.82926,21.84626],[104.82917,21.84407],[104.82962,21.8425],[104.83115,21.84088],[104.83162,21.83931],[104.83136,21.83832],[104.83154,21.83653],[104.8325,21.83479],[104.83242,21.83247],[104.83185,21.83114],[104.83325,21.83019],[104.83392,21.82814],[104.83579,21.82893],[104.83799,21.82837],[104.83899,21.82776],[104.84032,21.82762],[104.84249,21.82634],[104.8435,21.82612],[104.84473,21.82646],[104.84625,21.82732],[104.84865,21.82739],[104.85078,21.82678],[104.85163,21.82973],[104.85171,21.83063],[104.85102,21.83337],[104.85183,21.83424],[104.85165,21.83497],[104.85273,21.83563],[104.85196,21.83747],[104.8521,21.83847],[104.85331,21.83941],[104.85243,21.84142],[104.8546,21.84405],[104.85787,21.84485],[104.85838,21.84549],[104.86084,21.84648],[104.86241,21.84655],[104.86346,21.84711],[104.86439,21.84702],[104.86799,21.84801],[104.86897,21.84795],[104.87165,21.84661],[104.8723,21.84575],[104.87407,21.84687],[104.87455,21.84764],[104.87751,21.84889],[104.87849,21.84963],[104.87913,21.85112],[104.87842,21.8522],[104.87839,21.85299],[104.87717,21.85472],[104.8764,21.85482],[104.87586,21.85583],[104.8733,21.85623],[104.87144,21.85773],[104.87112,21.85856],[104.87181,21.86011],[104.87172,21.86155],[104.8725,21.86248],[104.87362,21.8629],[104.87424,21.86441],[104.87562,21.86677],[104.87583,21.86755],[104.87778,21.86973],[104.87787,21.8721],[104.87718,21.87301],[104.87715,21.87384],[104.87838,21.87376],[104.88218,21.87159],[104.8808,21.86948],[104.88135,21.86863],[104.88461,21.86708],[104.88445,21.86584],[104.88511,21.8651],[104.88583,21.86341],[104.88632,21.86157],[104.8865,21.85983],[104.88887,21.85789],[104.88951,21.85571],[104.89162,21.85313],[104.89342,21.85184],[104.89437,21.85083],[104.89546,21.84831],[104.89639,21.84734],[104.89727,21.84714],[104.89781,21.84636],[104.8993,21.84619],[104.90034,21.84489],[104.9025,21.84514],[104.90345,21.84503],[104.90549,21.84406],[104.90672,21.84409],[104.90911,21.84118],[104.91115,21.83961],[104.91275,21.83768],[104.91758,21.83464],[104.91846,21.83544],[104.91831,21.8373],[104.91924,21.83819],[104.92293,21.83446],[104.92437,21.83264],[104.92633,21.83059],[104.92691,21.83061],[104.92948,21.83243],[104.92971,21.83465],[104.93041,21.83596],[104.93162,21.83718],[104.93278,21.83778],[104.93359,21.83882],[104.93486,21.84162],[104.94064,21.84603],[104.94937,21.84416],[104.95541,21.85124],[104.936,21.86945],[104.92406,21.89571],[104.91988,21.90441],[104.91779,21.90689],[104.90662,21.91726],[104.89751,21.91839],[104.88239,21.92943],[104.87138,21.92207],[104.85952,21.9276],[104.86362,21.94159],[104.84804,21.95002],[104.84323,21.94181],[104.8441,21.93317],[104.83728,21.93245],[104.83152,21.93511],[104.83283,21.94243],[104.82169,21.96149],[104.80966,21.95717],[104.80777,21.95852],[104.80296,21.96456],[104.79927,21.96746],[104.7983,21.966],[104.79714,21.96491],[104.79478,21.96415],[104.79411,21.96339],[104.79321,21.96464],[104.79189,21.96497],[104.79111,21.96419],[104.78877,21.96265],[104.78772,21.96415],[104.78711,21.96411],[104.78617,21.96299],[104.78365,21.96186],[104.77879,21.96012],[104.77683,21.95851],[104.77547,21.95822],[104.77461,21.95689],[104.7727,21.95622],[104.77139,21.95629],[104.77124,21.95626],[104.76981,21.95604],[104.76875,21.95486],[104.76801,21.95478],[104.76582,21.95682],[104.765,21.95683],[104.76262,21.95624],[104.75992,21.95512],[104.75845,21.95394],[104.75716,21.95388],[104.75567,21.95236],[104.75479,21.95062],[104.75143,21.94858],[104.7494,21.94843],[104.74891,21.94747],[104.7502,21.94509],[104.75,21.9431],[104.7508,21.94084],[104.7506,21.94],[104.74958,21.93919],[104.74572,21.93732],[104.74502,21.93664],[104.74486,21.93562],[104.74384,21.93458],[104.74356,21.93446]]]},"properties":{"a01_tinh":"diaphanhanhchinhcaptinh_sn.114","a02_xa":"diaphanhanhchinhcapxa_2025.1053","a03_ten":"Xã Bảo Ái","a04_tentinh":"Tỉnh Lào Cai","a05_truocsn":"Xã Cảm Ân, Xã Mông Sơn, Xã Tân Nguyên, Xã Bảo Ái","a06_trungtamhc":"đang cập nhật","a07_dt":"163.41","a08_ds":"24303","a09_dthoai":null,"a10_web":null,"ten":"Xã Bảo Ái","ma":"04750","tentinh":"Tỉnh Lào Cai","truocsapnhap":"Xã Cảm Ân, Xã Mông Sơn, Xã Tân Nguyên, Xã Bảo Ái","dientichkm2":null,"dansonguoi":null},"id":"diaphanhanhchinhcapxa_2025.1053"},
{"type":"Feature","geometry":{"type":"Polygon","coordinates":[[[104.21575,22.2601],[104.2169,22.26],[104.21772,22.25868],[104.21744,22.2543],[104.21664,22.25357],[104.21379,22.25202],[104.21292,22.25128],[104.21206,22.24999],[104.21174,22.24968],[104.21434,22.24837],[104.21505,22.24774],[104.21921,22.24324],[104.2205,22.24327],[104.22174,22.24376],[104.22332,22.24518],[104.22556,22.24976],[104.22687,22.25207],[104.22777,22.25265],[104.23066,22.25248],[104.23196,22.25285],[104.23284,22.25234],[104.23291,22.25211],[104.2338,22.2509],[104.23391,22.24977],[104.23534,22.24742],[104.23555,22.24585],[104.23674,22.24418],[104.23837,22.24413],[104.23829,22.24304],[104.24012,22.24111],[104.24104,22.23938],[104.24243,22.23861],[104.24266,22.23776],[104.2437,22.2375],[104.24463,22.23644],[104.24628,22.2361],[104.24695,22.2355],[104.24904,22.23526],[104.25007,22.23542],[104.25142,22.23369],[104.25243,22.23294],[104.25445,22.2307],[104.25489,22.22971],[104.25453,22.22862],[104.25725,22.2243],[104.25684,22.22275],[104.25729,22.22195],[104.25675,22.22128],[104.25622,22.21945],[104.25501,22.21781],[104.25367,22.21724],[104.25293,22.21602],[104.25393,22.21539],[104.25533,22.21509],[104.25567,22.21433],[104.25695,22.21312],[104.25763,22.21163],[104.25885,22.21069],[104.26037,22.21027],[104.26232,22.20752],[104.26358,22.20725],[104.26385,22.20593],[104.26534,22.20429],[104.26647,22.20455],[104.26878,22.20217],[104.26915,22.20099],[104.27034,22.19955],[104.27031,22.19837],[104.27181,22.1972],[104.27211,22.19624],[104.27213,22.19432],[104.27394,22.19344],[104.27501,22.1919],[104.27516,22.19093],[104.27625,22.19036],[104.2764,22.18963],[104.27807,22.18724],[104.27981,22.18569],[104.28148,22.18558],[104.28209,22.18418],[104.28218,22.18307],[104.28147,22.18119],[104.28341,22.18015],[104.28422,22.17905],[104.28546,22.17843],[104.28561,22.17762],[104.28883,22.17676],[104.28943,22.17642],[104.29018,22.17208],[104.29076,22.17109],[104.28996,22.16958],[104.29037,22.1674],[104.29091,22.1672],[104.29228,22.16565],[104.29272,22.16415],[104.29235,22.16327],[104.29403,22.16149],[104.29603,22.15988],[104.29596,22.15892],[104.29661,22.15849],[104.29792,22.15637],[104.29849,22.15623],[104.3,22.15472],[104.30133,22.154],[104.30164,22.15303],[104.30271,22.153],[104.30474,22.15247],[104.30596,22.15191],[104.30711,22.15221],[104.30745,22.15096],[104.30813,22.15043],[104.30845,22.14924],[104.30971,22.14883],[104.31091,22.14674],[104.31271,22.14628],[104.31495,22.14392],[104.31571,22.14272],[104.31821,22.14037],[104.31816,22.13951],[104.31923,22.13787],[104.32025,22.13428],[104.32101,22.13356],[104.32111,22.13178],[104.32153,22.13084],[104.32104,22.12984],[104.32099,22.12807],[104.32322,22.12788],[104.32436,22.12736],[104.32482,22.12666],[104.32479,22.12539],[104.32531,22.12483],[104.32523,22.12358],[104.32554,22.1221],[104.32688,22.12174],[104.32727,22.12021],[104.32816,22.11972],[104.32893,22.11767],[104.32999,22.11741],[104.33156,22.11636],[104.3334,22.11709],[104.33481,22.11724],[104.33536,22.11645],[104.33745,22.11582],[104.33795,22.11443],[104.33924,22.11256],[104.34005,22.10959],[104.34132,22.1092],[104.34215,22.10944],[104.34341,22.10921],[104.34448,22.10825],[104.34665,22.10835],[104.34776,22.10916],[104.34908,22.10912],[104.35225,22.10947],[104.35383,22.10673],[104.35627,22.10686],[104.35737,22.10532],[104.35767,22.10442],[104.36005,22.10309],[104.36034,22.10135],[104.36047,22.09778],[104.36118,22.09473],[104.36286,22.09421],[104.36446,22.09317],[104.36479,22.09148],[104.36561,22.09115],[104.36603,22.09013],[104.36844,22.08935],[104.37288,22.08584],[104.37505,22.08458],[104.37611,22.08461],[104.3773,22.08354],[104.37868,22.08406],[104.37907,22.08474],[104.37911,22.08766],[104.37887,22.0889],[104.37957,22.08925],[104.37973,22.09115],[104.38051,22.09202],[104.38278,22.09281],[104.38424,22.09302],[104.38512,22.09403],[104.38721,22.09352],[104.39013,22.09519],[104.38985,22.0967],[104.39027,22.09977],[104.39,22.10184],[104.39028,22.10315],[104.39167,22.10367],[104.39226,22.10548],[104.39286,22.10627],[104.39399,22.10687],[104.39562,22.10858],[104.39577,22.10956],[104.39665,22.11124],[104.39613,22.11304],[104.39634,22.11368],[104.39751,22.11453],[104.39918,22.11459],[104.40081,22.11591],[104.40091,22.11757],[104.4025,22.11768],[104.40554,22.11909],[104.40394,22.12325],[104.40414,22.12582],[104.40373,22.12789],[104.40282,22.12981],[104.40114,22.13217],[104.3973,22.13676],[104.39609,22.13794],[104.39374,22.13976],[104.39476,22.14281],[104.39704,22.14368],[104.39849,22.14495],[104.39967,22.14654],[104.4012,22.14763],[104.40134,22.14839],[104.40261,22.14963],[104.40192,22.15039],[104.40044,22.15127],[104.39945,22.15314],[104.39968,22.15685],[104.39807,22.15762],[104.39615,22.15993],[104.39335,22.16084],[104.39273,22.16256],[104.39228,22.16251],[104.39264,22.16025],[104.39163,22.1601],[104.39132,22.16349],[104.38995,22.16601],[104.3891,22.17006],[104.3881,22.17133],[104.38729,22.17322],[104.3851,22.17408],[104.3844,22.17477],[104.38432,22.17582],[104.38555,22.17634],[104.38775,22.17603],[104.38858,22.17683],[104.38963,22.17715],[104.3914,22.17634],[104.39681,22.17746],[104.39763,22.17862],[104.39755,22.17986],[104.39849,22.18083],[104.39923,22.18238],[104.3991,22.18332],[104.39981,22.18449],[104.40697,22.18714],[104.40553,22.18762],[104.4046,22.19029],[104.40468,22.19159],[104.40647,22.19254],[104.40822,22.19275],[104.41129,22.19384],[104.41196,22.19455],[104.41262,22.19718],[104.41365,22.19829],[104.41407,22.19948],[104.41543,22.20019],[104.41713,22.20013],[104.41878,22.20134],[104.41978,22.20326],[104.41908,22.20582],[104.41831,22.20717],[104.41676,22.20875],[104.41568,22.20947],[104.41517,22.21041],[104.4155,22.21241],[104.41483,22.21502],[104.41529,22.21624],[104.41463,22.21685],[104.41457,22.21788],[104.41145,22.219],[104.41056,22.22003],[104.40998,22.22131],[104.40983,22.22304],[104.40926,22.22388],[104.4078,22.22459],[104.40577,22.22375],[104.40293,22.22392],[104.40005,22.22511],[104.39634,22.22714],[104.39565,22.22714],[104.39461,22.22815],[104.39183,22.22843],[104.3897,22.2273],[104.3893,22.22656],[104.38803,22.22603],[104.38717,22.2266],[104.38591,22.22665],[104.38487,22.22609],[104.3838,22.22616],[104.38176,22.22722],[104.37998,22.22855],[104.37831,22.22931],[104.37696,22.23115],[104.37569,22.23335],[104.37398,22.23509],[104.37209,22.23665],[104.37045,22.23728],[104.36948,22.23846],[104.36727,22.24034],[104.36651,22.24029],[104.365,22.24101],[104.36447,22.24187],[104.36397,22.24392],[104.3631,22.24491],[104.36138,22.24629],[104.36089,22.24758],[104.36087,22.24904],[104.36178,22.25038],[104.36097,22.25194],[104.36167,22.25265],[104.36159,22.25473],[104.36209,22.25604],[104.36049,22.25934],[104.36088,22.26241],[104.36144,22.26373],[104.35977,22.26636],[104.35819,22.26609],[104.35623,22.2674],[104.35337,22.26785],[104.35144,22.27005],[104.34979,22.27024],[104.34865,22.27074],[104.347,22.27193],[104.34438,22.2713],[104.34326,22.2719],[104.3423,22.27116],[104.33925,22.27016],[104.3368,22.27168],[104.33498,22.27319],[104.33247,22.27411],[104.33143,22.27517],[104.33038,22.27503],[104.32893,22.2762],[104.32662,22.27683],[104.32521,22.27754],[104.32303,22.27941],[104.32037,22.2807],[104.32003,22.2815],[104.31893,22.28216],[104.31772,22.28358],[104.31857,22.28483],[104.31717,22.28698],[104.31498,22.28847],[104.3137,22.28995],[104.30942,22.2933],[104.30812,22.29481],[104.30722,22.29645],[104.3049,22.29866],[104.30245,22.29794],[104.30076,22.29783],[104.2992,22.29883],[104.29825,22.29977],[104.29729,22.30012],[104.29588,22.30145],[104.29442,22.30182],[104.29237,22.30074],[104.29123,22.30043],[104.28592,22.29971],[104.28518,22.30036],[104.28396,22.30072],[104.28265,22.30044],[104.28167,22.29958],[104.28298,22.2978],[104.28141,22.29744],[104.28101,22.29681],[104.27809,22.2971],[104.27694,22.29605],[104.2736,22.29436],[104.27208,22.29433],[104.27087,22.29382],[104.26981,22.29264],[104.26864,22.29276],[104.26712,22.29399],[104.26589,22.29213],[104.26469,22.29128],[104.26451,22.29056],[104.26299,22.28803],[104.2657,22.28549],[104.26741,22.28501],[104.2677,22.28427],[104.26552,22.28324],[104.26421,22.28217],[104.26219,22.2817],[104.25873,22.28355],[104.25823,22.28308],[104.25599,22.28307],[104.25624,22.28109],[104.2572,22.28007],[104.25822,22.27838],[104.25803,22.27683],[104.25741,22.2767],[104.25645,22.27564],[104.25542,22.27607],[104.25425,22.27486],[104.25267,22.27618],[104.2519,22.27717],[104.25082,22.27711],[104.24998,22.27587],[104.24871,22.27644],[104.24361,22.27819],[104.23878,22.28093],[104.23594,22.28219],[104.23264,22.28285],[104.22977,22.28313],[104.2288,22.28291],[104.22676,22.28116],[104.22575,22.28058],[104.22432,22.28036],[104.22359,22.27879],[104.22194,22.27834],[104.22068,22.27836],[104.21044,22.28043],[104.20936,22.28044],[104.20878,22.27984],[104.20861,22.27798],[104.20905,22.27606],[104.21014,22.27291],[104.20997,22.26993],[104.21052,22.26844],[104.21153,22.26678],[104.21353,22.26443],[104.21364,22.26348],[104.21506,22.26072],[104.21575,22.2601]]]},"properties":{"a01_tinh":"diaphanhanhchinhcaptinh_sn.114","a02_xa":"diaphanhanhchinhcapxa_2025.1079","a03_ten":"Xã Bảo Hà","a04_tentinh":"Tỉnh Lào Cai","a05_truocsn":"Xã Kim Sơn, Xã Cam Cọn, Xã Tân An, Xã Tân Thượng, Xã Bảo Hà","a06_trungtamhc":"Bản Lâm Sản, xã Bảo Hà (Trụ sở xã Bảo Hà cũ)","a07_dt":"243","a08_ds":"34115","a09_dthoai":null,"a10_web":null,"ten":"Xã Bảo Hà","ma":"02989","tentinh":"Tỉnh Lào Cai","truocsapnhap":"Xã Kim Sơn, Xã Cam Cọn, Xã Tân An, Xã Tân Thượng, Xã Bảo Hà","dientichkm2":null,"dansonguoi":null},"id":"diaphanhanhchinhcapxa_2025.1079"},
{"type":"Feature","geometry":{"type":"Polygon","coordinates":[[[104.34031,22.49213],[104.33967,22.49252],[104.33765,22.49254],[104.33734,22.4932],[104.33388,22.49383],[104.33307,22.4935],[104.32998,22.4942],[104.32735,22.49431],[104.3272,22.49372],[104.32592,22.49357],[104.32373,22.49253],[104.32255,22.49274],[104.32129,22.49158],[104.31834,22.49212],[104.31776,22.49302],[104.31623,22.49323],[104.31335,22.49321],[104.31001,22.49434],[104.3091,22.49415],[104.30613,22.49443],[104.30497,22.49534],[104.30237,22.49412],[104.30165,22.49421],[104.30006,22.49346],[104.30079,22.49017],[104.29995,22.48842],[104.30173,22.48714],[104.30243,22.48535],[104.30212,22.48374],[104.30289,22.48253],[104.30251,22.48126],[104.30262,22.47951],[104.30231,22.47731],[104.30173,22.47633],[104.30161,22.47435],[104.30108,22.4735],[104.30149,22.47189],[104.30038,22.46943],[104.30057,22.46903],[104.29978,22.46734],[104.30039,22.4667],[104.30163,22.46408],[104.30244,22.46156],[104.30114,22.46014],[104.29944,22.46026],[104.29741,22.46006],[104.29623,22.45881],[104.2943,22.45788],[104.29187,22.45735],[104.29047,22.45614],[104.28782,22.45586],[104.28713,22.4552],[104.28516,22.45509],[104.28289,22.45428],[104.28,22.45294],[104.27854,22.45302],[104.27649,22.45233],[104.27541,22.45075],[104.27347,22.45147],[104.27342,22.45226],[104.27179,22.45366],[104.27174,22.45411],[104.27002,22.45531],[104.26787,22.45288],[104.26697,22.45395],[104.26729,22.45528],[104.26601,22.45716],[104.26615,22.4579],[104.26449,22.45915],[104.26424,22.4558],[104.26338,22.45533],[104.26155,22.45509],[104.26126,22.45561],[104.25956,22.45587],[104.25851,22.45543],[104.25757,22.45626],[104.25788,22.45724],[104.25769,22.45856],[104.25656,22.45875],[104.25685,22.46074],[104.258,22.46147],[104.25754,22.46231],[104.25788,22.46327],[104.25709,22.4642],[104.25774,22.46549],[104.25944,22.46531],[104.26022,22.46573],[104.25981,22.46805],[104.25925,22.46904],[104.25764,22.4708],[104.25576,22.47245],[104.25422,22.47225],[104.25101,22.47389],[104.24943,22.47527],[104.24862,22.47183],[104.24876,22.47084],[104.2474,22.46965],[104.2462,22.46904],[104.24583,22.46766],[104.24495,22.46607],[104.24499,22.46477],[104.24375,22.46457],[104.24274,22.46516],[104.24216,22.46619],[104.24282,22.46668],[104.24279,22.46802],[104.24147,22.46908],[104.24108,22.47018],[104.23891,22.4715],[104.23538,22.47295],[104.23462,22.47231],[104.23338,22.47198],[104.23205,22.47096],[104.23166,22.47013],[104.23065,22.46954],[104.23021,22.46853],[104.2304,22.46772],[104.22881,22.46731],[104.22779,22.46758],[104.22702,22.46842],[104.2248,22.46879],[104.2243,22.46926],[104.2241,22.47064],[104.22315,22.47293],[104.22312,22.47392],[104.22114,22.47349],[104.22013,22.47365],[104.21948,22.47435],[104.22004,22.47523],[104.22037,22.47725],[104.21963,22.47848],[104.21941,22.4803],[104.21973,22.4827],[104.22092,22.48392],[104.22179,22.48877],[104.22271,22.48967],[104.22329,22.49166],[104.22499,22.49378],[104.22705,22.49473],[104.22876,22.49517],[104.22938,22.49725],[104.22952,22.49849],[104.23079,22.50099],[104.23147,22.50177],[104.23328,22.50302],[104.2345,22.5033],[104.23516,22.50432],[104.23536,22.50536],[104.23642,22.50615],[104.23915,22.50697],[104.241,22.50901],[104.24181,22.50954],[104.24249,22.51138],[104.24405,22.51289],[104.24752,22.51407],[104.25186,22.51483],[104.25395,22.51447],[104.25484,22.51378],[104.25648,22.51348],[104.25701,22.51307],[104.25746,22.51168],[104.25827,22.51132],[104.25953,22.51149],[104.26115,22.51343],[104.26306,22.51443],[104.2624,22.51705],[104.26166,22.51769],[104.26103,22.51995],[104.2594,22.52023],[104.25676,22.52103],[104.2545,22.52336],[104.25317,22.5241],[104.25328,22.52657],[104.25119,22.5286],[104.25007,22.52904],[104.24738,22.53057],[104.24559,22.53101],[104.24509,22.53158],[104.24682,22.53269],[104.24665,22.5332],[104.24746,22.536],[104.24336,22.53686],[104.24018,22.53687],[104.23824,22.53769],[104.23838,22.5384],[104.2399,22.53981],[104.2395,22.54081],[104.23683,22.5429],[104.23655,22.54355],[104.23517,22.54434],[104.23029,22.54555],[104.22357,22.54643],[104.22233,22.54545],[104.22237,22.54429],[104.22063,22.54174],[104.22109,22.53982],[104.22005,22.53869],[104.21838,22.5383],[104.21768,22.53931],[104.21646,22.53997],[104.21507,22.54124],[104.21192,22.5411],[104.21091,22.54043],[104.20944,22.54081],[104.20811,22.54044],[104.20648,22.53924],[104.20594,22.53825],[104.20409,22.53809],[104.20194,22.53702],[104.20212,22.53475],[104.20279,22.53264],[104.20078,22.53134],[104.1986,22.53158],[104.19551,22.53107],[104.19464,22.53024],[104.19243,22.52921],[104.1905,22.52795],[104.18852,22.52607],[104.18745,22.52636],[104.18641,22.52762],[104.18455,22.52764],[104.18113,22.52632],[104.17948,22.52667],[104.17721,22.52648],[104.17554,22.5275],[104.17281,22.52773],[104.17226,22.52588],[104.17159,22.52477],[104.17061,22.52164],[104.17056,22.51792],[104.17076,22.51579],[104.17135,22.51473],[104.16824,22.51232],[104.1675,22.51063],[104.16831,22.50814],[104.16827,22.50599],[104.16736,22.50512],[104.16753,22.50327],[104.16696,22.50162],[104.16636,22.49867],[104.16628,22.4969],[104.16578,22.49625],[104.16538,22.49423],[104.1668,22.49373],[104.16856,22.49244],[104.16917,22.4916],[104.16936,22.48911],[104.17001,22.48835],[104.16869,22.48675],[104.16877,22.48526],[104.16973,22.48478],[104.17006,22.48068],[104.17044,22.47969],[104.17048,22.47761],[104.17074,22.47536],[104.16957,22.47257],[104.16981,22.4718],[104.16826,22.46976],[104.16843,22.46864],[104.16901,22.46824],[104.17059,22.46809],[104.17225,22.46737],[104.17301,22.46625],[104.17408,22.46604],[104.17485,22.4651],[104.1766,22.46428],[104.17759,22.46299],[104.17784,22.46144],[104.17749,22.46087],[104.1782,22.4601],[104.17836,22.45795],[104.17912,22.45719],[104.1794,22.4562],[104.1815,22.4546],[104.18212,22.45241],[104.18458,22.45239],[104.18658,22.45257],[104.18806,22.4531],[104.1894,22.45324],[104.18987,22.4541],[104.19127,22.45505],[104.19262,22.45655],[104.1938,22.45534],[104.19516,22.45454],[104.19726,22.45415],[104.19913,22.45354],[104.19962,22.45295],[104.20297,22.45231],[104.20379,22.45099],[104.20354,22.45006],[104.20499,22.44915],[104.20591,22.44934],[104.20815,22.44924],[104.20862,22.4474],[104.20766,22.44468],[104.20834,22.44393],[104.20937,22.44353],[104.21065,22.44231],[104.21212,22.44152],[104.21245,22.43955],[104.21382,22.43856],[104.21453,22.43527],[104.21541,22.4337],[104.21664,22.43375],[104.21673,22.43261],[104.21755,22.43229],[104.21887,22.4309],[104.21882,22.43023],[104.22013,22.42981],[104.22136,22.43003],[104.22388,22.42924],[104.2244,22.42822],[104.2256,22.42747],[104.22565,22.42562],[104.22629,22.42276],[104.22581,22.42093],[104.22567,22.41907],[104.22659,22.41858],[104.22673,22.41748],[104.22634,22.41658],[104.2271,22.41576],[104.22875,22.41547],[104.22886,22.41377],[104.23057,22.41343],[104.23101,22.41177],[104.23041,22.41069],[104.23084,22.40997],[104.23196,22.4093],[104.23199,22.40853],[104.2329,22.40714],[104.23376,22.40422],[104.23364,22.40264],[104.2341,22.40114],[104.23443,22.39835],[104.23612,22.39747],[104.23646,22.39598],[104.23762,22.39572],[104.23858,22.394],[104.23923,22.39349],[104.23777,22.39154],[104.23891,22.39045],[104.24109,22.38897],[104.24158,22.38767],[104.24116,22.3864],[104.24524,22.38517],[104.24626,22.38336],[104.24693,22.38356],[104.24823,22.38227],[104.24927,22.38239],[104.25028,22.38153],[104.25269,22.38173],[104.25633,22.38162],[104.25959,22.38099],[104.26142,22.37942],[104.26156,22.37874],[104.26319,22.37884],[104.26361,22.38011],[104.26286,22.3807],[104.26297,22.382],[104.26466,22.38656],[104.26608,22.38931],[104.26558,22.39112],[104.26549,22.39336],[104.26575,22.39548],[104.26548,22.3964],[104.2653,22.39936],[104.26493,22.40006],[104.26544,22.40345],[104.26536,22.40547],[104.26505,22.40636],[104.26513,22.40916],[104.26715,22.40971],[104.26801,22.40748],[104.26896,22.40639],[104.27007,22.40595],[104.27213,22.40602],[104.27338,22.40582],[104.27392,22.40531],[104.27446,22.40333],[104.27556,22.40253],[104.27682,22.40015],[104.27825,22.39804],[104.27848,22.39601],[104.27993,22.39439],[104.28156,22.39314],[104.28269,22.39167],[104.28608,22.39013],[104.28785,22.38841],[104.28886,22.38705],[104.29009,22.38694],[104.29166,22.38758],[104.29515,22.388],[104.2969,22.38863],[104.29799,22.38943],[104.29979,22.39156],[104.30109,22.39243],[104.30368,22.39242],[104.30549,22.39282],[104.30747,22.39209],[104.30863,22.39113],[104.31044,22.39152],[104.30998,22.39382],[104.30892,22.3958],[104.30719,22.39695],[104.30698,22.3979],[104.30853,22.39891],[104.31022,22.3992],[104.31137,22.39896],[104.31203,22.39996],[104.31195,22.40184],[104.31332,22.40214],[104.31392,22.40269],[104.31414,22.40402],[104.31378,22.40604],[104.31265,22.40696],[104.3122,22.40911],[104.31264,22.40994],[104.31541,22.40953],[104.31634,22.41015],[104.31757,22.41176],[104.31765,22.41253],[104.31701,22.41398],[104.31796,22.41484],[104.31943,22.41708],[104.32049,22.41791],[104.3203,22.41888],[104.31888,22.42058],[104.31845,22.42213],[104.31771,22.42332],[104.3167,22.42399],[104.31508,22.42367],[104.31334,22.42462],[104.31349,22.42549],[104.31427,22.4259],[104.31664,22.42838],[104.31639,22.42934],[104.31404,22.43027],[104.31387,22.43108],[104.31448,22.43185],[104.31577,22.43261],[104.31772,22.43261],[104.31924,22.43429],[104.32023,22.43497],[104.32072,22.43587],[104.32181,22.43656],[104.32276,22.43814],[104.32375,22.44098],[104.3273,22.4435],[104.32782,22.44444],[104.32956,22.44481],[104.33042,22.44545],[104.33199,22.44505],[104.33379,22.44497],[104.33741,22.44659],[104.33952,22.44598],[104.3409,22.44654],[104.34227,22.44659],[104.34338,22.44883],[104.34323,22.45019],[104.34352,22.45128],[104.34459,22.45298],[104.34478,22.45474],[104.34528,22.4569],[104.3449,22.45751],[104.34332,22.45842],[104.34268,22.45912],[104.34234,22.46223],[104.34333,22.46325],[104.34348,22.46435],[104.34582,22.46513],[104.34628,22.46781],[104.34774,22.46947],[104.34905,22.46969],[104.35089,22.47076],[104.35101,22.47255],[104.35011,22.47312],[104.34884,22.47474],[104.34951,22.47651],[104.34828,22.47692],[104.34683,22.47846],[104.34473,22.47771],[104.34332,22.47862],[104.3436,22.47991],[104.34269,22.48121],[104.34271,22.48349],[104.34245,22.48416],[104.34269,22.48609],[104.34331,22.48707],[104.34289,22.48899],[104.34185,22.48985],[104.34057,22.48992],[104.34031,22.49213]]]},"properties":{"a01_tinh":"diaphanhanhchinhcaptinh_sn.114","a02_xa":"diaphanhanhchinhcapxa_2025.1068","a03_ten":"Xã Bảo Nhai","a04_tentinh":"Tỉnh Lào Cai","a05_truocsn":"Xã Nậm Đét, Xã Cốc Ly, Xã Bảo Nhai","a06_trungtamhc":"Thôn Bảo Tấn 1, xã Bảo Nhai (Trụ sở xã Bảo Nhai cũ)","a07_dt":"156","a08_ds":"17349","a09_dthoai":null,"a10_web":null,"ten":"Xã Bảo Nhai","ma":"02890","tentinh":"Tỉnh Lào Cai","truocsapnhap":"Xã Nậm Đét, Xã Cốc Ly, Xã Bảo Nhai","dientichkm2":null,"dansonguoi":null},"id":"diaphanhanhchinhcapxa_2025.1068"},
{"type":"Feature","geometry":{"type":"Polygon","coordinates":[[[104.07212,22.4649],[104.0708,22.46384],[104.06864,22.46419],[104.0682,22.46515],[104.06731,22.46547],[104.06546,22.46526],[104.0644,22.46448],[104.06284,22.46406],[104.06268,22.46517],[104.06135,22.46701],[104.05972,22.46843],[104.05946,22.46935],[104.05791,22.4703],[104.05672,22.47058],[104.05587,22.47212],[104.05427,22.47259],[104.05268,22.47454],[104.05176,22.47498],[104.05005,22.47663],[104.04906,22.47716],[104.04794,22.47667],[104.04679,22.47758],[104.04545,22.47702],[104.04456,22.4772],[104.04347,22.47644],[104.04277,22.4766],[104.0418,22.47557],[104.04164,22.47408],[104.04053,22.47307],[104.0411,22.47249],[104.04072,22.47122],[104.04111,22.47057],[104.03981,22.46905],[104.04152,22.46841],[104.04042,22.46637],[104.0393,22.46656],[104.03733,22.46581],[104.03636,22.46468],[104.03505,22.4643],[104.03518,22.46372],[104.03365,22.46308],[104.03363,22.46207],[104.03429,22.46131],[104.03323,22.46061],[104.03144,22.45845],[104.03022,22.45638],[104.02694,22.45611],[104.02602,22.45518],[104.02755,22.45379],[104.02723,22.45269],[104.02871,22.45151],[104.03039,22.44956],[104.03299,22.44604],[104.03456,22.4432],[104.03728,22.43663],[104.03836,22.43343],[104.04079,22.42969],[104.04301,22.42803],[104.04897,22.42543],[104.0503,22.42467],[104.05365,22.4223],[104.05538,22.42016],[104.05773,22.41618],[104.06074,22.41194],[104.06248,22.41102],[104.06404,22.41114],[104.06585,22.41193],[104.06942,22.41403],[104.07041,22.41447],[104.07169,22.41452],[104.07448,22.41351],[104.07773,22.41042],[104.07854,22.40932],[104.08102,22.40516],[104.08261,22.40142],[104.08416,22.39869],[104.08574,22.39685],[104.08691,22.39604],[104.08916,22.3953],[104.09403,22.3935],[104.10129,22.39226],[104.10731,22.39001],[104.10999,22.38827],[104.11144,22.38651],[104.11179,22.38543],[104.11183,22.38367],[104.1113,22.382],[104.10901,22.37856],[104.10763,22.37712],[104.10699,22.37508],[104.10554,22.37518],[104.10442,22.37572],[104.10341,22.3755],[104.10205,22.37646],[104.10054,22.37585],[104.10028,22.3744],[104.09898,22.37313],[104.10028,22.37115],[104.10379,22.37075],[104.10436,22.37025],[104.10526,22.36847],[104.10514,22.36706],[104.10623,22.36468],[104.10778,22.36317],[104.10894,22.36267],[104.11006,22.36046],[104.10998,22.35952],[104.11191,22.35828],[104.1127,22.35727],[104.11378,22.35708],[104.11497,22.3561],[104.11718,22.35779],[104.11893,22.35723],[104.11889,22.35625],[104.11973,22.3554],[104.12131,22.35554],[104.12192,22.35623],[104.1228,22.35478],[104.12378,22.35499],[104.12438,22.35372],[104.12509,22.35328],[104.1259,22.35182],[104.12711,22.35068],[104.12698,22.34973],[104.12846,22.34853],[104.1282,22.34683],[104.12873,22.34625],[104.12805,22.34516],[104.12965,22.34363],[104.12943,22.34271],[104.1303,22.3416],[104.1315,22.34111],[104.1317,22.33902],[104.13244,22.33856],[104.13258,22.33728],[104.13344,22.33691],[104.13372,22.33792],[104.13526,22.33799],[104.13593,22.33758],[104.13721,22.33551],[104.13925,22.33531],[104.13983,22.33475],[104.14023,22.33303],[104.14039,22.33054],[104.14075,22.33003],[104.14266,22.32889],[104.14397,22.32757],[104.1443,22.32577],[104.14519,22.3256],[104.14625,22.32455],[104.14749,22.32484],[104.1485,22.32412],[104.14948,22.32258],[104.15003,22.3209],[104.14951,22.31827],[104.15078,22.31672],[104.15167,22.31436],[104.15281,22.31222],[104.15436,22.31011],[104.15481,22.30794],[104.15667,22.30918],[104.15836,22.30727],[104.15918,22.30472],[104.16053,22.30391],[104.16234,22.30099],[104.1629,22.29856],[104.16364,22.29704],[104.16499,22.29647],[104.16747,22.29392],[104.16918,22.29376],[104.17044,22.29256],[104.17214,22.29143],[104.17351,22.28974],[104.17541,22.28961],[104.17753,22.29049],[104.17811,22.28983],[104.17962,22.2872],[104.17975,22.28576],[104.18074,22.28405],[104.18283,22.28252],[104.18435,22.28242],[104.18719,22.28342],[104.18855,22.28264],[104.1899,22.2824],[104.18975,22.28089],[104.1908,22.28003],[104.19148,22.27896],[104.1918,22.27747],[104.19269,22.2762],[104.19463,22.27454],[104.19534,22.27357],[104.19653,22.27345],[104.19754,22.27217],[104.19669,22.27144],[104.19805,22.27059],[104.19882,22.26935],[104.20065,22.26753],[104.20268,22.26681],[104.20297,22.26517],[104.20227,22.26349],[104.20263,22.26156],[104.20402,22.25841],[104.20491,22.25748],[104.20613,22.25705],[104.20743,22.25592],[104.20977,22.25643],[104.21041,22.25758],[104.21224,22.25862],[104.21479,22.25946],[104.21575,22.2601],[104.21506,22.26072],[104.21364,22.26348],[104.21353,22.26443],[104.21153,22.26678],[104.21052,22.26844],[104.20997,22.26993],[104.21014,22.27291],[104.20905,22.27606],[104.20861,22.27798],[104.20878,22.27984],[104.20936,22.28044],[104.21044,22.28043],[104.22068,22.27836],[104.22194,22.27834],[104.22359,22.27879],[104.22432,22.28036],[104.22575,22.28058],[104.22676,22.28116],[104.2288,22.28291],[104.22977,22.28313],[104.23264,22.28285],[104.23594,22.28219],[104.23878,22.28093],[104.23941,22.28247],[104.23948,22.28354],[104.2411,22.2845],[104.24205,22.28469],[104.2408,22.28685],[104.24073,22.28825],[104.23994,22.28947],[104.24026,22.29025],[104.23981,22.2944],[104.24065,22.2955],[104.23995,22.29694],[104.23995,22.29896],[104.23899,22.29993],[104.24068,22.3009],[104.24121,22.30195],[104.24113,22.30317],[104.24142,22.30532],[104.24127,22.30681],[104.23913,22.30743],[104.23773,22.30616],[104.23731,22.30718],[104.23657,22.30779],[104.23568,22.30929],[104.23599,22.31026],[104.23541,22.3107],[104.23408,22.31261],[104.23249,22.31331],[104.23097,22.31345],[104.22802,22.31629],[104.22731,22.31669],[104.22532,22.31676],[104.22383,22.31607],[104.22259,22.3166],[104.22123,22.31819],[104.22014,22.31875],[104.21859,22.31837],[104.21696,22.31886],[104.21684,22.31978],[104.21617,22.32048],[104.21614,22.32173],[104.21656,22.32247],[104.21604,22.32343],[104.21492,22.32398],[104.21459,22.32515],[104.21375,22.32559],[104.21196,22.32564],[104.211,22.32674],[104.20709,22.3278],[104.2077,22.32834],[104.20788,22.33011],[104.20677,22.33143],[104.20666,22.33384],[104.20586,22.33509],[104.20445,22.3355],[104.20287,22.33652],[104.2018,22.33646],[104.20072,22.3382],[104.20141,22.33963],[104.20139,22.34107],[104.20016,22.34177],[104.19759,22.34369],[104.19605,22.34397],[104.1935,22.34339],[104.19191,22.34348],[104.18962,22.34456],[104.18875,22.34655],[104.18891,22.34714],[104.18713,22.3484],[104.18649,22.34972],[104.18483,22.35071],[104.18505,22.35203],[104.18469,22.35331],[104.18318,22.35494],[104.18316,22.35551],[104.18205,22.35637],[104.18158,22.35751],[104.18231,22.35833],[104.1822,22.36013],[104.18255,22.36115],[104.1836,22.36046],[104.18617,22.36254],[104.18621,22.36379],[104.1847,22.36471],[104.18525,22.36695],[104.18509,22.36759],[104.18369,22.36764],[104.1838,22.36893],[104.18463,22.36943],[104.18465,22.37057],[104.18563,22.37198],[104.1853,22.37353],[104.18623,22.37505],[104.18667,22.37644],[104.18659,22.37896],[104.18811,22.3804],[104.18738,22.38309],[104.18558,22.38478],[104.18467,22.38633],[104.18288,22.3859],[104.17955,22.38644],[104.17861,22.38723],[104.17831,22.38828],[104.17811,22.39073],[104.17704,22.39088],[104.17493,22.39],[104.17395,22.38863],[104.17191,22.38856],[104.17011,22.38937],[104.16968,22.39095],[104.16794,22.39352],[104.16801,22.39482],[104.16916,22.3965],[104.1682,22.39675],[104.16706,22.39833],[104.16694,22.39947],[104.16577,22.40051],[104.16576,22.40199],[104.16448,22.40389],[104.16391,22.40644],[104.16224,22.40782],[104.16207,22.40828],[104.15986,22.41092],[104.15829,22.41346],[104.157,22.41418],[104.15612,22.41663],[104.15512,22.41784],[104.15441,22.41921],[104.15467,22.42025],[104.15421,22.42205],[104.15318,22.42293],[104.15053,22.42448],[104.14978,22.42638],[104.14783,22.42706],[104.14671,22.4264],[104.14587,22.4271],[104.14396,22.426],[104.14284,22.42575],[104.14133,22.42591],[104.14063,22.42739],[104.13909,22.4285],[104.13813,22.43167],[104.13745,22.4329],[104.1371,22.43437],[104.13603,22.43477],[104.13498,22.43403],[104.13225,22.4343],[104.13103,22.43478],[104.12916,22.43424],[104.12803,22.43524],[104.1269,22.43574],[104.1256,22.43691],[104.12366,22.43913],[104.12175,22.43901],[104.1211,22.43819],[104.12036,22.43898],[104.11842,22.43937],[104.11574,22.43782],[104.11336,22.43694],[104.11146,22.43809],[104.1107,22.44043],[104.10895,22.44188],[104.10813,22.44378],[104.10599,22.44548],[104.10515,22.44679],[104.10389,22.44636],[104.10317,22.44739],[104.10179,22.4485],[104.09859,22.44925],[104.09768,22.44857],[104.09614,22.44821],[104.09577,22.44751],[104.09457,22.44687],[104.09374,22.4457],[104.09298,22.44553],[104.09108,22.44595],[104.08892,22.44701],[104.08867,22.44796],[104.08722,22.44839],[104.08535,22.44961],[104.08495,22.45038],[104.08228,22.45193],[104.08026,22.45491],[104.07916,22.45537],[104.07709,22.4547],[104.07564,22.45519],[104.07428,22.45732],[104.07216,22.45883],[104.07081,22.45892],[104.07179,22.46286],[104.07234,22.46379],[104.07212,22.4649]]]},"properties":{"a01_tinh":"diaphanhanhchinhcaptinh_sn.114","a02_xa":"diaphanhanhchinhcapxa_2025.1071","a03_ten":"Xã Bảo Thắng","a04_tentinh":"Tỉnh Lào Cai","a05_truocsn":"Thị trấn Phố Lu, Xã Sơn Hà, Xã Sơn Hải, Xã Thái Niên","a06_trungtamhc":"Số 85, đường 19/5, TDP Phú Thành 3, xã Bảo Thắng (Trụ sở UBND xã Bảo Thắng cũ)","a07_dt":"160.4","a08_ds":"328","a09_dthoai":null,"a10_web":null,"ten":"Xã Bảo Thắng","ma":"02905","tentinh":"Tỉnh Lào Cai","truocsapnhap":"Thị trấn Phố Lu, Xã Sơn Hà, Xã Sơn Hải, Xã Thái Niên","dientichkm2":null,"dansonguoi":null},"id":"diaphanhanhchinhcapxa_2025.1071"},
{"type":"Feature","geometry":{"type":"Polygon","coordinates":[[[104.54496,22.26945],[104.5433,22.26834],[104.54155,22.26806],[104.53814,22.26926],[104.53701,22.27088],[104.53547,22.27115],[104.53456,22.27319],[104.53354,22.27437],[104.53232,22.27527],[104.53097,22.27506],[104.52881,22.27522],[104.5274,22.27598],[104.52616,22.27509],[104.52501,22.27502],[104.52423,22.27379],[104.52296,22.27367],[104.52163,22.27263],[104.52025,22.27266],[104.51866,22.27136],[104.51733,22.27071],[104.51573,22.27145],[104.51456,22.27453],[104.5129,22.27455],[104.51133,22.27511],[104.50936,22.27534],[104.50818,22.27587],[104.5065,22.27535],[104.50524,22.27424],[104.5045,22.27316],[104.5037,22.27285],[104.50261,22.27105],[104.50168,22.26996],[104.50087,22.26982],[104.49974,22.26883],[104.49949,22.26791],[104.49799,22.2662],[104.49826,22.26439],[104.49917,22.26301],[104.49997,22.26124],[104.4983,22.25928],[104.49643,22.2591],[104.495,22.25858],[104.49378,22.25853],[104.49278,22.25983],[104.49199,22.26185],[104.48988,22.2616],[104.4891,22.26018],[104.48886,22.25876],[104.48912,22.25594],[104.49041,22.25252],[104.49039,22.25036],[104.48976,22.24839],[104.48957,22.24675],[104.4898,22.24523],[104.49073,22.24273],[104.4913,22.24009],[104.49104,22.23853],[104.48872,22.24211],[104.48766,22.24261],[104.48471,22.24574],[104.48297,22.24601],[104.48029,22.2486],[104.47944,22.24883],[104.4787,22.25006],[104.47713,22.25083],[104.47655,22.25277],[104.47581,22.25294],[104.47385,22.25194],[104.47237,22.25254],[104.4698,22.25144],[104.46805,22.25241],[104.46643,22.25247],[104.46423,22.25485],[104.46126,22.25645],[104.45996,22.25663],[104.46036,22.25195],[104.45957,22.24794],[104.45967,22.24709],[104.46074,22.24532],[104.46002,22.24378],[104.45941,22.24468],[104.45756,22.2457],[104.45614,22.24541],[104.45568,22.24623],[104.45397,22.24635],[104.45319,22.24738],[104.45163,22.24753],[104.45027,22.24811],[104.4496,22.24799],[104.4484,22.24905],[104.44669,22.25143],[104.44468,22.25006],[104.44349,22.24971],[104.44333,22.24905],[104.44151,22.24741],[104.44091,22.24773],[104.43869,22.24685],[104.43777,22.24434],[104.43606,22.24259],[104.4356,22.2417],[104.43622,22.24032],[104.43519,22.23878],[104.43725,22.23587],[104.43754,22.23314],[104.43615,22.23199],[104.43562,22.23097],[104.43491,22.23075],[104.43235,22.23083],[104.43107,22.22923],[104.4305,22.22896],[104.4288,22.22922],[104.42738,22.23077],[104.42318,22.23314],[104.42172,22.23202],[104.42053,22.23057],[104.42147,22.22983],[104.42317,22.22911],[104.42341,22.22829],[104.42517,22.22725],[104.4264,22.22469],[104.4254,22.22399],[104.42411,22.22218],[104.42194,22.22152],[104.42074,22.21991],[104.4179,22.21868],[104.41696,22.21899],[104.4161,22.21837],[104.41457,22.21788],[104.41463,22.21685],[104.41529,22.21624],[104.41483,22.21502],[104.4155,22.21241],[104.41517,22.21041],[104.41568,22.20947],[104.41676,22.20875],[104.41831,22.20717],[104.41908,22.20582],[104.41978,22.20326],[104.41878,22.20134],[104.41713,22.20013],[104.41891,22.19972],[104.42143,22.19949],[104.42326,22.19958],[104.42464,22.19932],[104.42657,22.19852],[104.42748,22.19741],[104.42784,22.19636],[104.43058,22.19542],[104.43175,22.19444],[104.43345,22.19422],[104.43539,22.19343],[104.43659,22.19129],[104.4377,22.19005],[104.43847,22.18842],[104.43835,22.18709],[104.43981,22.18559],[104.44198,22.18462],[104.44545,22.18438],[104.44738,22.18628],[104.45073,22.18474],[104.45367,22.18543],[104.45618,22.18244],[104.45656,22.18003],[104.4557,22.17891],[104.45624,22.17773],[104.45788,22.17685],[104.45784,22.17593],[104.45654,22.17453],[104.45757,22.17314],[104.45735,22.17176],[104.45683,22.17118],[104.45731,22.17021],[104.45851,22.16927],[104.45924,22.16796],[104.45994,22.16872],[104.46135,22.16872],[104.46367,22.16681],[104.46584,22.16553],[104.46674,22.16446],[104.46964,22.16246],[104.4718,22.16214],[104.47359,22.16022],[104.47455,22.15619],[104.47537,22.15507],[104.47782,22.15418],[104.47939,22.15291],[104.48087,22.15207],[104.48326,22.14809],[104.4842,22.14723],[104.48531,22.1441],[104.49102,22.14189],[104.49244,22.14309],[104.49394,22.14344],[104.49549,22.14446],[104.4961,22.14526],[104.49889,22.14701],[104.501,22.14771],[104.50308,22.14981],[104.50527,22.15063],[104.50734,22.15322],[104.50929,22.15369],[104.51081,22.15369],[104.5118,22.1548],[104.51174,22.15569],[104.51281,22.15709],[104.51289,22.16116],[104.51437,22.16213],[104.51569,22.1638],[104.5175,22.16445],[104.51678,22.16588],[104.51684,22.16652],[104.51778,22.16788],[104.51835,22.16965],[104.51668,22.17058],[104.5145,22.17115],[104.51119,22.17278],[104.51325,22.1725],[104.51507,22.17256],[104.5164,22.17213],[104.51776,22.17288],[104.51816,22.17477],[104.51752,22.17498],[104.51567,22.17679],[104.51445,22.17712],[104.514,22.17783],[104.5128,22.17781],[104.51263,22.17928],[104.51366,22.18089],[104.51402,22.1837],[104.51318,22.18477],[104.51338,22.18573],[104.51257,22.18653],[104.51089,22.18753],[104.50997,22.18896],[104.50997,22.18979],[104.51086,22.19046],[104.51297,22.19151],[104.51352,22.19203],[104.51582,22.19308],[104.51785,22.19434],[104.52032,22.19738],[104.5209,22.1989],[104.52064,22.19954],[104.51659,22.20258],[104.51609,22.20329],[104.51553,22.20679],[104.51399,22.20833],[104.5144,22.21071],[104.51405,22.21164],[104.51208,22.21283],[104.51205,22.21343],[104.51371,22.21363],[104.51684,22.21366],[104.52072,22.21339],[104.52441,22.21188],[104.5257,22.21058],[104.52695,22.2084],[104.52797,22.20746],[104.52985,22.20628],[104.53371,22.20482],[104.53901,22.20164],[104.54165,22.20073],[104.54379,22.20058],[104.54573,22.20009],[104.5485,22.20038],[104.55115,22.20118],[104.55229,22.20083],[104.5543,22.19875],[104.55525,22.19814],[104.55716,22.19772],[104.55948,22.19686],[104.55937,22.19787],[104.55849,22.19943],[104.55784,22.19971],[104.55691,22.20091],[104.5567,22.20198],[104.55499,22.20266],[104.55473,22.20348],[104.55342,22.20478],[104.5524,22.20645],[104.54965,22.20885],[104.54844,22.21041],[104.54703,22.21168],[104.54573,22.21246],[104.54697,22.21435],[104.54718,22.21537],[104.54609,22.21743],[104.547,22.21903],[104.54731,22.22023],[104.54999,22.22199],[104.55071,22.22399],[104.55281,22.22638],[104.55362,22.22622],[104.5562,22.22689],[104.55742,22.22659],[104.56125,22.22709],[104.56347,22.22764],[104.56551,22.22868],[104.56607,22.23012],[104.56619,22.23152],[104.56676,22.23235],[104.56773,22.23501],[104.56707,22.23721],[104.56839,22.23851],[104.57095,22.23989],[104.57131,22.24106],[104.57258,22.24247],[104.57282,22.24357],[104.57194,22.24411],[104.56921,22.24486],[104.56259,22.24363],[104.55965,22.24192],[104.55723,22.24133],[104.55398,22.24119],[104.55118,22.24245],[104.55056,22.24545],[104.54941,22.24799],[104.54829,22.24904],[104.54877,22.25019],[104.54866,22.25191],[104.54786,22.25261],[104.5486,22.25348],[104.54801,22.25647],[104.54614,22.25854],[104.54606,22.25994],[104.54683,22.26278],[104.5466,22.26479],[104.54606,22.26518],[104.54594,22.2671],[104.54496,22.26945]]]},"properties":{"a01_tinh":"diaphanhanhchinhcaptinh_sn.114","a02_xa":"diaphanhanhchinhcapxa_2025.1078","a03_ten":"Xã Bảo Yên","a04_tentinh":"Tỉnh Lào Cai","a05_truocsn":"Thị trấn Phố Ràng, Xã Yên Sơn, Xã Lương Sơn, Xã Xuân Thượng","a06_trungtamhc":"Tổ dân phố 3A, thị trấn Phố Ràng (Trụ sở UBND xã Bảo Yên cũ)","a07_dt":"119.1","a08_ds":"2156","a09_dthoai":null,"a10_web":null,"ten":"Xã Bảo Yên","ma":"02947","tentinh":"Tỉnh Lào Cai","truocsapnhap":"Thị trấn Phố Ràng, Xã Yên Sơn, Xã Lương Sơn, Xã Xuân Thượng","dientichkm2":null,"dansonguoi":null},"id":"diaphanhanhchinhcapxa_2025.1078"},
{"type":"Feature","geometry":{"type":"Polygon","coordinates":[[[103.78713,22.49299],[103.78707,22.49113],[103.78597,22.48904],[103.78686,22.48758],[103.7878,22.48753],[103.78967,22.48662],[103.7916,22.48507],[103.7925,22.48483],[103.79423,22.48337],[103.79443,22.48256],[103.79653,22.47922],[103.7968,22.47834],[103.79829,22.4762],[103.80079,22.47392],[103.80048,22.47292],[103.8022,22.47149],[103.80245,22.47048],[103.80364,22.46928],[103.8047,22.4667],[103.80572,22.46465],[103.80578,22.46265],[103.80819,22.46087],[103.80895,22.45974],[103.81562,22.45604],[103.81589,22.45551],[103.81534,22.45441],[103.8153,22.45183],[103.81742,22.45212],[103.8186,22.4504],[103.82009,22.44872],[103.82215,22.43948],[103.82906,22.4399],[103.82983,22.43825],[103.83141,22.43668],[103.83302,22.43544],[103.83446,22.43546],[103.83749,22.43438],[103.83948,22.43459],[103.84006,22.43423],[103.843,22.43286],[103.84443,22.43238],[103.84498,22.43165],[103.84784,22.42948],[103.84881,22.42965],[103.8518,22.42776],[103.85248,22.42766],[103.85441,22.42449],[103.85547,22.42385],[103.85633,22.42193],[103.85811,22.42202],[103.85959,22.4211],[103.86336,22.41978],[103.86668,22.42179],[103.86758,22.42317],[103.86938,22.42427],[103.87099,22.42493],[103.87219,22.42712],[103.87414,22.42885],[103.87556,22.42955],[103.87736,22.43141],[103.87759,22.43227],[103.87844,22.43319],[103.88019,22.43361],[103.88169,22.43522],[103.885,22.43645],[103.88584,22.43612],[103.88958,22.43631],[103.88942,22.43866],[103.89167,22.4412],[103.8917,22.44175],[103.89005,22.44441],[103.88971,22.4465],[103.89067,22.44875],[103.89075,22.4497],[103.88933,22.45033],[103.88845,22.45257],[103.88647,22.45472],[103.88522,22.45573],[103.88408,22.45762],[103.88457,22.45827],[103.88506,22.46024],[103.88599,22.46166],[103.88578,22.46238],[103.88588,22.46445],[103.88649,22.46574],[103.88666,22.46739],[103.88719,22.46906],[103.88841,22.47083],[103.88847,22.47198],[103.88906,22.4726],[103.88991,22.47503],[103.89024,22.47741],[103.89026,22.4797],[103.89134,22.48059],[103.89236,22.48549],[103.89326,22.48654],[103.89434,22.48718],[103.89471,22.48802],[103.89603,22.48769],[103.89622,22.48634],[103.8975,22.48617],[103.8968,22.48909],[103.89761,22.4908],[103.89855,22.49213],[103.89895,22.49356],[103.89966,22.49423],[103.90044,22.49375],[103.90109,22.49162],[103.9009,22.48911],[103.90166,22.48741],[103.90299,22.48662],[103.90329,22.48547],[103.90325,22.48203],[103.90357,22.48091],[103.90443,22.4797],[103.90424,22.47828],[103.90577,22.47755],[103.9064,22.47649],[103.90765,22.47621],[103.90892,22.47749],[103.91085,22.47801],[103.91254,22.47906],[103.91336,22.47993],[103.91427,22.47983],[103.91749,22.48059],[103.91901,22.4807],[103.92146,22.48256],[103.92308,22.48308],[103.92357,22.48384],[103.92354,22.4858],[103.92395,22.48672],[103.92531,22.48683],[103.926,22.48772],[103.9271,22.48835],[103.92644,22.48899],[103.92646,22.49018],[103.92694,22.49074],[103.92662,22.49261],[103.92618,22.49345],[103.92607,22.49568],[103.92724,22.49651],[103.92727,22.49739],[103.92616,22.49905],[103.92551,22.50146],[103.92428,22.50274],[103.92612,22.50525],[103.92623,22.50643],[103.92787,22.50654],[103.92747,22.50776],[103.92564,22.51033],[103.92616,22.51375],[103.92872,22.51485],[103.92939,22.51568],[103.93212,22.51417],[103.9362,22.51299],[103.93743,22.51214],[103.9397,22.50953],[103.94274,22.50561],[103.94321,22.50506],[103.9479,22.5089],[103.946,22.51105],[103.94491,22.51196],[103.95024,22.51668],[103.94948,22.51862],[103.9485,22.52101],[103.94649,22.5241],[103.9451,22.52534],[103.94236,22.5261],[103.93687,22.52614],[103.93481,22.52653],[103.93262,22.52737],[103.93189,22.52797],[103.93041,22.53118],[103.92986,22.53428],[103.92924,22.53611],[103.92824,22.53802],[103.9267,22.53934],[103.92519,22.53965],[103.92379,22.53914],[103.92166,22.53593],[103.92002,22.53435],[103.91875,22.53343],[103.91773,22.53345],[103.91437,22.5349],[103.91347,22.53583],[103.91332,22.53709],[103.9148,22.54011],[103.91538,22.5426],[103.91454,22.54457],[103.91241,22.54688],[103.90866,22.54985],[103.89979,22.55921],[103.89407,22.56621],[103.89206,22.5681],[103.88919,22.56993],[103.8876,22.57044],[103.8861,22.57015],[103.88518,22.5694],[103.88456,22.56751],[103.88429,22.56522],[103.88269,22.56383],[103.88058,22.56371],[103.87861,22.56445],[103.87663,22.5655],[103.87542,22.56717],[103.87146,22.57331],[103.86883,22.5776],[103.86513,22.58166],[103.86304,22.5846],[103.85982,22.5875],[103.85789,22.58882],[103.85381,22.59065],[103.84985,22.59293],[103.84807,22.59426],[103.84518,22.5967],[103.84394,22.59823],[103.84256,22.60159],[103.84135,22.60395],[103.84019,22.60573],[103.83275,22.61149],[103.83005,22.61334],[103.82594,22.61545],[103.82381,22.61756],[103.82263,22.6202],[103.82153,22.62135],[103.81999,22.62073],[103.81906,22.61929],[103.81604,22.62039],[103.81397,22.61936],[103.81202,22.61925],[103.80973,22.61857],[103.80884,22.61796],[103.8092,22.61638],[103.8092,22.6149],[103.80793,22.61271],[103.80481,22.61046],[103.80262,22.60987],[103.80158,22.61045],[103.79985,22.60938],[103.79949,22.6085],[103.79975,22.60695],[103.79931,22.60521],[103.79867,22.60426],[103.79566,22.60508],[103.79471,22.6051],[103.79308,22.60446],[103.792,22.6036],[103.79079,22.60174],[103.78671,22.59839],[103.78567,22.59785],[103.78434,22.5967],[103.78189,22.59556],[103.77737,22.59552],[103.77577,22.59574],[103.77528,22.5951],[103.77507,22.59107],[103.77474,22.58995],[103.77328,22.58821],[103.77263,22.58512],[103.77087,22.58251],[103.76923,22.58072],[103.76588,22.57966],[103.76496,22.57619],[103.76407,22.57489],[103.7627,22.57372],[103.7625,22.57291],[103.76135,22.5714],[103.75807,22.5691],[103.76039,22.56613],[103.76201,22.56373],[103.76255,22.56236],[103.76454,22.55997],[103.76476,22.55927],[103.76725,22.55508],[103.76851,22.55604],[103.77085,22.55644],[103.77241,22.55769],[103.77371,22.55953],[103.77558,22.56109],[103.77714,22.56196],[103.77846,22.56301],[103.78096,22.56576],[103.78263,22.56786],[103.78454,22.56952],[103.78622,22.5693],[103.78693,22.56958],[103.78846,22.57161],[103.78849,22.57286],[103.78922,22.57375],[103.79093,22.57401],[103.79191,22.57451],[103.79462,22.57373],[103.7969,22.57365],[103.7984,22.57296],[103.79956,22.57166],[103.80123,22.57072],[103.80215,22.56933],[103.80522,22.56899],[103.80554,22.57058],[103.80503,22.57196],[103.80568,22.57278],[103.80697,22.57196],[103.80825,22.57238],[103.809,22.57163],[103.81012,22.57322],[103.81244,22.5727],[103.81505,22.57349],[103.81649,22.57311],[103.81861,22.57369],[103.8191,22.56891],[103.82231,22.56748],[103.82467,22.56621],[103.82658,22.56494],[103.8262,22.56239],[103.82711,22.56049],[103.82865,22.55889],[103.82495,22.55668],[103.8246,22.55525],[103.82623,22.55301],[103.82617,22.55231],[103.82518,22.55098],[103.82483,22.54988],[103.8226,22.547],[103.82226,22.54533],[103.82049,22.54301],[103.81907,22.54146],[103.81698,22.53731],[103.81543,22.53567],[103.81428,22.5352],[103.81327,22.53305],[103.813,22.53133],[103.81243,22.53056],[103.81025,22.5264],[103.80916,22.52308],[103.80862,22.52217],[103.80781,22.51933],[103.80693,22.5172],[103.80731,22.51466],[103.80973,22.51357],[103.80947,22.51265],[103.81103,22.51119],[103.81194,22.51004],[103.81452,22.50839],[103.81577,22.50734],[103.81656,22.50514],[103.81656,22.50353],[103.81494,22.50255],[103.81219,22.50241],[103.80836,22.50124],[103.80392,22.50043],[103.80221,22.49993],[103.79969,22.5],[103.79913,22.49944],[103.79662,22.4982],[103.79221,22.49768],[103.79091,22.49697],[103.78966,22.49678],[103.78829,22.49616],[103.78619,22.49453],[103.78713,22.49299]]]},"properties":{"a01_tinh":"diaphanhanhchinhcaptinh_sn.114","a02_xa":"diaphanhanhchinhcapxa_2025.1091","a03_ten":"Xã Bát Xát","a04_tentinh":"Tỉnh Lào Cai","a05_truocsn":"Thị trấn Bát Xát, Xã Bản Vược, Xã Bản Qua, Xã Phìn Ngan, Xã Quang Kim","a06_trungtamhc":"Số 479, đường Hùng Vương, xã Bát Xát (Trụ sở thị trấn Bát Xát cũ)","a07_dt":"190","a08_ds":"27229","a09_dthoai":null,"a10_web":null,"ten":"Xã Bát Xát","ma":"02683","tentinh":"Tỉnh Lào Cai","truocsapnhap":"Thị trấn Bát Xát, Xã Bản Vược, Xã Bản Qua, Xã Phìn Ngan, Xã Quang Kim","dientichkm2":null,"dansonguoi":null},"id":"diaphanhanhchinhcapxa_2025.1091"},
{"type":"Feature","geometry":{"type":"Polygon","coordinates":[[[104.98644,21.9363],[104.98726,21.9387],[104.98656,21.94019],[104.98698,21.94122],[104.98755,21.94398],[104.9891,21.94498],[104.98945,21.94558],[104.98993,21.94844],[104.99079,21.95011],[104.99259,21.95174],[104.99364,21.95234],[104.99304,21.953],[104.9941,21.95794],[104.99493,21.96019],[104.99486,21.96277],[104.99517,21.96423],[104.99457,21.96587],[104.99483,21.96749],[104.99366,21.96906],[104.99335,21.97051],[104.9927,21.97128],[104.99314,21.97325],[104.99388,21.97422],[104.9943,21.97552],[104.99403,21.97691],[104.99479,21.97768],[104.99502,21.97871],[104.99732,21.98117],[104.99764,21.98347],[104.99933,21.9864],[104.9996,21.98824],[104.99845,21.99003],[104.99772,21.99036],[104.99735,21.99226],[104.99595,21.99253],[104.99436,21.99329],[104.9927,21.99455],[104.99114,21.99411],[104.99077,21.99512],[104.99138,21.99668],[104.99199,21.9973],[104.99088,21.99917],[104.99077,22.00049],[104.98976,22.0016],[104.98976,22.00324],[104.99095,22.00516],[104.99163,22.0079],[104.99462,22.01272],[104.99628,22.01435],[104.99612,22.01501],[104.99428,22.01719],[104.99226,22.01845],[104.9922,22.02049],[104.99449,22.02415],[104.9941,22.02456],[104.99421,22.02591],[104.99473,22.02661],[104.99481,22.02794],[104.99377,22.02984],[104.99379,22.03232],[104.9952,22.0359],[104.99546,22.03842],[104.99607,22.04086],[104.99804,22.04258],[104.99681,22.04416],[104.99599,22.04442],[104.99434,22.0442],[104.99049,22.0454],[104.9891,22.04497],[104.98822,22.04411],[104.98691,22.04382],[104.98633,22.04322],[104.98465,22.04286],[104.983,22.04219],[104.98155,22.04277],[104.98011,22.04263],[104.97862,22.04118],[104.97718,22.0409],[104.97492,22.04138],[104.97353,22.04073],[104.97254,22.04068],[104.97117,22.03964],[104.97053,22.0379],[104.96889,22.03529],[104.96934,22.03415],[104.96733,22.03079],[104.96256,22.02881],[104.96198,22.02894],[104.96074,22.03033],[104.95923,22.03101],[104.95946,22.03298],[104.95859,22.03396],[104.95752,22.03398],[104.95613,22.03507],[104.95473,22.03574],[104.9539,22.03492],[104.95197,22.03492],[104.95021,22.03439],[104.94806,22.03548],[104.94614,22.03585],[104.9457,22.03796],[104.94368,22.03986],[104.94252,22.04214],[104.94214,22.0434],[104.9405,22.0441],[104.94038,22.04494],[104.94101,22.04584],[104.94111,22.04982],[104.94171,22.05174],[104.94091,22.0531],[104.93853,22.05525],[104.93801,22.05648],[104.93629,22.05719],[104.935,22.05862],[104.93371,22.05878],[104.9316,22.06018],[104.92828,22.06183],[104.92279,22.06055],[104.92072,22.06061],[104.91921,22.05909],[104.9183,22.05875],[104.91642,22.0607],[104.91526,22.06164],[104.91521,22.06244],[104.91279,22.06514],[104.9114,22.06527],[104.90977,22.06418],[104.90745,22.06316],[104.90424,22.06406],[104.90306,22.06371],[104.90197,22.06442],[104.90087,22.06663],[104.89965,22.0675],[104.8979,22.06925],[104.89711,22.0706],[104.89373,22.07232],[104.89082,22.07237],[104.88663,22.07083],[104.88531,22.07101],[104.88179,22.07228],[104.8802,22.06981],[104.88002,22.06883],[104.87741,22.06797],[104.87581,22.0638],[104.87495,22.06375],[104.87378,22.06265],[104.87343,22.06179],[104.87356,22.0602],[104.87422,22.05892],[104.87455,22.05684],[104.87503,22.05533],[104.87454,22.05438],[104.87536,22.0522],[104.87563,22.05069],[104.87666,22.04956],[104.87682,22.04845],[104.8776,22.04731],[104.87655,22.04621],[104.8741,22.04659],[104.87123,22.0451],[104.87124,22.04328],[104.87171,22.04246],[104.8713,22.0413],[104.87066,22.04078],[104.86815,22.03989],[104.86517,22.03816],[104.86272,22.03691],[104.86149,22.03533],[104.8615,22.03434],[104.86342,22.02963],[104.86511,22.02679],[104.86661,22.02378],[104.87002,22.01896],[104.87032,22.01382],[104.87034,22.00667],[104.86994,22.00135],[104.86862,21.99997],[104.86879,21.99893],[104.86917,21.99315],[104.87178,21.986],[104.8754,21.98087],[104.86772,21.9812],[104.86453,21.9772],[104.86379,21.97353],[104.8685,21.96075],[104.85924,21.95405],[104.86362,21.94159],[104.86516,21.94163],[104.86482,21.94312],[104.86588,21.94501],[104.86632,21.94651],[104.86734,21.9475],[104.86916,21.94704],[104.86957,21.9476],[104.86925,21.95],[104.87039,21.95046],[104.87295,21.95007],[104.87415,21.94933],[104.876,21.94923],[104.87689,21.95036],[104.8779,21.9503],[104.88052,21.94899],[104.88249,21.94889],[104.88415,21.94817],[104.88542,21.94649],[104.88641,21.94708],[104.88817,21.9488],[104.88991,21.94994],[104.89017,21.95054],[104.89355,21.95329],[104.89578,21.95441],[104.89634,21.95548],[104.89779,21.9565],[104.9014,21.95716],[104.90235,21.95665],[104.90335,21.95525],[104.90341,21.95388],[104.90499,21.95284],[104.9059,21.95266],[104.907,21.95186],[104.90974,21.95226],[104.91034,21.95168],[104.91099,21.95],[104.91171,21.94899],[104.91385,21.94911],[104.91554,21.94885],[104.9168,21.94831],[104.91791,21.94723],[104.91841,21.946],[104.91967,21.94535],[104.9206,21.94374],[104.92287,21.94355],[104.92514,21.94275],[104.92813,21.94342],[104.92939,21.94432],[104.93133,21.9449],[104.93337,21.94447],[104.9343,21.94517],[104.93702,21.94575],[104.93868,21.9472],[104.93989,21.94731],[104.94164,21.94681],[104.94249,21.94712],[104.9432,21.94874],[104.9439,21.94885],[104.94552,21.95042],[104.94716,21.94951],[104.94898,21.94809],[104.95934,21.9487],[104.96026,21.94865],[104.96152,21.94923],[104.96324,21.94788],[104.96516,21.94835],[104.96771,21.94795],[104.96862,21.94632],[104.97011,21.94633],[104.97352,21.94494],[104.97613,21.94477],[104.97664,21.94425],[104.97739,21.94231],[104.97799,21.94169],[104.9799,21.9413],[104.98052,21.94027],[104.98233,21.93932],[104.98334,21.9391],[104.98339,21.93771],[104.98644,21.9363]]]},"properties":{"a01_tinh":"diaphanhanhchinhcaptinh_sn.114","a02_xa":"diaphanhanhchinhcapxa_2025.1052","a03_ten":"Xã Cảm Nhân","a04_tentinh":"Tỉnh Lào Cai","a05_truocsn":"Xã Xuân Long, Xã Ngọc Chấn, Xã Cảm Nhân","a06_trungtamhc":"đang cập nhật","a07_dt":"151.77","a08_ds":"1734","a09_dthoai":null,"a10_web":null,"ten":"Xã Cảm Nhân","ma":"04726","tentinh":"Tỉnh Lào Cai","truocsapnhap":"Xã Xuân Long, Xã Ngọc Chấn, Xã Cảm Nhân","dientichkm2":null,"dansonguoi":null},"id":"diaphanhanhchinhcapxa_2025.1052"},
{"type":"Feature","geometry":{"type":"Polygon","coordinates":[[[104.19467,22.73671],[104.19383,22.73651],[104.19013,22.73675],[104.18778,22.73651],[104.18673,22.73664],[104.18603,22.73814],[104.18531,22.73752],[104.18418,22.73843],[104.18334,22.73989],[104.18229,22.74074],[104.17776,22.7415],[104.17571,22.74112],[104.17474,22.7399],[104.17343,22.73896],[104.17168,22.73642],[104.16996,22.73564],[104.16899,22.73567],[104.16879,22.73698],[104.16787,22.73871],[104.16551,22.74018],[104.16407,22.74154],[104.16257,22.74214],[104.16139,22.74206],[104.16085,22.74299],[104.15972,22.74378],[104.15863,22.74593],[104.15725,22.74514],[104.15663,22.74408],[104.15692,22.74239],[104.15589,22.74086],[104.15509,22.74041],[104.15515,22.73905],[104.15444,22.73768],[104.15492,22.73724],[104.15421,22.7355],[104.15327,22.73511],[104.15295,22.73335],[104.15247,22.73304],[104.15216,22.73157],[104.15132,22.7295],[104.15151,22.72584],[104.15192,22.72493],[104.15262,22.72087],[104.15389,22.71944],[104.15377,22.71789],[104.1527,22.71635],[104.14982,22.71439],[104.1492,22.71309],[104.1471,22.71175],[104.14594,22.71049],[104.14362,22.71032],[104.14264,22.70669],[104.14114,22.70503],[104.14064,22.70354],[104.1364,22.70285],[104.1338,22.70115],[104.13575,22.70023],[104.13521,22.69723],[104.13444,22.69645],[104.13312,22.69619],[104.13181,22.69509],[104.12886,22.69485],[104.1276,22.69387],[104.12544,22.69312],[104.12547,22.69198],[104.12686,22.69131],[104.12713,22.69061],[104.1269,22.68922],[104.12588,22.68807],[104.12483,22.68818],[104.12263,22.68665],[104.11921,22.68669],[104.1188,22.68543],[104.11737,22.68469],[104.11776,22.68235],[104.11933,22.68134],[104.12175,22.68116],[104.12579,22.67948],[104.12722,22.67845],[104.12864,22.67532],[104.12927,22.67456],[104.13087,22.67398],[104.13115,22.67253],[104.1293,22.6728],[104.12858,22.67243],[104.1269,22.67275],[104.12489,22.67481],[104.12376,22.67507],[104.12308,22.67288],[104.12174,22.67385],[104.12052,22.67246],[104.11798,22.67161],[104.11826,22.66921],[104.11651,22.66686],[104.11565,22.66613],[104.11568,22.66484],[104.11596,22.66334],[104.11693,22.66108],[104.11809,22.6593],[104.12049,22.65868],[104.12181,22.65777],[104.12287,22.65648],[104.12424,22.65413],[104.12392,22.6495],[104.11905,22.63884],[104.12049,22.63362],[104.12044,22.63272],[104.11521,22.62559],[104.11362,22.62472],[104.11226,22.62437],[104.11068,22.62301],[104.11025,22.6211],[104.11134,22.62084],[104.11215,22.61964],[104.11356,22.61938],[104.1124,22.61505],[104.10924,22.61253],[104.10856,22.60679],[104.10608,22.60143],[104.10522,22.60017],[104.10459,22.60142],[104.10279,22.5988],[104.10509,22.5971],[104.10398,22.59323],[104.10452,22.58995],[104.10617,22.58578],[104.11016,22.58397],[104.11141,22.58364],[104.11497,22.58359],[104.11653,22.58236],[104.11784,22.57839],[104.11882,22.57642],[104.12002,22.57041],[104.11845,22.5671],[104.1182,22.56418],[104.11781,22.56238],[104.11896,22.56106],[104.11825,22.56002],[104.11753,22.55769],[104.11759,22.55647],[104.11828,22.55484],[104.11784,22.55342],[104.11775,22.55055],[104.11669,22.54936],[104.11678,22.54819],[104.11607,22.54724],[104.11606,22.54611],[104.11741,22.54422],[104.11929,22.54417],[104.12065,22.54362],[104.12228,22.54356],[104.12268,22.54217],[104.12478,22.5415],[104.1257,22.54076],[104.12966,22.53644],[104.1277,22.53324],[104.1269,22.53262],[104.12554,22.53081],[104.12438,22.53015],[104.12341,22.52886],[104.12141,22.52831],[104.12095,22.52719],[104.1269,22.52724],[104.1277,22.52713],[104.12927,22.52626],[104.1302,22.52349],[104.13216,22.52252],[104.13215,22.52035],[104.13325,22.51867],[104.13289,22.51773],[104.13311,22.51683],[104.13173,22.5152],[104.13037,22.51639],[104.1291,22.5167],[104.12883,22.51778],[104.12507,22.51718],[104.12359,22.51736],[104.12495,22.51249],[104.1269,22.51066],[104.1287,22.50992],[104.12884,22.50759],[104.13128,22.50655],[104.13505,22.50564],[104.13606,22.50316],[104.13589,22.50237],[104.13829,22.5021],[104.13935,22.50392],[104.13871,22.50607],[104.13859,22.50987],[104.13972,22.51388],[104.14026,22.51508],[104.14177,22.51683],[104.14248,22.51669],[104.14409,22.51547],[104.14483,22.51664],[104.14638,22.51803],[104.147,22.51809],[104.14893,22.51734],[104.15095,22.51698],[104.15338,22.51764],[104.15357,22.51677],[104.15467,22.51572],[104.15556,22.51622],[104.1568,22.51768],[104.15687,22.51864],[104.15887,22.52012],[104.15875,22.522],[104.1607,22.52433],[104.16102,22.52597],[104.16078,22.52901],[104.16132,22.53032],[104.16129,22.53207],[104.16265,22.53238],[104.1634,22.53163],[104.16689,22.53129],[104.16861,22.52986],[104.17171,22.5281],[104.17281,22.52773],[104.17554,22.5275],[104.17721,22.52648],[104.17948,22.52667],[104.18113,22.52632],[104.18455,22.52764],[104.18641,22.52762],[104.18745,22.52636],[104.18852,22.52607],[104.1905,22.52795],[104.19243,22.52921],[104.19464,22.53024],[104.19551,22.53107],[104.1986,22.53158],[104.20078,22.53134],[104.20279,22.53264],[104.20212,22.53475],[104.20194,22.53702],[104.20126,22.5382],[104.20085,22.53984],[104.19879,22.54279],[104.19792,22.54358],[104.19642,22.54603],[104.19436,22.54777],[104.19322,22.54911],[104.19224,22.55094],[104.19131,22.55342],[104.19031,22.55549],[104.18975,22.55789],[104.19044,22.56118],[104.19242,22.56368],[104.1946,22.56545],[104.19749,22.56995],[104.19912,22.5711],[104.20018,22.57297],[104.20111,22.57362],[104.20297,22.57629],[104.20491,22.57779],[104.20569,22.57864],[104.20587,22.57998],[104.20754,22.5835],[104.20749,22.58473],[104.20627,22.5877],[104.20485,22.5923],[104.20418,22.59313],[104.20338,22.59499],[104.20074,22.59713],[104.20005,22.59887],[104.2001,22.60111],[104.19912,22.60509],[104.19856,22.60677],[104.19829,22.60921],[104.19783,22.61046],[104.19398,22.61283],[104.19283,22.61393],[104.19229,22.6152],[104.19284,22.61623],[104.19357,22.61985],[104.19342,22.6223],[104.19387,22.62477],[104.19399,22.62854],[104.19296,22.63249],[104.19223,22.63395],[104.19105,22.63542],[104.19015,22.63817],[104.19013,22.64048],[104.18973,22.6427],[104.18795,22.64424],[104.18725,22.64526],[104.18706,22.64831],[104.18617,22.6493],[104.18442,22.65191],[104.18271,22.65823],[104.18309,22.661],[104.18317,22.66452],[104.18264,22.66695],[104.18286,22.67179],[104.18273,22.67253],[104.18119,22.67581],[104.17912,22.67754],[104.17818,22.67916],[104.17663,22.68059],[104.17594,22.6824],[104.17427,22.68578],[104.17417,22.68872],[104.17471,22.69065],[104.17721,22.69285],[104.17778,22.69476],[104.17757,22.69786],[104.17706,22.7007],[104.17639,22.70353],[104.17691,22.70554],[104.17727,22.70795],[104.17729,22.71137],[104.17764,22.71761],[104.17794,22.71878],[104.17952,22.72098],[104.18061,22.72395],[104.18312,22.72569],[104.18487,22.72638],[104.18618,22.72752],[104.18742,22.72969],[104.1891,22.73151],[104.19263,22.7343],[104.19467,22.73671]]]},"properties":{"a01_tinh":"diaphanhanhchinhcaptinh_sn.114","a02_xa":"diaphanhanhchinhcapxa_2025.1060","a03_ten":"Xã Cao Sơn","a04_tentinh":"Tỉnh Lào Cai","a05_truocsn":"Xã Lùng Khấu Nhin, Xã Tả Thàng, Xã La Pan Tẩn, Xã Cao Sơn","a06_trungtamhc":"Thôn Lồ Suối Tủng, xã Cao Sơn mới (Trụ sở xã Cao Sơn cũ)","a07_dt":"164.5","a08_ds":"14025","a09_dthoai":null,"a10_web":null,"ten":"Xã Cao Sơn","ma":"02782","tentinh":"Tỉnh Lào Cai","truocsapnhap":"Xã Lùng Khấu Nhin, Xã Tả Thàng, Xã La Pan Tẩn, Xã Cao Sơn","dientichkm2":null,"dansonguoi":null},"id":"diaphanhanhchinhcapxa_2025.1060"},
{"type":"Feature","geometry":{"type":"Polygon","coordinates":[[[104.73359,21.40643],[104.73303,21.40985],[104.73357,21.41302],[104.73423,21.41478],[104.73359,21.41925],[104.73261,21.41955],[104.73081,21.41941],[104.72984,21.42049],[104.72645,21.42286],[104.72616,21.42529],[104.72658,21.42702],[104.72768,21.42841],[104.72789,21.42994],[104.7298,21.43183],[104.73092,21.4318],[104.73162,21.43233],[104.73156,21.43343],[104.73293,21.43557],[104.73248,21.43662],[104.73205,21.43887],[104.7297,21.44028],[104.72905,21.44171],[104.72598,21.44381],[104.72503,21.44582],[104.72398,21.44675],[104.72541,21.44731],[104.72728,21.44907],[104.72848,21.45129],[104.7283,21.45346],[104.7303,21.45427],[104.73017,21.45577],[104.73144,21.45842],[104.73201,21.46041],[104.7354,21.46276],[104.73786,21.46375],[104.73723,21.46428],[104.73826,21.46546],[104.73997,21.46644],[104.74154,21.46794],[104.74116,21.46876],[104.73728,21.46954],[104.73538,21.46956],[104.73533,21.47108],[104.73424,21.4713],[104.73119,21.47031],[104.7297,21.47179],[104.72996,21.47384],[104.72848,21.47411],[104.72884,21.47614],[104.72932,21.47666],[104.73356,21.47762],[104.73564,21.4773],[104.73671,21.47786],[104.73584,21.4787],[104.73588,21.47943],[104.73438,21.47976],[104.73348,21.48087],[104.73216,21.48022],[104.72973,21.47835],[104.72842,21.4793],[104.72635,21.48007],[104.7238,21.48056],[104.72206,21.4818],[104.72137,21.48196],[104.71952,21.4808],[104.71854,21.48101],[104.71774,21.48258],[104.71828,21.48538],[104.71753,21.48733],[104.7187,21.48798],[104.71981,21.48935],[104.72206,21.48757],[104.72429,21.48762],[104.72459,21.48818],[104.7259,21.48839],[104.72709,21.48926],[104.72794,21.48922],[104.73001,21.48723],[104.73179,21.48653],[104.73208,21.48519],[104.73467,21.48383],[104.73506,21.48243],[104.73603,21.4821],[104.73831,21.48277],[104.73936,21.48247],[104.74042,21.48081],[104.74191,21.48174],[104.743,21.48172],[104.7438,21.4811],[104.74448,21.47874],[104.74634,21.47817],[104.74524,21.47598],[104.74522,21.47486],[104.7457,21.47434],[104.74701,21.47436],[104.74856,21.4718],[104.7501,21.47127],[104.74808,21.46753],[104.75041,21.46555],[104.75188,21.46745],[104.75216,21.4687],[104.75156,21.46949],[104.75188,21.47013],[104.75309,21.47072],[104.75552,21.47077],[104.756,21.47144],[104.75555,21.47211],[104.75753,21.47273],[104.75859,21.47278],[104.7599,21.4738],[104.76056,21.47529],[104.76285,21.47468],[104.76387,21.47529],[104.76428,21.47693],[104.76329,21.47809],[104.76339,21.47933],[104.76444,21.47995],[104.76499,21.48087],[104.76642,21.48202],[104.76622,21.48448],[104.76498,21.48506],[104.76331,21.4851],[104.76289,21.48698],[104.76206,21.48755],[104.76112,21.48927],[104.76042,21.48973],[104.75958,21.49143],[104.75856,21.4919],[104.75875,21.49277],[104.75778,21.49359],[104.75747,21.49438],[104.75657,21.49453],[104.75576,21.49532],[104.75473,21.49538],[104.75417,21.49627],[104.75285,21.49709],[104.75154,21.49882],[104.75035,21.49952],[104.74798,21.49932],[104.74752,21.5006],[104.74665,21.50167],[104.74523,21.50221],[104.74351,21.50336],[104.74336,21.50429],[104.74369,21.50625],[104.74408,21.50689],[104.7444,21.50996],[104.74381,21.51098],[104.74222,21.51277],[104.74225,21.51383],[104.74096,21.51589],[104.7394,21.51571],[104.73791,21.51653],[104.73639,21.51773],[104.73398,21.51715],[104.73339,21.51721],[104.73198,21.51822],[104.73108,21.51927],[104.73064,21.52049],[104.72917,21.52092],[104.73021,21.52288],[104.73049,21.52449],[104.72916,21.52712],[104.72652,21.52934],[104.72662,21.53118],[104.72589,21.53105],[104.72356,21.53174],[104.72231,21.53245],[104.7207,21.53254],[104.71929,21.53391],[104.71813,21.53413],[104.71702,21.53589],[104.71531,21.53619],[104.71364,21.5355],[104.71141,21.53738],[104.70838,21.5388],[104.70767,21.54052],[104.70566,21.54135],[104.70481,21.54263],[104.70388,21.54332],[104.70289,21.54349],[104.70173,21.54449],[104.70095,21.54458],[104.69864,21.54686],[104.69454,21.54878],[104.69186,21.55046],[104.69109,21.55057],[104.69086,21.55272],[104.6897,21.55271],[104.68861,21.5519],[104.68767,21.55167],[104.68663,21.55058],[104.68415,21.54936],[104.68355,21.54836],[104.68169,21.54782],[104.67997,21.5476],[104.67851,21.54688],[104.67711,21.54795],[104.67616,21.54823],[104.67495,21.54788],[104.67282,21.54812],[104.67206,21.54886],[104.67084,21.54854],[104.6697,21.54689],[104.67038,21.54598],[104.67239,21.54554],[104.67347,21.54464],[104.67546,21.54363],[104.67749,21.54373],[104.67847,21.54351],[104.67974,21.54162],[104.67963,21.54041],[104.67989,21.53882],[104.67928,21.53826],[104.6783,21.53876],[104.67625,21.53871],[104.67258,21.53747],[104.67197,21.53713],[104.67173,21.53611],[104.67081,21.53452],[104.66963,21.53371],[104.66807,21.53316],[104.66715,21.53112],[104.66558,21.53033],[104.6662,21.52844],[104.66683,21.52812],[104.66758,21.52671],[104.66776,21.52565],[104.669,21.52433],[104.66979,21.52197],[104.66996,21.5175],[104.67107,21.51604],[104.67124,21.51363],[104.66997,21.51193],[104.6697,21.51106],[104.66837,21.50997],[104.66826,21.50788],[104.66897,21.50713],[104.66918,21.50536],[104.66877,21.50453],[104.66778,21.5037],[104.66682,21.50368],[104.66536,21.50308],[104.66415,21.50152],[104.66418,21.49936],[104.66258,21.49742],[104.66141,21.4971],[104.65947,21.49508],[104.6606,21.49494],[104.66291,21.49365],[104.66374,21.49224],[104.66166,21.48864],[104.66026,21.48891],[104.65878,21.48881],[104.65794,21.48776],[104.65808,21.48659],[104.65724,21.48573],[104.65686,21.48474],[104.65494,21.4829],[104.653,21.48184],[104.65217,21.48062],[104.65333,21.47892],[104.65408,21.47849],[104.65563,21.47628],[104.65543,21.47486],[104.65619,21.47279],[104.65834,21.47124],[104.66002,21.4696],[104.66015,21.46889],[104.66183,21.4671],[104.6621,21.46597],[104.66302,21.46485],[104.66119,21.46312],[104.66102,21.46251],[104.65837,21.46058],[104.65732,21.46084],[104.6562,21.46043],[104.65455,21.45854],[104.65255,21.45844],[104.65101,21.45865],[104.64847,21.45767],[104.64643,21.45785],[104.64521,21.45657],[104.64245,21.45441],[104.64185,21.45376],[104.64187,21.45261],[104.64105,21.45067],[104.63991,21.44918],[104.63784,21.44774],[104.63555,21.44666],[104.6352,21.44463],[104.63462,21.44448],[104.63186,21.44468],[104.63022,21.44602],[104.62746,21.44599],[104.62485,21.44672],[104.6228,21.44707],[104.6221,21.44747],[104.62048,21.44925],[104.61793,21.45112],[104.61458,21.45178],[104.61392,21.45171],[104.6127,21.45246],[104.61076,21.45222],[104.60856,21.45382],[104.60772,21.45388],[104.60678,21.4533],[104.60497,21.45094],[104.6044,21.44946],[104.60143,21.44665],[104.60067,21.44618],[104.59719,21.44305],[104.59531,21.44161],[104.59358,21.44088],[104.59237,21.44001],[104.591,21.43976],[104.58954,21.43898],[104.58915,21.43819],[104.58918,21.43662],[104.58967,21.43502],[104.58918,21.43419],[104.58757,21.43281],[104.58659,21.43079],[104.5866,21.42954],[104.58752,21.42853],[104.58767,21.42693],[104.5865,21.42601],[104.58684,21.42346],[104.58676,21.42237],[104.58777,21.42299],[104.59091,21.42289],[104.59286,21.42129],[104.59684,21.41949],[104.5981,21.41943],[104.59996,21.41873],[104.60186,21.41758],[104.60515,21.41612],[104.60709,21.41588],[104.60721,21.41496],[104.60831,21.41368],[104.60827,21.41249],[104.60935,21.40951],[104.61076,21.40786],[104.61063,21.4065],[104.61248,21.40408],[104.61442,21.40296],[104.61579,21.40164],[104.61709,21.40121],[104.61916,21.4014],[104.62032,21.40096],[104.6206,21.39963],[104.62146,21.39847],[104.62209,21.39828],[104.62308,21.39673],[104.62584,21.39636],[104.62803,21.3953],[104.63075,21.39454],[104.63162,21.39274],[104.6335,21.39122],[104.63517,21.38936],[104.63803,21.38779],[104.63886,21.38759],[104.64052,21.38801],[104.64147,21.38668],[104.64297,21.38538],[104.64351,21.38403],[104.64469,21.38392],[104.64621,21.38287],[104.64804,21.38337],[104.65492,21.38331],[104.65551,21.38256],[104.65762,21.38144],[104.65874,21.38163],[104.66065,21.38034],[104.66239,21.38059],[104.66535,21.37917],[104.66594,21.37939],[104.66768,21.37853],[104.66847,21.37752],[104.67037,21.37612],[104.67281,21.37633],[104.6739,21.37664],[104.67642,21.3754],[104.67873,21.37531],[104.67952,21.37598],[104.68066,21.37602],[104.68185,21.37664],[104.68409,21.37711],[104.68552,21.37701],[104.68543,21.37823],[104.68589,21.37869],[104.68786,21.38182],[104.68803,21.38317],[104.68899,21.38458],[104.68911,21.38626],[104.68878,21.38691],[104.68828,21.39068],[104.68842,21.39234],[104.68777,21.39299],[104.68759,21.39439],[104.68827,21.39522],[104.68823,21.39597],[104.68917,21.39712],[104.68903,21.39802],[104.68963,21.39948],[104.68982,21.40085],[104.69095,21.40093],[104.69283,21.40003],[104.69476,21.39989],[104.69732,21.40018],[104.69808,21.40094],[104.69956,21.40314],[104.70222,21.40657],[104.70386,21.40546],[104.70535,21.40522],[104.70776,21.40283],[104.70812,21.40132],[104.7102,21.3997],[104.71466,21.40028],[104.72468,21.40069],[104.72719,21.40257],[104.7289,21.40451],[104.73132,21.40395],[104.73291,21.40614],[104.73359,21.40643]]]},"properties":{"a01_tinh":"diaphanhanhchinhcaptinh_sn.114","a02_xa":"diaphanhanhchinhcapxa_2025.1046","a03_ten":"Xã Cát Thịnh","a04_tentinh":"Tỉnh Lào Cai","a05_truocsn":"giữ nguyên","a06_trungtamhc":"đang cập nhật","a07_dt":"169.11","a08_ds":"11369","a09_dthoai":null,"a10_web":null,"ten":"Xã Cát Thịnh","ma":"04693","tentinh":"Tỉnh Lào Cai","truocsapnhap":"giữ nguyên","dientichkm2":null,"dansonguoi":null},"id":"diaphanhanhchinhcapxa_2025.1046"},
{"type":"Feature","geometry":{"type":"Polygon","coordinates":[[[104.76285,21.47468],[104.76438,21.47338],[104.76565,21.47413],[104.76681,21.47428],[104.7691,21.47311],[104.77124,21.47281],[104.77205,21.47387],[104.7799,21.47623],[104.78052,21.47541],[104.78167,21.47476],[104.78293,21.47493],[104.78472,21.47415],[104.78649,21.47432],[104.78852,21.47483],[104.7911,21.47517],[104.79111,21.4779],[104.79225,21.47898],[104.79565,21.47835],[104.7964,21.47848],[104.8012,21.48219],[104.80319,21.48232],[104.80313,21.48046],[104.80392,21.47925],[104.8038,21.47621],[104.80472,21.47568],[104.80557,21.47575],[104.80814,21.47525],[104.80969,21.47398],[104.80952,21.4729],[104.80858,21.47171],[104.80839,21.46902],[104.80692,21.46783],[104.80624,21.46616],[104.80618,21.4649],[104.80574,21.46409],[104.80401,21.46358],[104.80342,21.46261],[104.80247,21.46243],[104.80143,21.46114],[104.80166,21.45951],[104.80127,21.45883],[104.79904,21.45835],[104.79733,21.4584],[104.79726,21.45773],[104.79853,21.4556],[104.7988,21.45437],[104.80057,21.45449],[104.80185,21.45416],[104.80276,21.4516],[104.80345,21.45123],[104.80253,21.45017],[104.80276,21.44858],[104.8036,21.44768],[104.80468,21.44473],[104.80622,21.44369],[104.80696,21.44497],[104.80785,21.44565],[104.80893,21.44549],[104.80994,21.44412],[104.81177,21.44344],[104.81548,21.44378],[104.81646,21.44291],[104.81831,21.44463],[104.82016,21.44666],[104.82068,21.44993],[104.82262,21.4528],[104.82528,21.45539],[104.82598,21.4564],[104.82856,21.45842],[104.82914,21.46099],[104.83021,21.46254],[104.83004,21.46422],[104.8312,21.46453],[104.83295,21.46406],[104.83421,21.46543],[104.83509,21.46719],[104.83577,21.46748],[104.83873,21.46782],[104.84093,21.4668],[104.84452,21.46559],[104.84473,21.46739],[104.84617,21.46845],[104.84686,21.46928],[104.84744,21.4708],[104.84843,21.47099],[104.84929,21.47238],[104.85073,21.47242],[104.85173,21.47187],[104.85375,21.47211],[104.85432,21.47127],[104.85702,21.47128],[104.8579,21.47169],[104.85885,21.47378],[104.86036,21.47454],[104.86253,21.47425],[104.86332,21.47501],[104.86379,21.47649],[104.86273,21.47656],[104.86172,21.47746],[104.86301,21.47968],[104.86623,21.4798],[104.86802,21.47945],[104.86912,21.47981],[104.87008,21.48057],[104.87145,21.4807],[104.87301,21.48165],[104.87345,21.48295],[104.87688,21.48527],[104.87882,21.48451],[104.87966,21.48309],[104.87997,21.48122],[104.88088,21.47926],[104.88228,21.4779],[104.88376,21.47724],[104.88463,21.47744],[104.88525,21.47909],[104.88581,21.47932],[104.88801,21.47928],[104.88926,21.47857],[104.89174,21.47866],[104.89358,21.47918],[104.89435,21.4815],[104.89429,21.48404],[104.89383,21.48477],[104.89248,21.48581],[104.89158,21.48763],[104.8907,21.48834],[104.88932,21.49072],[104.88904,21.4918],[104.88799,21.49225],[104.88717,21.49398],[104.88633,21.49795],[104.88544,21.49995],[104.88446,21.50077],[104.88502,21.50205],[104.88474,21.50293],[104.88485,21.50497],[104.88304,21.5071],[104.88215,21.50922],[104.88312,21.51241],[104.88359,21.51535],[104.88317,21.51657],[104.88316,21.5185],[104.88273,21.51888],[104.88319,21.51999],[104.88401,21.52026],[104.88521,21.52176],[104.88468,21.52366],[104.88238,21.52703],[104.88185,21.52991],[104.88071,21.53137],[104.88021,21.53274],[104.87873,21.53502],[104.87688,21.5359],[104.87563,21.53701],[104.87461,21.53742],[104.87246,21.53922],[104.87078,21.53966],[104.86978,21.54163],[104.86883,21.54207],[104.86733,21.54206],[104.86631,21.54086],[104.86603,21.53934],[104.86413,21.53785],[104.86206,21.53536],[104.86087,21.53296],[104.85985,21.53194],[104.85924,21.5319],[104.85787,21.53284],[104.85608,21.53298],[104.85473,21.5327],[104.85311,21.53351],[104.85182,21.53257],[104.85086,21.53367],[104.84957,21.53443],[104.8479,21.53615],[104.84558,21.53647],[104.84377,21.53858],[104.84238,21.54164],[104.84176,21.54248],[104.84151,21.54381],[104.83902,21.54364],[104.838,21.54412],[104.8362,21.54398],[104.83472,21.5436],[104.83373,21.54391],[104.83216,21.54493],[104.83082,21.54641],[104.83051,21.54746],[104.82872,21.54978],[104.82882,21.55082],[104.8267,21.55307],[104.82271,21.55307],[104.82179,21.55248],[104.81965,21.55261],[104.81819,21.55242],[104.8166,21.55345],[104.81613,21.5556],[104.81172,21.55726],[104.80832,21.55628],[104.80782,21.55596],[104.80571,21.55625],[104.80227,21.55843],[104.80146,21.55869],[104.79875,21.56149],[104.79718,21.56269],[104.79662,21.56419],[104.79562,21.56432],[104.79434,21.5654],[104.79132,21.56592],[104.7902,21.56578],[104.78913,21.56518],[104.78422,21.56506],[104.78176,21.56304],[104.78112,21.562],[104.77961,21.56108],[104.78023,21.55973],[104.7806,21.55731],[104.77975,21.5568],[104.77935,21.55516],[104.77757,21.5547],[104.77582,21.55299],[104.77579,21.55083],[104.77533,21.54926],[104.77413,21.5475],[104.77226,21.54713],[104.77215,21.54581],[104.77045,21.54456],[104.76954,21.54326],[104.76901,21.54176],[104.7679,21.54122],[104.76851,21.54035],[104.76915,21.53726],[104.76933,21.53552],[104.769,21.5346],[104.76626,21.53319],[104.76437,21.53283],[104.76128,21.53465],[104.75966,21.53398],[104.7584,21.53388],[104.75709,21.53448],[104.75506,21.53425],[104.75319,21.53343],[104.7515,21.53346],[104.75008,21.53205],[104.74873,21.53189],[104.74742,21.53121],[104.74665,21.5321],[104.74541,21.53145],[104.74228,21.53107],[104.74099,21.53229],[104.74063,21.53314],[104.73925,21.53375],[104.73859,21.53534],[104.73744,21.5368],[104.73491,21.5372],[104.73315,21.53812],[104.73186,21.53736],[104.73055,21.53781],[104.7291,21.53755],[104.72814,21.53563],[104.72742,21.53523],[104.72737,21.53337],[104.72662,21.53118],[104.72652,21.52934],[104.72916,21.52712],[104.73049,21.52449],[104.73021,21.52288],[104.72917,21.52092],[104.73064,21.52049],[104.73108,21.51927],[104.73198,21.51822],[104.73339,21.51721],[104.73398,21.51715],[104.73639,21.51773],[104.73791,21.51653],[104.7394,21.51571],[104.74096,21.51589],[104.74225,21.51383],[104.74222,21.51277],[104.74381,21.51098],[104.7444,21.50996],[104.74408,21.50689],[104.74369,21.50625],[104.74336,21.50429],[104.74351,21.50336],[104.74523,21.50221],[104.74665,21.50167],[104.74752,21.5006],[104.74798,21.49932],[104.75035,21.49952],[104.75154,21.49882],[104.75285,21.49709],[104.75417,21.49627],[104.75473,21.49538],[104.75576,21.49532],[104.75657,21.49453],[104.75747,21.49438],[104.75778,21.49359],[104.75875,21.49277],[104.75856,21.4919],[104.75958,21.49143],[104.76042,21.48973],[104.76112,21.48927],[104.76206,21.48755],[104.76289,21.48698],[104.76331,21.4851],[104.76498,21.48506],[104.76622,21.48448],[104.76642,21.48202],[104.76499,21.48087],[104.76444,21.47995],[104.76339,21.47933],[104.76329,21.47809],[104.76428,21.47693],[104.76387,21.47529],[104.76285,21.47468]]]},"properties":{"a01_tinh":"diaphanhanhchinhcaptinh_sn.114","a02_xa":"diaphanhanhchinhcapxa_2025.1047","a03_ten":"Xã Chấn Thịnh","a04_tentinh":"Tỉnh Lào Cai","a05_truocsn":"Xã Tân Thịnh (huyện Văn Chấn), Xã Đại Lịch, Xã Chấn Thịnh","a06_trungtamhc":"đang cập nhật","a07_dt":"120.54","a08_ds":"1879","a09_dthoai":null,"a10_web":null,"ten":"Xã Chấn Thịnh","ma":"04699","tentinh":"Tỉnh Lào Cai","truocsapnhap":"Xã Tân Thịnh (huyện Văn Chấn), Xã Đại Lịch, Xã Chấn Thịnh","dientichkm2":null,"dansonguoi":null},"id":"diaphanhanhchinhcapxa_2025.1047"},
{"type":"Feature","geometry":{"type":"Polygon","coordinates":[[[104.53735,22.01322],[104.5354,22.01556],[104.53365,22.0169],[104.53227,22.01743],[104.52712,22.01823],[104.52098,22.02037],[104.51859,22.02095],[104.51175,22.02137],[104.50857,22.02191],[104.50706,22.02257],[104.50575,22.02349],[104.50463,22.02503],[104.50427,22.02614],[104.50357,22.03083],[104.50356,22.03181],[104.50297,22.03267],[104.50259,22.03525],[104.50063,22.03891],[104.49859,22.04211],[104.49766,22.04305],[104.49589,22.04413],[104.49441,22.04452],[104.48979,22.04503],[104.48599,22.04578],[104.484,22.04636],[104.48145,22.04801],[104.48004,22.05019],[104.47925,22.055],[104.47788,22.05894],[104.47695,22.06079],[104.47489,22.06256],[104.47157,22.0644],[104.47114,22.06501],[104.46855,22.06656],[104.46675,22.06828],[104.46612,22.0697],[104.46621,22.0728],[104.46607,22.07394],[104.4646,22.07695],[104.46359,22.0782],[104.46118,22.08036],[104.45974,22.08209],[104.45728,22.08462],[104.4549,22.08666],[104.45338,22.08751],[104.45002,22.0888],[104.44677,22.09061],[104.4431,22.09229],[104.44193,22.0926],[104.43843,22.093],[104.43574,22.09362],[104.43279,22.09462],[104.42947,22.09621],[104.42688,22.09811],[104.42623,22.09922],[104.42612,22.10037],[104.42705,22.10507],[104.42715,22.10735],[104.4264,22.10937],[104.42513,22.1108],[104.42269,22.1124],[104.422,22.11265],[104.41974,22.11238],[104.41637,22.11072],[104.41336,22.10966],[104.41052,22.10952],[104.4095,22.11028],[104.40865,22.1116],[104.40673,22.116],[104.40554,22.11909],[104.4025,22.11768],[104.40091,22.11757],[104.40081,22.11591],[104.39918,22.11459],[104.39751,22.11453],[104.39634,22.11368],[104.39613,22.11304],[104.39665,22.11124],[104.39577,22.10956],[104.39562,22.10858],[104.39399,22.10687],[104.39286,22.10627],[104.39226,22.10548],[104.39167,22.10367],[104.39028,22.10315],[104.39,22.10184],[104.39027,22.09977],[104.38985,22.0967],[104.39013,22.09519],[104.38721,22.09352],[104.38512,22.09403],[104.38424,22.09302],[104.38278,22.09281],[104.38051,22.09202],[104.37973,22.09115],[104.37957,22.08925],[104.37887,22.0889],[104.37911,22.08766],[104.37907,22.08474],[104.37868,22.08406],[104.3773,22.08354],[104.37866,22.08169],[104.37976,22.07799],[104.37954,22.0753],[104.37921,22.07451],[104.37931,22.07273],[104.3799,22.07216],[104.37999,22.07014],[104.3792,22.06861],[104.37832,22.06814],[104.37781,22.06712],[104.37951,22.06674],[104.38,22.066],[104.38192,22.0664],[104.38463,22.06538],[104.38672,22.06573],[104.38722,22.06545],[104.38561,22.06358],[104.38663,22.06247],[104.38761,22.06232],[104.38859,22.06147],[104.38877,22.05924],[104.39217,22.05425],[104.3927,22.05152],[104.3922,22.05099],[104.39314,22.04854],[104.39395,22.04821],[104.39494,22.04849],[104.39706,22.04812],[104.3981,22.04768],[104.39858,22.04661],[104.40034,22.04543],[104.40162,22.04518],[104.40172,22.04305],[104.40285,22.04126],[104.40372,22.04051],[104.40572,22.03666],[104.40688,22.03503],[104.40791,22.03447],[104.40851,22.03329],[104.40862,22.03193],[104.41,22.03263],[104.41093,22.03219],[104.41239,22.03254],[104.41272,22.03121],[104.41449,22.02939],[104.41456,22.0276],[104.416,22.02507],[104.4162,22.02301],[104.41687,22.02128],[104.41691,22.01855],[104.4176,22.01668],[104.41929,22.01404],[104.41729,22.01146],[104.41697,22.01044],[104.41764,22.00973],[104.41856,22.00799],[104.41947,22.00733],[104.42015,22.0052],[104.42162,22.00469],[104.42187,22.00387],[104.42112,22.00252],[104.42163,22.00098],[104.42151,21.99864],[104.42214,21.99616],[104.42259,21.9952],[104.42264,21.9932],[104.4223,21.99264],[104.42315,21.99031],[104.42427,21.98943],[104.42511,21.98967],[104.42627,21.9887],[104.42575,21.98701],[104.42667,21.98639],[104.42766,21.98467],[104.42901,21.98337],[104.42938,21.9805],[104.4292,21.97902],[104.42949,21.97725],[104.4291,21.97613],[104.42993,21.97484],[104.43026,21.97327],[104.4303,21.97129],[104.42935,21.96916],[104.42935,21.96804],[104.4282,21.96593],[104.42819,21.96498],[104.42966,21.96321],[104.42987,21.96036],[104.42936,21.95781],[104.42879,21.95707],[104.42857,21.95508],[104.4289,21.9534],[104.42934,21.95267],[104.43142,21.95065],[104.43369,21.95136],[104.43567,21.95334],[104.43699,21.954],[104.44101,21.95456],[104.44188,21.95452],[104.44338,21.95351],[104.44567,21.95315],[104.4474,21.95331],[104.44853,21.9546],[104.44888,21.95547],[104.45106,21.95795],[104.45427,21.95955],[104.45651,21.96198],[104.45815,21.9624],[104.46036,21.96195],[104.46154,21.96215],[104.46226,21.96287],[104.46268,21.96452],[104.46338,21.96504],[104.46452,21.96664],[104.46695,21.96649],[104.46878,21.96698],[104.46972,21.9658],[104.47066,21.9652],[104.47132,21.96395],[104.47542,21.96317],[104.47734,21.96294],[104.47799,21.96369],[104.48029,21.96273],[104.48117,21.96152],[104.4828,21.96021],[104.48572,21.96061],[104.487,21.96018],[104.48919,21.95995],[104.49035,21.95847],[104.4917,21.95747],[104.49109,21.95594],[104.4916,21.95513],[104.48945,21.95279],[104.49216,21.95223],[104.49314,21.9527],[104.49463,21.95193],[104.49638,21.95161],[104.49768,21.95283],[104.4996,21.9527],[104.50119,21.95376],[104.50291,21.95436],[104.50409,21.95368],[104.50557,21.95337],[104.50847,21.95197],[104.5099,21.95207],[104.51049,21.95281],[104.5132,21.95411],[104.51405,21.95484],[104.51656,21.95489],[104.51658,21.95352],[104.51823,21.9528],[104.51945,21.95197],[104.5216,21.95266],[104.52353,21.95341],[104.52563,21.95657],[104.52633,21.95702],[104.52727,21.95878],[104.52934,21.95883],[104.53031,21.96033],[104.52914,21.96205],[104.52995,21.96216],[104.53136,21.96348],[104.53077,21.96435],[104.53108,21.96584],[104.5323,21.96676],[104.53401,21.96856],[104.53343,21.96967],[104.53335,21.97097],[104.53145,21.97343],[104.5324,21.97427],[104.53222,21.97723],[104.53549,21.97862],[104.53624,21.97992],[104.53732,21.98096],[104.53868,21.98151],[104.53919,21.9828],[104.54008,21.98318],[104.53935,21.98487],[104.5386,21.98591],[104.5398,21.98717],[104.54059,21.98732],[104.54287,21.98932],[104.54395,21.99053],[104.54679,21.99179],[104.54888,21.99294],[104.55261,21.99694],[104.55314,21.99784],[104.55249,21.9991],[104.55085,22.00055],[104.54867,22.00216],[104.54391,22.00454],[104.5426,22.0054],[104.54099,22.00699],[104.53901,22.01001],[104.53802,22.0123],[104.53735,22.01322]]]},"properties":{"a01_tinh":"diaphanhanhchinhcaptinh_sn.114","a02_xa":"diaphanhanhchinhcapxa_2025.1017","a03_ten":"Xã Châu Quế","a04_tentinh":"Tỉnh Lào Cai","a05_truocsn":"Xã Châu Quế Thượng, Xã Châu Quế Hạ","a06_trungtamhc":"đang cập nhật","a07_dt":"162.25","a08_ds":"13457","a09_dthoai":null,"a10_web":null,"ten":"Xã Châu Quế","ma":"04387","tentinh":"Tỉnh Lào Cai","truocsapnhap":"Xã Châu Quế Thượng, Xã Châu Quế Hạ","dientichkm2":null,"dansonguoi":null},"id":"diaphanhanhchinhcapxa_2025.1017"},
{"type":"Feature","geometry":{"type":"Polygon","coordinates":[[[104.08804,21.76002],[104.08676,21.75852],[104.0861,21.75825],[104.08553,21.75646],[104.08525,21.75456],[104.08312,21.75196],[104.08066,21.75291],[104.07821,21.75249],[104.07675,21.75359],[104.07616,21.75455],[104.07357,21.75729],[104.07242,21.75734],[104.07054,21.75895],[104.06894,21.75913],[104.0689,21.75981],[104.06769,21.76077],[104.06624,21.7614],[104.06538,21.76244],[104.06397,21.76354],[104.05778,21.76477],[104.05605,21.76528],[104.05361,21.76566],[104.05238,21.7669],[104.05121,21.76658],[104.05019,21.76681],[104.04756,21.76652],[104.04546,21.76507],[104.04333,21.76397],[104.03972,21.7642],[104.03749,21.76454],[104.03693,21.76494],[104.03484,21.76517],[104.03253,21.76578],[104.03101,21.76666],[104.02982,21.76671],[104.0293,21.76754],[104.02798,21.76821],[104.02679,21.76817],[104.02542,21.76858],[104.02494,21.76761],[104.02365,21.76645],[104.02229,21.76594],[104.02002,21.76582],[104.0177,21.76597],[104.01554,21.76531],[104.0141,21.76355],[104.01412,21.76289],[104.01093,21.76407],[104.0099,21.76414],[104.00907,21.76526],[104.00869,21.76772],[104.00675,21.76842],[104.00592,21.76814],[104.00358,21.76992],[104.0025,21.7698],[104.00115,21.7705],[103.99898,21.77082],[103.99802,21.77029],[103.99677,21.77062],[103.9958,21.77034],[103.9938,21.7709],[103.99067,21.77089],[103.9883,21.77179],[103.9867,21.77166],[103.98574,21.77092],[103.9834,21.771],[103.98144,21.77057],[103.97756,21.77114],[103.97635,21.77037],[103.97383,21.76945],[103.97243,21.76988],[103.97112,21.76974],[103.9697,21.77018],[103.96788,21.77017],[103.96692,21.77054],[103.96625,21.76659],[103.96636,21.76598],[103.96606,21.76332],[103.96539,21.76109],[103.96333,21.75773],[103.96328,21.75626],[103.96188,21.75733],[103.9593,21.75728],[103.95888,21.75588],[103.95699,21.75397],[103.9554,21.75374],[103.9541,21.75485],[103.95285,21.75521],[103.95172,21.75596],[103.95138,21.75401],[103.9515,21.75228],[103.95242,21.75055],[103.95229,21.74966],[103.95275,21.74789],[103.95356,21.74598],[103.95288,21.74365],[103.95288,21.7409],[103.95004,21.74339],[103.94746,21.74394],[103.94505,21.74326],[103.94347,21.74325],[103.94265,21.74368],[103.93969,21.74143],[103.93895,21.74024],[103.93864,21.73868],[103.93592,21.73992],[103.93561,21.74124],[103.93486,21.74165],[103.93252,21.7419],[103.93068,21.74308],[103.92953,21.74292],[103.92491,21.74164],[103.92398,21.74091],[103.92386,21.74005],[103.92239,21.73886],[103.922,21.73812],[103.92081,21.73847],[103.91983,21.73707],[103.91898,21.73522],[103.91732,21.73399],[103.9159,21.73349],[103.91686,21.73185],[103.91809,21.72901],[103.91754,21.72524],[103.91762,21.72378],[103.91629,21.71989],[103.91538,21.71964],[103.91502,21.71888],[103.91352,21.71807],[103.91296,21.71717],[103.91173,21.71648],[103.91413,21.71499],[103.91576,21.7133],[103.91568,21.71244],[103.91712,21.7106],[103.91838,21.7099],[103.92001,21.70989],[103.92181,21.70765],[103.92227,21.70545],[103.92224,21.70445],[103.92272,21.70331],[103.92225,21.7],[103.92408,21.69868],[103.92917,21.69695],[103.93167,21.69537],[103.93505,21.69277],[103.93769,21.6913],[103.93762,21.68683],[103.93698,21.6846],[103.93666,21.68437],[103.93648,21.6817],[103.93583,21.67795],[103.93702,21.67614],[103.93627,21.67456],[103.93679,21.67376],[103.93621,21.67214],[103.93591,21.67044],[103.93717,21.66991],[103.94236,21.66975],[103.94351,21.66917],[103.94456,21.6682],[103.94513,21.66832],[103.9482,21.6699],[103.94967,21.67025],[103.95169,21.66953],[103.953,21.66934],[103.95467,21.67027],[103.95623,21.67043],[103.95852,21.66973],[103.96046,21.67059],[103.96135,21.67189],[103.96111,21.67379],[103.96188,21.67465],[103.96132,21.67551],[103.96138,21.67649],[103.96405,21.67885],[103.96882,21.67438],[103.97137,21.67279],[103.97374,21.67232],[103.97497,21.67161],[103.97556,21.67176],[103.97646,21.67345],[103.97616,21.67469],[103.97656,21.67519],[103.98102,21.67633],[103.9819,21.6774],[103.98477,21.67824],[103.98617,21.67746],[103.98663,21.67638],[103.98778,21.67558],[103.98734,21.67427],[103.98886,21.67388],[103.98957,21.67446],[103.99077,21.67435],[103.9941,21.67499],[103.99628,21.67576],[103.99826,21.67497],[103.99931,21.67428],[104.00049,21.6746],[104.00257,21.67357],[104.00409,21.67251],[104.00516,21.67279],[104.00581,21.67243],[104.0061,21.67132],[104.0056,21.66868],[104.00646,21.66715],[104.00689,21.66579],[104.00774,21.6656],[104.0095,21.66724],[104.01073,21.66741],[104.01218,21.66717],[104.01361,21.66776],[104.01507,21.66888],[104.01492,21.6704],[104.01606,21.6704],[104.01735,21.66911],[104.01818,21.66872],[104.02119,21.66836],[104.02194,21.66844],[104.02317,21.67029],[104.02428,21.6703],[104.02572,21.66923],[104.0268,21.66959],[104.02583,21.67093],[104.02675,21.67228],[104.02984,21.6711],[104.03187,21.67076],[104.03328,21.66985],[104.03473,21.66778],[104.03489,21.66678],[104.03579,21.66659],[104.03792,21.66537],[104.03969,21.66505],[104.04184,21.6635],[104.04284,21.66306],[104.04497,21.66274],[104.04533,21.66167],[104.0463,21.66021],[104.04806,21.65852],[104.04951,21.65804],[104.05277,21.65647],[104.05384,21.65727],[104.05452,21.65721],[104.05673,21.65578],[104.05947,21.65599],[104.0611,21.65572],[104.06328,21.65485],[104.06436,21.654],[104.06503,21.65404],[104.06945,21.65294],[104.07149,21.65186],[104.07331,21.65127],[104.07679,21.65096],[104.07936,21.65006],[104.08072,21.64931],[104.08344,21.64679],[104.08615,21.6451],[104.08707,21.64374],[104.087,21.64291],[104.08803,21.64263],[104.08946,21.6431],[104.09291,21.64214],[104.09403,21.64284],[104.09488,21.64403],[104.09626,21.64418],[104.09754,21.64518],[104.09941,21.6461],[104.09986,21.64684],[104.10195,21.64728],[104.10334,21.6462],[104.10494,21.64565],[104.10773,21.64517],[104.11212,21.64719],[104.11296,21.64656],[104.11454,21.64623],[104.11566,21.64641],[104.11907,21.64837],[104.12008,21.64965],[104.12689,21.6515],[104.12833,21.65137],[104.13201,21.65035],[104.13742,21.65193],[104.13916,21.65423],[104.1401,21.65397],[104.14344,21.65482],[104.1458,21.65492],[104.14507,21.65545],[104.1457,21.65691],[104.14417,21.65809],[104.14418,21.65902],[104.14263,21.66054],[104.1415,21.66239],[104.14031,21.66309],[104.13997,21.66423],[104.13846,21.66571],[104.13822,21.66734],[104.1372,21.66924],[104.13616,21.6702],[104.13627,21.67141],[104.13442,21.67312],[104.13392,21.67465],[104.13112,21.67685],[104.13081,21.67812],[104.13288,21.67981],[104.13386,21.67996],[104.13418,21.68079],[104.13383,21.68312],[104.13435,21.68431],[104.13425,21.68631],[104.13452,21.68694],[104.1356,21.68745],[104.13661,21.6904],[104.13681,21.69289],[104.13975,21.69548],[104.14156,21.69743],[104.14144,21.69889],[104.14172,21.70031],[104.14097,21.70198],[104.14175,21.70217],[104.14168,21.70403],[104.14032,21.70543],[104.14046,21.70655],[104.14141,21.70804],[104.14094,21.71033],[104.14134,21.71105],[104.14088,21.71317],[104.14228,21.71316],[104.14364,21.71532],[104.14331,21.71639],[104.14337,21.71772],[104.14154,21.7195],[104.1416,21.72053],[104.14107,21.72143],[104.141,21.72349],[104.13869,21.72741],[104.13761,21.72823],[104.13784,21.73054],[104.1363,21.7329],[104.13451,21.73533],[104.1346,21.73643],[104.13401,21.73715],[104.13187,21.73749],[104.13059,21.73703],[104.12904,21.73799],[104.12778,21.74107],[104.12415,21.74375],[104.1231,21.74553],[104.12245,21.74591],[104.11848,21.7464],[104.11739,21.74773],[104.11618,21.74861],[104.11534,21.74974],[104.11361,21.74891],[104.11164,21.74941],[104.10999,21.75041],[104.10882,21.75041],[104.10705,21.7518],[104.1054,21.75208],[104.10331,21.753],[104.10199,21.75426],[104.09965,21.7546],[104.09829,21.75455],[104.09664,21.75631],[104.09428,21.75787],[104.09252,21.75818],[104.08804,21.76002]]]},"properties":{"a01_tinh":"diaphanhanhchinhcaptinh_sn.114","a02_xa":"diaphanhanhchinhcapxa_2025.1028","a03_ten":"Xã Chế Tạo","a04_tentinh":"Tỉnh Lào Cai","a05_truocsn":"giữ nguyên","a06_trungtamhc":"đang cập nhật","a07_dt":"234.44","a08_ds":"265","a09_dthoai":null,"a10_web":null,"ten":"Xã Chế Tạo","ma":"04489","tentinh":"Tỉnh Lào Cai","truocsapnhap":"giữ nguyên","dientichkm2":null,"dansonguoi":null},"id":"diaphanhanhchinhcapxa_2025.1028"},
{"type":"Feature","geometry":{"type":"Polygon","coordinates":[[[104.32099,22.12807],[104.31948,22.12736],[104.31808,22.12772],[104.31629,22.12665],[104.3148,22.12761],[104.31255,22.12679],[104.31017,22.12733],[104.30663,22.12657],[104.30543,22.12546],[104.30318,22.12389],[104.29986,22.12308],[104.29711,22.12288],[104.2964,22.12156],[104.29431,22.11879],[104.293,22.11818],[104.29232,22.11691],[104.29147,22.11608],[104.29041,22.11585],[104.28821,22.1147],[104.28687,22.11347],[104.28543,22.11474],[104.28288,22.11591],[104.28173,22.11564],[104.2821,22.11423],[104.28314,22.11369],[104.28299,22.11291],[104.28383,22.11177],[104.28458,22.11143],[104.28467,22.11033],[104.28354,22.10965],[104.28371,22.10856],[104.28535,22.10838],[104.28587,22.10766],[104.29002,22.10664],[104.29124,22.107],[104.29159,22.10472],[104.29215,22.10374],[104.29352,22.10269],[104.29527,22.1018],[104.29692,22.10126],[104.2968,22.10057],[104.29731,22.09869],[104.29809,22.09744],[104.29814,22.0958],[104.29974,22.09436],[104.30099,22.09279],[104.30494,22.09313],[104.30612,22.09403],[104.30718,22.09349],[104.30791,22.092],[104.31032,22.08824],[104.31069,22.08473],[104.31131,22.08385],[104.31288,22.08322],[104.31391,22.08163],[104.31536,22.07985],[104.3164,22.0794],[104.31848,22.07758],[104.31857,22.07526],[104.31933,22.07364],[104.31896,22.07145],[104.3194,22.06961],[104.32096,22.06744],[104.31953,22.06683],[104.31909,22.06582],[104.31661,22.06476],[104.31559,22.06307],[104.31593,22.06195],[104.31759,22.06133],[104.31918,22.06034],[104.32094,22.06117],[104.32184,22.06003],[104.32243,22.06049],[104.32457,22.06076],[104.32329,22.05904],[104.32107,22.05864],[104.32005,22.05812],[104.31811,22.0577],[104.31772,22.05652],[104.31805,22.05299],[104.31751,22.05207],[104.3173,22.05073],[104.31815,22.04778],[104.3174,22.04518],[104.31822,22.03715],[104.3193,22.03685],[104.32007,22.03616],[104.32215,22.03764],[104.32335,22.03779],[104.32386,22.03667],[104.32582,22.0362],[104.32653,22.03675],[104.32865,22.03659],[104.33136,22.0373],[104.3328,22.03727],[104.33323,22.03595],[104.33474,22.03483],[104.33574,22.03458],[104.3366,22.03288],[104.33799,22.03249],[104.33813,22.03081],[104.3393,22.03055],[104.34008,22.0298],[104.34121,22.02959],[104.34283,22.02822],[104.3448,22.02703],[104.34367,22.02493],[104.34424,22.02291],[104.34511,22.02181],[104.34599,22.01982],[104.34516,22.01814],[104.3466,22.01578],[104.34656,22.01494],[104.34902,22.01315],[104.34968,22.01226],[104.34843,22.01019],[104.3485,22.00833],[104.34882,22.00702],[104.34686,22.00561],[104.34596,22.0045],[104.34589,22.00336],[104.34675,22.00135],[104.34808,21.9996],[104.3486,21.99793],[104.34904,21.99496],[104.34964,21.99399],[104.35103,21.9926],[104.35235,21.98771],[104.35158,21.98284],[104.35234,21.98066],[104.35146,21.97443],[104.35193,21.97337],[104.35008,21.97272],[104.34912,21.96959],[104.34919,21.96807],[104.35008,21.96655],[104.34905,21.96514],[104.34948,21.96347],[104.34827,21.96234],[104.34799,21.96135],[104.34682,21.95952],[104.346,21.95912],[104.34596,21.9578],[104.34785,21.95596],[104.3482,21.95368],[104.34709,21.95298],[104.34659,21.9512],[104.34574,21.95073],[104.34496,21.94906],[104.34489,21.94741],[104.34353,21.94584],[104.3431,21.94472],[104.3415,21.94315],[104.33914,21.94175],[104.33881,21.94061],[104.33773,21.93853],[104.33659,21.93757],[104.33538,21.93608],[104.33313,21.93378],[104.333,21.93189],[104.33146,21.92957],[104.32929,21.92836],[104.32878,21.92714],[104.32996,21.92675],[104.3301,21.92614],[104.33167,21.92563],[104.33071,21.92491],[104.33049,21.92293],[104.33086,21.92257],[104.33065,21.92082],[104.33022,21.92007],[104.32842,21.92],[104.32661,21.91915],[104.3257,21.9183],[104.32545,21.91551],[104.3256,21.91416],[104.32495,21.91271],[104.32567,21.91091],[104.32545,21.91044],[104.32691,21.90917],[104.32923,21.90832],[104.33035,21.89884],[104.33245,21.89772],[104.33338,21.89645],[104.33853,21.8927],[104.3379,21.89221],[104.33843,21.89045],[104.33783,21.88833],[104.33715,21.88738],[104.33834,21.88707],[104.33899,21.8864],[104.3395,21.88501],[104.34127,21.88372],[104.34304,21.88284],[104.3462,21.88238],[104.34878,21.88066],[104.35152,21.87907],[104.35254,21.87732],[104.35367,21.87664],[104.35376,21.87515],[104.35457,21.87609],[104.35644,21.87758],[104.35857,21.87776],[104.35947,21.87823],[104.36135,21.88002],[104.36253,21.88232],[104.36268,21.88393],[104.36381,21.88444],[104.36657,21.88513],[104.36916,21.88706],[104.37194,21.88732],[104.37389,21.88859],[104.37582,21.89124],[104.37866,21.89243],[104.37879,21.89309],[104.38023,21.89439],[104.38127,21.89568],[104.38396,21.89825],[104.3855,21.89887],[104.38582,21.89997],[104.38578,21.90298],[104.38627,21.90402],[104.38608,21.90519],[104.38615,21.90863],[104.38693,21.91136],[104.38919,21.9126],[104.39143,21.91441],[104.39239,21.91472],[104.39396,21.91677],[104.39546,21.9173],[104.39564,21.91914],[104.39609,21.91964],[104.39872,21.92026],[104.40073,21.91998],[104.40343,21.91993],[104.40431,21.91957],[104.40572,21.92024],[104.40654,21.92149],[104.41038,21.9244],[104.41206,21.92635],[104.41502,21.92861],[104.41532,21.92973],[104.4197,21.93057],[104.42182,21.9316],[104.42288,21.93262],[104.42362,21.93419],[104.42567,21.93509],[104.42678,21.9362],[104.42848,21.93671],[104.42838,21.93825],[104.42924,21.93915],[104.42947,21.9408],[104.43024,21.94235],[104.43083,21.94478],[104.43238,21.94534],[104.4325,21.94592],[104.43142,21.95065],[104.42934,21.95267],[104.4289,21.9534],[104.42857,21.95508],[104.42879,21.95707],[104.42936,21.95781],[104.42987,21.96036],[104.42966,21.96321],[104.42819,21.96498],[104.4282,21.96593],[104.42935,21.96804],[104.42935,21.96916],[104.4303,21.97129],[104.43026,21.97327],[104.42993,21.97484],[104.4291,21.97613],[104.42949,21.97725],[104.4292,21.97902],[104.42938,21.9805],[104.42901,21.98337],[104.42766,21.98467],[104.42667,21.98639],[104.42575,21.98701],[104.42627,21.9887],[104.42511,21.98967],[104.42427,21.98943],[104.42315,21.99031],[104.4223,21.99264],[104.42264,21.9932],[104.42259,21.9952],[104.42214,21.99616],[104.42151,21.99864],[104.42163,22.00098],[104.42112,22.00252],[104.42187,22.00387],[104.42162,22.00469],[104.42015,22.0052],[104.41947,22.00733],[104.41856,22.00799],[104.41764,22.00973],[104.41697,22.01044],[104.41729,22.01146],[104.41929,22.01404],[104.4176,22.01668],[104.41691,22.01855],[104.41687,22.02128],[104.4162,22.02301],[104.416,22.02507],[104.41456,22.0276],[104.41449,22.02939],[104.41272,22.03121],[104.41239,22.03254],[104.41093,22.03219],[104.41,22.03263],[104.40862,22.03193],[104.40851,22.03329],[104.40791,22.03447],[104.40688,22.03503],[104.40572,22.03666],[104.40372,22.04051],[104.40285,22.04126],[104.40172,22.04305],[104.40162,22.04518],[104.40034,22.04543],[104.39858,22.04661],[104.3981,22.04768],[104.39706,22.04812],[104.39494,22.04849],[104.39395,22.04821],[104.39314,22.04854],[104.3922,22.05099],[104.3927,22.05152],[104.39217,22.05425],[104.38877,22.05924],[104.38859,22.06147],[104.38761,22.06232],[104.38663,22.06247],[104.38561,22.06358],[104.38722,22.06545],[104.38672,22.06573],[104.38463,22.06538],[104.38192,22.0664],[104.38,22.066],[104.37951,22.06674],[104.37781,22.06712],[104.37832,22.06814],[104.3792,22.06861],[104.37999,22.07014],[104.3799,22.07216],[104.37931,22.07273],[104.37921,22.07451],[104.37954,22.0753],[104.37976,22.07799],[104.37866,22.08169],[104.3773,22.08354],[104.37611,22.08461],[104.37505,22.08458],[104.37288,22.08584],[104.36844,22.08935],[104.36603,22.09013],[104.36561,22.09115],[104.36479,22.09148],[104.36446,22.09317],[104.36286,22.09421],[104.36118,22.09473],[104.36047,22.09778],[104.36034,22.10135],[104.36005,22.10309],[104.35767,22.10442],[104.35737,22.10532],[104.35627,22.10686],[104.35383,22.10673],[104.35225,22.10947],[104.34908,22.10912],[104.34776,22.10916],[104.34665,22.10835],[104.34448,22.10825],[104.34341,22.10921],[104.34215,22.10944],[104.34132,22.1092],[104.34005,22.10959],[104.33924,22.11256],[104.33795,22.11443],[104.33745,22.11582],[104.33536,22.11645],[104.33481,22.11724],[104.3334,22.11709],[104.33156,22.11636],[104.32999,22.11741],[104.32893,22.11767],[104.32816,22.11972],[104.32727,22.12021],[104.32688,22.12174],[104.32554,22.1221],[104.32523,22.12358],[104.32531,22.12483],[104.32479,22.12539],[104.32482,22.12666],[104.32436,22.12736],[104.32322,22.12788],[104.32099,22.12807]]]},"properties":{"a01_tinh":"diaphanhanhchinhcaptinh_sn.114","a02_xa":"diaphanhanhchinhcapxa_2025.1086","a03_ten":"Xã Chiềng Ken","a04_tentinh":"Tỉnh Lào Cai","a05_truocsn":"Xã Nậm Tha, Xã Chiềng Ken","a06_trungtamhc":"Thôn Bẻ 3, xã Chiềng Ken (Trụ sở xã Chiềng Ken cũ)","a07_dt":"191.3","a08_ds":"9306","a09_dthoai":null,"a10_web":null,"ten":"Xã Chiềng Ken","ma":"03091","tentinh":"Tỉnh Lào Cai","truocsapnhap":"Xã Nậm Tha, Xã Chiềng Ken","dientichkm2":null,"dansonguoi":null},"id":"diaphanhanhchinhcapxa_2025.1086"},
{"type":"Feature","geometry":{"type":"Polygon","coordinates":[[[104.46149,22.34167],[104.46251,22.34527],[104.4623,22.3476],[104.46136,22.3487],[104.45937,22.34957],[104.45712,22.34984],[104.45633,22.35204],[104.4563,22.35368],[104.45665,22.35419],[104.45633,22.3558],[104.45669,22.35694],[104.45512,22.35776],[104.45401,22.35974],[104.4524,22.36066],[104.45051,22.36104],[104.44953,22.36384],[104.44971,22.36481],[104.44733,22.36457],[104.44574,22.36485],[104.44468,22.36445],[104.44233,22.3641],[104.44139,22.36346],[104.43718,22.36383],[104.43501,22.36352],[104.43319,22.36396],[104.43124,22.36371],[104.42973,22.36452],[104.42947,22.36644],[104.42906,22.36757],[104.428,22.36861],[104.42688,22.36848],[104.42494,22.36903],[104.42399,22.36982],[104.42186,22.37057],[104.4213,22.37212],[104.41978,22.37405],[104.41846,22.3768],[104.41928,22.37819],[104.41899,22.38074],[104.41935,22.38141],[104.42078,22.38262],[104.42317,22.38323],[104.42262,22.38548],[104.4226,22.38678],[104.42208,22.38811],[104.42079,22.38967],[104.41925,22.39104],[104.41803,22.39089],[104.41673,22.39191],[104.41516,22.39156],[104.4139,22.39039],[104.41266,22.39002],[104.41114,22.3909],[104.4072,22.38983],[104.40531,22.38885],[104.40378,22.38769],[104.40046,22.38806],[104.39943,22.38877],[104.39964,22.39071],[104.39844,22.39342],[104.39681,22.39535],[104.39608,22.39681],[104.39429,22.39916],[104.3922,22.39989],[104.38975,22.40129],[104.39081,22.40238],[104.39094,22.40386],[104.39295,22.40454],[104.39349,22.40515],[104.3938,22.40845],[104.39323,22.40951],[104.39302,22.41094],[104.39394,22.41231],[104.39326,22.41464],[104.39238,22.41588],[104.39239,22.4174],[104.39199,22.41831],[104.3907,22.41956],[104.39235,22.42254],[104.39489,22.42364],[104.39593,22.42349],[104.39788,22.42783],[104.39749,22.4289],[104.39716,22.43139],[104.39668,22.43345],[104.39621,22.43406],[104.39682,22.43528],[104.39888,22.43768],[104.40053,22.43931],[104.4007,22.44107],[104.40273,22.4448],[104.40175,22.44682],[104.39903,22.44947],[104.39692,22.4502],[104.39588,22.45116],[104.39612,22.4535],[104.39669,22.4546],[104.3956,22.45611],[104.39376,22.45643],[104.3913,22.45993],[104.3911,22.46205],[104.39036,22.46258],[104.38832,22.46484],[104.38729,22.46425],[104.3835,22.46387],[104.38255,22.46326],[104.38051,22.46298],[104.37857,22.46246],[104.37651,22.45979],[104.37409,22.45856],[104.37286,22.45672],[104.37198,22.45658],[104.37176,22.45567],[104.37041,22.45516],[104.36969,22.45434],[104.36854,22.45382],[104.36695,22.45205],[104.36716,22.45007],[104.36483,22.44814],[104.36383,22.4461],[104.36056,22.44674],[104.35868,22.44735],[104.35663,22.44768],[104.35443,22.44645],[104.35199,22.44373],[104.35034,22.4409],[104.34931,22.43982],[104.34524,22.4371],[104.34508,22.43592],[104.34384,22.43589],[104.34145,22.43637],[104.34025,22.43617],[104.33901,22.43548],[104.33764,22.43382],[104.33674,22.43333],[104.33413,22.43417],[104.33322,22.43472],[104.33156,22.4343],[104.32909,22.43182],[104.32701,22.43058],[104.32632,22.42944],[104.32467,22.42787],[104.32454,22.427],[104.32262,22.42319],[104.32272,22.41982],[104.32229,22.41881],[104.32049,22.41791],[104.31943,22.41708],[104.31796,22.41484],[104.31701,22.41398],[104.31765,22.41253],[104.31757,22.41176],[104.31634,22.41015],[104.31541,22.40953],[104.31264,22.40994],[104.3122,22.40911],[104.31265,22.40696],[104.31378,22.40604],[104.31414,22.40402],[104.31392,22.40269],[104.31332,22.40214],[104.31195,22.40184],[104.31203,22.39996],[104.31137,22.39896],[104.31022,22.3992],[104.30853,22.39891],[104.30698,22.3979],[104.30719,22.39695],[104.30892,22.3958],[104.30998,22.39382],[104.31044,22.39152],[104.30863,22.39113],[104.30747,22.39209],[104.30549,22.39282],[104.30368,22.39242],[104.30109,22.39243],[104.29979,22.39156],[104.29799,22.38943],[104.2969,22.38863],[104.29515,22.388],[104.29166,22.38758],[104.29009,22.38694],[104.28886,22.38705],[104.28785,22.38841],[104.28608,22.39013],[104.28269,22.39167],[104.28156,22.39314],[104.27993,22.39439],[104.27848,22.39601],[104.27825,22.39804],[104.27682,22.40015],[104.27556,22.40253],[104.27446,22.40333],[104.27392,22.40531],[104.27338,22.40582],[104.27213,22.40602],[104.27007,22.40595],[104.26896,22.40639],[104.26801,22.40748],[104.26715,22.40971],[104.26513,22.40916],[104.26505,22.40636],[104.26536,22.40547],[104.26544,22.40345],[104.26493,22.40006],[104.2653,22.39936],[104.26548,22.3964],[104.26575,22.39548],[104.26549,22.39336],[104.26558,22.39112],[104.26608,22.38931],[104.26466,22.38656],[104.26297,22.382],[104.26286,22.3807],[104.26361,22.38011],[104.26319,22.37884],[104.26346,22.37718],[104.26408,22.37655],[104.26421,22.37456],[104.26508,22.3728],[104.26508,22.37105],[104.26834,22.36945],[104.26856,22.36911],[104.27046,22.36901],[104.2717,22.37027],[104.27291,22.37102],[104.27495,22.36971],[104.27685,22.36892],[104.27861,22.3677],[104.27925,22.36537],[104.28222,22.36285],[104.28404,22.36275],[104.28525,22.36312],[104.28592,22.3647],[104.28567,22.36566],[104.28713,22.36563],[104.28922,22.36404],[104.29064,22.36364],[104.29149,22.36271],[104.2922,22.36114],[104.29197,22.36012],[104.2929,22.35751],[104.29383,22.35797],[104.29545,22.35777],[104.29753,22.35687],[104.29876,22.35666],[104.30037,22.35598],[104.30119,22.35462],[104.30247,22.35309],[104.30482,22.35107],[104.30613,22.35074],[104.30846,22.34943],[104.30916,22.3482],[104.31093,22.34718],[104.3134,22.34694],[104.31461,22.34656],[104.31584,22.34572],[104.31756,22.34577],[104.32002,22.34424],[104.32064,22.34267],[104.3218,22.34144],[104.3228,22.34099],[104.32663,22.33977],[104.32742,22.3413],[104.32834,22.34169],[104.32943,22.34157],[104.3298,22.34261],[104.33182,22.34312],[104.33224,22.3437],[104.33421,22.34501],[104.33587,22.3451],[104.33608,22.34628],[104.33859,22.34818],[104.33879,22.34903],[104.34203,22.35026],[104.34323,22.35042],[104.3433,22.35292],[104.34383,22.35402],[104.34475,22.35371],[104.34572,22.35463],[104.34511,22.35616],[104.34537,22.35721],[104.34646,22.35829],[104.34788,22.36065],[104.34865,22.36284],[104.35001,22.36273],[104.35101,22.36214],[104.35282,22.36177],[104.35424,22.36044],[104.35513,22.36058],[104.3565,22.36005],[104.35752,22.36007],[104.3586,22.35831],[104.35929,22.3578],[104.36251,22.35734],[104.36418,22.35596],[104.36618,22.35597],[104.36749,22.35551],[104.36954,22.35345],[104.37072,22.35335],[104.37148,22.35285],[104.37275,22.3528],[104.37412,22.35188],[104.37485,22.35184],[104.376,22.35066],[104.3766,22.34952],[104.37701,22.34625],[104.37785,22.3446],[104.37891,22.34356],[104.38084,22.34278],[104.38364,22.34256],[104.38626,22.3416],[104.38922,22.34199],[104.39017,22.34196],[104.39286,22.34059],[104.39395,22.33904],[104.39525,22.33787],[104.39664,22.33763],[104.39956,22.33904],[104.40171,22.34033],[104.40294,22.34133],[104.40419,22.3418],[104.40656,22.34173],[104.40733,22.34134],[104.40984,22.33937],[104.41237,22.33832],[104.41354,22.33742],[104.41443,22.33613],[104.41637,22.33527],[104.41711,22.33532],[104.42454,22.33467],[104.42687,22.33309],[104.42906,22.33133],[104.43034,22.32955],[104.432,22.32842],[104.43322,22.32727],[104.43445,22.32545],[104.43515,22.32503],[104.43573,22.32553],[104.43738,22.32587],[104.43788,22.32654],[104.43877,22.32543],[104.43947,22.32581],[104.4412,22.325],[104.44143,22.32675],[104.44088,22.3281],[104.44102,22.3313],[104.44289,22.33128],[104.44319,22.3325],[104.44495,22.33481],[104.44505,22.33576],[104.44647,22.33701],[104.4465,22.33764],[104.44842,22.33845],[104.44855,22.34023],[104.44804,22.34108],[104.44837,22.34173],[104.44959,22.34164],[104.45107,22.34199],[104.45345,22.3417],[104.4551,22.34209],[104.45639,22.34131],[104.45777,22.34174],[104.46149,22.34167]]]},"properties":{"a01_tinh":"diaphanhanhchinhcaptinh_sn.114","a02_xa":"diaphanhanhchinhcapxa_2025.1069","a03_ten":"Xã Cốc Lầu","a04_tentinh":"Tỉnh Lào Cai","a05_truocsn":"Xã Nậm Lúc, Xã Bản Cái, Xã Cốc Lầu","a06_trungtamhc":"Thôn Hà Tiên, xã Cốc Lầu (Trụ sở xã Cốc Lầu cũ)","a07_dt":"135.8","a08_ds":"88","a09_dthoai":null,"a10_web":null,"ten":"Xã Cốc Lầu","ma":"02896","tentinh":"Tỉnh Lào Cai","truocsapnhap":"Xã Nậm Lúc, Xã Bản Cái, Xã Cốc Lầu","dientichkm2":null,"dansonguoi":null},"id":"diaphanhanhchinhcapxa_2025.1069"},
{"type":"Feature","geometry":{"type":"Polygon","coordinates":[[[103.9459,22.49911],[103.9449,22.50225],[103.94368,22.50451],[103.94321,22.50506],[103.9479,22.5089],[103.946,22.51105],[103.94491,22.51196],[103.95024,22.51668],[103.94948,22.51862],[103.9485,22.52101],[103.94649,22.5241],[103.9451,22.52534],[103.94236,22.5261],[103.93687,22.52614],[103.93481,22.52653],[103.93262,22.52737],[103.93003,22.52627],[103.92974,22.52594],[103.92968,22.52366],[103.92783,22.52318],[103.92623,22.52168],[103.92584,22.52009],[103.92662,22.51753],[103.92803,22.5164],[103.92939,22.51568],[103.92872,22.51485],[103.92616,22.51375],[103.92564,22.51033],[103.92747,22.50776],[103.92787,22.50654],[103.92623,22.50643],[103.92612,22.50525],[103.92428,22.50274],[103.92551,22.50146],[103.92616,22.49905],[103.92727,22.49739],[103.92724,22.49651],[103.92607,22.49568],[103.92618,22.49345],[103.92662,22.49261],[103.92694,22.49074],[103.92646,22.49018],[103.92644,22.48899],[103.9271,22.48835],[103.926,22.48772],[103.92531,22.48683],[103.92395,22.48672],[103.92354,22.4858],[103.92357,22.48384],[103.92308,22.48308],[103.92146,22.48256],[103.91901,22.4807],[103.91749,22.48059],[103.91427,22.47983],[103.91336,22.47993],[103.91254,22.47906],[103.91085,22.47801],[103.90892,22.47749],[103.90765,22.47621],[103.9064,22.47649],[103.90577,22.47755],[103.90424,22.47828],[103.90443,22.4797],[103.90357,22.48091],[103.90325,22.48203],[103.90329,22.48547],[103.90299,22.48662],[103.90166,22.48741],[103.9009,22.48911],[103.90109,22.49162],[103.90044,22.49375],[103.89966,22.49423],[103.89895,22.49356],[103.89855,22.49213],[103.89761,22.4908],[103.8968,22.48909],[103.8975,22.48617],[103.89622,22.48634],[103.89603,22.48769],[103.89471,22.48802],[103.89434,22.48718],[103.89326,22.48654],[103.89236,22.48549],[103.89134,22.48059],[103.89026,22.4797],[103.89024,22.47741],[103.88991,22.47503],[103.88906,22.4726],[103.88847,22.47198],[103.88841,22.47083],[103.88719,22.46906],[103.88666,22.46739],[103.88649,22.46574],[103.88588,22.46445],[103.88578,22.46238],[103.88599,22.46166],[103.88506,22.46024],[103.88457,22.45827],[103.88408,22.45762],[103.88522,22.45573],[103.88647,22.45472],[103.88845,22.45257],[103.88933,22.45033],[103.89075,22.4497],[103.89067,22.44875],[103.88971,22.4465],[103.89005,22.44441],[103.8917,22.44175],[103.89167,22.4412],[103.88942,22.43866],[103.88958,22.43631],[103.89072,22.43566],[103.89158,22.43374],[103.89291,22.43218],[103.89498,22.431],[103.89807,22.42716],[103.89867,22.42677],[103.90088,22.42426],[103.90244,22.42342],[103.90388,22.42353],[103.90436,22.42299],[103.91178,22.42068],[103.91404,22.42032],[103.91635,22.42208],[103.91977,22.4267],[103.92112,22.42573],[103.92377,22.42457],[103.92508,22.42314],[103.92555,22.42118],[103.92584,22.41875],[103.92753,22.41702],[103.92811,22.41585],[103.92925,22.41482],[103.92942,22.41405],[103.93047,22.41305],[103.93106,22.41115],[103.9325,22.41032],[103.9322,22.40947],[103.93274,22.40881],[103.93173,22.40829],[103.93182,22.40639],[103.93226,22.4069],[103.93448,22.40743],[103.936,22.40949],[103.93738,22.41058],[103.93854,22.41272],[103.93959,22.413],[103.93973,22.41433],[103.94039,22.41534],[103.94162,22.41617],[103.94145,22.41768],[103.94178,22.42076],[103.94358,22.423],[103.9449,22.42403],[103.94693,22.42644],[103.94823,22.42679],[103.9499,22.42769],[103.95249,22.42976],[103.95558,22.43131],[103.95601,22.43311],[103.95666,22.43381],[103.95668,22.4377],[103.95883,22.43813],[103.96126,22.4401],[103.96141,22.44169],[103.96052,22.44214],[103.96007,22.4434],[103.95797,22.44562],[103.95607,22.44956],[103.95612,22.45206],[103.95649,22.45454],[103.95759,22.45468],[103.95811,22.45709],[103.95958,22.45821],[103.96205,22.45895],[103.96319,22.45961],[103.9635,22.46148],[103.96252,22.46236],[103.96195,22.46422],[103.96435,22.46665],[103.96244,22.46808],[103.9655,22.46946],[103.96463,22.47102],[103.9666,22.47324],[103.96738,22.47463],[103.96816,22.47463],[103.96781,22.47655],[103.96705,22.47714],[103.96665,22.47824],[103.96519,22.47948],[103.96492,22.48005],[103.96249,22.48241],[103.96249,22.48361],[103.96117,22.48482],[103.96008,22.48502],[103.95954,22.48666],[103.95807,22.48818],[103.95594,22.48983],[103.9559,22.49128],[103.95532,22.49173],[103.95361,22.492],[103.95349,22.49376],[103.95269,22.49451],[103.95235,22.49575],[103.95117,22.49732],[103.9485,22.49551],[103.94657,22.49796],[103.9459,22.49911]]]},"properties":{"a01_tinh":"diaphanhanhchinhcaptinh_sn.114","a02_xa":"diaphanhanhchinhcapxa_2025.1098","a03_ten":"Xã Cốc San","a04_tentinh":"Tỉnh Lào Cai","a05_truocsn":"Xã Đồng Tuyển, Xã Tòng Sành, Xã Cốc San","a06_trungtamhc":"Thôn Tòng Chú 3, xã Cốc San (Trụ sở xã Cốc San cũ)","a07_dt":"57.2","a08_ds":"11085","a09_dthoai":null,"a10_web":null,"ten":"Xã Cốc San","ma":"02746","tentinh":"Tỉnh Lào Cai","truocsapnhap":"Xã Đồng Tuyển, Xã Tòng Sành, Xã Cốc San","dientichkm2":null,"dansonguoi":null},"id":"diaphanhanhchinhcapxa_2025.1098"},
{"type":"Feature","geometry":{"type":"Polygon","coordinates":[[[103.67708,22.612],[103.67584,22.61338],[103.67332,22.61549],[103.67204,22.61575],[103.67044,22.61783],[103.66853,22.61964],[103.66824,22.62097],[103.66867,22.62196],[103.66714,22.62401],[103.66563,22.62425],[103.66496,22.6249],[103.66522,22.62631],[103.66488,22.62719],[103.66284,22.62831],[103.65705,22.61964],[103.62659,22.62927],[103.62499,22.61808],[103.61768,22.61007],[103.61663,22.60917],[103.61701,22.60767],[103.61712,22.60331],[103.61777,22.60208],[103.6179,22.59792],[103.61866,22.59661],[103.61857,22.59556],[103.61644,22.59669],[103.61422,22.59748],[103.61151,22.59727],[103.60842,22.59756],[103.60714,22.59835],[103.60461,22.59835],[103.60073,22.59708],[103.59771,22.59459],[103.59631,22.59415],[103.59454,22.5943],[103.59345,22.59208],[103.59347,22.59063],[103.59133,22.59019],[103.59021,22.58944],[103.58953,22.58837],[103.58808,22.58719],[103.58689,22.58656],[103.58442,22.58576],[103.58367,22.58479],[103.58312,22.58331],[103.5818,22.58245],[103.57973,22.58163],[103.57847,22.58059],[103.5766,22.58044],[103.57425,22.57973],[103.57281,22.57804],[103.57271,22.5772],[103.57193,22.57659],[103.57033,22.57366],[103.56953,22.57351],[103.56795,22.57137],[103.56736,22.56986],[103.56647,22.56865],[103.56646,22.56749],[103.56734,22.56678],[103.56848,22.5652],[103.5698,22.56387],[103.57069,22.56131],[103.57213,22.56082],[103.57212,22.55953],[103.57369,22.55666],[103.5748,22.55573],[103.5745,22.55365],[103.57519,22.5525],[103.57616,22.54874],[103.5769,22.54747],[103.57777,22.54665],[103.57988,22.54575],[103.58046,22.54364],[103.58027,22.54275],[103.58123,22.53837],[103.58269,22.53429],[103.58359,22.5322],[103.58514,22.53086],[103.58792,22.53081],[103.58898,22.5306],[103.59114,22.52937],[103.59222,22.52766],[103.5944,22.52794],[103.59518,22.52725],[103.59554,22.52572],[103.59681,22.52505],[103.59892,22.5249],[103.60006,22.52421],[103.6047,22.52517],[103.60594,22.52608],[103.6078,22.52681],[103.60891,22.52692],[103.61068,22.52514],[103.61257,22.52398],[103.61433,22.52388],[103.61737,22.52445],[103.61973,22.52369],[103.6212,22.52394],[103.62286,22.52345],[103.62519,22.52329],[103.62647,22.52352],[103.62691,22.52274],[103.62817,22.52189],[103.63042,22.52137],[103.63433,22.5187],[103.638,22.51714],[103.64229,22.51586],[103.64271,22.51522],[103.65664,22.52071],[103.65934,22.52285],[103.66552,22.52238],[103.66624,22.52209],[103.66838,22.52286],[103.66993,22.52409],[103.67108,22.52451],[103.67221,22.5265],[103.67317,22.52758],[103.67399,22.52795],[103.67573,22.53007],[103.67577,22.53093],[103.67663,22.53261],[103.67891,22.53289],[103.68004,22.53325],[103.68271,22.53319],[103.68327,22.53245],[103.68426,22.53241],[103.68552,22.53131],[103.68639,22.53121],[103.68711,22.53184],[103.68836,22.53166],[103.69012,22.53082],[103.69198,22.53154],[103.69371,22.53087],[103.6945,22.53146],[103.69538,22.53109],[103.69598,22.53013],[103.69823,22.52978],[103.70067,22.52774],[103.70268,22.52863],[103.70441,22.52884],[103.70624,22.52795],[103.7072,22.52797],[103.70781,22.52888],[103.70985,22.53001],[103.71069,22.53099],[103.71109,22.53268],[103.71093,22.53351],[103.70967,22.53601],[103.71012,22.53773],[103.71208,22.53861],[103.71313,22.5399],[103.71581,22.54203],[103.7168,22.54238],[103.71746,22.54186],[103.718,22.53973],[103.72091,22.53886],[103.72206,22.53807],[103.72313,22.5381],[103.72457,22.53904],[103.7273,22.53949],[103.72842,22.54022],[103.72961,22.54144],[103.73232,22.54264],[103.73423,22.54279],[103.73574,22.54319],[103.73703,22.54429],[103.73783,22.54402],[103.738,22.54302],[103.73868,22.54197],[103.742,22.54097],[103.74261,22.54114],[103.74362,22.54269],[103.74235,22.54542],[103.7421,22.54739],[103.74267,22.54865],[103.74337,22.55146],[103.74334,22.55406],[103.7448,22.5567],[103.74488,22.55814],[103.74697,22.56122],[103.74915,22.56245],[103.74849,22.5635],[103.7485,22.56525],[103.74817,22.5658],[103.74581,22.56642],[103.74528,22.56712],[103.74405,22.56777],[103.74345,22.5687],[103.74345,22.56993],[103.74227,22.57238],[103.74275,22.57524],[103.74453,22.58027],[103.7441,22.58088],[103.73964,22.58361],[103.737,22.58482],[103.73632,22.58618],[103.73518,22.58733],[103.73553,22.58892],[103.73352,22.59042],[103.7325,22.59147],[103.73103,22.59247],[103.73055,22.59324],[103.72865,22.59379],[103.72738,22.59374],[103.72566,22.5944],[103.72312,22.59487],[103.7218,22.59434],[103.71893,22.59405],[103.71619,22.59453],[103.71543,22.59496],[103.71512,22.59637],[103.71326,22.59779],[103.71167,22.59765],[103.7101,22.59785],[103.70852,22.60021],[103.70787,22.60041],[103.70698,22.60148],[103.70461,22.60497],[103.70314,22.60594],[103.70154,22.6058],[103.69996,22.60707],[103.69686,22.60829],[103.69567,22.6085],[103.69408,22.60823],[103.69169,22.60956],[103.69104,22.61055],[103.68941,22.61073],[103.68835,22.61048],[103.68652,22.61056],[103.68457,22.61112],[103.68281,22.61134],[103.68058,22.61204],[103.67708,22.612]]]},"properties":{"a01_tinh":"diaphanhanhchinhcaptinh_sn.114","a02_xa":"diaphanhanhchinhcapxa_2025.1095","a03_ten":"Xã Dền Sáng","a04_tentinh":"Tỉnh Lào Cai","a05_truocsn":"Xã Dền Thàng, Xã Sàng Ma Sáo, Xã Dền Sáng","a06_trungtamhc":"Thôn Dền Sáng, xã Dền Sáng (Trụ sở xã Dền Sáng cũ)","a07_dt":"148.2","a08_ds":"1216","a09_dthoai":null,"a10_web":null,"ten":"Xã Dền Sáng","ma":"02707","tentinh":"Tỉnh Lào Cai","truocsapnhap":"Xã Dền Thàng, Xã Sàng Ma Sáo, Xã Dền Sáng","dientichkm2":null,"dansonguoi":null},"id":"diaphanhanhchinhcapxa_2025.1095"},
{"type":"Feature","geometry":{"type":"Polygon","coordinates":[[[104.56442,21.92151],[104.56612,21.9223],[104.56706,21.92231],[104.56798,21.92149],[104.56948,21.92118],[104.57099,21.92221],[104.57544,21.92586],[104.57917,21.92768],[104.5813,21.92784],[104.58238,21.92888],[104.58852,21.92777],[104.59442,21.92976],[104.59666,21.93174],[104.59959,21.92832],[104.60081,21.92776],[104.60311,21.9274],[104.60442,21.92745],[104.60527,21.9279],[104.60767,21.9301],[104.60968,21.93041],[104.612,21.92882],[104.61296,21.92768],[104.61468,21.92474],[104.6164,21.92252],[104.61783,21.92161],[104.61872,21.92165],[104.62034,21.9224],[104.62198,21.92358],[104.62332,21.92528],[104.62448,21.92719],[104.62595,21.92904],[104.62689,21.92983],[104.62821,21.9302],[104.63109,21.93048],[104.63343,21.92992],[104.63293,21.93206],[104.63406,21.93274],[104.63534,21.93279],[104.63962,21.93467],[104.64071,21.93452],[104.64103,21.93557],[104.64394,21.938],[104.64506,21.93775],[104.64838,21.93624],[104.64887,21.9351],[104.64981,21.93451],[104.651,21.93506],[104.6531,21.93711],[104.65463,21.93988],[104.65656,21.94143],[104.65699,21.94207],[104.65738,21.94417],[104.6595,21.94524],[104.66098,21.94533],[104.66291,21.94783],[104.66728,21.95005],[104.66975,21.95101],[104.67117,21.95097],[104.67263,21.95162],[104.67354,21.95318],[104.6763,21.95545],[104.67737,21.95672],[104.67772,21.95775],[104.67776,21.95949],[104.67876,21.96217],[104.67991,21.96331],[104.6804,21.96431],[104.68308,21.96678],[104.68257,21.96878],[104.68055,21.97043],[104.67939,21.97351],[104.6767,21.97488],[104.67507,21.97521],[104.67271,21.97669],[104.66968,21.9779],[104.66834,21.97888],[104.66647,21.97938],[104.66549,21.97996],[104.66483,21.98089],[104.66544,21.98316],[104.66572,21.98565],[104.66479,21.98755],[104.66401,21.98809],[104.66338,21.99028],[104.66343,21.99168],[104.66132,21.99446],[104.65839,21.99545],[104.65807,21.99608],[104.65444,21.9969],[104.65323,21.99809],[104.65126,21.9989],[104.65051,21.99949],[104.64937,22.00356],[104.64769,22.00481],[104.64712,22.00619],[104.64609,22.00749],[104.64478,22.0098],[104.64214,22.01093],[104.64017,22.0133],[104.63824,22.01409],[104.63678,22.01623],[104.63426,22.01792],[104.63286,22.01734],[104.63103,22.01716],[104.62948,22.01786],[104.62668,22.01727],[104.6252,22.01645],[104.62232,22.01771],[104.62174,22.01925],[104.62094,22.01993],[104.62033,22.02112],[104.61868,22.02271],[104.61759,22.02331],[104.61628,22.02461],[104.61566,22.02825],[104.61646,22.03027],[104.61424,22.0328],[104.61268,22.03361],[104.61194,22.03496],[104.60784,22.03776],[104.60629,22.03894],[104.60585,22.0401],[104.60377,22.04104],[104.60208,22.04237],[104.6009,22.04301],[104.59819,22.0437],[104.5958,22.0448],[104.59167,22.04499],[104.59102,22.04398],[104.59082,22.04282],[104.58989,22.0414],[104.58638,22.03994],[104.58427,22.03839],[104.58317,22.03728],[104.58168,22.03724],[104.57975,22.03634],[104.57871,22.0352],[104.57762,22.03686],[104.57749,22.03828],[104.57482,22.04001],[104.57312,22.04187],[104.57271,22.0431],[104.57155,22.04256],[104.56785,22.04245],[104.5655,22.04222],[104.56491,22.04104],[104.56346,22.04012],[104.56289,22.03932],[104.56273,22.03794],[104.56208,22.03661],[104.56224,22.03541],[104.56364,22.03368],[104.56253,22.0334],[104.55876,22.03393],[104.55616,22.03463],[104.55444,22.03152],[104.55369,22.03083],[104.55398,22.02998],[104.553,22.02519],[104.55149,22.02251],[104.54859,22.02228],[104.54735,22.02142],[104.54669,22.02051],[104.54491,22.01894],[104.54469,22.01712],[104.54396,22.01596],[104.54156,22.01467],[104.53969,22.01464],[104.53917,22.01411],[104.53735,22.01322],[104.53802,22.0123],[104.53901,22.01001],[104.54099,22.00699],[104.5426,22.0054],[104.54391,22.00454],[104.54867,22.00216],[104.55085,22.00055],[104.55249,21.9991],[104.55314,21.99784],[104.55261,21.99694],[104.54888,21.99294],[104.54679,21.99179],[104.54395,21.99053],[104.54287,21.98932],[104.54059,21.98732],[104.5398,21.98717],[104.5386,21.98591],[104.53935,21.98487],[104.54008,21.98318],[104.53919,21.9828],[104.53868,21.98151],[104.53732,21.98096],[104.53624,21.97992],[104.53549,21.97862],[104.53222,21.97723],[104.5324,21.97427],[104.53145,21.97343],[104.53335,21.97097],[104.53343,21.96967],[104.53401,21.96856],[104.5323,21.96676],[104.53108,21.96584],[104.53077,21.96435],[104.53136,21.96348],[104.52995,21.96216],[104.52914,21.96205],[104.53031,21.96033],[104.52934,21.95883],[104.52727,21.95878],[104.52633,21.95702],[104.52563,21.95657],[104.52353,21.95341],[104.5216,21.95266],[104.52135,21.9521],[104.52378,21.94996],[104.52534,21.94939],[104.52664,21.94793],[104.52821,21.94717],[104.52782,21.94343],[104.52881,21.94184],[104.52908,21.93954],[104.52878,21.93868],[104.52928,21.93691],[104.53851,21.92945],[104.54097,21.92442],[104.54364,21.92328],[104.54509,21.92245],[104.54623,21.92273],[104.5478,21.92232],[104.54923,21.92242],[104.54984,21.9235],[104.55261,21.92495],[104.55529,21.92504],[104.5564,21.92544],[104.55929,21.92594],[104.56077,21.92576],[104.5624,21.92465],[104.56434,21.92199],[104.56442,21.92151]]]},"properties":{"a01_tinh":"diaphanhanhchinhcaptinh_sn.114","a02_xa":"diaphanhanhchinhcapxa_2025.1018","a03_ten":"Xã Đông Cuông","a04_tentinh":"Tỉnh Lào Cai","a05_truocsn":"Xã Quang Minh, Xã An Bình, Xã Đông An, Xã Đông Cuông","a06_trungtamhc":"đang cập nhật","a07_dt":"146.3","a08_ds":"21938","a09_dthoai":null,"a10_web":null,"ten":"Xã Đông Cuông","ma":"04399","tentinh":"Tỉnh Lào Cai","truocsapnhap":"Xã Quang Minh, Xã An Bình, Xã Đông An, Xã Đông Cuông","dientichkm2":null,"dansonguoi":null},"id":"diaphanhanhchinhcapxa_2025.1018"},
{"type":"Feature","geometry":{"type":"Polygon","coordinates":[[[104.161,22.07419],[104.16012,22.07362],[104.15735,22.07375],[104.15424,22.07243],[104.15342,22.07255],[104.15131,22.07216],[104.14942,22.07155],[104.14686,22.0722],[104.14541,22.07201],[104.14338,22.07225],[104.14281,22.0746],[104.14196,22.0756],[104.14294,22.07889],[104.14345,22.07986],[104.14364,22.08215],[104.14293,22.08347],[104.14282,22.08539],[104.14197,22.08792],[104.1408,22.08914],[104.14123,22.09],[104.14029,22.09077],[104.13865,22.09087],[104.13764,22.09151],[104.13617,22.09169],[104.13428,22.0929],[104.13124,22.0931],[104.13014,22.09366],[104.12746,22.09375],[104.12651,22.09438],[104.12535,22.09394],[104.12286,22.09244],[104.12252,22.0911],[104.12358,22.08855],[104.12251,22.08746],[104.12254,22.08532],[104.12215,22.0837],[104.1216,22.08286],[104.12118,22.081],[104.12142,22.07995],[104.12042,22.07841],[104.11838,22.07662],[104.11748,22.07482],[104.11729,22.07235],[104.11579,22.06813],[104.11521,22.06751],[104.11419,22.0649],[104.11452,22.06461],[104.11471,22.06284],[104.11252,22.06201],[104.11065,22.06076],[104.11049,22.06456],[104.11084,22.06626],[104.10962,22.06753],[104.10862,22.06796],[104.10722,22.06925],[104.10558,22.06946],[104.10357,22.07038],[104.10226,22.07245],[104.0989,22.07506],[104.09921,22.07612],[104.0986,22.07724],[104.09927,22.07808],[104.10078,22.07811],[104.10146,22.07893],[104.10116,22.08004],[104.09964,22.08069],[104.09895,22.08279],[104.09831,22.08319],[104.0969,22.08303],[104.09554,22.08175],[104.09343,22.08161],[104.09079,22.08208],[104.08907,22.08134],[104.08595,22.08169],[104.08457,22.08121],[104.08272,22.08018],[104.07942,22.07966],[104.07791,22.07922],[104.07745,22.07842],[104.0755,22.07678],[104.07456,22.07506],[104.07373,22.07461],[104.07167,22.07277],[104.07055,22.07206],[104.07095,22.07],[104.06859,22.06837],[104.06831,22.06783],[104.06478,22.0663],[104.06309,22.06702],[104.06152,22.06663],[104.05723,22.06605],[104.05597,22.06521],[104.05512,22.06517],[104.05298,22.06582],[104.051,22.06605],[104.0495,22.0658],[104.05099,22.06436],[104.05286,22.0641],[104.05535,22.06313],[104.05533,22.06052],[104.05576,22.05928],[104.05696,22.05787],[104.05802,22.05715],[104.05814,22.05647],[104.05758,22.05514],[104.05751,22.05407],[104.05852,22.05334],[104.05848,22.05023],[104.06021,22.04777],[104.06022,22.04659],[104.05951,22.04547],[104.05901,22.04209],[104.05749,22.0406],[104.05916,22.04071],[104.06103,22.04138],[104.06332,22.04442],[104.06652,22.04583],[104.06867,22.04492],[104.07083,22.04304],[104.07097,22.04229],[104.07046,22.03999],[104.06974,22.03881],[104.07023,22.03666],[104.07003,22.03561],[104.07153,22.03492],[104.07438,22.03464],[104.07558,22.03509],[104.08085,22.03571],[104.08154,22.03478],[104.08218,22.03224],[104.08204,22.03049],[104.08259,22.02929],[104.08448,22.02763],[104.08522,22.02566],[104.08492,22.02414],[104.08588,22.02242],[104.08545,22.02053],[104.08583,22.01987],[104.08728,22.01868],[104.08804,22.01731],[104.09003,22.01579],[104.0907,22.01439],[104.09029,22.01296],[104.09076,22.01183],[104.0915,22.00767],[104.09273,22.00704],[104.09529,22.00435],[104.09618,22.00405],[104.09783,22.00095],[104.09777,21.99976],[104.09804,21.99685],[104.1001,21.99576],[104.10188,21.99355],[104.10389,21.99335],[104.10545,21.99196],[104.10745,21.98964],[104.10904,21.98909],[104.10933,21.98845],[104.11092,21.98714],[104.11319,21.9876],[104.11432,21.98669],[104.11601,21.98625],[104.11652,21.98669],[104.11888,21.98702],[104.12058,21.98697],[104.12188,21.98761],[104.12302,21.98769],[104.12548,21.98685],[104.12701,21.98572],[104.12776,21.98464],[104.12983,21.98311],[104.13076,21.98281],[104.13115,21.98173],[104.13251,21.9806],[104.13293,21.97986],[104.13431,21.97961],[104.13688,21.97857],[104.13729,21.97796],[104.13935,21.97717],[104.14032,21.97734],[104.14174,21.97696],[104.14277,21.97619],[104.14402,21.97663],[104.14643,21.97666],[104.14994,21.97501],[104.15306,21.97441],[104.15528,21.97344],[104.15781,21.97297],[104.15906,21.97308],[104.16037,21.97222],[104.16278,21.97128],[104.16435,21.97171],[104.16568,21.9729],[104.17014,21.974],[104.17094,21.97547],[104.17083,21.97626],[104.1714,21.97705],[104.17321,21.97759],[104.17415,21.97748],[104.17652,21.97775],[104.1783,21.97705],[104.18228,21.97458],[104.18633,21.97269],[104.18726,21.97143],[104.18731,21.96974],[104.18899,21.96931],[104.18969,21.96816],[104.19097,21.96682],[104.19308,21.96529],[104.19637,21.96521],[104.19865,21.96534],[104.19937,21.96421],[104.20155,21.96234],[104.20201,21.96105],[104.20467,21.95902],[104.20547,21.95912],[104.20748,21.95795],[104.20941,21.95713],[104.21067,21.95427],[104.21066,21.95349],[104.21096,21.95417],[104.21213,21.95488],[104.21375,21.95519],[104.21669,21.95722],[104.21753,21.95857],[104.22008,21.96045],[104.21965,21.96098],[104.21861,21.96348],[104.21852,21.96423],[104.21918,21.96579],[104.22257,21.96881],[104.22445,21.97219],[104.22397,21.97297],[104.2243,21.97432],[104.22351,21.97607],[104.22378,21.97786],[104.22318,21.9801],[104.22265,21.98105],[104.22268,21.98201],[104.22357,21.98271],[104.22316,21.98487],[104.22378,21.98755],[104.2238,21.9891],[104.22458,21.98969],[104.22499,21.99156],[104.22453,21.99295],[104.22582,21.9951],[104.22588,21.99703],[104.22721,21.9986],[104.2284,21.99914],[104.23032,22.00176],[104.23319,22.00318],[104.23459,22.00463],[104.23627,22.00568],[104.2372,22.00585],[104.2388,22.00799],[104.2392,22.00904],[104.23918,22.01054],[104.24063,22.01201],[104.24095,22.01271],[104.24291,22.01422],[104.24273,22.01675],[104.2453,22.01826],[104.24636,22.01927],[104.24732,22.02153],[104.24962,22.02335],[104.24964,22.02565],[104.24817,22.02651],[104.2477,22.02764],[104.24833,22.02844],[104.24861,22.02966],[104.24849,22.03167],[104.24904,22.03349],[104.24902,22.03466],[104.24824,22.03701],[104.24781,22.03765],[104.24485,22.04026],[104.24393,22.04],[104.24239,22.03694],[104.24256,22.03599],[104.24142,22.03471],[104.23816,22.03402],[104.23631,22.03331],[104.23402,22.03485],[104.23314,22.03415],[104.23082,22.03425],[104.22785,22.03511],[104.22657,22.03647],[104.22439,22.03754],[104.22164,22.03679],[104.21969,22.03702],[104.21851,22.03576],[104.21863,22.0342],[104.2172,22.03283],[104.21521,22.03294],[104.21094,22.03275],[104.2088,22.03301],[104.20817,22.03272],[104.20772,22.03126],[104.20663,22.031],[104.20363,22.03252],[104.20249,22.03275],[104.20149,22.03403],[104.20042,22.03194],[104.19867,22.03049],[104.19848,22.0296],[104.19478,22.02777],[104.19183,22.02769],[104.19093,22.02688],[104.18672,22.02532],[104.18507,22.02719],[104.18515,22.028],[104.18644,22.02968],[104.18645,22.0309],[104.18589,22.03231],[104.18597,22.03324],[104.18679,22.03427],[104.18991,22.03657],[104.19046,22.03844],[104.19052,22.03963],[104.19415,22.04174],[104.19844,22.04315],[104.19984,22.04408],[104.20131,22.04597],[104.20151,22.04721],[104.20054,22.04823],[104.20071,22.04949],[104.19901,22.05135],[104.19952,22.05263],[104.20084,22.05309],[104.20153,22.05373],[104.20241,22.05527],[104.2017,22.056],[104.20086,22.05923],[104.19958,22.05687],[104.19697,22.05518],[104.19697,22.05444],[104.19539,22.05378],[104.19365,22.05362],[104.19043,22.05203],[104.18963,22.05202],[104.18836,22.0509],[104.18635,22.05408],[104.1855,22.05427],[104.18498,22.05535],[104.1842,22.0559],[104.18388,22.05704],[104.18435,22.05746],[104.18369,22.05899],[104.18428,22.06055],[104.18418,22.0625],[104.18305,22.06327],[104.18159,22.066],[104.18069,22.06724],[104.17939,22.06809],[104.17892,22.06894],[104.17717,22.06882],[104.17561,22.06839],[104.17481,22.06755],[104.17316,22.06788],[104.17248,22.06878],[104.17115,22.0688],[104.16978,22.06965],[104.16811,22.07032],[104.16639,22.07035],[104.16356,22.0724],[104.16213,22.07368],[104.161,22.07419]]]},"properties":{"a01_tinh":"diaphanhanhchinhcaptinh_sn.114","a02_xa":"diaphanhanhchinhcapxa_2025.1088","a03_ten":"Xã Dương Quỳ","a04_tentinh":"Tỉnh Lào Cai","a05_truocsn":"Xã Thẳm Dương, Xã Dương Quỳ","a06_trungtamhc":"Thôn Tông Hốc, Xã Dương Quỳ (Trụ sở xã Dương Quỳ cũ)","a07_dt":"157.1","a08_ds":"8925","a09_dthoai":null,"a10_web":null,"ten":"Xã Dương Quỳ","ma":"03106","tentinh":"Tỉnh Lào Cai","truocsapnhap":"Xã Thẳm Dương, Xã Dương Quỳ","dientichkm2":null,"dansonguoi":null},"id":"diaphanhanhchinhcapxa_2025.1088"},
{"type":"Feature","geometry":{"type":"Polygon","coordinates":[[[104.46102,21.7426],[104.44962,21.74518],[104.44473,21.74855],[104.4439,21.75365],[104.44223,21.75632],[104.43677,21.75554],[104.42902,21.75735],[104.42501,21.7591],[104.42497,21.76316],[104.43033,21.77137],[104.42749,21.77053],[104.4243,21.77059],[104.42239,21.77118],[104.42176,21.77201],[104.42099,21.7747],[104.41904,21.77748],[104.41753,21.77832],[104.41593,21.77974],[104.41549,21.77898],[104.41542,21.77755],[104.41681,21.77586],[104.41652,21.7748],[104.41444,21.77404],[104.41251,21.77424],[104.40989,21.77381],[104.40895,21.77435],[104.40717,21.77451],[104.40594,21.77358],[104.40432,21.77354],[104.40352,21.77262],[104.40153,21.77266],[104.39759,21.77373],[104.39527,21.77335],[104.39378,21.77354],[104.39311,21.77325],[104.3908,21.7706],[104.38981,21.76848],[104.38941,21.76814],[104.3878,21.76853],[104.38387,21.76914],[104.3815,21.76898],[104.38063,21.76935],[104.3798,21.77052],[104.37721,21.77103],[104.37532,21.77241],[104.37377,21.77277],[104.37219,21.77475],[104.3707,21.77568],[104.36813,21.77393],[104.36686,21.77374],[104.36562,21.77405],[104.36405,21.77511],[104.36209,21.77519],[104.36121,21.77586],[104.36077,21.77718],[104.35916,21.77713],[104.35816,21.77794],[104.35744,21.77905],[104.35638,21.77922],[104.35581,21.7799],[104.35426,21.78017],[104.35307,21.78183],[104.35092,21.78235],[104.3497,21.78309],[104.34763,21.78356],[104.34715,21.78589],[104.34595,21.78785],[104.34317,21.789],[104.34099,21.78926],[104.34058,21.79],[104.33981,21.79278],[104.33876,21.79258],[104.33796,21.79171],[104.33694,21.79156],[104.3352,21.78755],[104.33477,21.78626],[104.33515,21.78404],[104.33617,21.78334],[104.3375,21.78313],[104.33834,21.78131],[104.33818,21.78005],[104.33884,21.77886],[104.33788,21.77685],[104.33627,21.77547],[104.3345,21.77453],[104.33241,21.77218],[104.33247,21.77108],[104.33177,21.76984],[104.32806,21.76678],[104.32797,21.76611],[104.32665,21.764],[104.32512,21.76298],[104.32367,21.76167],[104.32194,21.75974],[104.32115,21.75768],[104.32117,21.7565],[104.31913,21.75437],[104.31861,21.75302],[104.31757,21.75223],[104.31517,21.75111],[104.31275,21.75186],[104.31046,21.7521],[104.30969,21.75194],[104.30637,21.75028],[104.30367,21.74807],[104.30226,21.74818],[104.29861,21.74592],[104.29884,21.74402],[104.29867,21.74223],[104.29789,21.74002],[104.29789,21.738],[104.29822,21.73674],[104.29948,21.73387],[104.29981,21.73069],[104.29979,21.72893],[104.29925,21.72666],[104.29782,21.7238],[104.29725,21.7213],[104.29764,21.71907],[104.29654,21.71764],[104.29511,21.71741],[104.29458,21.7165],[104.29404,21.71404],[104.29494,21.71335],[104.29517,21.71105],[104.29445,21.70937],[104.29649,21.70834],[104.29788,21.70631],[104.30073,21.70487],[104.30068,21.70394],[104.30133,21.70308],[104.30244,21.70257],[104.30284,21.70142],[104.30365,21.701],[104.30431,21.69958],[104.30377,21.69901],[104.30362,21.69731],[104.30385,21.69569],[104.30366,21.6947],[104.30763,21.69226],[104.30822,21.69159],[104.30812,21.69014],[104.30868,21.6867],[104.30849,21.68497],[104.30899,21.68377],[104.30959,21.68352],[104.31146,21.68188],[104.31368,21.68133],[104.3149,21.68047],[104.31601,21.68019],[104.3171,21.68101],[104.32032,21.68039],[104.32212,21.67949],[104.32388,21.6812],[104.32493,21.68134],[104.32572,21.68095],[104.32593,21.68013],[104.32785,21.6777],[104.32795,21.67653],[104.32868,21.67635],[104.33063,21.67516],[104.33123,21.67434],[104.33205,21.67416],[104.33541,21.67195],[104.33743,21.67136],[104.33882,21.67131],[104.33977,21.67091],[104.34122,21.67129],[104.34186,21.67076],[104.34357,21.67042],[104.3456,21.66881],[104.34584,21.66765],[104.34605,21.66723],[104.34906,21.66632],[104.35043,21.66651],[104.35131,21.66611],[104.35304,21.66642],[104.35438,21.6681],[104.35627,21.66933],[104.35881,21.66926],[104.35931,21.66896],[104.36092,21.66907],[104.36349,21.66774],[104.36501,21.66645],[104.36592,21.66498],[104.36622,21.66396],[104.36813,21.66132],[104.36856,21.66017],[104.36974,21.65901],[104.37258,21.65816],[104.37596,21.65662],[104.37799,21.65622],[104.37922,21.65545],[104.38017,21.65386],[104.38094,21.65347],[104.38306,21.65106],[104.38515,21.65148],[104.38695,21.65158],[104.38826,21.65116],[104.38922,21.65028],[104.39091,21.64961],[104.39244,21.64699],[104.39413,21.64607],[104.39561,21.64354],[104.39644,21.64327],[104.39776,21.64346],[104.39899,21.64532],[104.40069,21.6464],[104.40191,21.6497],[104.40403,21.65165],[104.40777,21.65096],[104.40877,21.64822],[104.41101,21.64603],[104.41161,21.64441],[104.41293,21.64401],[104.41547,21.64238],[104.41706,21.64155],[104.41807,21.64212],[104.42018,21.64104],[104.42164,21.63946],[104.4224,21.63949],[104.42313,21.63865],[104.42432,21.63863],[104.4254,21.63961],[104.42658,21.64114],[104.42801,21.64071],[104.42917,21.6414],[104.4309,21.64131],[104.4327,21.64091],[104.43414,21.64152],[104.43431,21.64286],[104.4352,21.64374],[104.43583,21.64363],[104.43758,21.64149],[104.4386,21.64091],[104.44054,21.6393],[104.44098,21.63844],[104.44262,21.63684],[104.44349,21.635],[104.44589,21.63249],[104.44689,21.63202],[104.44797,21.63099],[104.45042,21.6292],[104.45069,21.62806],[104.45005,21.62615],[104.44969,21.62417],[104.44912,21.62404],[104.44879,21.62183],[104.44908,21.61962],[104.4482,21.61697],[104.44798,21.61522],[104.44634,21.61288],[104.4468,21.6104],[104.44735,21.6095],[104.44829,21.60893],[104.44873,21.60962],[104.4502,21.61005],[104.4512,21.60916],[104.45135,21.60834],[104.45223,21.6083],[104.45323,21.60768],[104.45435,21.60826],[104.45606,21.60769],[104.45687,21.6079],[104.45778,21.61002],[104.46025,21.60962],[104.46064,21.61049],[104.46018,21.61108],[104.46112,21.61181],[104.46435,21.61321],[104.46475,21.61465],[104.4656,21.61525],[104.46544,21.61684],[104.46636,21.61712],[104.46764,21.6169],[104.46689,21.6193],[104.46742,21.61992],[104.47083,21.62032],[104.47227,21.62008],[104.47571,21.62007],[104.47713,21.62233],[104.47648,21.62319],[104.4769,21.62389],[104.47702,21.62626],[104.47564,21.62723],[104.47596,21.6281],[104.47674,21.62856],[104.47805,21.63219],[104.47833,21.63353],[104.47636,21.63349],[104.47301,21.63368],[104.47303,21.63428],[104.47418,21.63468],[104.4722,21.63717],[104.47279,21.63855],[104.47287,21.64098],[104.47218,21.64191],[104.47214,21.64301],[104.473,21.64358],[104.47325,21.6453],[104.47139,21.64741],[104.47118,21.64824],[104.47177,21.64915],[104.47192,21.65043],[104.47367,21.65077],[104.47475,21.65137],[104.47448,21.65209],[104.47311,21.65322],[104.47254,21.65568],[104.47438,21.65806],[104.47383,21.65879],[104.47202,21.65976],[104.4711,21.66148],[104.47157,21.66289],[104.47157,21.66431],[104.47072,21.6664],[104.47097,21.66736],[104.47031,21.66976],[104.46944,21.67018],[104.46896,21.67166],[104.46748,21.67503],[104.46778,21.67605],[104.4678,21.67803],[104.46882,21.67916],[104.46974,21.68066],[104.46897,21.68167],[104.46506,21.68203],[104.46401,21.6823],[104.46194,21.68196],[104.46144,21.68285],[104.46147,21.68389],[104.46034,21.68609],[104.45793,21.68775],[104.45684,21.688],[104.45671,21.6903],[104.4571,21.69085],[104.45628,21.6936],[104.45506,21.6945],[104.45468,21.69536],[104.45523,21.69637],[104.45498,21.69782],[104.4557,21.69968],[104.45686,21.70077],[104.45714,21.70271],[104.45863,21.70561],[104.45817,21.70624],[104.45777,21.70848],[104.45835,21.71022],[104.45842,21.71252],[104.45753,21.71586],[104.46042,21.7169],[104.46114,21.71921],[104.46143,21.72094],[104.46106,21.72245],[104.46186,21.72434],[104.46178,21.72698],[104.46139,21.72745],[104.46188,21.72873],[104.46235,21.7311],[104.46285,21.73217],[104.4633,21.7341],[104.46333,21.73541],[104.46399,21.7369],[104.46141,21.74142],[104.46102,21.7426]]]},"properties":{"a01_tinh":"diaphanhanhchinhcaptinh_sn.114","a02_xa":"diaphanhanhchinhcapxa_2025.1043","a03_ten":"Xã Gia Hội","a04_tentinh":"Tỉnh Lào Cai","a05_truocsn":"Xã Nậm Búng, Xã Nậm Lành, Xã Gia Hội","a06_trungtamhc":"đang cập nhật","a07_dt":"213.25","a08_ds":"14908","a09_dthoai":null,"a10_web":null,"ten":"Xã Gia Hội","ma":"04636","tentinh":"Tỉnh Lào Cai","truocsapnhap":"Xã Nậm Búng, Xã Nậm Lành, Xã Gia Hội","dientichkm2":null,"dansonguoi":null},"id":"diaphanhanhchinhcapxa_2025.1043"},
{"type":"Feature","geometry":{"type":"Polygon","coordinates":[[[104.15281,22.31222],[104.15167,22.31436],[104.15078,22.31672],[104.14951,22.31827],[104.15003,22.3209],[104.14948,22.32258],[104.1485,22.32412],[104.14749,22.32484],[104.14625,22.32455],[104.14519,22.3256],[104.1443,22.32577],[104.14397,22.32757],[104.14266,22.32889],[104.14075,22.33003],[104.14039,22.33054],[104.14023,22.33303],[104.13983,22.33475],[104.13925,22.33531],[104.13721,22.33551],[104.13593,22.33758],[104.13526,22.33799],[104.13372,22.33792],[104.13344,22.33691],[104.13258,22.33728],[104.13244,22.33856],[104.1317,22.33902],[104.1315,22.34111],[104.1303,22.3416],[104.12943,22.34271],[104.12965,22.34363],[104.12805,22.34516],[104.12873,22.34625],[104.1282,22.34683],[104.12846,22.34853],[104.12698,22.34973],[104.12711,22.35068],[104.1259,22.35182],[104.12509,22.35328],[104.12438,22.35372],[104.12378,22.35499],[104.1228,22.35478],[104.12192,22.35623],[104.12131,22.35554],[104.11973,22.3554],[104.11889,22.35625],[104.11893,22.35723],[104.11718,22.35779],[104.11497,22.3561],[104.11378,22.35708],[104.1127,22.35727],[104.11191,22.35828],[104.10998,22.35952],[104.11006,22.36046],[104.10894,22.36267],[104.10778,22.36317],[104.10623,22.36468],[104.10514,22.36706],[104.10526,22.36847],[104.10436,22.37025],[104.10379,22.37075],[104.10028,22.37115],[104.09898,22.37313],[104.10028,22.3744],[104.10054,22.37585],[104.10205,22.37646],[104.10341,22.3755],[104.10442,22.37572],[104.10554,22.37518],[104.10699,22.37508],[104.10763,22.37712],[104.10901,22.37856],[104.1113,22.382],[104.11183,22.38367],[104.11179,22.38543],[104.11144,22.38651],[104.10999,22.38827],[104.10731,22.39001],[104.10129,22.39226],[104.09403,22.3935],[104.08916,22.3953],[104.08691,22.39604],[104.08574,22.39685],[104.08416,22.39869],[104.08261,22.40142],[104.08102,22.40516],[104.07854,22.40932],[104.07773,22.41042],[104.07448,22.41351],[104.07169,22.41452],[104.07041,22.41447],[104.06942,22.41403],[104.06585,22.41193],[104.06404,22.41114],[104.06152,22.40856],[104.06048,22.40813],[104.05948,22.40824],[104.05963,22.40705],[104.05854,22.40673],[104.05746,22.4042],[104.05342,22.39963],[104.04784,22.3943],[104.0465,22.3934],[104.04625,22.39271],[104.04477,22.39167],[104.04393,22.3906],[104.04395,22.38909],[104.04169,22.38959],[104.04085,22.38757],[104.03971,22.38665],[104.03788,22.38626],[104.0378,22.3841],[104.03709,22.38339],[104.0383,22.38217],[104.03756,22.38106],[104.03576,22.38111],[104.03316,22.38169],[104.03181,22.38156],[104.03038,22.37958],[104.03029,22.37752],[104.03048,22.37557],[104.03198,22.37451],[104.03196,22.37338],[104.03366,22.37226],[104.03474,22.37119],[104.03585,22.37059],[104.03635,22.36871],[104.03588,22.36746],[104.03627,22.3666],[104.03748,22.36566],[104.03915,22.36532],[104.03989,22.36436],[104.04071,22.36244],[104.04089,22.36037],[104.04143,22.35943],[104.04168,22.35756],[104.04218,22.35655],[104.04224,22.35415],[104.04114,22.35078],[104.04206,22.3502],[104.0424,22.34917],[104.0413,22.34692],[104.04098,22.3451],[104.04123,22.34313],[104.04124,22.33962],[104.03995,22.33892],[104.03949,22.33817],[104.03929,22.33637],[104.03792,22.3351],[104.03713,22.33397],[104.03511,22.33375],[104.03299,22.33386],[104.03248,22.33418],[104.0287,22.33346],[104.02752,22.3338],[104.02534,22.33382],[104.02557,22.33169],[104.02611,22.3296],[104.02694,22.32916],[104.02692,22.32761],[104.02761,22.32684],[104.02789,22.32563],[104.02861,22.32429],[104.02813,22.32204],[104.02949,22.31939],[104.0294,22.31848],[104.03175,22.31662],[104.03246,22.31404],[104.03559,22.31106],[104.03641,22.31024],[104.03685,22.3089],[104.03811,22.30766],[104.0384,22.30693],[104.03982,22.30583],[104.04067,22.30384],[104.04016,22.30201],[104.04212,22.29977],[104.0423,22.29859],[104.0441,22.29635],[104.04558,22.29524],[104.04743,22.29261],[104.04878,22.29187],[104.05174,22.28954],[104.05204,22.28873],[104.0538,22.28754],[104.05483,22.2858],[104.05478,22.2835],[104.05649,22.28272],[104.05756,22.28192],[104.0581,22.28087],[104.05907,22.28017],[104.06116,22.27773],[104.06406,22.27553],[104.06483,22.2741],[104.06865,22.27073],[104.0715,22.26931],[104.07211,22.2703],[104.07198,22.27189],[104.07263,22.27353],[104.07334,22.27413],[104.07488,22.27692],[104.07686,22.27889],[104.07617,22.28092],[104.07685,22.28238],[104.07556,22.28407],[104.07511,22.28591],[104.07571,22.28691],[104.0762,22.28862],[104.07749,22.2896],[104.07897,22.28919],[104.0806,22.29157],[104.08057,22.29254],[104.08301,22.29381],[104.08336,22.29491],[104.08267,22.29649],[104.08326,22.29811],[104.08465,22.29917],[104.08717,22.29922],[104.08895,22.30084],[104.09132,22.30015],[104.09284,22.29907],[104.09507,22.29826],[104.09631,22.29853],[104.09759,22.29974],[104.10222,22.30156],[104.10331,22.30277],[104.1046,22.30263],[104.10559,22.3036],[104.10599,22.30509],[104.10667,22.30578],[104.10755,22.30827],[104.10832,22.3089],[104.10849,22.31064],[104.10942,22.31137],[104.11072,22.31026],[104.11147,22.31041],[104.11184,22.31145],[104.11358,22.31236],[104.11337,22.31356],[104.11214,22.31407],[104.11218,22.31531],[104.11311,22.31595],[104.11334,22.31668],[104.11256,22.31748],[104.11387,22.31852],[104.11408,22.31921],[104.11533,22.31945],[104.11712,22.32023],[104.11926,22.32021],[104.12005,22.32113],[104.12291,22.32122],[104.12527,22.32079],[104.13104,22.31669],[104.13732,22.31211],[104.13873,22.31119],[104.14017,22.31289],[104.13982,22.31446],[104.14099,22.316],[104.14254,22.31582],[104.14317,22.31475],[104.14642,22.31474],[104.14849,22.31359],[104.14921,22.31251],[104.15037,22.31159],[104.15224,22.31185],[104.15281,22.31222]]]},"properties":{"a01_tinh":"diaphanhanhchinhcaptinh_sn.114","a02_xa":"diaphanhanhchinhcapxa_2025.1073","a03_ten":"Xã Gia Phú","a04_tentinh":"Tỉnh Lào Cai","a05_truocsn":"Xã Xuân Giao, Xã Thống Nhất, Xã Gia Phú","a06_trungtamhc":"Thôn Phú Xuân, xã Gia Phú (Trụ sở xã Gia Phú cũ)","a07_dt":"102.4","a08_ds":"28458","a09_dthoai":null,"a10_web":null,"ten":"Xã Gia Phú","ma":"02923","tentinh":"Tỉnh Lào Cai","truocsapnhap":"Xã Xuân Giao, Xã Thống Nhất, Xã Gia Phú","dientichkm2":null,"dansonguoi":null},"id":"diaphanhanhchinhcapxa_2025.1073"},
{"type":"Feature","geometry":{"type":"Polygon","coordinates":[[[104.4098,21.38794],[104.40949,21.38909],[104.41135,21.39292],[104.41249,21.39433],[104.41216,21.39482],[104.40909,21.39469],[104.40664,21.39561],[104.4057,21.39565],[104.40446,21.39636],[104.40409,21.39768],[104.40262,21.39839],[104.40261,21.39965],[104.4013,21.40095],[104.40025,21.40151],[104.39991,21.40242],[104.39848,21.40189],[104.39846,21.40286],[104.39747,21.40353],[104.3958,21.40343],[104.395,21.40388],[104.39533,21.40499],[104.39286,21.40706],[104.3914,21.40778],[104.39112,21.40877],[104.38975,21.41029],[104.38981,21.41104],[104.38837,21.41236],[104.38828,21.41319],[104.38667,21.41643],[104.38564,21.4163],[104.38561,21.41764],[104.38653,21.41902],[104.38567,21.42081],[104.3864,21.42173],[104.38738,21.4216],[104.38814,21.42256],[104.38773,21.42392],[104.38875,21.42422],[104.38841,21.42523],[104.38997,21.42536],[104.39016,21.42724],[104.38983,21.42868],[104.39107,21.42863],[104.39201,21.42929],[104.39357,21.42825],[104.39422,21.42814],[104.39738,21.42878],[104.39903,21.42798],[104.40363,21.42631],[104.40485,21.42446],[104.40842,21.42352],[104.41139,21.42249],[104.41405,21.4218],[104.41518,21.42218],[104.41565,21.42325],[104.41842,21.42485],[104.41934,21.42595],[104.41834,21.42815],[104.41756,21.42851],[104.41649,21.43028],[104.41478,21.43131],[104.41253,21.4318],[104.41079,21.43302],[104.40791,21.43359],[104.40681,21.43686],[104.40603,21.43758],[104.40596,21.43872],[104.40354,21.44203],[104.40363,21.4439],[104.40542,21.4469],[104.40365,21.44678],[104.40043,21.44785],[104.39885,21.44749],[104.39649,21.44875],[104.39633,21.44869],[104.39554,21.4525],[104.39497,21.4541],[104.39339,21.45566],[104.39368,21.45657],[104.39373,21.45907],[104.39428,21.46029],[104.39417,21.46139],[104.39519,21.46269],[104.39553,21.46421],[104.39511,21.46563],[104.3962,21.46695],[104.39677,21.46703],[104.39969,21.46903],[104.40143,21.4694],[104.40393,21.47137],[104.40586,21.47225],[104.40595,21.47296],[104.40721,21.47365],[104.40863,21.47548],[104.40975,21.47634],[104.41059,21.47638],[104.41356,21.47507],[104.41441,21.47508],[104.41522,21.47601],[104.4162,21.47734],[104.41487,21.47783],[104.41461,21.47854],[104.4162,21.4791],[104.41664,21.48043],[104.41802,21.48156],[104.41986,21.48116],[104.42018,21.48293],[104.42061,21.48328],[104.42257,21.48307],[104.42423,21.48359],[104.42362,21.48583],[104.4223,21.48719],[104.42188,21.48847],[104.42174,21.48888],[104.42099,21.49134],[104.42111,21.49244],[104.41961,21.49358],[104.41811,21.49418],[104.41675,21.49535],[104.41667,21.49637],[104.41574,21.49857],[104.4145,21.49994],[104.4126,21.50074],[104.41178,21.50181],[104.41031,21.50268],[104.40957,21.50376],[104.40563,21.50376],[104.40408,21.50415],[104.40322,21.50485],[104.40232,21.50681],[104.40075,21.50723],[104.39882,21.50722],[104.39827,21.50779],[104.3958,21.50937],[104.39376,21.50936],[104.39319,21.51053],[104.39295,21.51379],[104.39347,21.51682],[104.39496,21.51919],[104.39513,21.52035],[104.39457,21.52106],[104.39512,21.52305],[104.39391,21.52411],[104.39263,21.52463],[104.39082,21.52582],[104.38919,21.52749],[104.38841,21.52954],[104.38901,21.53052],[104.38901,21.53137],[104.38752,21.53407],[104.38669,21.53601],[104.38684,21.53755],[104.38606,21.53986],[104.38576,21.54179],[104.38609,21.54316],[104.38708,21.54403],[104.38679,21.54537],[104.38627,21.54603],[104.38635,21.54985],[104.3855,21.55114],[104.38403,21.55235],[104.38313,21.55233],[104.3826,21.55309],[104.38057,21.55365],[104.37989,21.55478],[104.37689,21.55607],[104.37578,21.55698],[104.37421,21.55762],[104.37257,21.56026],[104.36998,21.56127],[104.36798,21.56176],[104.36693,21.56278],[104.36634,21.56148],[104.36479,21.56025],[104.36348,21.56061],[104.36199,21.5605],[104.35909,21.56235],[104.35702,21.56262],[104.35512,21.56466],[104.35404,21.56512],[104.35202,21.56552],[104.34973,21.56512],[104.34876,21.56553],[104.34688,21.567],[104.34539,21.56684],[104.34389,21.56609],[104.34252,21.56661],[104.33926,21.56667],[104.33855,21.56606],[104.33562,21.56565],[104.33526,21.56503],[104.33362,21.56452],[104.33303,21.56393],[104.33269,21.56088],[104.33186,21.56092],[104.33086,21.55998],[104.33031,21.561],[104.32829,21.56171],[104.32799,21.56277],[104.32721,21.56318],[104.32704,21.56461],[104.3251,21.56573],[104.32295,21.56726],[104.32215,21.56833],[104.32259,21.56937],[104.32219,21.57087],[104.32238,21.57156],[104.32058,21.5726],[104.31911,21.57215],[104.31706,21.57283],[104.31692,21.57323],[104.31515,21.5735],[104.31364,21.57412],[104.3105,21.57416],[104.3097,21.57329],[104.30824,21.57306],[104.30808,21.57247],[104.30649,21.57072],[104.30604,21.57127],[104.30381,21.57173],[104.30078,21.57175],[104.29951,21.57212],[104.29846,21.57178],[104.296,21.57089],[104.29316,21.57093],[104.29052,21.56927],[104.28872,21.56942],[104.28771,21.56864],[104.28726,21.5664],[104.28731,21.56483],[104.28569,21.56231],[104.28476,21.56157],[104.28457,21.56068],[104.28305,21.5595],[104.2822,21.55951],[104.28234,21.55839],[104.28209,21.55668],[104.28076,21.55572],[104.2803,21.55449],[104.27881,21.55307],[104.27806,21.55196],[104.27703,21.55154],[104.27686,21.55089],[104.27784,21.55041],[104.27849,21.54901],[104.27911,21.54854],[104.27943,21.54729],[104.27881,21.54604],[104.28012,21.54424],[104.28026,21.54323],[104.28098,21.54192],[104.28157,21.53978],[104.28315,21.53633],[104.28566,21.53491],[104.28652,21.53356],[104.28783,21.53331],[104.28917,21.53178],[104.28956,21.53073],[104.29142,21.52843],[104.29151,21.52784],[104.29277,21.52611],[104.29352,21.52449],[104.29329,21.52366],[104.29218,21.52258],[104.29202,21.52076],[104.2925,21.51869],[104.29228,21.51631],[104.2925,21.51468],[104.29341,21.51367],[104.29486,21.51061],[104.29259,21.50791],[104.29282,21.50626],[104.29255,21.50368],[104.29292,21.50242],[104.29036,21.50012],[104.28934,21.49858],[104.28817,21.49768],[104.28669,21.49548],[104.28578,21.49508],[104.28503,21.49277],[104.28442,21.4916],[104.28434,21.49057],[104.28498,21.48985],[104.28537,21.48832],[104.2861,21.48702],[104.2851,21.48621],[104.28326,21.48527],[104.28303,21.48435],[104.28401,21.4824],[104.28369,21.48122],[104.28399,21.47965],[104.28346,21.478],[104.28411,21.47761],[104.28413,21.47581],[104.28317,21.47472],[104.28319,21.47411],[104.28215,21.47286],[104.28206,21.47217],[104.28354,21.47008],[104.28461,21.46754],[104.28557,21.46624],[104.2866,21.46568],[104.28692,21.46401],[104.28871,21.46234],[104.28985,21.46211],[104.29155,21.46133],[104.29286,21.46027],[104.29407,21.45861],[104.2952,21.4582],[104.29598,21.45744],[104.29759,21.45794],[104.29898,21.45751],[104.30055,21.45786],[104.30105,21.45749],[104.30141,21.45585],[104.30284,21.4539],[104.30293,21.4524],[104.30177,21.45048],[104.30054,21.44955],[104.30012,21.44752],[104.30044,21.44672],[104.30025,21.44436],[104.29977,21.44279],[104.29875,21.4407],[104.29874,21.43916],[104.29928,21.43851],[104.30031,21.43845],[104.30317,21.43747],[104.3037,21.43655],[104.30337,21.43537],[104.3038,21.43329],[104.30616,21.43295],[104.30853,21.43152],[104.30987,21.4315],[104.31107,21.43207],[104.31401,21.43074],[104.31488,21.4308],[104.3174,21.42913],[104.31891,21.42876],[104.32018,21.42773],[104.32003,21.42549],[104.32048,21.42478],[104.32212,21.41939],[104.32296,21.41827],[104.32369,21.41808],[104.32463,21.41651],[104.326,21.41482],[104.32698,21.41487],[104.32672,21.41367],[104.32793,21.41273],[104.32807,21.41089],[104.32979,21.41043],[104.33056,21.4096],[104.3312,21.40817],[104.33323,21.40805],[104.33522,21.40834],[104.33629,21.40785],[104.33782,21.40851],[104.33955,21.40884],[104.34098,21.40994],[104.34289,21.40915],[104.34359,21.41038],[104.34219,21.41287],[104.34214,21.41489],[104.34289,21.41654],[104.34373,21.41772],[104.34504,21.41826],[104.34679,21.41938],[104.34748,21.41914],[104.34921,21.41714],[104.35096,21.41786],[104.35097,21.41681],[104.35302,21.41558],[104.35518,21.41369],[104.35528,21.41234],[104.35605,21.41191],[104.35604,21.40991],[104.35645,21.40922],[104.35804,21.40887],[104.36076,21.40677],[104.36125,21.40604],[104.36219,21.40301],[104.36417,21.40104],[104.3656,21.40082],[104.36592,21.4002],[104.3675,21.39976],[104.36953,21.39838],[104.372,21.39865],[104.37358,21.39775],[104.37416,21.39484],[104.37502,21.395],[104.37755,21.39441],[104.37923,21.39263],[104.37987,21.39141],[104.38088,21.39091],[104.3815,21.39002],[104.38258,21.38933],[104.38614,21.3894],[104.38796,21.38988],[104.38965,21.39086],[104.39346,21.39099],[104.39507,21.39234],[104.39682,21.39219],[104.39999,21.39082],[104.40224,21.39087],[104.40418,21.38961],[104.40745,21.38843],[104.4098,21.38794]]]},"properties":{"a01_tinh":"diaphanhanhchinhcaptinh_sn.114","a02_xa":"diaphanhanhchinhcapxa_2025.1037","a03_ten":"Xã Hạnh Phúc","a04_tentinh":"Tỉnh Lào Cai","a05_truocsn":"Thị trấn Trạm Tấu, Xã Bản Công, Xã Hát Lừu, Xã Xà Hồ","a06_trungtamhc":"đang cập nhật","a07_dt":"193.85","a08_ds":"13763","a09_dthoai":null,"a10_web":null,"ten":"Xã Hạnh Phúc","ma":"04585","tentinh":"Tỉnh Lào Cai","truocsapnhap":"Thị trấn Trạm Tấu, Xã Bản Công, Xã Hát Lừu, Xã Xà Hồ","dientichkm2":null,"dansonguoi":null},"id":"diaphanhanhchinhcapxa_2025.1037"},
{"type":"Feature","geometry":{"type":"Polygon","coordinates":[[[104.03048,22.37557],[104.02896,22.37451],[104.02625,22.37648],[104.02755,22.37939],[104.02939,22.38048],[104.02988,22.3813],[104.02973,22.38271],[104.02794,22.38384],[104.02683,22.38323],[104.0257,22.38329],[104.02454,22.38439],[104.02241,22.38524],[104.02168,22.38479],[104.01956,22.38658],[104.01756,22.38796],[104.01779,22.38937],[104.0192,22.39004],[104.0176,22.39102],[104.01749,22.39311],[104.01472,22.39434],[104.0148,22.39492],[104.01318,22.39585],[104.013,22.3965],[104.01132,22.39798],[104.01156,22.3992],[104.01069,22.40044],[104.01198,22.40208],[104.01094,22.40283],[104.00917,22.40339],[104.00709,22.40351],[104.00392,22.40483],[104.00295,22.40492],[104.00095,22.40623],[103.99897,22.40572],[103.99576,22.40904],[103.99442,22.41019],[103.99227,22.40893],[103.9911,22.40677],[103.99028,22.40642],[103.98737,22.40768],[103.98626,22.40772],[103.98567,22.40913],[103.98245,22.41143],[103.98185,22.41267],[103.98111,22.41332],[103.98073,22.41469],[103.97885,22.41672],[103.97852,22.41796],[103.97883,22.41897],[103.97675,22.42293],[103.97732,22.4238],[103.97637,22.42615],[103.97659,22.4269],[103.97573,22.42737],[103.97499,22.42924],[103.97362,22.42965],[103.97274,22.43051],[103.97128,22.43059],[103.96997,22.43014],[103.9692,22.43031],[103.96781,22.42981],[103.96594,22.43156],[103.96518,22.4319],[103.96562,22.43439],[103.96469,22.43726],[103.96312,22.43865],[103.96212,22.44014],[103.96126,22.4401],[103.95883,22.43813],[103.95668,22.4377],[103.95666,22.43381],[103.95601,22.43311],[103.95558,22.43131],[103.95249,22.42976],[103.9499,22.42769],[103.94823,22.42679],[103.94693,22.42644],[103.9449,22.42403],[103.94358,22.423],[103.94178,22.42076],[103.94145,22.41768],[103.94162,22.41617],[103.94039,22.41534],[103.93973,22.41433],[103.93959,22.413],[103.93854,22.41272],[103.93738,22.41058],[103.936,22.40949],[103.93448,22.40743],[103.93226,22.4069],[103.93182,22.40639],[103.93078,22.4053],[103.92968,22.4026],[103.92893,22.40208],[103.92786,22.4002],[103.92686,22.40009],[103.92598,22.39905],[103.92651,22.39816],[103.92632,22.39638],[103.9255,22.39483],[103.92551,22.39308],[103.92335,22.39023],[103.92363,22.38798],[103.92356,22.38617],[103.92271,22.38479],[103.92284,22.38265],[103.9225,22.38193],[103.92263,22.38071],[103.92239,22.3792],[103.92177,22.37738],[103.92099,22.37614],[103.92112,22.37556],[103.91961,22.37447],[103.91776,22.37348],[103.91525,22.37363],[103.91468,22.37111],[103.91472,22.36959],[103.91405,22.36775],[103.91346,22.36747],[103.91146,22.36489],[103.90822,22.36326],[103.9079,22.36198],[103.90684,22.36122],[103.90688,22.36037],[103.90551,22.35824],[103.90563,22.35678],[103.90508,22.35526],[103.90517,22.3546],[103.90359,22.35325],[103.90154,22.35317],[103.90001,22.35241],[103.89719,22.34702],[103.89784,22.34437],[103.89801,22.34199],[103.8977,22.33835],[103.89888,22.33539],[103.8988,22.33467],[103.89796,22.33407],[103.89744,22.33228],[103.89638,22.33038],[103.89746,22.329],[103.89784,22.32781],[103.89969,22.32668],[103.9007,22.32537],[103.90403,22.32317],[103.90467,22.32207],[103.90732,22.32124],[103.90819,22.32034],[103.91134,22.31955],[103.9137,22.31928],[103.91526,22.31865],[103.91539,22.31715],[103.91621,22.31459],[103.91761,22.31352],[103.91855,22.31211],[103.9199,22.3113],[103.92211,22.31165],[103.92478,22.3114],[103.92841,22.31084],[103.92931,22.31055],[103.9296,22.31071],[103.93212,22.31411],[103.93306,22.31465],[103.93453,22.31612],[103.93727,22.31729],[103.93745,22.31787],[103.93893,22.31787],[103.93965,22.31713],[103.94249,22.31661],[103.94456,22.31589],[103.9462,22.31568],[103.94805,22.31593],[103.94942,22.3169],[103.94982,22.31821],[103.95081,22.31917],[103.95194,22.31977],[103.95293,22.32112],[103.9554,22.32246],[103.95713,22.32277],[103.95931,22.32398],[103.96259,22.32657],[103.96281,22.32724],[103.96609,22.32839],[103.96762,22.33249],[103.96893,22.33353],[103.9704,22.33583],[103.97145,22.33679],[103.97217,22.33802],[103.97349,22.33856],[103.97798,22.33963],[103.97936,22.33947],[103.98199,22.34039],[103.98362,22.34072],[103.98433,22.34219],[103.98667,22.34282],[103.98896,22.34406],[103.99282,22.34372],[103.99597,22.34383],[103.99801,22.3434],[103.99928,22.34368],[104.00082,22.34333],[104.0021,22.34254],[104.00379,22.34035],[104.00535,22.33928],[104.0073,22.33875],[104.0098,22.33758],[104.01092,22.33735],[104.01404,22.33602],[104.01604,22.33614],[104.01752,22.33581],[104.01841,22.33632],[104.02115,22.3357],[104.02294,22.33573],[104.02534,22.33382],[104.02752,22.3338],[104.0287,22.33346],[104.03248,22.33418],[104.03299,22.33386],[104.03511,22.33375],[104.03713,22.33397],[104.03792,22.3351],[104.03929,22.33637],[104.03949,22.33817],[104.03995,22.33892],[104.04124,22.33962],[104.04123,22.34313],[104.04098,22.3451],[104.0413,22.34692],[104.0424,22.34917],[104.04206,22.3502],[104.04114,22.35078],[104.04224,22.35415],[104.04218,22.35655],[104.04168,22.35756],[104.04143,22.35943],[104.04089,22.36037],[104.04071,22.36244],[104.03989,22.36436],[104.03915,22.36532],[104.03748,22.36566],[104.03627,22.3666],[104.03588,22.36746],[104.03635,22.36871],[104.03585,22.37059],[104.03474,22.37119],[104.03366,22.37226],[104.03196,22.37338],[104.03198,22.37451],[104.03048,22.37557]]]},"properties":{"a01_tinh":"diaphanhanhchinhcaptinh_sn.114","a02_xa":"diaphanhanhchinhcapxa_2025.1057","a03_ten":"Xã Hợp Thành","a04_tentinh":"Tỉnh Lào Cai","a05_truocsn":"Xã Tả Phời, Xã Hợp Thành","a06_trungtamhc":"Thôn Cóc 2, xã Hợp Thành (Trụ sở xã Tả Phời cũ)","a07_dt":"116.3","a08_ds":"12514","a09_dthoai":null,"a10_web":null,"ten":"Xã Hợp Thành","ma":"02680","tentinh":"Tỉnh Lào Cai","truocsapnhap":"Xã Tả Phời, Xã Hợp Thành","dientichkm2":null,"dansonguoi":null},"id":"diaphanhanhchinhcapxa_2025.1057"},
{"type":"Feature","geometry":{"type":"Polygon","coordinates":[[[104.78422,21.56506],[104.78357,21.56599],[104.78349,21.56794],[104.78173,21.57017],[104.78156,21.5718],[104.78036,21.57334],[104.78012,21.5743],[104.77693,21.57477],[104.77532,21.57462],[104.77446,21.57533],[104.77392,21.57661],[104.7738,21.57817],[104.77431,21.57848],[104.77415,21.58032],[104.77461,21.58144],[104.77464,21.58281],[104.77526,21.58353],[104.77532,21.5852],[104.77576,21.58625],[104.7765,21.5867],[104.7763,21.58936],[104.77578,21.59045],[104.77622,21.59411],[104.77688,21.59546],[104.7755,21.59741],[104.77549,21.59833],[104.774,21.59998],[104.77641,21.60588],[104.77444,21.6108],[104.77231,21.61422],[104.76998,21.61389],[104.76364,21.61396],[104.76237,21.61378],[104.76058,21.6115],[104.75734,21.61082],[104.75665,21.61035],[104.75384,21.61006],[104.75252,21.61041],[104.75095,21.61045],[104.74958,21.611],[104.74829,21.61086],[104.74744,21.61022],[104.74626,21.60992],[104.74562,21.60878],[104.74377,21.61006],[104.74284,21.6103],[104.74183,21.61171],[104.74062,21.61269],[104.74035,21.61413],[104.74147,21.61639],[104.74108,21.61916],[104.74043,21.62245],[104.73906,21.62274],[104.73818,21.6234],[104.73702,21.62676],[104.73542,21.62735],[104.73457,21.62963],[104.7344,21.63079],[104.73358,21.63308],[104.72859,21.6364],[104.72736,21.63679],[104.72448,21.63815],[104.72245,21.64003],[104.72129,21.64049],[104.71878,21.64048],[104.7179,21.64231],[104.71842,21.6452],[104.71883,21.6457],[104.71857,21.64702],[104.71596,21.64844],[104.7153,21.64916],[104.71429,21.64935],[104.71183,21.65079],[104.71051,21.6512],[104.70868,21.6528],[104.70537,21.65171],[104.70404,21.65261],[104.70291,21.65383],[104.70218,21.65543],[104.70066,21.65717],[104.70006,21.65824],[104.69899,21.65847],[104.69757,21.6602],[104.6953,21.66077],[104.69494,21.66164],[104.69391,21.66257],[104.69228,21.66295],[104.6911,21.6642],[104.68967,21.66479],[104.688,21.66488],[104.68716,21.66406],[104.68583,21.66383],[104.68439,21.66407],[104.68216,21.66298],[104.6811,21.66275],[104.67908,21.66164],[104.67818,21.6591],[104.67751,21.6581],[104.67702,21.65586],[104.67632,21.65509],[104.6754,21.65291],[104.67606,21.65005],[104.67525,21.64995],[104.67339,21.64839],[104.67446,21.64681],[104.67479,21.64516],[104.67454,21.64446],[104.67313,21.64361],[104.67126,21.64398],[104.66906,21.64205],[104.6673,21.64117],[104.66641,21.64025],[104.66506,21.63949],[104.66595,21.63852],[104.66556,21.63596],[104.66619,21.63348],[104.66615,21.63224],[104.66398,21.63024],[104.66331,21.62913],[104.66448,21.62509],[104.66488,21.62297],[104.66168,21.61934],[104.65945,21.6176],[104.65806,21.61682],[104.6572,21.61575],[104.65555,21.61554],[104.65174,21.61425],[104.65196,21.61235],[104.65183,21.61116],[104.65279,21.60922],[104.65228,21.6078],[104.6527,21.60432],[104.65224,21.60343],[104.65263,21.60282],[104.65243,21.60087],[104.65261,21.59964],[104.65093,21.59272],[104.64953,21.59189],[104.64855,21.59033],[104.64926,21.58954],[104.65042,21.58724],[104.65042,21.58649],[104.65161,21.58511],[104.65304,21.58424],[104.6541,21.58264],[104.65465,21.58119],[104.65415,21.57976],[104.6543,21.57891],[104.65574,21.57768],[104.6567,21.57586],[104.65812,21.57452],[104.65993,21.57358],[104.66377,21.57211],[104.66495,21.573],[104.66573,21.57464],[104.66622,21.57501],[104.66938,21.57489],[104.66977,21.57396],[104.67062,21.5738],[104.67333,21.57233],[104.67574,21.57318],[104.67733,21.57274],[104.67894,21.57149],[104.68057,21.57138],[104.68162,21.57101],[104.68267,21.57007],[104.68296,21.56823],[104.68342,21.56781],[104.68749,21.56699],[104.68762,21.56544],[104.68838,21.56216],[104.68963,21.5608],[104.68939,21.55963],[104.69019,21.55584],[104.69102,21.55367],[104.69086,21.55272],[104.69109,21.55057],[104.69186,21.55046],[104.69454,21.54878],[104.69864,21.54686],[104.70095,21.54458],[104.70173,21.54449],[104.70289,21.54349],[104.70388,21.54332],[104.70481,21.54263],[104.70566,21.54135],[104.70767,21.54052],[104.70838,21.5388],[104.71141,21.53738],[104.71364,21.5355],[104.71531,21.53619],[104.71702,21.53589],[104.71813,21.53413],[104.71929,21.53391],[104.7207,21.53254],[104.72231,21.53245],[104.72356,21.53174],[104.72589,21.53105],[104.72662,21.53118],[104.72737,21.53337],[104.72742,21.53523],[104.72814,21.53563],[104.7291,21.53755],[104.73055,21.53781],[104.73186,21.53736],[104.73315,21.53812],[104.73491,21.5372],[104.73744,21.5368],[104.73859,21.53534],[104.73925,21.53375],[104.74063,21.53314],[104.74099,21.53229],[104.74228,21.53107],[104.74541,21.53145],[104.74665,21.5321],[104.74742,21.53121],[104.74873,21.53189],[104.75008,21.53205],[104.7515,21.53346],[104.75319,21.53343],[104.75506,21.53425],[104.75709,21.53448],[104.7584,21.53388],[104.75966,21.53398],[104.76128,21.53465],[104.76437,21.53283],[104.76626,21.53319],[104.769,21.5346],[104.76933,21.53552],[104.76915,21.53726],[104.76851,21.54035],[104.7679,21.54122],[104.76901,21.54176],[104.76954,21.54326],[104.77045,21.54456],[104.77215,21.54581],[104.77226,21.54713],[104.77413,21.5475],[104.77533,21.54926],[104.77579,21.55083],[104.77582,21.55299],[104.77757,21.5547],[104.77935,21.55516],[104.77975,21.5568],[104.7806,21.55731],[104.78023,21.55973],[104.77961,21.56108],[104.78112,21.562],[104.78176,21.56304],[104.78422,21.56506]]]},"properties":{"a01_tinh":"diaphanhanhchinhcaptinh_sn.114","a02_xa":"diaphanhanhchinhcapxa_2025.1035","a03_ten":"Xã Hưng Khánh","a04_tentinh":"Tỉnh Lào Cai","a05_truocsn":"Xã Hồng Ca, Xã Hưng Khánh","a06_trungtamhc":"đang cập nhật","a07_dt":"122.18","a08_ds":"14054","a09_dthoai":null,"a10_web":null,"ten":"Xã Hưng Khánh","ma":"04576","tentinh":"Tỉnh Lào Cai","truocsapnhap":"Xã Hồng Ca, Xã Hưng Khánh","dientichkm2":null,"dansonguoi":null},"id":"diaphanhanhchinhcapxa_2025.1035"},
{"type":"Feature","geometry":{"type":"Polygon","coordinates":[[[104.60585,22.0401],[104.60708,22.04213],[104.60952,22.04244],[104.61054,22.0438],[104.61194,22.0448],[104.61121,22.0463],[104.61077,22.04828],[104.61042,22.05104],[104.61074,22.05399],[104.61056,22.05537],[104.6109,22.05623],[104.61308,22.05778],[104.61448,22.05916],[104.61485,22.06012],[104.61594,22.06113],[104.61834,22.06043],[104.62115,22.06214],[104.62367,22.06279],[104.62398,22.06469],[104.62497,22.06513],[104.6263,22.06433],[104.62729,22.06439],[104.62871,22.06327],[104.63024,22.06354],[104.63089,22.06425],[104.63265,22.0646],[104.63428,22.06535],[104.63607,22.06529],[104.63611,22.06729],[104.6367,22.06805],[104.63725,22.07084],[104.63678,22.07347],[104.63547,22.07537],[104.6357,22.07635],[104.63742,22.07653],[104.63856,22.07786],[104.63963,22.07821],[104.6417,22.07999],[104.64223,22.08108],[104.64379,22.07997],[104.64446,22.0789],[104.6458,22.07775],[104.64666,22.07612],[104.64666,22.07496],[104.64817,22.07345],[104.64874,22.07153],[104.65113,22.06991],[104.65369,22.06973],[104.65483,22.06885],[104.65579,22.06625],[104.65868,22.06302],[104.66231,22.06033],[104.66289,22.05942],[104.66271,22.05853],[104.66456,22.0576],[104.6672,22.05791],[104.67035,22.0565],[104.67135,22.05633],[104.67334,22.05724],[104.67433,22.05588],[104.67595,22.05529],[104.67693,22.05423],[104.67832,22.0537],[104.67942,22.05283],[104.68049,22.05125],[104.68132,22.05091],[104.68251,22.04912],[104.683,22.04776],[104.68464,22.04751],[104.68486,22.04865],[104.68606,22.05099],[104.68531,22.05219],[104.68598,22.05341],[104.69591,22.06085],[104.69498,22.06166],[104.69491,22.06296],[104.69298,22.06435],[104.6928,22.06535],[104.68725,22.06805],[104.68548,22.07129],[104.68783,22.0722],[104.69209,22.07279],[104.69868,22.0692],[104.70051,22.06729],[104.70104,22.06622],[104.70206,22.0668],[104.70424,22.067],[104.71336,22.06822],[104.71899,22.0603],[104.72945,22.05531],[104.73215,22.06024],[104.73537,22.0624],[104.73634,22.06522],[104.73571,22.06722],[104.73287,22.06999],[104.73101,22.07295],[104.73038,22.07506],[104.72893,22.07786],[104.72775,22.07932],[104.72627,22.08066],[104.72502,22.08123],[104.71794,22.08251],[104.71568,22.08344],[104.7135,22.08515],[104.71213,22.08685],[104.71147,22.08903],[104.71142,22.09224],[104.7112,22.0948],[104.71016,22.0974],[104.70781,22.1012],[104.7067,22.10184],[104.70545,22.1019],[104.70421,22.1015],[104.70156,22.09922],[104.70045,22.09875],[104.69896,22.09876],[104.6977,22.09976],[104.69617,22.10297],[104.69653,22.10459],[104.69721,22.10466],[104.6982,22.10638],[104.69807,22.11265],[104.6985,22.11461],[104.69967,22.11619],[104.70096,22.11734],[104.7013,22.11832],[104.70046,22.11959],[104.69844,22.12117],[104.69754,22.12235],[104.69624,22.12584],[104.69563,22.12683],[104.69259,22.12878],[104.69028,22.12987],[104.68777,22.13059],[104.68422,22.13316],[104.68085,22.13649],[104.67803,22.13805],[104.67722,22.13875],[104.67604,22.14083],[104.67426,22.14271],[104.67194,22.14412],[104.67147,22.1456],[104.67194,22.14627],[104.67374,22.14715],[104.6742,22.1481],[104.67396,22.14904],[104.67232,22.15006],[104.6685,22.14985],[104.66639,22.15032],[104.66455,22.15021],[104.66028,22.15034],[104.65779,22.15069],[104.65507,22.15127],[104.65327,22.15201],[104.65007,22.15373],[104.64863,22.15405],[104.64769,22.15387],[104.64645,22.15303],[104.64516,22.15292],[104.6434,22.15392],[104.64297,22.15596],[104.64331,22.15902],[104.64309,22.16092],[104.64241,22.16231],[104.6403,22.16428],[104.63572,22.16729],[104.63438,22.16772],[104.62985,22.17027],[104.62413,22.17276],[104.62273,22.17411],[104.62136,22.17577],[104.61894,22.17816],[104.61804,22.17806],[104.61601,22.17602],[104.61476,22.1755],[104.61007,22.17699],[104.60848,22.17701],[104.60684,22.1761],[104.60471,22.17531],[104.60286,22.17586],[104.60206,22.17682],[104.60161,22.17835],[104.60175,22.1802],[104.60102,22.18185],[104.5993,22.18294],[104.59833,22.18288],[104.59643,22.18216],[104.5946,22.18114],[104.59279,22.18061],[104.59221,22.18073],[104.59061,22.1822],[104.58931,22.18128],[104.58873,22.1802],[104.58743,22.17911],[104.5848,22.1781],[104.58316,22.17691],[104.58318,22.17418],[104.58355,22.17337],[104.58381,22.17049],[104.5833,22.16881],[104.58395,22.16628],[104.58594,22.16413],[104.58639,22.16258],[104.58733,22.16202],[104.58932,22.15941],[104.58789,22.15835],[104.5874,22.15756],[104.58585,22.15686],[104.58312,22.15661],[104.58093,22.1549],[104.58111,22.15391],[104.58304,22.15141],[104.58289,22.15019],[104.58371,22.14783],[104.58473,22.1466],[104.58536,22.14353],[104.58474,22.14275],[104.58328,22.14199],[104.58227,22.13984],[104.58011,22.13885],[104.58052,22.13683],[104.58145,22.13535],[104.58113,22.13252],[104.5814,22.12964],[104.58121,22.12786],[104.58079,22.12679],[104.58008,22.12638],[104.57996,22.12482],[104.58018,22.12353],[104.57881,22.12124],[104.57918,22.12007],[104.57912,22.11727],[104.57988,22.11608],[104.58167,22.11442],[104.58347,22.11235],[104.58129,22.11282],[104.57986,22.11234],[104.57753,22.11045],[104.57545,22.11074],[104.57469,22.11019],[104.57364,22.10662],[104.57216,22.10453],[104.5703,22.10296],[104.57158,22.09927],[104.57218,22.09844],[104.57047,22.09758],[104.57027,22.09702],[104.56852,22.09608],[104.56795,22.09449],[104.56665,22.09334],[104.56608,22.09244],[104.56575,22.09008],[104.566,22.08945],[104.56248,22.08642],[104.5629,22.08569],[104.56275,22.08454],[104.56336,22.08324],[104.56296,22.08219],[104.56322,22.08032],[104.5648,22.07952],[104.56767,22.07878],[104.57062,22.07642],[104.57265,22.07426],[104.57362,22.07102],[104.57607,22.06966],[104.57947,22.06581],[104.58169,22.065],[104.58186,22.06248],[104.58249,22.0618],[104.58302,22.05864],[104.58289,22.05684],[104.58367,22.0549],[104.58464,22.05431],[104.58466,22.05297],[104.58521,22.05208],[104.58667,22.05168],[104.58896,22.05151],[104.59012,22.051],[104.59005,22.0492],[104.59031,22.0478],[104.59109,22.04689],[104.59167,22.04499],[104.5958,22.0448],[104.59819,22.0437],[104.6009,22.04301],[104.60208,22.04237],[104.60377,22.04104],[104.60585,22.0401]]]},"properties":{"a01_tinh":"diaphanhanhchinhcaptinh_sn.114","a02_xa":"diaphanhanhchinhcapxa_2025.1013","a03_ten":"Xã Khánh Hòa","a04_tentinh":"Tỉnh Lào Cai","a05_truocsn":"Xã Tô Mậu, Xã An Lạc, Xã Động Quan, Xã Khánh Hòa","a06_trungtamhc":"đang cập nhật","a07_dt":"149.77","a08_ds":"17589","a09_dthoai":null,"a10_web":null,"ten":"Xã Khánh Hòa","ma":"04342","tentinh":"Tỉnh Lào Cai","truocsapnhap":"Xã Tô Mậu, Xã An Lạc, Xã Động Quan, Xã Khánh Hòa","dientichkm2":null,"dansonguoi":null},"id":"diaphanhanhchinhcapxa_2025.1013"},
{"type":"Feature","geometry":{"type":"Polygon","coordinates":[[[104.3257,21.9183],[104.32661,21.91915],[104.32842,21.92],[104.33022,21.92007],[104.33065,21.92082],[104.33086,21.92257],[104.33049,21.92293],[104.33071,21.92491],[104.33167,21.92563],[104.3301,21.92614],[104.32996,21.92675],[104.32878,21.92714],[104.32929,21.92836],[104.33146,21.92957],[104.333,21.93189],[104.33313,21.93378],[104.33538,21.93608],[104.33659,21.93757],[104.33773,21.93853],[104.33881,21.94061],[104.33914,21.94175],[104.3415,21.94315],[104.3431,21.94472],[104.34353,21.94584],[104.34489,21.94741],[104.34496,21.94906],[104.34574,21.95073],[104.34659,21.9512],[104.34709,21.95298],[104.3482,21.95368],[104.34785,21.95596],[104.34596,21.9578],[104.346,21.95912],[104.34682,21.95952],[104.34799,21.96135],[104.34827,21.96234],[104.34948,21.96347],[104.34905,21.96514],[104.35008,21.96655],[104.34919,21.96807],[104.34912,21.96959],[104.35008,21.97272],[104.35193,21.97337],[104.35146,21.97443],[104.35234,21.98066],[104.35158,21.98284],[104.35235,21.98771],[104.35103,21.9926],[104.34964,21.99399],[104.34904,21.99496],[104.3486,21.99793],[104.34808,21.9996],[104.34675,22.00135],[104.34589,22.00336],[104.34596,22.0045],[104.34686,22.00561],[104.34882,22.00702],[104.3485,22.00833],[104.34843,22.01019],[104.34968,22.01226],[104.34902,22.01315],[104.34656,22.01494],[104.3466,22.01578],[104.34516,22.01814],[104.34599,22.01982],[104.34511,22.02181],[104.34424,22.02291],[104.34367,22.02493],[104.3448,22.02703],[104.34283,22.02822],[104.34121,22.02959],[104.34008,22.0298],[104.3393,22.03055],[104.33813,22.03081],[104.33799,22.03249],[104.3366,22.03288],[104.33574,22.03458],[104.33474,22.03483],[104.33323,22.03595],[104.3328,22.03727],[104.33136,22.0373],[104.32865,22.03659],[104.32653,22.03675],[104.32582,22.0362],[104.32386,22.03667],[104.32335,22.03779],[104.32215,22.03764],[104.32007,22.03616],[104.3193,22.03685],[104.31822,22.03715],[104.3174,22.04518],[104.31815,22.04778],[104.3173,22.05073],[104.31751,22.05207],[104.31805,22.05299],[104.31772,22.05652],[104.31811,22.0577],[104.32005,22.05812],[104.32107,22.05864],[104.32329,22.05904],[104.32457,22.06076],[104.32243,22.06049],[104.32184,22.06003],[104.32094,22.06117],[104.31918,22.06034],[104.31759,22.06133],[104.31593,22.06195],[104.31559,22.06307],[104.31661,22.06476],[104.31909,22.06582],[104.31953,22.06683],[104.32096,22.06744],[104.3194,22.06961],[104.31896,22.07145],[104.31933,22.07364],[104.31857,22.07526],[104.31848,22.07758],[104.3164,22.0794],[104.31536,22.07985],[104.31391,22.08163],[104.31288,22.08322],[104.31131,22.08385],[104.31069,22.08473],[104.31032,22.08824],[104.30791,22.092],[104.30718,22.09349],[104.30612,22.09403],[104.30494,22.09313],[104.30099,22.09279],[104.29974,22.09436],[104.29814,22.0958],[104.29809,22.09744],[104.29731,22.09869],[104.2968,22.10057],[104.29692,22.10126],[104.29527,22.1018],[104.29352,22.10269],[104.29215,22.10374],[104.29159,22.10472],[104.29124,22.107],[104.28986,22.10629],[104.28538,22.10474],[104.28436,22.10337],[104.28426,22.10156],[104.28152,22.09874],[104.28202,22.09756],[104.28345,22.09634],[104.28357,22.09399],[104.28412,22.0933],[104.28402,22.09153],[104.28321,22.09125],[104.28252,22.09031],[104.28052,22.0887],[104.28032,22.08737],[104.27955,22.08583],[104.27955,22.08451],[104.27805,22.08331],[104.27885,22.08236],[104.27766,22.08156],[104.27634,22.08122],[104.27479,22.08025],[104.27576,22.07891],[104.27422,22.07783],[104.2729,22.07803],[104.27138,22.07574],[104.27209,22.07502],[104.27126,22.07285],[104.27184,22.07088],[104.27202,22.0673],[104.27163,22.06591],[104.27094,22.06481],[104.27123,22.06279],[104.2707,22.06075],[104.27011,22.05976],[104.26889,22.05871],[104.26719,22.05771],[104.26687,22.05419],[104.26617,22.05266],[104.26471,22.05363],[104.26333,22.05275],[104.26051,22.05331],[104.25875,22.05209],[104.25809,22.05007],[104.25746,22.04949],[104.25702,22.0482],[104.25586,22.04647],[104.25378,22.04464],[104.25363,22.0435],[104.2528,22.04255],[104.24989,22.04135],[104.24761,22.04123],[104.24663,22.04082],[104.24594,22.03995],[104.24485,22.04026],[104.24781,22.03765],[104.24824,22.03701],[104.24902,22.03466],[104.24904,22.03349],[104.24849,22.03167],[104.24861,22.02966],[104.24833,22.02844],[104.2477,22.02764],[104.24817,22.02651],[104.24964,22.02565],[104.24962,22.02335],[104.24732,22.02153],[104.24636,22.01927],[104.2453,22.01826],[104.24273,22.01675],[104.24291,22.01422],[104.24095,22.01271],[104.24063,22.01201],[104.23918,22.01054],[104.2392,22.00904],[104.2388,22.00799],[104.2372,22.00585],[104.23627,22.00568],[104.23459,22.00463],[104.23319,22.00318],[104.23032,22.00176],[104.2284,21.99914],[104.22721,21.9986],[104.22588,21.99703],[104.22582,21.9951],[104.22453,21.99295],[104.22499,21.99156],[104.22458,21.98969],[104.2238,21.9891],[104.22378,21.98755],[104.22316,21.98487],[104.22357,21.98271],[104.22268,21.98201],[104.22265,21.98105],[104.22318,21.9801],[104.22378,21.97786],[104.22351,21.97607],[104.2243,21.97432],[104.22397,21.97297],[104.22445,21.97219],[104.22257,21.96881],[104.21918,21.96579],[104.21852,21.96423],[104.21861,21.96348],[104.21965,21.96098],[104.22008,21.96045],[104.21753,21.95857],[104.21669,21.95722],[104.21375,21.95519],[104.21213,21.95488],[104.21096,21.95417],[104.21066,21.95349],[104.2108,21.95127],[104.21134,21.95009],[104.21302,21.95012],[104.21735,21.94913],[104.21937,21.9493],[104.22054,21.9486],[104.22235,21.94837],[104.22409,21.94718],[104.22668,21.94614],[104.22676,21.94574],[104.2287,21.94479],[104.22908,21.94368],[104.23101,21.94264],[104.23398,21.94161],[104.23676,21.94101],[104.23783,21.94145],[104.23971,21.94128],[104.24034,21.94092],[104.24379,21.94002],[104.24534,21.93894],[104.24712,21.93711],[104.24939,21.93569],[104.2506,21.93389],[104.25359,21.93171],[104.25606,21.93162],[104.25703,21.93205],[104.25956,21.93255],[104.2607,21.93191],[104.26205,21.9326],[104.26313,21.93252],[104.26452,21.93181],[104.26607,21.93233],[104.26741,21.93325],[104.2704,21.93342],[104.27044,21.93274],[104.27261,21.93419],[104.27524,21.93471],[104.27619,21.93464],[104.27951,21.93567],[104.27959,21.93671],[104.28018,21.93769],[104.28166,21.9388],[104.28268,21.93886],[104.2835,21.9399],[104.28486,21.93832],[104.28544,21.93598],[104.28639,21.9349],[104.28816,21.93394],[104.28978,21.93199],[104.28991,21.93099],[104.29074,21.92965],[104.2916,21.92923],[104.29244,21.92744],[104.29384,21.92684],[104.29939,21.92643],[104.30253,21.92566],[104.30236,21.92416],[104.30283,21.92384],[104.30649,21.92334],[104.30812,21.92338],[104.30886,21.92285],[104.3107,21.92283],[104.31136,21.92191],[104.31345,21.92063],[104.31509,21.92003],[104.316,21.92043],[104.31731,21.92005],[104.31972,21.91889],[104.32187,21.91823],[104.32384,21.91842],[104.3257,21.9183]]]},"properties":{"a01_tinh":"diaphanhanhchinhcaptinh_sn.114","a02_xa":"diaphanhanhchinhcapxa_2025.1087","a03_ten":"Xã Khánh Yên","a04_tentinh":"Tỉnh Lào Cai","a05_truocsn":"Xã Khánh Yên Trung, Xã Liêm Phú, Xã Khánh Yên Hạ","a06_trungtamhc":"Thôn Độc Lập (Trụ sở xã Khánh Yên Hạ cũ)","a07_dt":"173.6","a08_ds":"14272","a09_dthoai":null,"a10_web":null,"ten":"Xã Khánh Yên","ma":"03103","tentinh":"Tỉnh Lào Cai","truocsapnhap":"Xã Khánh Yên Trung, Xã Liêm Phú, Xã Khánh Yên Hạ","dientichkm2":null,"dansonguoi":null},"id":"diaphanhanhchinhcapxa_2025.1087"},
{"type":"Feature","geometry":{"type":"Polygon","coordinates":[[[103.99288,21.9429],[103.99437,21.94326],[103.99509,21.94427],[103.99554,21.94603],[103.99508,21.94789],[103.99545,21.94942],[103.99708,21.95026],[103.996,21.95253],[103.99574,21.95561],[103.99514,21.95633],[103.99541,21.95702],[103.99287,21.96159],[103.99223,21.96213],[103.99087,21.96409],[103.98832,21.96499],[103.98798,21.96575],[103.98679,21.96654],[103.98509,21.96695],[103.98479,21.96617],[103.98374,21.96572],[103.98072,21.9639],[103.97955,21.96345],[103.9784,21.96134],[103.9764,21.95969],[103.97491,21.95911],[103.97198,21.95951],[103.97002,21.95739],[103.96915,21.95698],[103.96814,21.9552],[103.96812,21.95409],[103.96738,21.95198],[103.96661,21.95144],[103.96523,21.94973],[103.96366,21.94886],[103.96285,21.94695],[103.96124,21.94513],[103.96098,21.9437],[103.96138,21.94284],[103.9629,21.94212],[103.96329,21.94137],[103.9615,21.93692],[103.96215,21.9354],[103.96173,21.93493],[103.96051,21.93489],[103.95871,21.93364],[103.9581,21.93235],[103.95694,21.93102],[103.95504,21.93023],[103.95437,21.92923],[103.9525,21.92831],[103.9523,21.92757],[103.9508,21.92509],[103.95022,21.9249],[103.94824,21.92161],[103.94479,21.91916],[103.94391,21.91831],[103.94226,21.91728],[103.94224,21.91819],[103.94137,21.91892],[103.93921,21.91877],[103.93811,21.91913],[103.93632,21.91902],[103.93503,21.92022],[103.93553,21.92134],[103.9352,21.92207],[103.93353,21.92345],[103.93272,21.92359],[103.93115,21.92304],[103.92935,21.92315],[103.92824,21.92433],[103.92717,21.92606],[103.92718,21.92725],[103.92655,21.92818],[103.92588,21.92996],[103.92458,21.93015],[103.92376,21.93085],[103.92187,21.93185],[103.92031,21.93206],[103.91959,21.93153],[103.91854,21.93173],[103.91677,21.92995],[103.91404,21.92859],[103.91293,21.92755],[103.91238,21.92529],[103.91097,21.9244],[103.91,21.92333],[103.90845,21.92244],[103.90762,21.92233],[103.90685,21.92144],[103.90546,21.92113],[103.8995,21.92084],[103.8985,21.92054],[103.89587,21.9187],[103.89399,21.91767],[103.89279,21.91664],[103.89099,21.91646],[103.89086,21.91544],[103.89026,21.91488],[103.88915,21.9149],[103.88853,21.91423],[103.88781,21.91194],[103.88867,21.91056],[103.88759,21.90962],[103.88578,21.9061],[103.8873,21.90498],[103.88774,21.90344],[103.88933,21.90219],[103.8895,21.90081],[103.88879,21.89905],[103.88823,21.89621],[103.88726,21.89505],[103.88683,21.89137],[103.88852,21.89033],[103.88874,21.88958],[103.88849,21.88605],[103.88875,21.88462],[103.88829,21.8829],[103.88856,21.88149],[103.8882,21.87925],[103.88857,21.87815],[103.88974,21.87646],[103.8892,21.87562],[103.88891,21.87284],[103.88972,21.86722],[103.88988,21.86481],[103.89271,21.86141],[103.89365,21.86104],[103.89425,21.86012],[103.89617,21.85863],[103.8973,21.85711],[103.90009,21.85494],[103.90251,21.8538],[103.90345,21.85203],[103.90484,21.85141],[103.90507,21.85084],[103.90732,21.84974],[103.90723,21.85116],[103.90782,21.85247],[103.90764,21.85336],[103.90837,21.85469],[103.91159,21.85727],[103.91344,21.86016],[103.91468,21.86068],[103.91563,21.86223],[103.91567,21.86492],[103.91626,21.86727],[103.91688,21.86843],[103.91838,21.87026],[103.92091,21.8722],[103.92187,21.87335],[103.9243,21.87507],[103.92539,21.87425],[103.92523,21.87312],[103.92407,21.87278],[103.92401,21.87185],[103.92607,21.8706],[103.92932,21.87017],[103.93086,21.87049],[103.93144,21.87135],[103.9313,21.87259],[103.93173,21.87446],[103.93329,21.87544],[103.93405,21.87647],[103.93484,21.87644],[103.93699,21.87512],[103.93803,21.87513],[103.939,21.87432],[103.94084,21.8742],[103.94203,21.87552],[103.94146,21.87659],[103.94203,21.87795],[103.94356,21.87874],[103.94616,21.87932],[103.94811,21.88073],[103.94932,21.88098],[103.95002,21.88195],[103.9516,21.88189],[103.95269,21.88103],[103.95379,21.88068],[103.95501,21.88133],[103.95589,21.88108],[103.95797,21.87989],[103.96,21.87924],[103.96126,21.87831],[103.96289,21.87639],[103.96447,21.87503],[103.96741,21.87539],[103.97072,21.8737],[103.9715,21.87255],[103.97149,21.87182],[103.97246,21.87139],[103.97574,21.87219],[103.9773,21.87289],[103.98017,21.87305],[103.98153,21.87335],[103.98556,21.87512],[103.98633,21.8759],[103.98872,21.87529],[103.98901,21.87219],[103.98961,21.87142],[103.98996,21.86936],[103.99052,21.86896],[103.9914,21.87021],[103.99265,21.86929],[103.99396,21.86881],[103.99579,21.86904],[103.99665,21.86802],[103.9959,21.8671],[103.99612,21.86582],[103.99689,21.86559],[103.9992,21.8659],[103.99914,21.86788],[104.00101,21.8682],[104.00276,21.86957],[104.00374,21.86968],[104.00506,21.86854],[104.00546,21.86746],[104.00722,21.86867],[104.00775,21.86944],[104.00892,21.86968],[104.00966,21.8685],[104.01098,21.86483],[104.0122,21.86424],[104.01326,21.86422],[104.01401,21.86297],[104.01552,21.8649],[104.01963,21.86308],[104.02044,21.86319],[104.02162,21.86464],[104.02421,21.86563],[104.02532,21.86493],[104.0279,21.86585],[104.02758,21.86385],[104.02806,21.86339],[104.02983,21.86386],[104.03051,21.86174],[104.03154,21.86229],[104.0335,21.86229],[104.03323,21.86103],[104.0337,21.86024],[104.03533,21.85937],[104.03638,21.86097],[104.03789,21.86077],[104.03773,21.85792],[104.03871,21.85865],[104.04055,21.85885],[104.04156,21.85795],[104.04228,21.85636],[104.04325,21.85561],[104.04416,21.85555],[104.04405,21.85716],[104.04483,21.85751],[104.04575,21.85711],[104.04638,21.85753],[104.04653,21.85881],[104.04799,21.85951],[104.04818,21.86055],[104.0501,21.86212],[104.051,21.86205],[104.05177,21.86133],[104.05241,21.86229],[104.05213,21.86496],[104.05306,21.86614],[104.05386,21.86809],[104.05394,21.87069],[104.05563,21.87179],[104.05728,21.87209],[104.05849,21.87278],[104.06024,21.87333],[104.06107,21.87405],[104.06113,21.87559],[104.06191,21.87711],[104.06226,21.87889],[104.06319,21.88048],[104.06502,21.88237],[104.06503,21.88319],[104.06082,21.88336],[104.06002,21.88423],[104.06125,21.88448],[104.06279,21.88434],[104.06319,21.88485],[104.06259,21.88573],[104.06325,21.88751],[104.06411,21.88876],[104.06304,21.88968],[104.06434,21.89148],[104.06451,21.89257],[104.06406,21.89447],[104.06454,21.89621],[104.06619,21.89884],[104.06568,21.90062],[104.06496,21.90414],[104.06405,21.90718],[104.06199,21.90874],[104.06037,21.91004],[104.05792,21.91162],[104.05607,21.91228],[104.05498,21.91309],[104.05237,21.91324],[104.04961,21.91407],[104.04832,21.91501],[104.04685,21.91491],[104.04531,21.91419],[104.04382,21.91451],[104.04236,21.91597],[104.04123,21.91649],[104.03968,21.91648],[104.03816,21.91582],[104.03628,21.91427],[104.03397,21.91565],[104.03313,21.91636],[104.03006,21.91714],[104.0289,21.91772],[104.02539,21.91784],[104.02273,21.9174],[104.02123,21.91852],[104.01894,21.91846],[104.01809,21.91907],[104.01638,21.91933],[104.01543,21.91827],[104.01441,21.91794],[104.013,21.9185],[104.01115,21.91824],[104.00973,21.91853],[104.00861,21.91931],[104.00849,21.92008],[104.00635,21.92144],[104.00472,21.9222],[104.00222,21.92447],[103.99965,21.92488],[103.99809,21.92641],[103.99615,21.92748],[103.99632,21.92861],[103.99461,21.93179],[103.99439,21.93388],[103.99249,21.93576],[103.99141,21.9352],[103.99056,21.93617],[103.98951,21.93819],[103.99031,21.93886],[103.99016,21.93957],[103.99066,21.94097],[103.99195,21.94177],[103.99288,21.9429]]]},"properties":{"a01_tinh":"diaphanhanhchinhcaptinh_sn.114","a02_xa":"diaphanhanhchinhcapxa_2025.1026","a03_ten":"Xã Khao Mang","a04_tentinh":"Tỉnh Lào Cai","a05_truocsn":"Xã Hồ Bốn, Xã Khao Mang","a06_trungtamhc":"đang cập nhật","a07_dt":"120.06","a08_ds":"9343","a09_dthoai":null,"a10_web":null,"ten":"Xã Khao Mang","ma":"04465","tentinh":"Tỉnh Lào Cai","truocsapnhap":"Xã Hồ Bốn, Xã Khao Mang","dientichkm2":null,"dansonguoi":null},"id":"diaphanhanhchinhcapxa_2025.1026"},
{"type":"Feature","geometry":{"type":"Polygon","coordinates":[[[104.41713,22.20013],[104.41543,22.20019],[104.41407,22.19948],[104.41365,22.19829],[104.41262,22.19718],[104.41196,22.19455],[104.41129,22.19384],[104.40822,22.19275],[104.40647,22.19254],[104.40468,22.19159],[104.4046,22.19029],[104.40553,22.18762],[104.40697,22.18714],[104.39981,22.18449],[104.3991,22.18332],[104.39923,22.18238],[104.39849,22.18083],[104.39755,22.17986],[104.39763,22.17862],[104.39681,22.17746],[104.3914,22.17634],[104.38963,22.17715],[104.38858,22.17683],[104.38775,22.17603],[104.38555,22.17634],[104.38432,22.17582],[104.3844,22.17477],[104.3851,22.17408],[104.38729,22.17322],[104.3881,22.17133],[104.3891,22.17006],[104.38995,22.16601],[104.39132,22.16349],[104.39163,22.1601],[104.39264,22.16025],[104.39228,22.16251],[104.39273,22.16256],[104.39335,22.16084],[104.39615,22.15993],[104.39807,22.15762],[104.39968,22.15685],[104.39945,22.15314],[104.40044,22.15127],[104.40192,22.15039],[104.40261,22.14963],[104.40134,22.14839],[104.4012,22.14763],[104.39967,22.14654],[104.39849,22.14495],[104.39704,22.14368],[104.39476,22.14281],[104.39374,22.13976],[104.39609,22.13794],[104.3973,22.13676],[104.40114,22.13217],[104.40282,22.12981],[104.40373,22.12789],[104.40414,22.12582],[104.40394,22.12325],[104.40554,22.11909],[104.40673,22.116],[104.40865,22.1116],[104.4095,22.11028],[104.41052,22.10952],[104.41336,22.10966],[104.41637,22.11072],[104.41974,22.11238],[104.422,22.11265],[104.42269,22.1124],[104.42513,22.1108],[104.4264,22.10937],[104.42715,22.10735],[104.42705,22.10507],[104.42612,22.10037],[104.42623,22.09922],[104.42688,22.09811],[104.42947,22.09621],[104.43279,22.09462],[104.43574,22.09362],[104.43843,22.093],[104.44193,22.0926],[104.4431,22.09229],[104.44677,22.09061],[104.45002,22.0888],[104.45338,22.08751],[104.4549,22.08666],[104.45728,22.08462],[104.45974,22.08209],[104.46118,22.08036],[104.46359,22.0782],[104.4646,22.07695],[104.46607,22.07394],[104.46621,22.0728],[104.46612,22.0697],[104.46675,22.06828],[104.46855,22.06656],[104.47114,22.06501],[104.47157,22.0644],[104.47489,22.06256],[104.47695,22.06079],[104.47788,22.05894],[104.47925,22.055],[104.48004,22.05019],[104.48145,22.04801],[104.484,22.04636],[104.48599,22.04578],[104.48979,22.04503],[104.49441,22.04452],[104.49589,22.04413],[104.49766,22.04305],[104.49859,22.04211],[104.50063,22.03891],[104.50259,22.03525],[104.50297,22.03267],[104.50356,22.03181],[104.50357,22.03083],[104.50427,22.02614],[104.50463,22.02503],[104.50575,22.02349],[104.50706,22.02257],[104.50857,22.02191],[104.51175,22.02137],[104.51859,22.02095],[104.52098,22.02037],[104.52712,22.01823],[104.53227,22.01743],[104.53365,22.0169],[104.5354,22.01556],[104.53735,22.01322],[104.53917,22.01411],[104.53969,22.01464],[104.54156,22.01467],[104.54396,22.01596],[104.54469,22.01712],[104.54491,22.01894],[104.54669,22.02051],[104.54735,22.02142],[104.54859,22.02228],[104.55149,22.02251],[104.553,22.02519],[104.55398,22.02998],[104.55369,22.03083],[104.55444,22.03152],[104.55616,22.03463],[104.55876,22.03393],[104.56253,22.0334],[104.56364,22.03368],[104.56224,22.03541],[104.56208,22.03661],[104.56273,22.03794],[104.56289,22.03932],[104.56346,22.04012],[104.56491,22.04104],[104.5655,22.04222],[104.56785,22.04245],[104.57155,22.04256],[104.57271,22.0431],[104.57312,22.04187],[104.57482,22.04001],[104.57749,22.03828],[104.57762,22.03686],[104.57871,22.0352],[104.57975,22.03634],[104.58168,22.03724],[104.58317,22.03728],[104.58427,22.03839],[104.58638,22.03994],[104.58989,22.0414],[104.59082,22.04282],[104.59102,22.04398],[104.59167,22.04499],[104.59109,22.04689],[104.59031,22.0478],[104.59005,22.0492],[104.59012,22.051],[104.58896,22.05151],[104.58667,22.05168],[104.58521,22.05208],[104.58466,22.05297],[104.58464,22.05431],[104.58367,22.0549],[104.58289,22.05684],[104.58302,22.05864],[104.58249,22.0618],[104.58186,22.06248],[104.58169,22.065],[104.57947,22.06581],[104.57607,22.06966],[104.57362,22.07102],[104.57265,22.07426],[104.57062,22.07642],[104.56767,22.07878],[104.5648,22.07952],[104.56322,22.08032],[104.56296,22.08219],[104.56336,22.08324],[104.56275,22.08454],[104.5629,22.08569],[104.56248,22.08642],[104.5605,22.08781],[104.55892,22.08855],[104.55613,22.09048],[104.55429,22.09113],[104.55251,22.09146],[104.5499,22.09244],[104.54867,22.09402],[104.54723,22.09778],[104.54559,22.09862],[104.54582,22.09971],[104.54543,22.10034],[104.54222,22.10193],[104.54121,22.10208],[104.53929,22.10453],[104.53849,22.10498],[104.53803,22.10593],[104.53606,22.10712],[104.53526,22.10827],[104.53415,22.109],[104.53165,22.10951],[104.52777,22.11101],[104.52708,22.11189],[104.52672,22.11334],[104.52501,22.11546],[104.52266,22.11935],[104.52242,22.12071],[104.52136,22.12299],[104.51888,22.1242],[104.51749,22.12573],[104.51455,22.12698],[104.51283,22.12734],[104.51116,22.12738],[104.51033,22.12842],[104.50745,22.13094],[104.5068,22.131],[104.50382,22.13282],[104.50189,22.13331],[104.50103,22.13521],[104.49921,22.13614],[104.49749,22.1367],[104.49562,22.13833],[104.4949,22.13951],[104.49247,22.14153],[104.49102,22.14189],[104.48531,22.1441],[104.4842,22.14723],[104.48326,22.14809],[104.48087,22.15207],[104.47939,22.15291],[104.47782,22.15418],[104.47537,22.15507],[104.47455,22.15619],[104.47359,22.16022],[104.4718,22.16214],[104.46964,22.16246],[104.46674,22.16446],[104.46584,22.16553],[104.46367,22.16681],[104.46135,22.16872],[104.45994,22.16872],[104.45924,22.16796],[104.45851,22.16927],[104.45731,22.17021],[104.45683,22.17118],[104.45735,22.17176],[104.45757,22.17314],[104.45654,22.17453],[104.45784,22.17593],[104.45788,22.17685],[104.45624,22.17773],[104.4557,22.17891],[104.45656,22.18003],[104.45618,22.18244],[104.45367,22.18543],[104.45073,22.18474],[104.44738,22.18628],[104.44545,22.18438],[104.44198,22.18462],[104.43981,22.18559],[104.43835,22.18709],[104.43847,22.18842],[104.4377,22.19005],[104.43659,22.19129],[104.43539,22.19343],[104.43345,22.19422],[104.43175,22.19444],[104.43058,22.19542],[104.42784,22.19636],[104.42748,22.19741],[104.42657,22.19852],[104.42464,22.19932],[104.42326,22.19958],[104.42143,22.19949],[104.41891,22.19972],[104.41713,22.20013]]]},"properties":{"a01_tinh":"diaphanhanhchinhcaptinh_sn.114","a02_xa":"diaphanhanhchinhcapxa_2025.1016","a03_ten":"Xã Lâm Giang","a04_tentinh":"Tỉnh Lào Cai","a05_truocsn":"Xã Lang Thíp, Xã Lâm Giang","a06_trungtamhc":"đang cập nhật","a07_dt":"179.48","a08_ds":"16452","a09_dthoai":null,"a10_web":null,"ten":"Xã Lâm Giang","ma":"04381","tentinh":"Tỉnh Lào Cai","truocsapnhap":"Xã Lang Thíp, Xã Lâm Giang","dientichkm2":null,"dansonguoi":null},"id":"diaphanhanhchinhcapxa_2025.1016"},
{"type":"Feature","geometry":{"type":"Polygon","coordinates":[[[104.74147,22.18532],[104.74097,22.1856],[104.73934,22.18775],[104.73925,22.18921],[104.73851,22.1909],[104.73841,22.1926],[104.73708,22.1937],[104.73533,22.19467],[104.7337,22.19626],[104.73378,22.19711],[104.7307,22.1963],[104.7296,22.19632],[104.72744,22.19684],[104.72486,22.19848],[104.72396,22.19874],[104.72369,22.20175],[104.72323,22.20284],[104.72422,22.20386],[104.72314,22.20511],[104.72307,22.20604],[104.72358,22.20675],[104.7237,22.2079],[104.72284,22.21012],[104.72024,22.21448],[104.71991,22.21531],[104.72149,22.21707],[104.72303,22.21798],[104.72434,22.21996],[104.72605,22.22092],[104.72939,22.22498],[104.72956,22.22604],[104.72903,22.22861],[104.72802,22.22957],[104.72873,22.23036],[104.7289,22.23315],[104.72962,22.23372],[104.73096,22.23233],[104.73201,22.2319],[104.73237,22.23265],[104.7334,22.23298],[104.73328,22.23366],[104.7318,22.23538],[104.73144,22.23616],[104.73021,22.23664],[104.72898,22.2381],[104.72928,22.23998],[104.72867,22.24249],[104.72776,22.24355],[104.72816,22.2447],[104.72778,22.24557],[104.72624,22.24532],[104.72585,22.24597],[104.72342,22.24601],[104.72319,22.24828],[104.72228,22.25128],[104.72265,22.25333],[104.72355,22.25403],[104.72325,22.25582],[104.72177,22.25787],[104.71961,22.25808],[104.71718,22.26097],[104.71396,22.26182],[104.70829,22.26119],[104.70575,22.26127],[104.70445,22.26406],[104.70315,22.2641],[104.70174,22.26363],[104.69951,22.26392],[104.69795,22.26345],[104.69558,22.26243],[104.69434,22.26283],[104.69166,22.26279],[104.69081,22.26171],[104.68705,22.26119],[104.6858,22.2617],[104.6842,22.26184],[104.68129,22.26336],[104.6788,22.26442],[104.67709,22.26439],[104.67647,22.26493],[104.67645,22.26776],[104.67511,22.26902],[104.67427,22.2703],[104.67421,22.27231],[104.67242,22.27263],[104.67162,22.27327],[104.67035,22.27648],[104.67005,22.27677],[104.6681,22.27643],[104.66627,22.2766],[104.66538,22.27474],[104.66537,22.27386],[104.66427,22.27347],[104.66077,22.2731],[104.65853,22.27404],[104.65648,22.27514],[104.6561,22.27611],[104.65472,22.2775],[104.65267,22.27756],[104.65213,22.27885],[104.65093,22.28023],[104.65023,22.28054],[104.64919,22.2801],[104.64667,22.27964],[104.64515,22.2797],[104.64444,22.27919],[104.64284,22.27697],[104.64185,22.27636],[104.64013,22.27804],[104.63855,22.27807],[104.63803,22.27996],[104.63745,22.28063],[104.63292,22.28355],[104.63186,22.28375],[104.62978,22.28642],[104.62875,22.28722],[104.62558,22.28759],[104.62392,22.28805],[104.62226,22.28783],[104.6203,22.287],[104.61903,22.28702],[104.61738,22.28657],[104.61641,22.287],[104.61467,22.28996],[104.61408,22.29062],[104.61268,22.29121],[104.61097,22.29128],[104.60922,22.29268],[104.60676,22.29218],[104.60609,22.2908],[104.60449,22.28885],[104.60362,22.28817],[104.60219,22.28594],[104.60209,22.28465],[104.60074,22.28314],[104.60061,22.281],[104.59905,22.28016],[104.59867,22.27866],[104.59791,22.27738],[104.59617,22.27671],[104.59582,22.27512],[104.5952,22.27375],[104.59438,22.27282],[104.59399,22.27132],[104.5931,22.27096],[104.59122,22.27076],[104.58913,22.26908],[104.58769,22.26597],[104.58569,22.26395],[104.58549,22.2627],[104.58584,22.26184],[104.58538,22.26048],[104.58572,22.25926],[104.58652,22.25833],[104.58661,22.25613],[104.58646,22.25311],[104.58609,22.25174],[104.58495,22.25096],[104.58692,22.24996],[104.58687,22.2486],[104.58618,22.24702],[104.58524,22.24378],[104.58517,22.24241],[104.5862,22.23937],[104.58631,22.23655],[104.58493,22.23402],[104.58461,22.23287],[104.58378,22.23147],[104.58584,22.22978],[104.58788,22.22773],[104.58538,22.22534],[104.58688,22.22299],[104.58822,22.22223],[104.59015,22.2207],[104.59099,22.21928],[104.59249,22.21949],[104.59353,22.21849],[104.59555,22.21861],[104.59666,22.2176],[104.59843,22.21903],[104.60113,22.2218],[104.60377,22.2213],[104.6051,22.22159],[104.60578,22.22135],[104.60747,22.22276],[104.6078,22.22357],[104.60953,22.22425],[104.61071,22.225],[104.61241,22.22549],[104.61428,22.22538],[104.61518,22.22491],[104.61657,22.22483],[104.61836,22.22416],[104.61977,22.22431],[104.62068,22.2237],[104.62225,22.2215],[104.6244,22.22018],[104.62659,22.21994],[104.62877,22.21929],[104.63146,22.21888],[104.63269,22.21905],[104.63427,22.22006],[104.63458,22.22063],[104.63579,22.22154],[104.63548,22.22282],[104.64115,22.22112],[104.64546,22.21703],[104.64655,22.21641],[104.64749,22.21527],[104.64766,22.21385],[104.65011,22.21166],[104.65072,22.21035],[104.65451,22.20943],[104.65581,22.20842],[104.65673,22.20658],[104.65779,22.20611],[104.65952,22.20421],[104.66126,22.20323],[104.66332,22.20258],[104.66478,22.20148],[104.66468,22.20062],[104.66681,22.19968],[104.66804,22.19875],[104.66882,22.19769],[104.67131,22.19725],[104.67345,22.19646],[104.67562,22.194],[104.67646,22.19233],[104.67834,22.19009],[104.67869,22.18893],[104.681,22.18838],[104.68205,22.18725],[104.68343,22.18524],[104.68493,22.18267],[104.68533,22.17967],[104.68595,22.17626],[104.6865,22.17422],[104.68835,22.17162],[104.69023,22.17012],[104.69236,22.16898],[104.69407,22.1683],[104.69445,22.16784],[104.69625,22.16707],[104.69747,22.16743],[104.70004,22.16708],[104.70203,22.16922],[104.70328,22.16936],[104.70487,22.16787],[104.70474,22.16638],[104.70534,22.16517],[104.70679,22.16483],[104.70879,22.16476],[104.71293,22.16177],[104.71391,22.1598],[104.7147,22.15908],[104.7175,22.15781],[104.71859,22.1552],[104.71977,22.15426],[104.721,22.15218],[104.72224,22.15209],[104.72555,22.15129],[104.72875,22.14832],[104.73162,22.14917],[104.73466,22.14927],[104.73623,22.1503],[104.73757,22.15149],[104.73953,22.15383],[104.74048,22.15282],[104.74061,22.15184],[104.73993,22.15159],[104.74115,22.15008],[104.74208,22.14972],[104.74282,22.15032],[104.74465,22.15011],[104.74592,22.1505],[104.74668,22.15134],[104.74745,22.15317],[104.74926,22.15509],[104.74915,22.15639],[104.74745,22.15756],[104.74676,22.15837],[104.74541,22.16086],[104.7447,22.16419],[104.74439,22.16652],[104.74375,22.16726],[104.74318,22.1689],[104.74298,22.1704],[104.74204,22.17073],[104.74207,22.17407],[104.74037,22.17581],[104.73886,22.17633],[104.73896,22.17825],[104.7399,22.17956],[104.74003,22.1818],[104.74062,22.18338],[104.74061,22.18493],[104.74147,22.18532]]]},"properties":{"a01_tinh":"diaphanhanhchinhcaptinh_sn.114","a02_xa":"diaphanhanhchinhcapxa_2025.1010","a03_ten":"Xã Lâm Thượng","a04_tentinh":"Tỉnh Lào Cai","a05_truocsn":"Xã Mai Sơn, Xã Khánh Thiện, Xã Tân Phượng, Xã Lâm Thượng","a06_trungtamhc":"đang cập nhật","a07_dt":"128","a08_ds":"19576","a09_dthoai":null,"a10_web":null,"ten":"Xã Lâm Thượng","ma":"04309","tentinh":"Tỉnh Lào Cai","truocsapnhap":"Xã Mai Sơn, Xã Khánh Thiện, Xã Tân Phượng, Xã Lâm Thượng","dientichkm2":null,"dansonguoi":null},"id":"diaphanhanhchinhcapxa_2025.1010"},
{"type":"Feature","geometry":{"type":"Polygon","coordinates":[[[104.04325,21.85561],[104.04228,21.85636],[104.04156,21.85795],[104.04055,21.85885],[104.03871,21.85865],[104.03773,21.85792],[104.03789,21.86077],[104.03638,21.86097],[104.03533,21.85937],[104.0337,21.86024],[104.03323,21.86103],[104.0335,21.86229],[104.03154,21.86229],[104.03051,21.86174],[104.02983,21.86386],[104.02806,21.86339],[104.02758,21.86385],[104.0279,21.86585],[104.02532,21.86493],[104.02421,21.86563],[104.02162,21.86464],[104.02044,21.86319],[104.01963,21.86308],[104.01552,21.8649],[104.01401,21.86297],[104.01326,21.86422],[104.0122,21.86424],[104.01098,21.86483],[104.00966,21.8685],[104.00892,21.86968],[104.00775,21.86944],[104.00722,21.86867],[104.00546,21.86746],[104.00506,21.86854],[104.00374,21.86968],[104.00276,21.86957],[104.00101,21.8682],[103.99914,21.86788],[103.9992,21.8659],[103.99689,21.86559],[103.99612,21.86582],[103.9959,21.8671],[103.99665,21.86802],[103.99579,21.86904],[103.99396,21.86881],[103.99265,21.86929],[103.9914,21.87021],[103.99052,21.86896],[103.98996,21.86936],[103.98961,21.87142],[103.98901,21.87219],[103.98872,21.87529],[103.98633,21.8759],[103.98556,21.87512],[103.98153,21.87335],[103.98017,21.87305],[103.9773,21.87289],[103.97574,21.87219],[103.97246,21.87139],[103.97149,21.87182],[103.9715,21.87255],[103.97072,21.8737],[103.96741,21.87539],[103.96447,21.87503],[103.96289,21.87639],[103.96126,21.87831],[103.96,21.87924],[103.95797,21.87989],[103.95589,21.88108],[103.95501,21.88133],[103.95379,21.88068],[103.95269,21.88103],[103.9516,21.88189],[103.95002,21.88195],[103.94932,21.88098],[103.94811,21.88073],[103.94616,21.87932],[103.94356,21.87874],[103.94203,21.87795],[103.94146,21.87659],[103.94203,21.87552],[103.94084,21.8742],[103.939,21.87432],[103.93803,21.87513],[103.93699,21.87512],[103.93484,21.87644],[103.93405,21.87647],[103.93329,21.87544],[103.93173,21.87446],[103.9313,21.87259],[103.93144,21.87135],[103.93086,21.87049],[103.92932,21.87017],[103.92607,21.8706],[103.92401,21.87185],[103.92407,21.87278],[103.92523,21.87312],[103.92539,21.87425],[103.9243,21.87507],[103.92187,21.87335],[103.92091,21.8722],[103.91838,21.87026],[103.91688,21.86843],[103.91626,21.86727],[103.91567,21.86492],[103.91563,21.86223],[103.91468,21.86068],[103.91344,21.86016],[103.91159,21.85727],[103.90837,21.85469],[103.90764,21.85336],[103.90782,21.85247],[103.90723,21.85116],[103.90732,21.84974],[103.91014,21.84735],[103.91194,21.84549],[103.91263,21.84441],[103.91447,21.84289],[103.91551,21.84252],[103.9162,21.84035],[103.91732,21.8401],[103.91829,21.83911],[103.91977,21.83859],[103.92031,21.83712],[103.92005,21.83606],[103.92032,21.83491],[103.92022,21.83327],[103.91966,21.8323],[103.91793,21.83233],[103.91751,21.83184],[103.9176,21.82939],[103.91838,21.82866],[103.92148,21.82802],[103.92493,21.82666],[103.92836,21.82358],[103.92993,21.82291],[103.93248,21.82144],[103.93535,21.81949],[103.93481,21.81797],[103.93431,21.81442],[103.9373,21.81266],[103.93869,21.8123],[103.93977,21.81144],[103.9419,21.81076],[103.94448,21.81048],[103.94438,21.80705],[103.94411,21.80636],[103.94589,21.80449],[103.94878,21.80344],[103.95025,21.80243],[103.95041,21.8018],[103.94944,21.80041],[103.95163,21.79949],[103.9522,21.79825],[103.95222,21.79596],[103.95163,21.79556],[103.9525,21.79389],[103.95261,21.79304],[103.95131,21.79254],[103.95094,21.78975],[103.95116,21.78922],[103.95603,21.78722],[103.95625,21.78671],[103.95642,21.78389],[103.95766,21.78247],[103.95757,21.7812],[103.95825,21.77947],[103.95988,21.77848],[103.9612,21.77711],[103.96195,21.77566],[103.96442,21.77233],[103.96692,21.77054],[103.96788,21.77017],[103.9697,21.77018],[103.97112,21.76974],[103.97243,21.76988],[103.97383,21.76945],[103.97635,21.77037],[103.97756,21.77114],[103.98144,21.77057],[103.9834,21.771],[103.98574,21.77092],[103.9867,21.77166],[103.9883,21.77179],[103.99067,21.77089],[103.9938,21.7709],[103.9958,21.77034],[103.99677,21.77062],[103.99802,21.77029],[103.99898,21.77082],[104.00115,21.7705],[104.0025,21.7698],[104.00358,21.76992],[104.00592,21.76814],[104.00675,21.76842],[104.00869,21.76772],[104.00907,21.76526],[104.0099,21.76414],[104.01093,21.76407],[104.01412,21.76289],[104.0141,21.76355],[104.01554,21.76531],[104.0177,21.76597],[104.02002,21.76582],[104.02229,21.76594],[104.02365,21.76645],[104.02494,21.76761],[104.02542,21.76858],[104.02679,21.76817],[104.02798,21.76821],[104.0293,21.76754],[104.02982,21.76671],[104.03101,21.76666],[104.03253,21.76578],[104.03484,21.76517],[104.03693,21.76494],[104.03749,21.76454],[104.03972,21.7642],[104.04333,21.76397],[104.04546,21.76507],[104.04756,21.76652],[104.05019,21.76681],[104.05121,21.76658],[104.05238,21.7669],[104.05361,21.76566],[104.05605,21.76528],[104.05778,21.76477],[104.06397,21.76354],[104.06538,21.76244],[104.06624,21.7614],[104.06769,21.76077],[104.0689,21.75981],[104.06894,21.75913],[104.07054,21.75895],[104.07242,21.75734],[104.07357,21.75729],[104.07616,21.75455],[104.07675,21.75359],[104.07821,21.75249],[104.08066,21.75291],[104.08312,21.75196],[104.08525,21.75456],[104.08553,21.75646],[104.0861,21.75825],[104.08676,21.75852],[104.08804,21.76002],[104.08801,21.76229],[104.08711,21.7644],[104.08778,21.76742],[104.08815,21.76833],[104.08947,21.76925],[104.08963,21.77015],[104.09061,21.77133],[104.09041,21.77273],[104.09076,21.77498],[104.0901,21.77673],[104.08816,21.77845],[104.0886,21.77997],[104.08865,21.78314],[104.0882,21.78509],[104.08922,21.78601],[104.09,21.7874],[104.09075,21.78757],[104.0894,21.78812],[104.08814,21.78922],[104.08667,21.78939],[104.08505,21.79076],[104.08353,21.79114],[104.08345,21.79241],[104.08223,21.79445],[104.0837,21.79901],[104.08392,21.80136],[104.08353,21.80297],[104.08474,21.80484],[104.08416,21.80623],[104.0843,21.80765],[104.08605,21.81143],[104.08562,21.81254],[104.08345,21.81344],[104.08201,21.81362],[104.08104,21.81437],[104.08024,21.81427],[104.07819,21.81541],[104.07603,21.81729],[104.07563,21.81881],[104.07504,21.81969],[104.07412,21.81954],[104.07322,21.82049],[104.0711,21.82056],[104.06993,21.81968],[104.06791,21.81996],[104.06524,21.82215],[104.06355,21.82319],[104.06303,21.8242],[104.06144,21.82495],[104.06027,21.826],[104.05726,21.82656],[104.05613,21.82573],[104.05528,21.8267],[104.05341,21.82719],[104.05135,21.82934],[104.05101,21.8309],[104.04869,21.83196],[104.0483,21.83289],[104.04722,21.83391],[104.04526,21.83689],[104.04349,21.83754],[104.04161,21.83871],[104.04005,21.84044],[104.03917,21.84255],[104.03722,21.84542],[104.0352,21.84637],[104.03433,21.84709],[104.03404,21.84816],[104.04141,21.85397],[104.04325,21.85561]]]},"properties":{"a01_tinh":"diaphanhanhchinhcaptinh_sn.114","a02_xa":"diaphanhanhchinhcapxa_2025.1027","a03_ten":"Xã Lao Chải","a04_tentinh":"Tỉnh Lào Cai","a05_truocsn":"giữ nguyên","a06_trungtamhc":"đang cập nhật","a07_dt":"157.99","a08_ds":"10135","a09_dthoai":null,"a10_web":null,"ten":"Xã Lao Chải","ma":"04474","tentinh":"Tỉnh Lào Cai","truocsapnhap":"giữ nguyên","dientichkm2":null,"dansonguoi":null},"id":"diaphanhanhchinhcapxa_2025.1027"},
{"type":"Feature","geometry":{"type":"Polygon","coordinates":[[[104.52173,21.64227],[104.52258,21.64315],[104.5224,21.64416],[104.52281,21.64484],[104.51992,21.64779],[104.52035,21.64832],[104.52034,21.65017],[104.51923,21.65177],[104.51809,21.65274],[104.51716,21.65268],[104.5153,21.65359],[104.51338,21.65614],[104.51251,21.65665],[104.51061,21.65887],[104.50997,21.65912],[104.5085,21.65691],[104.50783,21.65655],[104.50575,21.65637],[104.50465,21.65681],[104.50255,21.65898],[104.50152,21.65869],[104.49983,21.66019],[104.49821,21.65938],[104.49746,21.66093],[104.49656,21.66191],[104.49728,21.66341],[104.49448,21.66427],[104.49241,21.66727],[104.49187,21.66906],[104.49266,21.66949],[104.49189,21.67034],[104.49207,21.67127],[104.49097,21.67159],[104.48947,21.67376],[104.48564,21.67612],[104.48491,21.67631],[104.48353,21.67545],[104.48227,21.67516],[104.48179,21.67392],[104.48069,21.67266],[104.47912,21.67249],[104.4773,21.67261],[104.47716,21.67098],[104.47507,21.6688],[104.47376,21.66806],[104.47208,21.66474],[104.47157,21.66431],[104.47157,21.66289],[104.4711,21.66148],[104.47202,21.65976],[104.47383,21.65879],[104.47438,21.65806],[104.47254,21.65568],[104.47311,21.65322],[104.47448,21.65209],[104.47475,21.65137],[104.47367,21.65077],[104.47192,21.65043],[104.47177,21.64915],[104.47118,21.64824],[104.47139,21.64741],[104.47325,21.6453],[104.473,21.64358],[104.47214,21.64301],[104.47218,21.64191],[104.47287,21.64098],[104.47279,21.63855],[104.4722,21.63717],[104.47418,21.63468],[104.47303,21.63428],[104.47301,21.63368],[104.47636,21.63349],[104.47833,21.63353],[104.47805,21.63219],[104.47674,21.62856],[104.47596,21.6281],[104.47564,21.62723],[104.47702,21.62626],[104.4769,21.62389],[104.47648,21.62319],[104.47713,21.62233],[104.47571,21.62007],[104.47678,21.61917],[104.4785,21.61926],[104.47924,21.61796],[104.47982,21.61801],[104.48036,21.61678],[104.48194,21.61634],[104.48333,21.61729],[104.48589,21.61768],[104.48761,21.61845],[104.48922,21.61882],[104.49233,21.61853],[104.49502,21.61763],[104.49535,21.61717],[104.49327,21.61455],[104.4933,21.61284],[104.49419,21.61264],[104.49622,21.61074],[104.49712,21.61081],[104.49794,21.61151],[104.49789,21.61405],[104.49885,21.61544],[104.50036,21.61504],[104.50386,21.61333],[104.5047,21.61357],[104.5052,21.61507],[104.50699,21.61427],[104.50624,21.6126],[104.50703,21.61203],[104.50844,21.61256],[104.51033,21.61376],[104.51203,21.61772],[104.51365,21.618],[104.51457,21.61916],[104.51558,21.61908],[104.51657,21.62059],[104.51592,21.62175],[104.51405,21.62285],[104.51277,21.62387],[104.5124,21.62529],[104.51275,21.62689],[104.51458,21.62854],[104.51435,21.6299],[104.51367,21.63032],[104.51352,21.63243],[104.51746,21.63261],[104.51575,21.63523],[104.5155,21.63645],[104.51617,21.63944],[104.51747,21.64053],[104.51825,21.64032],[104.52173,21.64227]]]},"properties":{"a01_tinh":"diaphanhanhchinhcaptinh_sn.114","a02_xa":"diaphanhanhchinhcapxa_2025.1041","a03_ten":"Xã Liên Sơn","a04_tentinh":"Tỉnh Lào Cai","a05_truocsn":"Thị trấn Nông trường Liên Sơn, Xã Sơn A, Xã Nghĩa Phúc","a06_trungtamhc":"đang cập nhật","a07_dt":"23.58","a08_ds":"13315","a09_dthoai":null,"a10_web":null,"ten":"Xã Liên Sơn","ma":"04660","tentinh":"Tỉnh Lào Cai","truocsapnhap":"Thị trấn Nông trường Liên Sơn, Xã Sơn A, Xã Nghĩa Phúc","dientichkm2":null,"dansonguoi":null},"id":"diaphanhanhchinhcapxa_2025.1041"},
{"type":"Feature","geometry":{"type":"Polygon","coordinates":[[[104.7797,22.17074],[104.77882,22.17296],[104.77732,22.17436],[104.77683,22.17555],[104.77545,22.17357],[104.77392,22.17371],[104.77266,22.17329],[104.77071,22.17141],[104.76878,22.17198],[104.76507,22.17156],[104.76415,22.17078],[104.76354,22.16862],[104.76243,22.1681],[104.76098,22.16952],[104.76094,22.17144],[104.75932,22.17309],[104.75787,22.17324],[104.75632,22.17458],[104.75543,22.1762],[104.75404,22.17769],[104.7541,22.17918],[104.75462,22.17947],[104.75792,22.17962],[104.75804,22.18045],[104.75672,22.18175],[104.75624,22.18412],[104.75508,22.18557],[104.75147,22.18558],[104.7502,22.18606],[104.74914,22.18578],[104.74667,22.18692],[104.74294,22.1854],[104.74147,22.18532],[104.74061,22.18493],[104.74062,22.18338],[104.74003,22.1818],[104.7399,22.17956],[104.73896,22.17825],[104.73886,22.17633],[104.74037,22.17581],[104.74207,22.17407],[104.74204,22.17073],[104.74298,22.1704],[104.74318,22.1689],[104.74375,22.16726],[104.74439,22.16652],[104.7447,22.16419],[104.74541,22.16086],[104.74676,22.15837],[104.74745,22.15756],[104.74915,22.15639],[104.74926,22.15509],[104.74745,22.15317],[104.74668,22.15134],[104.74592,22.1505],[104.74465,22.15011],[104.74282,22.15032],[104.74208,22.14972],[104.74115,22.15008],[104.73993,22.15159],[104.74061,22.15184],[104.74048,22.15282],[104.73953,22.15383],[104.73757,22.15149],[104.73623,22.1503],[104.73466,22.14927],[104.73162,22.14917],[104.72875,22.14832],[104.72858,22.14734],[104.72957,22.14503],[104.7292,22.14216],[104.73018,22.14052],[104.72973,22.1394],[104.73075,22.13779],[104.73232,22.13656],[104.73253,22.1355],[104.73226,22.13401],[104.73085,22.13162],[104.73205,22.13106],[104.73298,22.12979],[104.73474,22.12938],[104.73602,22.1276],[104.73716,22.12698],[104.7385,22.12473],[104.73914,22.1232],[104.73865,22.11997],[104.73942,22.11945],[104.7403,22.1181],[104.74052,22.11639],[104.74114,22.11645],[104.74183,22.11503],[104.74261,22.11445],[104.74429,22.11239],[104.74608,22.11106],[104.7464,22.10999],[104.74752,22.10831],[104.74832,22.10834],[104.74874,22.10696],[104.74986,22.10622],[104.75134,22.10479],[104.75468,22.10305],[104.75645,22.10151],[104.75895,22.09982],[104.75846,22.09893],[104.75729,22.09802],[104.75742,22.09734],[104.75893,22.09544],[104.76171,22.09367],[104.76189,22.09197],[104.76125,22.09052],[104.7601,22.08915],[104.75804,22.08827],[104.75753,22.08707],[104.75789,22.08554],[104.75855,22.08469],[104.75878,22.083],[104.75841,22.08202],[104.76065,22.08106],[104.76153,22.0803],[104.76273,22.08011],[104.76431,22.07908],[104.76649,22.07836],[104.76776,22.07828],[104.76912,22.07881],[104.77209,22.07857],[104.77299,22.07738],[104.77483,22.07551],[104.77561,22.07548],[104.77731,22.07365],[104.77751,22.0722],[104.77899,22.07069],[104.78048,22.06995],[104.78338,22.06747],[104.78378,22.06663],[104.78623,22.06599],[104.78811,22.0642],[104.78995,22.06292],[104.79045,22.06181],[104.79448,22.05849],[104.79417,22.05593],[104.79497,22.05448],[104.79479,22.05306],[104.79507,22.05245],[104.79774,22.05033],[104.79781,22.04928],[104.79964,22.04839],[104.80055,22.05022],[104.80224,22.04991],[104.80414,22.05066],[104.80586,22.05195],[104.80428,22.05422],[104.80371,22.05551],[104.80382,22.05638],[104.8061,22.05548],[104.80761,22.05406],[104.80881,22.05457],[104.80929,22.0555],[104.81115,22.05699],[104.81221,22.05757],[104.81449,22.05969],[104.81566,22.06137],[104.81629,22.06185],[104.8166,22.06302],[104.816,22.06399],[104.81591,22.06558],[104.81735,22.0675],[104.81901,22.06876],[104.81916,22.07],[104.81853,22.07107],[104.82088,22.07212],[104.8212,22.07305],[104.8195,22.07513],[104.81883,22.07803],[104.81906,22.0786],[104.81853,22.08043],[104.81891,22.08187],[104.82016,22.08314],[104.82142,22.08381],[104.81974,22.08714],[104.82077,22.0875],[104.8214,22.08896],[104.82132,22.08997],[104.82665,22.09143],[104.82631,22.09258],[104.8265,22.09373],[104.82755,22.09553],[104.82679,22.09749],[104.82756,22.099],[104.82525,22.09969],[104.82363,22.09969],[104.8237,22.10079],[104.82325,22.10256],[104.82181,22.10371],[104.82055,22.10433],[104.82093,22.10541],[104.82184,22.1056],[104.82343,22.10717],[104.82429,22.10914],[104.82616,22.11156],[104.8262,22.11296],[104.82372,22.11253],[104.822,22.11169],[104.82235,22.11023],[104.82097,22.11038],[104.82066,22.11165],[104.81908,22.11186],[104.81768,22.11239],[104.81594,22.114],[104.81542,22.11488],[104.81408,22.11565],[104.81353,22.11707],[104.81249,22.11739],[104.81081,22.11923],[104.81074,22.12036],[104.80866,22.12362],[104.80782,22.12593],[104.8082,22.12747],[104.80749,22.12913],[104.80763,22.12964],[104.80765,22.13346],[104.80779,22.13443],[104.80631,22.13526],[104.80528,22.13616],[104.80449,22.13853],[104.80347,22.13929],[104.80325,22.14252],[104.80365,22.1448],[104.80338,22.14653],[104.80374,22.14803],[104.80106,22.15019],[104.80078,22.15287],[104.79888,22.15471],[104.79722,22.15522],[104.79633,22.15581],[104.79516,22.15579],[104.79351,22.15663],[104.79305,22.15743],[104.79158,22.15859],[104.79083,22.16025],[104.78903,22.16062],[104.78761,22.16142],[104.78565,22.1617],[104.78379,22.16242],[104.78094,22.16396],[104.7801,22.16671],[104.78034,22.16962],[104.7797,22.17074]]]},"properties":{"a01_tinh":"diaphanhanhchinhcaptinh_sn.114","a02_xa":"diaphanhanhchinhcapxa_2025.1009","a03_ten":"Xã Lục Yên","a04_tentinh":"Tỉnh Lào Cai","a05_truocsn":"Thị trấn Yên Thế, Xã Minh Xuân, Xã Yên Thắng, Xã Liễu Đô","a06_trungtamhc":"đang cập nhật","a07_dt":"79.94","a08_ds":"30159","a09_dthoai":null,"a10_web":null,"ten":"Xã Lục Yên","ma":"04303","tentinh":"Tỉnh Lào Cai","truocsapnhap":"Thị trấn Yên Thế, Xã Minh Xuân, Xã Yên Thắng, Xã Liễu Đô","dientichkm2":null,"dansonguoi":null},"id":"diaphanhanhchinhcapxa_2025.1009"},
{"type":"Feature","geometry":{"type":"Polygon","coordinates":[[[104.384,22.58497],[104.38293,22.5876],[104.38173,22.58956],[104.38175,22.59024],[104.38256,22.59139],[104.38098,22.5932],[104.38049,22.59457],[104.38131,22.59684],[104.38124,22.59801],[104.37967,22.59925],[104.37729,22.60195],[104.37782,22.60482],[104.37616,22.6073],[104.37371,22.60809],[104.37327,22.61017],[104.37326,22.61175],[104.37369,22.61232],[104.37171,22.61784],[104.37068,22.62408],[104.36472,22.62614],[104.35489,22.62766],[104.35506,22.62906],[104.35611,22.62978],[104.35779,22.63191],[104.35838,22.63447],[104.35977,22.63593],[104.36079,22.63588],[104.36175,22.63827],[104.36176,22.63993],[104.36296,22.64164],[104.36173,22.64266],[104.36093,22.64395],[104.36116,22.64623],[104.36319,22.64714],[104.36402,22.6485],[104.36476,22.65047],[104.36357,22.65182],[104.36353,22.6532],[104.36294,22.65579],[104.36322,22.65732],[104.36396,22.65855],[104.36432,22.66011],[104.36544,22.66257],[104.36728,22.6643],[104.36744,22.66631],[104.3668,22.66686],[104.36471,22.66777],[104.36437,22.67069],[104.36485,22.67295],[104.35961,22.67338],[104.35722,22.67447],[104.35478,22.67533],[104.3532,22.67615],[104.35104,22.67788],[104.34992,22.679],[104.34693,22.68064],[104.34474,22.68215],[104.34266,22.68447],[104.34124,22.68634],[104.34005,22.68714],[104.33694,22.68814],[104.33498,22.68969],[104.33369,22.6893],[104.33262,22.68772],[104.33068,22.68698],[104.32988,22.685],[104.32867,22.68455],[104.32745,22.68303],[104.32689,22.68134],[104.32509,22.67944],[104.32454,22.67734],[104.323,22.67481],[104.32504,22.67157],[104.32385,22.67115],[104.32361,22.66911],[104.32185,22.66749],[104.32115,22.66547],[104.3188,22.66329],[104.31926,22.66148],[104.32155,22.66093],[104.32728,22.65642],[104.32576,22.65451],[104.32197,22.65046],[104.32111,22.64869],[104.31986,22.64794],[104.31913,22.64692],[104.31868,22.64501],[104.31775,22.64283],[104.31824,22.64194],[104.31816,22.64063],[104.31741,22.639],[104.31744,22.6379],[104.31686,22.6356],[104.31751,22.63404],[104.31626,22.63383],[104.31445,22.63492],[104.31242,22.63524],[104.31176,22.63462],[104.31176,22.63293],[104.31223,22.63062],[104.31187,22.62876],[104.3104,22.62686],[104.30946,22.62601],[104.30783,22.62552],[104.30659,22.62373],[104.30706,22.62298],[104.30583,22.62174],[104.30461,22.61984],[104.30352,22.6193],[104.30324,22.61818],[104.30346,22.61477],[104.30298,22.61442],[104.29831,22.61404],[104.29625,22.61466],[104.29614,22.61412],[104.29464,22.61301],[104.29427,22.61321],[104.294,22.615],[104.29311,22.61597],[104.29339,22.61749],[104.28999,22.61861],[104.28908,22.61834],[104.28855,22.61673],[104.28767,22.61557],[104.28639,22.61694],[104.2857,22.61911],[104.28462,22.61885],[104.28368,22.61918],[104.28154,22.61858],[104.28002,22.61977],[104.27709,22.6185],[104.27516,22.61748],[104.27358,22.61829],[104.27113,22.61772],[104.26947,22.61871],[104.26797,22.61661],[104.26345,22.61926],[104.26179,22.62061],[104.25968,22.61937],[104.25862,22.61964],[104.25735,22.61773],[104.25762,22.61622],[104.25532,22.61673],[104.25435,22.61587],[104.25319,22.61575],[104.25228,22.61515],[104.25107,22.61658],[104.24949,22.61746],[104.24931,22.6193],[104.24805,22.6181],[104.24642,22.61594],[104.24489,22.61467],[104.24482,22.61303],[104.24267,22.61193],[104.24214,22.61009],[104.2403,22.60839],[104.23956,22.60515],[104.23826,22.60447],[104.23747,22.60297],[104.23703,22.60136],[104.23685,22.59907],[104.23498,22.59729],[104.23517,22.59577],[104.23413,22.59453],[104.23361,22.59304],[104.23349,22.59178],[104.23258,22.59057],[104.23662,22.58856],[104.23727,22.58736],[104.24054,22.58556],[104.24269,22.58501],[104.24502,22.5858],[104.24925,22.58634],[104.24977,22.58692],[104.25152,22.58731],[104.25307,22.5873],[104.25363,22.58814],[104.25464,22.58846],[104.25596,22.58814],[104.25756,22.58882],[104.25953,22.59078],[104.26048,22.59239],[104.26107,22.59276],[104.26378,22.59292],[104.26538,22.59365],[104.26772,22.59224],[104.26661,22.59054],[104.26706,22.58932],[104.26809,22.58905],[104.26973,22.58706],[104.26969,22.58551],[104.26931,22.58421],[104.26925,22.58216],[104.27106,22.58148],[104.27157,22.58093],[104.27224,22.57879],[104.27203,22.57762],[104.27336,22.57588],[104.27416,22.57753],[104.27623,22.58054],[104.2768,22.58071],[104.27816,22.58227],[104.27899,22.58275],[104.28082,22.58203],[104.28226,22.58353],[104.28397,22.5836],[104.2851,22.58292],[104.28699,22.58312],[104.28848,22.58358],[104.28887,22.58298],[104.2906,22.58278],[104.2913,22.58365],[104.29184,22.58257],[104.29227,22.5808],[104.29129,22.5798],[104.29125,22.57752],[104.29244,22.57564],[104.29277,22.57391],[104.29352,22.57324],[104.29372,22.57196],[104.2946,22.57084],[104.29456,22.57005],[104.2956,22.56931],[104.29547,22.56677],[104.29673,22.56551],[104.29684,22.56485],[104.29922,22.56421],[104.29925,22.56298],[104.29629,22.56127],[104.29662,22.56026],[104.29807,22.5595],[104.29878,22.55758],[104.29997,22.55652],[104.30165,22.55687],[104.30249,22.55661],[104.30151,22.55453],[104.30224,22.55355],[104.30192,22.5519],[104.30529,22.55152],[104.30603,22.55293],[104.30498,22.55345],[104.30695,22.55478],[104.30817,22.5549],[104.31226,22.55673],[104.31354,22.56004],[104.31454,22.56134],[104.31696,22.56203],[104.31863,22.56319],[104.32149,22.56349],[104.32353,22.56334],[104.32421,22.5628],[104.32485,22.56149],[104.32492,22.56016],[104.32419,22.55878],[104.32452,22.55675],[104.32765,22.55638],[104.32851,22.55679],[104.32994,22.55657],[104.33202,22.5567],[104.33272,22.5572],[104.33322,22.55882],[104.33558,22.55922],[104.3372,22.56008],[104.33875,22.56175],[104.34073,22.56331],[104.34232,22.56386],[104.34361,22.56473],[104.34562,22.56426],[104.34665,22.56488],[104.35073,22.56534],[104.35143,22.56418],[104.35357,22.56397],[104.3554,22.56288],[104.35683,22.56273],[104.35773,22.56359],[104.35781,22.56839],[104.35806,22.5708],[104.35728,22.57181],[104.35686,22.57307],[104.35755,22.57514],[104.35734,22.57576],[104.35781,22.57896],[104.35927,22.57827],[104.36096,22.57953],[104.36214,22.58132],[104.36402,22.58275],[104.36512,22.58134],[104.36628,22.58115],[104.3678,22.58033],[104.3691,22.58106],[104.37091,22.58143],[104.374,22.58267],[104.37505,22.58341],[104.37824,22.58257],[104.38004,22.58414],[104.384,22.58497]]]},"properties":{"a01_tinh":"diaphanhanhchinhcaptinh_sn.114","a02_xa":"diaphanhanhchinhcapxa_2025.1065","a03_ten":"Xã Lùng Phình","a04_tentinh":"Tỉnh Lào Cai","a05_truocsn":"Xã Tả Van Chư, Xã Lùng Phình, Xã Lùng Thẩn","a06_trungtamhc":"Thôn Lùng Phình, xã Lùng Phình (Trụ sở xã Lùng Phình cũ)","a07_dt":"101","a08_ds":"12131","a09_dthoai":null,"a10_web":null,"ten":"Xã Lùng Phình","ma":"02848","tentinh":"Tỉnh Lào Cai","truocsapnhap":"Xã Tả Van Chư, Xã Lùng Phình, Xã Lùng Thẩn","dientichkm2":null,"dansonguoi":null},"id":"diaphanhanhchinhcapxa_2025.1065"},
{"type":"Feature","geometry":{"type":"Polygon","coordinates":[[[104.71857,21.64702],[104.71883,21.6457],[104.71842,21.6452],[104.7179,21.64231],[104.71878,21.64048],[104.72129,21.64049],[104.72245,21.64003],[104.72448,21.63815],[104.72736,21.63679],[104.72859,21.6364],[104.73358,21.63308],[104.7344,21.63079],[104.73457,21.62963],[104.73542,21.62735],[104.73702,21.62676],[104.73818,21.6234],[104.73906,21.62274],[104.74043,21.62245],[104.74108,21.61916],[104.74147,21.61639],[104.74035,21.61413],[104.74062,21.61269],[104.74183,21.61171],[104.74284,21.6103],[104.74377,21.61006],[104.74562,21.60878],[104.74626,21.60992],[104.74744,21.61022],[104.74829,21.61086],[104.74958,21.611],[104.75095,21.61045],[104.75252,21.61041],[104.75384,21.61006],[104.75665,21.61035],[104.75734,21.61082],[104.76058,21.6115],[104.76237,21.61378],[104.76364,21.61396],[104.76998,21.61389],[104.77231,21.61422],[104.77444,21.6108],[104.77641,21.60588],[104.774,21.59998],[104.77549,21.59833],[104.7755,21.59741],[104.77688,21.59546],[104.77622,21.59411],[104.77578,21.59045],[104.7763,21.58936],[104.7765,21.5867],[104.77576,21.58625],[104.77532,21.5852],[104.77526,21.58353],[104.77464,21.58281],[104.77461,21.58144],[104.77415,21.58032],[104.77431,21.57848],[104.7738,21.57817],[104.77392,21.57661],[104.77446,21.57533],[104.77532,21.57462],[104.77693,21.57477],[104.78012,21.5743],[104.78036,21.57334],[104.78156,21.5718],[104.78173,21.57017],[104.78349,21.56794],[104.78357,21.56599],[104.78422,21.56506],[104.78913,21.56518],[104.7902,21.56578],[104.79132,21.56592],[104.79434,21.5654],[104.79562,21.56432],[104.79662,21.56419],[104.79723,21.56572],[104.79933,21.56727],[104.79965,21.56892],[104.80041,21.56947],[104.80055,21.57059],[104.80175,21.57098],[104.80252,21.57186],[104.80267,21.57272],[104.80442,21.57447],[104.80599,21.57442],[104.80819,21.57497],[104.80842,21.57612],[104.80913,21.57748],[104.80961,21.57953],[104.8118,21.58198],[104.81203,21.58382],[104.81259,21.58565],[104.81253,21.58639],[104.81337,21.58821],[104.81226,21.59081],[104.81225,21.59205],[104.81116,21.59323],[104.80983,21.59352],[104.80835,21.59524],[104.80893,21.597],[104.81086,21.59837],[104.81252,21.60006],[104.81258,21.60213],[104.81287,21.60382],[104.81278,21.60634],[104.81331,21.60759],[104.81285,21.60956],[104.8123,21.61066],[104.81253,21.61281],[104.81157,21.61484],[104.81157,21.61605],[104.80984,21.61808],[104.80903,21.6194],[104.80906,21.62242],[104.80817,21.62354],[104.80866,21.62476],[104.80984,21.62476],[104.81139,21.62526],[104.81258,21.62515],[104.81568,21.62525],[104.81674,21.62637],[104.81829,21.62673],[104.81964,21.62592],[104.82058,21.62728],[104.82372,21.62934],[104.82455,21.63053],[104.82512,21.63305],[104.82639,21.63459],[104.82743,21.63496],[104.82733,21.63723],[104.82816,21.63845],[104.8273,21.6397],[104.82734,21.64044],[104.8265,21.6413],[104.82697,21.64323],[104.82667,21.64402],[104.82666,21.64955],[104.82603,21.65142],[104.82676,21.65328],[104.82605,21.6557],[104.82526,21.65726],[104.82257,21.6605],[104.82395,21.66168],[104.82505,21.66196],[104.8258,21.66324],[104.82609,21.66453],[104.82524,21.66512],[104.82473,21.66795],[104.82555,21.66944],[104.82713,21.67028],[104.82669,21.67125],[104.82662,21.67301],[104.82618,21.67528],[104.82574,21.67588],[104.82569,21.67825],[104.8265,21.67892],[104.82748,21.68102],[104.82677,21.68304],[104.82659,21.68608],[104.82586,21.68902],[104.8252,21.6901],[104.82257,21.6923],[104.82187,21.69321],[104.82298,21.6939],[104.82281,21.69446],[104.82392,21.69567],[104.8242,21.69785],[104.82528,21.69858],[104.82519,21.69965],[104.82457,21.70021],[104.82449,21.70244],[104.825,21.70295],[104.82363,21.70507],[104.82193,21.7064],[104.82165,21.70815],[104.82056,21.70856],[104.82038,21.70985],[104.81983,21.71055],[104.81982,21.71232],[104.81789,21.713],[104.81675,21.71464],[104.81566,21.71801],[104.81499,21.7186],[104.81424,21.72031],[104.81256,21.72159],[104.81191,21.71935],[104.80988,21.71893],[104.80921,21.71774],[104.80712,21.71651],[104.8051,21.7167],[104.80401,21.71653],[104.80134,21.71665],[104.79969,21.71738],[104.79835,21.71693],[104.79607,21.71544],[104.79649,21.7134],[104.79625,21.71258],[104.7947,21.71041],[104.79499,21.70892],[104.79462,21.70714],[104.7953,21.70649],[104.79524,21.70568],[104.79644,21.70474],[104.79767,21.70309],[104.79872,21.70235],[104.79845,21.7001],[104.79911,21.69916],[104.79743,21.6981],[104.7962,21.69905],[104.79556,21.69826],[104.79584,21.69674],[104.79437,21.69572],[104.79263,21.69706],[104.79163,21.69623],[104.79129,21.69396],[104.7908,21.69353],[104.79092,21.69231],[104.79017,21.6909],[104.78916,21.69067],[104.78963,21.68957],[104.78955,21.6882],[104.79021,21.68614],[104.78928,21.68481],[104.78948,21.68409],[104.78784,21.68301],[104.78753,21.68157],[104.78611,21.68129],[104.7846,21.68062],[104.7834,21.68103],[104.78131,21.68104],[104.78048,21.6788],[104.77925,21.67796],[104.77686,21.6778],[104.77606,21.67696],[104.77241,21.67632],[104.77117,21.67675],[104.76903,21.67605],[104.76807,21.67461],[104.76681,21.67368],[104.76649,21.67479],[104.76573,21.67567],[104.76398,21.67638],[104.76193,21.67486],[104.76105,21.67187],[104.761,21.66999],[104.75983,21.66738],[104.75875,21.66357],[104.75706,21.66306],[104.756,21.66189],[104.75325,21.66035],[104.75081,21.66002],[104.74739,21.65811],[104.74521,21.65764],[104.74457,21.65682],[104.74351,21.65448],[104.74313,21.65278],[104.74198,21.65032],[104.74029,21.64829],[104.73956,21.64587],[104.73832,21.64591],[104.73587,21.64667],[104.7323,21.64932],[104.72993,21.65037],[104.72913,21.65094],[104.72704,21.65171],[104.72598,21.65256],[104.72481,21.65112],[104.72378,21.65031],[104.72269,21.65011],[104.72209,21.64886],[104.72118,21.64804],[104.71857,21.64702]]]},"properties":{"a01_tinh":"diaphanhanhchinhcaptinh_sn.114","a02_xa":"diaphanhanhchinhcapxa_2025.1032","a03_ten":"Xã Lương Thịnh","a04_tentinh":"Tỉnh Lào Cai","a05_truocsn":"Xã Hưng Thịnh, Xã Lương Thịnh","a06_trungtamhc":"đang cập nhật","a07_dt":"94.21","a08_ds":"12692","a09_dthoai":null,"a10_web":null,"ten":"Xã Lương Thịnh","ma":"04537","tentinh":"Tỉnh Lào Cai","truocsapnhap":"Xã Hưng Thịnh, Xã Lương Thịnh","dientichkm2":null,"dansonguoi":null},"id":"diaphanhanhchinhcapxa_2025.1032"},
{"type":"Feature","geometry":{"type":"Polygon","coordinates":[[[104.74329,21.93434],[104.74172,21.93414],[104.74068,21.93315],[104.73973,21.93173],[104.73807,21.9302],[104.73754,21.9314],[104.73598,21.93277],[104.73404,21.93295],[104.73284,21.93242],[104.73168,21.93332],[104.73002,21.93405],[104.72818,21.9338],[104.72473,21.93533],[104.72325,21.93474],[104.72053,21.93514],[104.71747,21.93415],[104.71597,21.93414],[104.71486,21.93502],[104.71415,21.93709],[104.71278,21.93901],[104.71199,21.93976],[104.71068,21.94007],[104.70982,21.94069],[104.70947,21.94291],[104.70874,21.94382],[104.709,21.94573],[104.70737,21.94748],[104.70649,21.948],[104.70415,21.94856],[104.70307,21.95055],[104.7011,21.95306],[104.69963,21.95279],[104.6988,21.95321],[104.69921,21.95463],[104.69813,21.95592],[104.69653,21.95724],[104.69506,21.95945],[104.6923,21.96148],[104.69157,21.96173],[104.68679,21.96415],[104.685,21.9657],[104.68308,21.96678],[104.6804,21.96431],[104.67991,21.96331],[104.67876,21.96217],[104.67776,21.95949],[104.67772,21.95775],[104.67737,21.95672],[104.6763,21.95545],[104.67354,21.95318],[104.67263,21.95162],[104.67117,21.95097],[104.66975,21.95101],[104.66728,21.95005],[104.66291,21.94783],[104.66098,21.94533],[104.6595,21.94524],[104.65738,21.94417],[104.65699,21.94207],[104.65656,21.94143],[104.65463,21.93988],[104.6531,21.93711],[104.651,21.93506],[104.64981,21.93451],[104.64887,21.9351],[104.64838,21.93624],[104.64506,21.93775],[104.64394,21.938],[104.64103,21.93557],[104.64071,21.93452],[104.63962,21.93467],[104.63534,21.93279],[104.63406,21.93274],[104.63293,21.93206],[104.63343,21.92992],[104.63573,21.92837],[104.6368,21.92674],[104.63708,21.92464],[104.63677,21.92318],[104.63573,21.92155],[104.63319,21.91901],[104.63215,21.91754],[104.63122,21.91558],[104.63085,21.91267],[104.63211,21.90904],[104.63294,21.90796],[104.63429,21.90717],[104.63574,21.9068],[104.64217,21.90764],[104.64521,21.90844],[104.64576,21.90583],[104.64391,21.90475],[104.64306,21.90483],[104.64176,21.9022],[104.64197,21.89977],[104.63867,21.897],[104.63855,21.89566],[104.63883,21.8938],[104.63866,21.89294],[104.63748,21.89314],[104.63718,21.89243],[104.6359,21.89214],[104.63594,21.89084],[104.63521,21.88956],[104.63431,21.88926],[104.63312,21.88795],[104.63166,21.88684],[104.62969,21.88609],[104.62913,21.88498],[104.62757,21.88441],[104.62615,21.88448],[104.62507,21.88285],[104.62336,21.88287],[104.62174,21.88342],[104.61995,21.88316],[104.61868,21.88365],[104.61809,21.88159],[104.61781,21.87955],[104.61812,21.87849],[104.6189,21.87783],[104.61893,21.87696],[104.61593,21.87571],[104.61493,21.87498],[104.6132,21.8745],[104.61158,21.87328],[104.61014,21.87281],[104.60922,21.87169],[104.60802,21.87139],[104.60709,21.87023],[104.6074,21.86813],[104.60676,21.86741],[104.60788,21.86604],[104.60874,21.86555],[104.60961,21.86446],[104.61013,21.86316],[104.61059,21.86097],[104.609,21.85856],[104.61099,21.85774],[104.61297,21.85724],[104.61415,21.85731],[104.61429,21.85545],[104.6152,21.85467],[104.61629,21.85445],[104.61631,21.85379],[104.61473,21.85349],[104.61738,21.85104],[104.61919,21.85037],[104.62236,21.84668],[104.62337,21.84468],[104.62418,21.8443],[104.62887,21.84283],[104.6312,21.84179],[104.63247,21.84246],[104.63394,21.84219],[104.63374,21.84298],[104.63246,21.84369],[104.63151,21.84589],[104.63119,21.84755],[104.63045,21.84764],[104.63072,21.84879],[104.63154,21.84867],[104.63331,21.84987],[104.63354,21.85126],[104.63446,21.8526],[104.63547,21.85304],[104.63643,21.85424],[104.63628,21.85563],[104.63687,21.85594],[104.63653,21.85759],[104.63727,21.85874],[104.6387,21.85904],[104.63985,21.86021],[104.64126,21.85988],[104.643,21.85985],[104.64437,21.85946],[104.64659,21.8608],[104.64698,21.86169],[104.6486,21.86262],[104.64792,21.86438],[104.65064,21.86506],[104.65145,21.86551],[104.65396,21.86463],[104.65532,21.86324],[104.65731,21.8619],[104.65799,21.86195],[104.66,21.8631],[104.66155,21.86345],[104.66233,21.86253],[104.66454,21.86139],[104.66797,21.86062],[104.66866,21.85918],[104.67098,21.85882],[104.67079,21.85965],[104.67097,21.86243],[104.6725,21.86354],[104.67382,21.86362],[104.67616,21.86458],[104.67714,21.86404],[104.6787,21.86189],[104.67961,21.86147],[104.6822,21.86214],[104.68273,21.86367],[104.68254,21.86465],[104.6831,21.86651],[104.68307,21.86807],[104.6838,21.87122],[104.68521,21.86987],[104.6898,21.86701],[104.69239,21.86641],[104.6949,21.86675],[104.70198,21.86858],[104.70381,21.8687],[104.70521,21.86852],[104.70685,21.86788],[104.70878,21.86678],[104.71352,21.86364],[104.71876,21.858],[104.72231,21.85342],[104.7246,21.84916],[104.72645,21.8472],[104.72956,21.84602],[104.73205,21.84473],[104.73381,21.84324],[104.73664,21.84139],[104.73993,21.83882],[104.74128,21.8371],[104.74215,21.83793],[104.7421,21.83869],[104.74337,21.84002],[104.74534,21.83997],[104.74695,21.84077],[104.75036,21.84084],[104.75092,21.84177],[104.75211,21.84186],[104.75513,21.84285],[104.75593,21.84227],[104.75762,21.84288],[104.75803,21.84423],[104.76021,21.84369],[104.75983,21.84491],[104.76132,21.84671],[104.76236,21.84669],[104.76398,21.84608],[104.76465,21.84552],[104.7667,21.84581],[104.76752,21.84517],[104.76869,21.84493],[104.76966,21.84812],[104.76926,21.84915],[104.76943,21.85004],[104.77109,21.85224],[104.77209,21.85314],[104.77417,21.85451],[104.77481,21.85717],[104.77621,21.85896],[104.77565,21.86017],[104.77614,21.86115],[104.77563,21.86261],[104.77564,21.86542],[104.77496,21.86618],[104.7746,21.86832],[104.77489,21.86915],[104.77657,21.87028],[104.77792,21.87174],[104.77885,21.87177],[104.77923,21.87243],[104.78096,21.873],[104.78254,21.8721],[104.78312,21.87114],[104.78467,21.87206],[104.78515,21.87431],[104.78571,21.87561],[104.78654,21.8765],[104.78744,21.87655],[104.78886,21.87739],[104.78974,21.87741],[104.79044,21.87804],[104.79248,21.87769],[104.79242,21.87867],[104.79166,21.88046],[104.79165,21.88315],[104.79073,21.88415],[104.79018,21.88548],[104.78782,21.88641],[104.78589,21.88794],[104.78579,21.8891],[104.78525,21.89022],[104.78525,21.89131],[104.78598,21.89248],[104.78535,21.89345],[104.78587,21.89461],[104.78683,21.89532],[104.78644,21.89639],[104.78527,21.89792],[104.78369,21.90093],[104.78261,21.90367],[104.77939,21.9052],[104.77828,21.90642],[104.77649,21.90731],[104.77407,21.90929],[104.77088,21.91012],[104.77022,21.91119],[104.76881,21.91271],[104.76728,21.91346],[104.76516,21.91271],[104.76385,21.91132],[104.76223,21.91117],[104.76082,21.91214],[104.75956,21.91227],[104.75819,21.91304],[104.75745,21.91394],[104.75414,21.91493],[104.75189,21.91443],[104.74928,21.91502],[104.74947,21.91614],[104.74881,21.91686],[104.74992,21.91859],[104.75274,21.921],[104.7517,21.92151],[104.75014,21.92177],[104.74844,21.92134],[104.74748,21.92181],[104.74599,21.92344],[104.74586,21.92418],[104.74704,21.9271],[104.74794,21.92843],[104.74795,21.93041],[104.74356,21.93446],[104.74329,21.93434]]]},"properties":{"a01_tinh":"diaphanhanhchinhcaptinh_sn.114","a02_xa":"diaphanhanhchinhcapxa_2025.1015","a03_ten":"Xã Mậu A","a04_tentinh":"Tỉnh Lào Cai","a05_truocsn":"Thị trấn Mậu A, Xã Yên Thái, Xã An Thịnh, Xã Mậu Đông, Xã Ngòi A","a06_trungtamhc":"đang cập nhật","a07_dt":"144.52","a08_ds":"40652","a09_dthoai":null,"a10_web":null,"ten":"Xã Mậu A","ma":"04375","tentinh":"Tỉnh Lào Cai","truocsapnhap":"Thị trấn Mậu A, Xã Yên Thái, Xã An Thịnh, Xã Mậu Đông, Xã Ngòi A","dientichkm2":null,"dansonguoi":null},"id":"diaphanhanhchinhcapxa_2025.1015"},
{"type":"Feature","geometry":{"type":"Polygon","coordinates":[[[104.21066,21.95349],[104.21067,21.95427],[104.20941,21.95713],[104.20748,21.95795],[104.20547,21.95912],[104.20467,21.95902],[104.20201,21.96105],[104.20155,21.96234],[104.19937,21.96421],[104.19865,21.96534],[104.19637,21.96521],[104.19308,21.96529],[104.19097,21.96682],[104.18969,21.96816],[104.18899,21.96931],[104.18731,21.96974],[104.18726,21.97143],[104.18633,21.97269],[104.18228,21.97458],[104.1783,21.97705],[104.17652,21.97775],[104.17415,21.97748],[104.17321,21.97759],[104.1714,21.97705],[104.17083,21.97626],[104.17094,21.97547],[104.17014,21.974],[104.16568,21.9729],[104.16435,21.97171],[104.16278,21.97128],[104.16037,21.97222],[104.15906,21.97308],[104.15781,21.97297],[104.15528,21.97344],[104.15306,21.97441],[104.14994,21.97501],[104.14643,21.97666],[104.14402,21.97663],[104.14277,21.97619],[104.14174,21.97696],[104.14032,21.97734],[104.13935,21.97717],[104.13729,21.97796],[104.13688,21.97857],[104.13431,21.97961],[104.13293,21.97986],[104.13251,21.9806],[104.13115,21.98173],[104.13076,21.98281],[104.12983,21.98311],[104.12776,21.98464],[104.12701,21.98572],[104.12548,21.98685],[104.12302,21.98769],[104.12188,21.98761],[104.12058,21.98697],[104.11888,21.98702],[104.11652,21.98669],[104.11601,21.98625],[104.11432,21.98669],[104.11319,21.9876],[104.11092,21.98714],[104.10933,21.98845],[104.10904,21.98909],[104.10745,21.98964],[104.10545,21.99196],[104.10389,21.99335],[104.10188,21.99355],[104.1001,21.99576],[104.09804,21.99685],[104.09777,21.99976],[104.09783,22.00095],[104.09618,22.00405],[104.09529,22.00435],[104.09273,22.00704],[104.0915,22.00767],[104.09076,22.01183],[104.09029,22.01296],[104.0907,22.01439],[104.09003,22.01579],[104.08804,22.01731],[104.08728,22.01868],[104.08583,22.01987],[104.08545,22.02053],[104.08588,22.02242],[104.08492,22.02414],[104.08522,22.02566],[104.08448,22.02763],[104.08259,22.02929],[104.08204,22.03049],[104.08218,22.03224],[104.08154,22.03478],[104.08085,22.03571],[104.07558,22.03509],[104.07438,22.03464],[104.07153,22.03492],[104.07003,22.03561],[104.07023,22.03666],[104.06974,22.03881],[104.07046,22.03999],[104.07097,22.04229],[104.07083,22.04304],[104.06867,22.04492],[104.06652,22.04583],[104.06332,22.04442],[104.06103,22.04138],[104.05916,22.04071],[104.05749,22.0406],[104.05901,22.04209],[104.05951,22.04547],[104.06022,22.04659],[104.06021,22.04777],[104.05848,22.05023],[104.05852,22.05334],[104.05751,22.05407],[104.05758,22.05514],[104.05814,22.05647],[104.05802,22.05715],[104.05696,22.05787],[104.05576,22.05928],[104.05533,22.06052],[104.05535,22.06313],[104.05286,22.0641],[104.05099,22.06436],[104.0495,22.0658],[104.04894,22.06471],[104.04768,22.06444],[104.04538,22.06329],[104.04169,22.061],[104.04078,22.06087],[104.03957,22.06006],[104.04036,22.05716],[104.03982,22.05607],[104.04231,22.05506],[104.04332,22.05201],[104.04399,22.05114],[104.04408,22.05009],[104.04538,22.05045],[104.04641,22.05009],[104.04705,22.0482],[104.049,22.04512],[104.04828,22.04313],[104.04676,22.04158],[104.04544,22.04084],[104.04393,22.04049],[104.04239,22.0418],[104.04141,22.04039],[104.04012,22.03986],[104.03942,22.04013],[104.03846,22.0395],[104.03818,22.03834],[104.03724,22.03714],[104.03619,22.03671],[104.03416,22.03507],[104.03368,22.03433],[104.03378,22.03325],[104.03326,22.0318],[104.03723,22.02985],[104.03895,22.02841],[104.03668,22.02709],[104.03536,22.02535],[104.03531,22.02469],[104.03611,22.02392],[104.03429,22.02203],[104.03287,22.0214],[104.03204,22.02184],[104.03147,22.02055],[104.0325,22.01965],[104.03135,22.01878],[104.0292,22.01979],[104.02584,22.02032],[104.02376,22.01878],[104.02236,22.01893],[104.02083,22.01869],[104.01908,22.01754],[104.01942,22.01622],[104.01877,22.01453],[104.02057,22.01318],[104.02327,22.01054],[104.0241,22.00936],[104.02425,22.0063],[104.02457,22.00554],[104.0282,22.00371],[104.02892,22.00442],[104.03156,22.00526],[104.03406,22.00513],[104.03532,22.00386],[104.03549,22.00326],[104.03672,22.00202],[104.03878,22.00094],[104.04096,21.99869],[104.04054,21.99548],[104.03956,21.99359],[104.03931,21.99178],[104.04036,21.9897],[104.03987,21.98841],[104.04116,21.98745],[104.04232,21.9861],[104.04398,21.98489],[104.04409,21.9842],[104.04555,21.98175],[104.04725,21.98004],[104.04817,21.97851],[104.05075,21.97753],[104.0524,21.97642],[104.05331,21.97502],[104.05532,21.97406],[104.05588,21.97346],[104.05787,21.97289],[104.0585,21.97316],[104.06026,21.97199],[104.05904,21.97085],[104.05903,21.97002],[104.06062,21.96975],[104.06221,21.97036],[104.06275,21.96945],[104.0606,21.96778],[104.05949,21.96621],[104.05851,21.9663],[104.0573,21.96498],[104.05684,21.96206],[104.05628,21.9617],[104.05419,21.96165],[104.05375,21.95982],[104.05216,21.95931],[104.05185,21.96027],[104.05014,21.96017],[104.04861,21.96047],[104.04846,21.96125],[104.0491,21.96298],[104.04636,21.96456],[104.04511,21.964],[104.0436,21.96442],[104.04261,21.9636],[104.04126,21.96332],[104.04032,21.96277],[104.03886,21.96134],[104.0389,21.96042],[104.03767,21.95903],[104.03713,21.95965],[104.03619,21.95905],[104.03571,21.95813],[104.03359,21.95636],[104.03354,21.95531],[104.03419,21.95407],[104.03396,21.95323],[104.03255,21.95224],[104.03244,21.95075],[104.03339,21.95012],[104.03388,21.94837],[104.03287,21.94778],[104.03287,21.94681],[104.03355,21.94601],[104.03221,21.94469],[104.03098,21.94436],[104.03102,21.94313],[104.02997,21.94311],[104.02839,21.94397],[104.02746,21.94309],[104.02667,21.94334],[104.02541,21.94304],[104.02492,21.94225],[104.02343,21.94239],[104.02327,21.94158],[104.02174,21.9408],[104.02064,21.94115],[104.01996,21.93979],[104.01836,21.93959],[104.01758,21.938],[104.01683,21.93719],[104.01561,21.93681],[104.01539,21.9358],[104.0145,21.93586],[104.01454,21.93455],[104.01043,21.93481],[104.00883,21.93561],[104.00649,21.93647],[104.00506,21.93654],[104.00189,21.93818],[103.9986,21.93959],[103.99744,21.94052],[103.99518,21.94115],[103.99288,21.9429],[103.99195,21.94177],[103.99066,21.94097],[103.99016,21.93957],[103.99031,21.93886],[103.98951,21.93819],[103.99056,21.93617],[103.99141,21.9352],[103.99249,21.93576],[103.99439,21.93388],[103.99461,21.93179],[103.99632,21.92861],[103.99615,21.92748],[103.99809,21.92641],[103.99965,21.92488],[104.00222,21.92447],[104.00472,21.9222],[104.00635,21.92144],[104.00849,21.92008],[104.00861,21.91931],[104.00973,21.91853],[104.01115,21.91824],[104.013,21.9185],[104.01441,21.91794],[104.01543,21.91827],[104.01638,21.91933],[104.01809,21.91907],[104.01894,21.91846],[104.02123,21.91852],[104.02273,21.9174],[104.02539,21.91784],[104.0289,21.91772],[104.03006,21.91714],[104.03313,21.91636],[104.03397,21.91565],[104.03628,21.91427],[104.03816,21.91582],[104.03968,21.91648],[104.04123,21.91649],[104.04236,21.91597],[104.04382,21.91451],[104.04531,21.91419],[104.04685,21.91491],[104.04832,21.91501],[104.04961,21.91407],[104.05237,21.91324],[104.05498,21.91309],[104.05607,21.91228],[104.05792,21.91162],[104.06037,21.91004],[104.06199,21.90874],[104.06337,21.90885],[104.06433,21.90942],[104.0661,21.90864],[104.06811,21.90672],[104.06954,21.90577],[104.07133,21.90607],[104.07391,21.90564],[104.0754,21.90485],[104.07737,21.90465],[104.07886,21.905],[104.0812,21.90505],[104.08474,21.90738],[104.08502,21.90884],[104.08628,21.91092],[104.08674,21.91283],[104.08804,21.91386],[104.08752,21.9154],[104.08922,21.9154],[104.09158,21.91584],[104.09314,21.91643],[104.0949,21.91563],[104.09732,21.91522],[104.09803,21.91559],[104.09997,21.91499],[104.10242,21.91328],[104.10544,21.91187],[104.10763,21.91133],[104.1087,21.91172],[104.11031,21.91098],[104.11164,21.91007],[104.11422,21.90902],[104.11591,21.9092],[104.11706,21.91042],[104.11967,21.90962],[104.12218,21.90844],[104.12458,21.90791],[104.12689,21.90711],[104.12882,21.90598],[104.13006,21.90474],[104.13078,21.90354],[104.13076,21.9025],[104.13173,21.9022],[104.13349,21.90082],[104.13471,21.90052],[104.13759,21.89885],[104.13939,21.89634],[104.14096,21.89602],[104.14262,21.89622],[104.14378,21.89599],[104.1469,21.89467],[104.1484,21.89539],[104.1497,21.89532],[104.15124,21.89591],[104.15274,21.89586],[104.15372,21.89498],[104.15568,21.89432],[104.15866,21.8938],[104.16122,21.89316],[104.16279,21.89196],[104.16524,21.89179],[104.16645,21.89219],[104.17053,21.89133],[104.1712,21.89097],[104.17298,21.891],[104.17458,21.89062],[104.17733,21.89045],[104.17934,21.89076],[104.18312,21.88943],[104.18507,21.88977],[104.18692,21.89056],[104.19025,21.8905],[104.19222,21.89066],[104.19479,21.89129],[104.19866,21.89015],[104.19987,21.88993],[104.2015,21.89065],[104.20293,21.89082],[104.20398,21.89166],[104.20508,21.89166],[104.20589,21.89217],[104.20987,21.89142],[104.21136,21.89192],[104.21411,21.89186],[104.21647,21.89382],[104.21874,21.89543],[104.22021,21.89595],[104.22281,21.89734],[104.22352,21.89814],[104.225,21.89825],[104.22569,21.89879],[104.22721,21.89915],[104.22857,21.89992],[104.2289,21.90079],[104.22974,21.90124],[104.23103,21.90257],[104.23064,21.90425],[104.22903,21.90738],[104.22833,21.90792],[104.22833,21.90888],[104.22764,21.91157],[104.22768,21.91256],[104.22872,21.91389],[104.22877,21.91498],[104.23004,21.91708],[104.23,21.91856],[104.23048,21.92014],[104.2313,21.92123],[104.23118,21.92278],[104.23031,21.92382],[104.22908,21.92423],[104.22868,21.92477],[104.22624,21.92599],[104.22592,21.92739],[104.22497,21.92808],[104.22448,21.92979],[104.22321,21.93215],[104.22117,21.93353],[104.22093,21.93457],[104.21908,21.93532],[104.21742,21.93631],[104.21596,21.9363],[104.21458,21.93689],[104.21093,21.93949],[104.20987,21.94082],[104.20885,21.94267],[104.20789,21.94329],[104.20774,21.94403],[104.20932,21.9465],[104.21032,21.94771],[104.21302,21.95012],[104.21134,21.95009],[104.2108,21.95127],[104.21066,21.95349]]]},"properties":{"a01_tinh":"diaphanhanhchinhcaptinh_sn.114","a02_xa":"diaphanhanhchinhcapxa_2025.1089","a03_ten":"Xã Minh Lương","a04_tentinh":"Tỉnh Lào Cai","a05_truocsn":"Xã Nậm Xây, Xã Minh Lương","a06_trungtamhc":"Thôn Nậm Van, xã Minh Lương (Trụ sở xã Minh Lương cũ)","a07_dt":"206.6","a08_ds":"9155","a09_dthoai":null,"a10_web":null,"ten":"Xã Minh Lương","ma":"03121","tentinh":"Tỉnh Lào Cai","truocsapnhap":"Xã Nậm Xây, Xã Minh Lương","dientichkm2":null,"dansonguoi":null},"id":"diaphanhanhchinhcapxa_2025.1089"},
{"type":"Feature","geometry":{"type":"Polygon","coordinates":[[[104.58286,21.65057],[104.58562,21.65093],[104.58822,21.65194],[104.58955,21.65186],[104.59134,21.6522],[104.59332,21.65293],[104.59477,21.65211],[104.59563,21.65224],[104.5969,21.65326],[104.59782,21.65493],[104.59807,21.65603],[104.59895,21.65782],[104.60162,21.65846],[104.60187,21.65714],[104.60352,21.65687],[104.6039,21.65724],[104.605,21.66009],[104.60633,21.66015],[104.60806,21.66113],[104.6098,21.661],[104.61138,21.66124],[104.61184,21.65983],[104.61107,21.65922],[104.61195,21.65813],[104.61119,21.65744],[104.61422,21.6558],[104.61485,21.6553],[104.61541,21.65477],[104.61881,21.6536],[104.62066,21.65318],[104.62206,21.65231],[104.62345,21.65238],[104.62525,21.65191],[104.62689,21.65118],[104.62865,21.6499],[104.62862,21.64901],[104.62987,21.64712],[104.62954,21.64558],[104.62931,21.64257],[104.63079,21.64052],[104.6335,21.63839],[104.63452,21.6368],[104.63523,21.63521],[104.63844,21.63492],[104.63885,21.63313],[104.63865,21.63217],[104.63899,21.63098],[104.639,21.62944],[104.63992,21.62793],[104.63981,21.62688],[104.64196,21.62605],[104.6429,21.62601],[104.64396,21.6254],[104.64527,21.62247],[104.64709,21.62044],[104.64765,21.61953],[104.64955,21.61756],[104.65045,21.61695],[104.65174,21.61425],[104.65555,21.61554],[104.6572,21.61575],[104.65806,21.61682],[104.65945,21.6176],[104.66168,21.61934],[104.66488,21.62297],[104.66448,21.62509],[104.66331,21.62913],[104.66398,21.63024],[104.66615,21.63224],[104.66619,21.63348],[104.66556,21.63596],[104.66595,21.63852],[104.66506,21.63949],[104.66641,21.64025],[104.6673,21.64117],[104.66906,21.64205],[104.67126,21.64398],[104.67313,21.64361],[104.67454,21.64446],[104.67479,21.64516],[104.67446,21.64681],[104.67339,21.64839],[104.67525,21.64995],[104.67606,21.65005],[104.6754,21.65291],[104.67632,21.65509],[104.67702,21.65586],[104.67751,21.6581],[104.67818,21.6591],[104.67908,21.66164],[104.6811,21.66275],[104.68216,21.66298],[104.68439,21.66407],[104.68583,21.66383],[104.68716,21.66406],[104.688,21.66488],[104.68967,21.66479],[104.6911,21.6642],[104.69228,21.66295],[104.69391,21.66257],[104.69405,21.66327],[104.69506,21.66496],[104.69542,21.66694],[104.69527,21.67106],[104.6956,21.67372],[104.69525,21.6764],[104.6956,21.67853],[104.69609,21.67944],[104.69606,21.68078],[104.69377,21.68353],[104.69256,21.68549],[104.6919,21.68601],[104.69043,21.68824],[104.68919,21.68911],[104.68954,21.69063],[104.68922,21.69278],[104.6881,21.69411],[104.68896,21.69551],[104.68884,21.69806],[104.68794,21.69996],[104.68792,21.70159],[104.68903,21.70248],[104.6887,21.70462],[104.68734,21.7074],[104.6873,21.70853],[104.68644,21.71002],[104.68744,21.71045],[104.68868,21.71158],[104.68898,21.71447],[104.69198,21.7165],[104.69191,21.71813],[104.69226,21.71879],[104.69199,21.72151],[104.69115,21.72305],[104.69114,21.72455],[104.69047,21.72511],[104.68978,21.72581],[104.68899,21.72577],[104.68796,21.72712],[104.68689,21.72796],[104.68588,21.73004],[104.68555,21.73238],[104.68441,21.73362],[104.68359,21.735],[104.68045,21.73591],[104.6791,21.73742],[104.67819,21.7376],[104.67664,21.73876],[104.67502,21.73938],[104.67573,21.74154],[104.67744,21.74304],[104.67756,21.74729],[104.67686,21.75048],[104.67634,21.7516],[104.67527,21.75244],[104.67489,21.75389],[104.67369,21.75475],[104.67271,21.75604],[104.67209,21.75736],[104.67183,21.75894],[104.67127,21.7597],[104.66985,21.76736],[104.66897,21.76897],[104.66845,21.77122],[104.66847,21.77245],[104.66787,21.77323],[104.66798,21.7746],[104.66747,21.77905],[104.66664,21.78077],[104.66482,21.78265],[104.66477,21.78426],[104.66252,21.78789],[104.66199,21.79013],[104.66117,21.79213],[104.65983,21.79243],[104.65927,21.79318],[104.65801,21.79325],[104.65521,21.79536],[104.65424,21.79734],[104.65497,21.79813],[104.65433,21.79875],[104.65405,21.80058],[104.6533,21.80082],[104.65147,21.80294],[104.65045,21.80285],[104.64923,21.80344],[104.64659,21.80686],[104.64513,21.80694],[104.64468,21.8062],[104.64444,21.80416],[104.64333,21.80257],[104.64305,21.79982],[104.64354,21.79719],[104.64413,21.79619],[104.64235,21.79443],[104.63942,21.79357],[104.6362,21.7945],[104.63415,21.79431],[104.6325,21.79528],[104.63178,21.79697],[104.62969,21.80036],[104.62937,21.80179],[104.62853,21.80218],[104.62626,21.80251],[104.62419,21.80304],[104.6222,21.804],[104.62041,21.80388],[104.6163,21.80511],[104.61496,21.80606],[104.61238,21.80686],[104.61187,21.80605],[104.61024,21.80469],[104.60958,21.80332],[104.60723,21.80102],[104.60547,21.80139],[104.60275,21.80333],[104.60048,21.80412],[104.5977,21.8065],[104.59623,21.80579],[104.59696,21.80381],[104.59825,21.80232],[104.59861,21.80084],[104.59936,21.7995],[104.60239,21.79737],[104.60358,21.79613],[104.6038,21.79483],[104.60447,21.79348],[104.60462,21.79194],[104.60438,21.79117],[104.60484,21.79034],[104.60446,21.78821],[104.60472,21.78692],[104.604,21.78529],[104.60407,21.78413],[104.60273,21.78116],[104.60215,21.77932],[104.60194,21.77628],[104.60053,21.77455],[104.60087,21.77317],[104.6019,21.77272],[104.60189,21.77151],[104.59967,21.76898],[104.60044,21.76694],[104.60171,21.76524],[104.60425,21.76322],[104.6044,21.7623],[104.60536,21.76086],[104.60676,21.7596],[104.60886,21.75965],[104.60994,21.75841],[104.61078,21.75847],[104.61252,21.75564],[104.61467,21.75418],[104.61516,21.75317],[104.6144,21.75181],[104.61416,21.75044],[104.61358,21.74929],[104.61,21.74839],[104.60852,21.7482],[104.60815,21.74599],[104.60751,21.74507],[104.60759,21.74415],[104.60894,21.74261],[104.60987,21.74229],[104.61104,21.74122],[104.6094,21.73999],[104.60768,21.73837],[104.60709,21.73745],[104.60514,21.73656],[104.60354,21.7339],[104.60179,21.73007],[104.60253,21.72993],[104.60465,21.72791],[104.60543,21.72779],[104.60568,21.72664],[104.60572,21.72352],[104.6051,21.72143],[104.60043,21.71867],[104.59968,21.71757],[104.59862,21.71768],[104.59674,21.71877],[104.59687,21.72025],[104.59612,21.72172],[104.59608,21.723],[104.59532,21.72345],[104.59475,21.72453],[104.59276,21.7253],[104.59156,21.72528],[104.59067,21.72649],[104.59122,21.72728],[104.59093,21.7283],[104.58903,21.72938],[104.58761,21.73138],[104.58704,21.7339],[104.58613,21.73434],[104.58443,21.73436],[104.58185,21.73351],[104.57853,21.73535],[104.57489,21.73553],[104.57323,21.73651],[104.57222,21.73678],[104.56768,21.73916],[104.56393,21.73901],[104.56286,21.73873],[104.56248,21.73974],[104.56105,21.74015],[104.56043,21.74089],[104.55907,21.74044],[104.55602,21.74106],[104.55459,21.74183],[104.55195,21.74179],[104.55146,21.73978],[104.55013,21.73918],[104.55001,21.73815],[104.55072,21.73729],[104.55198,21.73674],[104.55387,21.73456],[104.55533,21.7346],[104.55638,21.73366],[104.55802,21.73281],[104.55842,21.73167],[104.55975,21.73091],[104.55835,21.72988],[104.5582,21.72886],[104.55957,21.72765],[104.56028,21.72579],[104.56138,21.72429],[104.56042,21.72316],[104.55941,21.72299],[104.55848,21.72187],[104.55789,21.72037],[104.55806,21.71941],[104.55956,21.71797],[104.56124,21.7167],[104.56172,21.71594],[104.56267,21.71555],[104.56322,21.71458],[104.56287,21.71344],[104.56316,21.7121],[104.56153,21.71029],[104.56078,21.7085],[104.5603,21.70662],[104.56118,21.7027],[104.56205,21.70131],[104.56317,21.70055],[104.56533,21.69837],[104.56714,21.6942],[104.56936,21.69091],[104.57341,21.68767],[104.57491,21.68715],[104.5771,21.68759],[104.57886,21.68744],[104.57969,21.68707],[104.58147,21.68558],[104.58534,21.68174],[104.58626,21.68164],[104.58797,21.68317],[104.58829,21.68331],[104.58938,21.68329],[104.59024,21.68267],[104.58998,21.68112],[104.59023,21.68045],[104.59213,21.68045],[104.59243,21.68122],[104.59415,21.68277],[104.59538,21.6792],[104.59495,21.67726],[104.58888,21.66327],[104.58265,21.65057],[104.58286,21.65057]]]},"properties":{"a01_tinh":"diaphanhanhchinhcaptinh_sn.114","a02_xa":"diaphanhanhchinhcapxa_2025.1023","a03_ten":"Xã Mỏ Vàng","a04_tentinh":"Tỉnh Lào Cai","a05_truocsn":"Xã An Lương, Xã Mỏ Vàng","a06_trungtamhc":"đang cập nhật","a07_dt":"167.55","a08_ds":"10043","a09_dthoai":null,"a10_web":null,"ten":"Xã Mỏ Vàng","ma":"04450","tentinh":"Tỉnh Lào Cai","truocsapnhap":"Xã An Lương, Xã Mỏ Vàng","dientichkm2":null,"dansonguoi":null},"id":"diaphanhanhchinhcapxa_2025.1023"},
{"type":"Feature","geometry":{"type":"Polygon","coordinates":[[[104.20987,21.89142],[104.20589,21.89217],[104.20508,21.89166],[104.20398,21.89166],[104.20293,21.89082],[104.2015,21.89065],[104.19987,21.88993],[104.19866,21.89015],[104.19479,21.89129],[104.19222,21.89066],[104.19025,21.8905],[104.18692,21.89056],[104.18507,21.88977],[104.18312,21.88943],[104.17934,21.89076],[104.17733,21.89045],[104.17458,21.89062],[104.17298,21.891],[104.1712,21.89097],[104.17053,21.89133],[104.16645,21.89219],[104.16524,21.89179],[104.16279,21.89196],[104.16122,21.89316],[104.15866,21.8938],[104.15568,21.89432],[104.15372,21.89498],[104.15274,21.89586],[104.15124,21.89591],[104.1497,21.89532],[104.1484,21.89539],[104.1469,21.89467],[104.14378,21.89599],[104.14262,21.89622],[104.14096,21.89602],[104.13939,21.89634],[104.13759,21.89885],[104.13471,21.90052],[104.13349,21.90082],[104.13173,21.9022],[104.13076,21.9025],[104.13078,21.90354],[104.13006,21.90474],[104.12882,21.90598],[104.12689,21.90711],[104.12458,21.90791],[104.12218,21.90844],[104.11967,21.90962],[104.11706,21.91042],[104.11591,21.9092],[104.11422,21.90902],[104.11164,21.91007],[104.11031,21.91098],[104.1087,21.91172],[104.10763,21.91133],[104.10544,21.91187],[104.10242,21.91328],[104.09997,21.91499],[104.09803,21.91559],[104.09732,21.91522],[104.0949,21.91563],[104.09314,21.91643],[104.09158,21.91584],[104.08922,21.9154],[104.08752,21.9154],[104.08804,21.91386],[104.08674,21.91283],[104.08628,21.91092],[104.08502,21.90884],[104.08474,21.90738],[104.0812,21.90505],[104.07886,21.905],[104.07737,21.90465],[104.0754,21.90485],[104.07391,21.90564],[104.07133,21.90607],[104.06954,21.90577],[104.06811,21.90672],[104.0661,21.90864],[104.06433,21.90942],[104.06337,21.90885],[104.06199,21.90874],[104.06405,21.90718],[104.06496,21.90414],[104.06568,21.90062],[104.06619,21.89884],[104.06454,21.89621],[104.06406,21.89447],[104.06451,21.89257],[104.06434,21.89148],[104.06304,21.88968],[104.06411,21.88876],[104.06325,21.88751],[104.06259,21.88573],[104.06319,21.88485],[104.06279,21.88434],[104.06125,21.88448],[104.06002,21.88423],[104.06082,21.88336],[104.06503,21.88319],[104.06502,21.88237],[104.06319,21.88048],[104.06226,21.87889],[104.06191,21.87711],[104.06113,21.87559],[104.06107,21.87405],[104.06024,21.87333],[104.05849,21.87278],[104.05728,21.87209],[104.05563,21.87179],[104.05394,21.87069],[104.05386,21.86809],[104.05306,21.86614],[104.05213,21.86496],[104.05241,21.86229],[104.05177,21.86133],[104.051,21.86205],[104.0501,21.86212],[104.04818,21.86055],[104.04799,21.85951],[104.04653,21.85881],[104.04638,21.85753],[104.04575,21.85711],[104.04483,21.85751],[104.04405,21.85716],[104.04416,21.85555],[104.04325,21.85561],[104.04141,21.85397],[104.03404,21.84816],[104.03433,21.84709],[104.0352,21.84637],[104.03722,21.84542],[104.03917,21.84255],[104.04005,21.84044],[104.04161,21.83871],[104.04349,21.83754],[104.04526,21.83689],[104.04722,21.83391],[104.0483,21.83289],[104.04869,21.83196],[104.05101,21.8309],[104.05135,21.82934],[104.05341,21.82719],[104.05528,21.8267],[104.05613,21.82573],[104.05726,21.82656],[104.06027,21.826],[104.06144,21.82495],[104.06303,21.8242],[104.06355,21.82319],[104.06524,21.82215],[104.06791,21.81996],[104.06993,21.81968],[104.0711,21.82056],[104.07322,21.82049],[104.07412,21.81954],[104.07504,21.81969],[104.07563,21.81881],[104.07603,21.81729],[104.07819,21.81541],[104.08024,21.81427],[104.08104,21.81437],[104.08201,21.81362],[104.08345,21.81344],[104.08562,21.81254],[104.08605,21.81143],[104.0843,21.80765],[104.08416,21.80623],[104.08474,21.80484],[104.08353,21.80297],[104.08392,21.80136],[104.0837,21.79901],[104.08223,21.79445],[104.08345,21.79241],[104.08353,21.79114],[104.08505,21.79076],[104.08667,21.78939],[104.08814,21.78922],[104.0894,21.78812],[104.09075,21.78757],[104.09213,21.78765],[104.09419,21.787],[104.09503,21.78713],[104.09613,21.78633],[104.09735,21.78727],[104.09788,21.78891],[104.09953,21.79109],[104.10094,21.79195],[104.10222,21.79317],[104.10364,21.79554],[104.10424,21.79609],[104.10721,21.79671],[104.10834,21.79655],[104.10906,21.79745],[104.10919,21.79895],[104.1106,21.79964],[104.11199,21.80111],[104.11366,21.80225],[104.11586,21.80253],[104.11679,21.80303],[104.11721,21.80388],[104.11715,21.80573],[104.11819,21.80684],[104.1183,21.80771],[104.11921,21.80868],[104.11989,21.8114],[104.12058,21.81336],[104.12235,21.81415],[104.12354,21.81606],[104.12389,21.81565],[104.12508,21.8172],[104.12498,21.81813],[104.12599,21.81953],[104.12813,21.8187],[104.12985,21.81675],[104.13165,21.81701],[104.13225,21.81642],[104.13208,21.81538],[104.13408,21.8135],[104.13334,21.81077],[104.13381,21.80998],[104.1356,21.81042],[104.13732,21.80888],[104.13759,21.80773],[104.13715,21.80701],[104.13727,21.80598],[104.13816,21.80609],[104.13992,21.80824],[104.14116,21.80717],[104.14196,21.80558],[104.14297,21.80416],[104.14337,21.80512],[104.14529,21.80659],[104.146,21.80772],[104.14863,21.80902],[104.15069,21.81074],[104.15285,21.81121],[104.15387,21.81223],[104.15491,21.81267],[104.15606,21.81362],[104.15739,21.81339],[104.15966,21.8151],[104.16,21.81577],[104.1614,21.81654],[104.16325,21.81663],[104.16526,21.81827],[104.16547,21.81935],[104.16735,21.82032],[104.1683,21.82134],[104.17052,21.82242],[104.17434,21.82318],[104.1752,21.82395],[104.17684,21.82424],[104.17735,21.82504],[104.17808,21.82757],[104.18,21.82982],[104.1805,21.8309],[104.18039,21.8322],[104.18158,21.83361],[104.18225,21.83562],[104.18403,21.83662],[104.18593,21.83643],[104.18698,21.83567],[104.1886,21.83809],[104.18963,21.83928],[104.18924,21.84166],[104.18954,21.84286],[104.19038,21.84392],[104.18982,21.84509],[104.1913,21.84551],[104.19311,21.84668],[104.19599,21.84672],[104.19736,21.84785],[104.19784,21.84949],[104.20196,21.85285],[104.20272,21.85405],[104.20438,21.85437],[104.2054,21.85382],[104.20535,21.85486],[104.20292,21.85671],[104.20237,21.85764],[104.20217,21.85913],[104.20028,21.86091],[104.1994,21.86111],[104.19934,21.86231],[104.19783,21.86283],[104.19766,21.86333],[104.19538,21.86435],[104.19569,21.86693],[104.19469,21.86784],[104.19657,21.87174],[104.19703,21.87324],[104.19887,21.87404],[104.20107,21.8747],[104.20179,21.87593],[104.20204,21.87824],[104.20287,21.88003],[104.20399,21.88354],[104.2049,21.88472],[104.20532,21.88644],[104.2068,21.88745],[104.20847,21.88896],[104.20918,21.89068],[104.20987,21.89142]]]},"properties":{"a01_tinh":"diaphanhanhchinhcaptinh_sn.114","a02_xa":"diaphanhanhchinhcapxa_2025.1024","a03_ten":"Xã Mù Cang Chải","a04_tentinh":"Tỉnh Lào Cai","a05_truocsn":"Thị trấn Mù Cang Chải, Xã Kim Nọi, Xã Mồ Dề, Xã Chế Cu Nha","a06_trungtamhc":"đang cập nhật","a07_dt":"146.95","a08_ds":"14773","a09_dthoai":null,"a10_web":null,"ten":"Xã Mù Cang Chải","ma":"04456","tentinh":"Tỉnh Lào Cai","truocsapnhap":"Thị trấn Mù Cang Chải, Xã Kim Nọi, Xã Mồ Dề, Xã Chế Cu Nha","dientichkm2":null,"dansonguoi":null},"id":"diaphanhanhchinhcapxa_2025.1024"},
{"type":"Feature","geometry":{"type":"Polygon","coordinates":[[[104.0715,22.26931],[104.06865,22.27073],[104.06483,22.2741],[104.06406,22.27553],[104.06116,22.27773],[104.05907,22.28017],[104.0581,22.28087],[104.05756,22.28192],[104.05649,22.28272],[104.05478,22.2835],[104.05483,22.2858],[104.0538,22.28754],[104.05204,22.28873],[104.05174,22.28954],[104.04878,22.29187],[104.04743,22.29261],[104.04558,22.29524],[104.0441,22.29635],[104.0423,22.29859],[104.04212,22.29977],[104.04016,22.30201],[104.04067,22.30384],[104.03982,22.30583],[104.0384,22.30693],[104.03811,22.30766],[104.03685,22.3089],[104.03641,22.31024],[104.03559,22.31106],[104.03304,22.30979],[104.03047,22.30791],[104.02843,22.30782],[104.02655,22.30588],[104.02511,22.30479],[104.02465,22.30275],[104.02408,22.30138],[104.02183,22.29941],[104.0221,22.29878],[104.02233,22.29633],[104.02169,22.2944],[104.02087,22.2936],[104.01958,22.29343],[104.01625,22.29573],[104.01489,22.29562],[104.01337,22.2935],[104.01232,22.2936],[104.01077,22.29441],[104.00998,22.29439],[104.00783,22.2929],[104.00556,22.29016],[104.0046,22.28792],[104.00356,22.28674],[103.99933,22.28523],[103.99936,22.28339],[103.99796,22.28303],[103.99543,22.28336],[103.99358,22.28238],[103.99111,22.2827],[103.98941,22.2821],[103.98865,22.28067],[103.9884,22.27641],[103.9873,22.27501],[103.98724,22.27227],[103.98683,22.27114],[103.98769,22.26983],[103.9872,22.269],[103.98465,22.26836],[103.98418,22.26705],[103.98505,22.26491],[103.98442,22.26412],[103.98257,22.26287],[103.98147,22.26096],[103.98105,22.259],[103.97999,22.25881],[103.97997,22.25794],[103.98056,22.25707],[103.98517,22.25554],[103.98582,22.25441],[103.98438,22.25215],[103.98446,22.25135],[103.982,22.24983],[103.98083,22.24869],[103.9809,22.24762],[103.97993,22.24478],[103.97833,22.24437],[103.97642,22.24208],[103.97579,22.24175],[103.97506,22.23954],[103.97514,22.23818],[103.97429,22.23684],[103.97291,22.23592],[103.97116,22.23522],[103.97106,22.23421],[103.97178,22.2325],[103.97241,22.23012],[103.97134,22.22881],[103.97104,22.22757],[103.97192,22.2265],[103.97249,22.2243],[103.97327,22.22323],[103.97313,22.2222],[103.97185,22.22004],[103.97151,22.21813],[103.97345,22.21809],[103.974,22.21775],[103.976,22.21527],[103.97766,22.21413],[103.97865,22.21389],[103.97967,22.21178],[103.97983,22.20981],[103.97784,22.20748],[103.97912,22.20567],[103.98171,22.20555],[103.98219,22.20514],[103.98174,22.20397],[103.98209,22.20315],[103.98409,22.20131],[103.98495,22.19989],[103.9862,22.19944],[103.98631,22.19823],[103.98581,22.19766],[103.98689,22.1967],[103.98948,22.19622],[103.99077,22.19541],[103.9915,22.19427],[103.9936,22.19326],[103.99134,22.19079],[103.98987,22.18879],[103.98788,22.18467],[103.98669,22.18246],[103.98616,22.18086],[103.98501,22.17954],[103.98315,22.17873],[103.98193,22.17684],[103.9809,22.17479],[103.97879,22.17179],[103.97891,22.16972],[103.98114,22.16771],[103.98106,22.16607],[103.98162,22.16537],[103.98012,22.16302],[103.9795,22.16029],[103.97851,22.15872],[103.97813,22.15647],[103.97755,22.1553],[103.97563,22.1528],[103.97559,22.15177],[103.97447,22.15149],[103.97257,22.15041],[103.97408,22.15021],[103.97478,22.14956],[103.97492,22.14806],[103.97584,22.14801],[103.9764,22.14552],[103.97805,22.14439],[103.97898,22.14445],[103.98077,22.1438],[103.98331,22.14356],[103.98462,22.14116],[103.98659,22.14047],[103.98766,22.13949],[103.98927,22.13941],[103.99167,22.13979],[103.99359,22.14049],[103.99474,22.13994],[103.99683,22.1401],[103.99877,22.13929],[103.9998,22.13837],[104.00086,22.13844],[104.00189,22.13874],[104.00332,22.13968],[104.00751,22.13831],[104.00887,22.13747],[104.01108,22.1386],[104.0119,22.1397],[104.01339,22.13993],[104.01481,22.14106],[104.01674,22.14199],[104.01964,22.14237],[104.02127,22.14332],[104.02272,22.14486],[104.02367,22.14677],[104.02393,22.14828],[104.02597,22.14956],[104.0273,22.15147],[104.02808,22.1521],[104.02946,22.15542],[104.03212,22.15818],[104.03374,22.16212],[104.03517,22.16423],[104.03658,22.1681],[104.03803,22.16966],[104.04058,22.17054],[104.0427,22.17191],[104.04383,22.17205],[104.04648,22.17159],[104.04709,22.17081],[104.0486,22.17048],[104.05245,22.17075],[104.05709,22.17003],[104.05766,22.17042],[104.05937,22.17034],[104.06033,22.16955],[104.06192,22.16951],[104.06331,22.16787],[104.06546,22.1671],[104.06724,22.16619],[104.06875,22.16712],[104.07179,22.16809],[104.07741,22.16764],[104.07921,22.16777],[104.08001,22.16733],[104.08145,22.16763],[104.08029,22.16929],[104.08029,22.1708],[104.07955,22.17173],[104.07969,22.17324],[104.08026,22.1742],[104.07996,22.17536],[104.07999,22.17689],[104.07917,22.17936],[104.07947,22.1806],[104.07832,22.18189],[104.07797,22.18325],[104.0774,22.18371],[104.07575,22.18656],[104.07608,22.18706],[104.07947,22.18992],[104.08107,22.19097],[104.07997,22.1933],[104.07786,22.19524],[104.07769,22.19628],[104.07913,22.19733],[104.07852,22.19963],[104.07921,22.20032],[104.07815,22.20119],[104.07809,22.2019],[104.07675,22.20529],[104.0753,22.20803],[104.07565,22.2097],[104.07549,22.2105],[104.07616,22.21324],[104.07898,22.21466],[104.0787,22.21664],[104.07643,22.21841],[104.07625,22.21966],[104.07689,22.22202],[104.07668,22.22455],[104.07836,22.22574],[104.07979,22.22641],[104.0805,22.2292],[104.0802,22.23002],[104.08207,22.23087],[104.08301,22.23182],[104.08296,22.23344],[104.08339,22.23398],[104.08283,22.23749],[104.08369,22.23823],[104.08043,22.24148],[104.07785,22.24295],[104.07729,22.24373],[104.07742,22.24697],[104.07731,22.24871],[104.07659,22.24959],[104.07674,22.25144],[104.07636,22.25354],[104.07474,22.2567],[104.07323,22.25816],[104.07206,22.2602],[104.07161,22.26147],[104.07175,22.26324],[104.07233,22.26497],[104.07188,22.26571],[104.07041,22.26668],[104.07051,22.26815],[104.0715,22.26931]]]},"properties":{"a01_tinh":"diaphanhanhchinhcaptinh_sn.114","a02_xa":"diaphanhanhchinhcapxa_2025.1081","a03_ten":"Xã Mường Bo","a04_tentinh":"Tỉnh Lào Cai","a05_truocsn":"Xã Liên Minh, Xã Mường Bo","a06_trungtamhc":"Thôn Mường Bo 1, xã Mường Bo (Trụ sở xã Mường Bo cũ)","a07_dt":"148.3","a08_ds":"7225","a09_dthoai":null,"a10_web":null,"ten":"Xã Mường Bo","ma":"03043","tentinh":"Tỉnh Lào Cai","truocsapnhap":"Xã Liên Minh, Xã Mường Bo","dientichkm2":null,"dansonguoi":null},"id":"diaphanhanhchinhcapxa_2025.1081"},
{"type":"Feature","geometry":{"type":"Polygon","coordinates":[[[103.74444,22.47185],[103.74264,22.47437],[103.74139,22.4746],[103.7411,22.47647],[103.73882,22.47775],[103.7379,22.47897],[103.73667,22.47981],[103.73637,22.48146],[103.73548,22.48297],[103.7366,22.48521],[103.73646,22.48619],[103.73535,22.48692],[103.73285,22.49001],[103.73081,22.49297],[103.73017,22.49423],[103.72833,22.49646],[103.72789,22.49801],[103.7269,22.49936],[103.72567,22.50054],[103.72601,22.50124],[103.72618,22.5031],[103.7271,22.50458],[103.72723,22.50605],[103.72643,22.50721],[103.72602,22.50847],[103.72719,22.51088],[103.7273,22.51348],[103.72774,22.51428],[103.72683,22.51626],[103.72636,22.51973],[103.72631,22.52183],[103.72761,22.52505],[103.72858,22.52676],[103.72703,22.5289],[103.72709,22.53104],[103.72818,22.53195],[103.72818,22.53312],[103.72924,22.53478],[103.72974,22.53635],[103.73087,22.53815],[103.73053,22.53958],[103.7317,22.54045],[103.73423,22.54279],[103.73232,22.54264],[103.72961,22.54144],[103.72842,22.54022],[103.7273,22.53949],[103.72457,22.53904],[103.72313,22.5381],[103.72206,22.53807],[103.72091,22.53886],[103.718,22.53973],[103.71746,22.54186],[103.7168,22.54238],[103.71581,22.54203],[103.71313,22.5399],[103.71208,22.53861],[103.71012,22.53773],[103.70967,22.53601],[103.71093,22.53351],[103.71109,22.53268],[103.71069,22.53099],[103.70985,22.53001],[103.70781,22.52888],[103.7072,22.52797],[103.70624,22.52795],[103.70441,22.52884],[103.70268,22.52863],[103.70067,22.52774],[103.69823,22.52978],[103.69598,22.53013],[103.69538,22.53109],[103.6945,22.53146],[103.69371,22.53087],[103.69198,22.53154],[103.69012,22.53082],[103.68836,22.53166],[103.68711,22.53184],[103.68639,22.53121],[103.68552,22.53131],[103.68426,22.53241],[103.68327,22.53245],[103.68271,22.53319],[103.68004,22.53325],[103.67891,22.53289],[103.67663,22.53261],[103.67577,22.53093],[103.67573,22.53007],[103.67399,22.52795],[103.67317,22.52758],[103.67221,22.5265],[103.67108,22.52451],[103.66993,22.52409],[103.66838,22.52286],[103.66624,22.52209],[103.66552,22.52238],[103.65934,22.52285],[103.65664,22.52071],[103.64271,22.51522],[103.64229,22.51586],[103.638,22.51714],[103.63433,22.5187],[103.63042,22.52137],[103.62817,22.52189],[103.62691,22.52274],[103.62647,22.52352],[103.62519,22.52329],[103.62286,22.52345],[103.6212,22.52394],[103.61973,22.52369],[103.61737,22.52445],[103.61433,22.52388],[103.61257,22.52398],[103.61068,22.52514],[103.60891,22.52692],[103.6078,22.52681],[103.60594,22.52608],[103.6047,22.52517],[103.60006,22.52421],[103.59892,22.5249],[103.59681,22.52505],[103.59554,22.52572],[103.59505,22.52527],[103.59489,22.52364],[103.59443,22.52272],[103.59239,22.52067],[103.58951,22.51703],[103.58853,22.51528],[103.5879,22.51484],[103.58635,22.51253],[103.5857,22.51061],[103.58565,22.50884],[103.58665,22.50783],[103.58776,22.50724],[103.58767,22.50649],[103.58654,22.50525],[103.58511,22.50413],[103.58536,22.50315],[103.58426,22.50199],[103.58394,22.50025],[103.58284,22.49836],[103.58105,22.49762],[103.57939,22.49401],[103.57795,22.49181],[103.57613,22.48999],[103.5754,22.48965],[103.57187,22.48918],[103.56989,22.48819],[103.56867,22.48655],[103.56751,22.48607],[103.56554,22.48442],[103.56449,22.48252],[103.56342,22.47959],[103.56293,22.47908],[103.56034,22.478],[103.55876,22.47593],[103.55675,22.47397],[103.55589,22.472],[103.55502,22.47134],[103.55576,22.46931],[103.55646,22.46879],[103.55696,22.46655],[103.55619,22.4638],[103.55906,22.46314],[103.5614,22.46156],[103.56294,22.46098],[103.56357,22.46022],[103.56474,22.45963],[103.56515,22.45882],[103.56782,22.45779],[103.56882,22.45698],[103.56883,22.45483],[103.56842,22.45322],[103.5702,22.45191],[103.57036,22.45089],[103.57156,22.44917],[103.5716,22.44728],[103.57233,22.44711],[103.57335,22.44778],[103.57578,22.44747],[103.57687,22.4461],[103.57776,22.44588],[103.57766,22.44459],[103.57956,22.44155],[103.58019,22.43971],[103.58029,22.43854],[103.58166,22.43829],[103.58217,22.43868],[103.58357,22.43866],[103.58533,22.43756],[103.58586,22.43668],[103.5879,22.43628],[103.58843,22.43379],[103.58807,22.43277],[103.58768,22.4299],[103.5888,22.42858],[103.59025,22.42855],[103.59241,22.42897],[103.59613,22.42815],[103.59688,22.42741],[103.59869,22.42788],[103.6005,22.4272],[103.60088,22.42615],[103.60294,22.42531],[103.60361,22.42417],[103.60391,22.42237],[103.60319,22.42175],[103.6034,22.42058],[103.60274,22.41879],[103.6031,22.4172],[103.60306,22.41531],[103.6035,22.41297],[103.60347,22.41013],[103.60656,22.40773],[103.61035,22.40602],[103.61081,22.40554],[103.61356,22.4046],[103.61407,22.4038],[103.61575,22.40239],[103.61611,22.40152],[103.61886,22.40107],[103.62296,22.39871],[103.62431,22.39761],[103.62491,22.39642],[103.62615,22.39641],[103.6269,22.39704],[103.62812,22.39674],[103.63746,22.40011],[103.63959,22.40068],[103.64263,22.40204],[103.646,22.4042],[103.65045,22.40345],[103.65169,22.40398],[103.6545,22.40432],[103.65725,22.40433],[103.66101,22.40319],[103.66294,22.40355],[103.66459,22.40431],[103.66593,22.40398],[103.66762,22.40444],[103.66787,22.40495],[103.67006,22.4052],[103.67297,22.40456],[103.67583,22.40323],[103.67877,22.40468],[103.68221,22.40388],[103.68288,22.40442],[103.68446,22.40497],[103.68597,22.40632],[103.68903,22.40744],[103.69021,22.40684],[103.6933,22.40762],[103.69538,22.40799],[103.69644,22.40881],[103.69804,22.40694],[103.69972,22.40608],[103.70134,22.40616],[103.70332,22.4075],[103.70692,22.40962],[103.7079,22.40926],[103.70948,22.40955],[103.71037,22.40886],[103.71221,22.40944],[103.71268,22.41115],[103.71468,22.4136],[103.71683,22.41414],[103.71931,22.41443],[103.71983,22.41374],[103.72267,22.41287],[103.72357,22.41284],[103.72473,22.41369],[103.72508,22.41452],[103.7271,22.41534],[103.72892,22.41576],[103.73031,22.41652],[103.72959,22.41707],[103.72869,22.42011],[103.73173,22.42075],[103.73348,22.42271],[103.73543,22.42409],[103.73598,22.42559],[103.73493,22.42733],[103.73492,22.42839],[103.73556,22.43262],[103.73534,22.43464],[103.7346,22.43548],[103.73399,22.43708],[103.7338,22.43898],[103.73319,22.43982],[103.73379,22.44206],[103.73501,22.4428],[103.73649,22.44249],[103.73767,22.44445],[103.74081,22.44634],[103.74096,22.44718],[103.74243,22.44919],[103.74227,22.45092],[103.74321,22.45361],[103.74362,22.45648],[103.74416,22.45711],[103.74439,22.45849],[103.74412,22.45998],[103.74464,22.46098],[103.74631,22.46196],[103.74942,22.46331],[103.75122,22.46355],[103.75276,22.4631],[103.75478,22.4637],[103.7546,22.46463],[103.75377,22.46586],[103.75095,22.46615],[103.74924,22.467],[103.74759,22.46894],[103.74702,22.47037],[103.74573,22.47155],[103.74444,22.47185]]]},"properties":{"a01_tinh":"diaphanhanhchinhcaptinh_sn.114","a02_xa":"diaphanhanhchinhcapxa_2025.1097","a03_ten":"Xã Mường Hum","a04_tentinh":"Tỉnh Lào Cai","a05_truocsn":"Xã Nậm Pung, Xã Trung Lèng Hồ, Xã Mường Hum","a06_trungtamhc":"Thôn Mường Hum, xã Mường Hum (Trụ sở xã Mường Hum cũ)","a07_dt":"212.8","a08_ds":"6814","a09_dthoai":null,"a10_web":null,"ten":"Xã Mường Hum","ma":"02728","tentinh":"Tỉnh Lào Cai","truocsapnhap":"Xã Nậm Pung, Xã Trung Lèng Hồ, Xã Mường Hum","dientichkm2":null,"dansonguoi":null},"id":"diaphanhanhchinhcapxa_2025.1097"},
{"type":"Feature","geometry":{"type":"Polygon","coordinates":[[[104.1753,22.82017],[104.17359,22.82041],[104.17113,22.82045],[104.16986,22.82026],[104.16851,22.8219],[104.1673,22.82249],[104.16457,22.82205],[104.16402,22.82175],[104.16382,22.81919],[104.16287,22.81847],[104.16197,22.8158],[104.16042,22.81506],[104.1583,22.81555],[104.1551,22.81487],[104.15509,22.81362],[104.15459,22.81195],[104.15394,22.81083],[104.15186,22.81019],[104.15041,22.81089],[104.14865,22.811],[104.14694,22.81047],[104.1444,22.80829],[104.1424,22.80802],[104.14156,22.80656],[104.13893,22.80641],[104.13701,22.8058],[104.13511,22.80565],[104.13432,22.80501],[104.13332,22.80504],[104.13318,22.80659],[104.13276,22.80782],[104.13147,22.80946],[104.13116,22.81161],[104.12951,22.81207],[104.12687,22.81368],[104.12585,22.81372],[104.12249,22.81327],[104.12057,22.8125],[104.11969,22.81154],[104.11601,22.81164],[104.11503,22.81135],[104.11416,22.81031],[104.11374,22.80914],[104.11253,22.80792],[104.11091,22.80557],[104.11083,22.80464],[104.10926,22.80287],[104.10825,22.80223],[104.10617,22.80226],[104.10513,22.8018],[104.10284,22.79973],[104.10153,22.79774],[104.10064,22.79564],[104.10022,22.79398],[104.09906,22.79247],[104.09797,22.79205],[104.09523,22.78991],[104.0941,22.7886],[104.09433,22.78766],[104.09353,22.7868],[104.09339,22.78473],[104.09218,22.78332],[104.09241,22.78151],[104.09107,22.77905],[104.09145,22.77765],[104.09065,22.77718],[104.09016,22.77619],[104.09024,22.77474],[104.08947,22.77232],[104.0885,22.77179],[104.08815,22.77019],[104.08547,22.76995],[104.08473,22.76967],[104.08447,22.7684],[104.08219,22.7666],[104.08069,22.76686],[104.07834,22.76599],[104.07787,22.76485],[104.07871,22.76411],[104.07898,22.76323],[104.07868,22.76226],[104.0764,22.76273],[104.07515,22.762],[104.07484,22.76105],[104.07326,22.76103],[104.07184,22.75945],[104.07004,22.75856],[104.06984,22.75757],[104.06545,22.75715],[104.06539,22.75652],[104.06384,22.75466],[104.06346,22.75342],[104.06244,22.75246],[104.06078,22.74947],[104.05916,22.74906],[104.05713,22.74607],[104.05593,22.74346],[104.05436,22.74218],[104.05331,22.74196],[104.05226,22.74102],[104.05278,22.73932],[104.05088,22.7383],[104.04995,22.73699],[104.0486,22.73668],[104.04618,22.73452],[104.04563,22.73299],[104.04567,22.731],[104.04499,22.73034],[104.04422,22.73048],[104.04299,22.72843],[104.04172,22.72765],[104.04167,22.72613],[104.04049,22.72472],[104.03952,22.72413],[104.03938,22.72345],[104.04006,22.71959],[104.03929,22.71704],[104.03934,22.71647],[104.03839,22.7134],[104.03723,22.712],[104.03552,22.70806],[104.03507,22.70543],[104.03577,22.70361],[104.03511,22.70248],[104.03469,22.70044],[104.0341,22.69991],[104.03302,22.69775],[104.03138,22.69673],[104.03093,22.69613],[104.02806,22.69355],[104.02865,22.69219],[104.02789,22.69056],[104.02872,22.68743],[104.02961,22.68651],[104.03103,22.68611],[104.03211,22.68451],[104.03366,22.68366],[104.03525,22.68182],[104.03676,22.68262],[104.03785,22.68266],[104.03935,22.68207],[104.03967,22.68146],[104.03981,22.67917],[104.03931,22.67722],[104.03813,22.67594],[104.03777,22.67436],[104.03681,22.67279],[104.03582,22.67239],[104.03539,22.67066],[104.0347,22.67013],[104.03423,22.66687],[104.03351,22.66543],[104.03351,22.66466],[104.03252,22.66368],[104.03251,22.66247],[104.03326,22.66069],[104.03292,22.65988],[104.03176,22.6587],[104.03143,22.65623],[104.03235,22.65527],[104.03221,22.65376],[104.03104,22.65276],[104.03058,22.65023],[104.03087,22.64912],[104.0309,22.64708],[104.03131,22.64528],[104.03084,22.64407],[104.03096,22.64296],[104.03295,22.64194],[104.03346,22.64061],[104.03513,22.63955],[104.0366,22.63936],[104.03791,22.63827],[104.03973,22.63928],[104.04053,22.63929],[104.04135,22.63998],[104.04686,22.64012],[104.04804,22.64171],[104.04983,22.64195],[104.05077,22.64264],[104.05122,22.64379],[104.05294,22.64603],[104.05179,22.64715],[104.05244,22.64916],[104.0518,22.65027],[104.05316,22.65149],[104.05508,22.65249],[104.05501,22.6544],[104.05653,22.65414],[104.058,22.6548],[104.05895,22.65598],[104.0606,22.65623],[104.06264,22.65467],[104.06376,22.65501],[104.06584,22.65456],[104.06831,22.65493],[104.06894,22.65479],[104.07099,22.65547],[104.07154,22.65489],[104.07324,22.65472],[104.07336,22.65369],[104.07434,22.65349],[104.07551,22.65478],[104.07736,22.65488],[104.07796,22.6536],[104.08022,22.65263],[104.08233,22.65141],[104.08282,22.65016],[104.08424,22.65034],[104.0856,22.64946],[104.08612,22.65091],[104.08536,22.65199],[104.08527,22.65282],[104.08588,22.65545],[104.08643,22.6561],[104.08689,22.65774],[104.08847,22.65909],[104.09054,22.66274],[104.09179,22.66362],[104.09347,22.66566],[104.09415,22.66563],[104.09493,22.66683],[104.09598,22.66746],[104.099,22.66594],[104.10144,22.6638],[104.10272,22.66187],[104.10512,22.66189],[104.10629,22.66236],[104.10755,22.66372],[104.10853,22.66433],[104.11039,22.66468],[104.11354,22.66629],[104.11447,22.66542],[104.11568,22.66484],[104.11565,22.66613],[104.11651,22.66686],[104.11826,22.66921],[104.11798,22.67161],[104.12052,22.67246],[104.12174,22.67385],[104.12308,22.67288],[104.12376,22.67507],[104.12489,22.67481],[104.1269,22.67275],[104.12858,22.67243],[104.1293,22.6728],[104.13115,22.67253],[104.13087,22.67398],[104.12927,22.67456],[104.12864,22.67532],[104.12722,22.67845],[104.12579,22.67948],[104.12175,22.68116],[104.11933,22.68134],[104.11776,22.68235],[104.11737,22.68469],[104.1188,22.68543],[104.11921,22.68669],[104.12263,22.68665],[104.12483,22.68818],[104.12588,22.68807],[104.1269,22.68922],[104.12713,22.69061],[104.12686,22.69131],[104.12547,22.69198],[104.12544,22.69312],[104.1276,22.69387],[104.12886,22.69485],[104.13181,22.69509],[104.13312,22.69619],[104.13444,22.69645],[104.13521,22.69723],[104.13575,22.70023],[104.1338,22.70115],[104.1364,22.70285],[104.14064,22.70354],[104.14114,22.70503],[104.14264,22.70669],[104.14362,22.71032],[104.14594,22.71049],[104.1471,22.71175],[104.1492,22.71309],[104.14982,22.71439],[104.1527,22.71635],[104.15377,22.71789],[104.15389,22.71944],[104.15262,22.72087],[104.15192,22.72493],[104.15151,22.72584],[104.15132,22.7295],[104.15216,22.73157],[104.15247,22.73304],[104.15295,22.73335],[104.15327,22.73511],[104.15421,22.7355],[104.15492,22.73724],[104.15444,22.73768],[104.15515,22.73905],[104.15509,22.74041],[104.15589,22.74086],[104.15692,22.74239],[104.15663,22.74408],[104.15725,22.74514],[104.15863,22.74593],[104.15972,22.74378],[104.16085,22.74299],[104.16139,22.74206],[104.16257,22.74214],[104.16407,22.74154],[104.16551,22.74018],[104.16787,22.73871],[104.16879,22.73698],[104.16899,22.73567],[104.16996,22.73564],[104.17168,22.73642],[104.17343,22.73896],[104.17474,22.7399],[104.17571,22.74112],[104.17776,22.7415],[104.18229,22.74074],[104.18334,22.73989],[104.18418,22.73843],[104.18531,22.73752],[104.18603,22.73814],[104.18673,22.73664],[104.18778,22.73651],[104.19013,22.73675],[104.19383,22.73651],[104.19467,22.73671],[104.19174,22.73745],[104.19089,22.73815],[104.19033,22.73919],[104.18876,22.74033],[104.1884,22.74147],[104.18736,22.74331],[104.18771,22.74409],[104.18745,22.745],[104.18515,22.74687],[104.1844,22.74774],[104.18382,22.74935],[104.18377,22.75043],[104.18257,22.75102],[104.18232,22.7522],[104.18011,22.75458],[104.18007,22.75621],[104.18037,22.75775],[104.17931,22.75885],[104.17654,22.75936],[104.1747,22.76075],[104.17456,22.76205],[104.17586,22.76196],[104.17644,22.76255],[104.17638,22.76399],[104.17694,22.76494],[104.17594,22.76652],[104.17625,22.76778],[104.17436,22.77146],[104.17504,22.77589],[104.17426,22.77822],[104.1743,22.77916],[104.17285,22.78046],[104.17203,22.78173],[104.17092,22.78242],[104.17088,22.78363],[104.16988,22.78469],[104.16988,22.78631],[104.17039,22.78699],[104.16993,22.78901],[104.17014,22.7903],[104.17079,22.791],[104.1709,22.79305],[104.17153,22.7947],[104.16917,22.79677],[104.16671,22.79741],[104.1636,22.80191],[104.16383,22.80298],[104.16473,22.80361],[104.16487,22.80488],[104.16593,22.80707],[104.16768,22.80691],[104.1683,22.80832],[104.16953,22.80941],[104.17032,22.8097],[104.1707,22.81217],[104.17132,22.81286],[104.17113,22.81371],[104.17302,22.81448],[104.17364,22.81546],[104.17409,22.81767],[104.17507,22.81885],[104.1753,22.82017]]]},"properties":{"a01_tinh":"diaphanhanhchinhcaptinh_sn.114","a02_xa":"diaphanhanhchinhcapxa_2025.1059","a03_ten":"Xã Mường Khương","a04_tentinh":"Tỉnh Lào Cai","a05_truocsn":"Thị trấn Mường Khương, Xã Thanh Bình (huyện Mường Khương), Xã Nậm Chảy, Xã Tung Chung Phố, Xã Nấm Lư","a06_trungtamhc":"Tổ dân phố Sàng Chải, xã Mường Khương mới (Trụ sở UBND huyện Mường Khương hiện tại)","a07_dt":"169.2","a08_ds":"24433","a09_dthoai":null,"a10_web":null,"ten":"Xã Mường Khương","ma":"02761","tentinh":"Tỉnh Lào Cai","truocsapnhap":"Thị trấn Mường Khương, Xã Thanh Bình (huyện Mường Khương), Xã Nậm Chảy, Xã Tung Chung Phố, Xã Nấm Lư","dientichkm2":null,"dansonguoi":null},"id":"diaphanhanhchinhcapxa_2025.1059"},
{"type":"Feature","geometry":{"type":"Polygon","coordinates":[[[104.88179,22.07228],[104.88117,22.07468],[104.87954,22.07537],[104.87714,22.07752],[104.87523,22.07897],[104.87419,22.0793],[104.8734,22.08107],[104.87372,22.08318],[104.87288,22.08509],[104.87121,22.08632],[104.87117,22.08845],[104.87173,22.08952],[104.87177,22.09137],[104.87127,22.09212],[104.86799,22.09441],[104.86713,22.09471],[104.86476,22.09649],[104.86487,22.09805],[104.86459,22.09974],[104.86523,22.10218],[104.86495,22.10455],[104.86562,22.10653],[104.86485,22.10907],[104.86435,22.10985],[104.86502,22.11217],[104.86362,22.11403],[104.86328,22.11526],[104.86364,22.11856],[104.86187,22.11936],[104.86152,22.12046],[104.86048,22.12196],[104.86034,22.12488],[104.85938,22.12592],[104.85967,22.12708],[104.85924,22.12886],[104.8607,22.13032],[104.86165,22.13242],[104.85959,22.13451],[104.85949,22.13524],[104.86036,22.13692],[104.86154,22.13783],[104.86189,22.13955],[104.86347,22.14149],[104.86303,22.14331],[104.862,22.1448],[104.86235,22.14723],[104.86219,22.14793],[104.85958,22.14807],[104.85892,22.15054],[104.8592,22.15166],[104.85881,22.153],[104.85629,22.15454],[104.85576,22.15584],[104.85425,22.15686],[104.85394,22.15785],[104.85455,22.15872],[104.85431,22.16032],[104.85499,22.1618],[104.85471,22.16329],[104.85367,22.16377],[104.85409,22.16569],[104.85496,22.16649],[104.85581,22.16856],[104.85555,22.17026],[104.85317,22.17087],[104.85228,22.17167],[104.85116,22.17443],[104.85037,22.17558],[104.85071,22.17738],[104.85059,22.17832],[104.84878,22.18061],[104.84849,22.18216],[104.84922,22.18443],[104.84869,22.18514],[104.84579,22.18502],[104.84367,22.18284],[104.84166,22.18238],[104.84046,22.1816],[104.84002,22.18016],[104.83881,22.17966],[104.83593,22.18001],[104.83459,22.18076],[104.83346,22.18017],[104.83205,22.17897],[104.83109,22.17879],[104.8303,22.17801],[104.82963,22.1783],[104.82931,22.17994],[104.82674,22.18176],[104.82498,22.18225],[104.82285,22.18405],[104.81994,22.18511],[104.8171,22.1858],[104.81819,22.18435],[104.81878,22.18406],[104.81918,22.18077],[104.81825,22.17877],[104.81739,22.17813],[104.81607,22.17804],[104.81429,22.17683],[104.81391,22.17554],[104.81287,22.1753],[104.81106,22.17401],[104.80808,22.17326],[104.80711,22.17193],[104.80644,22.17159],[104.80473,22.17149],[104.80332,22.17173],[104.80143,22.17162],[104.79981,22.17],[104.7964,22.17155],[104.79403,22.1711],[104.79318,22.17165],[104.7919,22.17386],[104.79063,22.17444],[104.78924,22.17453],[104.7881,22.17382],[104.78738,22.1727],[104.78587,22.1722],[104.78442,22.17247],[104.78336,22.17222],[104.78191,22.17141],[104.7797,22.17074],[104.78034,22.16962],[104.7801,22.16671],[104.78094,22.16396],[104.78379,22.16242],[104.78565,22.1617],[104.78761,22.16142],[104.78903,22.16062],[104.79083,22.16025],[104.79158,22.15859],[104.79305,22.15743],[104.79351,22.15663],[104.79516,22.15579],[104.79633,22.15581],[104.79722,22.15522],[104.79888,22.15471],[104.80078,22.15287],[104.80106,22.15019],[104.80374,22.14803],[104.80338,22.14653],[104.80365,22.1448],[104.80325,22.14252],[104.80347,22.13929],[104.80449,22.13853],[104.80528,22.13616],[104.80631,22.13526],[104.80779,22.13443],[104.80765,22.13346],[104.80763,22.12964],[104.80749,22.12913],[104.8082,22.12747],[104.80782,22.12593],[104.80866,22.12362],[104.81074,22.12036],[104.81081,22.11923],[104.81249,22.11739],[104.81353,22.11707],[104.81408,22.11565],[104.81542,22.11488],[104.81594,22.114],[104.81768,22.11239],[104.81908,22.11186],[104.82066,22.11165],[104.82097,22.11038],[104.82235,22.11023],[104.822,22.11169],[104.82372,22.11253],[104.8262,22.11296],[104.82616,22.11156],[104.82429,22.10914],[104.82343,22.10717],[104.82184,22.1056],[104.82093,22.10541],[104.82055,22.10433],[104.82181,22.10371],[104.82325,22.10256],[104.8237,22.10079],[104.82363,22.09969],[104.82525,22.09969],[104.82756,22.099],[104.82679,22.09749],[104.82755,22.09553],[104.8265,22.09373],[104.82631,22.09258],[104.82665,22.09143],[104.82132,22.08997],[104.8214,22.08896],[104.82077,22.0875],[104.81974,22.08714],[104.82142,22.08381],[104.82016,22.08314],[104.81891,22.08187],[104.81853,22.08043],[104.81906,22.0786],[104.81883,22.07803],[104.8195,22.07513],[104.8212,22.07305],[104.82088,22.07212],[104.81853,22.07107],[104.81916,22.07],[104.81901,22.06876],[104.81735,22.0675],[104.81591,22.06558],[104.816,22.06399],[104.8166,22.06302],[104.81629,22.06185],[104.81566,22.06137],[104.81449,22.05969],[104.81221,22.05757],[104.81115,22.05699],[104.80929,22.0555],[104.80881,22.05457],[104.80761,22.05406],[104.8061,22.05548],[104.80382,22.05638],[104.80371,22.05551],[104.80428,22.05422],[104.80586,22.05195],[104.80414,22.05066],[104.80224,22.04991],[104.80055,22.05022],[104.79964,22.04839],[104.79797,22.04721],[104.798,22.04492],[104.79963,22.04442],[104.79954,22.04308],[104.80051,22.04133],[104.8015,22.03823],[104.80134,22.03518],[104.80297,22.03452],[104.80202,22.03219],[104.80226,22.03012],[104.8018,22.02936],[104.80149,22.02689],[104.80184,22.02571],[104.80092,22.02286],[104.80386,22.02007],[104.80497,22.01963],[104.80679,22.01936],[104.80823,22.01627],[104.80835,22.01462],[104.81374,22.01234],[104.8132,22.00964],[104.81313,22.00839],[104.81263,22.00723],[104.81012,22.00684],[104.80879,22.00323],[104.80925,22.00198],[104.80925,22.00013],[104.81158,21.99738],[104.81268,21.9968],[104.81464,21.99647],[104.81494,21.99548],[104.81435,21.9942],[104.81526,21.993],[104.81668,21.99264],[104.81813,21.99157],[104.81949,21.99019],[104.82104,21.98978],[104.82135,21.98752],[104.82136,21.98515],[104.82294,21.98275],[104.82328,21.98165],[104.82193,21.98078],[104.82121,21.97869],[104.82228,21.97707],[104.82402,21.97706],[104.8272,21.97604],[104.82884,21.97339],[104.82853,21.97055],[104.82818,21.96925],[104.82665,21.96781],[104.82618,21.96532],[104.82705,21.96383],[104.82961,21.96311],[104.83151,21.96323],[104.83114,21.96438],[104.83146,21.96497],[104.83279,21.96457],[104.83421,21.96515],[104.83619,21.96418],[104.83692,21.96274],[104.838,21.9625],[104.83876,21.96123],[104.83844,21.95842],[104.83795,21.95717],[104.83725,21.95673],[104.83742,21.95529],[104.83722,21.95351],[104.83559,21.95059],[104.83721,21.94909],[104.83856,21.94902],[104.83975,21.94814],[104.83915,21.94715],[104.83839,21.94021],[104.83768,21.93869],[104.83805,21.93634],[104.83867,21.93463],[104.83728,21.93245],[104.8441,21.93317],[104.84323,21.94181],[104.84804,21.95002],[104.86362,21.94159],[104.85924,21.95405],[104.8685,21.96075],[104.86379,21.97353],[104.86453,21.9772],[104.86772,21.9812],[104.8754,21.98087],[104.87178,21.986],[104.86917,21.99315],[104.86879,21.99893],[104.86862,21.99997],[104.86994,22.00135],[104.87034,22.00667],[104.87032,22.01382],[104.87002,22.01896],[104.86661,22.02378],[104.86511,22.02679],[104.86342,22.02963],[104.8615,22.03434],[104.86149,22.03533],[104.86272,22.03691],[104.86517,22.03816],[104.86815,22.03989],[104.87066,22.04078],[104.8713,22.0413],[104.87171,22.04246],[104.87124,22.04328],[104.87123,22.0451],[104.8741,22.04659],[104.87655,22.04621],[104.8776,22.04731],[104.87682,22.04845],[104.87666,22.04956],[104.87563,22.05069],[104.87536,22.0522],[104.87454,22.05438],[104.87503,22.05533],[104.87455,22.05684],[104.87422,22.05892],[104.87356,22.0602],[104.87343,22.06179],[104.87378,22.06265],[104.87495,22.06375],[104.87581,22.0638],[104.87741,22.06797],[104.88002,22.06883],[104.8802,22.06981],[104.88179,22.07228]]]},"properties":{"a01_tinh":"diaphanhanhchinhcaptinh_sn.114","a02_xa":"diaphanhanhchinhcapxa_2025.1011","a03_ten":"Xã Mường Lai","a04_tentinh":"Tỉnh Lào Cai","a05_truocsn":"Xã An Phú, Xã Vĩnh Lạc, Xã Minh Tiến, Xã Mường Lai","a06_trungtamhc":"đang cập nhật","a07_dt":"143.84","a08_ds":"25574","a09_dthoai":null,"a10_web":null,"ten":"Xã Mường Lai","ma":"04345","tentinh":"Tỉnh Lào Cai","truocsapnhap":"Xã An Phú, Xã Vĩnh Lạc, Xã Minh Tiến, Xã Mường Lai","dientichkm2":null,"dansonguoi":null},"id":"diaphanhanhchinhcapxa_2025.1011"},
{"type":"Feature","geometry":{"type":"Polygon","coordinates":[[[104.08145,22.16763],[104.08001,22.16733],[104.07921,22.16777],[104.07741,22.16764],[104.07179,22.16809],[104.06875,22.16712],[104.06724,22.16619],[104.06546,22.1671],[104.06331,22.16787],[104.06192,22.16951],[104.06033,22.16955],[104.05937,22.17034],[104.05766,22.17042],[104.05709,22.17003],[104.05245,22.17075],[104.0486,22.17048],[104.04709,22.17081],[104.04648,22.17159],[104.04383,22.17205],[104.0427,22.17191],[104.04058,22.17054],[104.03803,22.16966],[104.03658,22.1681],[104.03517,22.16423],[104.03374,22.16212],[104.03212,22.15818],[104.02946,22.15542],[104.02808,22.1521],[104.0273,22.15147],[104.02597,22.14956],[104.02393,22.14828],[104.02367,22.14677],[104.02272,22.14486],[104.02127,22.14332],[104.01964,22.14237],[104.01674,22.14199],[104.01481,22.14106],[104.01339,22.13993],[104.0119,22.1397],[104.01108,22.1386],[104.00887,22.13747],[104.00751,22.13831],[104.00332,22.13968],[104.00189,22.13874],[104.00086,22.13844],[103.99976,22.1365],[103.9985,22.13339],[103.99749,22.132],[103.99691,22.12992],[103.99456,22.12825],[103.99433,22.12726],[103.99254,22.12367],[103.99212,22.12207],[103.99331,22.11984],[103.99318,22.11886],[103.99559,22.11735],[103.99761,22.11676],[103.99834,22.11604],[103.9983,22.11518],[103.99914,22.11335],[104.00102,22.11132],[104.00343,22.11128],[104.00607,22.11031],[104.00887,22.11037],[104.00968,22.10965],[104.01029,22.10841],[104.00934,22.10734],[104.00891,22.10555],[104.00961,22.104],[104.01205,22.10285],[104.01512,22.10024],[104.01772,22.10019],[104.02078,22.10101],[104.02246,22.10099],[104.02398,22.09841],[104.02445,22.09818],[104.02663,22.09833],[104.02722,22.09679],[104.02743,22.09524],[104.02831,22.09441],[104.03021,22.09478],[104.03089,22.09402],[104.03349,22.09323],[104.03407,22.09235],[104.0344,22.09001],[104.03593,22.08863],[104.03714,22.08843],[104.03819,22.08783],[104.03946,22.08769],[104.04406,22.08645],[104.04456,22.08504],[104.04392,22.08363],[104.04431,22.08268],[104.04476,22.07545],[104.04612,22.07253],[104.04658,22.07024],[104.04742,22.06934],[104.04812,22.06763],[104.04924,22.06684],[104.0495,22.0658],[104.051,22.06605],[104.05298,22.06582],[104.05512,22.06517],[104.05597,22.06521],[104.05723,22.06605],[104.06152,22.06663],[104.06309,22.06702],[104.06478,22.0663],[104.06831,22.06783],[104.06859,22.06837],[104.07095,22.07],[104.07055,22.07206],[104.07167,22.07277],[104.07373,22.07461],[104.07456,22.07506],[104.0755,22.07678],[104.07745,22.07842],[104.07791,22.07922],[104.07942,22.07966],[104.08272,22.08018],[104.08457,22.08121],[104.08595,22.08169],[104.08907,22.08134],[104.09079,22.08208],[104.09343,22.08161],[104.09554,22.08175],[104.0969,22.08303],[104.09831,22.08319],[104.09895,22.08279],[104.09964,22.08069],[104.10116,22.08004],[104.10146,22.07893],[104.10078,22.07811],[104.09927,22.07808],[104.0986,22.07724],[104.09921,22.07612],[104.0989,22.07506],[104.10226,22.07245],[104.10357,22.07038],[104.10558,22.06946],[104.10722,22.06925],[104.10862,22.06796],[104.10962,22.06753],[104.11084,22.06626],[104.11049,22.06456],[104.11065,22.06076],[104.11252,22.06201],[104.11471,22.06284],[104.11452,22.06461],[104.11419,22.0649],[104.11521,22.06751],[104.11579,22.06813],[104.11729,22.07235],[104.11748,22.07482],[104.11838,22.07662],[104.12042,22.07841],[104.12142,22.07995],[104.12118,22.081],[104.1216,22.08286],[104.12215,22.0837],[104.12254,22.08532],[104.12251,22.08746],[104.12358,22.08855],[104.12252,22.0911],[104.12286,22.09244],[104.12535,22.09394],[104.12651,22.09438],[104.12746,22.09375],[104.13014,22.09366],[104.13124,22.0931],[104.13428,22.0929],[104.13617,22.09169],[104.13764,22.09151],[104.13865,22.09087],[104.14029,22.09077],[104.14123,22.09],[104.1408,22.08914],[104.14197,22.08792],[104.14282,22.08539],[104.14293,22.08347],[104.14364,22.08215],[104.14345,22.07986],[104.14294,22.07889],[104.14196,22.0756],[104.14281,22.0746],[104.14338,22.07225],[104.14541,22.07201],[104.14686,22.0722],[104.14942,22.07155],[104.15131,22.07216],[104.15342,22.07255],[104.15424,22.07243],[104.15735,22.07375],[104.16012,22.07362],[104.161,22.07419],[104.16032,22.07472],[104.15738,22.07535],[104.15561,22.07666],[104.15306,22.07673],[104.15216,22.07696],[104.15088,22.07842],[104.15247,22.07934],[104.15388,22.08174],[104.15538,22.08324],[104.15518,22.08451],[104.15433,22.08507],[104.15481,22.08684],[104.15574,22.08779],[104.15496,22.08855],[104.15201,22.08969],[104.15183,22.09051],[104.14873,22.09319],[104.14772,22.09339],[104.14721,22.09498],[104.14865,22.0948],[104.14931,22.09512],[104.15036,22.09469],[104.15109,22.09493],[104.15292,22.09395],[104.15884,22.0914],[104.15935,22.09131],[104.16053,22.0929],[104.16087,22.09386],[104.16005,22.0961],[104.15997,22.09796],[104.15964,22.09868],[104.15953,22.10245],[104.16105,22.10574],[104.16148,22.10726],[104.16261,22.10739],[104.16457,22.10806],[104.16533,22.10774],[104.16868,22.10537],[104.17062,22.10636],[104.17205,22.1063],[104.17416,22.10723],[104.17534,22.10734],[104.17795,22.10652],[104.17947,22.10546],[104.18199,22.10248],[104.18415,22.1016],[104.18652,22.10245],[104.18774,22.10253],[104.18881,22.1021],[104.19156,22.10185],[104.19387,22.10116],[104.19829,22.09949],[104.20129,22.10177],[104.20217,22.1032],[104.20347,22.10467],[104.20344,22.10514],[104.20192,22.10706],[104.2005,22.10809],[104.19987,22.10914],[104.19787,22.11021],[104.19757,22.11133],[104.19546,22.11327],[104.19454,22.11486],[104.19453,22.11571],[104.19322,22.11798],[104.19235,22.11851],[104.19152,22.12027],[104.18793,22.12435],[104.18766,22.12572],[104.18613,22.12788],[104.18425,22.12932],[104.18408,22.12979],[104.1853,22.13321],[104.18613,22.13445],[104.1873,22.13774],[104.18667,22.13936],[104.18564,22.14089],[104.18395,22.14148],[104.18213,22.14152],[104.17854,22.14229],[104.1748,22.14385],[104.17275,22.14255],[104.17074,22.14166],[104.17233,22.14049],[104.17231,22.13845],[104.17075,22.1356],[104.17055,22.1341],[104.16962,22.13238],[104.16874,22.12881],[104.16766,22.12652],[104.16669,22.12848],[104.16581,22.13082],[104.16469,22.13211],[104.16488,22.13327],[104.16416,22.13636],[104.16354,22.13692],[104.16304,22.13838],[104.16139,22.14048],[104.15987,22.14189],[104.15909,22.14423],[104.15754,22.14502],[104.15471,22.14572],[104.15412,22.14542],[104.15438,22.14413],[104.15307,22.14103],[104.15248,22.13766],[104.15258,22.13673],[104.15182,22.13544],[104.15086,22.135],[104.15052,22.13338],[104.14839,22.13479],[104.14475,22.13557],[104.14038,22.13699],[104.13931,22.13796],[104.13747,22.13916],[104.13468,22.1374],[104.13408,22.13679],[104.13249,22.13813],[104.13142,22.13844],[104.13054,22.13783],[104.1293,22.13759],[104.12769,22.13807],[104.12672,22.14074],[104.12547,22.14171],[104.12523,22.14271],[104.12366,22.14412],[104.11894,22.14679],[104.11736,22.14729],[104.11593,22.14863],[104.1142,22.14949],[104.11122,22.14942],[104.11069,22.15085],[104.10966,22.15188],[104.10842,22.15258],[104.10699,22.15247],[104.10416,22.15381],[104.10076,22.15662],[104.09997,22.15761],[104.09971,22.15857],[104.09675,22.16087],[104.09509,22.16157],[104.09314,22.16345],[104.09124,22.16384],[104.08848,22.16582],[104.0854,22.16668],[104.08246,22.16776],[104.08145,22.16763]]]},"properties":{"a01_tinh":"diaphanhanhchinhcaptinh_sn.114","a02_xa":"diaphanhanhchinhcapxa_2025.1084","a03_ten":"Xã Nậm Chày","a04_tentinh":"Tỉnh Lào Cai","a05_truocsn":"Xã Dần Thàng, Xã Nậm Chày","a06_trungtamhc":"Thôn Hỏm Dưới, xã Nậm Chày (Trụ sở xã Nậm Chày cũ)","a07_dt":"142.1","a08_ds":"5605","a09_dthoai":null,"a10_web":null,"ten":"Xã Nậm Chày","ma":"03076","tentinh":"Tỉnh Lào Cai","truocsapnhap":"Xã Dần Thàng, Xã Nậm Chày","dientichkm2":null,"dansonguoi":null},"id":"diaphanhanhchinhcapxa_2025.1084"},
{"type":"Feature","geometry":{"type":"Polygon","coordinates":[[[104.3257,21.9183],[104.32384,21.91842],[104.32187,21.91823],[104.31972,21.91889],[104.31731,21.92005],[104.316,21.92043],[104.31509,21.92003],[104.31345,21.92063],[104.31136,21.92191],[104.3107,21.92283],[104.30886,21.92285],[104.30812,21.92338],[104.30649,21.92334],[104.30283,21.92384],[104.30236,21.92416],[104.30253,21.92566],[104.29939,21.92643],[104.29384,21.92684],[104.29244,21.92744],[104.2916,21.92923],[104.29074,21.92965],[104.28991,21.93099],[104.28978,21.93199],[104.28816,21.93394],[104.28639,21.9349],[104.28544,21.93598],[104.28486,21.93832],[104.2835,21.9399],[104.28268,21.93886],[104.28166,21.9388],[104.28018,21.93769],[104.27959,21.93671],[104.27951,21.93567],[104.27619,21.93464],[104.27524,21.93471],[104.27261,21.93419],[104.27044,21.93274],[104.2704,21.93342],[104.26741,21.93325],[104.26607,21.93233],[104.26452,21.93181],[104.26313,21.93252],[104.26205,21.9326],[104.2607,21.93191],[104.25956,21.93255],[104.25703,21.93205],[104.25606,21.93162],[104.25359,21.93171],[104.2506,21.93389],[104.24939,21.93569],[104.24712,21.93711],[104.24534,21.93894],[104.24379,21.94002],[104.24034,21.94092],[104.23971,21.94128],[104.23783,21.94145],[104.23676,21.94101],[104.23398,21.94161],[104.23101,21.94264],[104.22908,21.94368],[104.2287,21.94479],[104.22676,21.94574],[104.22668,21.94614],[104.22409,21.94718],[104.22235,21.94837],[104.22054,21.9486],[104.21937,21.9493],[104.21735,21.94913],[104.21302,21.95012],[104.21032,21.94771],[104.20932,21.9465],[104.20774,21.94403],[104.20789,21.94329],[104.20885,21.94267],[104.20987,21.94082],[104.21093,21.93949],[104.21458,21.93689],[104.21596,21.9363],[104.21742,21.93631],[104.21908,21.93532],[104.22093,21.93457],[104.22117,21.93353],[104.22321,21.93215],[104.22448,21.92979],[104.22497,21.92808],[104.22592,21.92739],[104.22624,21.92599],[104.22868,21.92477],[104.22908,21.92423],[104.23031,21.92382],[104.23118,21.92278],[104.2313,21.92123],[104.23048,21.92014],[104.23,21.91856],[104.23004,21.91708],[104.22877,21.91498],[104.22872,21.91389],[104.22768,21.91256],[104.22764,21.91157],[104.22833,21.90888],[104.22833,21.90792],[104.22903,21.90738],[104.23064,21.90425],[104.23103,21.90257],[104.22974,21.90124],[104.2289,21.90079],[104.22857,21.89992],[104.22721,21.89915],[104.22569,21.89879],[104.225,21.89825],[104.22352,21.89814],[104.22281,21.89734],[104.22021,21.89595],[104.21874,21.89543],[104.21647,21.89382],[104.21411,21.89186],[104.21136,21.89192],[104.20987,21.89142],[104.20918,21.89068],[104.20847,21.88896],[104.2068,21.88745],[104.20532,21.88644],[104.2049,21.88472],[104.20399,21.88354],[104.20287,21.88003],[104.20204,21.87824],[104.20179,21.87593],[104.20107,21.8747],[104.19887,21.87404],[104.19703,21.87324],[104.19657,21.87174],[104.19469,21.86784],[104.19569,21.86693],[104.19538,21.86435],[104.19766,21.86333],[104.19783,21.86283],[104.19934,21.86231],[104.1994,21.86111],[104.20028,21.86091],[104.20217,21.85913],[104.20237,21.85764],[104.20292,21.85671],[104.20535,21.85486],[104.2054,21.85382],[104.20679,21.85188],[104.20787,21.85101],[104.20881,21.85115],[104.21019,21.85036],[104.21174,21.85022],[104.2126,21.84931],[104.21426,21.84842],[104.2158,21.84823],[104.21586,21.84706],[104.21671,21.84684],[104.21882,21.84513],[104.2197,21.84402],[104.22175,21.84422],[104.22332,21.84464],[104.22417,21.84416],[104.22568,21.84242],[104.22774,21.84111],[104.22869,21.84074],[104.23012,21.83907],[104.23166,21.83892],[104.23253,21.83844],[104.23408,21.83832],[104.23598,21.83718],[104.23744,21.83562],[104.23846,21.83513],[104.24027,21.83319],[104.24162,21.83126],[104.24465,21.83017],[104.24613,21.82921],[104.24786,21.82901],[104.24777,21.82826],[104.24695,21.82751],[104.2477,21.82592],[104.24873,21.82531],[104.25048,21.82562],[104.25251,21.82453],[104.25584,21.82639],[104.25748,21.82514],[104.25958,21.82416],[104.26046,21.82314],[104.26105,21.8217],[104.26205,21.82153],[104.26362,21.82022],[104.26431,21.82004],[104.26741,21.82112],[104.26731,21.82002],[104.26831,21.81722],[104.26907,21.81621],[104.26895,21.81471],[104.26825,21.81354],[104.27022,21.81156],[104.2715,21.8111],[104.27289,21.81014],[104.27424,21.80993],[104.27532,21.80901],[104.27607,21.8078],[104.27767,21.80597],[104.27947,21.80535],[104.28143,21.80542],[104.28243,21.80626],[104.2838,21.80642],[104.28502,21.80604],[104.28673,21.80655],[104.28861,21.80606],[104.2902,21.80522],[104.29315,21.80508],[104.29485,21.80425],[104.29695,21.80251],[104.2982,21.80036],[104.29963,21.79937],[104.30043,21.8008],[104.3014,21.80153],[104.30299,21.80195],[104.30563,21.8045],[104.30714,21.80342],[104.30961,21.80302],[104.3106,21.79942],[104.31058,21.79774],[104.31122,21.79358],[104.31168,21.79173],[104.31141,21.79001],[104.313,21.79004],[104.31376,21.79051],[104.316,21.78932],[104.31819,21.78875],[104.31905,21.78825],[104.31974,21.7887],[104.31983,21.7901],[104.31931,21.79111],[104.31974,21.79226],[104.32101,21.79293],[104.32287,21.79307],[104.32371,21.79383],[104.3247,21.79296],[104.32631,21.79388],[104.32753,21.79353],[104.32824,21.79419],[104.33035,21.7946],[104.33224,21.79383],[104.33446,21.79254],[104.336,21.79213],[104.33694,21.79156],[104.33796,21.79171],[104.33876,21.79258],[104.33981,21.79278],[104.34058,21.79],[104.34099,21.78926],[104.34317,21.789],[104.34595,21.78785],[104.34715,21.78589],[104.34763,21.78356],[104.3497,21.78309],[104.35092,21.78235],[104.35307,21.78183],[104.35426,21.78017],[104.35581,21.7799],[104.35638,21.77922],[104.35744,21.77905],[104.35816,21.77794],[104.35916,21.77713],[104.36077,21.77718],[104.36121,21.77586],[104.36209,21.77519],[104.36405,21.77511],[104.36562,21.77405],[104.36686,21.77374],[104.36813,21.77393],[104.3707,21.77568],[104.37219,21.77475],[104.37377,21.77277],[104.37532,21.77241],[104.37721,21.77103],[104.3798,21.77052],[104.38063,21.76935],[104.3815,21.76898],[104.38387,21.76914],[104.3878,21.76853],[104.38941,21.76814],[104.38981,21.76848],[104.3908,21.7706],[104.39311,21.77325],[104.39378,21.77354],[104.39527,21.77335],[104.39759,21.77373],[104.40153,21.77266],[104.40352,21.77262],[104.40432,21.77354],[104.40594,21.77358],[104.40717,21.77451],[104.40895,21.77435],[104.40989,21.77381],[104.41251,21.77424],[104.41444,21.77404],[104.41652,21.7748],[104.41681,21.77586],[104.41542,21.77755],[104.41549,21.77898],[104.41593,21.77974],[104.41548,21.78192],[104.41546,21.78394],[104.41735,21.78537],[104.41768,21.78682],[104.41741,21.78812],[104.41766,21.78908],[104.41743,21.79102],[104.41458,21.79259],[104.41289,21.79442],[104.41213,21.79446],[104.40974,21.79352],[104.4082,21.79411],[104.4055,21.79471],[104.40424,21.79508],[104.40308,21.79518],[104.40208,21.79414],[104.399,21.79411],[104.39751,21.79512],[104.39648,21.79531],[104.3946,21.79488],[104.3917,21.79697],[104.39055,21.79853],[104.38915,21.79883],[104.38764,21.80042],[104.38719,21.80155],[104.38585,21.80206],[104.3844,21.80346],[104.38457,21.80642],[104.38289,21.80753],[104.38057,21.81073],[104.37891,21.81403],[104.37712,21.81535],[104.3752,21.81556],[104.3735,21.81706],[104.37175,21.81646],[104.37003,21.81671],[104.36866,21.81756],[104.36674,21.81784],[104.36456,21.8191],[104.36313,21.81899],[104.36093,21.81987],[104.35877,21.82179],[104.35606,21.82256],[104.35507,21.8226],[104.35304,21.82351],[104.35143,21.82473],[104.3508,21.82552],[104.34852,21.82688],[104.34712,21.82744],[104.34634,21.82835],[104.34433,21.82828],[104.34247,21.83035],[104.34201,21.83254],[104.34029,21.83487],[104.34059,21.83578],[104.34028,21.8366],[104.3401,21.8388],[104.33945,21.84049],[104.34032,21.84097],[104.34207,21.84085],[104.34388,21.84279],[104.34465,21.84425],[104.34677,21.84371],[104.34713,21.84442],[104.34697,21.84574],[104.34737,21.8475],[104.34945,21.85029],[104.34994,21.85154],[104.34959,21.85204],[104.34898,21.85454],[104.3495,21.85683],[104.3503,21.85783],[104.35063,21.85947],[104.35149,21.86102],[104.35124,21.86368],[104.35278,21.86465],[104.35363,21.86742],[104.35501,21.86942],[104.35435,21.87327],[104.35367,21.87453],[104.35376,21.87515],[104.35367,21.87664],[104.35254,21.87732],[104.35152,21.87907],[104.34878,21.88066],[104.3462,21.88238],[104.34304,21.88284],[104.34127,21.88372],[104.3395,21.88501],[104.33899,21.8864],[104.33834,21.88707],[104.33715,21.88738],[104.33783,21.88833],[104.33843,21.89045],[104.3379,21.89221],[104.33853,21.8927],[104.33338,21.89645],[104.33245,21.89772],[104.33035,21.89884],[104.32923,21.90832],[104.32691,21.90917],[104.32545,21.91044],[104.32567,21.91091],[104.32495,21.91271],[104.3256,21.91416],[104.32545,21.91551],[104.3257,21.9183]]]},"properties":{"a01_tinh":"diaphanhanhchinhcaptinh_sn.114","a02_xa":"diaphanhanhchinhcapxa_2025.1025","a03_ten":"Xã Nậm Có","a04_tentinh":"Tỉnh Lào Cai","a05_truocsn":"giữ nguyên","a06_trungtamhc":"đang cập nhật","a07_dt":"201.6","a08_ds":"10019","a09_dthoai":null,"a10_web":null,"ten":"Xã Nậm Có","ma":"04462","tentinh":"Tỉnh Lào Cai","truocsapnhap":"giữ nguyên","dientichkm2":null,"dansonguoi":null},"id":"diaphanhanhchinhcapxa_2025.1025"},
{"type":"Feature","geometry":{"type":"Polygon","coordinates":[[[103.97257,22.15041],[103.97135,22.15014],[103.96947,22.1505],[103.96871,22.15128],[103.96672,22.15039],[103.96513,22.14883],[103.96359,22.14836],[103.96214,22.1464],[103.96039,22.14512],[103.95969,22.14566],[103.95846,22.1455],[103.95629,22.14619],[103.95325,22.14467],[103.95183,22.14362],[103.95056,22.1431],[103.94834,22.14351],[103.94728,22.14401],[103.94601,22.14548],[103.94429,22.14605],[103.94379,22.1458],[103.94378,22.14441],[103.94195,22.14357],[103.94117,22.14196],[103.94015,22.14105],[103.93826,22.13814],[103.93838,22.13586],[103.93891,22.13352],[103.93734,22.12971],[103.93844,22.12908],[103.93859,22.12807],[103.93949,22.12699],[103.93886,22.12437],[103.9363,22.12368],[103.93622,22.12283],[103.93677,22.12097],[103.93697,22.11904],[103.93796,22.1178],[103.93896,22.1159],[103.94031,22.11517],[103.94062,22.11387],[103.94248,22.11168],[103.94261,22.11038],[103.94323,22.10978],[103.94358,22.10713],[103.9444,22.10593],[103.94422,22.10399],[103.94333,22.1022],[103.94336,22.09997],[103.94428,22.09824],[103.94185,22.09261],[103.93985,22.08968],[103.93839,22.08819],[103.9388,22.08649],[103.93855,22.08566],[103.93874,22.08328],[103.93859,22.08176],[103.93904,22.08137],[103.94261,22.08004],[103.94357,22.07868],[103.94381,22.07668],[103.9433,22.07583],[103.94399,22.07473],[103.94504,22.07437],[103.94576,22.07352],[103.94701,22.07342],[103.94734,22.07234],[103.94802,22.07184],[103.94782,22.07092],[103.94796,22.06888],[103.9496,22.06827],[103.95035,22.06711],[103.95169,22.06586],[103.95183,22.0651],[103.95306,22.06287],[103.95331,22.06013],[103.95379,22.05944],[103.95399,22.0564],[103.95529,22.05423],[103.9546,22.0538],[103.95694,22.05064],[103.95689,22.04959],[103.95744,22.04892],[103.95616,22.04528],[103.95673,22.04397],[103.95724,22.04148],[103.9565,22.04055],[103.95629,22.03925],[103.95554,22.03834],[103.95572,22.03586],[103.95612,22.0344],[103.95596,22.03089],[103.9553,22.02992],[103.95422,22.02929],[103.95394,22.02809],[103.95299,22.0263],[103.95475,22.02442],[103.95503,22.02321],[103.95767,22.02141],[103.95816,22.02067],[103.95949,22.01984],[103.96078,22.01939],[103.96188,22.01815],[103.962,22.01729],[103.963,22.01667],[103.96466,22.01497],[103.96559,22.01355],[103.96552,22.01183],[103.96499,22.01033],[103.96379,22.00924],[103.96308,22.00766],[103.96203,22.00751],[103.96216,22.0057],[103.96092,22.00381],[103.95954,22.00333],[103.95851,22.00225],[103.95737,22.00191],[103.9564,22.00054],[103.95612,21.99927],[103.95658,21.99792],[103.95735,21.99717],[103.95847,21.99698],[103.95885,21.9959],[103.96095,21.99521],[103.96308,21.99209],[103.96454,21.99138],[103.96519,21.99005],[103.96723,21.98923],[103.96728,21.98811],[103.96884,21.98689],[103.96937,21.98546],[103.97054,21.98445],[103.97152,21.98271],[103.97248,21.98178],[103.97278,21.98038],[103.97198,21.9792],[103.97426,21.97546],[103.97692,21.97457],[103.9788,21.97247],[103.98121,21.97197],[103.98208,21.97057],[103.98324,21.96928],[103.98339,21.96834],[103.98509,21.96695],[103.98679,21.96654],[103.98798,21.96575],[103.98832,21.96499],[103.99087,21.96409],[103.99223,21.96213],[103.99287,21.96159],[103.99541,21.95702],[103.99514,21.95633],[103.99574,21.95561],[103.996,21.95253],[103.99708,21.95026],[103.99545,21.94942],[103.99508,21.94789],[103.99554,21.94603],[103.99509,21.94427],[103.99437,21.94326],[103.99288,21.9429],[103.99518,21.94115],[103.99744,21.94052],[103.9986,21.93959],[104.00189,21.93818],[104.00506,21.93654],[104.00649,21.93647],[104.00883,21.93561],[104.01043,21.93481],[104.01454,21.93455],[104.0145,21.93586],[104.01539,21.9358],[104.01561,21.93681],[104.01683,21.93719],[104.01758,21.938],[104.01836,21.93959],[104.01996,21.93979],[104.02064,21.94115],[104.02174,21.9408],[104.02327,21.94158],[104.02343,21.94239],[104.02492,21.94225],[104.02541,21.94304],[104.02667,21.94334],[104.02746,21.94309],[104.02839,21.94397],[104.02997,21.94311],[104.03102,21.94313],[104.03098,21.94436],[104.03221,21.94469],[104.03355,21.94601],[104.03287,21.94681],[104.03287,21.94778],[104.03388,21.94837],[104.03339,21.95012],[104.03244,21.95075],[104.03255,21.95224],[104.03396,21.95323],[104.03419,21.95407],[104.03354,21.95531],[104.03359,21.95636],[104.03571,21.95813],[104.03619,21.95905],[104.03713,21.95965],[104.03767,21.95903],[104.0389,21.96042],[104.03886,21.96134],[104.04032,21.96277],[104.04126,21.96332],[104.04261,21.9636],[104.0436,21.96442],[104.04511,21.964],[104.04636,21.96456],[104.0491,21.96298],[104.04846,21.96125],[104.04861,21.96047],[104.05014,21.96017],[104.05185,21.96027],[104.05216,21.95931],[104.05375,21.95982],[104.05419,21.96165],[104.05628,21.9617],[104.05684,21.96206],[104.0573,21.96498],[104.05851,21.9663],[104.05949,21.96621],[104.0606,21.96778],[104.06275,21.96945],[104.06221,21.97036],[104.06062,21.96975],[104.05903,21.97002],[104.05904,21.97085],[104.06026,21.97199],[104.0585,21.97316],[104.05787,21.97289],[104.05588,21.97346],[104.05532,21.97406],[104.05331,21.97502],[104.0524,21.97642],[104.05075,21.97753],[104.04817,21.97851],[104.04725,21.98004],[104.04555,21.98175],[104.04409,21.9842],[104.04398,21.98489],[104.04232,21.9861],[104.04116,21.98745],[104.03987,21.98841],[104.04036,21.9897],[104.03931,21.99178],[104.03956,21.99359],[104.04054,21.99548],[104.04096,21.99869],[104.03878,22.00094],[104.03672,22.00202],[104.03549,22.00326],[104.03532,22.00386],[104.03406,22.00513],[104.03156,22.00526],[104.02892,22.00442],[104.0282,22.00371],[104.02457,22.00554],[104.02425,22.0063],[104.0241,22.00936],[104.02327,22.01054],[104.02057,22.01318],[104.01877,22.01453],[104.01942,22.01622],[104.01908,22.01754],[104.02083,22.01869],[104.02236,22.01893],[104.02376,22.01878],[104.02584,22.02032],[104.0292,22.01979],[104.03135,22.01878],[104.0325,22.01965],[104.03147,22.02055],[104.03204,22.02184],[104.03287,22.0214],[104.03429,22.02203],[104.03611,22.02392],[104.03531,22.02469],[104.03536,22.02535],[104.03668,22.02709],[104.03895,22.02841],[104.03723,22.02985],[104.03326,22.0318],[104.03378,22.03325],[104.03368,22.03433],[104.03416,22.03507],[104.03619,22.03671],[104.03724,22.03714],[104.03818,22.03834],[104.03846,22.0395],[104.03942,22.04013],[104.04012,22.03986],[104.04141,22.04039],[104.04239,22.0418],[104.04393,22.04049],[104.04544,22.04084],[104.04676,22.04158],[104.04828,22.04313],[104.049,22.04512],[104.04705,22.0482],[104.04641,22.05009],[104.04538,22.05045],[104.04408,22.05009],[104.04399,22.05114],[104.04332,22.05201],[104.04231,22.05506],[104.03982,22.05607],[104.04036,22.05716],[104.03957,22.06006],[104.04078,22.06087],[104.04169,22.061],[104.04538,22.06329],[104.04768,22.06444],[104.04894,22.06471],[104.0495,22.0658],[104.04924,22.06684],[104.04812,22.06763],[104.04742,22.06934],[104.04658,22.07024],[104.04612,22.07253],[104.04476,22.07545],[104.04431,22.08268],[104.04392,22.08363],[104.04456,22.08504],[104.04406,22.08645],[104.03946,22.08769],[104.03819,22.08783],[104.03714,22.08843],[104.03593,22.08863],[104.0344,22.09001],[104.03407,22.09235],[104.03349,22.09323],[104.03089,22.09402],[104.03021,22.09478],[104.02831,22.09441],[104.02743,22.09524],[104.02722,22.09679],[104.02663,22.09833],[104.02445,22.09818],[104.02398,22.09841],[104.02246,22.10099],[104.02078,22.10101],[104.01772,22.10019],[104.01512,22.10024],[104.01205,22.10285],[104.00961,22.104],[104.00891,22.10555],[104.00934,22.10734],[104.01029,22.10841],[104.00968,22.10965],[104.00887,22.11037],[104.00607,22.11031],[104.00343,22.11128],[104.00102,22.11132],[103.99914,22.11335],[103.9983,22.11518],[103.99834,22.11604],[103.99761,22.11676],[103.99559,22.11735],[103.99318,22.11886],[103.99331,22.11984],[103.99212,22.12207],[103.99254,22.12367],[103.99433,22.12726],[103.99456,22.12825],[103.99691,22.12992],[103.99749,22.132],[103.9985,22.13339],[103.99976,22.1365],[104.00086,22.13844],[103.9998,22.13837],[103.99877,22.13929],[103.99683,22.1401],[103.99474,22.13994],[103.99359,22.14049],[103.99167,22.13979],[103.98927,22.13941],[103.98766,22.13949],[103.98659,22.14047],[103.98462,22.14116],[103.98331,22.14356],[103.98077,22.1438],[103.97898,22.14445],[103.97805,22.14439],[103.9764,22.14552],[103.97584,22.14801],[103.97492,22.14806],[103.97478,22.14956],[103.97408,22.15021],[103.97257,22.15041]]]},"properties":{"a01_tinh":"diaphanhanhchinhcaptinh_sn.114","a02_xa":"diaphanhanhchinhcapxa_2025.1085","a03_ten":"Xã Nậm Xé","a04_tentinh":"Tỉnh Lào Cai","a05_truocsn":"giữ nguyên","a06_trungtamhc":"Thôn Tu Hạ, xã Nậm Xé (Trụ sở xã Nậm Xé cũ)","a07_dt":"170.96","a08_ds":"1478","a09_dthoai":null,"a10_web":null,"ten":"Xã Nậm Xé","ma":"03085","tentinh":"Tỉnh Lào Cai","truocsapnhap":"giữ nguyên","dientichkm2":null,"dansonguoi":null},"id":"diaphanhanhchinhcapxa_2025.1085"},
{"type":"Feature","geometry":{"type":"Polygon","coordinates":[[[104.56427,22.33043],[104.56456,22.3315],[104.56584,22.33331],[104.56749,22.3344],[104.56876,22.33611],[104.57131,22.33784],[104.57208,22.33882],[104.57309,22.34246],[104.57708,22.34246],[104.57869,22.34326],[104.58114,22.34586],[104.58039,22.34763],[104.57965,22.35009],[104.57816,22.35117],[104.57716,22.35139],[104.57524,22.35375],[104.57416,22.35403],[104.57264,22.35366],[104.57116,22.35455],[104.56839,22.35568],[104.56724,22.35557],[104.56465,22.35387],[104.56386,22.35383],[104.56173,22.35486],[104.55749,22.35501],[104.55534,22.3534],[104.55326,22.35377],[104.55235,22.3554],[104.54867,22.35719],[104.54726,22.3596],[104.5467,22.36088],[104.54873,22.36472],[104.55015,22.36694],[104.55217,22.36905],[104.55336,22.37065],[104.55373,22.37254],[104.55279,22.37493],[104.55207,22.37598],[104.55061,22.37717],[104.54968,22.3783],[104.55118,22.38],[104.55207,22.38153],[104.54914,22.38117],[104.54743,22.38173],[104.54598,22.38177],[104.54388,22.38325],[104.54139,22.3837],[104.53874,22.38496],[104.53736,22.38636],[104.5366,22.38676],[104.53408,22.38736],[104.53351,22.38786],[104.53173,22.38844],[104.53064,22.3897],[104.52914,22.39057],[104.52816,22.39198],[104.52745,22.39216],[104.52637,22.39165],[104.52506,22.39167],[104.52256,22.39381],[104.52124,22.39586],[104.52053,22.39629],[104.5179,22.39661],[104.51359,22.39851],[104.51226,22.39989],[104.51149,22.40129],[104.51041,22.40164],[104.50998,22.4024],[104.5086,22.40339],[104.50773,22.40522],[104.50492,22.40496],[104.5038,22.40449],[104.50205,22.40506],[104.50135,22.40469],[104.499,22.40506],[104.49739,22.40469],[104.49592,22.40701],[104.49433,22.40813],[104.4941,22.40917],[104.49312,22.41028],[104.49186,22.411],[104.49038,22.41317],[104.49028,22.41447],[104.4914,22.41635],[104.49099,22.41738],[104.49079,22.41958],[104.49031,22.41989],[104.48814,22.41981],[104.48694,22.42072],[104.48319,22.42123],[104.481,22.42064],[104.47929,22.42118],[104.4784,22.42075],[104.47666,22.42151],[104.4759,22.42287],[104.47402,22.42253],[104.47157,22.42296],[104.47028,22.42346],[104.46899,22.42341],[104.46702,22.42415],[104.46625,22.42517],[104.46587,22.42716],[104.46465,22.43072],[104.46317,22.4324],[104.46187,22.43491],[104.46068,22.43586],[104.45972,22.43591],[104.45829,22.43661],[104.45708,22.43773],[104.45549,22.4402],[104.45493,22.44204],[104.45335,22.44331],[104.45187,22.44603],[104.45013,22.44784],[104.44908,22.44974],[104.4498,22.45108],[104.44977,22.45221],[104.44911,22.45447],[104.44836,22.45533],[104.44877,22.46118],[104.44965,22.46149],[104.45034,22.46269],[104.45262,22.46317],[104.45309,22.46368],[104.45499,22.46384],[104.45629,22.46435],[104.45657,22.46599],[104.45822,22.46804],[104.4605,22.47018],[104.46199,22.4708],[104.46362,22.47187],[104.46418,22.47308],[104.46432,22.47456],[104.46409,22.47604],[104.46527,22.47752],[104.46766,22.47857],[104.46792,22.47959],[104.47088,22.48173],[104.47253,22.48316],[104.47155,22.48503],[104.47178,22.48644],[104.47115,22.4882],[104.469,22.4903],[104.46715,22.4901],[104.46429,22.49123],[104.46239,22.49117],[104.46132,22.49255],[104.46077,22.49381],[104.45906,22.49445],[104.4572,22.49543],[104.45669,22.49489],[104.45516,22.49469],[104.45254,22.49602],[104.4516,22.49821],[104.45026,22.49904],[104.44886,22.5014],[104.44813,22.50205],[104.44642,22.50283],[104.44509,22.50387],[104.44367,22.50315],[104.44284,22.50219],[104.44162,22.50191],[104.44069,22.50127],[104.43918,22.50113],[104.43834,22.50062],[104.4372,22.50083],[104.43508,22.50017],[104.43409,22.49933],[104.43358,22.49822],[104.43234,22.49734],[104.43071,22.4981],[104.42761,22.49805],[104.42753,22.49619],[104.4269,22.49582],[104.42563,22.49331],[104.4247,22.49267],[104.42222,22.49268],[104.42005,22.49193],[104.41833,22.49054],[104.41604,22.48952],[104.41492,22.48866],[104.41251,22.48765],[104.4131,22.48638],[104.41316,22.48417],[104.41462,22.48175],[104.41474,22.48105],[104.41283,22.47879],[104.41099,22.47785],[104.41128,22.47623],[104.40962,22.47574],[104.40823,22.47475],[104.40512,22.47379],[104.40199,22.47422],[104.40129,22.47355],[104.39756,22.47307],[104.39555,22.47195],[104.39174,22.47136],[104.3921,22.46984],[104.39143,22.46768],[104.39054,22.46707],[104.39019,22.46592],[104.38832,22.46484],[104.39036,22.46258],[104.3911,22.46205],[104.3913,22.45993],[104.39376,22.45643],[104.3956,22.45611],[104.39669,22.4546],[104.39612,22.4535],[104.39588,22.45116],[104.39692,22.4502],[104.39903,22.44947],[104.40175,22.44682],[104.40273,22.4448],[104.4007,22.44107],[104.40053,22.43931],[104.39888,22.43768],[104.39682,22.43528],[104.39621,22.43406],[104.39668,22.43345],[104.39716,22.43139],[104.39749,22.4289],[104.39788,22.42783],[104.39593,22.42349],[104.39489,22.42364],[104.39235,22.42254],[104.3907,22.41956],[104.39199,22.41831],[104.39239,22.4174],[104.39238,22.41588],[104.39326,22.41464],[104.39394,22.41231],[104.39302,22.41094],[104.39323,22.40951],[104.3938,22.40845],[104.39349,22.40515],[104.39295,22.40454],[104.39094,22.40386],[104.39081,22.40238],[104.38975,22.40129],[104.3922,22.39989],[104.39429,22.39916],[104.39608,22.39681],[104.39681,22.39535],[104.39844,22.39342],[104.39964,22.39071],[104.39943,22.38877],[104.40046,22.38806],[104.40378,22.38769],[104.40531,22.38885],[104.4072,22.38983],[104.41114,22.3909],[104.41266,22.39002],[104.4139,22.39039],[104.41516,22.39156],[104.41673,22.39191],[104.41803,22.39089],[104.41925,22.39104],[104.42079,22.38967],[104.42208,22.38811],[104.4226,22.38678],[104.42262,22.38548],[104.42317,22.38323],[104.42078,22.38262],[104.41935,22.38141],[104.41899,22.38074],[104.41928,22.37819],[104.41846,22.3768],[104.41978,22.37405],[104.4213,22.37212],[104.42186,22.37057],[104.42399,22.36982],[104.42494,22.36903],[104.42688,22.36848],[104.428,22.36861],[104.42906,22.36757],[104.42947,22.36644],[104.42973,22.36452],[104.43124,22.36371],[104.43319,22.36396],[104.43501,22.36352],[104.43718,22.36383],[104.44139,22.36346],[104.44233,22.3641],[104.44468,22.36445],[104.44574,22.36485],[104.44733,22.36457],[104.44971,22.36481],[104.44953,22.36384],[104.45051,22.36104],[104.4524,22.36066],[104.45401,22.35974],[104.45512,22.35776],[104.45669,22.35694],[104.45633,22.3558],[104.45665,22.35419],[104.4563,22.35368],[104.45633,22.35204],[104.45712,22.34984],[104.45937,22.34957],[104.46136,22.3487],[104.4623,22.3476],[104.46251,22.34527],[104.46149,22.34167],[104.46185,22.34093],[104.46162,22.33822],[104.46293,22.33602],[104.46436,22.33441],[104.46536,22.33445],[104.46621,22.33555],[104.46707,22.33581],[104.469,22.33559],[104.47105,22.33621],[104.47232,22.33752],[104.47378,22.33847],[104.47459,22.33938],[104.47565,22.3397],[104.47664,22.34096],[104.47786,22.34018],[104.47892,22.34044],[104.47993,22.3418],[104.48293,22.34259],[104.48386,22.34246],[104.48544,22.34444],[104.48642,22.3447],[104.48759,22.34432],[104.4882,22.34352],[104.4893,22.3434],[104.48964,22.3425],[104.49192,22.34129],[104.49302,22.34129],[104.49402,22.34193],[104.49495,22.34138],[104.49696,22.3416],[104.49833,22.34259],[104.5019,22.34372],[104.50272,22.34339],[104.50335,22.34245],[104.50526,22.34186],[104.50894,22.34293],[104.51137,22.34312],[104.51218,22.34204],[104.51298,22.34199],[104.51443,22.34043],[104.51633,22.341],[104.51773,22.34011],[104.52059,22.3392],[104.52153,22.33813],[104.52245,22.33771],[104.52488,22.33716],[104.52581,22.33581],[104.52789,22.33468],[104.52997,22.33553],[104.5344,22.33706],[104.53704,22.33659],[104.53905,22.33575],[104.54108,22.33543],[104.54287,22.3349],[104.54768,22.33457],[104.55032,22.33517],[104.5517,22.33437],[104.55347,22.33236],[104.55443,22.33099],[104.55725,22.33062],[104.55867,22.33094],[104.5595,22.33056],[104.56082,22.33077],[104.56427,22.33043]]]},"properties":{"a01_tinh":"diaphanhanhchinhcaptinh_sn.114","a02_xa":"diaphanhanhchinhcapxa_2025.1075","a03_ten":"Xã Nghĩa Đô","a04_tentinh":"Tỉnh Lào Cai","a05_truocsn":"Xã Tân Tiến, Xã Vĩnh Yên, Xã Nghĩa Đô","a06_trungtamhc":"Bản Nà Đình, xã Nghĩa Đô (Trụ sở Đảng uỷ - HĐND đặt tại trụ sở xã Vĩnh Yên cũ)","a07_dt":"159.4","a08_ds":"13906","a09_dthoai":null,"a10_web":null,"ten":"Xã Nghĩa Đô","ma":"02953","tentinh":"Tỉnh Lào Cai","truocsapnhap":"Xã Tân Tiến, Xã Vĩnh Yên, Xã Nghĩa Đô","dientichkm2":null,"dansonguoi":null},"id":"diaphanhanhchinhcapxa_2025.1075"},
{"type":"Feature","geometry":{"type":"Polygon","coordinates":[[[104.81755,21.33657],[104.81902,21.33791],[104.82015,21.33826],[104.82354,21.33839],[104.8258,21.33937],[104.82715,21.34021],[104.82923,21.33855],[104.83243,21.33716],[104.83483,21.33699],[104.83623,21.33755],[104.83847,21.33887],[104.83914,21.33823],[104.83994,21.33898],[104.84176,21.33869],[104.84341,21.34004],[104.84624,21.34274],[104.84739,21.34343],[104.84673,21.34594],[104.84539,21.34813],[104.84475,21.35153],[104.8471,21.35261],[104.84859,21.35249],[104.84957,21.35191],[104.85197,21.35191],[104.85302,21.35218],[104.85448,21.3519],[104.8549,21.35517],[104.85398,21.35796],[104.85391,21.35933],[104.8547,21.36057],[104.85465,21.36334],[104.8535,21.36448],[104.85739,21.36457],[104.8585,21.36549],[104.86005,21.36519],[104.86245,21.36554],[104.86418,21.36475],[104.86443,21.36362],[104.86532,21.3624],[104.86545,21.36075],[104.86715,21.3598],[104.86789,21.35713],[104.86856,21.35591],[104.8683,21.35407],[104.86994,21.35283],[104.8718,21.34932],[104.87375,21.34781],[104.87519,21.34639],[104.87675,21.34597],[104.87868,21.345],[104.87947,21.34386],[104.88286,21.34175],[104.88387,21.34212],[104.8858,21.34233],[104.88784,21.34198],[104.8904,21.34223],[104.89186,21.34305],[104.89384,21.34318],[104.89545,21.34356],[104.89648,21.34323],[104.89784,21.34359],[104.89768,21.34463],[104.89798,21.34626],[104.89924,21.34888],[104.89999,21.34955],[104.90095,21.35198],[104.89978,21.35498],[104.89849,21.35704],[104.89714,21.3588],[104.89629,21.36076],[104.88484,21.37175],[104.88379,21.37308],[104.88416,21.37417],[104.88409,21.37733],[104.88514,21.37868],[104.88475,21.38027],[104.88381,21.38087],[104.88195,21.38352],[104.88211,21.38441],[104.88413,21.38522],[104.88467,21.38613],[104.88455,21.38693],[104.88318,21.3885],[104.88248,21.38994],[104.88666,21.39335],[104.88821,21.39352],[104.89159,21.39355],[104.89469,21.39307],[104.89553,21.39575],[104.89631,21.39651],[104.89679,21.39768],[104.89993,21.40139],[104.89998,21.4023],[104.89949,21.40362],[104.90148,21.40619],[104.90188,21.4078],[104.90305,21.40991],[104.90498,21.41067],[104.90588,21.41142],[104.90789,21.41414],[104.90778,21.4165],[104.90804,21.41706],[104.90834,21.42025],[104.90756,21.42317],[104.90646,21.42507],[104.90596,21.42656],[104.90605,21.4287],[104.90765,21.4305],[104.91118,21.43154],[104.91196,21.43294],[104.91266,21.43511],[104.91271,21.43703],[104.91244,21.43898],[104.91185,21.43973],[104.9123,21.44069],[104.91205,21.44597],[104.91153,21.44872],[104.90929,21.45164],[104.90874,21.4527],[104.90755,21.45304],[104.90617,21.45561],[104.90475,21.45788],[104.90387,21.4597],[104.90347,21.46175],[104.90119,21.46327],[104.8992,21.46631],[104.89806,21.46757],[104.89673,21.47026],[104.8971,21.47197],[104.89694,21.47392],[104.8966,21.47442],[104.89489,21.47521],[104.89412,21.47629],[104.89398,21.47731],[104.89337,21.47798],[104.89358,21.47918],[104.89174,21.47866],[104.88926,21.47857],[104.88801,21.47928],[104.88581,21.47932],[104.88525,21.47909],[104.88463,21.47744],[104.88376,21.47724],[104.88228,21.4779],[104.88088,21.47926],[104.87997,21.48122],[104.87966,21.48309],[104.87882,21.48451],[104.87688,21.48527],[104.87345,21.48295],[104.87301,21.48165],[104.87145,21.4807],[104.87008,21.48057],[104.86912,21.47981],[104.86802,21.47945],[104.86623,21.4798],[104.86301,21.47968],[104.86172,21.47746],[104.86273,21.47656],[104.86379,21.47649],[104.86332,21.47501],[104.86253,21.47425],[104.86036,21.47454],[104.85885,21.47378],[104.8579,21.47169],[104.85702,21.47128],[104.85432,21.47127],[104.85375,21.47211],[104.85173,21.47187],[104.85073,21.47242],[104.84929,21.47238],[104.84843,21.47099],[104.84744,21.4708],[104.84686,21.46928],[104.84617,21.46845],[104.84473,21.46739],[104.84452,21.46559],[104.84093,21.4668],[104.83873,21.46782],[104.83577,21.46748],[104.83509,21.46719],[104.83421,21.46543],[104.83295,21.46406],[104.8312,21.46453],[104.83004,21.46422],[104.83021,21.46254],[104.82914,21.46099],[104.82856,21.45842],[104.82598,21.4564],[104.82528,21.45539],[104.82262,21.4528],[104.82068,21.44993],[104.82016,21.44666],[104.81831,21.44463],[104.81646,21.44291],[104.81548,21.44378],[104.81177,21.44344],[104.80994,21.44412],[104.80893,21.44549],[104.80785,21.44565],[104.80696,21.44497],[104.80622,21.44369],[104.80468,21.44473],[104.8036,21.44768],[104.80276,21.44858],[104.80253,21.45017],[104.80345,21.45123],[104.80276,21.4516],[104.80185,21.45416],[104.80057,21.45449],[104.7988,21.45437],[104.79853,21.4556],[104.79726,21.45773],[104.79635,21.45715],[104.79389,21.45952],[104.79172,21.46054],[104.79049,21.45961],[104.79006,21.45811],[104.78876,21.45803],[104.78726,21.45742],[104.78458,21.45813],[104.78326,21.45737],[104.78397,21.45658],[104.78362,21.45531],[104.78472,21.45423],[104.78515,21.45314],[104.78646,21.45226],[104.78644,21.45064],[104.78864,21.44934],[104.78994,21.44777],[104.78991,21.44616],[104.79021,21.44477],[104.79249,21.44345],[104.79313,21.44255],[104.79511,21.44115],[104.79474,21.43958],[104.79501,21.43777],[104.79619,21.4358],[104.79706,21.43329],[104.79692,21.43254],[104.79802,21.43235],[104.80201,21.42898],[104.80398,21.42782],[104.80351,21.42463],[104.80246,21.42461],[104.80116,21.42542],[104.79919,21.42461],[104.79714,21.42517],[104.79571,21.42442],[104.79322,21.42254],[104.79374,21.42128],[104.79529,21.4198],[104.79599,21.41866],[104.79511,21.41749],[104.79642,21.41526],[104.79729,21.41424],[104.79747,21.41295],[104.79824,21.41208],[104.79811,21.41039],[104.79942,21.40954],[104.79902,21.40723],[104.79958,21.40623],[104.79984,21.40467],[104.80203,21.40154],[104.8027,21.39981],[104.80414,21.3977],[104.80558,21.39736],[104.80633,21.39634],[104.80622,21.39525],[104.80662,21.3936],[104.8063,21.39152],[104.80698,21.39013],[104.80744,21.38779],[104.80703,21.38556],[104.8084,21.38397],[104.80992,21.38108],[104.80991,21.38008],[104.811,21.37775],[104.81109,21.37648],[104.81229,21.37404],[104.81299,21.37305],[104.81378,21.37112],[104.8134,21.36993],[104.81437,21.36898],[104.81518,21.36753],[104.81534,21.36663],[104.81613,21.36542],[104.81782,21.36476],[104.81954,21.36177],[104.81976,21.35996],[104.81936,21.35867],[104.81999,21.35693],[104.82152,21.35545],[104.82226,21.35418],[104.82323,21.35083],[104.82102,21.35068],[104.82021,21.34948],[104.81828,21.34905],[104.81745,21.34628],[104.81732,21.34278],[104.81755,21.33657]]]},"properties":{"a01_tinh":"diaphanhanhchinhcaptinh_sn.114","a02_xa":"diaphanhanhchinhcapxa_2025.1049","a03_ten":"Xã Nghĩa Tâm","a04_tentinh":"Tỉnh Lào Cai","a05_truocsn":"Xã Bình Thuận, Xã Minh An, Xã Nghĩa Tâm","a06_trungtamhc":"đang cập nhật","a07_dt":"133.1","a08_ds":"18979","a09_dthoai":null,"a10_web":null,"ten":"Xã Nghĩa Tâm","ma":"04711","tentinh":"Tỉnh Lào Cai","truocsapnhap":"Xã Bình Thuận, Xã Minh An, Xã Nghĩa Tâm","dientichkm2":null,"dansonguoi":null},"id":"diaphanhanhchinhcapxa_2025.1049"},
{"type":"Feature","geometry":{"type":"Polygon","coordinates":[[[103.84006,22.43423],[103.83948,22.43459],[103.83749,22.43438],[103.83446,22.43546],[103.83302,22.43544],[103.83141,22.43668],[103.82983,22.43825],[103.82906,22.4399],[103.82215,22.43948],[103.82009,22.44872],[103.8186,22.4504],[103.81742,22.45212],[103.8153,22.45183],[103.81534,22.45441],[103.81589,22.45551],[103.81562,22.45604],[103.80895,22.45974],[103.80819,22.46087],[103.80578,22.46265],[103.80572,22.46465],[103.8047,22.4667],[103.80364,22.46928],[103.80245,22.47048],[103.8022,22.47149],[103.80048,22.47292],[103.80079,22.47392],[103.79829,22.4762],[103.7968,22.47834],[103.79653,22.47922],[103.79443,22.48256],[103.79423,22.48337],[103.7925,22.48483],[103.7916,22.48507],[103.78967,22.48662],[103.7878,22.48753],[103.78686,22.48758],[103.78597,22.48904],[103.78707,22.49113],[103.78713,22.49299],[103.78512,22.49349],[103.78365,22.49302],[103.7818,22.49291],[103.78006,22.4921],[103.78017,22.48994],[103.77957,22.48838],[103.77977,22.48711],[103.7794,22.48622],[103.77954,22.48477],[103.77898,22.48386],[103.77918,22.48212],[103.77974,22.48098],[103.77848,22.47888],[103.77843,22.47803],[103.77666,22.47619],[103.77481,22.47542],[103.7753,22.47433],[103.77649,22.47361],[103.77602,22.47168],[103.77643,22.47158],[103.77618,22.46965],[103.77703,22.46822],[103.77719,22.46722],[103.77937,22.46525],[103.78005,22.46409],[103.78026,22.46214],[103.7801,22.4609],[103.77838,22.46056],[103.77742,22.45997],[103.77729,22.45903],[103.77608,22.45808],[103.77488,22.46062],[103.77403,22.4611],[103.77174,22.4669],[103.77036,22.46795],[103.76718,22.46925],[103.76635,22.46879],[103.76474,22.47384],[103.7637,22.47584],[103.76355,22.47734],[103.76304,22.47836],[103.76153,22.47958],[103.76034,22.47929],[103.75899,22.47969],[103.75561,22.4794],[103.7532,22.47837],[103.75066,22.47583],[103.74882,22.47727],[103.74593,22.47587],[103.74584,22.47458],[103.74512,22.47275],[103.74444,22.47185],[103.74573,22.47155],[103.74702,22.47037],[103.74759,22.46894],[103.74924,22.467],[103.75095,22.46615],[103.75377,22.46586],[103.7546,22.46463],[103.75478,22.4637],[103.75276,22.4631],[103.75122,22.46355],[103.74942,22.46331],[103.74631,22.46196],[103.74464,22.46098],[103.74412,22.45998],[103.74439,22.45849],[103.74416,22.45711],[103.74362,22.45648],[103.74321,22.45361],[103.74227,22.45092],[103.74243,22.44919],[103.74096,22.44718],[103.74081,22.44634],[103.73767,22.44445],[103.73649,22.44249],[103.73501,22.4428],[103.73379,22.44206],[103.73319,22.43982],[103.7338,22.43898],[103.73399,22.43708],[103.7346,22.43548],[103.73534,22.43464],[103.73556,22.43262],[103.73492,22.42839],[103.73493,22.42733],[103.73598,22.42559],[103.73543,22.42409],[103.73348,22.42271],[103.73173,22.42075],[103.72869,22.42011],[103.72959,22.41707],[103.73031,22.41652],[103.73137,22.41498],[103.73284,22.41395],[103.73461,22.41441],[103.73569,22.41389],[103.73621,22.41313],[103.73731,22.41363],[103.7381,22.41284],[103.73974,22.41267],[103.74116,22.41086],[103.74147,22.40999],[103.743,22.40915],[103.74523,22.40971],[103.74669,22.40887],[103.747,22.40726],[103.74858,22.40721],[103.74953,22.40563],[103.7498,22.40404],[103.7492,22.40296],[103.75009,22.40281],[103.75132,22.40177],[103.75233,22.40167],[103.75371,22.40071],[103.75479,22.40039],[103.75492,22.39964],[103.75743,22.39774],[103.75756,22.3972],[103.7589,22.3965],[103.76034,22.39489],[103.76259,22.39158],[103.76407,22.39096],[103.76456,22.39007],[103.76476,22.38801],[103.76592,22.38692],[103.76552,22.38556],[103.76652,22.38406],[103.76646,22.38286],[103.76799,22.38046],[103.76819,22.37959],[103.76931,22.37891],[103.77033,22.37876],[103.77268,22.37788],[103.77451,22.37793],[103.78487,22.37792],[103.78679,22.37768],[103.78963,22.37694],[103.79292,22.37483],[103.79375,22.37456],[103.8025,22.37899],[103.80595,22.37789],[103.80674,22.37826],[103.80748,22.3799],[103.8085,22.37982],[103.8085,22.38072],[103.80958,22.38194],[103.80969,22.38411],[103.81035,22.38693],[103.81116,22.38815],[103.81113,22.39089],[103.81167,22.39275],[103.81129,22.39391],[103.81148,22.39566],[103.81101,22.39789],[103.81144,22.39907],[103.81344,22.40027],[103.81467,22.40294],[103.81785,22.40351],[103.81925,22.40349],[103.82008,22.40392],[103.82138,22.40345],[103.82329,22.40349],[103.82444,22.4043],[103.82583,22.40441],[103.82809,22.40534],[103.82654,22.407],[103.82719,22.40917],[103.82693,22.41042],[103.82751,22.41285],[103.82664,22.41422],[103.82675,22.41543],[103.82609,22.41671],[103.82511,22.41976],[103.82502,22.42135],[103.82654,22.42206],[103.8288,22.42235],[103.82926,22.42205],[103.83556,22.42823],[103.836,22.4291],[103.84006,22.43423]]]},"properties":{"a01_tinh":"diaphanhanhchinhcaptinh_sn.114","a02_xa":"diaphanhanhchinhcapxa_2025.1100","a03_ten":"Xã Ngũ Chỉ Sơn","a04_tentinh":"Tỉnh Lào Cai","a05_truocsn":"giữ nguyên","a06_trungtamhc":"Thôn Can Hồ B, xã Ngũ Chỉ Sơn (Trụ sở xã Ngũ Chỉ Sơn cũ)","a07_dt":"82.47","a08_ds":"7503","a09_dthoai":null,"a10_web":null,"ten":"Xã Ngũ Chỉ Sơn","ma":"03004","tentinh":"Tỉnh Lào Cai","truocsapnhap":"giữ nguyên","dientichkm2":null,"dansonguoi":null},"id":"diaphanhanhchinhcapxa_2025.1100"},
{"type":"Feature","geometry":{"type":"Polygon","coordinates":[[[104.26967,22.74157],[104.26932,22.74326],[104.2695,22.74535],[104.26932,22.74635],[104.27016,22.74966],[104.27016,22.75048],[104.26898,22.75401],[104.26806,22.75518],[104.26659,22.75602],[104.26571,22.75772],[104.26473,22.75885],[104.26415,22.76031],[104.2621,22.76186],[104.26033,22.76284],[104.25941,22.76468],[104.2578,22.76659],[104.25725,22.76787],[104.25776,22.77022],[104.25768,22.77201],[104.25667,22.77353],[104.25653,22.77562],[104.25529,22.77679],[104.25479,22.77791],[104.25504,22.77849],[104.25632,22.7792],[104.2567,22.78256],[104.25813,22.78534],[104.25827,22.78664],[104.25798,22.78876],[104.25893,22.78992],[104.25972,22.79179],[104.2611,22.7937],[104.26112,22.79528],[104.26224,22.79881],[104.26284,22.80215],[104.26455,22.80523],[104.26463,22.80695],[104.26616,22.80787],[104.26673,22.81008],[104.26618,22.81125],[104.26775,22.8135],[104.26791,22.81437],[104.26665,22.81723],[104.26614,22.81987],[104.26652,22.82093],[104.26815,22.82337],[104.27061,22.82616],[104.27058,22.82797],[104.271,22.82942],[104.26955,22.83224],[104.26799,22.83374],[104.26787,22.83627],[104.2682,22.8371],[104.26783,22.83898],[104.26728,22.84013],[104.2662,22.84061],[104.2643,22.84018],[104.26315,22.8413],[104.26161,22.84193],[104.2605,22.84283],[104.25947,22.84469],[104.25834,22.84485],[104.25561,22.84474],[104.25419,22.84334],[104.25287,22.84265],[104.25177,22.83981],[104.25045,22.83952],[104.24958,22.84053],[104.24795,22.84085],[104.24654,22.84197],[104.2446,22.84298],[104.24359,22.84387],[104.24208,22.84408],[104.24097,22.8439],[104.2403,22.84319],[104.24055,22.84107],[104.23879,22.8408],[104.23789,22.83935],[104.23705,22.83935],[104.23531,22.83844],[104.23285,22.83816],[104.23178,22.83644],[104.22851,22.8334],[104.22756,22.83345],[104.22664,22.83254],[104.22565,22.83282],[104.2225,22.83],[104.22022,22.82886],[104.21958,22.82892],[104.21816,22.83084],[104.21614,22.83178],[104.21494,22.83158],[104.21425,22.83064],[104.21235,22.82959],[104.20859,22.82826],[104.20603,22.82846],[104.20132,22.82691],[104.2007,22.82643],[104.19926,22.82668],[104.19705,22.82645],[104.19542,22.825],[104.19438,22.82371],[104.19354,22.8235],[104.19226,22.82382],[104.1912,22.82279],[104.19112,22.82121],[104.19021,22.82088],[104.18852,22.82247],[104.18656,22.82282],[104.18604,22.82503],[104.18562,22.82573],[104.18288,22.82585],[104.18118,22.82416],[104.17991,22.82342],[104.17776,22.82335],[104.17653,22.82056],[104.1753,22.82017],[104.17507,22.81885],[104.17409,22.81767],[104.17364,22.81546],[104.17302,22.81448],[104.17113,22.81371],[104.17132,22.81286],[104.1707,22.81217],[104.17032,22.8097],[104.16953,22.80941],[104.1683,22.80832],[104.16768,22.80691],[104.16593,22.80707],[104.16487,22.80488],[104.16473,22.80361],[104.16383,22.80298],[104.1636,22.80191],[104.16671,22.79741],[104.16917,22.79677],[104.17153,22.7947],[104.1709,22.79305],[104.17079,22.791],[104.17014,22.7903],[104.16993,22.78901],[104.17039,22.78699],[104.16988,22.78631],[104.16988,22.78469],[104.17088,22.78363],[104.17092,22.78242],[104.17203,22.78173],[104.17285,22.78046],[104.1743,22.77916],[104.17426,22.77822],[104.17504,22.77589],[104.17436,22.77146],[104.17625,22.76778],[104.17594,22.76652],[104.17694,22.76494],[104.17638,22.76399],[104.17644,22.76255],[104.17586,22.76196],[104.17456,22.76205],[104.1747,22.76075],[104.17654,22.75936],[104.17931,22.75885],[104.18037,22.75775],[104.18007,22.75621],[104.18011,22.75458],[104.18232,22.7522],[104.18257,22.75102],[104.18377,22.75043],[104.18382,22.74935],[104.1844,22.74774],[104.18515,22.74687],[104.18745,22.745],[104.18771,22.74409],[104.18736,22.74331],[104.1884,22.74147],[104.18876,22.74033],[104.19033,22.73919],[104.19089,22.73815],[104.19174,22.73745],[104.19467,22.73671],[104.19459,22.73789],[104.19545,22.73898],[104.19944,22.74066],[104.20078,22.7406],[104.20214,22.73986],[104.20417,22.74005],[104.2066,22.7385],[104.20792,22.73818],[104.20989,22.73643],[104.21194,22.73549],[104.21264,22.73486],[104.21454,22.73437],[104.21725,22.73274],[104.21915,22.73193],[104.22053,22.73043],[104.22219,22.72898],[104.22311,22.72615],[104.2237,22.72358],[104.22429,22.72213],[104.22383,22.72134],[104.22389,22.71964],[104.22513,22.71955],[104.22562,22.71793],[104.22581,22.71598],[104.22479,22.71514],[104.22484,22.71389],[104.22619,22.71175],[104.22899,22.71055],[104.23023,22.70937],[104.23142,22.7078],[104.23353,22.70655],[104.23495,22.70529],[104.23679,22.70498],[104.23824,22.70552],[104.23877,22.70617],[104.23946,22.70829],[104.24035,22.70978],[104.24141,22.71089],[104.244,22.71442],[104.2472,22.71807],[104.24794,22.71998],[104.24931,22.72094],[104.25028,22.72311],[104.25095,22.72356],[104.25248,22.72642],[104.25365,22.72718],[104.25397,22.72824],[104.25384,22.72981],[104.25486,22.73169],[104.25467,22.73299],[104.25513,22.7341],[104.25621,22.73445],[104.25908,22.73479],[104.26165,22.7375],[104.26284,22.73795],[104.26453,22.73922],[104.26658,22.74026],[104.268,22.74047],[104.26967,22.74157]]]},"properties":{"a01_tinh":"diaphanhanhchinhcaptinh_sn.114","a02_xa":"diaphanhanhchinhcapxa_2025.1058","a03_ten":"Xã Pha Long","a04_tentinh":"Tỉnh Lào Cai","a05_truocsn":"Xã Tả Ngài Chồ, Xã Dìn Chin, Xã Tả Gia Khâu, Xã Pha Long","a06_trungtamhc":"Thôn Pha Long 1, xã Pha Long mới (Trụ sở xã Pha Long cũ)","a07_dt":"105.6","a08_ds":"14449","a09_dthoai":null,"a10_web":null,"ten":"Xã Pha Long","ma":"02752","tentinh":"Tỉnh Lào Cai","truocsapnhap":"Xã Tả Ngài Chồ, Xã Dìn Chin, Xã Tả Gia Khâu, Xã Pha Long","dientichkm2":null,"dansonguoi":null},"id":"diaphanhanhchinhcapxa_2025.1058"},
{"type":"Feature","geometry":{"type":"Polygon","coordinates":[[[104.60988,21.52283],[104.60976,21.52632],[104.61095,21.52748],[104.61167,21.52922],[104.60843,21.53017],[104.6053,21.53196],[104.60494,21.53329],[104.60501,21.53445],[104.60405,21.53597],[104.60315,21.53626],[104.60035,21.53626],[104.59881,21.53715],[104.59863,21.53806],[104.59701,21.53933],[104.59551,21.54212],[104.59513,21.54568],[104.59403,21.54603],[104.5924,21.5461],[104.59124,21.54586],[104.58911,21.546],[104.58836,21.54558],[104.58725,21.5458],[104.58558,21.54659],[104.56512,21.54471],[104.5645,21.54611],[104.56665,21.54753],[104.56979,21.5502],[104.56962,21.55362],[104.56813,21.55429],[104.56711,21.55407],[104.56527,21.55303],[104.56451,21.55157],[104.56137,21.55214],[104.55741,21.55146],[104.55511,21.55071],[104.55204,21.54849],[104.55078,21.54824],[104.54979,21.54867],[104.54843,21.54812],[104.5482,21.54707],[104.54711,21.54735],[104.54604,21.5468],[104.54573,21.54567],[104.54418,21.54587],[104.54394,21.54505],[104.54556,21.5424],[104.54503,21.54204],[104.54402,21.54313],[104.54274,21.54337],[104.54192,21.54394],[104.5402,21.54244],[104.53821,21.54099],[104.53707,21.53987],[104.53704,21.5386],[104.53587,21.53874],[104.5345,21.53763],[104.5353,21.53626],[104.53466,21.53524],[104.53445,21.53407],[104.5313,21.53606],[104.52982,21.53562],[104.52894,21.53467],[104.52793,21.53428],[104.52731,21.53326],[104.52548,21.53233],[104.52428,21.53213],[104.52487,21.53119],[104.52419,21.5303],[104.52297,21.53128],[104.52205,21.53148],[104.52126,21.53247],[104.51955,21.53107],[104.51866,21.52939],[104.51753,21.52928],[104.51609,21.52845],[104.5152,21.53059],[104.51338,21.53007],[104.51274,21.52951],[104.51076,21.52912],[104.51007,21.52815],[104.50866,21.52809],[104.50854,21.5264],[104.50636,21.52657],[104.50651,21.52552],[104.50739,21.5249],[104.50775,21.52317],[104.50723,21.52262],[104.50715,21.52151],[104.50598,21.52012],[104.50405,21.51988],[104.50155,21.52007],[104.50258,21.51839],[104.50299,21.51715],[104.50265,21.51629],[104.50148,21.51583],[104.50081,21.51384],[104.5011,21.5125],[104.50012,21.50947],[104.49832,21.50852],[104.49783,21.50728],[104.49666,21.5067],[104.49713,21.50517],[104.49694,21.50431],[104.49607,21.50335],[104.49577,21.50193],[104.49506,21.50119],[104.49186,21.50097],[104.49104,21.50053],[104.49025,21.4991],[104.49034,21.49849],[104.48887,21.49594],[104.48898,21.49432],[104.48835,21.49297],[104.4871,21.49171],[104.4868,21.48994],[104.48588,21.48883],[104.48627,21.48795],[104.48588,21.48689],[104.48401,21.48575],[104.48332,21.48479],[104.48258,21.4848],[104.48136,21.48608],[104.47957,21.48487],[104.47825,21.48432],[104.4781,21.482],[104.47692,21.48212],[104.47618,21.48172],[104.47583,21.48048],[104.47303,21.47959],[104.47366,21.47832],[104.47348,21.47759],[104.47403,21.47677],[104.47304,21.47436],[104.4723,21.4732],[104.47124,21.46943],[104.47165,21.46844],[104.47167,21.46721],[104.47252,21.46622],[104.47081,21.46484],[104.47152,21.46295],[104.47105,21.4623],[104.47016,21.46253],[104.47022,21.46122],[104.46959,21.4608],[104.46779,21.46103],[104.46726,21.45996],[104.46621,21.45935],[104.46473,21.45711],[104.46367,21.4562],[104.46368,21.45353],[104.46167,21.45273],[104.46024,21.45162],[104.46087,21.45038],[104.46104,21.44827],[104.46034,21.44747],[104.46068,21.44574],[104.46024,21.44366],[104.45741,21.44323],[104.45651,21.44331],[104.45264,21.44505],[104.45044,21.44513],[104.44828,21.44613],[104.44363,21.45037],[104.44297,21.45209],[104.44028,21.45348],[104.43957,21.4542],[104.43743,21.45448],[104.43601,21.45439],[104.43528,21.45489],[104.43375,21.45492],[104.43295,21.45724],[104.42982,21.46099],[104.42935,21.46389],[104.42477,21.4677],[104.42254,21.46924],[104.41816,21.46936],[104.41698,21.47181],[104.41522,21.47601],[104.41441,21.47508],[104.41356,21.47507],[104.41059,21.47638],[104.40975,21.47634],[104.40863,21.47548],[104.40721,21.47365],[104.40595,21.47296],[104.40586,21.47225],[104.40393,21.47137],[104.40143,21.4694],[104.39969,21.46903],[104.39677,21.46703],[104.3962,21.46695],[104.39511,21.46563],[104.39553,21.46421],[104.39519,21.46269],[104.39417,21.46139],[104.39428,21.46029],[104.39373,21.45907],[104.39368,21.45657],[104.39339,21.45566],[104.39497,21.4541],[104.39554,21.4525],[104.39633,21.44869],[104.39649,21.44875],[104.39885,21.44749],[104.40043,21.44785],[104.40365,21.44678],[104.40542,21.4469],[104.40363,21.4439],[104.40354,21.44203],[104.40596,21.43872],[104.40603,21.43758],[104.40681,21.43686],[104.40791,21.43359],[104.41079,21.43302],[104.41253,21.4318],[104.41478,21.43131],[104.41649,21.43028],[104.41756,21.42851],[104.41834,21.42815],[104.41934,21.42595],[104.41842,21.42485],[104.41565,21.42325],[104.41518,21.42218],[104.41405,21.4218],[104.41139,21.42249],[104.40842,21.42352],[104.40485,21.42446],[104.40363,21.42631],[104.39903,21.42798],[104.39738,21.42878],[104.39422,21.42814],[104.39357,21.42825],[104.39201,21.42929],[104.39107,21.42863],[104.38983,21.42868],[104.39016,21.42724],[104.38997,21.42536],[104.38841,21.42523],[104.38875,21.42422],[104.38773,21.42392],[104.38814,21.42256],[104.38738,21.4216],[104.3864,21.42173],[104.38567,21.42081],[104.38653,21.41902],[104.38561,21.41764],[104.38564,21.4163],[104.38667,21.41643],[104.38828,21.41319],[104.38837,21.41236],[104.38981,21.41104],[104.38975,21.41029],[104.39112,21.40877],[104.3914,21.40778],[104.39286,21.40706],[104.39533,21.40499],[104.395,21.40388],[104.3958,21.40343],[104.39747,21.40353],[104.39846,21.40286],[104.39848,21.40189],[104.39991,21.40242],[104.40025,21.40151],[104.4013,21.40095],[104.40261,21.39965],[104.40262,21.39839],[104.40409,21.39768],[104.40446,21.39636],[104.4057,21.39565],[104.40664,21.39561],[104.40909,21.39469],[104.41216,21.39482],[104.41249,21.39433],[104.41135,21.39292],[104.40949,21.38909],[104.4098,21.38794],[104.41081,21.38718],[104.41295,21.38603],[104.41331,21.38494],[104.4142,21.38432],[104.41424,21.38229],[104.41553,21.38133],[104.41633,21.3812],[104.41847,21.37984],[104.41808,21.37859],[104.4196,21.37722],[104.42081,21.37404],[104.42087,21.37259],[104.42045,21.37155],[104.42049,21.37023],[104.42187,21.36904],[104.42191,21.36796],[104.42036,21.36593],[104.42002,21.36461],[104.41987,21.3622],[104.42018,21.36056],[104.42195,21.35963],[104.42297,21.35962],[104.42447,21.35821],[104.42483,21.35753],[104.42637,21.35735],[104.42657,21.35666],[104.4279,21.35542],[104.4297,21.35458],[104.4314,21.3547],[104.43322,21.35416],[104.43415,21.35349],[104.4355,21.35435],[104.43876,21.35595],[104.4398,21.35584],[104.44177,21.35633],[104.44319,21.35639],[104.44412,21.35682],[104.44613,21.35644],[104.44771,21.35699],[104.44965,21.35631],[104.45099,21.35537],[104.45328,21.35539],[104.45526,21.35413],[104.45977,21.35317],[104.46086,21.35247],[104.46223,21.35317],[104.46371,21.35328],[104.46533,21.35212],[104.46648,21.35185],[104.46843,21.35181],[104.47006,21.35133],[104.47634,21.35273],[104.47709,21.35325],[104.47823,21.35481],[104.47922,21.35517],[104.48053,21.35643],[104.48176,21.35695],[104.48341,21.36015],[104.4835,21.36296],[104.48628,21.36431],[104.48672,21.36511],[104.48781,21.3659],[104.4887,21.36721],[104.48949,21.36771],[104.49015,21.36875],[104.49041,21.37013],[104.49215,21.37162],[104.49341,21.37335],[104.49681,21.37435],[104.49895,21.37382],[104.50055,21.37512],[104.50188,21.37537],[104.50397,21.3767],[104.50508,21.37696],[104.50478,21.37806],[104.50614,21.37942],[104.50623,21.38033],[104.50783,21.38108],[104.50782,21.38267],[104.50932,21.38379],[104.50938,21.38542],[104.51067,21.38637],[104.51168,21.3875],[104.51374,21.38848],[104.51448,21.39024],[104.51433,21.39187],[104.51527,21.39297],[104.51483,21.39366],[104.51484,21.3959],[104.51617,21.39646],[104.51739,21.39794],[104.51914,21.39903],[104.52061,21.40159],[104.52024,21.40351],[104.52064,21.40485],[104.52168,21.40536],[104.52174,21.40629],[104.52686,21.41082],[104.52754,21.41114],[104.52794,21.41268],[104.53032,21.41358],[104.53119,21.41428],[104.53308,21.41435],[104.53411,21.41385],[104.54069,21.414],[104.54283,21.41306],[104.54587,21.41239],[104.54664,21.41195],[104.5469,21.41087],[104.54855,21.41027],[104.54992,21.41064],[104.55096,21.40968],[104.55339,21.409],[104.55552,21.40968],[104.55706,21.40973],[104.55868,21.40933],[104.55914,21.40887],[104.56097,21.40917],[104.56224,21.40967],[104.56569,21.4102],[104.56607,21.41082],[104.56864,21.41268],[104.57013,21.41296],[104.57151,21.411],[104.57425,21.41076],[104.57504,21.41095],[104.57585,21.41003],[104.57826,21.40887],[104.57723,21.41757],[104.57647,21.42229],[104.57711,21.42572],[104.57565,21.42737],[104.57402,21.43011],[104.57162,21.43275],[104.56772,21.4348],[104.56549,21.43634],[104.56395,21.44095],[104.56103,21.44214],[104.55955,21.44181],[104.55891,21.44233],[104.55887,21.44378],[104.5576,21.44426],[104.55832,21.44598],[104.55835,21.44879],[104.55783,21.44977],[104.55674,21.45017],[104.55596,21.45099],[104.55621,21.45276],[104.55713,21.45354],[104.55695,21.45464],[104.55589,21.45612],[104.5558,21.45681],[104.55577,21.45696],[104.55604,21.45819],[104.55482,21.45966],[104.55467,21.46042],[104.55515,21.46154],[104.55385,21.46165],[104.55278,21.46275],[104.54941,21.46446],[104.54921,21.46552],[104.5484,21.46654],[104.54857,21.46954],[104.55006,21.46911],[104.5508,21.47111],[104.55203,21.47169],[104.55342,21.47511],[104.55469,21.47565],[104.55474,21.47635],[104.55392,21.47689],[104.55398,21.47788],[104.55356,21.48028],[104.55469,21.48168],[104.55474,21.48222],[104.55279,21.48363],[104.55222,21.4846],[104.55238,21.48684],[104.55126,21.48767],[104.54999,21.48755],[104.54922,21.48802],[104.54806,21.49144],[104.54815,21.49292],[104.54909,21.49392],[104.54792,21.49557],[104.54709,21.49595],[104.54675,21.49676],[104.54825,21.49801],[104.54912,21.49965],[104.55004,21.4989],[104.55133,21.49964],[104.552,21.49868],[104.55285,21.49826],[104.55389,21.49904],[104.55407,21.50235],[104.5551,21.5026],[104.55453,21.50492],[104.55433,21.5077],[104.55603,21.50828],[104.55712,21.5095],[104.55828,21.51003],[104.55893,21.51124],[104.56002,21.51224],[104.56053,21.51358],[104.56086,21.51556],[104.56246,21.51693],[104.56321,21.5185],[104.56448,21.51922],[104.56381,21.52023],[104.56501,21.52366],[104.56463,21.52508],[104.56679,21.52639],[104.56689,21.52741],[104.56949,21.53063],[104.57007,21.53076],[104.57127,21.53002],[104.57365,21.53124],[104.57594,21.53133],[104.57639,21.52875],[104.57781,21.52833],[104.57885,21.52719],[104.57889,21.52545],[104.57952,21.52408],[104.58153,21.52121],[104.58324,21.52012],[104.5845,21.51978],[104.58665,21.52005],[104.58853,21.52082],[104.58965,21.52096],[104.59168,21.52188],[104.59271,21.52172],[104.59398,21.52026],[104.59579,21.51895],[104.5973,21.5194],[104.59942,21.51955],[104.60214,21.51882],[104.60456,21.51914],[104.60618,21.5201],[104.60672,21.52105],[104.60822,21.52213],[104.60988,21.52283]]]},"properties":{"a01_tinh":"diaphanhanhchinhcaptinh_sn.114","a02_xa":"diaphanhanhchinhcapxa_2025.1038","a03_ten":"Xã Phình Hồ","a04_tentinh":"Tỉnh Lào Cai","a05_truocsn":"Xã Làng Nhì, Xã Bản Mù, Xã Phình Hồ","a06_trungtamhc":"đang cập nhật","a07_dt":"226.02","a08_ds":"10957","a09_dthoai":null,"a10_web":null,"ten":"Xã Phình Hồ","ma":"04609","tentinh":"Tỉnh Lào Cai","truocsapnhap":"Xã Làng Nhì, Xã Bản Mù, Xã Phình Hồ","dientichkm2":null,"dansonguoi":null},"id":"diaphanhanhchinhcapxa_2025.1038"},
{"type":"Feature","geometry":{"type":"Polygon","coordinates":[[[104.3855,21.89887],[104.38692,21.8996],[104.38844,21.90002],[104.39116,21.9002],[104.39457,21.899],[104.39591,21.89905],[104.40131,21.90001],[104.40301,21.90069],[104.40399,21.90058],[104.40705,21.90132],[104.40953,21.90143],[104.41137,21.89945],[104.41251,21.89968],[104.41394,21.89932],[104.41861,21.89932],[104.42054,21.89944],[104.42769,21.90333],[104.43232,21.90171],[104.4384,21.90257],[104.45078,21.8991],[104.45571,21.89167],[104.46006,21.89171],[104.46358,21.88809],[104.46601,21.88631],[104.46688,21.88624],[104.46791,21.88752],[104.46881,21.88788],[104.46957,21.88751],[104.47093,21.88763],[104.4727,21.8873],[104.4725,21.88672],[104.4728,21.8833],[104.47251,21.88235],[104.47286,21.88048],[104.47284,21.87811],[104.47439,21.87666],[104.47417,21.87451],[104.47478,21.87316],[104.47505,21.8713],[104.47493,21.86963],[104.47341,21.86763],[104.47345,21.86688],[104.4747,21.86507],[104.47485,21.86296],[104.47526,21.86108],[104.47435,21.85954],[104.47436,21.85829],[104.47668,21.85601],[104.47652,21.85309],[104.47611,21.85113],[104.47777,21.85033],[104.47926,21.84895],[104.48004,21.84715],[104.48095,21.84304],[104.48242,21.84169],[104.48538,21.83995],[104.48661,21.83957],[104.48741,21.83982],[104.48911,21.84106],[104.49256,21.84083],[104.49418,21.83991],[104.4952,21.8383],[104.49723,21.83775],[104.4979,21.83707],[104.50032,21.83581],[104.50251,21.83252],[104.50281,21.83155],[104.5049,21.82956],[104.50739,21.82831],[104.50767,21.82717],[104.50907,21.82544],[104.51002,21.8249],[104.51162,21.82641],[104.51291,21.82811],[104.51466,21.82889],[104.51484,21.83034],[104.51697,21.83168],[104.51767,21.83317],[104.51684,21.83746],[104.51789,21.8389],[104.51846,21.84027],[104.51959,21.84423],[104.52005,21.84639],[104.52102,21.84935],[104.52309,21.85359],[104.52355,21.85605],[104.52471,21.8567],[104.52811,21.85686],[104.52866,21.85727],[104.5286,21.85833],[104.52782,21.85992],[104.52883,21.8619],[104.53006,21.86333],[104.53232,21.86422],[104.5336,21.86636],[104.53552,21.86624],[104.53704,21.8666],[104.53774,21.86768],[104.54069,21.86874],[104.54379,21.87069],[104.54729,21.87192],[104.54879,21.87341],[104.54921,21.8753],[104.552,21.87608],[104.55324,21.87715],[104.55327,21.878],[104.55574,21.87884],[104.55627,21.87933],[104.55859,21.8798],[104.5592,21.8802],[104.56036,21.88001],[104.56057,21.88219],[104.56148,21.88501],[104.56169,21.8864],[104.56402,21.88818],[104.56397,21.88937],[104.56462,21.89036],[104.5663,21.892],[104.56636,21.89281],[104.56758,21.89393],[104.56779,21.89487],[104.56728,21.89666],[104.56814,21.89818],[104.56801,21.89941],[104.56708,21.90011],[104.56439,21.90317],[104.56406,21.90444],[104.56316,21.90641],[104.56192,21.90741],[104.56162,21.90853],[104.56081,21.90915],[104.55975,21.91338],[104.56019,21.9144],[104.56006,21.91547],[104.56051,21.91646],[104.56134,21.9172],[104.56229,21.91861],[104.56274,21.92062],[104.56442,21.92151],[104.56434,21.92199],[104.5624,21.92465],[104.56077,21.92576],[104.55929,21.92594],[104.5564,21.92544],[104.55529,21.92504],[104.55261,21.92495],[104.54984,21.9235],[104.54923,21.92242],[104.5478,21.92232],[104.54623,21.92273],[104.54509,21.92245],[104.54364,21.92328],[104.54097,21.92442],[104.53851,21.92945],[104.52928,21.93691],[104.52878,21.93868],[104.52908,21.93954],[104.52881,21.94184],[104.52782,21.94343],[104.52821,21.94717],[104.52664,21.94793],[104.52534,21.94939],[104.52378,21.94996],[104.52135,21.9521],[104.5216,21.95266],[104.51945,21.95197],[104.51823,21.9528],[104.51658,21.95352],[104.51656,21.95489],[104.51405,21.95484],[104.5132,21.95411],[104.51049,21.95281],[104.5099,21.95207],[104.50847,21.95197],[104.50557,21.95337],[104.50409,21.95368],[104.50291,21.95436],[104.50119,21.95376],[104.4996,21.9527],[104.49768,21.95283],[104.49638,21.95161],[104.49463,21.95193],[104.49314,21.9527],[104.49216,21.95223],[104.48945,21.95279],[104.4916,21.95513],[104.49109,21.95594],[104.4917,21.95747],[104.49035,21.95847],[104.48919,21.95995],[104.487,21.96018],[104.48572,21.96061],[104.4828,21.96021],[104.48117,21.96152],[104.48029,21.96273],[104.47799,21.96369],[104.47734,21.96294],[104.47542,21.96317],[104.47132,21.96395],[104.47066,21.9652],[104.46972,21.9658],[104.46878,21.96698],[104.46695,21.96649],[104.46452,21.96664],[104.46338,21.96504],[104.46268,21.96452],[104.46226,21.96287],[104.46154,21.96215],[104.46036,21.96195],[104.45815,21.9624],[104.45651,21.96198],[104.45427,21.95955],[104.45106,21.95795],[104.44888,21.95547],[104.44853,21.9546],[104.4474,21.95331],[104.44567,21.95315],[104.44338,21.95351],[104.44188,21.95452],[104.44101,21.95456],[104.43699,21.954],[104.43567,21.95334],[104.43369,21.95136],[104.43142,21.95065],[104.4325,21.94592],[104.43238,21.94534],[104.43083,21.94478],[104.43024,21.94235],[104.42947,21.9408],[104.42924,21.93915],[104.42838,21.93825],[104.42848,21.93671],[104.42678,21.9362],[104.42567,21.93509],[104.42362,21.93419],[104.42288,21.93262],[104.42182,21.9316],[104.4197,21.93057],[104.41532,21.92973],[104.41502,21.92861],[104.41206,21.92635],[104.41038,21.9244],[104.40654,21.92149],[104.40572,21.92024],[104.40431,21.91957],[104.40343,21.91993],[104.40073,21.91998],[104.39872,21.92026],[104.39609,21.91964],[104.39564,21.91914],[104.39546,21.9173],[104.39396,21.91677],[104.39239,21.91472],[104.39143,21.91441],[104.38919,21.9126],[104.38693,21.91136],[104.38615,21.90863],[104.38608,21.90519],[104.38627,21.90402],[104.38578,21.90298],[104.38582,21.89997],[104.3855,21.89887]]]},"properties":{"a01_tinh":"diaphanhanhchinhcaptinh_sn.114","a02_xa":"diaphanhanhchinhcapxa_2025.1019","a03_ten":"Xã Phong Dụ Hạ","a04_tentinh":"Tỉnh Lào Cai","a05_truocsn":"Xã Xuân Tầm, Xã Phong Dụ Hạ","a06_trungtamhc":"đang cập nhật","a07_dt":"138.39","a08_ds":"8025","a09_dthoai":null,"a10_web":null,"ten":"Xã Phong Dụ Hạ","ma":"04402","tentinh":"Tỉnh Lào Cai","truocsapnhap":"Xã Xuân Tầm, Xã Phong Dụ Hạ","dientichkm2":null,"dansonguoi":null},"id":"diaphanhanhchinhcapxa_2025.1019"},
{"type":"Feature","geometry":{"type":"Polygon","coordinates":[[[104.51002,21.8249],[104.50907,21.82544],[104.50767,21.82717],[104.50739,21.82831],[104.5049,21.82956],[104.50281,21.83155],[104.50251,21.83252],[104.50032,21.83581],[104.4979,21.83707],[104.49723,21.83775],[104.4952,21.8383],[104.49418,21.83991],[104.49256,21.84083],[104.48911,21.84106],[104.48741,21.83982],[104.48661,21.83957],[104.48538,21.83995],[104.48242,21.84169],[104.48095,21.84304],[104.48004,21.84715],[104.47926,21.84895],[104.47777,21.85033],[104.47611,21.85113],[104.47652,21.85309],[104.47668,21.85601],[104.47436,21.85829],[104.47435,21.85954],[104.47526,21.86108],[104.47485,21.86296],[104.4747,21.86507],[104.47345,21.86688],[104.47341,21.86763],[104.47493,21.86963],[104.47505,21.8713],[104.47478,21.87316],[104.47417,21.87451],[104.47439,21.87666],[104.47284,21.87811],[104.47286,21.88048],[104.47251,21.88235],[104.4728,21.8833],[104.4725,21.88672],[104.4727,21.8873],[104.47093,21.88763],[104.46957,21.88751],[104.46881,21.88788],[104.46791,21.88752],[104.46688,21.88624],[104.46601,21.88631],[104.46358,21.88809],[104.46006,21.89171],[104.45571,21.89167],[104.45078,21.8991],[104.4384,21.90257],[104.43232,21.90171],[104.42769,21.90333],[104.42054,21.89944],[104.41861,21.89932],[104.41394,21.89932],[104.41251,21.89968],[104.41137,21.89945],[104.40953,21.90143],[104.40705,21.90132],[104.40399,21.90058],[104.40301,21.90069],[104.40131,21.90001],[104.39591,21.89905],[104.39457,21.899],[104.39116,21.9002],[104.38844,21.90002],[104.38692,21.8996],[104.3855,21.89887],[104.38396,21.89825],[104.38127,21.89568],[104.38023,21.89439],[104.37879,21.89309],[104.37866,21.89243],[104.37582,21.89124],[104.37389,21.88859],[104.37194,21.88732],[104.36916,21.88706],[104.36657,21.88513],[104.36381,21.88444],[104.36268,21.88393],[104.36253,21.88232],[104.36135,21.88002],[104.35947,21.87823],[104.35857,21.87776],[104.35644,21.87758],[104.35457,21.87609],[104.35376,21.87515],[104.35367,21.87453],[104.35435,21.87327],[104.35501,21.86942],[104.35363,21.86742],[104.35278,21.86465],[104.35124,21.86368],[104.35149,21.86102],[104.35063,21.85947],[104.3503,21.85783],[104.3495,21.85683],[104.34898,21.85454],[104.34959,21.85204],[104.34994,21.85154],[104.34945,21.85029],[104.34737,21.8475],[104.34697,21.84574],[104.34713,21.84442],[104.34677,21.84371],[104.34465,21.84425],[104.34388,21.84279],[104.34207,21.84085],[104.34032,21.84097],[104.33945,21.84049],[104.3401,21.8388],[104.34028,21.8366],[104.34059,21.83578],[104.34029,21.83487],[104.34201,21.83254],[104.34247,21.83035],[104.34433,21.82828],[104.34634,21.82835],[104.34712,21.82744],[104.34852,21.82688],[104.3508,21.82552],[104.35143,21.82473],[104.35304,21.82351],[104.35507,21.8226],[104.35606,21.82256],[104.35877,21.82179],[104.36093,21.81987],[104.36313,21.81899],[104.36456,21.8191],[104.36674,21.81784],[104.36866,21.81756],[104.37003,21.81671],[104.37175,21.81646],[104.3735,21.81706],[104.3752,21.81556],[104.37712,21.81535],[104.37891,21.81403],[104.38057,21.81073],[104.38289,21.80753],[104.38457,21.80642],[104.3844,21.80346],[104.38585,21.80206],[104.38719,21.80155],[104.38764,21.80042],[104.38915,21.79883],[104.39055,21.79853],[104.3917,21.79697],[104.3946,21.79488],[104.39648,21.79531],[104.39751,21.79512],[104.399,21.79411],[104.40208,21.79414],[104.40308,21.79518],[104.40424,21.79508],[104.4055,21.79471],[104.4082,21.79411],[104.40974,21.79352],[104.41213,21.79446],[104.41289,21.79442],[104.41458,21.79259],[104.41743,21.79102],[104.41766,21.78908],[104.41741,21.78812],[104.41768,21.78682],[104.41735,21.78537],[104.41546,21.78394],[104.41548,21.78192],[104.41593,21.77974],[104.41753,21.77832],[104.41904,21.77748],[104.42099,21.7747],[104.42176,21.77201],[104.42239,21.77118],[104.4243,21.77059],[104.42749,21.77053],[104.43033,21.77137],[104.42497,21.76316],[104.42501,21.7591],[104.42902,21.75735],[104.43677,21.75554],[104.44223,21.75632],[104.4439,21.75365],[104.44473,21.74855],[104.44962,21.74518],[104.46102,21.7426],[104.46744,21.75408],[104.47007,21.76083],[104.47371,21.76135],[104.48385,21.76394],[104.4919,21.76797],[104.49812,21.77175],[104.49757,21.77516],[104.49866,21.77995],[104.50539,21.78489],[104.50689,21.78634],[104.50737,21.78946],[104.50848,21.792],[104.50737,21.79538],[104.50735,21.79642],[104.50677,21.7975],[104.50608,21.79962],[104.50712,21.80277],[104.50866,21.80614],[104.50806,21.80742],[104.50896,21.80965],[104.51078,21.81009],[104.51179,21.81062],[104.51127,21.81308],[104.51156,21.81588],[104.51124,21.81635],[104.51103,21.81827],[104.51159,21.81992],[104.51043,21.8207],[104.51075,21.82292],[104.51002,21.8249]]]},"properties":{"a01_tinh":"diaphanhanhchinhcaptinh_sn.114","a02_xa":"diaphanhanhchinhcapxa_2025.1021","a03_ten":"Xã Phong Dụ Thượng","a04_tentinh":"Tỉnh Lào Cai","a05_truocsn":"giữ nguyên","a06_trungtamhc":"đang cập nhật","a07_dt":"195.21","a08_ds":"6691","a09_dthoai":null,"a10_web":null,"ten":"Xã Phong Dụ Thượng","ma":"04423","tentinh":"Tỉnh Lào Cai","truocsapnhap":"giữ nguyên","dientichkm2":null,"dansonguoi":null},"id":"diaphanhanhchinhcapxa_2025.1021"},
{"type":"Feature","geometry":{"type":"Polygon","coordinates":[[[104.17281,22.52773],[104.17171,22.5281],[104.16861,22.52986],[104.16689,22.53129],[104.1634,22.53163],[104.16265,22.53238],[104.16129,22.53207],[104.16132,22.53032],[104.16078,22.52901],[104.16102,22.52597],[104.1607,22.52433],[104.15875,22.522],[104.15887,22.52012],[104.15687,22.51864],[104.1568,22.51768],[104.15556,22.51622],[104.15467,22.51572],[104.15357,22.51677],[104.15338,22.51764],[104.15095,22.51698],[104.14893,22.51734],[104.147,22.51809],[104.14638,22.51803],[104.14483,22.51664],[104.14409,22.51547],[104.14248,22.51669],[104.14177,22.51683],[104.14026,22.51508],[104.13972,22.51388],[104.13859,22.50987],[104.13871,22.50607],[104.13935,22.50392],[104.13829,22.5021],[104.13589,22.50237],[104.13606,22.50316],[104.13505,22.50564],[104.13128,22.50655],[104.12884,22.50759],[104.1287,22.50992],[104.1269,22.51066],[104.12495,22.51249],[104.12359,22.51736],[104.12507,22.51718],[104.12883,22.51778],[104.1291,22.5167],[104.13037,22.51639],[104.13173,22.5152],[104.13311,22.51683],[104.13289,22.51773],[104.13325,22.51867],[104.13215,22.52035],[104.13216,22.52252],[104.1302,22.52349],[104.12927,22.52626],[104.1277,22.52713],[104.1269,22.52724],[104.12095,22.52719],[104.12141,22.52831],[104.12341,22.52886],[104.12438,22.53015],[104.12554,22.53081],[104.1269,22.53262],[104.1277,22.53324],[104.12966,22.53644],[104.1257,22.54076],[104.12478,22.5415],[104.12268,22.54217],[104.12228,22.54356],[104.12065,22.54362],[104.11929,22.54417],[104.11741,22.54422],[104.11606,22.54611],[104.11607,22.54724],[104.11678,22.54819],[104.11399,22.54745],[104.11327,22.54708],[104.11207,22.54721],[104.11072,22.54527],[104.11068,22.54276],[104.10858,22.54295],[104.10701,22.54216],[104.10409,22.54221],[104.10121,22.54156],[104.09913,22.54159],[104.09509,22.54126],[104.09486,22.53761],[104.09557,22.53592],[104.09496,22.53297],[104.09549,22.5311],[104.09466,22.52944],[104.09332,22.52828],[104.09252,22.5281],[104.0914,22.52883],[104.09027,22.52822],[104.08944,22.52641],[104.08643,22.52585],[104.08576,22.52775],[104.0859,22.52957],[104.08544,22.53069],[104.08564,22.53259],[104.08529,22.53409],[104.0847,22.53469],[104.08349,22.53501],[104.08217,22.5367],[104.08208,22.53898],[104.08117,22.5411],[104.07868,22.53676],[104.07784,22.53578],[104.07579,22.53474],[104.07458,22.53494],[104.07416,22.53428],[104.07305,22.53403],[104.07182,22.53301],[104.06939,22.5315],[104.06809,22.53212],[104.06576,22.53111],[104.06463,22.53102],[104.06526,22.52894],[104.06371,22.52837],[104.06269,22.5276],[104.06092,22.52682],[104.05934,22.52714],[104.058,22.52608],[104.05694,22.52602],[104.05602,22.52674],[104.05505,22.52652],[104.05351,22.5269],[104.05237,22.52785],[104.05119,22.52687],[104.05124,22.52636],[104.04943,22.5252],[104.04876,22.5243],[104.04769,22.52119],[104.04584,22.5215],[104.04438,22.5206],[104.04404,22.51991],[104.043,22.51983],[104.04175,22.51896],[104.0398,22.51936],[104.03889,22.51869],[104.03788,22.51572],[104.03915,22.51298],[104.03843,22.51188],[104.04133,22.50931],[104.04303,22.5089],[104.04449,22.50826],[104.04515,22.50688],[104.04601,22.50627],[104.04563,22.50522],[104.04832,22.50367],[104.04891,22.50223],[104.05044,22.50153],[104.05109,22.50067],[104.05083,22.49927],[104.05242,22.4968],[104.05438,22.4959],[104.05595,22.49333],[104.05781,22.4914],[104.05887,22.49074],[104.05944,22.48988],[104.06069,22.48899],[104.06257,22.48814],[104.06325,22.48694],[104.06445,22.48595],[104.06636,22.48592],[104.06767,22.48468],[104.06907,22.48422],[104.0702,22.48301],[104.07112,22.48251],[104.07205,22.48106],[104.07324,22.48048],[104.07369,22.47903],[104.07471,22.47841],[104.0749,22.47757],[104.0758,22.47693],[104.07612,22.47612],[104.07739,22.47573],[104.07773,22.47474],[104.07931,22.47298],[104.07974,22.47054],[104.08089,22.46993],[104.07934,22.46684],[104.07854,22.466],[104.07775,22.4658],[104.07636,22.46628],[104.07559,22.46696],[104.07298,22.46495],[104.07212,22.4649],[104.07234,22.46379],[104.07179,22.46286],[104.07081,22.45892],[104.07216,22.45883],[104.07428,22.45732],[104.07564,22.45519],[104.07709,22.4547],[104.07916,22.45537],[104.08026,22.45491],[104.08228,22.45193],[104.08495,22.45038],[104.08535,22.44961],[104.08722,22.44839],[104.08867,22.44796],[104.08892,22.44701],[104.09108,22.44595],[104.09298,22.44553],[104.09374,22.4457],[104.09457,22.44687],[104.09577,22.44751],[104.09614,22.44821],[104.09768,22.44857],[104.09859,22.44925],[104.10179,22.4485],[104.10317,22.44739],[104.10389,22.44636],[104.10515,22.44679],[104.10599,22.44548],[104.10813,22.44378],[104.10895,22.44188],[104.1107,22.44043],[104.11146,22.43809],[104.11336,22.43694],[104.11574,22.43782],[104.11842,22.43937],[104.12036,22.43898],[104.1211,22.43819],[104.12175,22.43901],[104.12366,22.43913],[104.1256,22.43691],[104.1269,22.43574],[104.12803,22.43524],[104.12916,22.43424],[104.13103,22.43478],[104.13225,22.4343],[104.13498,22.43403],[104.13603,22.43477],[104.1371,22.43437],[104.13745,22.4329],[104.13813,22.43167],[104.13909,22.4285],[104.14063,22.42739],[104.14133,22.42591],[104.14284,22.42575],[104.14396,22.426],[104.14587,22.4271],[104.14671,22.4264],[104.14783,22.42706],[104.14978,22.42638],[104.15053,22.42448],[104.15318,22.42293],[104.15421,22.42205],[104.1553,22.42364],[104.15664,22.4238],[104.1577,22.42438],[104.15897,22.42392],[104.15947,22.42472],[104.16146,22.42441],[104.163,22.42381],[104.16456,22.42379],[104.1655,22.42295],[104.16683,22.4205],[104.16766,22.4197],[104.17046,22.41578],[104.1699,22.41463],[104.17129,22.41371],[104.17148,22.4127],[104.1724,22.41246],[104.17339,22.4107],[104.17503,22.40932],[104.17699,22.41032],[104.17736,22.41143],[104.1756,22.41296],[104.17571,22.41376],[104.1749,22.41476],[104.17526,22.41718],[104.17628,22.41799],[104.17638,22.41895],[104.17818,22.41947],[104.17941,22.42161],[104.18054,22.42192],[104.18124,22.42288],[104.18252,22.42228],[104.18485,22.42227],[104.18557,22.422],[104.1864,22.42277],[104.18629,22.42483],[104.18697,22.42591],[104.18681,22.42911],[104.18651,22.42964],[104.18756,22.43111],[104.18877,22.43194],[104.18918,22.4341],[104.18985,22.43551],[104.19146,22.43606],[104.19236,22.43674],[104.19238,22.43743],[104.19127,22.43925],[104.19107,22.44121],[104.19044,22.44205],[104.1879,22.44465],[104.1874,22.44718],[104.18654,22.44885],[104.18546,22.44968],[104.1853,22.4512],[104.18458,22.45239],[104.18212,22.45241],[104.1815,22.4546],[104.1794,22.4562],[104.17912,22.45719],[104.17836,22.45795],[104.1782,22.4601],[104.17749,22.46087],[104.17784,22.46144],[104.17759,22.46299],[104.1766,22.46428],[104.17485,22.4651],[104.17408,22.46604],[104.17301,22.46625],[104.17225,22.46737],[104.17059,22.46809],[104.16901,22.46824],[104.16843,22.46864],[104.16826,22.46976],[104.16981,22.4718],[104.16957,22.47257],[104.17074,22.47536],[104.17048,22.47761],[104.17044,22.47969],[104.17006,22.48068],[104.16973,22.48478],[104.16877,22.48526],[104.16869,22.48675],[104.17001,22.48835],[104.16936,22.48911],[104.16917,22.4916],[104.16856,22.49244],[104.1668,22.49373],[104.16538,22.49423],[104.16578,22.49625],[104.16628,22.4969],[104.16636,22.49867],[104.16696,22.50162],[104.16753,22.50327],[104.16736,22.50512],[104.16827,22.50599],[104.16831,22.50814],[104.1675,22.51063],[104.16824,22.51232],[104.17135,22.51473],[104.17076,22.51579],[104.17056,22.51792],[104.17061,22.52164],[104.17159,22.52477],[104.17226,22.52588],[104.17281,22.52773]]]},"properties":{"a01_tinh":"diaphanhanhchinhcaptinh_sn.114","a02_xa":"diaphanhanhchinhcapxa_2025.1070","a03_ten":"Xã Phong Hải","a04_tentinh":"Tỉnh Lào Cai","a05_truocsn":"Thị trấn Nông trường Phong Hải, Xã Bản Cầm","a06_trungtamhc":"Tổ dân phố số 4, xã Phong Hải (Trụ sở xã Phong Hải cũ)","a07_dt":"120.9","a08_ds":"16942","a09_dthoai":null,"a10_web":null,"ten":"Xã Phong Hải","ma":"02902","tentinh":"Tỉnh Lào Cai","truocsapnhap":"Thị trấn Nông trường Phong Hải, Xã Bản Cầm","dientichkm2":null,"dansonguoi":null},"id":"diaphanhanhchinhcapxa_2025.1070"},
{"type":"Feature","geometry":{"type":"Polygon","coordinates":[[[104.62136,22.17577],[104.62139,22.17683],[104.62088,22.1791],[104.62074,22.18186],[104.62104,22.18367],[104.6201,22.18607],[104.62033,22.18719],[104.61953,22.18775],[104.6189,22.18944],[104.61918,22.19314],[104.61781,22.19361],[104.6163,22.19551],[104.6161,22.19825],[104.61523,22.19945],[104.61436,22.20138],[104.61499,22.20294],[104.61478,22.20523],[104.61524,22.20705],[104.61621,22.20803],[104.62877,22.21929],[104.62659,22.21994],[104.6244,22.22018],[104.62225,22.2215],[104.62068,22.2237],[104.61977,22.22431],[104.61836,22.22416],[104.61657,22.22483],[104.61518,22.22491],[104.61428,22.22538],[104.61241,22.22549],[104.61071,22.225],[104.60953,22.22425],[104.6078,22.22357],[104.60747,22.22276],[104.60578,22.22135],[104.6051,22.22159],[104.60377,22.2213],[104.60113,22.2218],[104.59843,22.21903],[104.59666,22.2176],[104.59555,22.21861],[104.59353,22.21849],[104.59249,22.21949],[104.59099,22.21928],[104.59015,22.2207],[104.58822,22.22223],[104.58688,22.22299],[104.58538,22.22534],[104.58788,22.22773],[104.58584,22.22978],[104.58378,22.23147],[104.58461,22.23287],[104.58493,22.23402],[104.58631,22.23655],[104.5862,22.23937],[104.58517,22.24241],[104.58524,22.24378],[104.58618,22.24702],[104.58687,22.2486],[104.58692,22.24996],[104.58495,22.25096],[104.58195,22.25176],[104.57942,22.2521],[104.57815,22.25155],[104.57585,22.24971],[104.57525,22.2472],[104.57528,22.2461],[104.57296,22.24398],[104.57282,22.24357],[104.57258,22.24247],[104.57131,22.24106],[104.57095,22.23989],[104.56839,22.23851],[104.56707,22.23721],[104.56773,22.23501],[104.56676,22.23235],[104.56619,22.23152],[104.56607,22.23012],[104.56551,22.22868],[104.56347,22.22764],[104.56125,22.22709],[104.55742,22.22659],[104.5562,22.22689],[104.55362,22.22622],[104.55281,22.22638],[104.55071,22.22399],[104.54999,22.22199],[104.54731,22.22023],[104.547,22.21903],[104.54609,22.21743],[104.54718,22.21537],[104.54697,22.21435],[104.54573,22.21246],[104.54703,22.21168],[104.54844,22.21041],[104.54965,22.20885],[104.5524,22.20645],[104.55342,22.20478],[104.55473,22.20348],[104.55499,22.20266],[104.5567,22.20198],[104.55691,22.20091],[104.55784,22.19971],[104.55849,22.19943],[104.55937,22.19787],[104.55948,22.19686],[104.55716,22.19772],[104.55525,22.19814],[104.5543,22.19875],[104.55229,22.20083],[104.55115,22.20118],[104.5485,22.20038],[104.54573,22.20009],[104.54379,22.20058],[104.54165,22.20073],[104.53901,22.20164],[104.53371,22.20482],[104.52985,22.20628],[104.52797,22.20746],[104.52695,22.2084],[104.5257,22.21058],[104.52441,22.21188],[104.52072,22.21339],[104.51684,22.21366],[104.51371,22.21363],[104.51205,22.21343],[104.51208,22.21283],[104.51405,22.21164],[104.5144,22.21071],[104.51399,22.20833],[104.51553,22.20679],[104.51609,22.20329],[104.51659,22.20258],[104.52064,22.19954],[104.5209,22.1989],[104.52032,22.19738],[104.51785,22.19434],[104.51582,22.19308],[104.51352,22.19203],[104.51297,22.19151],[104.51086,22.19046],[104.50997,22.18979],[104.50997,22.18896],[104.51089,22.18753],[104.51257,22.18653],[104.51338,22.18573],[104.51318,22.18477],[104.51402,22.1837],[104.51366,22.18089],[104.51263,22.17928],[104.5128,22.17781],[104.514,22.17783],[104.51445,22.17712],[104.51567,22.17679],[104.51752,22.17498],[104.51816,22.17477],[104.51776,22.17288],[104.5164,22.17213],[104.51507,22.17256],[104.51325,22.1725],[104.51119,22.17278],[104.5145,22.17115],[104.51668,22.17058],[104.51835,22.16965],[104.51778,22.16788],[104.51684,22.16652],[104.51678,22.16588],[104.5175,22.16445],[104.51569,22.1638],[104.51437,22.16213],[104.51289,22.16116],[104.51281,22.15709],[104.51174,22.15569],[104.5118,22.1548],[104.51081,22.15369],[104.50929,22.15369],[104.50734,22.15322],[104.50527,22.15063],[104.50308,22.14981],[104.501,22.14771],[104.49889,22.14701],[104.4961,22.14526],[104.49549,22.14446],[104.49394,22.14344],[104.49244,22.14309],[104.49102,22.14189],[104.49247,22.14153],[104.4949,22.13951],[104.49562,22.13833],[104.49749,22.1367],[104.49921,22.13614],[104.50103,22.13521],[104.50189,22.13331],[104.50382,22.13282],[104.5068,22.131],[104.50745,22.13094],[104.51033,22.12842],[104.51116,22.12738],[104.51283,22.12734],[104.51455,22.12698],[104.51749,22.12573],[104.51888,22.1242],[104.52136,22.12299],[104.52242,22.12071],[104.52266,22.11935],[104.52501,22.11546],[104.52672,22.11334],[104.52708,22.11189],[104.52777,22.11101],[104.53165,22.10951],[104.53415,22.109],[104.53526,22.10827],[104.53606,22.10712],[104.53803,22.10593],[104.53849,22.10498],[104.53929,22.10453],[104.54121,22.10208],[104.54222,22.10193],[104.54543,22.10034],[104.54582,22.09971],[104.54559,22.09862],[104.54723,22.09778],[104.54867,22.09402],[104.5499,22.09244],[104.55251,22.09146],[104.55429,22.09113],[104.55613,22.09048],[104.55892,22.08855],[104.5605,22.08781],[104.56248,22.08642],[104.566,22.08945],[104.56575,22.09008],[104.56608,22.09244],[104.56665,22.09334],[104.56795,22.09449],[104.56852,22.09608],[104.57027,22.09702],[104.57047,22.09758],[104.57218,22.09844],[104.57158,22.09927],[104.5703,22.10296],[104.57216,22.10453],[104.57364,22.10662],[104.57469,22.11019],[104.57545,22.11074],[104.57753,22.11045],[104.57986,22.11234],[104.58129,22.11282],[104.58347,22.11235],[104.58167,22.11442],[104.57988,22.11608],[104.57912,22.11727],[104.57918,22.12007],[104.57881,22.12124],[104.58018,22.12353],[104.57996,22.12482],[104.58008,22.12638],[104.58079,22.12679],[104.58121,22.12786],[104.5814,22.12964],[104.58113,22.13252],[104.58145,22.13535],[104.58052,22.13683],[104.58011,22.13885],[104.58227,22.13984],[104.58328,22.14199],[104.58474,22.14275],[104.58536,22.14353],[104.58473,22.1466],[104.58371,22.14783],[104.58289,22.15019],[104.58304,22.15141],[104.58111,22.15391],[104.58093,22.1549],[104.58312,22.15661],[104.58585,22.15686],[104.5874,22.15756],[104.58789,22.15835],[104.58932,22.15941],[104.58733,22.16202],[104.58639,22.16258],[104.58594,22.16413],[104.58395,22.16628],[104.5833,22.16881],[104.58381,22.17049],[104.58355,22.17337],[104.58318,22.17418],[104.58316,22.17691],[104.5848,22.1781],[104.58743,22.17911],[104.58873,22.1802],[104.58931,22.18128],[104.59061,22.1822],[104.59221,22.18073],[104.59279,22.18061],[104.5946,22.18114],[104.59643,22.18216],[104.59833,22.18288],[104.5993,22.18294],[104.60102,22.18185],[104.60175,22.1802],[104.60161,22.17835],[104.60206,22.17682],[104.60286,22.17586],[104.60471,22.17531],[104.60684,22.1761],[104.60848,22.17701],[104.61007,22.17699],[104.61476,22.1755],[104.61601,22.17602],[104.61804,22.17806],[104.61894,22.17816],[104.62136,22.17577]]]},"properties":{"a01_tinh":"diaphanhanhchinhcaptinh_sn.114","a02_xa":"diaphanhanhchinhcapxa_2025.1080","a03_ten":"Xã Phúc Khánh","a04_tentinh":"Tỉnh Lào Cai","a05_truocsn":"Xã Việt Tiến, Xã Phúc Khánh","a06_trungtamhc":"Thôn Cầu Cóc, xã Phúc Khánh (Trụ sở xã Phúc Khánh cũ)","a07_dt":"114","a08_ds":"8534","a09_dthoai":null,"a10_web":null,"ten":"Xã Phúc Khánh","ma":"02998","tentinh":"Tỉnh Lào Cai","truocsapnhap":"Xã Việt Tiến, Xã Phúc Khánh","dientichkm2":null,"dansonguoi":null},"id":"diaphanhanhchinhcapxa_2025.1080"},
{"type":"Feature","geometry":{"type":"Polygon","coordinates":[[[104.72945,22.05531],[104.71899,22.0603],[104.71336,22.06822],[104.70424,22.067],[104.70206,22.0668],[104.70104,22.06622],[104.70051,22.06729],[104.69868,22.0692],[104.69209,22.07279],[104.68783,22.0722],[104.68548,22.07129],[104.68725,22.06805],[104.6928,22.06535],[104.69298,22.06435],[104.69491,22.06296],[104.69498,22.06166],[104.69591,22.06085],[104.68598,22.05341],[104.68531,22.05219],[104.68606,22.05099],[104.68486,22.04865],[104.68464,22.04751],[104.683,22.04776],[104.68251,22.04912],[104.68132,22.05091],[104.68049,22.05125],[104.67942,22.05283],[104.67832,22.0537],[104.67693,22.05423],[104.67595,22.05529],[104.67433,22.05588],[104.67334,22.05724],[104.67135,22.05633],[104.67035,22.0565],[104.6672,22.05791],[104.66456,22.0576],[104.66271,22.05853],[104.66289,22.05942],[104.66231,22.06033],[104.65868,22.06302],[104.65579,22.06625],[104.65483,22.06885],[104.65369,22.06973],[104.65113,22.06991],[104.64874,22.07153],[104.64817,22.07345],[104.64666,22.07496],[104.64666,22.07612],[104.6458,22.07775],[104.64446,22.0789],[104.64379,22.07997],[104.64223,22.08108],[104.6417,22.07999],[104.63963,22.07821],[104.63856,22.07786],[104.63742,22.07653],[104.6357,22.07635],[104.63547,22.07537],[104.63678,22.07347],[104.63725,22.07084],[104.6367,22.06805],[104.63611,22.06729],[104.63607,22.06529],[104.63428,22.06535],[104.63265,22.0646],[104.63089,22.06425],[104.63024,22.06354],[104.62871,22.06327],[104.62729,22.06439],[104.6263,22.06433],[104.62497,22.06513],[104.62398,22.06469],[104.62367,22.06279],[104.62115,22.06214],[104.61834,22.06043],[104.61594,22.06113],[104.61485,22.06012],[104.61448,22.05916],[104.61308,22.05778],[104.6109,22.05623],[104.61056,22.05537],[104.61074,22.05399],[104.61042,22.05104],[104.61077,22.04828],[104.61121,22.0463],[104.61194,22.0448],[104.61054,22.0438],[104.60952,22.04244],[104.60708,22.04213],[104.60585,22.0401],[104.60629,22.03894],[104.60784,22.03776],[104.61194,22.03496],[104.61268,22.03361],[104.61424,22.0328],[104.61646,22.03027],[104.61566,22.02825],[104.61628,22.02461],[104.61759,22.02331],[104.61868,22.02271],[104.62033,22.02112],[104.62094,22.01993],[104.62174,22.01925],[104.62232,22.01771],[104.6252,22.01645],[104.62668,22.01727],[104.62948,22.01786],[104.63103,22.01716],[104.63286,22.01734],[104.63426,22.01792],[104.63678,22.01623],[104.63824,22.01409],[104.64017,22.0133],[104.64214,22.01093],[104.64478,22.0098],[104.64609,22.00749],[104.64712,22.00619],[104.64769,22.00481],[104.64937,22.00356],[104.65051,21.99949],[104.65126,21.9989],[104.65323,21.99809],[104.65444,21.9969],[104.65807,21.99608],[104.65839,21.99545],[104.66132,21.99446],[104.66343,21.99168],[104.66338,21.99028],[104.66401,21.98809],[104.66479,21.98755],[104.66572,21.98565],[104.66544,21.98316],[104.66483,21.98089],[104.66549,21.97996],[104.66647,21.97938],[104.66834,21.97888],[104.66968,21.9779],[104.67271,21.97669],[104.67507,21.97521],[104.6767,21.97488],[104.67939,21.97351],[104.68055,21.97043],[104.68257,21.96878],[104.68308,21.96678],[104.685,21.9657],[104.68679,21.96415],[104.69157,21.96173],[104.6923,21.96148],[104.69506,21.95945],[104.69653,21.95724],[104.69813,21.95592],[104.69921,21.95463],[104.6988,21.95321],[104.69963,21.95279],[104.7011,21.95306],[104.70307,21.95055],[104.70415,21.94856],[104.70649,21.948],[104.70737,21.94748],[104.709,21.94573],[104.70874,21.94382],[104.70947,21.94291],[104.70982,21.94069],[104.71068,21.94007],[104.71199,21.93976],[104.71278,21.93901],[104.71415,21.93709],[104.71486,21.93502],[104.71597,21.93414],[104.71747,21.93415],[104.72053,21.93514],[104.72325,21.93474],[104.72473,21.93533],[104.72818,21.9338],[104.73002,21.93405],[104.73168,21.93332],[104.73284,21.93242],[104.73404,21.93295],[104.73598,21.93277],[104.73754,21.9314],[104.73807,21.9302],[104.73973,21.93173],[104.74068,21.93315],[104.74172,21.93414],[104.74329,21.93434],[104.74384,21.93458],[104.74486,21.93562],[104.74502,21.93664],[104.74572,21.93732],[104.74958,21.93919],[104.7506,21.94],[104.7508,21.94084],[104.75,21.9431],[104.7502,21.94509],[104.74891,21.94747],[104.7494,21.94843],[104.75143,21.94858],[104.75479,21.95062],[104.75567,21.95236],[104.75716,21.95388],[104.75845,21.95394],[104.75992,21.95512],[104.76262,21.95624],[104.765,21.95683],[104.76582,21.95682],[104.76801,21.95478],[104.76875,21.95486],[104.76981,21.95604],[104.77124,21.95626],[104.77139,21.95629],[104.7727,21.95622],[104.77461,21.95689],[104.77547,21.95822],[104.77683,21.95851],[104.77879,21.96012],[104.78365,21.96186],[104.78617,21.96299],[104.78711,21.96411],[104.78772,21.96415],[104.78877,21.96265],[104.79111,21.96419],[104.79189,21.96497],[104.79321,21.96464],[104.79411,21.96339],[104.79478,21.96415],[104.79714,21.96491],[104.7983,21.966],[104.79927,21.96746],[104.79746,21.96841],[104.79588,21.96966],[104.7952,21.97063],[104.79389,21.97375],[104.79198,21.97551],[104.78749,21.97798],[104.78711,21.97867],[104.78751,21.98098],[104.78884,21.98415],[104.78773,21.98649],[104.78528,21.99097],[104.78522,21.99202],[104.7859,21.99358],[104.78587,21.99445],[104.78442,21.99581],[104.78223,21.99605],[104.77304,21.9964],[104.77154,21.99686],[104.76974,21.99956],[104.76736,22.00599],[104.76669,22.0073],[104.76582,22.00818],[104.76365,22.00981],[104.76145,22.01066],[104.75864,22.01116],[104.75623,22.01122],[104.75533,22.01195],[104.75515,22.01299],[104.75558,22.01458],[104.75657,22.01533],[104.75855,22.01586],[104.75912,22.0171],[104.75765,22.01871],[104.75371,22.02109],[104.75354,22.02211],[104.75596,22.02375],[104.75731,22.02508],[104.75777,22.0264],[104.75773,22.02822],[104.75687,22.02975],[104.75557,22.02996],[104.75254,22.0297],[104.75076,22.02983],[104.74983,22.03045],[104.74997,22.03238],[104.74958,22.03441],[104.74828,22.03681],[104.74864,22.03838],[104.75109,22.04052],[104.75139,22.04118],[104.751,22.04273],[104.74995,22.04383],[104.74819,22.04408],[104.74336,22.0431],[104.74076,22.0433],[104.73964,22.04386],[104.73849,22.04493],[104.73749,22.04672],[104.73562,22.0494],[104.73415,22.04984],[104.73226,22.05015],[104.73119,22.05062],[104.7298,22.05166],[104.72914,22.05271],[104.72887,22.05389],[104.72945,22.05531]]]},"properties":{"a01_tinh":"diaphanhanhchinhcaptinh_sn.114","a02_xa":"diaphanhanhchinhcapxa_2025.1014","a03_ten":"Xã Phúc Lợi","a04_tentinh":"Tỉnh Lào Cai","a05_truocsn":"Xã Trúc Lâu, Xã Trung Tâm, Xã Phúc Lợi","a06_trungtamhc":"đang cập nhật","a07_dt":"160.71","a08_ds":"15369","a09_dthoai":null,"a10_web":null,"ten":"Xã Phúc Lợi","ma":"04363","tentinh":"Tỉnh Lào Cai","truocsapnhap":"Xã Trúc Lâu, Xã Trung Tâm, Xã Phúc Lợi","dientichkm2":null,"dansonguoi":null},"id":"diaphanhanhchinhcapxa_2025.1014"},
{"type":"Feature","geometry":{"type":"Polygon","coordinates":[[[104.18698,21.83567],[104.18593,21.83643],[104.18403,21.83662],[104.18225,21.83562],[104.18158,21.83361],[104.18039,21.8322],[104.1805,21.8309],[104.18,21.82982],[104.17808,21.82757],[104.17735,21.82504],[104.17684,21.82424],[104.1752,21.82395],[104.17434,21.82318],[104.17052,21.82242],[104.1683,21.82134],[104.16735,21.82032],[104.16547,21.81935],[104.16526,21.81827],[104.16325,21.81663],[104.1614,21.81654],[104.16,21.81577],[104.15966,21.8151],[104.15739,21.81339],[104.15606,21.81362],[104.15491,21.81267],[104.15387,21.81223],[104.15285,21.81121],[104.15069,21.81074],[104.14863,21.80902],[104.146,21.80772],[104.14529,21.80659],[104.14337,21.80512],[104.14297,21.80416],[104.14196,21.80558],[104.14116,21.80717],[104.13992,21.80824],[104.13816,21.80609],[104.13727,21.80598],[104.13715,21.80701],[104.13759,21.80773],[104.13732,21.80888],[104.1356,21.81042],[104.13381,21.80998],[104.13334,21.81077],[104.13408,21.8135],[104.13208,21.81538],[104.13225,21.81642],[104.13165,21.81701],[104.12985,21.81675],[104.12813,21.8187],[104.12599,21.81953],[104.12498,21.81813],[104.12508,21.8172],[104.12389,21.81565],[104.12354,21.81606],[104.12235,21.81415],[104.12058,21.81336],[104.11989,21.8114],[104.11921,21.80868],[104.1183,21.80771],[104.11819,21.80684],[104.11715,21.80573],[104.11721,21.80388],[104.11679,21.80303],[104.11586,21.80253],[104.11366,21.80225],[104.11199,21.80111],[104.1106,21.79964],[104.10919,21.79895],[104.10906,21.79745],[104.10834,21.79655],[104.10721,21.79671],[104.10424,21.79609],[104.10364,21.79554],[104.10222,21.79317],[104.10094,21.79195],[104.09953,21.79109],[104.09788,21.78891],[104.09735,21.78727],[104.09613,21.78633],[104.09503,21.78713],[104.09419,21.787],[104.09213,21.78765],[104.09075,21.78757],[104.09,21.7874],[104.08922,21.78601],[104.0882,21.78509],[104.08865,21.78314],[104.0886,21.77997],[104.08816,21.77845],[104.0901,21.77673],[104.09076,21.77498],[104.09041,21.77273],[104.09061,21.77133],[104.08963,21.77015],[104.08947,21.76925],[104.08815,21.76833],[104.08778,21.76742],[104.08711,21.7644],[104.08801,21.76229],[104.08804,21.76002],[104.09252,21.75818],[104.09428,21.75787],[104.09664,21.75631],[104.09829,21.75455],[104.09965,21.7546],[104.10199,21.75426],[104.10331,21.753],[104.1054,21.75208],[104.10705,21.7518],[104.10882,21.75041],[104.10999,21.75041],[104.11164,21.74941],[104.11361,21.74891],[104.11534,21.74974],[104.11618,21.74861],[104.11739,21.74773],[104.11848,21.7464],[104.12245,21.74591],[104.1231,21.74553],[104.12415,21.74375],[104.12778,21.74107],[104.12904,21.73799],[104.13059,21.73703],[104.13187,21.73749],[104.13401,21.73715],[104.1346,21.73643],[104.13451,21.73533],[104.1363,21.7329],[104.13784,21.73054],[104.13761,21.72823],[104.13869,21.72741],[104.141,21.72349],[104.14107,21.72143],[104.1416,21.72053],[104.14154,21.7195],[104.14337,21.71772],[104.14331,21.71639],[104.14364,21.71532],[104.14228,21.71316],[104.14088,21.71317],[104.14134,21.71105],[104.14094,21.71033],[104.14141,21.70804],[104.14046,21.70655],[104.14032,21.70543],[104.14168,21.70403],[104.14175,21.70217],[104.14097,21.70198],[104.14172,21.70031],[104.14144,21.69889],[104.14156,21.69743],[104.13975,21.69548],[104.13681,21.69289],[104.13661,21.6904],[104.1356,21.68745],[104.13452,21.68694],[104.13425,21.68631],[104.13435,21.68431],[104.13383,21.68312],[104.13418,21.68079],[104.13386,21.67996],[104.13288,21.67981],[104.13081,21.67812],[104.13112,21.67685],[104.13392,21.67465],[104.13442,21.67312],[104.13627,21.67141],[104.13616,21.6702],[104.1372,21.66924],[104.13822,21.66734],[104.13846,21.66571],[104.13997,21.66423],[104.14031,21.66309],[104.1415,21.66239],[104.14263,21.66054],[104.14418,21.65902],[104.14417,21.65809],[104.1457,21.65691],[104.14507,21.65545],[104.1458,21.65492],[104.14696,21.65411],[104.14619,21.65272],[104.14823,21.65028],[104.14864,21.64828],[104.14928,21.64777],[104.15085,21.64739],[104.15198,21.646],[104.15206,21.64492],[104.15294,21.64422],[104.15313,21.64332],[104.15537,21.64285],[104.15667,21.64224],[104.1577,21.64227],[104.15912,21.64176],[104.16265,21.64175],[104.16358,21.64145],[104.16426,21.64037],[104.16606,21.63944],[104.16741,21.63925],[104.16879,21.63863],[104.17165,21.63828],[104.17301,21.63632],[104.17397,21.63642],[104.17433,21.63779],[104.17402,21.63884],[104.17445,21.63994],[104.17563,21.64127],[104.17494,21.64287],[104.1753,21.64347],[104.17728,21.64347],[104.1771,21.64528],[104.17445,21.64704],[104.17573,21.64807],[104.17916,21.64789],[104.18068,21.64823],[104.18339,21.64745],[104.18589,21.64796],[104.18779,21.64796],[104.1886,21.64769],[104.19114,21.64748],[104.19188,21.64723],[104.19422,21.64789],[104.19544,21.64851],[104.1963,21.64809],[104.19719,21.64924],[104.19735,21.65044],[104.19975,21.65177],[104.20045,21.65307],[104.20142,21.65383],[104.20136,21.65445],[104.20344,21.65487],[104.20434,21.65573],[104.20477,21.65859],[104.20691,21.65969],[104.20739,21.66056],[104.20967,21.66287],[104.20975,21.66342],[104.21102,21.66435],[104.21083,21.66543],[104.21174,21.66699],[104.2116,21.66864],[104.21213,21.66936],[104.21157,21.67005],[104.21256,21.67089],[104.21506,21.67203],[104.21696,21.67221],[104.2178,21.67257],[104.22083,21.67294],[104.22157,21.67149],[104.22247,21.67144],[104.22372,21.67195],[104.22676,21.671],[104.22796,21.67107],[104.22987,21.6725],[104.23158,21.67292],[104.23438,21.67163],[104.23546,21.67095],[104.23743,21.67073],[104.23923,21.66999],[104.24145,21.66976],[104.24254,21.67067],[104.24389,21.67092],[104.24408,21.67181],[104.24529,21.67223],[104.24707,21.67146],[104.24903,21.67146],[104.25009,21.67092],[104.25327,21.67123],[104.25479,21.67072],[104.25577,21.66988],[104.25606,21.66843],[104.25498,21.66564],[104.25571,21.66506],[104.25911,21.66404],[104.26066,21.66311],[104.26279,21.66315],[104.26388,21.66372],[104.26723,21.6624],[104.26828,21.66239],[104.27075,21.66301],[104.27163,21.66292],[104.27429,21.6638],[104.27535,21.66351],[104.27696,21.66179],[104.2784,21.66207],[104.27998,21.66184],[104.2812,21.66223],[104.28612,21.66094],[104.28782,21.66132],[104.29027,21.65944],[104.29316,21.65584],[104.29463,21.65343],[104.29921,21.65269],[104.30239,21.65208],[104.3044,21.65265],[104.30648,21.65431],[104.30791,21.655],[104.3085,21.65567],[104.31015,21.65564],[104.31085,21.65601],[104.31278,21.65608],[104.31529,21.65665],[104.31782,21.6565],[104.32049,21.65456],[104.32269,21.65414],[104.32445,21.65429],[104.32548,21.65397],[104.32718,21.65417],[104.32886,21.65465],[104.32992,21.65457],[104.33101,21.65496],[104.33361,21.65485],[104.33705,21.65363],[104.33894,21.65335],[104.33942,21.65528],[104.33868,21.65695],[104.33833,21.65841],[104.33914,21.66089],[104.34282,21.66487],[104.34434,21.66702],[104.34584,21.66765],[104.3456,21.66881],[104.34357,21.67042],[104.34186,21.67076],[104.34122,21.67129],[104.33977,21.67091],[104.33882,21.67131],[104.33743,21.67136],[104.33541,21.67195],[104.33205,21.67416],[104.33123,21.67434],[104.33063,21.67516],[104.32868,21.67635],[104.32795,21.67653],[104.32785,21.6777],[104.32593,21.68013],[104.32572,21.68095],[104.32493,21.68134],[104.32388,21.6812],[104.32212,21.67949],[104.32032,21.68039],[104.3171,21.68101],[104.31601,21.68019],[104.3149,21.68047],[104.31368,21.68133],[104.31146,21.68188],[104.30959,21.68352],[104.30899,21.68377],[104.30849,21.68497],[104.30868,21.6867],[104.30812,21.69014],[104.30822,21.69159],[104.30763,21.69226],[104.30366,21.6947],[104.30385,21.69569],[104.30362,21.69731],[104.30377,21.69901],[104.30431,21.69958],[104.30365,21.701],[104.30284,21.70142],[104.30244,21.70257],[104.30133,21.70308],[104.30068,21.70394],[104.30073,21.70487],[104.29788,21.70631],[104.29649,21.70834],[104.29445,21.70937],[104.29387,21.71018],[104.29185,21.7113],[104.29106,21.71089],[104.28994,21.71122],[104.28858,21.71058],[104.28737,21.71052],[104.28639,21.71155],[104.2844,21.71149],[104.28304,21.71229],[104.27967,21.70862],[104.27729,21.70839],[104.27616,21.70808],[104.27502,21.70996],[104.2728,21.71159],[104.27201,21.71299],[104.27203,21.71462],[104.27091,21.71508],[104.27119,21.71574],[104.27023,21.71643],[104.26933,21.71796],[104.26703,21.71892],[104.26526,21.71932],[104.26405,21.71987],[104.26265,21.72111],[104.26044,21.72257],[104.26054,21.72327],[104.2597,21.72434],[104.25958,21.72549],[104.25793,21.72726],[104.25784,21.728],[104.25603,21.729],[104.25595,21.73135],[104.25529,21.73487],[104.2555,21.73612],[104.25482,21.73738],[104.25488,21.73891],[104.25372,21.74071],[104.2528,21.74078],[104.25181,21.7433],[104.25049,21.74406],[104.24992,21.74504],[104.24899,21.74548],[104.24679,21.74566],[104.2459,21.74617],[104.24617,21.74734],[104.24596,21.74886],[104.24459,21.74929],[104.24018,21.7495],[104.23826,21.75153],[104.23811,21.75322],[104.23735,21.75429],[104.23627,21.75411],[104.2343,21.75577],[104.23416,21.75721],[104.23338,21.75818],[104.23243,21.7602],[104.2307,21.76059],[104.22979,21.76133],[104.22743,21.76198],[104.22625,21.76193],[104.22358,21.76401],[104.22135,21.76497],[104.2194,21.76506],[104.21973,21.7666],[104.21937,21.76813],[104.21921,21.77027],[104.21847,21.77099],[104.21706,21.77153],[104.21636,21.77216],[104.21572,21.77355],[104.21581,21.77467],[104.21528,21.77705],[104.21455,21.77888],[104.21562,21.78131],[104.21555,21.78217],[104.21658,21.78302],[104.21688,21.78428],[104.21765,21.78552],[104.21847,21.78615],[104.21886,21.7872],[104.21817,21.78885],[104.21743,21.78937],[104.2171,21.79087],[104.21589,21.79173],[104.21455,21.79324],[104.21359,21.79299],[104.21268,21.79407],[104.21273,21.79671],[104.21042,21.79599],[104.20952,21.79738],[104.20801,21.79628],[104.20636,21.79628],[104.20468,21.79542],[104.20272,21.79648],[104.20111,21.79634],[104.20121,21.79805],[104.20055,21.79951],[104.19958,21.80059],[104.19754,21.8009],[104.19618,21.80203],[104.19549,21.80303],[104.19336,21.80381],[104.1941,21.80563],[104.19406,21.80656],[104.19325,21.80754],[104.1933,21.80815],[104.19155,21.81131],[104.19032,21.81298],[104.19049,21.81359],[104.18978,21.81541],[104.19135,21.81692],[104.19069,21.81886],[104.19154,21.81968],[104.19131,21.8209],[104.18991,21.82288],[104.18971,21.8236],[104.1902,21.82548],[104.19114,21.82634],[104.19081,21.82828],[104.18992,21.82917],[104.19021,21.83025],[104.18897,21.83142],[104.18828,21.83392],[104.18698,21.83567]]]},"properties":{"a01_tinh":"diaphanhanhchinhcaptinh_sn.114","a02_xa":"diaphanhanhchinhcapxa_2025.1029","a03_ten":"Xã Púng Luông","a04_tentinh":"Tỉnh Lào Cai","a05_truocsn":"Xã Nậm Khắt, Xã La Pán Tẩn, Xã Dế Xu Phình, Xã Púng Luông","a06_trungtamhc":"đang cập nhật","a07_dt":"253.24","a08_ds":"19516","a09_dthoai":null,"a10_web":null,"ten":"Xã Púng Luông","ma":"04492","tentinh":"Tỉnh Lào Cai","truocsapnhap":"Xã Nậm Khắt, Xã La Pán Tẩn, Xã Dế Xu Phình, Xã Púng Luông","dientichkm2":null,"dansonguoi":null},"id":"diaphanhanhchinhcapxa_2025.1029"},
{"type":"Feature","geometry":{"type":"Polygon","coordinates":[[[104.83102,21.74643],[104.8277,21.75046],[104.8252,21.75273],[104.82272,21.75475],[104.8208,21.75612],[104.81891,21.75717],[104.81649,21.75808],[104.81438,21.75854],[104.8106,21.7585],[104.80907,21.75796],[104.80356,21.7552],[104.80175,21.75473],[104.79895,21.75462],[104.79646,21.75506],[104.79508,21.75551],[104.79368,21.75637],[104.79212,21.75837],[104.7913,21.76122],[104.79127,21.76421],[104.79203,21.76676],[104.79288,21.7683],[104.79381,21.76937],[104.7956,21.77248],[104.79902,21.77591],[104.80092,21.77756],[104.80297,21.77981],[104.80338,21.78072],[104.80386,21.78358],[104.8034,21.78393],[104.8032,21.78541],[104.80263,21.78699],[104.80114,21.78921],[104.79721,21.79254],[104.79462,21.79414],[104.79117,21.79525],[104.78813,21.79642],[104.78575,21.79782],[104.78098,21.80149],[104.77833,21.80319],[104.7764,21.80391],[104.77411,21.80414],[104.7715,21.80358],[104.76645,21.801],[104.7672,21.79929],[104.76638,21.79907],[104.76486,21.79776],[104.76418,21.79642],[104.76319,21.79566],[104.76396,21.79484],[104.764,21.79356],[104.76464,21.79282],[104.7644,21.79131],[104.76239,21.79022],[104.76225,21.78935],[104.7634,21.78768],[104.76465,21.78744],[104.76601,21.78543],[104.76486,21.7852],[104.76395,21.78584],[104.76298,21.78542],[104.76104,21.78537],[104.7601,21.78383],[104.76051,21.78208],[104.75808,21.781],[104.75563,21.78064],[104.75491,21.78096],[104.75441,21.78191],[104.75189,21.78253],[104.7524,21.78421],[104.75109,21.78456],[104.74878,21.78328],[104.74709,21.78332],[104.74724,21.78193],[104.7465,21.7807],[104.74568,21.78049],[104.7442,21.78108],[104.74182,21.78147],[104.74039,21.77994],[104.73818,21.77947],[104.73696,21.77854],[104.7366,21.77666],[104.73686,21.77498],[104.73492,21.77404],[104.73426,21.7731],[104.73345,21.77318],[104.73394,21.77082],[104.73337,21.76926],[104.7352,21.76782],[104.73639,21.76606],[104.73672,21.7645],[104.73609,21.76438],[104.73441,21.763],[104.73289,21.76256],[104.73125,21.76285],[104.72965,21.76518],[104.72837,21.76624],[104.72722,21.76643],[104.72328,21.76466],[104.7235,21.76269],[104.72338,21.76121],[104.72159,21.7596],[104.71945,21.75832],[104.71773,21.75783],[104.71694,21.75715],[104.71711,21.75546],[104.7163,21.75443],[104.71531,21.75432],[104.71461,21.75288],[104.71332,21.75165],[104.7128,21.75028],[104.7127,21.74827],[104.71297,21.74666],[104.71403,21.74545],[104.71477,21.74212],[104.71559,21.74115],[104.71516,21.7389],[104.71678,21.73756],[104.71676,21.73544],[104.71872,21.73328],[104.71884,21.73237],[104.71787,21.73114],[104.71773,21.72974],[104.71722,21.72915],[104.71543,21.72951],[104.71085,21.7292],[104.7077,21.72931],[104.70621,21.72919],[104.70455,21.72864],[104.70247,21.72858],[104.70192,21.72792],[104.69855,21.72786],[104.69704,21.72829],[104.69555,21.72782],[104.69389,21.72566],[104.69047,21.72511],[104.69114,21.72455],[104.69115,21.72305],[104.69199,21.72151],[104.69226,21.71879],[104.69191,21.71813],[104.69198,21.7165],[104.68898,21.71447],[104.68868,21.71158],[104.68744,21.71045],[104.68644,21.71002],[104.6873,21.70853],[104.68734,21.7074],[104.6887,21.70462],[104.68903,21.70248],[104.68792,21.70159],[104.68794,21.69996],[104.68884,21.69806],[104.68896,21.69551],[104.6881,21.69411],[104.68922,21.69278],[104.68954,21.69063],[104.68919,21.68911],[104.69043,21.68824],[104.6919,21.68601],[104.69256,21.68549],[104.69377,21.68353],[104.69606,21.68078],[104.69609,21.67944],[104.6956,21.67853],[104.69525,21.6764],[104.6956,21.67372],[104.69527,21.67106],[104.69542,21.66694],[104.69506,21.66496],[104.69405,21.66327],[104.69391,21.66257],[104.69494,21.66164],[104.6953,21.66077],[104.69757,21.6602],[104.69899,21.65847],[104.70006,21.65824],[104.70066,21.65717],[104.70218,21.65543],[104.70291,21.65383],[104.70404,21.65261],[104.70537,21.65171],[104.70868,21.6528],[104.71051,21.6512],[104.71183,21.65079],[104.71429,21.64935],[104.7153,21.64916],[104.71596,21.64844],[104.71857,21.64702],[104.72118,21.64804],[104.72209,21.64886],[104.72269,21.65011],[104.72378,21.65031],[104.72481,21.65112],[104.72598,21.65256],[104.72704,21.65171],[104.72913,21.65094],[104.72993,21.65037],[104.7323,21.64932],[104.73587,21.64667],[104.73832,21.64591],[104.73956,21.64587],[104.74029,21.64829],[104.74198,21.65032],[104.74313,21.65278],[104.74351,21.65448],[104.74457,21.65682],[104.74521,21.65764],[104.74739,21.65811],[104.75081,21.66002],[104.75325,21.66035],[104.756,21.66189],[104.75706,21.66306],[104.75875,21.66357],[104.75983,21.66738],[104.761,21.66999],[104.76105,21.67187],[104.76193,21.67486],[104.76398,21.67638],[104.76573,21.67567],[104.76649,21.67479],[104.76681,21.67368],[104.76807,21.67461],[104.76903,21.67605],[104.77117,21.67675],[104.77241,21.67632],[104.77606,21.67696],[104.77686,21.6778],[104.77925,21.67796],[104.78048,21.6788],[104.78131,21.68104],[104.7834,21.68103],[104.7846,21.68062],[104.78611,21.68129],[104.78753,21.68157],[104.78784,21.68301],[104.78948,21.68409],[104.78928,21.68481],[104.79021,21.68614],[104.78955,21.6882],[104.78963,21.68957],[104.78916,21.69067],[104.79017,21.6909],[104.79092,21.69231],[104.7908,21.69353],[104.79129,21.69396],[104.79163,21.69623],[104.79263,21.69706],[104.79437,21.69572],[104.79584,21.69674],[104.79556,21.69826],[104.7962,21.69905],[104.79743,21.6981],[104.79911,21.69916],[104.79845,21.7001],[104.79872,21.70235],[104.79767,21.70309],[104.79644,21.70474],[104.79524,21.70568],[104.7953,21.70649],[104.79462,21.70714],[104.79499,21.70892],[104.7947,21.71041],[104.79625,21.71258],[104.79649,21.7134],[104.79607,21.71544],[104.79835,21.71693],[104.79969,21.71738],[104.80134,21.71665],[104.80401,21.71653],[104.8051,21.7167],[104.80712,21.71651],[104.80921,21.71774],[104.80988,21.71893],[104.81191,21.71935],[104.81256,21.72159],[104.81424,21.72031],[104.81499,21.7186],[104.81566,21.71801],[104.81675,21.71464],[104.81789,21.713],[104.81982,21.71232],[104.81983,21.71055],[104.82038,21.70985],[104.82126,21.71045],[104.82295,21.71082],[104.82469,21.7107],[104.82653,21.71119],[104.828,21.71235],[104.82939,21.71215],[104.83002,21.71153],[104.83206,21.71158],[104.83345,21.71094],[104.83423,21.71189],[104.83591,21.71213],[104.83964,21.71305],[104.84112,21.71186],[104.84232,21.71328],[104.83951,21.71529],[104.83869,21.71615],[104.8383,21.71779],[104.83899,21.71995],[104.84111,21.72411],[104.84188,21.72611],[104.84238,21.72868],[104.8426,21.73133],[104.84243,21.73263],[104.84166,21.73465],[104.83935,21.7382],[104.83537,21.74193],[104.83102,21.74643]]]},"properties":{"a01_tinh":"diaphanhanhchinhcaptinh_sn.114","a02_xa":"diaphanhanhchinhcapxa_2025.1031","a03_ten":"Xã Quy Mông","a04_tentinh":"Tỉnh Lào Cai","a05_truocsn":"Xã Kiên Thành, Xã Y Can, Xã Quy Mông","a06_trungtamhc":"đang cập nhật","a07_dt":"149.17","a08_ds":"16169","a09_dthoai":null,"a10_web":null,"ten":"Xã Quy Mông","ma":"04531","tentinh":"Tỉnh Lào Cai","truocsapnhap":"Xã Kiên Thành, Xã Y Can, Xã Quy Mông","dientichkm2":null,"dansonguoi":null},"id":"diaphanhanhchinhcapxa_2025.1031"},
{"type":"Feature","geometry":{"type":"Polygon","coordinates":[[[104.33498,22.68969],[104.33427,22.6904],[104.33448,22.69134],[104.33571,22.69269],[104.33631,22.69449],[104.3354,22.69641],[104.33718,22.69944],[104.33892,22.70065],[104.33985,22.70297],[104.3411,22.70366],[104.34041,22.70536],[104.34089,22.70775],[104.34069,22.70913],[104.34175,22.71186],[104.34116,22.71657],[104.33887,22.72111],[104.33849,22.72215],[104.33726,22.72303],[104.33499,22.72338],[104.33326,22.72495],[104.33216,22.72559],[104.32972,22.72609],[104.32718,22.72778],[104.32496,22.73],[104.32357,22.72994],[104.32242,22.73038],[104.32053,22.73204],[104.31777,22.73184],[104.31599,22.73211],[104.31268,22.73181],[104.30979,22.73041],[104.30845,22.73005],[104.30319,22.73022],[104.30152,22.73045],[104.2992,22.73139],[104.29653,22.73313],[104.29418,22.73374],[104.29231,22.73556],[104.29022,22.73662],[104.2893,22.73755],[104.28441,22.73937],[104.28115,22.74111],[104.27918,22.74177],[104.27738,22.74185],[104.27618,22.74119],[104.27482,22.74097],[104.27067,22.74157],[104.26967,22.74157],[104.268,22.74047],[104.26658,22.74026],[104.26453,22.73922],[104.26284,22.73795],[104.26165,22.7375],[104.25908,22.73479],[104.25621,22.73445],[104.25513,22.7341],[104.25467,22.73299],[104.25486,22.73169],[104.25384,22.72981],[104.25397,22.72824],[104.25365,22.72718],[104.25248,22.72642],[104.25095,22.72356],[104.25028,22.72311],[104.24931,22.72094],[104.24794,22.71998],[104.2472,22.71807],[104.244,22.71442],[104.24141,22.71089],[104.24035,22.70978],[104.23946,22.70829],[104.23877,22.70617],[104.23824,22.70552],[104.23679,22.70498],[104.23741,22.70432],[104.23697,22.70347],[104.23687,22.70108],[104.23772,22.70003],[104.23862,22.69992],[104.24034,22.698],[104.2411,22.69768],[104.24292,22.69502],[104.24445,22.69376],[104.24446,22.69285],[104.24642,22.69072],[104.24795,22.69049],[104.24863,22.68946],[104.24933,22.6893],[104.25071,22.68797],[104.25026,22.68689],[104.25166,22.68523],[104.25008,22.68466],[104.24836,22.68336],[104.24678,22.68174],[104.24521,22.67959],[104.24489,22.67855],[104.2438,22.67732],[104.24351,22.67639],[104.24267,22.67544],[104.24251,22.67429],[104.24093,22.67265],[104.2388,22.67216],[104.23703,22.6705],[104.23555,22.66989],[104.23392,22.6686],[104.2332,22.66767],[104.23213,22.66762],[104.23312,22.66627],[104.23148,22.66384],[104.23349,22.66302],[104.23489,22.66286],[104.23565,22.65988],[104.23648,22.6585],[104.23629,22.65776],[104.23476,22.65597],[104.23428,22.6541],[104.23311,22.65252],[104.23408,22.65209],[104.23521,22.65063],[104.23522,22.64982],[104.236,22.64857],[104.23582,22.64662],[104.23607,22.64535],[104.23859,22.64477],[104.23958,22.6467],[104.24097,22.64679],[104.24152,22.64546],[104.24303,22.64429],[104.24499,22.64417],[104.24613,22.64491],[104.24717,22.6447],[104.24756,22.64294],[104.24894,22.64217],[104.25006,22.6422],[104.25096,22.64285],[104.2517,22.64272],[104.25345,22.64366],[104.25488,22.64296],[104.25684,22.6416],[104.25609,22.64123],[104.25528,22.63952],[104.2547,22.63908],[104.25372,22.63648],[104.25223,22.63589],[104.25174,22.63517],[104.25023,22.63408],[104.24933,22.63198],[104.25132,22.63106],[104.2519,22.63006],[104.25437,22.62892],[104.25471,22.62822],[104.2544,22.62591],[104.25468,22.62503],[104.25362,22.62431],[104.2525,22.62402],[104.25182,22.6229],[104.25015,22.62139],[104.24923,22.61993],[104.24931,22.6193],[104.24949,22.61746],[104.25107,22.61658],[104.25228,22.61515],[104.25319,22.61575],[104.25435,22.61587],[104.25532,22.61673],[104.25762,22.61622],[104.25735,22.61773],[104.25862,22.61964],[104.25968,22.61937],[104.26179,22.62061],[104.26345,22.61926],[104.26797,22.61661],[104.26947,22.61871],[104.27113,22.61772],[104.27358,22.61829],[104.27516,22.61748],[104.27709,22.6185],[104.28002,22.61977],[104.28154,22.61858],[104.28368,22.61918],[104.28462,22.61885],[104.2857,22.61911],[104.28639,22.61694],[104.28767,22.61557],[104.28855,22.61673],[104.28908,22.61834],[104.28999,22.61861],[104.29339,22.61749],[104.29311,22.61597],[104.294,22.615],[104.29427,22.61321],[104.29464,22.61301],[104.29614,22.61412],[104.29625,22.61466],[104.29831,22.61404],[104.30298,22.61442],[104.30346,22.61477],[104.30324,22.61818],[104.30352,22.6193],[104.30461,22.61984],[104.30583,22.62174],[104.30706,22.62298],[104.30659,22.62373],[104.30783,22.62552],[104.30946,22.62601],[104.3104,22.62686],[104.31187,22.62876],[104.31223,22.63062],[104.31176,22.63293],[104.31176,22.63462],[104.31242,22.63524],[104.31445,22.63492],[104.31626,22.63383],[104.31751,22.63404],[104.31686,22.6356],[104.31744,22.6379],[104.31741,22.639],[104.31816,22.64063],[104.31824,22.64194],[104.31775,22.64283],[104.31868,22.64501],[104.31913,22.64692],[104.31986,22.64794],[104.32111,22.64869],[104.32197,22.65046],[104.32576,22.65451],[104.32728,22.65642],[104.32155,22.66093],[104.31926,22.66148],[104.3188,22.66329],[104.32115,22.66547],[104.32185,22.66749],[104.32361,22.66911],[104.32385,22.67115],[104.32504,22.67157],[104.323,22.67481],[104.32454,22.67734],[104.32509,22.67944],[104.32689,22.68134],[104.32745,22.68303],[104.32867,22.68455],[104.32988,22.685],[104.33068,22.68698],[104.33262,22.68772],[104.33369,22.6893],[104.33498,22.68969]]]},"properties":{"a01_tinh":"diaphanhanhchinhcaptinh_sn.114","a02_xa":"diaphanhanhchinhcapxa_2025.1062","a03_ten":"Xã Si Ma Cai","a04_tentinh":"Tỉnh Lào Cai","a05_truocsn":"Thị trấn Si Ma Cai, Xã Sán Chải, Xã Nàn Sán, Xã Cán Cấu, Xã Quan Hồ Thẩn","a06_trungtamhc":"Thôn Hoàng Thu Phố, xã Si Ma Cai (Trụ sở HĐND-UBND huyện cũ)","a07_dt":"109","a08_ds":"22871","a09_dthoai":null,"a10_web":null,"ten":"Xã Si Ma Cai","ma":"02809","tentinh":"Tỉnh Lào Cai","truocsapnhap":"Thị trấn Si Ma Cai, Xã Sán Chải, Xã Nàn Sán, Xã Cán Cấu, Xã Quan Hồ Thẩn","dientichkm2":null,"dansonguoi":null},"id":"diaphanhanhchinhcapxa_2025.1062"},
{"type":"Feature","geometry":{"type":"Polygon","coordinates":[[[104.23679,22.70498],[104.23495,22.70529],[104.23353,22.70655],[104.23142,22.7078],[104.23023,22.70937],[104.22899,22.71055],[104.22619,22.71175],[104.22484,22.71389],[104.22479,22.71514],[104.22581,22.71598],[104.22562,22.71793],[104.22513,22.71955],[104.22389,22.71964],[104.22383,22.72134],[104.22429,22.72213],[104.2237,22.72358],[104.22311,22.72615],[104.22219,22.72898],[104.22053,22.73043],[104.21915,22.73193],[104.21725,22.73274],[104.21454,22.73437],[104.21264,22.73486],[104.21194,22.73549],[104.20989,22.73643],[104.20792,22.73818],[104.2066,22.7385],[104.20417,22.74005],[104.20214,22.73986],[104.20078,22.7406],[104.19944,22.74066],[104.19545,22.73898],[104.19459,22.73789],[104.19467,22.73671],[104.19263,22.7343],[104.1891,22.73151],[104.18742,22.72969],[104.18618,22.72752],[104.18487,22.72638],[104.18312,22.72569],[104.18061,22.72395],[104.17952,22.72098],[104.17794,22.71878],[104.17764,22.71761],[104.17729,22.71137],[104.17727,22.70795],[104.17691,22.70554],[104.17639,22.70353],[104.17706,22.7007],[104.17757,22.69786],[104.17778,22.69476],[104.17721,22.69285],[104.17471,22.69065],[104.17417,22.68872],[104.17427,22.68578],[104.17594,22.6824],[104.17663,22.68059],[104.17818,22.67916],[104.17912,22.67754],[104.18119,22.67581],[104.18273,22.67253],[104.18286,22.67179],[104.18264,22.66695],[104.18317,22.66452],[104.18309,22.661],[104.18271,22.65823],[104.18442,22.65191],[104.18617,22.6493],[104.18706,22.64831],[104.18725,22.64526],[104.18795,22.64424],[104.18973,22.6427],[104.19013,22.64048],[104.19015,22.63817],[104.19105,22.63542],[104.19223,22.63395],[104.19296,22.63249],[104.19399,22.62854],[104.19387,22.62477],[104.19342,22.6223],[104.19357,22.61985],[104.19284,22.61623],[104.19229,22.6152],[104.19283,22.61393],[104.19398,22.61283],[104.19783,22.61046],[104.19829,22.60921],[104.19856,22.60677],[104.19912,22.60509],[104.2001,22.60111],[104.20005,22.59887],[104.20074,22.59713],[104.20338,22.59499],[104.20418,22.59313],[104.20485,22.5923],[104.20627,22.5877],[104.20749,22.58473],[104.20956,22.58533],[104.21328,22.5859],[104.21433,22.5868],[104.21516,22.58683],[104.21661,22.5876],[104.21866,22.58816],[104.21994,22.58912],[104.22095,22.58914],[104.22197,22.58972],[104.22302,22.58946],[104.22444,22.59049],[104.22564,22.59042],[104.2272,22.59097],[104.23029,22.59066],[104.23196,22.5903],[104.23258,22.59057],[104.23349,22.59178],[104.23361,22.59304],[104.23413,22.59453],[104.23517,22.59577],[104.23498,22.59729],[104.23685,22.59907],[104.23703,22.60136],[104.23747,22.60297],[104.23826,22.60447],[104.23956,22.60515],[104.2403,22.60839],[104.24214,22.61009],[104.24267,22.61193],[104.24482,22.61303],[104.24489,22.61467],[104.24642,22.61594],[104.24805,22.6181],[104.24931,22.6193],[104.24923,22.61993],[104.25015,22.62139],[104.25182,22.6229],[104.2525,22.62402],[104.25362,22.62431],[104.25468,22.62503],[104.2544,22.62591],[104.25471,22.62822],[104.25437,22.62892],[104.2519,22.63006],[104.25132,22.63106],[104.24933,22.63198],[104.25023,22.63408],[104.25174,22.63517],[104.25223,22.63589],[104.25372,22.63648],[104.2547,22.63908],[104.25528,22.63952],[104.25609,22.64123],[104.25684,22.6416],[104.25488,22.64296],[104.25345,22.64366],[104.2517,22.64272],[104.25096,22.64285],[104.25006,22.6422],[104.24894,22.64217],[104.24756,22.64294],[104.24717,22.6447],[104.24613,22.64491],[104.24499,22.64417],[104.24303,22.64429],[104.24152,22.64546],[104.24097,22.64679],[104.23958,22.6467],[104.23859,22.64477],[104.23607,22.64535],[104.23582,22.64662],[104.236,22.64857],[104.23522,22.64982],[104.23521,22.65063],[104.23408,22.65209],[104.23311,22.65252],[104.23428,22.6541],[104.23476,22.65597],[104.23629,22.65776],[104.23648,22.6585],[104.23565,22.65988],[104.23489,22.66286],[104.23349,22.66302],[104.23148,22.66384],[104.23312,22.66627],[104.23213,22.66762],[104.2332,22.66767],[104.23392,22.6686],[104.23555,22.66989],[104.23703,22.6705],[104.2388,22.67216],[104.24093,22.67265],[104.24251,22.67429],[104.24267,22.67544],[104.24351,22.67639],[104.2438,22.67732],[104.24489,22.67855],[104.24521,22.67959],[104.24678,22.68174],[104.24836,22.68336],[104.25008,22.68466],[104.25166,22.68523],[104.25026,22.68689],[104.25071,22.68797],[104.24933,22.6893],[104.24863,22.68946],[104.24795,22.69049],[104.24642,22.69072],[104.24446,22.69285],[104.24445,22.69376],[104.24292,22.69502],[104.2411,22.69768],[104.24034,22.698],[104.23862,22.69992],[104.23772,22.70003],[104.23687,22.70108],[104.23697,22.70347],[104.23741,22.70432],[104.23679,22.70498]]]},"properties":{"a01_tinh":"diaphanhanhchinhcaptinh_sn.114","a02_xa":"diaphanhanhchinhcapxa_2025.1063","a03_ten":"Xã Sín Chéng","a04_tentinh":"Tỉnh Lào Cai","a05_truocsn":"Xã Bản Mế, Xã Thào Chư Phìn, Xã Nàn Sín, Xã Sín Chéng","a06_trungtamhc":"Thôn Mào Sao Chải, xã Sín Chéng (Trụ sở UBND xã Sín Chéng cũ)","a07_dt":"88","a08_ds":"5703","a09_dthoai":null,"a10_web":null,"ten":"Xã Sín Chéng","ma":"02824","tentinh":"Tỉnh Lào Cai","truocsapnhap":"Xã Bản Mế, Xã Thào Chư Phìn, Xã Nàn Sín, Xã Sín Chéng","dientichkm2":null,"dansonguoi":null},"id":"diaphanhanhchinhcapxa_2025.1063"},
{"type":"Feature","geometry":{"type":"Polygon","coordinates":[[[104.46102,21.7426],[104.46141,21.74142],[104.46399,21.7369],[104.46333,21.73541],[104.4633,21.7341],[104.46285,21.73217],[104.46235,21.7311],[104.46188,21.72873],[104.46139,21.72745],[104.46178,21.72698],[104.46186,21.72434],[104.46106,21.72245],[104.46143,21.72094],[104.46114,21.71921],[104.46042,21.7169],[104.45753,21.71586],[104.45842,21.71252],[104.45835,21.71022],[104.45777,21.70848],[104.45817,21.70624],[104.45863,21.70561],[104.45714,21.70271],[104.45686,21.70077],[104.4557,21.69968],[104.45498,21.69782],[104.45523,21.69637],[104.45468,21.69536],[104.45506,21.6945],[104.45628,21.6936],[104.4571,21.69085],[104.45671,21.6903],[104.45684,21.688],[104.45793,21.68775],[104.46034,21.68609],[104.46147,21.68389],[104.46144,21.68285],[104.46194,21.68196],[104.46401,21.6823],[104.46506,21.68203],[104.46897,21.68167],[104.46974,21.68066],[104.46882,21.67916],[104.4678,21.67803],[104.46778,21.67605],[104.46748,21.67503],[104.46896,21.67166],[104.46944,21.67018],[104.47031,21.66976],[104.47097,21.66736],[104.47072,21.6664],[104.47157,21.66431],[104.47208,21.66474],[104.47376,21.66806],[104.47507,21.6688],[104.47716,21.67098],[104.4773,21.67261],[104.47912,21.67249],[104.48069,21.67266],[104.48179,21.67392],[104.48227,21.67516],[104.48353,21.67545],[104.48491,21.67631],[104.48564,21.67612],[104.48947,21.67376],[104.49097,21.67159],[104.49207,21.67127],[104.49189,21.67034],[104.49266,21.66949],[104.49187,21.66906],[104.49241,21.66727],[104.49448,21.66427],[104.49728,21.66341],[104.49656,21.66191],[104.49746,21.66093],[104.49821,21.65938],[104.49983,21.66019],[104.50152,21.65869],[104.50255,21.65898],[104.50465,21.65681],[104.50575,21.65637],[104.50783,21.65655],[104.5085,21.65691],[104.50997,21.65912],[104.51061,21.65887],[104.51251,21.65665],[104.51338,21.65614],[104.5153,21.65359],[104.51716,21.65268],[104.51809,21.65274],[104.51923,21.65177],[104.52034,21.65017],[104.52035,21.64832],[104.51992,21.64779],[104.52281,21.64484],[104.5224,21.64416],[104.52258,21.64315],[104.52173,21.64227],[104.52249,21.64226],[104.52456,21.64151],[104.52545,21.64041],[104.52651,21.63817],[104.52817,21.63818],[104.53137,21.63965],[104.53232,21.64088],[104.53234,21.63854],[104.53324,21.63743],[104.53579,21.63758],[104.53806,21.63637],[104.53891,21.6347],[104.54103,21.6346],[104.54328,21.63568],[104.54345,21.63413],[104.54308,21.63347],[104.54364,21.63035],[104.54325,21.62863],[104.54399,21.62514],[104.5456,21.62499],[104.54664,21.62534],[104.54712,21.6241],[104.54848,21.62457],[104.54793,21.62598],[104.54891,21.62619],[104.5498,21.62726],[104.55129,21.62779],[104.55295,21.62748],[104.55512,21.62874],[104.5556,21.62941],[104.55654,21.62955],[104.55755,21.63182],[104.55986,21.63381],[104.56099,21.63523],[104.56189,21.63574],[104.56366,21.63921],[104.56537,21.63983],[104.56799,21.64035],[104.5695,21.64142],[104.57168,21.64351],[104.57203,21.64409],[104.57539,21.64666],[104.57531,21.64859],[104.57597,21.64953],[104.57669,21.64938],[104.57851,21.65005],[104.58244,21.65056],[104.58265,21.65057],[104.58888,21.66327],[104.59495,21.67726],[104.59538,21.6792],[104.59415,21.68277],[104.59243,21.68122],[104.59213,21.68045],[104.59023,21.68045],[104.58998,21.68112],[104.59024,21.68267],[104.58938,21.68329],[104.58829,21.68331],[104.58797,21.68317],[104.58626,21.68164],[104.58534,21.68174],[104.58147,21.68558],[104.57969,21.68707],[104.57886,21.68744],[104.5771,21.68759],[104.57491,21.68715],[104.57341,21.68767],[104.56936,21.69091],[104.56714,21.6942],[104.56533,21.69837],[104.56317,21.70055],[104.56205,21.70131],[104.56118,21.7027],[104.5603,21.70662],[104.56078,21.7085],[104.56153,21.71029],[104.56316,21.7121],[104.56287,21.71344],[104.56322,21.71458],[104.56267,21.71555],[104.56172,21.71594],[104.56124,21.7167],[104.55956,21.71797],[104.55806,21.71941],[104.55789,21.72037],[104.55848,21.72187],[104.55941,21.72299],[104.56042,21.72316],[104.56138,21.72429],[104.56028,21.72579],[104.55957,21.72765],[104.5582,21.72886],[104.55835,21.72988],[104.55975,21.73091],[104.55842,21.73167],[104.55802,21.73281],[104.55638,21.73366],[104.55533,21.7346],[104.55387,21.73456],[104.55198,21.73674],[104.55072,21.73729],[104.55001,21.73815],[104.55013,21.73918],[104.5497,21.74015],[104.54697,21.74255],[104.54654,21.74333],[104.54537,21.74407],[104.54384,21.74584],[104.54196,21.74649],[104.5406,21.74765],[104.53805,21.75083],[104.53588,21.75184],[104.53381,21.75433],[104.53337,21.75571],[104.53241,21.75748],[104.53158,21.75785],[104.53089,21.75948],[104.52787,21.75967],[104.5252,21.76005],[104.5219,21.75977],[104.52008,21.75979],[104.51946,21.76012],[104.51923,21.76254],[104.51844,21.76308],[104.51842,21.76431],[104.51775,21.76567],[104.51834,21.76683],[104.51867,21.76856],[104.51833,21.77003],[104.5177,21.77106],[104.51741,21.77251],[104.51508,21.77243],[104.51342,21.77292],[104.51273,21.77372],[104.51109,21.77415],[104.51077,21.77607],[104.50996,21.77694],[104.5094,21.77967],[104.50731,21.7827],[104.50537,21.78448],[104.50539,21.78489],[104.49866,21.77995],[104.49757,21.77516],[104.49812,21.77175],[104.4919,21.76797],[104.48385,21.76394],[104.47371,21.76135],[104.47007,21.76083],[104.46744,21.75408],[104.46102,21.7426]]]},"properties":{"a01_tinh":"diaphanhanhchinhcaptinh_sn.114","a02_xa":"diaphanhanhchinhcapxa_2025.1044","a03_ten":"Xã Sơn Lương","a04_tentinh":"Tỉnh Lào Cai","a05_truocsn":"Xã Nậm Mười, Xã Sùng Đô, Xã Suối Quyền, Xã Sơn Lương","a06_trungtamhc":"đang cập nhật","a07_dt":"123.77","a08_ds":"12515","a09_dthoai":null,"a10_web":null,"ten":"Xã Sơn Lương","ma":"04651","tentinh":"Tỉnh Lào Cai","truocsapnhap":"Xã Nậm Mười, Xã Sùng Đô, Xã Suối Quyền, Xã Sơn Lương","dientichkm2":null,"dansonguoi":null},"id":"diaphanhanhchinhcapxa_2025.1044"},
{"type":"Feature","geometry":{"type":"Polygon","coordinates":[[[104.36485,22.67295],[104.36437,22.67069],[104.36471,22.66777],[104.3668,22.66686],[104.36744,22.66631],[104.36728,22.6643],[104.36544,22.66257],[104.36432,22.66011],[104.36396,22.65855],[104.36322,22.65732],[104.36294,22.65579],[104.36353,22.6532],[104.36357,22.65182],[104.36476,22.65047],[104.36402,22.6485],[104.36319,22.64714],[104.36116,22.64623],[104.36093,22.64395],[104.36173,22.64266],[104.36296,22.64164],[104.36176,22.63993],[104.36175,22.63827],[104.36079,22.63588],[104.35977,22.63593],[104.35838,22.63447],[104.35779,22.63191],[104.35611,22.62978],[104.35506,22.62906],[104.35489,22.62766],[104.36472,22.62614],[104.37068,22.62408],[104.37171,22.61784],[104.37369,22.61232],[104.37326,22.61175],[104.37327,22.61017],[104.37371,22.60809],[104.37616,22.6073],[104.37782,22.60482],[104.37729,22.60195],[104.37967,22.59925],[104.38124,22.59801],[104.38131,22.59684],[104.38049,22.59457],[104.38098,22.5932],[104.38256,22.59139],[104.38175,22.59024],[104.38173,22.58956],[104.38293,22.5876],[104.384,22.58497],[104.38492,22.5872],[104.38547,22.59086],[104.38584,22.59186],[104.38822,22.59278],[104.38851,22.59406],[104.38941,22.59516],[104.39092,22.59585],[104.39197,22.59765],[104.39318,22.59769],[104.39488,22.59867],[104.3961,22.59703],[104.39871,22.59583],[104.39931,22.59521],[104.40048,22.59523],[104.40206,22.59463],[104.40466,22.59458],[104.40373,22.59285],[104.40268,22.59233],[104.40227,22.5916],[104.40234,22.58997],[104.40202,22.58884],[104.40324,22.58884],[104.40271,22.58762],[104.40193,22.58738],[104.40206,22.58616],[104.40301,22.58487],[104.40489,22.58474],[104.40628,22.58429],[104.40683,22.58289],[104.40668,22.58155],[104.40882,22.58062],[104.40901,22.57957],[104.40996,22.57814],[104.41213,22.57693],[104.41267,22.57845],[104.41264,22.57973],[104.41434,22.58175],[104.41545,22.58117],[104.41579,22.57984],[104.41748,22.57657],[104.41906,22.57469],[104.42064,22.57364],[104.4209,22.5731],[104.42378,22.57256],[104.42425,22.57219],[104.42516,22.57326],[104.42724,22.57344],[104.42893,22.57473],[104.43017,22.57493],[104.4313,22.5756],[104.43291,22.57578],[104.43363,22.57518],[104.43514,22.5751],[104.43886,22.57547],[104.44067,22.57608],[104.44344,22.5761],[104.44568,22.5757],[104.45045,22.57552],[104.45082,22.57387],[104.45259,22.57183],[104.45481,22.57242],[104.45587,22.57304],[104.45697,22.57319],[104.4584,22.57262],[104.4595,22.57181],[104.46071,22.57281],[104.46217,22.57301],[104.46414,22.57381],[104.46526,22.57383],[104.46674,22.57438],[104.46597,22.5755],[104.46542,22.57711],[104.46467,22.57826],[104.46471,22.57966],[104.46418,22.58145],[104.46414,22.58363],[104.46277,22.58512],[104.46297,22.58701],[104.46258,22.5882],[104.46301,22.58992],[104.46228,22.5934],[104.46288,22.59576],[104.46274,22.5969],[104.46345,22.59796],[104.4625,22.59978],[104.46031,22.60208],[104.45889,22.60403],[104.45652,22.60425],[104.45389,22.60362],[104.45226,22.60372],[104.45089,22.60548],[104.44985,22.60602],[104.44817,22.60445],[104.44774,22.60501],[104.44565,22.60542],[104.44499,22.60473],[104.44274,22.60448],[104.44236,22.60616],[104.44168,22.60734],[104.4406,22.6076],[104.43896,22.60882],[104.4386,22.61097],[104.43671,22.6114],[104.43435,22.611],[104.43314,22.61191],[104.43286,22.61359],[104.43219,22.61483],[104.43256,22.61642],[104.4335,22.61877],[104.43327,22.62042],[104.4338,22.62112],[104.43371,22.62207],[104.43455,22.62374],[104.43342,22.62503],[104.43371,22.62614],[104.43593,22.6285],[104.43486,22.62953],[104.43318,22.63373],[104.43361,22.63531],[104.43329,22.63716],[104.43255,22.63839],[104.43402,22.63991],[104.43435,22.6413],[104.43462,22.64394],[104.43006,22.6444],[104.42952,22.64386],[104.42968,22.64287],[104.42877,22.64141],[104.42767,22.64085],[104.42849,22.6394],[104.42818,22.63871],[104.42712,22.63873],[104.42696,22.63719],[104.4253,22.63652],[104.42531,22.63571],[104.42418,22.63384],[104.42433,22.63215],[104.42284,22.63159],[104.42173,22.63077],[104.42085,22.63089],[104.4196,22.63045],[104.41778,22.63042],[104.41691,22.62912],[104.41467,22.62769],[104.41278,22.62763],[104.41093,22.62859],[104.40895,22.62908],[104.40722,22.6285],[104.40662,22.62963],[104.40708,22.6304],[104.40898,22.63205],[104.4087,22.63395],[104.40966,22.6344],[104.41062,22.63653],[104.41263,22.63821],[104.41333,22.63989],[104.41287,22.64071],[104.4134,22.64219],[104.41554,22.64339],[104.41554,22.64488],[104.41353,22.64666],[104.41344,22.64839],[104.41169,22.64814],[104.41022,22.64849],[104.41003,22.64919],[104.40873,22.65055],[104.40819,22.65206],[104.4087,22.6524],[104.40825,22.65477],[104.40649,22.65601],[104.4063,22.66067],[104.40554,22.66154],[104.40564,22.66282],[104.40628,22.66416],[104.40657,22.66628],[104.40613,22.66911],[104.40513,22.67185],[104.40402,22.67346],[104.40418,22.6755],[104.40337,22.67704],[104.40276,22.67901],[104.40282,22.67969],[104.40206,22.68113],[104.39919,22.68052],[104.39601,22.68068],[104.39384,22.68046],[104.39131,22.67931],[104.39004,22.67922],[104.38675,22.68],[104.38515,22.67972],[104.38371,22.67827],[104.38242,22.67743],[104.37926,22.67647],[104.37432,22.67596],[104.37189,22.67496],[104.36874,22.67431],[104.36665,22.67343],[104.36485,22.67295]]]},"properties":{"a01_tinh":"diaphanhanhchinhcaptinh_sn.114","a02_xa":"diaphanhanhchinhcapxa_2025.1066","a03_ten":"Xã Tả Củ Tỷ","a04_tentinh":"Tỉnh Lào Cai","a05_truocsn":"Xã Lùng Cải, Xã Tả Củ Tỷ","a06_trungtamhc":"đang cập nhật","a07_dt":"69.3","a08_ds":"6551","a09_dthoai":null,"a10_web":null,"ten":"Xã Tả Củ Tỷ","ma":"02842","tentinh":"Tỉnh Lào Cai","truocsapnhap":"Xã Lùng Cải, Xã Tả Củ Tỷ","dientichkm2":null,"dansonguoi":null},"id":"diaphanhanhchinhcapxa_2025.1066"},
{"type":"Feature","geometry":{"type":"Polygon","coordinates":[[[103.89719,22.34702],[103.90001,22.35241],[103.90154,22.35317],[103.90359,22.35325],[103.90517,22.3546],[103.90508,22.35526],[103.90563,22.35678],[103.90551,22.35824],[103.90688,22.36037],[103.90684,22.36122],[103.9079,22.36198],[103.90822,22.36326],[103.91146,22.36489],[103.91346,22.36747],[103.91405,22.36775],[103.91472,22.36959],[103.91468,22.37111],[103.91525,22.37363],[103.91776,22.37348],[103.91961,22.37447],[103.92112,22.37556],[103.92099,22.37614],[103.92177,22.37738],[103.92239,22.3792],[103.92263,22.38071],[103.9225,22.38193],[103.92284,22.38265],[103.92271,22.38479],[103.92356,22.38617],[103.92363,22.38798],[103.92335,22.39023],[103.92551,22.39308],[103.9255,22.39483],[103.92632,22.39638],[103.92651,22.39816],[103.92598,22.39905],[103.92686,22.40009],[103.92786,22.4002],[103.92893,22.40208],[103.92968,22.4026],[103.93078,22.4053],[103.93182,22.40639],[103.93173,22.40829],[103.93274,22.40881],[103.9322,22.40947],[103.9325,22.41032],[103.93106,22.41115],[103.93047,22.41305],[103.92942,22.41405],[103.92925,22.41482],[103.92811,22.41585],[103.92753,22.41702],[103.92584,22.41875],[103.92555,22.42118],[103.92508,22.42314],[103.92377,22.42457],[103.92112,22.42573],[103.91977,22.4267],[103.91635,22.42208],[103.91404,22.42032],[103.91178,22.42068],[103.90436,22.42299],[103.90388,22.42353],[103.90244,22.42342],[103.90088,22.42426],[103.89867,22.42677],[103.89807,22.42716],[103.89498,22.431],[103.89291,22.43218],[103.89158,22.43374],[103.89072,22.43566],[103.88958,22.43631],[103.88584,22.43612],[103.885,22.43645],[103.88169,22.43522],[103.88019,22.43361],[103.87844,22.43319],[103.87759,22.43227],[103.87736,22.43141],[103.87556,22.42955],[103.87414,22.42885],[103.87219,22.42712],[103.87099,22.42493],[103.86938,22.42427],[103.86758,22.42317],[103.86668,22.42179],[103.86336,22.41978],[103.85959,22.4211],[103.85811,22.42202],[103.85633,22.42193],[103.85547,22.42385],[103.85441,22.42449],[103.85248,22.42766],[103.8518,22.42776],[103.84881,22.42965],[103.84784,22.42948],[103.84498,22.43165],[103.84443,22.43238],[103.843,22.43286],[103.84006,22.43423],[103.836,22.4291],[103.83556,22.42823],[103.82926,22.42205],[103.8288,22.42235],[103.82654,22.42206],[103.82502,22.42135],[103.82511,22.41976],[103.82609,22.41671],[103.82675,22.41543],[103.82664,22.41422],[103.82751,22.41285],[103.82693,22.41042],[103.82719,22.40917],[103.82654,22.407],[103.82809,22.40534],[103.82583,22.40441],[103.82444,22.4043],[103.82329,22.40349],[103.82138,22.40345],[103.82008,22.40392],[103.81925,22.40349],[103.81785,22.40351],[103.81467,22.40294],[103.81344,22.40027],[103.81144,22.39907],[103.81101,22.39789],[103.81148,22.39566],[103.81129,22.39391],[103.81167,22.39275],[103.81113,22.39089],[103.81116,22.38815],[103.81035,22.38693],[103.80969,22.38411],[103.80958,22.38194],[103.8085,22.38072],[103.8085,22.37982],[103.81043,22.37731],[103.81116,22.37591],[103.81547,22.37285],[103.81648,22.37252],[103.81801,22.37264],[103.82004,22.37043],[103.82106,22.36983],[103.82315,22.36968],[103.8244,22.36868],[103.82622,22.36793],[103.82851,22.36738],[103.83559,22.37409],[103.84046,22.3748],[103.84571,22.37512],[103.84816,22.37619],[103.8495,22.37677],[103.8512,22.37875],[103.85824,22.37903],[103.86301,22.37922],[103.86568,22.37561],[103.86669,22.37452],[103.86966,22.3725],[103.8708,22.37211],[103.86753,22.36594],[103.86983,22.36337],[103.87276,22.35334],[103.87989,22.34799],[103.88869,22.35507],[103.89141,22.35372],[103.88789,22.34682],[103.88992,22.3477],[103.89719,22.34702]]]},"properties":{"a01_tinh":"diaphanhanhchinhcaptinh_sn.114","a02_xa":"diaphanhanhchinhcapxa_2025.1101","a03_ten":"Xã Tả Phìn","a04_tentinh":"Tỉnh Lào Cai","a05_truocsn":"Xã Trung Chải, Xã Tả Phìn","a06_trungtamhc":"Thôn Sả Xéng, xã Tả Phìn (Trụ sở xã Tả Phìn cũ)","a07_dt":"74.68","a08_ds":"9928","a09_dthoai":null,"a10_web":null,"ten":"Xã Tả Phìn","ma":"03013","tentinh":"Tỉnh Lào Cai","truocsapnhap":"Xã Trung Chải, Xã Tả Phìn","dientichkm2":null,"dansonguoi":null},"id":"diaphanhanhchinhcapxa_2025.1101"},
{"type":"Feature","geometry":{"type":"Polygon","coordinates":[[[103.87546,22.31017],[103.87533,22.31018],[103.87165,22.30977],[103.87013,22.30894],[103.86955,22.30815],[103.86784,22.3097],[103.86664,22.30945],[103.8664,22.30868],[103.86538,22.30829],[103.86437,22.30857],[103.86339,22.30936],[103.86208,22.30969],[103.86065,22.30958],[103.85818,22.31092],[103.85691,22.31099],[103.85518,22.31036],[103.85407,22.31097],[103.85397,22.31272],[103.8534,22.31375],[103.8524,22.31461],[103.8512,22.31413],[103.85085,22.31703],[103.85021,22.31837],[103.84907,22.31939],[103.84804,22.31981],[103.84608,22.32124],[103.84184,22.32301],[103.83621,22.32725],[103.83661,22.32806],[103.83619,22.33063],[103.83575,22.33094],[103.83307,22.33111],[103.83101,22.32957],[103.82324,22.33225],[103.81662,22.33826],[103.81219,22.33798],[103.81093,22.33892],[103.81033,22.33977],[103.8105,22.34059],[103.80876,22.34358],[103.80646,22.34609],[103.80575,22.34783],[103.80514,22.3484],[103.80498,22.34962],[103.80402,22.35101],[103.80392,22.35182],[103.8031,22.35211],[103.80007,22.3519],[103.79888,22.35238],[103.79693,22.35275],[103.79581,22.35416],[103.79435,22.35472],[103.79308,22.35476],[103.79262,22.35566],[103.79165,22.3556],[103.7892,22.35612],[103.78795,22.35543],[103.7869,22.35656],[103.78592,22.35638],[103.78513,22.35687],[103.78269,22.35728],[103.78113,22.35846],[103.78014,22.35701],[103.77802,22.35616],[103.77696,22.35614],[103.77557,22.3545],[103.77595,22.35331],[103.77482,22.35276],[103.77591,22.35278],[103.77589,22.35192],[103.77688,22.35088],[103.77703,22.3502],[103.78059,22.34877],[103.78096,22.34786],[103.7807,22.34702],[103.77852,22.34449],[103.77883,22.34339],[103.78042,22.34079],[103.78143,22.34007],[103.78247,22.33862],[103.78191,22.33741],[103.78091,22.33739],[103.77822,22.33686],[103.7769,22.3358],[103.77315,22.33512],[103.77189,22.33444],[103.77142,22.33338],[103.77029,22.33245],[103.76905,22.33189],[103.77031,22.33072],[103.77094,22.32909],[103.77299,22.32744],[103.77224,22.32647],[103.77242,22.32477],[103.77099,22.32295],[103.77093,22.32135],[103.76955,22.31965],[103.76767,22.31908],[103.76682,22.31689],[103.76471,22.3162],[103.76411,22.3155],[103.76429,22.31414],[103.76304,22.31283],[103.76151,22.31172],[103.7633,22.31145],[103.76524,22.31146],[103.7672,22.31096],[103.76904,22.30985],[103.77069,22.30966],[103.77256,22.30852],[103.77462,22.30644],[103.77534,22.30452],[103.77598,22.30359],[103.77807,22.30313],[103.77917,22.3018],[103.78088,22.30194],[103.78149,22.3023],[103.78338,22.30228],[103.78641,22.30328],[103.78744,22.30229],[103.78876,22.30197],[103.78939,22.30091],[103.79,22.30099],[103.79131,22.2998],[103.79295,22.29923],[103.79293,22.29844],[103.79491,22.29621],[103.79595,22.29609],[103.79717,22.29526],[103.79791,22.29404],[103.80094,22.29196],[103.80208,22.29057],[103.80342,22.2901],[103.80428,22.28858],[103.80673,22.28615],[103.80906,22.28589],[103.81061,22.28551],[103.81124,22.28436],[103.8124,22.28359],[103.81329,22.28205],[103.81429,22.2809],[103.8148,22.28101],[103.81771,22.27972],[103.81851,22.27868],[103.81912,22.27717],[103.81978,22.27649],[103.82111,22.27622],[103.82153,22.27475],[103.82222,22.27353],[103.82424,22.27284],[103.82497,22.27163],[103.82597,22.27067],[103.82735,22.2687],[103.82827,22.26616],[103.82842,22.26424],[103.82783,22.2622],[103.82841,22.2616],[103.82887,22.25987],[103.83024,22.25883],[103.83075,22.25774],[103.83192,22.25719],[103.83255,22.25595],[103.83299,22.25407],[103.83379,22.25374],[103.8342,22.25232],[103.83476,22.25192],[103.83454,22.25087],[103.83605,22.24956],[103.83821,22.2485],[103.83994,22.24794],[103.84024,22.24635],[103.84008,22.24551],[103.84059,22.24408],[103.84176,22.24297],[103.84289,22.24133],[103.84372,22.23827],[103.84364,22.23612],[103.8443,22.23511],[103.84323,22.23252],[103.8418,22.23036],[103.84224,22.22762],[103.84225,22.22578],[103.84278,22.22478],[103.84436,22.22405],[103.84574,22.22263],[103.84751,22.22245],[103.84843,22.22101],[103.84934,22.22144],[103.85115,22.22047],[103.85231,22.21777],[103.85182,22.21646],[103.85225,22.21549],[103.85392,22.21361],[103.85454,22.21247],[103.85495,22.21071],[103.85637,22.20914],[103.85662,22.20682],[103.8571,22.2059],[103.85955,22.20528],[103.86183,22.20365],[103.86234,22.20381],[103.86481,22.20349],[103.86606,22.20362],[103.86751,22.20323],[103.86772,22.20264],[103.87073,22.20051],[103.87111,22.19995],[103.873,22.19907],[103.87242,22.19687],[103.87287,22.19594],[103.87219,22.19502],[103.87199,22.19256],[103.8725,22.19184],[103.87229,22.18877],[103.87162,22.18882],[103.87031,22.18711],[103.869,22.18718],[103.86832,22.18638],[103.86648,22.18557],[103.86637,22.18438],[103.86559,22.18384],[103.86537,22.18209],[103.86635,22.18091],[103.86638,22.18024],[103.86796,22.17892],[103.86805,22.17837],[103.87076,22.17892],[103.87333,22.17981],[103.87481,22.17973],[103.87587,22.18031],[103.87809,22.18044],[103.87977,22.18147],[103.88027,22.1826],[103.88261,22.18399],[103.88375,22.18507],[103.88591,22.18645],[103.88779,22.18717],[103.8905,22.19011],[103.89102,22.19103],[103.89292,22.19155],[103.89437,22.19326],[103.89519,22.19489],[103.89714,22.19637],[103.89808,22.19648],[103.89924,22.19954],[103.9016,22.20044],[103.90397,22.20006],[103.90571,22.20056],[103.90694,22.20124],[103.90857,22.20139],[103.90907,22.20203],[103.91045,22.20241],[103.91173,22.20346],[103.91235,22.20466],[103.91544,22.20737],[103.9158,22.21012],[103.91625,22.21114],[103.91905,22.21294],[103.91995,22.21506],[103.92073,22.21597],[103.92202,22.21675],[103.92214,22.21809],[103.9233,22.22018],[103.92497,22.22198],[103.92544,22.22434],[103.92666,22.22635],[103.92791,22.22711],[103.92812,22.22783],[103.92769,22.22905],[103.92822,22.23016],[103.92668,22.23132],[103.92521,22.23193],[103.92378,22.23342],[103.92273,22.23541],[103.92224,22.23557],[103.92114,22.23716],[103.92084,22.23828],[103.91972,22.23863],[103.91848,22.23794],[103.91769,22.23791],[103.91532,22.23994],[103.91442,22.24155],[103.91266,22.24343],[103.91152,22.24392],[103.91054,22.24513],[103.91025,22.24665],[103.90783,22.24874],[103.90606,22.24932],[103.90387,22.25105],[103.90368,22.25194],[103.90156,22.25349],[103.90089,22.25488],[103.90002,22.25589],[103.89946,22.25712],[103.89749,22.25814],[103.89615,22.26299],[103.89517,22.26472],[103.89664,22.26729],[103.89808,22.26792],[103.89854,22.26978],[103.90058,22.27026],[103.90187,22.27088],[103.90257,22.27165],[103.90702,22.27344],[103.90784,22.27285],[103.90875,22.27308],[103.91121,22.27436],[103.91225,22.27519],[103.91425,22.27611],[103.91537,22.27619],[103.91692,22.27717],[103.91826,22.27725],[103.9197,22.27871],[103.92237,22.27955],[103.92346,22.27949],[103.92445,22.2789],[103.92569,22.27933],[103.9269,22.28016],[103.92923,22.28026],[103.9306,22.28094],[103.93317,22.27861],[103.93368,22.27706],[103.93512,22.2757],[103.9364,22.27509],[103.93646,22.27423],[103.93723,22.27282],[103.93873,22.2719],[103.93974,22.27163],[103.94063,22.27197],[103.9407,22.27311],[103.94014,22.27421],[103.94051,22.27489],[103.94042,22.27645],[103.94084,22.2774],[103.9425,22.27797],[103.94203,22.2766],[103.94354,22.27688],[103.94355,22.2776],[103.94534,22.2792],[103.94672,22.27994],[103.94846,22.2816],[103.95128,22.28364],[103.94788,22.28596],[103.94644,22.28751],[103.94544,22.28821],[103.94414,22.29073],[103.94449,22.29178],[103.94324,22.29322],[103.942,22.2933],[103.93991,22.29491],[103.9384,22.29524],[103.93612,22.29792],[103.93546,22.29966],[103.93394,22.30075],[103.9333,22.30172],[103.93274,22.30386],[103.93216,22.30513],[103.931,22.30606],[103.9293,22.30954],[103.92931,22.31055],[103.92841,22.31084],[103.92478,22.3114],[103.92211,22.31165],[103.9199,22.3113],[103.91855,22.31211],[103.91761,22.31352],[103.91621,22.31459],[103.91539,22.31715],[103.91526,22.31865],[103.9137,22.31928],[103.91134,22.31955],[103.90819,22.32034],[103.90732,22.32124],[103.90467,22.32207],[103.90403,22.32317],[103.9007,22.32537],[103.89969,22.32668],[103.89784,22.32781],[103.89746,22.329],[103.89638,22.33038],[103.89744,22.33228],[103.89796,22.33407],[103.8988,22.33467],[103.89888,22.33539],[103.8977,22.33835],[103.89801,22.34199],[103.89784,22.34437],[103.89719,22.34702],[103.88992,22.3477],[103.88585,22.34595],[103.88618,22.34019],[103.88549,22.33313],[103.87978,22.32998],[103.87574,22.32476],[103.87611,22.32352],[103.87693,22.32248],[103.87882,22.32163],[103.88912,22.31321],[103.88662,22.30917],[103.88561,22.30809],[103.88373,22.30785],[103.88089,22.30912],[103.88001,22.31004],[103.87908,22.31044],[103.8769,22.30951],[103.87546,22.31017]]]},"properties":{"a01_tinh":"diaphanhanhchinhcaptinh_sn.114","a02_xa":"diaphanhanhchinhcapxa_2025.1102","a03_ten":"Xã Tả Van","a04_tentinh":"Tỉnh Lào Cai","a05_truocsn":"Xã Hoàng Liên, Xã Mường Hoa, Xã Tả Van","a06_trungtamhc":"Thôn Hòa Sử Pán 1, xã Tả Van (Đang sửa chữa, tạm thời làm việc tại trụ sở phường Cầu Mây cũ)","a07_dt":"88.54","a08_ds":"2241","a09_dthoai":null,"a10_web":null,"ten":"Xã Tả Van","ma":"03037","tentinh":"Tỉnh Lào Cai","truocsapnhap":"Xã Hoàng Liên, Xã Mường Hoa, Xã Tả Van","dientichkm2":null,"dansonguoi":null},"id":"diaphanhanhchinhcapxa_2025.1102"},
{"type":"Feature","geometry":{"type":"Polygon","coordinates":[[[104.5558,21.45681],[104.55589,21.45612],[104.55695,21.45464],[104.55713,21.45354],[104.55621,21.45276],[104.55596,21.45099],[104.55674,21.45017],[104.55783,21.44977],[104.55835,21.44879],[104.55832,21.44598],[104.5576,21.44426],[104.55887,21.44378],[104.55891,21.44233],[104.55955,21.44181],[104.56103,21.44214],[104.56395,21.44095],[104.56549,21.43634],[104.56772,21.4348],[104.57162,21.43275],[104.57402,21.43011],[104.57565,21.42737],[104.57711,21.42572],[104.57647,21.42229],[104.57723,21.41757],[104.57826,21.40887],[104.57906,21.40871],[104.57998,21.41035],[104.58137,21.41086],[104.58113,21.414],[104.58169,21.41558],[104.58178,21.41699],[104.58295,21.41954],[104.58474,21.42118],[104.58557,21.4212],[104.58676,21.42237],[104.58684,21.42346],[104.5865,21.42601],[104.58767,21.42693],[104.58752,21.42853],[104.5866,21.42954],[104.58659,21.43079],[104.58757,21.43281],[104.58918,21.43419],[104.58967,21.43502],[104.58918,21.43662],[104.58915,21.43819],[104.58954,21.43898],[104.591,21.43976],[104.59237,21.44001],[104.59358,21.44088],[104.59531,21.44161],[104.59719,21.44305],[104.60067,21.44618],[104.60143,21.44665],[104.6044,21.44946],[104.60497,21.45094],[104.60678,21.4533],[104.60772,21.45388],[104.60856,21.45382],[104.61076,21.45222],[104.6127,21.45246],[104.61392,21.45171],[104.61458,21.45178],[104.61793,21.45112],[104.62048,21.44925],[104.6221,21.44747],[104.6228,21.44707],[104.62485,21.44672],[104.62746,21.44599],[104.63022,21.44602],[104.63186,21.44468],[104.63462,21.44448],[104.6352,21.44463],[104.63555,21.44666],[104.63784,21.44774],[104.63991,21.44918],[104.64105,21.45067],[104.64187,21.45261],[104.64185,21.45376],[104.64245,21.45441],[104.64521,21.45657],[104.64643,21.45785],[104.64847,21.45767],[104.65101,21.45865],[104.65255,21.45844],[104.65455,21.45854],[104.6562,21.46043],[104.65732,21.46084],[104.65837,21.46058],[104.66102,21.46251],[104.66119,21.46312],[104.66302,21.46485],[104.6621,21.46597],[104.66183,21.4671],[104.66015,21.46889],[104.66002,21.4696],[104.65834,21.47124],[104.65619,21.47279],[104.65543,21.47486],[104.65563,21.47628],[104.65408,21.47849],[104.65333,21.47892],[104.65217,21.48062],[104.653,21.48184],[104.65494,21.4829],[104.65686,21.48474],[104.65724,21.48573],[104.65563,21.48584],[104.65436,21.48787],[104.6551,21.48987],[104.65426,21.49059],[104.6521,21.49153],[104.64841,21.49181],[104.64558,21.49236],[104.64461,21.49275],[104.64541,21.49407],[104.64574,21.49565],[104.64584,21.4976],[104.64842,21.49967],[104.64848,21.50016],[104.64661,21.50243],[104.64795,21.50387],[104.64833,21.5048],[104.64755,21.50539],[104.64943,21.5063],[104.64944,21.50858],[104.6483,21.5108],[104.64764,21.51255],[104.64628,21.51478],[104.64548,21.5156],[104.6424,21.51694],[104.64103,21.51642],[104.64035,21.51705],[104.6389,21.51769],[104.63605,21.51939],[104.63462,21.51952],[104.63336,21.52027],[104.63147,21.52086],[104.6303,21.52],[104.6297,21.51901],[104.62792,21.5186],[104.62602,21.51874],[104.62451,21.51929],[104.62358,21.51916],[104.62138,21.51952],[104.62042,21.51924],[104.61913,21.51945],[104.61725,21.52057],[104.61593,21.52077],[104.61437,21.52203],[104.61258,21.52214],[104.61083,21.52286],[104.60988,21.52283],[104.60822,21.52213],[104.60672,21.52105],[104.60618,21.5201],[104.60456,21.51914],[104.60214,21.51882],[104.59942,21.51955],[104.5973,21.5194],[104.59579,21.51895],[104.59398,21.52026],[104.59271,21.52172],[104.59168,21.52188],[104.58965,21.52096],[104.58853,21.52082],[104.58665,21.52005],[104.5845,21.51978],[104.58324,21.52012],[104.58153,21.52121],[104.57952,21.52408],[104.57889,21.52545],[104.57885,21.52719],[104.57781,21.52833],[104.57639,21.52875],[104.57594,21.53133],[104.57365,21.53124],[104.57127,21.53002],[104.57007,21.53076],[104.56949,21.53063],[104.56689,21.52741],[104.56679,21.52639],[104.56463,21.52508],[104.56501,21.52366],[104.56381,21.52023],[104.56448,21.51922],[104.56321,21.5185],[104.56246,21.51693],[104.56086,21.51556],[104.56053,21.51358],[104.56002,21.51224],[104.55893,21.51124],[104.55828,21.51003],[104.55712,21.5095],[104.55603,21.50828],[104.55433,21.5077],[104.55453,21.50492],[104.5551,21.5026],[104.55407,21.50235],[104.55389,21.49904],[104.55285,21.49826],[104.552,21.49868],[104.55133,21.49964],[104.55004,21.4989],[104.54912,21.49965],[104.54825,21.49801],[104.54675,21.49676],[104.54709,21.49595],[104.54792,21.49557],[104.54909,21.49392],[104.54815,21.49292],[104.54806,21.49144],[104.54922,21.48802],[104.54999,21.48755],[104.55126,21.48767],[104.55238,21.48684],[104.55222,21.4846],[104.55279,21.48363],[104.55474,21.48222],[104.55469,21.48168],[104.55356,21.48028],[104.55398,21.47788],[104.55392,21.47689],[104.55474,21.47635],[104.55469,21.47565],[104.55342,21.47511],[104.55203,21.47169],[104.5508,21.47111],[104.55006,21.46911],[104.54857,21.46954],[104.5484,21.46654],[104.54921,21.46552],[104.54941,21.46446],[104.55278,21.46275],[104.55385,21.46165],[104.55515,21.46154],[104.55467,21.46042],[104.55482,21.45966],[104.55604,21.45819],[104.55577,21.45696],[104.5558,21.45681]]]},"properties":{"a01_tinh":"diaphanhanhchinhcaptinh_sn.114","a02_xa":"diaphanhanhchinhcapxa_2025.1040","a03_ten":"Xã Tà Xi Láng","a04_tentinh":"Tỉnh Lào Cai","a05_truocsn":"giữ nguyên","a06_trungtamhc":"đang cập nhật","a07_dt":"158.5","a08_ds":"18636","a09_dthoai":null,"a10_web":null,"ten":"Xã Tà Xi Láng","ma":"04603","tentinh":"Tỉnh Lào Cai","truocsapnhap":"giữ nguyên","dientichkm2":null,"dansonguoi":null},"id":"diaphanhanhchinhcapxa_2025.1040"},
{"type":"Feature","geometry":{"type":"Polygon","coordinates":[[[104.63343,21.92992],[104.63109,21.93048],[104.62821,21.9302],[104.62689,21.92983],[104.62595,21.92904],[104.62448,21.92719],[104.62332,21.92528],[104.62198,21.92358],[104.62034,21.9224],[104.61872,21.92165],[104.61783,21.92161],[104.6164,21.92252],[104.61468,21.92474],[104.61296,21.92768],[104.612,21.92882],[104.60968,21.93041],[104.60767,21.9301],[104.60527,21.9279],[104.60442,21.92745],[104.60311,21.9274],[104.60081,21.92776],[104.59959,21.92832],[104.59666,21.93174],[104.59442,21.92976],[104.58852,21.92777],[104.58238,21.92888],[104.5813,21.92784],[104.57917,21.92768],[104.57544,21.92586],[104.57099,21.92221],[104.56948,21.92118],[104.56798,21.92149],[104.56706,21.92231],[104.56612,21.9223],[104.56442,21.92151],[104.56274,21.92062],[104.56229,21.91861],[104.56134,21.9172],[104.56051,21.91646],[104.56006,21.91547],[104.56019,21.9144],[104.55975,21.91338],[104.56081,21.90915],[104.56162,21.90853],[104.56192,21.90741],[104.56316,21.90641],[104.56406,21.90444],[104.56439,21.90317],[104.56708,21.90011],[104.56801,21.89941],[104.56814,21.89818],[104.56728,21.89666],[104.56779,21.89487],[104.56758,21.89393],[104.56636,21.89281],[104.5663,21.892],[104.56462,21.89036],[104.56397,21.88937],[104.56402,21.88818],[104.56169,21.8864],[104.56148,21.88501],[104.56057,21.88219],[104.56036,21.88001],[104.5592,21.8802],[104.55859,21.8798],[104.55627,21.87933],[104.55574,21.87884],[104.55327,21.878],[104.55324,21.87715],[104.552,21.87608],[104.54921,21.8753],[104.54879,21.87341],[104.54729,21.87192],[104.54379,21.87069],[104.54069,21.86874],[104.53774,21.86768],[104.53704,21.8666],[104.53552,21.86624],[104.5336,21.86636],[104.53232,21.86422],[104.53006,21.86333],[104.52883,21.8619],[104.52782,21.85992],[104.5286,21.85833],[104.52866,21.85727],[104.52811,21.85686],[104.52471,21.8567],[104.52355,21.85605],[104.52309,21.85359],[104.52102,21.84935],[104.52005,21.84639],[104.51959,21.84423],[104.51846,21.84027],[104.51789,21.8389],[104.51684,21.83746],[104.51767,21.83317],[104.51697,21.83168],[104.51484,21.83034],[104.51466,21.82889],[104.51291,21.82811],[104.51162,21.82641],[104.51002,21.8249],[104.51075,21.82292],[104.51043,21.8207],[104.51159,21.81992],[104.51103,21.81827],[104.51124,21.81635],[104.51156,21.81588],[104.51127,21.81308],[104.51179,21.81062],[104.51078,21.81009],[104.50896,21.80965],[104.50806,21.80742],[104.50866,21.80614],[104.50712,21.80277],[104.50608,21.79962],[104.50677,21.7975],[104.50735,21.79642],[104.50737,21.79538],[104.50848,21.792],[104.50737,21.78946],[104.50689,21.78634],[104.50539,21.78489],[104.50537,21.78448],[104.50731,21.7827],[104.5094,21.77967],[104.50996,21.77694],[104.51077,21.77607],[104.51109,21.77415],[104.51273,21.77372],[104.51342,21.77292],[104.51508,21.77243],[104.51741,21.77251],[104.5177,21.77106],[104.51833,21.77003],[104.51867,21.76856],[104.51834,21.76683],[104.51775,21.76567],[104.51842,21.76431],[104.51844,21.76308],[104.51923,21.76254],[104.51946,21.76012],[104.52008,21.75979],[104.5219,21.75977],[104.5252,21.76005],[104.52787,21.75967],[104.53089,21.75948],[104.53158,21.75785],[104.53241,21.75748],[104.53337,21.75571],[104.53381,21.75433],[104.53588,21.75184],[104.53805,21.75083],[104.5406,21.74765],[104.54196,21.74649],[104.54384,21.74584],[104.54537,21.74407],[104.54654,21.74333],[104.54697,21.74255],[104.5497,21.74015],[104.55013,21.73918],[104.55146,21.73978],[104.55195,21.74179],[104.55459,21.74183],[104.55602,21.74106],[104.55907,21.74044],[104.56043,21.74089],[104.56105,21.74015],[104.56248,21.73974],[104.56286,21.73873],[104.56393,21.73901],[104.56768,21.73916],[104.57222,21.73678],[104.57323,21.73651],[104.57489,21.73553],[104.57853,21.73535],[104.58185,21.73351],[104.58443,21.73436],[104.58613,21.73434],[104.58704,21.7339],[104.58761,21.73138],[104.58903,21.72938],[104.59093,21.7283],[104.59122,21.72728],[104.59067,21.72649],[104.59156,21.72528],[104.59276,21.7253],[104.59475,21.72453],[104.59532,21.72345],[104.59608,21.723],[104.59612,21.72172],[104.59687,21.72025],[104.59674,21.71877],[104.59862,21.71768],[104.59968,21.71757],[104.60043,21.71867],[104.6051,21.72143],[104.60572,21.72352],[104.60568,21.72664],[104.60543,21.72779],[104.60465,21.72791],[104.60253,21.72993],[104.60179,21.73007],[104.60354,21.7339],[104.60514,21.73656],[104.60709,21.73745],[104.60768,21.73837],[104.6094,21.73999],[104.61104,21.74122],[104.60987,21.74229],[104.60894,21.74261],[104.60759,21.74415],[104.60751,21.74507],[104.60815,21.74599],[104.60852,21.7482],[104.61,21.74839],[104.61358,21.74929],[104.61416,21.75044],[104.6144,21.75181],[104.61516,21.75317],[104.61467,21.75418],[104.61252,21.75564],[104.61078,21.75847],[104.60994,21.75841],[104.60886,21.75965],[104.60676,21.7596],[104.60536,21.76086],[104.6044,21.7623],[104.60425,21.76322],[104.60171,21.76524],[104.60044,21.76694],[104.59967,21.76898],[104.60189,21.77151],[104.6019,21.77272],[104.60087,21.77317],[104.60053,21.77455],[104.60194,21.77628],[104.60215,21.77932],[104.60273,21.78116],[104.60407,21.78413],[104.604,21.78529],[104.60472,21.78692],[104.60446,21.78821],[104.60484,21.79034],[104.60438,21.79117],[104.60462,21.79194],[104.60447,21.79348],[104.6038,21.79483],[104.60358,21.79613],[104.60239,21.79737],[104.59936,21.7995],[104.59861,21.80084],[104.59825,21.80232],[104.59696,21.80381],[104.59623,21.80579],[104.5977,21.8065],[104.60048,21.80412],[104.60275,21.80333],[104.60547,21.80139],[104.60723,21.80102],[104.60958,21.80332],[104.61024,21.80469],[104.61187,21.80605],[104.61238,21.80686],[104.61496,21.80606],[104.6163,21.80511],[104.62041,21.80388],[104.6222,21.804],[104.62419,21.80304],[104.62626,21.80251],[104.62853,21.80218],[104.62937,21.80179],[104.62969,21.80036],[104.63178,21.79697],[104.6325,21.79528],[104.63415,21.79431],[104.6362,21.7945],[104.63942,21.79357],[104.64235,21.79443],[104.64413,21.79619],[104.64354,21.79719],[104.64305,21.79982],[104.64333,21.80257],[104.64444,21.80416],[104.64468,21.8062],[104.64513,21.80694],[104.64659,21.80686],[104.64923,21.80344],[104.65045,21.80285],[104.65147,21.80294],[104.65016,21.8043],[104.64904,21.80587],[104.64875,21.80717],[104.65044,21.80746],[104.65098,21.80893],[104.65209,21.81037],[104.65138,21.81214],[104.65089,21.81579],[104.6496,21.8176],[104.64712,21.82039],[104.645,21.82308],[104.64431,21.82337],[104.64275,21.82312],[104.63969,21.82438],[104.63943,21.82541],[104.64202,21.82613],[104.64292,21.82856],[104.64413,21.8287],[104.64409,21.8297],[104.64455,21.83113],[104.64306,21.83034],[104.64238,21.8312],[104.641,21.83224],[104.63816,21.83213],[104.63717,21.83278],[104.63686,21.83408],[104.63419,21.83545],[104.63367,21.83698],[104.63359,21.83871],[104.63436,21.83958],[104.63394,21.84219],[104.63247,21.84246],[104.6312,21.84179],[104.62887,21.84283],[104.62418,21.8443],[104.62337,21.84468],[104.62236,21.84668],[104.61919,21.85037],[104.61738,21.85104],[104.61473,21.85349],[104.61631,21.85379],[104.61629,21.85445],[104.6152,21.85467],[104.61429,21.85545],[104.61415,21.85731],[104.61297,21.85724],[104.61099,21.85774],[104.609,21.85856],[104.61059,21.86097],[104.61013,21.86316],[104.60961,21.86446],[104.60874,21.86555],[104.60788,21.86604],[104.60676,21.86741],[104.6074,21.86813],[104.60709,21.87023],[104.60802,21.87139],[104.60922,21.87169],[104.61014,21.87281],[104.61158,21.87328],[104.6132,21.8745],[104.61493,21.87498],[104.61593,21.87571],[104.61893,21.87696],[104.6189,21.87783],[104.61812,21.87849],[104.61781,21.87955],[104.61809,21.88159],[104.61868,21.88365],[104.61995,21.88316],[104.62174,21.88342],[104.62336,21.88287],[104.62507,21.88285],[104.62615,21.88448],[104.62757,21.88441],[104.62913,21.88498],[104.62969,21.88609],[104.63166,21.88684],[104.63312,21.88795],[104.63431,21.88926],[104.63521,21.88956],[104.63594,21.89084],[104.6359,21.89214],[104.63718,21.89243],[104.63748,21.89314],[104.63866,21.89294],[104.63883,21.8938],[104.63855,21.89566],[104.63867,21.897],[104.64197,21.89977],[104.64176,21.9022],[104.64306,21.90483],[104.64391,21.90475],[104.64576,21.90583],[104.64521,21.90844],[104.64217,21.90764],[104.63574,21.9068],[104.63429,21.90717],[104.63294,21.90796],[104.63211,21.90904],[104.63085,21.91267],[104.63122,21.91558],[104.63215,21.91754],[104.63319,21.91901],[104.63573,21.92155],[104.63677,21.92318],[104.63708,21.92464],[104.6368,21.92674],[104.63573,21.92837],[104.63343,21.92992]]]},"properties":{"a01_tinh":"diaphanhanhchinhcaptinh_sn.114","a02_xa":"diaphanhanhchinhcapxa_2025.1020","a03_ten":"Xã Tân Hợp","a04_tentinh":"Tỉnh Lào Cai","a05_truocsn":"Xã Đại Sơn, Xã Nà Hẩu, Xã Tân Hợp","a06_trungtamhc":"đang cập nhật","a07_dt":"200.45","a08_ds":"11506","a09_dthoai":null,"a10_web":null,"ten":"Xã Tân Hợp","ma":"04429","tentinh":"Tỉnh Lào Cai","truocsapnhap":"Xã Đại Sơn, Xã Nà Hẩu, Xã Tân Hợp","dientichkm2":null,"dansonguoi":null},"id":"diaphanhanhchinhcapxa_2025.1020"},
{"type":"Feature","geometry":{"type":"Polygon","coordinates":[[[104.62877,22.21929],[104.61621,22.20803],[104.61524,22.20705],[104.61478,22.20523],[104.61499,22.20294],[104.61436,22.20138],[104.61523,22.19945],[104.6161,22.19825],[104.6163,22.19551],[104.61781,22.19361],[104.61918,22.19314],[104.6189,22.18944],[104.61953,22.18775],[104.62033,22.18719],[104.6201,22.18607],[104.62104,22.18367],[104.62074,22.18186],[104.62088,22.1791],[104.62139,22.17683],[104.62136,22.17577],[104.62273,22.17411],[104.62413,22.17276],[104.62985,22.17027],[104.63438,22.16772],[104.63572,22.16729],[104.6403,22.16428],[104.64241,22.16231],[104.64309,22.16092],[104.64331,22.15902],[104.64297,22.15596],[104.6434,22.15392],[104.64516,22.15292],[104.64645,22.15303],[104.64769,22.15387],[104.64863,22.15405],[104.65007,22.15373],[104.65327,22.15201],[104.65507,22.15127],[104.65779,22.15069],[104.66028,22.15034],[104.66455,22.15021],[104.66639,22.15032],[104.6685,22.14985],[104.67232,22.15006],[104.67396,22.14904],[104.6742,22.1481],[104.67374,22.14715],[104.67194,22.14627],[104.67147,22.1456],[104.67194,22.14412],[104.67426,22.14271],[104.67604,22.14083],[104.67722,22.13875],[104.67803,22.13805],[104.68085,22.13649],[104.68422,22.13316],[104.68777,22.13059],[104.69028,22.12987],[104.69259,22.12878],[104.69563,22.12683],[104.69624,22.12584],[104.69754,22.12235],[104.69844,22.12117],[104.70046,22.11959],[104.7013,22.11832],[104.70096,22.11734],[104.69967,22.11619],[104.6985,22.11461],[104.69807,22.11265],[104.6982,22.10638],[104.69721,22.10466],[104.69653,22.10459],[104.69617,22.10297],[104.6977,22.09976],[104.69896,22.09876],[104.70045,22.09875],[104.70156,22.09922],[104.70421,22.1015],[104.70545,22.1019],[104.7067,22.10184],[104.70781,22.1012],[104.71016,22.0974],[104.7112,22.0948],[104.71142,22.09224],[104.71147,22.08903],[104.71213,22.08685],[104.7135,22.08515],[104.71568,22.08344],[104.71794,22.08251],[104.72502,22.08123],[104.72627,22.08066],[104.72775,22.07932],[104.72893,22.07786],[104.73038,22.07506],[104.73101,22.07295],[104.73287,22.06999],[104.73571,22.06722],[104.73634,22.06522],[104.73537,22.0624],[104.73215,22.06024],[104.72945,22.05531],[104.72887,22.05389],[104.72914,22.05271],[104.7298,22.05166],[104.73119,22.05062],[104.73226,22.05015],[104.73415,22.04984],[104.73562,22.0494],[104.73749,22.04672],[104.73849,22.04493],[104.73964,22.04386],[104.74076,22.0433],[104.74336,22.0431],[104.74819,22.04408],[104.74995,22.04383],[104.751,22.04273],[104.75139,22.04118],[104.75109,22.04052],[104.74864,22.03838],[104.74828,22.03681],[104.74958,22.03441],[104.74997,22.03238],[104.74983,22.03045],[104.75076,22.02983],[104.75254,22.0297],[104.75557,22.02996],[104.75687,22.02975],[104.75773,22.02822],[104.75777,22.0264],[104.75731,22.02508],[104.75596,22.02375],[104.75354,22.02211],[104.75371,22.02109],[104.75765,22.01871],[104.75912,22.0171],[104.75855,22.01586],[104.75657,22.01533],[104.75558,22.01458],[104.75515,22.01299],[104.75533,22.01195],[104.75623,22.01122],[104.75864,22.01116],[104.76145,22.01066],[104.76365,22.00981],[104.76582,22.00818],[104.76669,22.0073],[104.76736,22.00599],[104.76974,21.99956],[104.77154,21.99686],[104.77304,21.9964],[104.78223,21.99605],[104.78442,21.99581],[104.78587,21.99445],[104.7859,21.99358],[104.78522,21.99202],[104.78528,21.99097],[104.78773,21.98649],[104.78884,21.98415],[104.78751,21.98098],[104.78711,21.97867],[104.78749,21.97798],[104.79198,21.97551],[104.79389,21.97375],[104.7952,21.97063],[104.79588,21.96966],[104.79746,21.96841],[104.79927,21.96746],[104.80296,21.96456],[104.80777,21.95852],[104.80966,21.95717],[104.82169,21.96149],[104.83283,21.94243],[104.83152,21.93511],[104.83728,21.93245],[104.83867,21.93463],[104.83805,21.93634],[104.83768,21.93869],[104.83839,21.94021],[104.83915,21.94715],[104.83975,21.94814],[104.83856,21.94902],[104.83721,21.94909],[104.83559,21.95059],[104.83722,21.95351],[104.83742,21.95529],[104.83725,21.95673],[104.83795,21.95717],[104.83844,21.95842],[104.83876,21.96123],[104.838,21.9625],[104.83692,21.96274],[104.83619,21.96418],[104.83421,21.96515],[104.83279,21.96457],[104.83146,21.96497],[104.83114,21.96438],[104.83151,21.96323],[104.82961,21.96311],[104.82705,21.96383],[104.82618,21.96532],[104.82665,21.96781],[104.82818,21.96925],[104.82853,21.97055],[104.82884,21.97339],[104.8272,21.97604],[104.82402,21.97706],[104.82228,21.97707],[104.82121,21.97869],[104.82193,21.98078],[104.82328,21.98165],[104.82294,21.98275],[104.82136,21.98515],[104.82135,21.98752],[104.82104,21.98978],[104.81949,21.99019],[104.81813,21.99157],[104.81668,21.99264],[104.81526,21.993],[104.81435,21.9942],[104.81494,21.99548],[104.81464,21.99647],[104.81268,21.9968],[104.81158,21.99738],[104.80925,22.00013],[104.80925,22.00198],[104.80879,22.00323],[104.81012,22.00684],[104.81263,22.00723],[104.81313,22.00839],[104.8132,22.00964],[104.81374,22.01234],[104.80835,22.01462],[104.80823,22.01627],[104.80679,22.01936],[104.80497,22.01963],[104.80386,22.02007],[104.80092,22.02286],[104.80184,22.02571],[104.80149,22.02689],[104.8018,22.02936],[104.80226,22.03012],[104.80202,22.03219],[104.80297,22.03452],[104.80134,22.03518],[104.8015,22.03823],[104.80051,22.04133],[104.79954,22.04308],[104.79963,22.04442],[104.798,22.04492],[104.79797,22.04721],[104.79964,22.04839],[104.79781,22.04928],[104.79774,22.05033],[104.79507,22.05245],[104.79479,22.05306],[104.79497,22.05448],[104.79417,22.05593],[104.79448,22.05849],[104.79045,22.06181],[104.78995,22.06292],[104.78811,22.0642],[104.78623,22.06599],[104.78378,22.06663],[104.78338,22.06747],[104.78048,22.06995],[104.77899,22.07069],[104.77751,22.0722],[104.77731,22.07365],[104.77561,22.07548],[104.77483,22.07551],[104.77299,22.07738],[104.77209,22.07857],[104.76912,22.07881],[104.76776,22.07828],[104.76649,22.07836],[104.76431,22.07908],[104.76273,22.08011],[104.76153,22.0803],[104.76065,22.08106],[104.75841,22.08202],[104.75878,22.083],[104.75855,22.08469],[104.75789,22.08554],[104.75753,22.08707],[104.75804,22.08827],[104.7601,22.08915],[104.76125,22.09052],[104.76189,22.09197],[104.76171,22.09367],[104.75893,22.09544],[104.75742,22.09734],[104.75729,22.09802],[104.75846,22.09893],[104.75895,22.09982],[104.75645,22.10151],[104.75468,22.10305],[104.75134,22.10479],[104.74986,22.10622],[104.74874,22.10696],[104.74832,22.10834],[104.74752,22.10831],[104.7464,22.10999],[104.74608,22.11106],[104.74429,22.11239],[104.74261,22.11445],[104.74183,22.11503],[104.74114,22.11645],[104.74052,22.11639],[104.7403,22.1181],[104.73942,22.11945],[104.73865,22.11997],[104.73914,22.1232],[104.7385,22.12473],[104.73716,22.12698],[104.73602,22.1276],[104.73474,22.12938],[104.73298,22.12979],[104.73205,22.13106],[104.73085,22.13162],[104.73226,22.13401],[104.73253,22.1355],[104.73232,22.13656],[104.73075,22.13779],[104.72973,22.1394],[104.73018,22.14052],[104.7292,22.14216],[104.72957,22.14503],[104.72858,22.14734],[104.72875,22.14832],[104.72555,22.15129],[104.72224,22.15209],[104.721,22.15218],[104.71977,22.15426],[104.71859,22.1552],[104.7175,22.15781],[104.7147,22.15908],[104.71391,22.1598],[104.71293,22.16177],[104.70879,22.16476],[104.70679,22.16483],[104.70534,22.16517],[104.70474,22.16638],[104.70487,22.16787],[104.70328,22.16936],[104.70203,22.16922],[104.70004,22.16708],[104.69747,22.16743],[104.69625,22.16707],[104.69445,22.16784],[104.69407,22.1683],[104.69236,22.16898],[104.69023,22.17012],[104.68835,22.17162],[104.6865,22.17422],[104.68595,22.17626],[104.68533,22.17967],[104.68493,22.18267],[104.68343,22.18524],[104.68205,22.18725],[104.681,22.18838],[104.67869,22.18893],[104.67834,22.19009],[104.67646,22.19233],[104.67562,22.194],[104.67345,22.19646],[104.67131,22.19725],[104.66882,22.19769],[104.66804,22.19875],[104.66681,22.19968],[104.66468,22.20062],[104.66478,22.20148],[104.66332,22.20258],[104.66126,22.20323],[104.65952,22.20421],[104.65779,22.20611],[104.65673,22.20658],[104.65581,22.20842],[104.65451,22.20943],[104.65072,22.21035],[104.65011,22.21166],[104.64766,22.21385],[104.64749,22.21527],[104.64655,22.21641],[104.64546,22.21703],[104.64115,22.22112],[104.63548,22.22282],[104.63579,22.22154],[104.63458,22.22063],[104.63427,22.22006],[104.63269,22.21905],[104.63146,22.21888],[104.62877,22.21929]]]},"properties":{"a01_tinh":"diaphanhanhchinhcaptinh_sn.114","a02_xa":"diaphanhanhchinhcapxa_2025.1012","a03_ten":"Xã Tân Lĩnh","a04_tentinh":"Tỉnh Lào Cai","a05_truocsn":"Xã Minh Chuẩn, Xã Tân Lập, Xã Phan Thanh, Xã Khai Trung, Xã Tân Lĩnh","a06_trungtamhc":"đang cập nhật","a07_dt":"147.75","a08_ds":"20155","a09_dthoai":null,"a10_web":null,"ten":"Xã Tân Lĩnh","ma":"04336","tentinh":"Tỉnh Lào Cai","truocsapnhap":"Xã Minh Chuẩn, Xã Tân Lập, Xã Phan Thanh, Xã Khai Trung, Xã Tân Lĩnh","dientichkm2":null,"dansonguoi":null},"id":"diaphanhanhchinhcapxa_2025.1012"},
{"type":"Feature","geometry":{"type":"Polygon","coordinates":[[[104.15281,22.31222],[104.15224,22.31185],[104.15037,22.31159],[104.14921,22.31251],[104.14849,22.31359],[104.14642,22.31474],[104.14317,22.31475],[104.14254,22.31582],[104.14099,22.316],[104.13982,22.31446],[104.14017,22.31289],[104.13873,22.31119],[104.13732,22.31211],[104.13104,22.31669],[104.12527,22.32079],[104.12291,22.32122],[104.12005,22.32113],[104.11926,22.32021],[104.11712,22.32023],[104.11533,22.31945],[104.11408,22.31921],[104.11387,22.31852],[104.11256,22.31748],[104.11334,22.31668],[104.11311,22.31595],[104.11218,22.31531],[104.11214,22.31407],[104.11337,22.31356],[104.11358,22.31236],[104.11184,22.31145],[104.11147,22.31041],[104.11072,22.31026],[104.10942,22.31137],[104.10849,22.31064],[104.10832,22.3089],[104.10755,22.30827],[104.10667,22.30578],[104.10599,22.30509],[104.10559,22.3036],[104.1046,22.30263],[104.10331,22.30277],[104.10222,22.30156],[104.09759,22.29974],[104.09631,22.29853],[104.09507,22.29826],[104.09284,22.29907],[104.09132,22.30015],[104.08895,22.30084],[104.08717,22.29922],[104.08465,22.29917],[104.08326,22.29811],[104.08267,22.29649],[104.08336,22.29491],[104.08301,22.29381],[104.08057,22.29254],[104.0806,22.29157],[104.07897,22.28919],[104.07749,22.2896],[104.0762,22.28862],[104.07571,22.28691],[104.07511,22.28591],[104.07556,22.28407],[104.07685,22.28238],[104.07617,22.28092],[104.07686,22.27889],[104.07488,22.27692],[104.07334,22.27413],[104.07263,22.27353],[104.07198,22.27189],[104.07211,22.2703],[104.0715,22.26931],[104.07051,22.26815],[104.07041,22.26668],[104.07188,22.26571],[104.07233,22.26497],[104.07175,22.26324],[104.07161,22.26147],[104.07206,22.2602],[104.07323,22.25816],[104.07474,22.2567],[104.07636,22.25354],[104.07674,22.25144],[104.07659,22.24959],[104.07731,22.24871],[104.07742,22.24697],[104.07729,22.24373],[104.07785,22.24295],[104.08043,22.24148],[104.08369,22.23823],[104.08283,22.23749],[104.08339,22.23398],[104.08296,22.23344],[104.08301,22.23182],[104.08207,22.23087],[104.0802,22.23002],[104.0805,22.2292],[104.07979,22.22641],[104.07836,22.22574],[104.07668,22.22455],[104.07689,22.22202],[104.07625,22.21966],[104.07643,22.21841],[104.0787,22.21664],[104.07898,22.21466],[104.07616,22.21324],[104.07549,22.2105],[104.07565,22.2097],[104.0753,22.20803],[104.07675,22.20529],[104.07809,22.2019],[104.07815,22.20119],[104.07921,22.20032],[104.08244,22.19931],[104.08452,22.2004],[104.08819,22.20002],[104.08939,22.19914],[104.09094,22.19895],[104.09221,22.19938],[104.09309,22.20015],[104.09554,22.19944],[104.09825,22.19938],[104.09994,22.20017],[104.10339,22.19979],[104.10464,22.20031],[104.1082,22.20079],[104.10987,22.20117],[104.11204,22.20111],[104.11292,22.20136],[104.11631,22.20096],[104.11831,22.20125],[104.12045,22.20401],[104.12191,22.20388],[104.12386,22.20596],[104.12515,22.20662],[104.12499,22.2082],[104.12572,22.20928],[104.12802,22.21003],[104.12998,22.2101],[104.13112,22.21107],[104.13171,22.21232],[104.13293,22.21318],[104.13374,22.21334],[104.13521,22.21271],[104.13892,22.21211],[104.13975,22.21272],[104.14203,22.2136],[104.14608,22.21291],[104.14918,22.21371],[104.15043,22.21433],[104.15149,22.21363],[104.15333,22.21383],[104.15437,22.21429],[104.15674,22.2158],[104.15954,22.21819],[104.16183,22.21765],[104.16397,22.21801],[104.16673,22.21682],[104.16823,22.21598],[104.16889,22.21598],[104.16994,22.21394],[104.17093,22.21362],[104.17249,22.21257],[104.17325,22.21264],[104.17392,22.2137],[104.17528,22.21367],[104.17612,22.21322],[104.17814,22.21349],[104.179,22.2143],[104.17854,22.21526],[104.17911,22.21814],[104.17785,22.21908],[104.17683,22.2191],[104.17636,22.22077],[104.17611,22.22312],[104.17643,22.22378],[104.17542,22.22508],[104.17589,22.22553],[104.17538,22.22668],[104.17622,22.22764],[104.17669,22.2291],[104.178,22.22886],[104.17976,22.23029],[104.17921,22.23194],[104.17999,22.23302],[104.1799,22.23408],[104.181,22.23432],[104.18126,22.23543],[104.18313,22.23695],[104.18421,22.23745],[104.18661,22.23791],[104.18762,22.2386],[104.18873,22.24043],[104.18954,22.24083],[104.18904,22.24209],[104.18946,22.24468],[104.19016,22.24392],[104.19164,22.24404],[104.19266,22.24379],[104.19375,22.24297],[104.19399,22.24495],[104.19531,22.24631],[104.19464,22.2475],[104.19601,22.24918],[104.19653,22.24808],[104.19764,22.24905],[104.19875,22.24927],[104.20034,22.24755],[104.20247,22.24731],[104.20418,22.24547],[104.20585,22.24543],[104.20605,22.24588],[104.20827,22.24584],[104.21004,22.2475],[104.21148,22.24943],[104.21206,22.24999],[104.21292,22.25128],[104.21379,22.25202],[104.21664,22.25357],[104.21744,22.2543],[104.21772,22.25868],[104.2169,22.26],[104.21575,22.2601],[104.21479,22.25946],[104.21224,22.25862],[104.21041,22.25758],[104.20977,22.25643],[104.20743,22.25592],[104.20613,22.25705],[104.20491,22.25748],[104.20402,22.25841],[104.20263,22.26156],[104.20227,22.26349],[104.20297,22.26517],[104.20268,22.26681],[104.20065,22.26753],[104.19882,22.26935],[104.19805,22.27059],[104.19669,22.27144],[104.19754,22.27217],[104.19653,22.27345],[104.19534,22.27357],[104.19463,22.27454],[104.19269,22.2762],[104.1918,22.27747],[104.19148,22.27896],[104.1908,22.28003],[104.18975,22.28089],[104.1899,22.2824],[104.18855,22.28264],[104.18719,22.28342],[104.18435,22.28242],[104.18283,22.28252],[104.18074,22.28405],[104.17975,22.28576],[104.17962,22.2872],[104.17811,22.28983],[104.17753,22.29049],[104.17541,22.28961],[104.17351,22.28974],[104.17214,22.29143],[104.17044,22.29256],[104.16918,22.29376],[104.16747,22.29392],[104.16499,22.29647],[104.16364,22.29704],[104.1629,22.29856],[104.16234,22.30099],[104.16053,22.30391],[104.15918,22.30472],[104.15836,22.30727],[104.15667,22.30918],[104.15481,22.30794],[104.15436,22.31011],[104.15281,22.31222]]]},"properties":{"a01_tinh":"diaphanhanhchinhcaptinh_sn.114","a02_xa":"diaphanhanhchinhcapxa_2025.1072","a03_ten":"Xã Tằng Loỏng","a04_tentinh":"Tỉnh Lào Cai","a05_truocsn":"Thị trấn Tằng Loỏng, Xã Phú Nhuận","a06_trungtamhc":"TDP số 6, xã Tằng Loỏng (Trụ sở xã Tằng Loỏng cũ)","a07_dt":"125.8","a08_ds":"20533","a09_dthoai":null,"a10_web":null,"ten":"Xã Tằng Loỏng","ma":"02908","tentinh":"Tỉnh Lào Cai","truocsapnhap":"Thị trấn Tằng Loỏng, Xã Phú Nhuận","dientichkm2":null,"dansonguoi":null},"id":"diaphanhanhchinhcapxa_2025.1072"},
{"type":"Feature","geometry":{"type":"Polygon","coordinates":[[[105.0673,21.84069],[105.0651,21.84083],[105.06361,21.83965],[105.06099,21.83901],[105.05989,21.83926],[105.05857,21.83864],[105.05765,21.83691],[105.05624,21.83634],[105.05492,21.83541],[105.05214,21.83262],[105.05045,21.83182],[105.04971,21.83184],[105.04751,21.83312],[105.04636,21.83415],[105.04513,21.83453],[105.04366,21.83429],[105.04184,21.833],[105.03866,21.83249],[105.03559,21.83329],[105.0337,21.83478],[105.03279,21.8351],[105.02834,21.83595],[105.02604,21.83611],[105.02493,21.83706],[105.02127,21.83424],[105.01944,21.83335],[105.01928,21.8317],[105.01805,21.83064],[105.01778,21.82923],[105.01786,21.8273],[105.01694,21.82673],[105.01607,21.82735],[105.01495,21.82671],[105.01286,21.82717],[105.01221,21.82799],[105.01006,21.82849],[105.00691,21.82992],[105.00441,21.83033],[105.00189,21.83124],[104.99931,21.8316],[104.99784,21.83099],[104.99479,21.82902],[104.98854,21.83033],[104.98579,21.83321],[104.98478,21.83456],[104.98165,21.8363],[104.97653,21.83498],[104.97379,21.82528],[104.96822,21.83012],[104.96204,21.82729],[104.95912,21.82605],[104.96791,21.8159],[104.96594,21.8076],[104.97799,21.80452],[104.97959,21.79561],[104.98606,21.784],[104.98859,21.77908],[104.9967,21.77571],[104.99809,21.75733],[104.99314,21.75174],[104.99193,21.74852],[105.00022,21.74218],[105.00397,21.7377],[105.01016,21.7347],[105.01188,21.73123],[105.01255,21.72903],[105.01495,21.72754],[105.015,21.72552],[105.01575,21.72345],[105.01584,21.72216],[105.01551,21.72034],[105.01823,21.71897],[105.01918,21.71764],[105.02055,21.71471],[105.02204,21.71316],[105.02357,21.71078],[105.02422,21.70895],[105.02513,21.70832],[105.02724,21.70576],[105.028,21.70395],[105.02972,21.70157],[105.03074,21.70151],[105.03177,21.70142],[105.03237,21.70028],[105.03484,21.69922],[105.03604,21.69906],[105.03634,21.69788],[105.03717,21.69742],[105.03871,21.69762],[105.04043,21.69574],[105.03977,21.69481],[105.04071,21.69402],[105.04168,21.69392],[105.04316,21.69267],[105.04457,21.69005],[105.04606,21.68967],[105.04836,21.69017],[105.04922,21.68836],[105.04995,21.68804],[105.05242,21.68856],[105.05455,21.68647],[105.05632,21.6863],[105.05756,21.68544],[105.05922,21.68624],[105.06025,21.68897],[105.06112,21.6902],[105.06223,21.6897],[105.06349,21.6885],[105.06452,21.68809],[105.06674,21.68529],[105.06704,21.68443],[105.06987,21.68348],[105.07076,21.68357],[105.07182,21.68254],[105.07233,21.68147],[105.07331,21.68054],[105.07398,21.68128],[105.07661,21.68148],[105.07772,21.6811],[105.0792,21.68277],[105.08104,21.68207],[105.08303,21.6829],[105.08521,21.68339],[105.08547,21.6825],[105.08785,21.68281],[105.08808,21.6822],[105.08953,21.68264],[105.09033,21.68089],[105.09133,21.68177],[105.09219,21.68154],[105.09241,21.68041],[105.0914,21.67925],[105.09172,21.67853],[105.0927,21.67892],[105.09395,21.67885],[105.09457,21.67812],[105.09543,21.68078],[105.09674,21.68128],[105.09742,21.68022],[105.09812,21.68007],[105.09958,21.68391],[105.09969,21.6859],[105.10016,21.68758],[105.10016,21.68936],[105.09955,21.6903],[105.09812,21.69169],[105.09661,21.69362],[105.09565,21.69599],[105.09643,21.69905],[105.09604,21.7004],[105.09463,21.70081],[105.09109,21.70077],[105.08695,21.70192],[105.08642,21.70401],[105.08703,21.7056],[105.08863,21.70776],[105.089,21.70864],[105.0907,21.70973],[105.09148,21.71087],[105.09189,21.71235],[105.09128,21.71355],[105.09024,21.71452],[105.08718,21.71647],[105.08646,21.71844],[105.08498,21.72181],[105.08408,21.72315],[105.08298,21.72391],[105.08211,21.72393],[105.07941,21.72262],[105.07849,21.72193],[105.07725,21.72197],[105.07586,21.72376],[105.07505,21.72695],[105.07385,21.72842],[105.07438,21.72938],[105.07595,21.73074],[105.07655,21.73171],[105.07679,21.73473],[105.07622,21.7357],[105.07319,21.73688],[105.07031,21.73835],[105.06756,21.74052],[105.06687,21.7417],[105.06557,21.74217],[105.06468,21.74302],[105.06164,21.74382],[105.05965,21.74494],[105.05812,21.74518],[105.05813,21.74618],[105.05662,21.74729],[105.05772,21.74821],[105.0584,21.74939],[105.06136,21.74845],[105.06205,21.74904],[105.0644,21.74911],[105.06479,21.75034],[105.06747,21.75113],[105.06809,21.75174],[105.0691,21.75139],[105.06973,21.75305],[105.07207,21.75442],[105.07169,21.75503],[105.07225,21.75636],[105.07181,21.75755],[105.07228,21.75805],[105.07391,21.75757],[105.07488,21.75861],[105.07493,21.76013],[105.07534,21.76072],[105.07694,21.76109],[105.07808,21.76165],[105.07803,21.76308],[105.07713,21.76341],[105.07796,21.76567],[105.07788,21.76639],[105.07885,21.76712],[105.08157,21.77137],[105.0798,21.77279],[105.07726,21.77345],[105.07672,21.77438],[105.07546,21.77552],[105.07403,21.77635],[105.07237,21.77807],[105.07167,21.78157],[105.07196,21.78209],[105.07319,21.78148],[105.07469,21.78276],[105.07551,21.78392],[105.07555,21.78475],[105.07737,21.78685],[105.07948,21.78649],[105.08076,21.78733],[105.08073,21.79005],[105.08169,21.79056],[105.08276,21.79165],[105.0822,21.79264],[105.0825,21.79381],[105.08321,21.79476],[105.08442,21.79779],[105.08445,21.79916],[105.08511,21.80091],[105.08489,21.80202],[105.08634,21.80365],[105.08812,21.80626],[105.08862,21.80732],[105.09015,21.8082],[105.09305,21.80945],[105.09512,21.81071],[105.0983,21.81166],[105.09978,21.81183],[105.10003,21.81317],[105.09957,21.81441],[105.09885,21.81502],[105.09822,21.81764],[105.0974,21.81847],[105.09574,21.81874],[105.09447,21.81987],[105.09258,21.82089],[105.09136,21.82365],[105.09086,21.82527],[105.08903,21.82799],[105.0878,21.82853],[105.08503,21.82915],[105.08353,21.82895],[105.08249,21.82924],[105.07953,21.8292],[105.07765,21.82992],[105.07517,21.83208],[105.0729,21.83524],[105.07102,21.83712],[105.07004,21.83771],[105.07011,21.83911],[105.06908,21.84005],[105.0673,21.84069]]]},"properties":{"a01_tinh":"diaphanhanhchinhcaptinh_sn.114","a02_xa":"diaphanhanhchinhcapxa_2025.1051","a03_ten":"Xã Thác Bà","a04_tentinh":"Tỉnh Lào Cai","a05_truocsn":"Thị trấn Thác Bà, Xã Vũ Linh, Xã Bạch Hà, Xã Hán Đà, Xã Vĩnh Kiên, Xã Đại Minh","a06_trungtamhc":"đang cập nhật","a07_dt":"142.54","a08_ds":"35122","a09_dthoai":null,"a10_web":null,"ten":"Xã Thác Bà","ma":"04717","tentinh":"Tỉnh Lào Cai","truocsapnhap":"Thị trấn Thác Bà, Xã Vũ Linh, Xã Bạch Hà, Xã Hán Đà, Xã Vĩnh Kiên, Xã Đại Minh","dientichkm2":null,"dansonguoi":null},"id":"diaphanhanhchinhcapxa_2025.1051"},
{"type":"Feature","geometry":{"type":"Polygon","coordinates":[[[104.76285,21.47468],[104.76056,21.47529],[104.7599,21.4738],[104.75859,21.47278],[104.75753,21.47273],[104.75555,21.47211],[104.756,21.47144],[104.75552,21.47077],[104.75309,21.47072],[104.75188,21.47013],[104.75156,21.46949],[104.75216,21.4687],[104.75188,21.46745],[104.75041,21.46555],[104.74808,21.46753],[104.7501,21.47127],[104.74856,21.4718],[104.74701,21.47436],[104.7457,21.47434],[104.74522,21.47486],[104.74524,21.47598],[104.74634,21.47817],[104.74448,21.47874],[104.7438,21.4811],[104.743,21.48172],[104.74191,21.48174],[104.74042,21.48081],[104.73936,21.48247],[104.73831,21.48277],[104.73603,21.4821],[104.73506,21.48243],[104.73467,21.48383],[104.73208,21.48519],[104.73179,21.48653],[104.73001,21.48723],[104.72794,21.48922],[104.72709,21.48926],[104.7259,21.48839],[104.72459,21.48818],[104.72429,21.48762],[104.72206,21.48757],[104.71981,21.48935],[104.7187,21.48798],[104.71753,21.48733],[104.71828,21.48538],[104.71774,21.48258],[104.71854,21.48101],[104.71952,21.4808],[104.72137,21.48196],[104.72206,21.4818],[104.7238,21.48056],[104.72635,21.48007],[104.72842,21.4793],[104.72973,21.47835],[104.73216,21.48022],[104.73348,21.48087],[104.73438,21.47976],[104.73588,21.47943],[104.73584,21.4787],[104.73671,21.47786],[104.73564,21.4773],[104.73356,21.47762],[104.72932,21.47666],[104.72884,21.47614],[104.72848,21.47411],[104.72996,21.47384],[104.7297,21.47179],[104.73119,21.47031],[104.73424,21.4713],[104.73533,21.47108],[104.73538,21.46956],[104.73728,21.46954],[104.74116,21.46876],[104.74154,21.46794],[104.73997,21.46644],[104.73826,21.46546],[104.73723,21.46428],[104.73786,21.46375],[104.7354,21.46276],[104.73201,21.46041],[104.73144,21.45842],[104.73017,21.45577],[104.7303,21.45427],[104.7283,21.45346],[104.72848,21.45129],[104.72728,21.44907],[104.72541,21.44731],[104.72398,21.44675],[104.72503,21.44582],[104.72598,21.44381],[104.72905,21.44171],[104.7297,21.44028],[104.73205,21.43887],[104.73248,21.43662],[104.73293,21.43557],[104.73156,21.43343],[104.73162,21.43233],[104.73092,21.4318],[104.7298,21.43183],[104.72789,21.42994],[104.72768,21.42841],[104.72658,21.42702],[104.72616,21.42529],[104.72645,21.42286],[104.72984,21.42049],[104.73081,21.41941],[104.73261,21.41955],[104.73359,21.41925],[104.73423,21.41478],[104.73357,21.41302],[104.73303,21.40985],[104.73359,21.40643],[104.73491,21.40551],[104.73537,21.40269],[104.73463,21.40007],[104.73379,21.39855],[104.73357,21.39749],[104.7333,21.39377],[104.73274,21.3918],[104.73276,21.39076],[104.73331,21.38932],[104.73412,21.38604],[104.73413,21.38345],[104.73446,21.38234],[104.73531,21.38136],[104.73595,21.37963],[104.73723,21.37826],[104.73821,21.3776],[104.73961,21.37607],[104.74032,21.37461],[104.74086,21.37281],[104.74079,21.37208],[104.74237,21.37124],[104.74363,21.36881],[104.74493,21.36805],[104.74714,21.36766],[104.74795,21.36775],[104.74911,21.36339],[104.74783,21.36072],[104.74713,21.35981],[104.74805,21.35696],[104.74868,21.35434],[104.74839,21.35344],[104.74883,21.35238],[104.75124,21.35147],[104.75341,21.35257],[104.75728,21.35269],[104.75634,21.34994],[104.75703,21.3479],[104.75846,21.3466],[104.75909,21.34538],[104.76041,21.34515],[104.76406,21.34581],[104.76664,21.34407],[104.76891,21.34431],[104.76932,21.34253],[104.76786,21.34086],[104.7683,21.33795],[104.76821,21.33126],[104.76874,21.33021],[104.77151,21.32945],[104.77304,21.3281],[104.77516,21.32771],[104.7759,21.32683],[104.77886,21.32594],[104.77943,21.32605],[104.78025,21.32719],[104.78435,21.32879],[104.7867,21.32876],[104.78849,21.32988],[104.7898,21.33306],[104.79124,21.33342],[104.79244,21.33416],[104.79478,21.33514],[104.79707,21.33408],[104.7983,21.33295],[104.80013,21.33168],[104.80209,21.33079],[104.80285,21.33124],[104.8043,21.33092],[104.80676,21.33326],[104.80854,21.33366],[104.8104,21.33348],[104.81344,21.33263],[104.81388,21.33362],[104.81537,21.3342],[104.81755,21.33657],[104.81732,21.34278],[104.81745,21.34628],[104.81828,21.34905],[104.82021,21.34948],[104.82102,21.35068],[104.82323,21.35083],[104.82226,21.35418],[104.82152,21.35545],[104.81999,21.35693],[104.81936,21.35867],[104.81976,21.35996],[104.81954,21.36177],[104.81782,21.36476],[104.81613,21.36542],[104.81534,21.36663],[104.81518,21.36753],[104.81437,21.36898],[104.8134,21.36993],[104.81378,21.37112],[104.81299,21.37305],[104.81229,21.37404],[104.81109,21.37648],[104.811,21.37775],[104.80991,21.38008],[104.80992,21.38108],[104.8084,21.38397],[104.80703,21.38556],[104.80744,21.38779],[104.80698,21.39013],[104.8063,21.39152],[104.80662,21.3936],[104.80622,21.39525],[104.80633,21.39634],[104.80558,21.39736],[104.80414,21.3977],[104.8027,21.39981],[104.80203,21.40154],[104.79984,21.40467],[104.79958,21.40623],[104.79902,21.40723],[104.79942,21.40954],[104.79811,21.41039],[104.79824,21.41208],[104.79747,21.41295],[104.79729,21.41424],[104.79642,21.41526],[104.79511,21.41749],[104.79599,21.41866],[104.79529,21.4198],[104.79374,21.42128],[104.79322,21.42254],[104.79571,21.42442],[104.79714,21.42517],[104.79919,21.42461],[104.80116,21.42542],[104.80246,21.42461],[104.80351,21.42463],[104.80398,21.42782],[104.80201,21.42898],[104.79802,21.43235],[104.79692,21.43254],[104.79706,21.43329],[104.79619,21.4358],[104.79501,21.43777],[104.79474,21.43958],[104.79511,21.44115],[104.79313,21.44255],[104.79249,21.44345],[104.79021,21.44477],[104.78991,21.44616],[104.78994,21.44777],[104.78864,21.44934],[104.78644,21.45064],[104.78646,21.45226],[104.78515,21.45314],[104.78472,21.45423],[104.78362,21.45531],[104.78397,21.45658],[104.78326,21.45737],[104.78458,21.45813],[104.78726,21.45742],[104.78876,21.45803],[104.79006,21.45811],[104.79049,21.45961],[104.79172,21.46054],[104.79389,21.45952],[104.79635,21.45715],[104.79726,21.45773],[104.79733,21.4584],[104.79904,21.45835],[104.80127,21.45883],[104.80166,21.45951],[104.80143,21.46114],[104.80247,21.46243],[104.80342,21.46261],[104.80401,21.46358],[104.80574,21.46409],[104.80618,21.4649],[104.80624,21.46616],[104.80692,21.46783],[104.80839,21.46902],[104.80858,21.47171],[104.80952,21.4729],[104.80969,21.47398],[104.80814,21.47525],[104.80557,21.47575],[104.80472,21.47568],[104.8038,21.47621],[104.80392,21.47925],[104.80313,21.48046],[104.80319,21.48232],[104.8012,21.48219],[104.7964,21.47848],[104.79565,21.47835],[104.79225,21.47898],[104.79111,21.4779],[104.7911,21.47517],[104.78852,21.47483],[104.78649,21.47432],[104.78472,21.47415],[104.78293,21.47493],[104.78167,21.47476],[104.78052,21.47541],[104.7799,21.47623],[104.77205,21.47387],[104.77124,21.47281],[104.7691,21.47311],[104.76681,21.47428],[104.76565,21.47413],[104.76438,21.47338],[104.76285,21.47468]]]},"properties":{"a01_tinh":"diaphanhanhchinhcaptinh_sn.114","a02_xa":"diaphanhanhchinhcapxa_2025.1048","a03_ten":"Xã Thượng Bằng La","a04_tentinh":"Tỉnh Lào Cai","a05_truocsn":"Thị trấn Nông trường Trần Phú, Xã Thượng Bằng La","a06_trungtamhc":"đang cập nhật","a07_dt":"111.61","a08_ds":"14697","a09_dthoai":null,"a10_web":null,"ten":"Xã Thượng Bằng La","ma":"04705","tentinh":"Tỉnh Lào Cai","truocsapnhap":"Thị trấn Nông trường Trần Phú, Xã Thượng Bằng La","dientichkm2":null,"dansonguoi":null},"id":"diaphanhanhchinhcapxa_2025.1048"},
{"type":"Feature","geometry":{"type":"Polygon","coordinates":[[[104.43515,22.32503],[104.43445,22.32545],[104.43322,22.32727],[104.432,22.32842],[104.43034,22.32955],[104.42906,22.33133],[104.42687,22.33309],[104.42454,22.33467],[104.41711,22.33532],[104.41637,22.33527],[104.41443,22.33613],[104.41354,22.33742],[104.41237,22.33832],[104.40984,22.33937],[104.40733,22.34134],[104.40656,22.34173],[104.40419,22.3418],[104.40294,22.34133],[104.40171,22.34033],[104.39956,22.33904],[104.39664,22.33763],[104.39525,22.33787],[104.39395,22.33904],[104.39286,22.34059],[104.39017,22.34196],[104.38922,22.34199],[104.38626,22.3416],[104.38364,22.34256],[104.38084,22.34278],[104.37891,22.34356],[104.37785,22.3446],[104.37701,22.34625],[104.3766,22.34952],[104.376,22.35066],[104.37485,22.35184],[104.37412,22.35188],[104.37275,22.3528],[104.37148,22.35285],[104.37072,22.35335],[104.36954,22.35345],[104.36749,22.35551],[104.36618,22.35597],[104.36418,22.35596],[104.36251,22.35734],[104.35929,22.3578],[104.3586,22.35831],[104.35752,22.36007],[104.3565,22.36005],[104.35513,22.36058],[104.35424,22.36044],[104.35282,22.36177],[104.35101,22.36214],[104.35001,22.36273],[104.34865,22.36284],[104.34788,22.36065],[104.34646,22.35829],[104.34537,22.35721],[104.34511,22.35616],[104.34572,22.35463],[104.34475,22.35371],[104.34383,22.35402],[104.3433,22.35292],[104.34323,22.35042],[104.34203,22.35026],[104.33879,22.34903],[104.33859,22.34818],[104.33608,22.34628],[104.33587,22.3451],[104.33421,22.34501],[104.33224,22.3437],[104.33182,22.34312],[104.3298,22.34261],[104.32943,22.34157],[104.32834,22.34169],[104.32742,22.3413],[104.32663,22.33977],[104.3228,22.34099],[104.3229,22.33925],[104.32159,22.33698],[104.32048,22.33604],[104.31878,22.33274],[104.32074,22.33192],[104.3214,22.33139],[104.32256,22.33161],[104.32379,22.3308],[104.32519,22.32889],[104.32669,22.32761],[104.32761,22.32604],[104.32795,22.32489],[104.32723,22.32404],[104.32699,22.32263],[104.3263,22.32229],[104.3255,22.32063],[104.32326,22.32025],[104.32268,22.31853],[104.32072,22.31758],[104.31976,22.31876],[104.31849,22.31947],[104.31703,22.31948],[104.31679,22.31856],[104.31552,22.31733],[104.3146,22.31807],[104.31324,22.31829],[104.31186,22.31756],[104.31066,22.31772],[104.30928,22.31653],[104.30503,22.31744],[104.30352,22.31869],[104.30186,22.31934],[104.30031,22.32081],[104.29865,22.32066],[104.29724,22.32129],[104.29651,22.32096],[104.29567,22.31934],[104.29481,22.31872],[104.29386,22.3187],[104.29259,22.31707],[104.29106,22.31674],[104.29214,22.31507],[104.29308,22.31444],[104.29402,22.31462],[104.29693,22.31317],[104.29833,22.31131],[104.29983,22.30898],[104.30045,22.30855],[104.3011,22.30668],[104.30335,22.30209],[104.30404,22.30143],[104.30403,22.29963],[104.3049,22.29866],[104.30722,22.29645],[104.30812,22.29481],[104.30942,22.2933],[104.3137,22.28995],[104.31498,22.28847],[104.31717,22.28698],[104.31857,22.28483],[104.31772,22.28358],[104.31893,22.28216],[104.32003,22.2815],[104.32037,22.2807],[104.32303,22.27941],[104.32521,22.27754],[104.32662,22.27683],[104.32893,22.2762],[104.33038,22.27503],[104.33143,22.27517],[104.33247,22.27411],[104.33498,22.27319],[104.3368,22.27168],[104.33925,22.27016],[104.3423,22.27116],[104.34326,22.2719],[104.34438,22.2713],[104.347,22.27193],[104.34865,22.27074],[104.34979,22.27024],[104.35144,22.27005],[104.35337,22.26785],[104.35623,22.2674],[104.35819,22.26609],[104.35977,22.26636],[104.36144,22.26373],[104.36088,22.26241],[104.36049,22.25934],[104.36209,22.25604],[104.36159,22.25473],[104.36167,22.25265],[104.36097,22.25194],[104.36178,22.25038],[104.36087,22.24904],[104.36089,22.24758],[104.36138,22.24629],[104.3631,22.24491],[104.36397,22.24392],[104.36447,22.24187],[104.365,22.24101],[104.36651,22.24029],[104.36727,22.24034],[104.36948,22.23846],[104.37045,22.23728],[104.37209,22.23665],[104.37398,22.23509],[104.37569,22.23335],[104.37696,22.23115],[104.37831,22.22931],[104.37998,22.22855],[104.38176,22.22722],[104.3838,22.22616],[104.38487,22.22609],[104.38591,22.22665],[104.38717,22.2266],[104.38803,22.22603],[104.3893,22.22656],[104.3897,22.2273],[104.39183,22.22843],[104.39461,22.22815],[104.39565,22.22714],[104.39634,22.22714],[104.40005,22.22511],[104.40293,22.22392],[104.40577,22.22375],[104.4078,22.22459],[104.40926,22.22388],[104.40983,22.22304],[104.40998,22.22131],[104.41056,22.22003],[104.41145,22.219],[104.41457,22.21788],[104.4161,22.21837],[104.41696,22.21899],[104.4179,22.21868],[104.42074,22.21991],[104.42194,22.22152],[104.42411,22.22218],[104.4254,22.22399],[104.4264,22.22469],[104.42517,22.22725],[104.42341,22.22829],[104.42317,22.22911],[104.42147,22.22983],[104.42053,22.23057],[104.42172,22.23202],[104.42318,22.23314],[104.42738,22.23077],[104.4288,22.22922],[104.4305,22.22896],[104.43107,22.22923],[104.43235,22.23083],[104.43491,22.23075],[104.43562,22.23097],[104.43615,22.23199],[104.43754,22.23314],[104.43725,22.23587],[104.43519,22.23878],[104.43622,22.24032],[104.4356,22.2417],[104.43606,22.24259],[104.43777,22.24434],[104.43869,22.24685],[104.44091,22.24773],[104.44151,22.24741],[104.44333,22.24905],[104.44349,22.24971],[104.44468,22.25006],[104.44669,22.25143],[104.4484,22.24905],[104.4496,22.24799],[104.45027,22.24811],[104.45163,22.24753],[104.45319,22.24738],[104.45397,22.24635],[104.45568,22.24623],[104.45614,22.24541],[104.45756,22.2457],[104.45941,22.24468],[104.46002,22.24378],[104.46074,22.24532],[104.45967,22.24709],[104.4594,22.24834],[104.45718,22.25066],[104.45512,22.25199],[104.45444,22.25337],[104.45454,22.25408],[104.45342,22.25506],[104.45209,22.25543],[104.44938,22.25789],[104.44756,22.26009],[104.44482,22.26196],[104.44465,22.26298],[104.44361,22.26354],[104.43991,22.26653],[104.43831,22.26882],[104.43536,22.26938],[104.43416,22.27039],[104.43268,22.27105],[104.43095,22.27284],[104.43037,22.27379],[104.43159,22.27417],[104.4338,22.27376],[104.43667,22.27569],[104.43781,22.27597],[104.43861,22.27676],[104.44022,22.27695],[104.4414,22.27888],[104.44072,22.2801],[104.44108,22.2816],[104.44088,22.28322],[104.43934,22.28485],[104.43887,22.28612],[104.43976,22.28919],[104.44108,22.29103],[104.44029,22.29265],[104.44041,22.29432],[104.43924,22.29492],[104.43881,22.29637],[104.43957,22.29724],[104.4403,22.2992],[104.43973,22.29983],[104.44006,22.30111],[104.44106,22.30115],[104.44199,22.30024],[104.44259,22.30059],[104.44379,22.30006],[104.4459,22.30191],[104.44335,22.30279],[104.44205,22.30364],[104.44177,22.30516],[104.44281,22.30676],[104.44285,22.30781],[104.44182,22.30954],[104.4407,22.31069],[104.44033,22.31183],[104.44053,22.31501],[104.4403,22.31644],[104.43882,22.31938],[104.43873,22.32097],[104.43828,22.32196],[104.43515,22.32503]]]},"properties":{"a01_tinh":"diaphanhanhchinhcaptinh_sn.114","a02_xa":"diaphanhanhchinhcapxa_2025.1077","a03_ten":"Xã Thượng Hà","a04_tentinh":"Tỉnh Lào Cai","a05_truocsn":"Xã Điện Quan, Xã Minh Tân, Xã Thượng Hà","a06_trungtamhc":"Bản 3 Vài Siêu, xã Thượng Hà (Trụ sở Đảng uỷ đặt tại trụ sở xã Minh Tân cũ)","a07_dt":"143.8","a08_ds":"1416","a09_dthoai":null,"a10_web":null,"ten":"Xã Thượng Hà","ma":"02968","tentinh":"Tỉnh Lào Cai","truocsapnhap":"Xã Điện Quan, Xã Minh Tân, Xã Thượng Hà","dientichkm2":null,"dansonguoi":null},"id":"diaphanhanhchinhcapxa_2025.1077"},
{"type":"Feature","geometry":{"type":"Polygon","coordinates":[[[104.42188,21.48847],[104.4223,21.48719],[104.42362,21.48583],[104.42423,21.48359],[104.42257,21.48307],[104.42061,21.48328],[104.42018,21.48293],[104.41986,21.48116],[104.41802,21.48156],[104.41664,21.48043],[104.4162,21.4791],[104.41461,21.47854],[104.41487,21.47783],[104.4162,21.47734],[104.41522,21.47601],[104.41698,21.47181],[104.41816,21.46936],[104.42254,21.46924],[104.42477,21.4677],[104.42935,21.46389],[104.42982,21.46099],[104.43295,21.45724],[104.43375,21.45492],[104.43528,21.45489],[104.43601,21.45439],[104.43743,21.45448],[104.43957,21.4542],[104.44028,21.45348],[104.44297,21.45209],[104.44363,21.45037],[104.44828,21.44613],[104.45044,21.44513],[104.45264,21.44505],[104.45651,21.44331],[104.45741,21.44323],[104.46024,21.44366],[104.46068,21.44574],[104.46034,21.44747],[104.46104,21.44827],[104.46087,21.45038],[104.46024,21.45162],[104.46167,21.45273],[104.46368,21.45353],[104.46367,21.4562],[104.46473,21.45711],[104.46621,21.45935],[104.46726,21.45996],[104.46779,21.46103],[104.46959,21.4608],[104.47022,21.46122],[104.47016,21.46253],[104.47105,21.4623],[104.47152,21.46295],[104.47081,21.46484],[104.47252,21.46622],[104.47167,21.46721],[104.47165,21.46844],[104.47124,21.46943],[104.4723,21.4732],[104.47304,21.47436],[104.47403,21.47677],[104.47348,21.47759],[104.47366,21.47832],[104.47303,21.47959],[104.47583,21.48048],[104.47618,21.48172],[104.47692,21.48212],[104.4781,21.482],[104.47825,21.48432],[104.47957,21.48487],[104.48136,21.48608],[104.48258,21.4848],[104.48332,21.48479],[104.48401,21.48575],[104.48588,21.48689],[104.48627,21.48795],[104.48588,21.48883],[104.4868,21.48994],[104.4871,21.49171],[104.48835,21.49297],[104.48898,21.49432],[104.48887,21.49594],[104.49034,21.49849],[104.49025,21.4991],[104.49104,21.50053],[104.49186,21.50097],[104.49506,21.50119],[104.49577,21.50193],[104.49607,21.50335],[104.49694,21.50431],[104.49713,21.50517],[104.49666,21.5067],[104.49783,21.50728],[104.49832,21.50852],[104.50012,21.50947],[104.5011,21.5125],[104.50081,21.51384],[104.50148,21.51583],[104.50265,21.51629],[104.50299,21.51715],[104.50258,21.51839],[104.50155,21.52007],[104.50057,21.52071],[104.49992,21.52276],[104.49901,21.52352],[104.49761,21.52211],[104.49644,21.52245],[104.49447,21.52107],[104.4935,21.52153],[104.49259,21.52071],[104.49223,21.52183],[104.49067,21.52103],[104.48966,21.52166],[104.49027,21.52341],[104.48912,21.52318],[104.48511,21.52135],[104.48396,21.52015],[104.48235,21.52052],[104.48145,21.5191],[104.48053,21.52042],[104.47851,21.52044],[104.47746,21.52125],[104.47644,21.52096],[104.47542,21.51981],[104.47484,21.51847],[104.4728,21.51748],[104.47211,21.51652],[104.47116,21.51719],[104.46886,21.51677],[104.46816,21.51735],[104.46731,21.51985],[104.46709,21.52218],[104.46842,21.52274],[104.47013,21.52418],[104.47236,21.52434],[104.47235,21.52606],[104.47454,21.52473],[104.47636,21.5256],[104.47814,21.5247],[104.47855,21.52526],[104.47772,21.52694],[104.47903,21.52826],[104.48058,21.52769],[104.48289,21.52843],[104.48476,21.53115],[104.48604,21.53449],[104.48532,21.53609],[104.48432,21.53679],[104.48145,21.53663],[104.47891,21.53861],[104.47674,21.53878],[104.47582,21.53922],[104.47492,21.54084],[104.47457,21.54314],[104.47551,21.5442],[104.47526,21.54583],[104.47414,21.5475],[104.47347,21.54919],[104.47425,21.55075],[104.47419,21.5528],[104.47355,21.55466],[104.47378,21.55571],[104.47474,21.55669],[104.47445,21.55812],[104.47652,21.56015],[104.47927,21.56063],[104.47872,21.56154],[104.47613,21.56218],[104.47553,21.56269],[104.47205,21.56288],[104.47122,21.56475],[104.47008,21.56506],[104.46795,21.56769],[104.46675,21.56838],[104.46641,21.56932],[104.46549,21.57008],[104.46352,21.56962],[104.46206,21.56954],[104.4614,21.56907],[104.4596,21.5694],[104.45754,21.56887],[104.45688,21.56831],[104.45496,21.56813],[104.45535,21.56921],[104.45543,21.57128],[104.45371,21.57435],[104.45489,21.57748],[104.45481,21.5801],[104.4522,21.58475],[104.45406,21.58442],[104.45498,21.58537],[104.45582,21.58545],[104.45628,21.58632],[104.45799,21.58708],[104.45861,21.59073],[104.45864,21.59243],[104.45827,21.59462],[104.45679,21.59514],[104.45561,21.59472],[104.45488,21.59501],[104.45293,21.59459],[104.45235,21.59406],[104.45126,21.59466],[104.44928,21.59485],[104.44824,21.59564],[104.44654,21.59576],[104.44471,21.59664],[104.4457,21.59974],[104.44553,21.6022],[104.44499,21.60465],[104.44436,21.60557],[104.44702,21.60568],[104.44939,21.60726],[104.44961,21.60896],[104.4502,21.61005],[104.44873,21.60962],[104.44829,21.60893],[104.44735,21.6095],[104.4468,21.6104],[104.44634,21.61288],[104.44798,21.61522],[104.4482,21.61697],[104.44908,21.61962],[104.44879,21.62183],[104.44912,21.62404],[104.44969,21.62417],[104.45005,21.62615],[104.45069,21.62806],[104.45042,21.6292],[104.44797,21.63099],[104.44689,21.63202],[104.44589,21.63249],[104.44349,21.635],[104.44262,21.63684],[104.44098,21.63844],[104.44054,21.6393],[104.4386,21.64091],[104.43758,21.64149],[104.43583,21.64363],[104.4352,21.64374],[104.43431,21.64286],[104.43414,21.64152],[104.4327,21.64091],[104.4309,21.64131],[104.42917,21.6414],[104.42801,21.64071],[104.42658,21.64114],[104.4254,21.63961],[104.42432,21.63863],[104.42313,21.63865],[104.4224,21.63949],[104.42164,21.63946],[104.42018,21.64104],[104.41807,21.64212],[104.41706,21.64155],[104.41547,21.64238],[104.41293,21.64401],[104.41161,21.64441],[104.41101,21.64603],[104.40877,21.64822],[104.40777,21.65096],[104.40403,21.65165],[104.40191,21.6497],[104.40069,21.6464],[104.39899,21.64532],[104.39776,21.64346],[104.39644,21.64327],[104.39561,21.64354],[104.39413,21.64607],[104.39244,21.64699],[104.39091,21.64961],[104.38922,21.65028],[104.38826,21.65116],[104.38695,21.65158],[104.38515,21.65148],[104.38306,21.65106],[104.38094,21.65347],[104.38017,21.65386],[104.37922,21.65545],[104.37799,21.65622],[104.37596,21.65662],[104.37258,21.65816],[104.36974,21.65901],[104.36856,21.66017],[104.36813,21.66132],[104.36622,21.66396],[104.36592,21.66498],[104.36501,21.66645],[104.36349,21.66774],[104.36092,21.66907],[104.35931,21.66896],[104.35881,21.66926],[104.35627,21.66933],[104.35438,21.6681],[104.35304,21.66642],[104.35131,21.66611],[104.35043,21.66651],[104.34906,21.66632],[104.34605,21.66723],[104.34584,21.66765],[104.34434,21.66702],[104.34282,21.66487],[104.33914,21.66089],[104.33833,21.65841],[104.33868,21.65695],[104.33942,21.65528],[104.33894,21.65335],[104.33968,21.65169],[104.33963,21.65054],[104.3401,21.64951],[104.33991,21.64792],[104.34045,21.645],[104.34031,21.64232],[104.33941,21.64182],[104.33881,21.64085],[104.33727,21.63945],[104.33704,21.63873],[104.33392,21.63751],[104.33114,21.63757],[104.33054,21.63665],[104.33032,21.63521],[104.32969,21.63498],[104.32912,21.63327],[104.32944,21.63199],[104.32827,21.63145],[104.32792,21.63011],[104.32471,21.62865],[104.32382,21.62893],[104.32198,21.62725],[104.32148,21.62478],[104.32071,21.62389],[104.31955,21.62181],[104.31967,21.62047],[104.31878,21.61925],[104.31682,21.6182],[104.31613,21.61715],[104.31511,21.61674],[104.3138,21.61543],[104.31326,21.61576],[104.31122,21.61462],[104.30989,21.61463],[104.30933,21.61304],[104.30843,21.61244],[104.30758,21.61117],[104.30646,21.61053],[104.30714,21.60951],[104.30604,21.60789],[104.30454,21.60862],[104.3037,21.60858],[104.30271,21.60779],[104.29984,21.6048],[104.29867,21.60423],[104.29652,21.60418],[104.29593,21.60356],[104.29323,21.60253],[104.29216,21.6028],[104.29076,21.60267],[104.28891,21.60184],[104.28763,21.6005],[104.28751,21.59867],[104.28898,21.59792],[104.2894,21.59706],[104.29069,21.59624],[104.29158,21.59513],[104.29135,21.59391],[104.29293,21.5914],[104.2929,21.58963],[104.29356,21.58782],[104.29365,21.58631],[104.2947,21.58469],[104.29472,21.58321],[104.29556,21.58242],[104.29621,21.58099],[104.29541,21.58009],[104.29521,21.57903],[104.2959,21.57759],[104.29656,21.57695],[104.29641,21.57619],[104.29718,21.57415],[104.29726,21.57289],[104.29846,21.57178],[104.29951,21.57212],[104.30078,21.57175],[104.30381,21.57173],[104.30604,21.57127],[104.30649,21.57072],[104.30808,21.57247],[104.30824,21.57306],[104.3097,21.57329],[104.3105,21.57416],[104.31364,21.57412],[104.31515,21.5735],[104.31692,21.57323],[104.31706,21.57283],[104.31911,21.57215],[104.32058,21.5726],[104.32238,21.57156],[104.32219,21.57087],[104.32259,21.56937],[104.32215,21.56833],[104.32295,21.56726],[104.3251,21.56573],[104.32704,21.56461],[104.32721,21.56318],[104.32799,21.56277],[104.32829,21.56171],[104.33031,21.561],[104.33086,21.55998],[104.33186,21.56092],[104.33269,21.56088],[104.33303,21.56393],[104.33362,21.56452],[104.33526,21.56503],[104.33562,21.56565],[104.33855,21.56606],[104.33926,21.56667],[104.34252,21.56661],[104.34389,21.56609],[104.34539,21.56684],[104.34688,21.567],[104.34876,21.56553],[104.34973,21.56512],[104.35202,21.56552],[104.35404,21.56512],[104.35512,21.56466],[104.35702,21.56262],[104.35909,21.56235],[104.36199,21.5605],[104.36348,21.56061],[104.36479,21.56025],[104.36634,21.56148],[104.36693,21.56278],[104.36798,21.56176],[104.36998,21.56127],[104.37257,21.56026],[104.37421,21.55762],[104.37578,21.55698],[104.37689,21.55607],[104.37989,21.55478],[104.38057,21.55365],[104.3826,21.55309],[104.38313,21.55233],[104.38403,21.55235],[104.3855,21.55114],[104.38635,21.54985],[104.38627,21.54603],[104.38679,21.54537],[104.38708,21.54403],[104.38609,21.54316],[104.38576,21.54179],[104.38606,21.53986],[104.38684,21.53755],[104.38669,21.53601],[104.38752,21.53407],[104.38901,21.53137],[104.38901,21.53052],[104.38841,21.52954],[104.38919,21.52749],[104.39082,21.52582],[104.39263,21.52463],[104.39391,21.52411],[104.39512,21.52305],[104.39457,21.52106],[104.39513,21.52035],[104.39496,21.51919],[104.39347,21.51682],[104.39295,21.51379],[104.39319,21.51053],[104.39376,21.50936],[104.3958,21.50937],[104.39827,21.50779],[104.39882,21.50722],[104.40075,21.50723],[104.40232,21.50681],[104.40322,21.50485],[104.40408,21.50415],[104.40563,21.50376],[104.40957,21.50376],[104.41031,21.50268],[104.41178,21.50181],[104.4126,21.50074],[104.4145,21.49994],[104.41574,21.49857],[104.41667,21.49637],[104.41675,21.49535],[104.41811,21.49418],[104.41961,21.49358],[104.42111,21.49244],[104.42099,21.49134],[104.42174,21.48888],[104.42188,21.48847]]]},"properties":{"a01_tinh":"diaphanhanhchinhcaptinh_sn.114","a02_xa":"diaphanhanhchinhcapxa_2025.1039","a03_ten":"Xã Trạm Tấu","a04_tentinh":"Tỉnh Lào Cai","a05_truocsn":"Xã Pá Lau, Xã Pá Hu, Xã Túc Đán, Xã Trạm Tấu","a06_trungtamhc":"đang cập nhật","a07_dt":"238.29","a08_ds":"11493","a09_dthoai":null,"a10_web":null,"ten":"Xã Trạm Tấu","ma":"04606","tentinh":"Tỉnh Lào Cai","truocsapnhap":"Xã Pá Lau, Xã Pá Hu, Xã Túc Đán, Xã Trạm Tấu","dientichkm2":null,"dansonguoi":null},"id":"diaphanhanhchinhcapxa_2025.1039"},
{"type":"Feature","geometry":{"type":"Polygon","coordinates":[[[104.79248,21.87769],[104.79044,21.87804],[104.78974,21.87741],[104.78886,21.87739],[104.78744,21.87655],[104.78654,21.8765],[104.78571,21.87561],[104.78515,21.87431],[104.78467,21.87206],[104.78312,21.87114],[104.78254,21.8721],[104.78096,21.873],[104.77923,21.87243],[104.77885,21.87177],[104.77792,21.87174],[104.77657,21.87028],[104.77489,21.86915],[104.7746,21.86832],[104.77496,21.86618],[104.77564,21.86542],[104.77563,21.86261],[104.77614,21.86115],[104.77565,21.86017],[104.77621,21.85896],[104.77481,21.85717],[104.77417,21.85451],[104.77209,21.85314],[104.77109,21.85224],[104.76943,21.85004],[104.76926,21.84915],[104.76966,21.84812],[104.76869,21.84493],[104.76752,21.84517],[104.7667,21.84581],[104.76465,21.84552],[104.76398,21.84608],[104.76236,21.84669],[104.76132,21.84671],[104.75983,21.84491],[104.76021,21.84369],[104.75803,21.84423],[104.75762,21.84288],[104.75593,21.84227],[104.75513,21.84285],[104.75211,21.84186],[104.75092,21.84177],[104.75036,21.84084],[104.74695,21.84077],[104.74534,21.83997],[104.74337,21.84002],[104.7421,21.83869],[104.74215,21.83793],[104.74128,21.8371],[104.74283,21.83381],[104.74408,21.83253],[104.74446,21.83165],[104.74499,21.82802],[104.746,21.82621],[104.74943,21.82349],[104.75189,21.82188],[104.75512,21.81933],[104.75583,21.81771],[104.75547,21.81493],[104.75506,21.8134],[104.75315,21.80852],[104.75292,21.80659],[104.75315,21.80436],[104.75461,21.80128],[104.75727,21.79968],[104.76032,21.79904],[104.7627,21.79942],[104.76645,21.801],[104.7715,21.80358],[104.77411,21.80414],[104.7764,21.80391],[104.77833,21.80319],[104.78098,21.80149],[104.78575,21.79782],[104.78813,21.79642],[104.79117,21.79525],[104.79462,21.79414],[104.79721,21.79254],[104.80114,21.78921],[104.80263,21.78699],[104.8032,21.78541],[104.8034,21.78393],[104.80386,21.78358],[104.80338,21.78072],[104.80297,21.77981],[104.80092,21.77756],[104.79902,21.77591],[104.7956,21.77248],[104.79381,21.76937],[104.79288,21.7683],[104.79203,21.76676],[104.79127,21.76421],[104.7913,21.76122],[104.79212,21.75837],[104.79368,21.75637],[104.79508,21.75551],[104.79646,21.75506],[104.79895,21.75462],[104.80175,21.75473],[104.80356,21.7552],[104.80907,21.75796],[104.8106,21.7585],[104.81438,21.75854],[104.81649,21.75808],[104.81891,21.75717],[104.8208,21.75612],[104.82272,21.75475],[104.8252,21.75273],[104.8277,21.75046],[104.83102,21.74643],[104.83246,21.74771],[104.8335,21.74945],[104.83293,21.75044],[104.8337,21.75168],[104.83387,21.7535],[104.83515,21.75387],[104.83557,21.75464],[104.83716,21.75263],[104.83733,21.75174],[104.83816,21.75121],[104.83938,21.75136],[104.8407,21.75566],[104.84122,21.75605],[104.84395,21.75648],[104.84482,21.75777],[104.8467,21.75807],[104.84702,21.75855],[104.84848,21.75829],[104.84899,21.7569],[104.84972,21.75644],[104.84959,21.75445],[104.8507,21.75298],[104.85232,21.75251],[104.85299,21.75154],[104.85418,21.75183],[104.85444,21.75267],[104.85628,21.75332],[104.85702,21.75432],[104.85744,21.75564],[104.85811,21.75523],[104.85912,21.75584],[104.86121,21.75815],[104.86248,21.75715],[104.86313,21.75838],[104.86461,21.76016],[104.86477,21.76169],[104.86582,21.76261],[104.86513,21.76355],[104.86485,21.76575],[104.86525,21.76685],[104.86658,21.76889],[104.86655,21.7696],[104.86771,21.76996],[104.86737,21.77078],[104.86849,21.77263],[104.87144,21.77416],[104.87171,21.77498],[104.87319,21.77524],[104.87319,21.77621],[104.87462,21.77643],[104.8757,21.77794],[104.87533,21.77875],[104.87534,21.78053],[104.87565,21.78165],[104.87689,21.78311],[104.87835,21.78317],[104.88009,21.78373],[104.88074,21.78474],[104.88106,21.78616],[104.88333,21.78548],[104.88387,21.78591],[104.88583,21.7859],[104.88774,21.78712],[104.88951,21.78942],[104.8898,21.79058],[104.8906,21.7912],[104.89126,21.79273],[104.89009,21.79399],[104.88961,21.79514],[104.88846,21.79662],[104.88756,21.79733],[104.88675,21.79901],[104.88666,21.79996],[104.88556,21.80044],[104.88459,21.80145],[104.88311,21.80234],[104.88061,21.80509],[104.87796,21.80664],[104.87767,21.80774],[104.87679,21.80882],[104.87578,21.81091],[104.87452,21.81234],[104.87431,21.81383],[104.87282,21.81526],[104.87122,21.81544],[104.87029,21.81612],[104.86826,21.81679],[104.86783,21.81736],[104.86519,21.81828],[104.86477,21.81876],[104.86222,21.8199],[104.86161,21.81997],[104.8598,21.82127],[104.85868,21.8227],[104.85763,21.82314],[104.85505,21.82487],[104.85407,21.82478],[104.85167,21.82643],[104.85078,21.82678],[104.84865,21.82739],[104.84625,21.82732],[104.84473,21.82646],[104.8435,21.82612],[104.84249,21.82634],[104.84032,21.82762],[104.83899,21.82776],[104.83799,21.82837],[104.83579,21.82893],[104.83392,21.82814],[104.83325,21.83019],[104.83185,21.83114],[104.83242,21.83247],[104.8325,21.83479],[104.83154,21.83653],[104.83136,21.83832],[104.83162,21.83931],[104.83115,21.84088],[104.82962,21.8425],[104.82917,21.84407],[104.82926,21.84626],[104.82836,21.84915],[104.82855,21.85014],[104.8275,21.85274],[104.82764,21.85374],[104.82701,21.85434],[104.8262,21.85605],[104.82516,21.85688],[104.82283,21.85799],[104.82181,21.85963],[104.81999,21.86072],[104.81884,21.86231],[104.81601,21.8633],[104.81445,21.86473],[104.8126,21.86718],[104.81169,21.86743],[104.80958,21.86962],[104.80805,21.87088],[104.80599,21.87211],[104.80416,21.8748],[104.80238,21.8755],[104.79914,21.87645],[104.79784,21.87729],[104.79564,21.87655],[104.79416,21.87742],[104.79248,21.87769]]]},"properties":{"a01_tinh":"diaphanhanhchinhcaptinh_sn.114","a02_xa":"diaphanhanhchinhcapxa_2025.1030","a03_ten":"Xã Trấn Yên","a04_tentinh":"Tỉnh Lào Cai","a05_truocsn":"Thị trấn Cổ Phúc, Xã Báo Đáp, Xã Tân Đồng, Xã Thành Thịnh, Xã Hòa Cuông, Xã Minh Quán","a06_trungtamhc":"đang cập nhật","a07_dt":"110.72","a08_ds":"29258","a09_dthoai":null,"a10_web":null,"ten":"Xã Trấn Yên","ma":"04498","tentinh":"Tỉnh Lào Cai","truocsapnhap":"Thị trấn Cổ Phúc, Xã Báo Đáp, Xã Tân Đồng, Xã Thành Thịnh, Xã Hòa Cuông, Xã Minh Quán","dientichkm2":null,"dansonguoi":null},"id":"diaphanhanhchinhcapxa_2025.1030"},
{"type":"Feature","geometry":{"type":"Polygon","coordinates":[[[103.73772,22.71277],[103.73573,22.71157],[103.73432,22.71107],[103.73275,22.71175],[103.73188,22.71274],[103.73043,22.7129],[103.72919,22.71234],[103.72694,22.71222],[103.72589,22.71334],[103.72401,22.71223],[103.72315,22.71105],[103.72027,22.71048],[103.7194,22.71086],[103.71652,22.71074],[103.7163,22.71092],[103.71221,22.70698],[103.71263,22.70313],[103.71052,22.70134],[103.70925,22.70244],[103.70756,22.70255],[103.70496,22.7018],[103.70162,22.69789],[103.70061,22.69726],[103.70161,22.69521],[103.70219,22.69476],[103.69962,22.69151],[103.69889,22.69132],[103.69606,22.68932],[103.69476,22.68734],[103.69274,22.68665],[103.69199,22.68603],[103.69051,22.68599],[103.68815,22.68537],[103.68578,22.68336],[103.68455,22.68188],[103.68299,22.68151],[103.67766,22.67857],[103.67767,22.67785],[103.67693,22.67666],[103.67741,22.67579],[103.67412,22.67237],[103.67222,22.67133],[103.67123,22.66951],[103.66685,22.66941],[103.6603,22.66955],[103.66125,22.66862],[103.66062,22.6666],[103.66015,22.662],[103.66036,22.66],[103.66257,22.65865],[103.66248,22.65718],[103.66387,22.6535],[103.66522,22.65297],[103.6653,22.65171],[103.66628,22.65174],[103.66686,22.65055],[103.66624,22.64934],[103.66537,22.64896],[103.66461,22.64758],[103.66587,22.64715],[103.66622,22.64612],[103.66805,22.64498],[103.66949,22.64437],[103.67101,22.64241],[103.67207,22.64069],[103.67246,22.63953],[103.67415,22.63793],[103.67562,22.63721],[103.67598,22.63535],[103.67529,22.63389],[103.67688,22.63088],[103.67673,22.6294],[103.67605,22.62842],[103.67734,22.62749],[103.67821,22.62568],[103.67863,22.62323],[103.67758,22.62135],[103.67656,22.62047],[103.67594,22.61939],[103.67634,22.61838],[103.67665,22.61605],[103.67674,22.61368],[103.67708,22.612],[103.68058,22.61204],[103.68281,22.61134],[103.68457,22.61112],[103.68652,22.61056],[103.68835,22.61048],[103.68941,22.61073],[103.69104,22.61055],[103.69169,22.60956],[103.69408,22.60823],[103.69567,22.6085],[103.69686,22.60829],[103.69996,22.60707],[103.70154,22.6058],[103.70314,22.60594],[103.70461,22.60497],[103.70698,22.60148],[103.70787,22.60041],[103.70852,22.60021],[103.7101,22.59785],[103.71167,22.59765],[103.71326,22.59779],[103.71512,22.59637],[103.71543,22.59496],[103.71619,22.59453],[103.71893,22.59405],[103.7218,22.59434],[103.72312,22.59487],[103.72566,22.5944],[103.72738,22.59374],[103.72865,22.59379],[103.73055,22.59324],[103.73103,22.59247],[103.7325,22.59147],[103.73352,22.59042],[103.73553,22.58892],[103.73518,22.58733],[103.73632,22.58618],[103.737,22.58482],[103.73964,22.58361],[103.7441,22.58088],[103.74453,22.58027],[103.74275,22.57524],[103.74227,22.57238],[103.74345,22.56993],[103.74345,22.5687],[103.74405,22.56777],[103.74528,22.56712],[103.74581,22.56642],[103.74817,22.5658],[103.7485,22.56525],[103.74849,22.5635],[103.74915,22.56245],[103.75004,22.56286],[103.75147,22.5643],[103.75408,22.56589],[103.75463,22.56684],[103.75684,22.56859],[103.75807,22.5691],[103.76135,22.5714],[103.7625,22.57291],[103.7627,22.57372],[103.76407,22.57489],[103.76496,22.57619],[103.76588,22.57966],[103.76923,22.58072],[103.77087,22.58251],[103.77263,22.58512],[103.77328,22.58821],[103.77474,22.58995],[103.77507,22.59107],[103.77528,22.5951],[103.77577,22.59574],[103.77737,22.59552],[103.78189,22.59556],[103.78434,22.5967],[103.78567,22.59785],[103.78671,22.59839],[103.79079,22.60174],[103.792,22.6036],[103.79308,22.60446],[103.79471,22.6051],[103.79566,22.60508],[103.79867,22.60426],[103.79931,22.60521],[103.79975,22.60695],[103.79949,22.6085],[103.79985,22.60938],[103.80158,22.61045],[103.80262,22.60987],[103.80481,22.61046],[103.80793,22.61271],[103.8092,22.6149],[103.8092,22.61638],[103.80884,22.61796],[103.80973,22.61857],[103.81202,22.61925],[103.81397,22.61936],[103.81604,22.62039],[103.81906,22.61929],[103.81999,22.62073],[103.82153,22.62135],[103.82055,22.62256],[103.81972,22.62546],[103.81685,22.63227],[103.81363,22.63784],[103.81217,22.6399],[103.81106,22.64196],[103.80682,22.64476],[103.80401,22.64681],[103.80359,22.64739],[103.80286,22.65104],[103.79992,22.65384],[103.79838,22.65591],[103.79628,22.65817],[103.79383,22.66144],[103.79269,22.66252],[103.78826,22.66464],[103.78651,22.66575],[103.785,22.667],[103.78217,22.66967],[103.78114,22.6712],[103.77966,22.67566],[103.77805,22.6784],[103.77567,22.68043],[103.77256,22.68135],[103.7717,22.68223],[103.7713,22.68346],[103.76903,22.68793],[103.76823,22.68991],[103.76717,22.69105],[103.76536,22.6909],[103.76141,22.68948],[103.75647,22.68814],[103.75319,22.68826],[103.7519,22.68766],[103.75065,22.68807],[103.74941,22.68944],[103.7489,22.69353],[103.74757,22.69557],[103.74601,22.69694],[103.74483,22.69848],[103.74321,22.69941],[103.74065,22.6997],[103.73961,22.7001],[103.73851,22.70123],[103.73721,22.70314],[103.73729,22.70546],[103.73713,22.70773],[103.73765,22.70839],[103.73917,22.70894],[103.73955,22.71034],[103.73844,22.71214],[103.73772,22.71277]]]},"properties":{"a01_tinh":"diaphanhanhchinhcaptinh_sn.114","a02_xa":"diaphanhanhchinhcapxa_2025.1093","a03_ten":"Xã Trịnh Tường","a04_tentinh":"Tỉnh Lào Cai","a05_truocsn":"Xã Cốc Mỳ, Xã Trịnh Tường","a06_trungtamhc":"Thôn Phố Mới 1, xã Trịnh Tường (Trụ sở xã Trịnh Tường cũ)","a07_dt":"146.6","a08_ds":"12376","a09_dthoai":null,"a10_web":null,"ten":"Xã Trịnh Tường","ma":"02695","tentinh":"Tỉnh Lào Cai","truocsapnhap":"Xã Cốc Mỳ, Xã Trịnh Tường","dientichkm2":null,"dansonguoi":null},"id":"diaphanhanhchinhcapxa_2025.1093"},
{"type":"Feature","geometry":{"type":"Polygon","coordinates":[[[104.2054,21.85382],[104.20438,21.85437],[104.20272,21.85405],[104.20196,21.85285],[104.19784,21.84949],[104.19736,21.84785],[104.19599,21.84672],[104.19311,21.84668],[104.1913,21.84551],[104.18982,21.84509],[104.19038,21.84392],[104.18954,21.84286],[104.18924,21.84166],[104.18963,21.83928],[104.1886,21.83809],[104.18698,21.83567],[104.18828,21.83392],[104.18897,21.83142],[104.19021,21.83025],[104.18992,21.82917],[104.19081,21.82828],[104.19114,21.82634],[104.1902,21.82548],[104.18971,21.8236],[104.18991,21.82288],[104.19131,21.8209],[104.19154,21.81968],[104.19069,21.81886],[104.19135,21.81692],[104.18978,21.81541],[104.19049,21.81359],[104.19032,21.81298],[104.19155,21.81131],[104.1933,21.80815],[104.19325,21.80754],[104.19406,21.80656],[104.1941,21.80563],[104.19336,21.80381],[104.19549,21.80303],[104.19618,21.80203],[104.19754,21.8009],[104.19958,21.80059],[104.20055,21.79951],[104.20121,21.79805],[104.20111,21.79634],[104.20272,21.79648],[104.20468,21.79542],[104.20636,21.79628],[104.20801,21.79628],[104.20952,21.79738],[104.21042,21.79599],[104.21273,21.79671],[104.21268,21.79407],[104.21359,21.79299],[104.21455,21.79324],[104.21589,21.79173],[104.2171,21.79087],[104.21743,21.78937],[104.21817,21.78885],[104.21886,21.7872],[104.21847,21.78615],[104.21765,21.78552],[104.21688,21.78428],[104.21658,21.78302],[104.21555,21.78217],[104.21562,21.78131],[104.21455,21.77888],[104.21528,21.77705],[104.21581,21.77467],[104.21572,21.77355],[104.21636,21.77216],[104.21706,21.77153],[104.21847,21.77099],[104.21921,21.77027],[104.21937,21.76813],[104.21973,21.7666],[104.2194,21.76506],[104.22135,21.76497],[104.22358,21.76401],[104.22625,21.76193],[104.22743,21.76198],[104.22979,21.76133],[104.2307,21.76059],[104.23243,21.7602],[104.23338,21.75818],[104.23416,21.75721],[104.2343,21.75577],[104.23627,21.75411],[104.23735,21.75429],[104.23811,21.75322],[104.23826,21.75153],[104.24018,21.7495],[104.24459,21.74929],[104.24596,21.74886],[104.24617,21.74734],[104.2459,21.74617],[104.24679,21.74566],[104.24899,21.74548],[104.24992,21.74504],[104.25049,21.74406],[104.25181,21.7433],[104.2528,21.74078],[104.25372,21.74071],[104.25488,21.73891],[104.25482,21.73738],[104.2555,21.73612],[104.25529,21.73487],[104.25595,21.73135],[104.25603,21.729],[104.25784,21.728],[104.25793,21.72726],[104.25958,21.72549],[104.2597,21.72434],[104.26054,21.72327],[104.26044,21.72257],[104.26265,21.72111],[104.26405,21.71987],[104.26526,21.71932],[104.26703,21.71892],[104.26933,21.71796],[104.27023,21.71643],[104.27119,21.71574],[104.27091,21.71508],[104.27203,21.71462],[104.27201,21.71299],[104.2728,21.71159],[104.27502,21.70996],[104.27616,21.70808],[104.27729,21.70839],[104.27967,21.70862],[104.28304,21.71229],[104.2844,21.71149],[104.28639,21.71155],[104.28737,21.71052],[104.28858,21.71058],[104.28994,21.71122],[104.29106,21.71089],[104.29185,21.7113],[104.29387,21.71018],[104.29445,21.70937],[104.29517,21.71105],[104.29494,21.71335],[104.29404,21.71404],[104.29458,21.7165],[104.29511,21.71741],[104.29654,21.71764],[104.29764,21.71907],[104.29725,21.7213],[104.29782,21.7238],[104.29925,21.72666],[104.29979,21.72893],[104.29981,21.73069],[104.29948,21.73387],[104.29822,21.73674],[104.29789,21.738],[104.29789,21.74002],[104.29867,21.74223],[104.29884,21.74402],[104.29861,21.74592],[104.30226,21.74818],[104.30367,21.74807],[104.30637,21.75028],[104.30969,21.75194],[104.31046,21.7521],[104.31275,21.75186],[104.31517,21.75111],[104.31757,21.75223],[104.31861,21.75302],[104.31913,21.75437],[104.32117,21.7565],[104.32115,21.75768],[104.32194,21.75974],[104.32367,21.76167],[104.32512,21.76298],[104.32665,21.764],[104.32797,21.76611],[104.32806,21.76678],[104.33177,21.76984],[104.33247,21.77108],[104.33241,21.77218],[104.3345,21.77453],[104.33627,21.77547],[104.33788,21.77685],[104.33884,21.77886],[104.33818,21.78005],[104.33834,21.78131],[104.3375,21.78313],[104.33617,21.78334],[104.33515,21.78404],[104.33477,21.78626],[104.3352,21.78755],[104.33694,21.79156],[104.336,21.79213],[104.33446,21.79254],[104.33224,21.79383],[104.33035,21.7946],[104.32824,21.79419],[104.32753,21.79353],[104.32631,21.79388],[104.3247,21.79296],[104.32371,21.79383],[104.32287,21.79307],[104.32101,21.79293],[104.31974,21.79226],[104.31931,21.79111],[104.31983,21.7901],[104.31974,21.7887],[104.31905,21.78825],[104.31819,21.78875],[104.316,21.78932],[104.31376,21.79051],[104.313,21.79004],[104.31141,21.79001],[104.31168,21.79173],[104.31122,21.79358],[104.31058,21.79774],[104.3106,21.79942],[104.30961,21.80302],[104.30714,21.80342],[104.30563,21.8045],[104.30299,21.80195],[104.3014,21.80153],[104.30043,21.8008],[104.29963,21.79937],[104.2982,21.80036],[104.29695,21.80251],[104.29485,21.80425],[104.29315,21.80508],[104.2902,21.80522],[104.28861,21.80606],[104.28673,21.80655],[104.28502,21.80604],[104.2838,21.80642],[104.28243,21.80626],[104.28143,21.80542],[104.27947,21.80535],[104.27767,21.80597],[104.27607,21.8078],[104.27532,21.80901],[104.27424,21.80993],[104.27289,21.81014],[104.2715,21.8111],[104.27022,21.81156],[104.26825,21.81354],[104.26895,21.81471],[104.26907,21.81621],[104.26831,21.81722],[104.26731,21.82002],[104.26741,21.82112],[104.26431,21.82004],[104.26362,21.82022],[104.26205,21.82153],[104.26105,21.8217],[104.26046,21.82314],[104.25958,21.82416],[104.25748,21.82514],[104.25584,21.82639],[104.25251,21.82453],[104.25048,21.82562],[104.24873,21.82531],[104.2477,21.82592],[104.24695,21.82751],[104.24777,21.82826],[104.24786,21.82901],[104.24613,21.82921],[104.24465,21.83017],[104.24162,21.83126],[104.24027,21.83319],[104.23846,21.83513],[104.23744,21.83562],[104.23598,21.83718],[104.23408,21.83832],[104.23253,21.83844],[104.23166,21.83892],[104.23012,21.83907],[104.22869,21.84074],[104.22774,21.84111],[104.22568,21.84242],[104.22417,21.84416],[104.22332,21.84464],[104.22175,21.84422],[104.2197,21.84402],[104.21882,21.84513],[104.21671,21.84684],[104.21586,21.84706],[104.2158,21.84823],[104.21426,21.84842],[104.2126,21.84931],[104.21174,21.85022],[104.21019,21.85036],[104.20881,21.85115],[104.20787,21.85101],[104.20679,21.85188],[104.2054,21.85382]]]},"properties":{"a01_tinh":"diaphanhanhchinhcaptinh_sn.114","a02_xa":"diaphanhanhchinhcapxa_2025.1042","a03_ten":"Xã Tú Lệ","a04_tentinh":"Tỉnh Lào Cai","a05_truocsn":"Xã Cao Phạ, Xã Tú Lệ","a06_trungtamhc":"đang cập nhật","a07_dt":"115.35","a08_ds":"13301","a09_dthoai":null,"a10_web":null,"ten":"Xã Tú Lệ","ma":"04630","tentinh":"Tỉnh Lào Cai","truocsapnhap":"Xã Cao Phạ, Xã Tú Lệ","dientichkm2":null,"dansonguoi":null},"id":"diaphanhanhchinhcapxa_2025.1042"},
{"type":"Feature","geometry":{"type":"Polygon","coordinates":[[[104.25293,22.21602],[104.2519,22.21578],[104.25114,22.21663],[104.24815,22.21601],[104.24593,22.21687],[104.24407,22.2171],[104.23699,22.20983],[104.22813,22.21108],[104.22638,22.20792],[104.22717,22.20773],[104.22778,22.20686],[104.22822,22.20473],[104.22797,22.20286],[104.22934,22.20086],[104.22939,22.1992],[104.2313,22.19829],[104.2337,22.19847],[104.23441,22.1976],[104.23544,22.19733],[104.23657,22.1936],[104.23737,22.19306],[104.23792,22.19097],[104.23977,22.19086],[104.23981,22.18859],[104.24044,22.18765],[104.24262,22.18651],[104.24167,22.18619],[104.2408,22.18535],[104.24026,22.18421],[104.23898,22.1838],[104.23899,22.18174],[104.23768,22.17995],[104.23835,22.17805],[104.24047,22.17518],[104.24124,22.17302],[104.24219,22.17247],[104.24366,22.17091],[104.24513,22.17032],[104.24716,22.1689],[104.24571,22.16712],[104.24483,22.16523],[104.24394,22.1648],[104.24183,22.1644],[104.2416,22.1638],[104.24206,22.16256],[104.2417,22.16055],[104.24197,22.15671],[104.24109,22.15479],[104.24094,22.15368],[104.24011,22.15191],[104.23869,22.15132],[104.2391,22.14792],[104.23795,22.14705],[104.23449,22.14651],[104.23269,22.14608],[104.22954,22.14409],[104.226,22.14371],[104.22497,22.14259],[104.2236,22.1392],[104.22269,22.13835],[104.22176,22.13807],[104.2194,22.13813],[104.21725,22.13792],[104.21646,22.13747],[104.21705,22.13533],[104.21797,22.13334],[104.2179,22.13221],[104.21661,22.12881],[104.21631,22.12525],[104.21572,22.1242],[104.21383,22.12399],[104.21246,22.12276],[104.21197,22.12133],[104.21043,22.12048],[104.20977,22.11766],[104.20809,22.11605],[104.20689,22.11241],[104.20617,22.11077],[104.20656,22.10988],[104.20632,22.10798],[104.20676,22.10497],[104.20674,22.1018],[104.20773,22.09933],[104.20722,22.09787],[104.20623,22.10014],[104.20364,22.103],[104.20347,22.10467],[104.20217,22.1032],[104.20129,22.10177],[104.19829,22.09949],[104.19387,22.10116],[104.19156,22.10185],[104.18881,22.1021],[104.18774,22.10253],[104.18652,22.10245],[104.18415,22.1016],[104.18199,22.10248],[104.17947,22.10546],[104.17795,22.10652],[104.17534,22.10734],[104.17416,22.10723],[104.17205,22.1063],[104.17062,22.10636],[104.16868,22.10537],[104.16533,22.10774],[104.16457,22.10806],[104.16261,22.10739],[104.16148,22.10726],[104.16105,22.10574],[104.15953,22.10245],[104.15964,22.09868],[104.15997,22.09796],[104.16005,22.0961],[104.16087,22.09386],[104.16053,22.0929],[104.15935,22.09131],[104.15884,22.0914],[104.15292,22.09395],[104.15109,22.09493],[104.15036,22.09469],[104.14931,22.09512],[104.14865,22.0948],[104.14721,22.09498],[104.14772,22.09339],[104.14873,22.09319],[104.15183,22.09051],[104.15201,22.08969],[104.15496,22.08855],[104.15574,22.08779],[104.15481,22.08684],[104.15433,22.08507],[104.15518,22.08451],[104.15538,22.08324],[104.15388,22.08174],[104.15247,22.07934],[104.15088,22.07842],[104.15216,22.07696],[104.15306,22.07673],[104.15561,22.07666],[104.15738,22.07535],[104.16032,22.07472],[104.161,22.07419],[104.16213,22.07368],[104.16356,22.0724],[104.16639,22.07035],[104.16811,22.07032],[104.16978,22.06965],[104.17115,22.0688],[104.17248,22.06878],[104.17316,22.06788],[104.17481,22.06755],[104.17561,22.06839],[104.17717,22.06882],[104.17892,22.06894],[104.17939,22.06809],[104.18069,22.06724],[104.18159,22.066],[104.18305,22.06327],[104.18418,22.0625],[104.18428,22.06055],[104.18369,22.05899],[104.18435,22.05746],[104.18388,22.05704],[104.1842,22.0559],[104.18498,22.05535],[104.1855,22.05427],[104.18635,22.05408],[104.18836,22.0509],[104.18963,22.05202],[104.19043,22.05203],[104.19365,22.05362],[104.19539,22.05378],[104.19697,22.05444],[104.19697,22.05518],[104.19958,22.05687],[104.20086,22.05923],[104.2017,22.056],[104.20241,22.05527],[104.20153,22.05373],[104.20084,22.05309],[104.19952,22.05263],[104.19901,22.05135],[104.20071,22.04949],[104.20054,22.04823],[104.20151,22.04721],[104.20131,22.04597],[104.19984,22.04408],[104.19844,22.04315],[104.19415,22.04174],[104.19052,22.03963],[104.19046,22.03844],[104.18991,22.03657],[104.18679,22.03427],[104.18597,22.03324],[104.18589,22.03231],[104.18645,22.0309],[104.18644,22.02968],[104.18515,22.028],[104.18507,22.02719],[104.18672,22.02532],[104.19093,22.02688],[104.19183,22.02769],[104.19478,22.02777],[104.19848,22.0296],[104.19867,22.03049],[104.20042,22.03194],[104.20149,22.03403],[104.20249,22.03275],[104.20363,22.03252],[104.20663,22.031],[104.20772,22.03126],[104.20817,22.03272],[104.2088,22.03301],[104.21094,22.03275],[104.21521,22.03294],[104.2172,22.03283],[104.21863,22.0342],[104.21851,22.03576],[104.21969,22.03702],[104.22164,22.03679],[104.22439,22.03754],[104.22657,22.03647],[104.22785,22.03511],[104.23082,22.03425],[104.23314,22.03415],[104.23402,22.03485],[104.23631,22.03331],[104.23816,22.03402],[104.24142,22.03471],[104.24256,22.03599],[104.24239,22.03694],[104.24393,22.04],[104.24485,22.04026],[104.24594,22.03995],[104.24663,22.04082],[104.24761,22.04123],[104.24989,22.04135],[104.2528,22.04255],[104.25363,22.0435],[104.25378,22.04464],[104.25586,22.04647],[104.25702,22.0482],[104.25746,22.04949],[104.25809,22.05007],[104.25875,22.05209],[104.26051,22.05331],[104.26333,22.05275],[104.26471,22.05363],[104.26617,22.05266],[104.26687,22.05419],[104.26719,22.05771],[104.26889,22.05871],[104.27011,22.05976],[104.2707,22.06075],[104.27123,22.06279],[104.27094,22.06481],[104.27163,22.06591],[104.27202,22.0673],[104.27184,22.07088],[104.27126,22.07285],[104.27209,22.07502],[104.27138,22.07574],[104.2729,22.07803],[104.27422,22.07783],[104.27576,22.07891],[104.27479,22.08025],[104.27634,22.08122],[104.27766,22.08156],[104.27885,22.08236],[104.27805,22.08331],[104.27955,22.08451],[104.27955,22.08583],[104.28032,22.08737],[104.28052,22.0887],[104.28252,22.09031],[104.28321,22.09125],[104.28402,22.09153],[104.28412,22.0933],[104.28357,22.09399],[104.28345,22.09634],[104.28202,22.09756],[104.28152,22.09874],[104.28426,22.10156],[104.28436,22.10337],[104.28538,22.10474],[104.28986,22.10629],[104.29124,22.107],[104.29002,22.10664],[104.28587,22.10766],[104.28535,22.10838],[104.28371,22.10856],[104.28354,22.10965],[104.28467,22.11033],[104.28458,22.11143],[104.28383,22.11177],[104.28299,22.11291],[104.28314,22.11369],[104.2821,22.11423],[104.28173,22.11564],[104.28288,22.11591],[104.28543,22.11474],[104.28687,22.11347],[104.28821,22.1147],[104.29041,22.11585],[104.29147,22.11608],[104.29232,22.11691],[104.293,22.11818],[104.29431,22.11879],[104.2964,22.12156],[104.29711,22.12288],[104.29986,22.12308],[104.30318,22.12389],[104.30543,22.12546],[104.30663,22.12657],[104.31017,22.12733],[104.31255,22.12679],[104.3148,22.12761],[104.31629,22.12665],[104.31808,22.12772],[104.31948,22.12736],[104.32099,22.12807],[104.32104,22.12984],[104.32153,22.13084],[104.32111,22.13178],[104.32101,22.13356],[104.32025,22.13428],[104.31923,22.13787],[104.31816,22.13951],[104.31821,22.14037],[104.31571,22.14272],[104.31495,22.14392],[104.31271,22.14628],[104.31091,22.14674],[104.30971,22.14883],[104.30845,22.14924],[104.30813,22.15043],[104.30745,22.15096],[104.30711,22.15221],[104.30596,22.15191],[104.30474,22.15247],[104.30271,22.153],[104.30164,22.15303],[104.30133,22.154],[104.3,22.15472],[104.29849,22.15623],[104.29792,22.15637],[104.29661,22.15849],[104.29596,22.15892],[104.29603,22.15988],[104.29403,22.16149],[104.29235,22.16327],[104.29272,22.16415],[104.29228,22.16565],[104.29091,22.1672],[104.29037,22.1674],[104.28996,22.16958],[104.29076,22.17109],[104.29018,22.17208],[104.28943,22.17642],[104.28883,22.17676],[104.28561,22.17762],[104.28546,22.17843],[104.28422,22.17905],[104.28341,22.18015],[104.28147,22.18119],[104.28218,22.18307],[104.28209,22.18418],[104.28148,22.18558],[104.27981,22.18569],[104.27807,22.18724],[104.2764,22.18963],[104.27625,22.19036],[104.27516,22.19093],[104.27501,22.1919],[104.27394,22.19344],[104.27213,22.19432],[104.27211,22.19624],[104.27181,22.1972],[104.27031,22.19837],[104.27034,22.19955],[104.26915,22.20099],[104.26878,22.20217],[104.26647,22.20455],[104.26534,22.20429],[104.26385,22.20593],[104.26358,22.20725],[104.26232,22.20752],[104.26037,22.21027],[104.25885,22.21069],[104.25763,22.21163],[104.25695,22.21312],[104.25567,22.21433],[104.25533,22.21509],[104.25393,22.21539],[104.25293,22.21602]]]},"properties":{"a01_tinh":"diaphanhanhchinhcaptinh_sn.114","a02_xa":"diaphanhanhchinhcapxa_2025.1082","a03_ten":"Xã Văn Bàn","a04_tentinh":"Tỉnh Lào Cai","a05_truocsn":"Thị trấn Khánh Yên, Xã Khánh Yên Thượng, Xã Sơn Thuỷ, Xã Làng Giàng, Xã Hòa Mạc","a06_trungtamhc":"Thôn Văn Tiến, xã Văn Bàn (Trụ sở xã Văn Bàn cũ)","a07_dt":"156.7","a08_ds":"23943","a09_dthoai":null,"a10_web":null,"ten":"Xã Văn Bàn","ma":"03082","tentinh":"Tỉnh Lào Cai","truocsapnhap":"Thị trấn Khánh Yên, Xã Khánh Yên Thượng, Xã Sơn Thuỷ, Xã Làng Giàng, Xã Hòa Mạc","dientichkm2":null,"dansonguoi":null},"id":"diaphanhanhchinhcapxa_2025.1082"},
{"type":"Feature","geometry":{"type":"Polygon","coordinates":[[[104.56813,21.55429],[104.56962,21.55362],[104.56979,21.5502],[104.56665,21.54753],[104.5645,21.54611],[104.56512,21.54471],[104.58558,21.54659],[104.58725,21.5458],[104.58836,21.54558],[104.58911,21.546],[104.59124,21.54586],[104.5924,21.5461],[104.59403,21.54603],[104.59513,21.54568],[104.59551,21.54212],[104.59701,21.53933],[104.59863,21.53806],[104.59881,21.53715],[104.60035,21.53626],[104.60315,21.53626],[104.60405,21.53597],[104.60501,21.53445],[104.60494,21.53329],[104.6053,21.53196],[104.60843,21.53017],[104.61167,21.52922],[104.61095,21.52748],[104.60976,21.52632],[104.60988,21.52283],[104.61083,21.52286],[104.61258,21.52214],[104.61437,21.52203],[104.61593,21.52077],[104.61725,21.52057],[104.61913,21.51945],[104.62042,21.51924],[104.62138,21.51952],[104.62358,21.51916],[104.62451,21.51929],[104.62602,21.51874],[104.62792,21.5186],[104.6297,21.51901],[104.6303,21.52],[104.63147,21.52086],[104.63336,21.52027],[104.63462,21.51952],[104.63605,21.51939],[104.6389,21.51769],[104.64035,21.51705],[104.64103,21.51642],[104.6424,21.51694],[104.64548,21.5156],[104.64628,21.51478],[104.64764,21.51255],[104.6483,21.5108],[104.64944,21.50858],[104.64943,21.5063],[104.64755,21.50539],[104.64833,21.5048],[104.64795,21.50387],[104.64661,21.50243],[104.64848,21.50016],[104.64842,21.49967],[104.64584,21.4976],[104.64574,21.49565],[104.64541,21.49407],[104.64461,21.49275],[104.64558,21.49236],[104.64841,21.49181],[104.6521,21.49153],[104.65426,21.49059],[104.6551,21.48987],[104.65436,21.48787],[104.65563,21.48584],[104.65724,21.48573],[104.65808,21.48659],[104.65794,21.48776],[104.65878,21.48881],[104.66026,21.48891],[104.66166,21.48864],[104.66374,21.49224],[104.66291,21.49365],[104.6606,21.49494],[104.65947,21.49508],[104.66141,21.4971],[104.66258,21.49742],[104.66418,21.49936],[104.66415,21.50152],[104.66536,21.50308],[104.66682,21.50368],[104.66778,21.5037],[104.66877,21.50453],[104.66918,21.50536],[104.66897,21.50713],[104.66826,21.50788],[104.66837,21.50997],[104.6697,21.51106],[104.66997,21.51193],[104.67124,21.51363],[104.67107,21.51604],[104.66996,21.5175],[104.66979,21.52197],[104.669,21.52433],[104.66776,21.52565],[104.66758,21.52671],[104.66683,21.52812],[104.6662,21.52844],[104.66558,21.53033],[104.66715,21.53112],[104.66807,21.53316],[104.66963,21.53371],[104.67081,21.53452],[104.67173,21.53611],[104.67197,21.53713],[104.67258,21.53747],[104.67625,21.53871],[104.6783,21.53876],[104.67928,21.53826],[104.67989,21.53882],[104.67963,21.54041],[104.67974,21.54162],[104.67847,21.54351],[104.67749,21.54373],[104.67546,21.54363],[104.67347,21.54464],[104.67239,21.54554],[104.67038,21.54598],[104.6697,21.54689],[104.67084,21.54854],[104.67206,21.54886],[104.67282,21.54812],[104.67495,21.54788],[104.67616,21.54823],[104.67711,21.54795],[104.67851,21.54688],[104.67997,21.5476],[104.68169,21.54782],[104.68355,21.54836],[104.68415,21.54936],[104.68663,21.55058],[104.68767,21.55167],[104.68861,21.5519],[104.6897,21.55271],[104.69086,21.55272],[104.69102,21.55367],[104.69019,21.55584],[104.68939,21.55963],[104.68963,21.5608],[104.68838,21.56216],[104.68762,21.56544],[104.68749,21.56699],[104.68342,21.56781],[104.68296,21.56823],[104.68267,21.57007],[104.68162,21.57101],[104.68057,21.57138],[104.67894,21.57149],[104.67733,21.57274],[104.67574,21.57318],[104.67333,21.57233],[104.67062,21.5738],[104.66977,21.57396],[104.66938,21.57489],[104.66622,21.57501],[104.66573,21.57464],[104.66495,21.573],[104.66377,21.57211],[104.65993,21.57358],[104.65812,21.57452],[104.6567,21.57586],[104.65574,21.57768],[104.6543,21.57891],[104.65415,21.57976],[104.65465,21.58119],[104.6541,21.58264],[104.65304,21.58424],[104.65161,21.58511],[104.65042,21.58649],[104.65042,21.58724],[104.64926,21.58954],[104.64855,21.59033],[104.64953,21.59189],[104.65093,21.59272],[104.65261,21.59964],[104.65243,21.60087],[104.65263,21.60282],[104.65224,21.60343],[104.6527,21.60432],[104.65228,21.6078],[104.65279,21.60922],[104.65183,21.61116],[104.65196,21.61235],[104.65174,21.61425],[104.65045,21.61695],[104.64955,21.61756],[104.64765,21.61953],[104.64709,21.62044],[104.64527,21.62247],[104.64396,21.6254],[104.6429,21.62601],[104.64196,21.62605],[104.63981,21.62688],[104.63992,21.62793],[104.639,21.62944],[104.63899,21.63098],[104.63865,21.63217],[104.63885,21.63313],[104.63844,21.63492],[104.63523,21.63521],[104.63452,21.6368],[104.6335,21.63839],[104.63079,21.64052],[104.62931,21.64257],[104.62954,21.64558],[104.62987,21.64712],[104.62862,21.64901],[104.62865,21.6499],[104.62689,21.65118],[104.62525,21.65191],[104.62345,21.65238],[104.62206,21.65231],[104.62066,21.65318],[104.61881,21.6536],[104.61541,21.65477],[104.61485,21.6553],[104.61422,21.6558],[104.61119,21.65744],[104.61195,21.65813],[104.61107,21.65922],[104.61184,21.65983],[104.61138,21.66124],[104.6098,21.661],[104.60806,21.66113],[104.60633,21.66015],[104.605,21.66009],[104.6039,21.65724],[104.60352,21.65687],[104.60187,21.65714],[104.60162,21.65846],[104.59895,21.65782],[104.59807,21.65603],[104.59782,21.65493],[104.5969,21.65326],[104.59563,21.65224],[104.59477,21.65211],[104.59332,21.65293],[104.59134,21.6522],[104.58955,21.65186],[104.58822,21.65194],[104.58562,21.65093],[104.58286,21.65057],[104.58244,21.65056],[104.57851,21.65005],[104.57669,21.64938],[104.57597,21.64953],[104.57531,21.64859],[104.57539,21.64666],[104.57203,21.64409],[104.57168,21.64351],[104.5695,21.64142],[104.56799,21.64035],[104.56537,21.63983],[104.56366,21.63921],[104.56189,21.63574],[104.56099,21.63523],[104.55986,21.63381],[104.55755,21.63182],[104.55654,21.62955],[104.5556,21.62941],[104.55512,21.62874],[104.55295,21.62748],[104.55129,21.62779],[104.5498,21.62726],[104.54891,21.62619],[104.54793,21.62598],[104.54848,21.62457],[104.54712,21.6241],[104.54664,21.62534],[104.5456,21.62499],[104.54399,21.62514],[104.54455,21.62435],[104.54723,21.62211],[104.54895,21.62174],[104.5492,21.61991],[104.55076,21.61793],[104.55179,21.61733],[104.55271,21.61551],[104.55227,21.61374],[104.55404,21.61391],[104.555,21.61249],[104.5558,21.61216],[104.55628,21.61125],[104.55754,21.61102],[104.56101,21.6088],[104.56158,21.60749],[104.56344,21.60828],[104.56459,21.60773],[104.56433,21.60648],[104.566,21.60579],[104.56638,21.60508],[104.56737,21.60496],[104.56717,21.60285],[104.56923,21.60291],[104.57073,21.60402],[104.57225,21.60294],[104.57391,21.60297],[104.5745,21.60256],[104.57489,21.60014],[104.57649,21.59873],[104.57659,21.59776],[104.57579,21.5949],[104.57409,21.59333],[104.57402,21.59146],[104.5735,21.59108],[104.57361,21.58995],[104.57313,21.58942],[104.57136,21.58961],[104.57012,21.58894],[104.56909,21.58914],[104.56837,21.58856],[104.56791,21.58709],[104.56726,21.58657],[104.56415,21.58688],[104.56277,21.58578],[104.56181,21.5861],[104.56073,21.58492],[104.56025,21.5839],[104.56021,21.58141],[104.55993,21.58068],[104.56002,21.57917],[104.55969,21.5786],[104.55953,21.57658],[104.56033,21.57549],[104.55985,21.57451],[104.55973,21.573],[104.5586,21.57077],[104.55767,21.57011],[104.55555,21.57023],[104.55306,21.56884],[104.55355,21.56806],[104.55356,21.56566],[104.55692,21.56535],[104.5584,21.56615],[104.56008,21.56445],[104.56189,21.56491],[104.56291,21.56473],[104.56439,21.56315],[104.56471,21.56211],[104.56395,21.55938],[104.56417,21.5578],[104.56402,21.55591],[104.56606,21.55505],[104.56645,21.55442],[104.56813,21.55429]]]},"properties":{"a01_tinh":"diaphanhanhchinhcaptinh_sn.114","a02_xa":"diaphanhanhchinhcapxa_2025.1045","a03_ten":"Xã Văn Chấn","a04_tentinh":"Tỉnh Lào Cai","a05_truocsn":"Thị trấn Sơn Thịnh, Xã Đồng Khê, Xã Suối Bu, Xã Suối Giàng","a06_trungtamhc":"đang cập nhật","a07_dt":"140.24","a08_ds":"23772","a09_dthoai":null,"a10_web":null,"ten":"Xã Văn Chấn","ma":"04672","tentinh":"Tỉnh Lào Cai","truocsapnhap":"Thị trấn Sơn Thịnh, Xã Đồng Khê, Xã Suối Bu, Xã Suối Giàng","dientichkm2":null,"dansonguoi":null},"id":"diaphanhanhchinhcapxa_2025.1045"},
{"type":"Feature","geometry":{"type":"Polygon","coordinates":[[[104.88778,21.61251],[104.88991,21.61457],[104.89062,21.61549],[104.89068,21.61764],[104.89137,21.61878],[104.89112,21.62152],[104.88879,21.62285],[104.88812,21.62377],[104.88861,21.62631],[104.88731,21.62636],[104.88449,21.62865],[104.8839,21.63033],[104.88379,21.63152],[104.88231,21.63216],[104.8817,21.63288],[104.88395,21.63576],[104.88282,21.63695],[104.8825,21.63807],[104.88022,21.64012],[104.87888,21.64075],[104.87736,21.64219],[104.87644,21.64202],[104.87561,21.64365],[104.87598,21.64479],[104.87485,21.64556],[104.87452,21.64747],[104.87497,21.64922],[104.87366,21.65136],[104.87411,21.65234],[104.87399,21.6533],[104.87226,21.65553],[104.87174,21.65785],[104.87091,21.65862],[104.87041,21.6597],[104.87053,21.66091],[104.86802,21.6642],[104.86576,21.66541],[104.86496,21.66627],[104.86273,21.66763],[104.86207,21.67025],[104.85473,21.66764],[104.85195,21.66762],[104.84921,21.66984],[104.84544,21.66858],[104.84195,21.66809],[104.83686,21.66956],[104.83476,21.66677],[104.83366,21.66774],[104.83178,21.66855],[104.83088,21.66947],[104.82976,21.66918],[104.82713,21.67028],[104.82555,21.66944],[104.82473,21.66795],[104.82524,21.66512],[104.82609,21.66453],[104.8258,21.66324],[104.82505,21.66196],[104.82395,21.66168],[104.82257,21.6605],[104.82526,21.65726],[104.82605,21.6557],[104.82676,21.65328],[104.82603,21.65142],[104.82666,21.64955],[104.82667,21.64402],[104.82697,21.64323],[104.8265,21.6413],[104.82734,21.64044],[104.8273,21.6397],[104.82816,21.63845],[104.82733,21.63723],[104.82743,21.63496],[104.82639,21.63459],[104.82512,21.63305],[104.82455,21.63053],[104.82372,21.62934],[104.82058,21.62728],[104.81964,21.62592],[104.81829,21.62673],[104.81674,21.62637],[104.81568,21.62525],[104.81258,21.62515],[104.81139,21.62526],[104.80984,21.62476],[104.80866,21.62476],[104.80817,21.62354],[104.80906,21.62242],[104.80903,21.6194],[104.80984,21.61808],[104.81157,21.61605],[104.81157,21.61484],[104.81253,21.61281],[104.8123,21.61066],[104.81285,21.60956],[104.81331,21.60759],[104.81278,21.60634],[104.81287,21.60382],[104.81258,21.60213],[104.81252,21.60006],[104.81086,21.59837],[104.80893,21.597],[104.80835,21.59524],[104.80983,21.59352],[104.81116,21.59323],[104.81225,21.59205],[104.81226,21.59081],[104.81337,21.58821],[104.81253,21.58639],[104.81259,21.58565],[104.81203,21.58382],[104.8118,21.58198],[104.80961,21.57953],[104.80913,21.57748],[104.80842,21.57612],[104.80819,21.57497],[104.80599,21.57442],[104.80442,21.57447],[104.80267,21.57272],[104.80252,21.57186],[104.80175,21.57098],[104.80055,21.57059],[104.80041,21.56947],[104.79965,21.56892],[104.79933,21.56727],[104.79723,21.56572],[104.79662,21.56419],[104.79718,21.56269],[104.79875,21.56149],[104.80146,21.55869],[104.80227,21.55843],[104.80571,21.55625],[104.80782,21.55596],[104.80832,21.55628],[104.81172,21.55726],[104.81613,21.5556],[104.8166,21.55345],[104.81819,21.55242],[104.81965,21.55261],[104.82179,21.55248],[104.82271,21.55307],[104.8267,21.55307],[104.82882,21.55082],[104.82872,21.54978],[104.83051,21.54746],[104.83082,21.54641],[104.83216,21.54493],[104.83373,21.54391],[104.83472,21.5436],[104.8362,21.54398],[104.838,21.54412],[104.83902,21.54364],[104.84151,21.54381],[104.84176,21.54248],[104.84238,21.54164],[104.84377,21.53858],[104.84558,21.53647],[104.8479,21.53615],[104.84957,21.53443],[104.85086,21.53367],[104.85182,21.53257],[104.85311,21.53351],[104.85473,21.5327],[104.85608,21.53298],[104.85787,21.53284],[104.85924,21.5319],[104.85985,21.53194],[104.86087,21.53296],[104.86206,21.53536],[104.86413,21.53785],[104.86603,21.53934],[104.86631,21.54086],[104.86733,21.54206],[104.86883,21.54207],[104.86782,21.54383],[104.86778,21.54674],[104.86744,21.54871],[104.86769,21.5498],[104.86913,21.55132],[104.86958,21.55247],[104.87085,21.55448],[104.87193,21.55565],[104.87355,21.55634],[104.87543,21.55618],[104.87676,21.55576],[104.87754,21.55658],[104.87883,21.55672],[104.88046,21.55762],[104.88218,21.55902],[104.88298,21.55834],[104.88447,21.55783],[104.88648,21.55779],[104.88873,21.5582],[104.89049,21.55944],[104.89191,21.56006],[104.89445,21.56204],[104.89883,21.56499],[104.89814,21.56583],[104.89707,21.56811],[104.89816,21.5689],[104.89723,21.5707],[104.89646,21.57115],[104.89667,21.572],[104.89785,21.57143],[104.89816,21.57262],[104.89764,21.57367],[104.89765,21.57509],[104.89839,21.57662],[104.89784,21.5778],[104.89687,21.5826],[104.89637,21.58335],[104.89474,21.58481],[104.89515,21.58589],[104.89517,21.58764],[104.89333,21.5896],[104.89364,21.59075],[104.89292,21.59283],[104.89382,21.59379],[104.89309,21.59542],[104.89254,21.59598],[104.89224,21.59864],[104.89253,21.60083],[104.89328,21.60344],[104.89337,21.60442],[104.89201,21.60625],[104.88915,21.60851],[104.88759,21.61116],[104.88778,21.61251]]]},"properties":{"a01_tinh":"diaphanhanhchinhcaptinh_sn.114","a02_xa":"diaphanhanhchinhcapxa_2025.1036","a03_ten":"Xã Việt Hồng","a04_tentinh":"Tỉnh Lào Cai","a05_truocsn":"Xã Việt Cường, Xã Vân Hội, Xã Việt Hồng","a06_trungtamhc":"đang cập nhật","a07_dt":"101.37","a08_ds":"10802","a09_dthoai":null,"a10_web":null,"ten":"Xã Việt Hồng","ma":"04564","tentinh":"Tỉnh Lào Cai","truocsapnhap":"Xã Việt Cường, Xã Vân Hội, Xã Việt Hồng","dientichkm2":null,"dansonguoi":null},"id":"diaphanhanhchinhcapxa_2025.1036"},
{"type":"Feature","geometry":{"type":"Polygon","coordinates":[[[104.21148,22.24943],[104.21004,22.2475],[104.20827,22.24584],[104.20605,22.24588],[104.20585,22.24543],[104.20418,22.24547],[104.20247,22.24731],[104.20034,22.24755],[104.19875,22.24927],[104.19764,22.24905],[104.19653,22.24808],[104.19601,22.24918],[104.19464,22.2475],[104.19531,22.24631],[104.19399,22.24495],[104.19375,22.24297],[104.19266,22.24379],[104.19164,22.24404],[104.19016,22.24392],[104.18946,22.24468],[104.18904,22.24209],[104.18954,22.24083],[104.18873,22.24043],[104.18762,22.2386],[104.18661,22.23791],[104.18421,22.23745],[104.18313,22.23695],[104.18126,22.23543],[104.181,22.23432],[104.1799,22.23408],[104.17999,22.23302],[104.17921,22.23194],[104.17976,22.23029],[104.178,22.22886],[104.17669,22.2291],[104.17622,22.22764],[104.17538,22.22668],[104.17589,22.22553],[104.17542,22.22508],[104.17643,22.22378],[104.17611,22.22312],[104.17636,22.22077],[104.17683,22.2191],[104.17785,22.21908],[104.17911,22.21814],[104.17854,22.21526],[104.179,22.2143],[104.17814,22.21349],[104.17612,22.21322],[104.17528,22.21367],[104.17392,22.2137],[104.17325,22.21264],[104.17249,22.21257],[104.17093,22.21362],[104.16994,22.21394],[104.16889,22.21598],[104.16823,22.21598],[104.16673,22.21682],[104.16397,22.21801],[104.16183,22.21765],[104.15954,22.21819],[104.15674,22.2158],[104.15437,22.21429],[104.15333,22.21383],[104.15149,22.21363],[104.15043,22.21433],[104.14918,22.21371],[104.14608,22.21291],[104.14203,22.2136],[104.13975,22.21272],[104.13892,22.21211],[104.13521,22.21271],[104.13374,22.21334],[104.13293,22.21318],[104.13171,22.21232],[104.13112,22.21107],[104.12998,22.2101],[104.12802,22.21003],[104.12572,22.20928],[104.12499,22.2082],[104.12515,22.20662],[104.12386,22.20596],[104.12191,22.20388],[104.12045,22.20401],[104.11831,22.20125],[104.11631,22.20096],[104.11292,22.20136],[104.11204,22.20111],[104.10987,22.20117],[104.1082,22.20079],[104.10464,22.20031],[104.10339,22.19979],[104.09994,22.20017],[104.09825,22.19938],[104.09554,22.19944],[104.09309,22.20015],[104.09221,22.19938],[104.09094,22.19895],[104.08939,22.19914],[104.08819,22.20002],[104.08452,22.2004],[104.08244,22.19931],[104.07921,22.20032],[104.07852,22.19963],[104.07913,22.19733],[104.07769,22.19628],[104.07786,22.19524],[104.07997,22.1933],[104.08107,22.19097],[104.07947,22.18992],[104.07608,22.18706],[104.07575,22.18656],[104.0774,22.18371],[104.07797,22.18325],[104.07832,22.18189],[104.07947,22.1806],[104.07917,22.17936],[104.07999,22.17689],[104.07996,22.17536],[104.08026,22.1742],[104.07969,22.17324],[104.07955,22.17173],[104.08029,22.1708],[104.08029,22.16929],[104.08145,22.16763],[104.08246,22.16776],[104.0854,22.16668],[104.08848,22.16582],[104.09124,22.16384],[104.09314,22.16345],[104.09509,22.16157],[104.09675,22.16087],[104.09971,22.15857],[104.09997,22.15761],[104.10076,22.15662],[104.10416,22.15381],[104.10699,22.15247],[104.10842,22.15258],[104.10966,22.15188],[104.11069,22.15085],[104.11122,22.14942],[104.1142,22.14949],[104.11593,22.14863],[104.11736,22.14729],[104.11894,22.14679],[104.12366,22.14412],[104.12523,22.14271],[104.12547,22.14171],[104.12672,22.14074],[104.12769,22.13807],[104.1293,22.13759],[104.13054,22.13783],[104.13142,22.13844],[104.13249,22.13813],[104.13408,22.13679],[104.13468,22.1374],[104.13747,22.13916],[104.13931,22.13796],[104.14038,22.13699],[104.14475,22.13557],[104.14839,22.13479],[104.15052,22.13338],[104.15086,22.135],[104.15182,22.13544],[104.15258,22.13673],[104.15248,22.13766],[104.15307,22.14103],[104.15438,22.14413],[104.15412,22.14542],[104.15471,22.14572],[104.15754,22.14502],[104.15909,22.14423],[104.15987,22.14189],[104.16139,22.14048],[104.16304,22.13838],[104.16354,22.13692],[104.16416,22.13636],[104.16488,22.13327],[104.16469,22.13211],[104.16581,22.13082],[104.16669,22.12848],[104.16766,22.12652],[104.16874,22.12881],[104.16962,22.13238],[104.17055,22.1341],[104.17075,22.1356],[104.17231,22.13845],[104.17233,22.14049],[104.17074,22.14166],[104.17275,22.14255],[104.1748,22.14385],[104.17854,22.14229],[104.18213,22.14152],[104.18395,22.14148],[104.18564,22.14089],[104.18667,22.13936],[104.1873,22.13774],[104.18613,22.13445],[104.1853,22.13321],[104.18408,22.12979],[104.18425,22.12932],[104.18613,22.12788],[104.18766,22.12572],[104.18793,22.12435],[104.19152,22.12027],[104.19235,22.11851],[104.19322,22.11798],[104.19453,22.11571],[104.19454,22.11486],[104.19546,22.11327],[104.19757,22.11133],[104.19787,22.11021],[104.19987,22.10914],[104.2005,22.10809],[104.20192,22.10706],[104.20344,22.10514],[104.20347,22.10467],[104.20364,22.103],[104.20623,22.10014],[104.20722,22.09787],[104.20773,22.09933],[104.20674,22.1018],[104.20676,22.10497],[104.20632,22.10798],[104.20656,22.10988],[104.20617,22.11077],[104.20689,22.11241],[104.20809,22.11605],[104.20977,22.11766],[104.21043,22.12048],[104.21197,22.12133],[104.21246,22.12276],[104.21383,22.12399],[104.21572,22.1242],[104.21631,22.12525],[104.21661,22.12881],[104.2179,22.13221],[104.21797,22.13334],[104.21705,22.13533],[104.21646,22.13747],[104.21725,22.13792],[104.2194,22.13813],[104.22176,22.13807],[104.22269,22.13835],[104.2236,22.1392],[104.22497,22.14259],[104.226,22.14371],[104.22954,22.14409],[104.23269,22.14608],[104.23449,22.14651],[104.23795,22.14705],[104.2391,22.14792],[104.23869,22.15132],[104.24011,22.15191],[104.24094,22.15368],[104.24109,22.15479],[104.24197,22.15671],[104.2417,22.16055],[104.24206,22.16256],[104.2416,22.1638],[104.24183,22.1644],[104.24394,22.1648],[104.24483,22.16523],[104.24571,22.16712],[104.24716,22.1689],[104.24513,22.17032],[104.24366,22.17091],[104.24219,22.17247],[104.24124,22.17302],[104.24047,22.17518],[104.23835,22.17805],[104.23768,22.17995],[104.23899,22.18174],[104.23898,22.1838],[104.24026,22.18421],[104.2408,22.18535],[104.24167,22.18619],[104.24262,22.18651],[104.24044,22.18765],[104.23981,22.18859],[104.23977,22.19086],[104.23792,22.19097],[104.23737,22.19306],[104.23657,22.1936],[104.23544,22.19733],[104.23441,22.1976],[104.2337,22.19847],[104.2313,22.19829],[104.22939,22.1992],[104.22934,22.20086],[104.22797,22.20286],[104.22822,22.20473],[104.22778,22.20686],[104.22717,22.20773],[104.22638,22.20792],[104.22813,22.21108],[104.23699,22.20983],[104.24407,22.2171],[104.24593,22.21687],[104.24815,22.21601],[104.25114,22.21663],[104.2519,22.21578],[104.25293,22.21602],[104.25367,22.21724],[104.25501,22.21781],[104.25622,22.21945],[104.25675,22.22128],[104.25729,22.22195],[104.25684,22.22275],[104.25725,22.2243],[104.25453,22.22862],[104.25489,22.22971],[104.25445,22.2307],[104.25243,22.23294],[104.25142,22.23369],[104.25007,22.23542],[104.24904,22.23526],[104.24695,22.2355],[104.24628,22.2361],[104.24463,22.23644],[104.2437,22.2375],[104.24266,22.23776],[104.24243,22.23861],[104.24104,22.23938],[104.24012,22.24111],[104.23829,22.24304],[104.23837,22.24413],[104.23674,22.24418],[104.23555,22.24585],[104.23534,22.24742],[104.23391,22.24977],[104.2338,22.2509],[104.23291,22.25211],[104.23284,22.25234],[104.23196,22.25285],[104.23066,22.25248],[104.22777,22.25265],[104.22687,22.25207],[104.22556,22.24976],[104.22332,22.24518],[104.22174,22.24376],[104.2205,22.24327],[104.21921,22.24324],[104.21505,22.24774],[104.21434,22.24837],[104.21174,22.24968],[104.21148,22.24943]]]},"properties":{"a01_tinh":"diaphanhanhchinhcaptinh_sn.114","a02_xa":"diaphanhanhchinhcapxa_2025.1083","a03_ten":"Xã Võ Lao","a04_tentinh":"Tỉnh Lào Cai","a05_truocsn":"Xã Nậm Mả, Xã Nậm Dạng, Xã Võ Lao","a06_trungtamhc":"Thôn Là 1, Xã Võ Lao (Trụ sở xã Võ Lao cũ)","a07_dt":"152.8","a08_ds":"17912","a09_dthoai":null,"a10_web":null,"ten":"Xã Võ Lao","ma":"03061","tentinh":"Tỉnh Lào Cai","truocsapnhap":"Xã Nậm Mả, Xã Nậm Dạng, Xã Võ Lao","dientichkm2":null,"dansonguoi":null},"id":"diaphanhanhchinhcapxa_2025.1083"},
{"type":"Feature","geometry":{"type":"Polygon","coordinates":[[[104.74128,21.8371],[104.73993,21.83882],[104.73664,21.84139],[104.73381,21.84324],[104.73205,21.84473],[104.72956,21.84602],[104.72645,21.8472],[104.7246,21.84916],[104.72231,21.85342],[104.71876,21.858],[104.71352,21.86364],[104.70878,21.86678],[104.70685,21.86788],[104.70521,21.86852],[104.70381,21.8687],[104.70198,21.86858],[104.6949,21.86675],[104.69239,21.86641],[104.6898,21.86701],[104.68521,21.86987],[104.6838,21.87122],[104.68307,21.86807],[104.6831,21.86651],[104.68254,21.86465],[104.68273,21.86367],[104.6822,21.86214],[104.67961,21.86147],[104.6787,21.86189],[104.67714,21.86404],[104.67616,21.86458],[104.67382,21.86362],[104.6725,21.86354],[104.67097,21.86243],[104.67079,21.85965],[104.67098,21.85882],[104.66866,21.85918],[104.66797,21.86062],[104.66454,21.86139],[104.66233,21.86253],[104.66155,21.86345],[104.66,21.8631],[104.65799,21.86195],[104.65731,21.8619],[104.65532,21.86324],[104.65396,21.86463],[104.65145,21.86551],[104.65064,21.86506],[104.64792,21.86438],[104.6486,21.86262],[104.64698,21.86169],[104.64659,21.8608],[104.64437,21.85946],[104.643,21.85985],[104.64126,21.85988],[104.63985,21.86021],[104.6387,21.85904],[104.63727,21.85874],[104.63653,21.85759],[104.63687,21.85594],[104.63628,21.85563],[104.63643,21.85424],[104.63547,21.85304],[104.63446,21.8526],[104.63354,21.85126],[104.63331,21.84987],[104.63154,21.84867],[104.63072,21.84879],[104.63045,21.84764],[104.63119,21.84755],[104.63151,21.84589],[104.63246,21.84369],[104.63374,21.84298],[104.63394,21.84219],[104.63436,21.83958],[104.63359,21.83871],[104.63367,21.83698],[104.63419,21.83545],[104.63686,21.83408],[104.63717,21.83278],[104.63816,21.83213],[104.641,21.83224],[104.64238,21.8312],[104.64306,21.83034],[104.64455,21.83113],[104.64409,21.8297],[104.64413,21.8287],[104.64292,21.82856],[104.64202,21.82613],[104.63943,21.82541],[104.63969,21.82438],[104.64275,21.82312],[104.64431,21.82337],[104.645,21.82308],[104.64712,21.82039],[104.6496,21.8176],[104.65089,21.81579],[104.65138,21.81214],[104.65209,21.81037],[104.65098,21.80893],[104.65044,21.80746],[104.64875,21.80717],[104.64904,21.80587],[104.65016,21.8043],[104.65147,21.80294],[104.6533,21.80082],[104.65405,21.80058],[104.65433,21.79875],[104.65497,21.79813],[104.65424,21.79734],[104.65521,21.79536],[104.65801,21.79325],[104.65927,21.79318],[104.65983,21.79243],[104.66117,21.79213],[104.66199,21.79013],[104.66252,21.78789],[104.66477,21.78426],[104.66482,21.78265],[104.66664,21.78077],[104.66747,21.77905],[104.66798,21.7746],[104.66787,21.77323],[104.66847,21.77245],[104.66845,21.77122],[104.66897,21.76897],[104.66985,21.76736],[104.67127,21.7597],[104.67183,21.75894],[104.67209,21.75736],[104.67271,21.75604],[104.67369,21.75475],[104.67489,21.75389],[104.67527,21.75244],[104.67634,21.7516],[104.67686,21.75048],[104.67756,21.74729],[104.67744,21.74304],[104.67573,21.74154],[104.67502,21.73938],[104.67664,21.73876],[104.67819,21.7376],[104.6791,21.73742],[104.68045,21.73591],[104.68359,21.735],[104.68441,21.73362],[104.68555,21.73238],[104.68588,21.73004],[104.68689,21.72796],[104.68796,21.72712],[104.68899,21.72577],[104.68978,21.72581],[104.69047,21.72511],[104.69389,21.72566],[104.69555,21.72782],[104.69704,21.72829],[104.69855,21.72786],[104.70192,21.72792],[104.70247,21.72858],[104.70455,21.72864],[104.70621,21.72919],[104.7077,21.72931],[104.71085,21.7292],[104.71543,21.72951],[104.71722,21.72915],[104.71773,21.72974],[104.71787,21.73114],[104.71884,21.73237],[104.71872,21.73328],[104.71676,21.73544],[104.71678,21.73756],[104.71516,21.7389],[104.71559,21.74115],[104.71477,21.74212],[104.71403,21.74545],[104.71297,21.74666],[104.7127,21.74827],[104.7128,21.75028],[104.71332,21.75165],[104.71461,21.75288],[104.71531,21.75432],[104.7163,21.75443],[104.71711,21.75546],[104.71694,21.75715],[104.71773,21.75783],[104.71945,21.75832],[104.72159,21.7596],[104.72338,21.76121],[104.7235,21.76269],[104.72328,21.76466],[104.72722,21.76643],[104.72837,21.76624],[104.72965,21.76518],[104.73125,21.76285],[104.73289,21.76256],[104.73441,21.763],[104.73609,21.76438],[104.73672,21.7645],[104.73639,21.76606],[104.7352,21.76782],[104.73337,21.76926],[104.73394,21.77082],[104.73345,21.77318],[104.73426,21.7731],[104.73492,21.77404],[104.73686,21.77498],[104.7366,21.77666],[104.73696,21.77854],[104.73818,21.77947],[104.74039,21.77994],[104.74182,21.78147],[104.7442,21.78108],[104.74568,21.78049],[104.7465,21.7807],[104.74724,21.78193],[104.74709,21.78332],[104.74878,21.78328],[104.75109,21.78456],[104.7524,21.78421],[104.75189,21.78253],[104.75441,21.78191],[104.75491,21.78096],[104.75563,21.78064],[104.75808,21.781],[104.76051,21.78208],[104.7601,21.78383],[104.76104,21.78537],[104.76298,21.78542],[104.76395,21.78584],[104.76486,21.7852],[104.76601,21.78543],[104.76465,21.78744],[104.7634,21.78768],[104.76225,21.78935],[104.76239,21.79022],[104.7644,21.79131],[104.76464,21.79282],[104.764,21.79356],[104.76396,21.79484],[104.76319,21.79566],[104.76418,21.79642],[104.76486,21.79776],[104.76638,21.79907],[104.7672,21.79929],[104.76645,21.801],[104.7627,21.79942],[104.76032,21.79904],[104.75727,21.79968],[104.75461,21.80128],[104.75315,21.80436],[104.75292,21.80659],[104.75315,21.80852],[104.75506,21.8134],[104.75547,21.81493],[104.75583,21.81771],[104.75512,21.81933],[104.75189,21.82188],[104.74943,21.82349],[104.746,21.82621],[104.74499,21.82802],[104.74446,21.83165],[104.74408,21.83253],[104.74283,21.83381],[104.74128,21.8371]]]},"properties":{"a01_tinh":"diaphanhanhchinhcaptinh_sn.114","a02_xa":"diaphanhanhchinhcapxa_2025.1022","a03_ten":"Xã Xuân Ái","a04_tentinh":"Tỉnh Lào Cai","a05_truocsn":"Xã Đại Phác, Xã Yên Phú, Xã Yên Hợp, Xã Viễn Sơn, Xã Xuân Ái","a06_trungtamhc":"đang cập nhật","a07_dt":"123.93","a08_ds":"24747","a09_dthoai":null,"a10_web":null,"ten":"Xã Xuân Ái","ma":"04441","tentinh":"Tỉnh Lào Cai","truocsapnhap":"Xã Đại Phác, Xã Yên Phú, Xã Yên Hợp, Xã Viễn Sơn, Xã Xuân Ái","dientichkm2":null,"dansonguoi":null},"id":"diaphanhanhchinhcapxa_2025.1022"},
{"type":"Feature","geometry":{"type":"Polygon","coordinates":[[[104.56427,22.33043],[104.56082,22.33077],[104.5595,22.33056],[104.55867,22.33094],[104.55725,22.33062],[104.55443,22.33099],[104.55347,22.33236],[104.5517,22.33437],[104.55032,22.33517],[104.54768,22.33457],[104.54287,22.3349],[104.54108,22.33543],[104.53905,22.33575],[104.53704,22.33659],[104.5344,22.33706],[104.52997,22.33553],[104.52789,22.33468],[104.52581,22.33581],[104.52488,22.33716],[104.52245,22.33771],[104.52153,22.33813],[104.52059,22.3392],[104.51773,22.34011],[104.51633,22.341],[104.51443,22.34043],[104.51298,22.34199],[104.51218,22.34204],[104.51137,22.34312],[104.50894,22.34293],[104.50526,22.34186],[104.50335,22.34245],[104.50272,22.34339],[104.5019,22.34372],[104.49833,22.34259],[104.49696,22.3416],[104.49495,22.34138],[104.49402,22.34193],[104.49302,22.34129],[104.49192,22.34129],[104.48964,22.3425],[104.4893,22.3434],[104.4882,22.34352],[104.48759,22.34432],[104.48642,22.3447],[104.48544,22.34444],[104.48386,22.34246],[104.48293,22.34259],[104.47993,22.3418],[104.47892,22.34044],[104.47786,22.34018],[104.47664,22.34096],[104.47565,22.3397],[104.47459,22.33938],[104.47378,22.33847],[104.47232,22.33752],[104.47105,22.33621],[104.469,22.33559],[104.46707,22.33581],[104.46621,22.33555],[104.46536,22.33445],[104.46436,22.33441],[104.46293,22.33602],[104.46162,22.33822],[104.46185,22.34093],[104.46149,22.34167],[104.45777,22.34174],[104.45639,22.34131],[104.4551,22.34209],[104.45345,22.3417],[104.45107,22.34199],[104.44959,22.34164],[104.44837,22.34173],[104.44804,22.34108],[104.44855,22.34023],[104.44842,22.33845],[104.4465,22.33764],[104.44647,22.33701],[104.44505,22.33576],[104.44495,22.33481],[104.44319,22.3325],[104.44289,22.33128],[104.44102,22.3313],[104.44088,22.3281],[104.44143,22.32675],[104.4412,22.325],[104.43947,22.32581],[104.43877,22.32543],[104.43788,22.32654],[104.43738,22.32587],[104.43573,22.32553],[104.43515,22.32503],[104.43828,22.32196],[104.43873,22.32097],[104.43882,22.31938],[104.4403,22.31644],[104.44053,22.31501],[104.44033,22.31183],[104.4407,22.31069],[104.44182,22.30954],[104.44285,22.30781],[104.44281,22.30676],[104.44177,22.30516],[104.44205,22.30364],[104.44335,22.30279],[104.4459,22.30191],[104.44379,22.30006],[104.44259,22.30059],[104.44199,22.30024],[104.44106,22.30115],[104.44006,22.30111],[104.43973,22.29983],[104.4403,22.2992],[104.43957,22.29724],[104.43881,22.29637],[104.43924,22.29492],[104.44041,22.29432],[104.44029,22.29265],[104.44108,22.29103],[104.43976,22.28919],[104.43887,22.28612],[104.43934,22.28485],[104.44088,22.28322],[104.44108,22.2816],[104.44072,22.2801],[104.4414,22.27888],[104.44022,22.27695],[104.43861,22.27676],[104.43781,22.27597],[104.43667,22.27569],[104.4338,22.27376],[104.43159,22.27417],[104.43037,22.27379],[104.43095,22.27284],[104.43268,22.27105],[104.43416,22.27039],[104.43536,22.26938],[104.43831,22.26882],[104.43991,22.26653],[104.44361,22.26354],[104.44465,22.26298],[104.44482,22.26196],[104.44756,22.26009],[104.44938,22.25789],[104.45209,22.25543],[104.45342,22.25506],[104.45454,22.25408],[104.45444,22.25337],[104.45512,22.25199],[104.45718,22.25066],[104.4594,22.24834],[104.45967,22.24709],[104.45957,22.24794],[104.46036,22.25195],[104.45996,22.25663],[104.46126,22.25645],[104.46423,22.25485],[104.46643,22.25247],[104.46805,22.25241],[104.4698,22.25144],[104.47237,22.25254],[104.47385,22.25194],[104.47581,22.25294],[104.47655,22.25277],[104.47713,22.25083],[104.4787,22.25006],[104.47944,22.24883],[104.48029,22.2486],[104.48297,22.24601],[104.48471,22.24574],[104.48766,22.24261],[104.48872,22.24211],[104.49104,22.23853],[104.4913,22.24009],[104.49073,22.24273],[104.4898,22.24523],[104.48957,22.24675],[104.48976,22.24839],[104.49039,22.25036],[104.49041,22.25252],[104.48912,22.25594],[104.48886,22.25876],[104.4891,22.26018],[104.48988,22.2616],[104.49199,22.26185],[104.49278,22.25983],[104.49378,22.25853],[104.495,22.25858],[104.49643,22.2591],[104.4983,22.25928],[104.49997,22.26124],[104.49917,22.26301],[104.49826,22.26439],[104.49799,22.2662],[104.49949,22.26791],[104.49974,22.26883],[104.50087,22.26982],[104.50168,22.26996],[104.50261,22.27105],[104.5037,22.27285],[104.5045,22.27316],[104.50524,22.27424],[104.5065,22.27535],[104.50818,22.27587],[104.50936,22.27534],[104.51133,22.27511],[104.5129,22.27455],[104.51456,22.27453],[104.51573,22.27145],[104.51733,22.27071],[104.51866,22.27136],[104.52025,22.27266],[104.52163,22.27263],[104.52296,22.27367],[104.52423,22.27379],[104.52501,22.27502],[104.52616,22.27509],[104.5274,22.27598],[104.52881,22.27522],[104.53097,22.27506],[104.53232,22.27527],[104.53354,22.27437],[104.53456,22.27319],[104.53547,22.27115],[104.53701,22.27088],[104.53814,22.26926],[104.54155,22.26806],[104.5433,22.26834],[104.54496,22.26945],[104.54484,22.27232],[104.54505,22.27401],[104.54454,22.27557],[104.54482,22.2765],[104.54435,22.27737],[104.54668,22.27812],[104.54825,22.2793],[104.54931,22.2814],[104.55131,22.28309],[104.55262,22.28383],[104.55417,22.28419],[104.55564,22.28381],[104.55875,22.28341],[104.56092,22.2843],[104.56125,22.2858],[104.56309,22.28681],[104.56345,22.28797],[104.56447,22.28836],[104.5655,22.28947],[104.56543,22.29216],[104.56691,22.29413],[104.56786,22.29493],[104.56814,22.29577],[104.56946,22.29735],[104.57125,22.29823],[104.57306,22.29938],[104.57614,22.30041],[104.57769,22.30173],[104.57892,22.30317],[104.57866,22.30392],[104.57967,22.30488],[104.57985,22.30657],[104.57932,22.30722],[104.57961,22.3113],[104.57921,22.31211],[104.57903,22.3143],[104.57863,22.31568],[104.5768,22.31614],[104.57587,22.31742],[104.57348,22.31958],[104.5732,22.32129],[104.57245,22.32184],[104.57245,22.32439],[104.57196,22.32558],[104.57069,22.32615],[104.56857,22.32824],[104.56718,22.32888],[104.56493,22.33026],[104.56427,22.33043]]]},"properties":{"a01_tinh":"diaphanhanhchinhcaptinh_sn.114","a02_xa":"diaphanhanhchinhcapxa_2025.1076","a03_ten":"Xã Xuân Hòa","a04_tentinh":"Tỉnh Lào Cai","a05_truocsn":"Xã Tân Dương, Xã Xuân Hòa","a06_trungtamhc":"đang cập nhật","a07_dt":"107.8","a08_ds":"1296","a09_dthoai":null,"a10_web":null,"ten":"Xã Xuân Hòa","ma":"02962","tentinh":"Tỉnh Lào Cai","truocsapnhap":"Xã Tân Dương, Xã Xuân Hòa","dientichkm2":null,"dansonguoi":null},"id":"diaphanhanhchinhcapxa_2025.1076"},
{"type":"Feature","geometry":{"type":"Polygon","coordinates":[[[104.26319,22.37884],[104.26156,22.37874],[104.26142,22.37942],[104.25959,22.38099],[104.25633,22.38162],[104.25269,22.38173],[104.25028,22.38153],[104.24927,22.38239],[104.24823,22.38227],[104.24693,22.38356],[104.24626,22.38336],[104.24524,22.38517],[104.24116,22.3864],[104.24158,22.38767],[104.24109,22.38897],[104.23891,22.39045],[104.23777,22.39154],[104.23923,22.39349],[104.23858,22.394],[104.23762,22.39572],[104.23646,22.39598],[104.23612,22.39747],[104.23443,22.39835],[104.2341,22.40114],[104.23364,22.40264],[104.23376,22.40422],[104.2329,22.40714],[104.23199,22.40853],[104.23196,22.4093],[104.23084,22.40997],[104.23041,22.41069],[104.23101,22.41177],[104.23057,22.41343],[104.22886,22.41377],[104.22875,22.41547],[104.2271,22.41576],[104.22634,22.41658],[104.22673,22.41748],[104.22659,22.41858],[104.22567,22.41907],[104.22581,22.42093],[104.22629,22.42276],[104.22565,22.42562],[104.2256,22.42747],[104.2244,22.42822],[104.22388,22.42924],[104.22136,22.43003],[104.22013,22.42981],[104.21882,22.43023],[104.21887,22.4309],[104.21755,22.43229],[104.21673,22.43261],[104.21664,22.43375],[104.21541,22.4337],[104.21453,22.43527],[104.21382,22.43856],[104.21245,22.43955],[104.21212,22.44152],[104.21065,22.44231],[104.20937,22.44353],[104.20834,22.44393],[104.20766,22.44468],[104.20862,22.4474],[104.20815,22.44924],[104.20591,22.44934],[104.20499,22.44915],[104.20354,22.45006],[104.20379,22.45099],[104.20297,22.45231],[104.19962,22.45295],[104.19913,22.45354],[104.19726,22.45415],[104.19516,22.45454],[104.1938,22.45534],[104.19262,22.45655],[104.19127,22.45505],[104.18987,22.4541],[104.1894,22.45324],[104.18806,22.4531],[104.18658,22.45257],[104.18458,22.45239],[104.1853,22.4512],[104.18546,22.44968],[104.18654,22.44885],[104.1874,22.44718],[104.1879,22.44465],[104.19044,22.44205],[104.19107,22.44121],[104.19127,22.43925],[104.19238,22.43743],[104.19236,22.43674],[104.19146,22.43606],[104.18985,22.43551],[104.18918,22.4341],[104.18877,22.43194],[104.18756,22.43111],[104.18651,22.42964],[104.18681,22.42911],[104.18697,22.42591],[104.18629,22.42483],[104.1864,22.42277],[104.18557,22.422],[104.18485,22.42227],[104.18252,22.42228],[104.18124,22.42288],[104.18054,22.42192],[104.17941,22.42161],[104.17818,22.41947],[104.17638,22.41895],[104.17628,22.41799],[104.17526,22.41718],[104.1749,22.41476],[104.17571,22.41376],[104.1756,22.41296],[104.17736,22.41143],[104.17699,22.41032],[104.17503,22.40932],[104.17339,22.4107],[104.1724,22.41246],[104.17148,22.4127],[104.17129,22.41371],[104.1699,22.41463],[104.17046,22.41578],[104.16766,22.4197],[104.16683,22.4205],[104.1655,22.42295],[104.16456,22.42379],[104.163,22.42381],[104.16146,22.42441],[104.15947,22.42472],[104.15897,22.42392],[104.1577,22.42438],[104.15664,22.4238],[104.1553,22.42364],[104.15421,22.42205],[104.15467,22.42025],[104.15441,22.41921],[104.15512,22.41784],[104.15612,22.41663],[104.157,22.41418],[104.15829,22.41346],[104.15986,22.41092],[104.16207,22.40828],[104.16224,22.40782],[104.16391,22.40644],[104.16448,22.40389],[104.16576,22.40199],[104.16577,22.40051],[104.16694,22.39947],[104.16706,22.39833],[104.1682,22.39675],[104.16916,22.3965],[104.16801,22.39482],[104.16794,22.39352],[104.16968,22.39095],[104.17011,22.38937],[104.17191,22.38856],[104.17395,22.38863],[104.17493,22.39],[104.17704,22.39088],[104.17811,22.39073],[104.17831,22.38828],[104.17861,22.38723],[104.17955,22.38644],[104.18288,22.3859],[104.18467,22.38633],[104.18558,22.38478],[104.18738,22.38309],[104.18811,22.3804],[104.18659,22.37896],[104.18667,22.37644],[104.18623,22.37505],[104.1853,22.37353],[104.18563,22.37198],[104.18465,22.37057],[104.18463,22.36943],[104.1838,22.36893],[104.18369,22.36764],[104.18509,22.36759],[104.18525,22.36695],[104.1847,22.36471],[104.18621,22.36379],[104.18617,22.36254],[104.1836,22.36046],[104.18255,22.36115],[104.1822,22.36013],[104.18231,22.35833],[104.18158,22.35751],[104.18205,22.35637],[104.18316,22.35551],[104.18318,22.35494],[104.18469,22.35331],[104.18505,22.35203],[104.18483,22.35071],[104.18649,22.34972],[104.18713,22.3484],[104.18891,22.34714],[104.18875,22.34655],[104.18962,22.34456],[104.19191,22.34348],[104.1935,22.34339],[104.19605,22.34397],[104.19759,22.34369],[104.20016,22.34177],[104.20139,22.34107],[104.20141,22.33963],[104.20072,22.3382],[104.2018,22.33646],[104.20287,22.33652],[104.20445,22.3355],[104.20586,22.33509],[104.20666,22.33384],[104.20677,22.33143],[104.20788,22.33011],[104.2077,22.32834],[104.20709,22.3278],[104.211,22.32674],[104.21196,22.32564],[104.21375,22.32559],[104.21459,22.32515],[104.21492,22.32398],[104.21604,22.32343],[104.21656,22.32247],[104.21614,22.32173],[104.21617,22.32048],[104.21684,22.31978],[104.21696,22.31886],[104.21859,22.31837],[104.22014,22.31875],[104.22123,22.31819],[104.22259,22.3166],[104.22383,22.31607],[104.22532,22.31676],[104.22731,22.31669],[104.22802,22.31629],[104.23097,22.31345],[104.23249,22.31331],[104.23408,22.31261],[104.23541,22.3107],[104.23599,22.31026],[104.23568,22.30929],[104.23657,22.30779],[104.23731,22.30718],[104.23773,22.30616],[104.23913,22.30743],[104.24127,22.30681],[104.24142,22.30532],[104.24113,22.30317],[104.24121,22.30195],[104.24068,22.3009],[104.23899,22.29993],[104.23995,22.29896],[104.23995,22.29694],[104.24065,22.2955],[104.23981,22.2944],[104.24026,22.29025],[104.23994,22.28947],[104.24073,22.28825],[104.2408,22.28685],[104.24205,22.28469],[104.2411,22.2845],[104.23948,22.28354],[104.23941,22.28247],[104.23878,22.28093],[104.24361,22.27819],[104.24871,22.27644],[104.24998,22.27587],[104.25082,22.27711],[104.2519,22.27717],[104.25267,22.27618],[104.25425,22.27486],[104.25542,22.27607],[104.25645,22.27564],[104.25741,22.2767],[104.25803,22.27683],[104.25822,22.27838],[104.2572,22.28007],[104.25624,22.28109],[104.25599,22.28307],[104.25823,22.28308],[104.25873,22.28355],[104.26219,22.2817],[104.26421,22.28217],[104.26552,22.28324],[104.2677,22.28427],[104.26741,22.28501],[104.2657,22.28549],[104.26299,22.28803],[104.26451,22.29056],[104.26469,22.29128],[104.26589,22.29213],[104.26712,22.29399],[104.26864,22.29276],[104.26981,22.29264],[104.27087,22.29382],[104.27208,22.29433],[104.2736,22.29436],[104.27694,22.29605],[104.27809,22.2971],[104.28101,22.29681],[104.28141,22.29744],[104.28298,22.2978],[104.28167,22.29958],[104.28265,22.30044],[104.28396,22.30072],[104.28518,22.30036],[104.28592,22.29971],[104.29123,22.30043],[104.29237,22.30074],[104.29442,22.30182],[104.29588,22.30145],[104.29729,22.30012],[104.29825,22.29977],[104.2992,22.29883],[104.30076,22.29783],[104.30245,22.29794],[104.3049,22.29866],[104.30403,22.29963],[104.30404,22.30143],[104.30335,22.30209],[104.3011,22.30668],[104.30045,22.30855],[104.29983,22.30898],[104.29833,22.31131],[104.29693,22.31317],[104.29402,22.31462],[104.29308,22.31444],[104.29214,22.31507],[104.29106,22.31674],[104.29259,22.31707],[104.29386,22.3187],[104.29481,22.31872],[104.29567,22.31934],[104.29651,22.32096],[104.29724,22.32129],[104.29865,22.32066],[104.30031,22.32081],[104.30186,22.31934],[104.30352,22.31869],[104.30503,22.31744],[104.30928,22.31653],[104.31066,22.31772],[104.31186,22.31756],[104.31324,22.31829],[104.3146,22.31807],[104.31552,22.31733],[104.31679,22.31856],[104.31703,22.31948],[104.31849,22.31947],[104.31976,22.31876],[104.32072,22.31758],[104.32268,22.31853],[104.32326,22.32025],[104.3255,22.32063],[104.3263,22.32229],[104.32699,22.32263],[104.32723,22.32404],[104.32795,22.32489],[104.32761,22.32604],[104.32669,22.32761],[104.32519,22.32889],[104.32379,22.3308],[104.32256,22.33161],[104.3214,22.33139],[104.32074,22.33192],[104.31878,22.33274],[104.32048,22.33604],[104.32159,22.33698],[104.3229,22.33925],[104.3228,22.34099],[104.3218,22.34144],[104.32064,22.34267],[104.32002,22.34424],[104.31756,22.34577],[104.31584,22.34572],[104.31461,22.34656],[104.3134,22.34694],[104.31093,22.34718],[104.30916,22.3482],[104.30846,22.34943],[104.30613,22.35074],[104.30482,22.35107],[104.30247,22.35309],[104.30119,22.35462],[104.30037,22.35598],[104.29876,22.35666],[104.29753,22.35687],[104.29545,22.35777],[104.29383,22.35797],[104.2929,22.35751],[104.29197,22.36012],[104.2922,22.36114],[104.29149,22.36271],[104.29064,22.36364],[104.28922,22.36404],[104.28713,22.36563],[104.28567,22.36566],[104.28592,22.3647],[104.28525,22.36312],[104.28404,22.36275],[104.28222,22.36285],[104.27925,22.36537],[104.27861,22.3677],[104.27685,22.36892],[104.27495,22.36971],[104.27291,22.37102],[104.2717,22.37027],[104.27046,22.36901],[104.26856,22.36911],[104.26834,22.36945],[104.26508,22.37105],[104.26508,22.3728],[104.26421,22.37456],[104.26408,22.37655],[104.26346,22.37718],[104.26319,22.37884]]]},"properties":{"a01_tinh":"diaphanhanhchinhcaptinh_sn.114","a02_xa":"diaphanhanhchinhcapxa_2025.1074","a03_ten":"Xã Xuân Quang","a04_tentinh":"Tỉnh Lào Cai","a05_truocsn":"Xã Phong Niên, Xã Trì Quang, Xã Xuân Quang","a06_trungtamhc":"Thôn Hang Đá, xã Xuân Quang (Trụ sở HĐND đặt tại trụ sở UBND xã Phong Niên cũ)","a07_dt":"137.7","a08_ds":"27218","a09_dthoai":null,"a10_web":null,"ten":"Xã Xuân Quang","ma":"02926","tentinh":"Tỉnh Lào Cai","truocsapnhap":"Xã Phong Niên, Xã Trì Quang, Xã Xuân Quang","dientichkm2":null,"dansonguoi":null},"id":"diaphanhanhchinhcapxa_2025.1074"},
{"type":"Feature","geometry":{"type":"Polygon","coordinates":[[[103.6603,22.66955],[103.66107,22.67025],[103.66146,22.67269],[103.66129,22.67376],[103.66031,22.67421],[103.65776,22.67616],[103.65541,22.67774],[103.65307,22.67862],[103.64783,22.67921],[103.64389,22.67917],[103.64051,22.67715],[103.63887,22.67592],[103.63508,22.67544],[103.6269,22.67598],[103.62524,22.6762],[103.62483,22.67725],[103.6237,22.67825],[103.62419,22.6791],[103.6266,22.67853],[103.62867,22.67939],[103.6297,22.68013],[103.62858,22.68323],[103.62809,22.68568],[103.62825,22.68672],[103.62703,22.69073],[103.626,22.69233],[103.62507,22.69481],[103.62279,22.6962],[103.6222,22.69736],[103.62157,22.70004],[103.62228,22.70194],[103.62023,22.70629],[103.61974,22.70809],[103.61983,22.71042],[103.62017,22.71151],[103.61966,22.71284],[103.62002,22.71395],[103.61853,22.71452],[103.61773,22.71581],[103.61632,22.71732],[103.61628,22.71922],[103.61526,22.72063],[103.61609,22.7213],[103.61627,22.72279],[103.61587,22.72387],[103.61398,22.7243],[103.61364,22.72588],[103.61288,22.72697],[103.61327,22.72801],[103.61314,22.72893],[103.61246,22.72971],[103.60997,22.72992],[103.60968,22.73332],[103.60797,22.73656],[103.60906,22.73796],[103.6091,22.7387],[103.6079,22.74008],[103.60679,22.74023],[103.60437,22.74128],[103.60479,22.7427],[103.60428,22.7438],[103.60096,22.74321],[103.59957,22.74323],[103.59736,22.74492],[103.59676,22.7441],[103.59643,22.74213],[103.59514,22.74163],[103.59442,22.74027],[103.59323,22.73993],[103.59174,22.7402],[103.59133,22.73943],[103.59211,22.73683],[103.59194,22.73537],[103.59073,22.73461],[103.58925,22.73519],[103.58826,22.73503],[103.58729,22.73433],[103.58683,22.73303],[103.58624,22.73258],[103.58364,22.7326],[103.58296,22.73055],[103.58244,22.72971],[103.58068,22.7283],[103.5807,22.72688],[103.58231,22.72488],[103.58228,22.72413],[103.58139,22.72316],[103.58038,22.72303],[103.57961,22.72472],[103.57873,22.72488],[103.57752,22.72439],[103.5764,22.7229],[103.57489,22.72243],[103.57576,22.72059],[103.57521,22.71926],[103.57547,22.71767],[103.57477,22.71679],[103.57265,22.71658],[103.57121,22.71307],[103.57009,22.71168],[103.5697,22.71025],[103.56998,22.7091],[103.56916,22.70865],[103.56776,22.70867],[103.56694,22.70816],[103.56633,22.70691],[103.56426,22.70623],[103.56447,22.7046],[103.56415,22.70239],[103.56263,22.70103],[103.56286,22.69846],[103.56317,22.6976],[103.5642,22.69636],[103.56442,22.69477],[103.56581,22.6935],[103.56515,22.6911],[103.56535,22.68986],[103.56492,22.68931],[103.56481,22.68792],[103.56589,22.68553],[103.56677,22.68497],[103.56713,22.6839],[103.56818,22.68267],[103.56845,22.68125],[103.56739,22.6798],[103.56896,22.67789],[103.57143,22.67746],[103.57222,22.67666],[103.57385,22.6758],[103.57399,22.67396],[103.57473,22.67273],[103.57619,22.6715],[103.57819,22.67101],[103.57872,22.66881],[103.57823,22.66776],[103.57952,22.66505],[103.57939,22.6638],[103.57767,22.66236],[103.57712,22.66125],[103.57683,22.65911],[103.57739,22.65717],[103.57651,22.65678],[103.57488,22.65669],[103.57498,22.65567],[103.57445,22.65475],[103.57511,22.65339],[103.57494,22.65239],[103.57307,22.65116],[103.5731,22.64947],[103.5723,22.64908],[103.5717,22.64778],[103.5714,22.64624],[103.57168,22.64525],[103.5712,22.64375],[103.57139,22.64286],[103.57078,22.64209],[103.56924,22.64267],[103.5681,22.64209],[103.56708,22.64266],[103.56599,22.64185],[103.56488,22.64157],[103.56335,22.63957],[103.56154,22.63929],[103.55935,22.63958],[103.55826,22.63825],[103.55623,22.63837],[103.55523,22.6375],[103.55342,22.63763],[103.55218,22.63644],[103.55309,22.63444],[103.55185,22.632],[103.55184,22.63069],[103.55144,22.62995],[103.5511,22.62727],[103.55027,22.62578],[103.54908,22.62508],[103.54901,22.62379],[103.54781,22.62318],[103.54716,22.62244],[103.54723,22.62165],[103.54626,22.6206],[103.54517,22.61803],[103.5465,22.61628],[103.54669,22.61534],[103.54574,22.61448],[103.54557,22.61286],[103.54349,22.61156],[103.54201,22.61014],[103.54115,22.60884],[103.54043,22.60864],[103.53958,22.60563],[103.53821,22.60459],[103.53507,22.60166],[103.53498,22.60047],[103.53401,22.59889],[103.53211,22.59807],[103.53177,22.59707],[103.53194,22.59572],[103.53084,22.59493],[103.53089,22.59235],[103.53158,22.59009],[103.53249,22.58793],[103.53247,22.58504],[103.53296,22.58426],[103.53481,22.58463],[103.53665,22.58551],[103.5379,22.58572],[103.53885,22.58637],[103.54056,22.58621],[103.54239,22.58687],[103.54291,22.58749],[103.5464,22.58844],[103.54871,22.5885],[103.54976,22.58738],[103.55135,22.58774],[103.55249,22.5874],[103.55488,22.58601],[103.55629,22.58623],[103.55832,22.58526],[103.55911,22.58432],[103.56051,22.58408],[103.56138,22.58334],[103.56309,22.58322],[103.56372,22.58168],[103.56528,22.57968],[103.56585,22.57929],[103.56775,22.57956],[103.57005,22.57851],[103.57186,22.57882],[103.57281,22.57804],[103.57425,22.57973],[103.5766,22.58044],[103.57847,22.58059],[103.57973,22.58163],[103.5818,22.58245],[103.58312,22.58331],[103.58367,22.58479],[103.58442,22.58576],[103.58689,22.58656],[103.58808,22.58719],[103.58953,22.58837],[103.59021,22.58944],[103.59133,22.59019],[103.59347,22.59063],[103.59345,22.59208],[103.59454,22.5943],[103.59631,22.59415],[103.59771,22.59459],[103.60073,22.59708],[103.60461,22.59835],[103.60714,22.59835],[103.60842,22.59756],[103.61151,22.59727],[103.61422,22.59748],[103.61644,22.59669],[103.61857,22.59556],[103.61866,22.59661],[103.6179,22.59792],[103.61777,22.60208],[103.61712,22.60331],[103.61701,22.60767],[103.61663,22.60917],[103.61768,22.61007],[103.62499,22.61808],[103.62659,22.62927],[103.65705,22.61964],[103.66284,22.62831],[103.66488,22.62719],[103.66522,22.62631],[103.66496,22.6249],[103.66563,22.62425],[103.66714,22.62401],[103.66867,22.62196],[103.66824,22.62097],[103.66853,22.61964],[103.67044,22.61783],[103.67204,22.61575],[103.67332,22.61549],[103.67584,22.61338],[103.67708,22.612],[103.67674,22.61368],[103.67665,22.61605],[103.67634,22.61838],[103.67594,22.61939],[103.67656,22.62047],[103.67758,22.62135],[103.67863,22.62323],[103.67821,22.62568],[103.67734,22.62749],[103.67605,22.62842],[103.67673,22.6294],[103.67688,22.63088],[103.67529,22.63389],[103.67598,22.63535],[103.67562,22.63721],[103.67415,22.63793],[103.67246,22.63953],[103.67207,22.64069],[103.67101,22.64241],[103.66949,22.64437],[103.66805,22.64498],[103.66622,22.64612],[103.66587,22.64715],[103.66461,22.64758],[103.66537,22.64896],[103.66624,22.64934],[103.66686,22.65055],[103.66628,22.65174],[103.6653,22.65171],[103.66522,22.65297],[103.66387,22.6535],[103.66248,22.65718],[103.66257,22.65865],[103.66036,22.66],[103.66015,22.662],[103.66062,22.6666],[103.66125,22.66862],[103.6603,22.66955]]]},"properties":{"a01_tinh":"diaphanhanhchinhcaptinh_sn.114","a02_xa":"diaphanhanhchinhcapxa_2025.1094","a03_ten":"Xã Y Tý","a04_tentinh":"Tỉnh Lào Cai","a05_truocsn":"Xã A Lù, Xã Y Tý","a06_trungtamhc":"Thôn Ngải Trồ, xã Y Tý (Trụ sở xã Y Tý cũ)","a07_dt":"127.6","a08_ds":"10304","a09_dthoai":null,"a10_web":null,"ten":"Xã Y Tý","ma":"02701","tentinh":"Tỉnh Lào Cai","truocsapnhap":"Xã A Lù, Xã Y Tý","dientichkm2":null,"dansonguoi":null},"id":"diaphanhanhchinhcapxa_2025.1094"},
{"type":"Feature","geometry":{"type":"Polygon","coordinates":[[[104.95541,21.85124],[104.94937,21.84416],[104.94064,21.84603],[104.93486,21.84162],[104.93359,21.83882],[104.93278,21.83778],[104.93162,21.83718],[104.93041,21.83596],[104.92971,21.83465],[104.92948,21.83243],[104.92691,21.83061],[104.92633,21.83059],[104.92437,21.83264],[104.92293,21.83446],[104.91924,21.83819],[104.91831,21.8373],[104.91846,21.83544],[104.91758,21.83464],[104.91275,21.83768],[104.91115,21.83961],[104.90911,21.84118],[104.90672,21.84409],[104.90549,21.84406],[104.90345,21.84503],[104.9025,21.84514],[104.90034,21.84489],[104.8993,21.84619],[104.89781,21.84636],[104.89727,21.84714],[104.89639,21.84734],[104.89546,21.84831],[104.89437,21.85083],[104.89342,21.85184],[104.89162,21.85313],[104.88951,21.85571],[104.88887,21.85789],[104.8865,21.85983],[104.88632,21.86157],[104.88583,21.86341],[104.88511,21.8651],[104.88445,21.86584],[104.88461,21.86708],[104.88135,21.86863],[104.8808,21.86948],[104.88218,21.87159],[104.87838,21.87376],[104.87715,21.87384],[104.87718,21.87301],[104.87787,21.8721],[104.87778,21.86973],[104.87583,21.86755],[104.87562,21.86677],[104.87424,21.86441],[104.87362,21.8629],[104.8725,21.86248],[104.87172,21.86155],[104.87181,21.86011],[104.87112,21.85856],[104.87144,21.85773],[104.8733,21.85623],[104.87586,21.85583],[104.8764,21.85482],[104.87717,21.85472],[104.87839,21.85299],[104.87842,21.8522],[104.87913,21.85112],[104.87849,21.84963],[104.87751,21.84889],[104.87455,21.84764],[104.87407,21.84687],[104.8723,21.84575],[104.87165,21.84661],[104.86897,21.84795],[104.86799,21.84801],[104.86439,21.84702],[104.86346,21.84711],[104.86241,21.84655],[104.86084,21.84648],[104.85838,21.84549],[104.85787,21.84485],[104.8546,21.84405],[104.85243,21.84142],[104.85331,21.83941],[104.8521,21.83847],[104.85196,21.83747],[104.85273,21.83563],[104.85165,21.83497],[104.85183,21.83424],[104.85102,21.83337],[104.85171,21.83063],[104.85163,21.82973],[104.85078,21.82678],[104.85167,21.82643],[104.85407,21.82478],[104.85505,21.82487],[104.85763,21.82314],[104.85868,21.8227],[104.8598,21.82127],[104.86161,21.81997],[104.86222,21.8199],[104.86477,21.81876],[104.86519,21.81828],[104.86783,21.81736],[104.86826,21.81679],[104.87029,21.81612],[104.87122,21.81544],[104.87282,21.81526],[104.87431,21.81383],[104.87452,21.81234],[104.87578,21.81091],[104.87679,21.80882],[104.87767,21.80774],[104.87796,21.80664],[104.88061,21.80509],[104.88311,21.80234],[104.88459,21.80145],[104.88556,21.80044],[104.88666,21.79996],[104.88675,21.79901],[104.88756,21.79733],[104.88846,21.79662],[104.88961,21.79514],[104.89009,21.79399],[104.89126,21.79273],[104.89293,21.79192],[104.8944,21.79051],[104.89605,21.78691],[104.8968,21.78629],[104.89775,21.78642],[104.89881,21.78711],[104.90198,21.78498],[104.90353,21.78348],[104.90396,21.78143],[104.9065,21.78022],[104.90562,21.77894],[104.90595,21.77762],[104.90764,21.77686],[104.90824,21.77549],[104.90915,21.77424],[104.90877,21.77279],[104.9097,21.77254],[104.90992,21.77149],[104.90919,21.7695],[104.90919,21.76753],[104.91206,21.76635],[104.91267,21.76559],[104.9129,21.7633],[104.91466,21.76303],[104.91532,21.76188],[104.91741,21.76145],[104.91677,21.7599],[104.91705,21.75746],[104.91672,21.75654],[104.91717,21.75574],[104.91789,21.75299],[104.91888,21.75267],[104.91939,21.75194],[104.92025,21.75243],[104.92173,21.75221],[104.92325,21.75277],[104.92408,21.75195],[104.92415,21.75104],[104.9254,21.75037],[104.92516,21.74775],[104.92687,21.74719],[104.92626,21.74595],[104.92607,21.74454],[104.92748,21.7454],[104.92856,21.74513],[104.93009,21.74591],[104.93173,21.74642],[104.93282,21.74595],[104.93268,21.74494],[104.93161,21.74278],[104.93256,21.74088],[104.93385,21.74027],[104.93442,21.73958],[104.93435,21.73795],[104.93568,21.73661],[104.93648,21.73729],[104.93776,21.73763],[104.93715,21.7356],[104.93752,21.73476],[104.93915,21.73345],[104.94106,21.73407],[104.94317,21.73517],[104.94528,21.73497],[104.94715,21.73434],[104.94817,21.73336],[104.95002,21.73319],[104.95041,21.73168],[104.95238,21.73003],[104.95382,21.72945],[104.95448,21.72877],[104.95356,21.72717],[104.9533,21.72615],[104.95375,21.72468],[104.9551,21.72376],[104.95592,21.7237],[104.95594,21.72577],[104.95851,21.72459],[104.96002,21.7251],[104.9604,21.72259],[104.96113,21.72215],[104.96105,21.72104],[104.96156,21.72024],[104.96267,21.71953],[104.96488,21.71995],[104.96651,21.7191],[104.96967,21.71813],[104.97334,21.71754],[104.97438,21.71784],[104.97539,21.71869],[104.97803,21.71979],[104.97909,21.71878],[104.9793,21.71733],[104.98159,21.71866],[104.9811,21.71688],[104.97903,21.7162],[104.98091,21.71239],[104.98067,21.71162],[104.98164,21.71115],[104.98163,21.7102],[104.98099,21.70941],[104.9809,21.70794],[104.97853,21.70543],[104.97982,21.70413],[104.9814,21.7035],[104.98214,21.70446],[104.98349,21.70388],[104.98443,21.70393],[104.98518,21.70314],[104.98614,21.70285],[104.9872,21.70185],[104.98671,21.70027],[104.98674,21.69924],[104.98622,21.69818],[104.98362,21.6975],[104.98224,21.6947],[104.98148,21.69445],[104.981,21.69297],[104.97936,21.69148],[104.97914,21.69005],[104.97842,21.68877],[104.97633,21.68749],[104.97377,21.68804],[104.97242,21.68798],[104.97164,21.68529],[104.97325,21.68287],[104.9741,21.68269],[104.9757,21.68116],[104.97509,21.67994],[104.97502,21.67895],[104.97632,21.67787],[104.97719,21.67868],[104.97755,21.67754],[104.97913,21.67716],[104.97953,21.67642],[104.98007,21.67289],[104.98156,21.67324],[104.98275,21.67319],[104.98358,21.67439],[104.98483,21.67483],[104.98628,21.67476],[104.98761,21.67597],[104.98859,21.676],[104.98946,21.67661],[104.99022,21.67827],[104.99184,21.67876],[104.99451,21.67833],[104.9956,21.67844],[104.99799,21.67951],[104.99932,21.67947],[104.99997,21.67984],[105.00039,21.68211],[105.00166,21.68377],[105.00171,21.68472],[104.99893,21.68606],[104.99903,21.68667],[105.00038,21.68839],[105.00121,21.68788],[105.00303,21.68814],[105.00375,21.68898],[105.00491,21.6882],[105.00768,21.68824],[105.00925,21.68807],[105.01052,21.68842],[105.01105,21.68741],[105.01292,21.68733],[105.01402,21.6882],[105.0155,21.68802],[105.0176,21.68869],[105.01893,21.68778],[105.01989,21.68779],[105.02027,21.6887],[105.02143,21.6898],[105.02001,21.69144],[105.02101,21.6927],[105.01998,21.69419],[105.01996,21.69531],[105.02045,21.69654],[105.02205,21.69587],[105.02352,21.69637],[105.02638,21.69602],[105.02779,21.69624],[105.02826,21.69804],[105.0297,21.69923],[105.02918,21.6998],[105.03074,21.70151],[105.02972,21.70157],[105.028,21.70395],[105.02724,21.70576],[105.02513,21.70832],[105.02422,21.70895],[105.02357,21.71078],[105.02204,21.71316],[105.02055,21.71471],[105.01918,21.71764],[105.01823,21.71897],[105.01551,21.72034],[105.01584,21.72216],[105.01575,21.72345],[105.015,21.72552],[105.01495,21.72754],[105.01255,21.72903],[105.01188,21.73123],[105.01016,21.7347],[105.00397,21.7377],[105.00022,21.74218],[104.99193,21.74852],[104.99314,21.75174],[104.99809,21.75733],[104.9967,21.77571],[104.98859,21.77908],[104.98606,21.784],[104.97959,21.79561],[104.97799,21.80452],[104.96594,21.8076],[104.96791,21.8159],[104.95912,21.82605],[104.96204,21.82729],[104.96822,21.83012],[104.97379,21.82528],[104.97653,21.83498],[104.97698,21.84195],[104.96978,21.85369],[104.95775,21.86999],[104.95272,21.86838],[104.95541,21.85124]]]},"properties":{"a01_tinh":"diaphanhanhchinhcaptinh_sn.114","a02_xa":"diaphanhanhchinhcapxa_2025.1050","a03_ten":"Xã Yên Bình","a04_tentinh":"Tỉnh Lào Cai","a05_truocsn":"Thị trấn Yên Bình, Xã Tân Hương, Xã Thịnh Hưng, Xã Đại Đồng","a06_trungtamhc":"đang cập nhật","a07_dt":"150.83","a08_ds":"29373","a09_dthoai":null,"a10_web":null,"ten":"Xã Yên Bình","ma":"04714","tentinh":"Tỉnh Lào Cai","truocsapnhap":"Thị trấn Yên Bình, Xã Tân Hương, Xã Thịnh Hưng, Xã Đại Đồng","dientichkm2":null,"dansonguoi":null},"id":"diaphanhanhchinhcapxa_2025.1050"},
{"type":"Feature","geometry":{"type":"Polygon","coordinates":[[[104.98644,21.9363],[104.98339,21.93771],[104.98334,21.9391],[104.98233,21.93932],[104.98052,21.94027],[104.9799,21.9413],[104.97799,21.94169],[104.97739,21.94231],[104.97664,21.94425],[104.97613,21.94477],[104.97352,21.94494],[104.97011,21.94633],[104.96862,21.94632],[104.96771,21.94795],[104.96516,21.94835],[104.96324,21.94788],[104.96152,21.94923],[104.96026,21.94865],[104.95934,21.9487],[104.94898,21.94809],[104.94716,21.94951],[104.94552,21.95042],[104.9439,21.94885],[104.9432,21.94874],[104.94249,21.94712],[104.94164,21.94681],[104.93989,21.94731],[104.93868,21.9472],[104.93702,21.94575],[104.9343,21.94517],[104.93337,21.94447],[104.93133,21.9449],[104.92939,21.94432],[104.92813,21.94342],[104.92514,21.94275],[104.92287,21.94355],[104.9206,21.94374],[104.91967,21.94535],[104.91841,21.946],[104.91791,21.94723],[104.9168,21.94831],[104.91554,21.94885],[104.91385,21.94911],[104.91171,21.94899],[104.91099,21.95],[104.91034,21.95168],[104.90974,21.95226],[104.907,21.95186],[104.9059,21.95266],[104.90499,21.95284],[104.90341,21.95388],[104.90335,21.95525],[104.90235,21.95665],[104.9014,21.95716],[104.89779,21.9565],[104.89634,21.95548],[104.89578,21.95441],[104.89355,21.95329],[104.89017,21.95054],[104.88991,21.94994],[104.88817,21.9488],[104.88641,21.94708],[104.88542,21.94649],[104.88415,21.94817],[104.88249,21.94889],[104.88052,21.94899],[104.8779,21.9503],[104.87689,21.95036],[104.876,21.94923],[104.87415,21.94933],[104.87295,21.95007],[104.87039,21.95046],[104.86925,21.95],[104.86957,21.9476],[104.86916,21.94704],[104.86734,21.9475],[104.86632,21.94651],[104.86588,21.94501],[104.86482,21.94312],[104.86516,21.94163],[104.86362,21.94159],[104.85952,21.9276],[104.87138,21.92207],[104.88239,21.92943],[104.89751,21.91839],[104.90662,21.91726],[104.91779,21.90689],[104.91988,21.90441],[104.92406,21.89571],[104.936,21.86945],[104.95541,21.85124],[104.95272,21.86838],[104.95775,21.86999],[104.96978,21.85369],[104.97698,21.84195],[104.97653,21.83498],[104.98165,21.8363],[104.98478,21.83456],[104.98579,21.83321],[104.98854,21.83033],[104.99479,21.82902],[104.99784,21.83099],[104.99931,21.8316],[105.00189,21.83124],[105.00441,21.83033],[105.00691,21.82992],[105.01006,21.82849],[105.01221,21.82799],[105.01286,21.82717],[105.01495,21.82671],[105.01607,21.82735],[105.01694,21.82673],[105.01786,21.8273],[105.01778,21.82923],[105.01805,21.83064],[105.01928,21.8317],[105.01944,21.83335],[105.02127,21.83424],[105.02493,21.83706],[105.02604,21.83611],[105.02834,21.83595],[105.03279,21.8351],[105.0337,21.83478],[105.03559,21.83329],[105.03866,21.83249],[105.04184,21.833],[105.04366,21.83429],[105.04513,21.83453],[105.04636,21.83415],[105.04751,21.83312],[105.04971,21.83184],[105.05045,21.83182],[105.05214,21.83262],[105.05492,21.83541],[105.05624,21.83634],[105.05765,21.83691],[105.05857,21.83864],[105.05989,21.83926],[105.06099,21.83901],[105.06361,21.83965],[105.0651,21.84083],[105.0673,21.84069],[105.0671,21.8417],[105.06612,21.84256],[105.06533,21.84422],[105.06359,21.84615],[105.06259,21.84689],[105.06144,21.84997],[105.06103,21.852],[105.0604,21.85274],[105.06024,21.85474],[105.05837,21.857],[105.0585,21.85813],[105.05613,21.85897],[105.05438,21.85911],[105.05229,21.85856],[105.05135,21.85907],[105.05069,21.86039],[105.04743,21.86204],[105.04611,21.8633],[105.04409,21.86574],[105.04344,21.86774],[105.04308,21.87027],[105.04242,21.87101],[105.04256,21.87209],[105.04159,21.87252],[105.04095,21.87368],[105.04125,21.87557],[105.04198,21.87611],[105.04186,21.87709],[105.04257,21.87784],[105.04126,21.87995],[105.04132,21.88073],[105.04253,21.88296],[105.04191,21.8835],[105.04115,21.88504],[105.04124,21.88585],[105.03955,21.8862],[105.03768,21.88802],[105.03738,21.8905],[105.03694,21.89144],[105.03553,21.89196],[105.03376,21.89189],[105.03222,21.89285],[105.03038,21.89231],[105.02939,21.89246],[105.02729,21.89166],[105.02418,21.89197],[105.02426,21.89308],[105.02202,21.8949],[105.02057,21.89376],[105.01959,21.89417],[105.01808,21.89386],[105.01793,21.89544],[105.0161,21.8973],[105.0151,21.89736],[105.01432,21.89813],[105.01361,21.90024],[105.01506,21.90182],[105.01585,21.90317],[105.01493,21.90381],[105.016,21.90449],[105.01426,21.90638],[105.01459,21.90782],[105.01576,21.90851],[105.01679,21.90996],[105.01752,21.91009],[105.01913,21.91121],[105.02016,21.91369],[105.02039,21.91502],[105.02131,21.91578],[105.0221,21.91749],[105.02198,21.92041],[105.02171,21.92109],[105.02224,21.92291],[105.02234,21.92498],[105.02031,21.92575],[105.01804,21.92838],[105.01864,21.92902],[105.0193,21.93167],[105.01961,21.93484],[105.01913,21.93567],[105.0177,21.93578],[105.01637,21.93518],[105.01477,21.93566],[105.01372,21.93563],[105.01217,21.93665],[105.00896,21.93721],[105.00801,21.93572],[105.0078,21.93488],[105.00496,21.93468],[105.00249,21.9334],[105.00191,21.93207],[105.00082,21.93109],[105.00002,21.92962],[104.99795,21.92871],[104.99681,21.92867],[104.99436,21.92942],[104.99332,21.92999],[104.99157,21.93023],[104.98929,21.93147],[104.98861,21.93474],[104.98644,21.9363]]]},"properties":{"a01_tinh":"diaphanhanhchinhcaptinh_sn.114","a02_xa":"diaphanhanhchinhcapxa_2025.1054","a03_ten":"Xã Yên Thành","a04_tentinh":"Tỉnh Lào Cai","a05_truocsn":"Xã Phúc Ninh, Xã Mỹ Gia, Xã Xuân Lai, Xã Phúc An, Xã Yên Thành","a06_trungtamhc":"đang cập nhật","a07_dt":"141.32","a08_ds":"15491","a09_dthoai":null,"a10_web":null,"ten":"Xã Yên Thành","ma":"04744","tentinh":"Tỉnh Lào Cai","truocsapnhap":"Xã Phúc Ninh, Xã Mỹ Gia, Xã Xuân Lai, Xã Phúc An, Xã Yên Thành","dientichkm2":null,"dansonguoi":null},"id":"diaphanhanhchinhcapxa_2025.1054"}
]}